{
  "createdAt": 1782563707.0530658,
  "finishedAt": 1782563883.5605457,
  "heads": {
    "0": 14036,
    "1": 49836,
    "10": 18047,
    "11": 231451,
    "12": 32106,
    "13": 235982,
    "14": 47720,
    "15": 201649,
    "16": 52408,
    "17": 168842,
    "18": 58732,
    "19": 141594,
    "2": 5460,
    "20": 56010,
    "21": 114510,
    "22": 54716,
    "23": 78905,
    "24": 50425,
    "25": 54466,
    "26": 48010,
    "27": 42612,
    "28": 46694,
    "29": 33902,
    "3": 46680,
    "30": 38848,
    "31": 28384,
    "32": 32443,
    "33": 22533,
    "34": 23646,
    "35": 16605,
    "36": 16561,
    "37": 12017,
    "38": 12038,
    "39": 8792,
    "4": 2268,
    "40": 9284,
    "41": 6354,
    "42": 7156,
    "43": 4594,
    "44": 5526,
    "45": 3358,
    "46": 4542,
    "47": 2644,
    "48": 3418,
    "49": 2208,
    "5": 99223,
    "50": 2520,
    "51": 1738,
    "52": 1764,
    "53": 1242,
    "54": 1356,
    "55": 1042,
    "56": 1078,
    "57": 873,
    "58": 854,
    "59": 656,
    "6": 4166,
    "60": 694,
    "61": 466,
    "62": 522,
    "63": 254,
    "64": 258,
    "65": 104,
    "66": 114,
    "67": 32,
    "68": 34,
    "69": 10,
    "7": 161944,
    "70": 4,
    "75": 4,
    "76": 10,
    "77": 22,
    "78": 58,
    "79": 40,
    "8": 9720,
    "80": 40,
    "81": 18,
    "82": 20,
    "83": 12,
    "84": 16,
    "85": 26,
    "86": 26,
    "87": 16,
    "88": 22,
    "89": 6,
    "9": 203790,
    "90": 2
  },
  "initNext": 12751200,
  "lastTxn": 249,
  "processed": 2642808,
  "rawCount": 12751200,
  "signature": "KRPvKR",
  "sizes": {
    "0": 14036,
    "1": 49836,
    "10": 18047,
    "11": 231451,
    "12": 32106,
    "13": 235982,
    "14": 47720,
    "15": 201649,
    "16": 52408,
    "17": 168842,
    "18": 58732,
    "19": 141594,
    "2": 5460,
    "20": 56010,
    "21": 114510,
    "22": 54716,
    "23": 78905,
    "24": 50425,
    "25": 54466,
    "26": 48010,
    "27": 42612,
    "28": 46694,
    "29": 33902,
    "3": 46680,
    "30": 38848,
    "31": 28384,
    "32": 32443,
    "33": 22533,
    "34": 23646,
    "35": 16605,
    "36": 16561,
    "37": 12017,
    "38": 12038,
    "39": 8792,
    "4": 2268,
    "40": 9284,
    "41": 6354,
    "42": 7156,
    "43": 4594,
    "44": 5526,
    "45": 3358,
    "46": 4542,
    "47": 2644,
    "48": 3418,
    "49": 2208,
    "5": 99223,
    "50": 2520,
    "51": 1738,
    "52": 1764,
    "53": 1242,
    "54": 1356,
    "55": 1042,
    "56": 1078,
    "57": 873,
    "58": 854,
    "59": 656,
    "6": 4166,
    "60": 694,
    "61": 466,
    "62": 522,
    "63": 254,
    "64": 258,
    "65": 104,
    "66": 114,
    "67": 32,
    "68": 34,
    "69": 10,
    "7": 161944,
    "70": 4,
    "75": 4,
    "76": 10,
    "77": 22,
    "78": 58,
    "79": 40,
    "8": 9720,
    "80": 40,
    "81": 18,
    "82": 20,
    "83": 12,
    "84": 16,
    "85": 26,
    "86": 26,
    "87": 16,
    "88": 22,
    "89": 6,
    "9": 203790,
    "90": 2
  },
  "stage": "done"
}