{
  "createdAt": 1782563999.5685942,
  "finishedAt": 1782564189.471047,
  "heads": {
    "0": 8102,
    "1": 25310,
    "10": 7426,
    "11": 187292,
    "12": 13454,
    "13": 221024,
    "14": 21250,
    "15": 237145,
    "16": 29180,
    "17": 204864,
    "18": 25710,
    "19": 160524,
    "2": 2390,
    "20": 20364,
    "21": 115258,
    "22": 18902,
    "23": 80068,
    "24": 17609,
    "25": 58148,
    "26": 16994,
    "27": 41908,
    "28": 14948,
    "29": 33926,
    "3": 15706,
    "30": 12724,
    "31": 27623,
    "32": 10056,
    "33": 22568,
    "34": 8254,
    "35": 21654,
    "36": 7908,
    "37": 31738,
    "38": 10306,
    "39": 40850,
    "4": 1052,
    "40": 13847,
    "41": 48156,
    "42": 16978,
    "43": 51152,
    "44": 17539,
    "45": 39032,
    "46": 14986,
    "47": 29098,
    "48": 12740,
    "49": 24974,
    "5": 32371,
    "50": 11302,
    "51": 19332,
    "52": 8118,
    "53": 16904,
    "54": 7924,
    "55": 14800,
    "56": 8338,
    "57": 13568,
    "58": 7598,
    "59": 9674,
    "6": 1114,
    "60": 5444,
    "61": 6422,
    "62": 2964,
    "63": 2998,
    "64": 1344,
    "65": 1786,
    "66": 1098,
    "67": 1714,
    "68": 1040,
    "69": 1522,
    "7": 71966,
    "70": 736,
    "71": 1190,
    "72": 604,
    "73": 820,
    "74": 536,
    "75": 766,
    "76": 320,
    "77": 418,
    "78": 166,
    "79": 134,
    "8": 3158,
    "80": 56,
    "81": 22,
    "82": 6,
    "83": 8,
    "84": 4,
    "9": 142042
  },
  "initNext": 12751200,
  "lastTxn": 239,
  "processed": 2441064,
  "rawCount": 12751200,
  "signature": "KRvKBP",
  "sizes": {
    "0": 8102,
    "1": 25310,
    "10": 7426,
    "11": 187292,
    "12": 13454,
    "13": 221024,
    "14": 21250,
    "15": 237145,
    "16": 29180,
    "17": 204864,
    "18": 25710,
    "19": 160524,
    "2": 2390,
    "20": 20364,
    "21": 115258,
    "22": 18902,
    "23": 80068,
    "24": 17609,
    "25": 58148,
    "26": 16994,
    "27": 41908,
    "28": 14948,
    "29": 33926,
    "3": 15706,
    "30": 12724,
    "31": 27623,
    "32": 10056,
    "33": 22568,
    "34": 8254,
    "35": 21654,
    "36": 7908,
    "37": 31738,
    "38": 10306,
    "39": 40850,
    "4": 1052,
    "40": 13847,
    "41": 48156,
    "42": 16978,
    "43": 51152,
    "44": 17539,
    "45": 39032,
    "46": 14986,
    "47": 29098,
    "48": 12740,
    "49": 24974,
    "5": 32371,
    "50": 11302,
    "51": 19332,
    "52": 8118,
    "53": 16904,
    "54": 7924,
    "55": 14800,
    "56": 8338,
    "57": 13568,
    "58": 7598,
    "59": 9674,
    "6": 1114,
    "60": 5444,
    "61": 6422,
    "62": 2964,
    "63": 2998,
    "64": 1344,
    "65": 1786,
    "66": 1098,
    "67": 1714,
    "68": 1040,
    "69": 1522,
    "7": 71966,
    "70": 736,
    "71": 1190,
    "72": 604,
    "73": 820,
    "74": 536,
    "75": 766,
    "76": 320,
    "77": 418,
    "78": 166,
    "79": 134,
    "8": 3158,
    "80": 56,
    "81": 22,
    "82": 6,
    "83": 8,
    "84": 4,
    "9": 142042
  },
  "stage": "done"
}