{
  "createdAt": 1782551139.8102677,
  "finishedAt": 1782551193.6198387,
  "heads": {
    "0": 1456,
    "1": 5796,
    "2": 552,
    "3": 4108,
    "4": 344,
    "5": 1520,
    "6": 120,
    "7": 360
  },
  "initNext": 6375600,
  "lastTxn": 72,
  "processed": 14256,
  "rawCount": 6375600,
  "signature": "KBvKNN",
  "sizes": {
    "0": 1456,
    "1": 5796,
    "2": 552,
    "3": 4108,
    "4": 344,
    "5": 1520,
    "6": 120,
    "7": 360
  },
  "stage": "done"
}