{
  "createdAt": 1782549705.3535106,
  "finishedAt": 1782550665.196297,
  "heads": {
    "0": 6864,
    "1": 12140,
    "10": 1424,
    "11": 23384,
    "12": 1916,
    "13": 46432,
    "14": 4760,
    "15": 76560,
    "16": 8624,
    "17": 78864,
    "18": 11376,
    "19": 44704,
    "2": 2576,
    "20": 7488,
    "21": 12672,
    "22": 3248,
    "23": 4176,
    "24": 2464,
    "25": 5544,
    "26": 3160,
    "27": 6824,
    "28": 3488,
    "29": 6208,
    "3": 3864,
    "30": 2240,
    "31": 3112,
    "32": 1256,
    "33": 1736,
    "34": 624,
    "35": 680,
    "36": 192,
    "37": 160,
    "38": 16,
    "4": 672,
    "5": 3576,
    "6": 120,
    "7": 5712,
    "8": 344,
    "9": 13792
  },
  "initNext": 6375600,
  "lastTxn": 274,
  "processed": 412992,
  "rawCount": 6375600,
  "signature": "KBBvKB",
  "sizes": {
    "0": 6864,
    "1": 12140,
    "10": 1424,
    "11": 23384,
    "12": 1916,
    "13": 46432,
    "14": 4760,
    "15": 76560,
    "16": 8624,
    "17": 78864,
    "18": 11376,
    "19": 44704,
    "2": 2576,
    "20": 7488,
    "21": 12672,
    "22": 3248,
    "23": 4176,
    "24": 2464,
    "25": 5544,
    "26": 3160,
    "27": 6824,
    "28": 3488,
    "29": 6208,
    "3": 3864,
    "30": 2240,
    "31": 3112,
    "32": 1256,
    "33": 1736,
    "34": 624,
    "35": 680,
    "36": 192,
    "37": 160,
    "38": 16,
    "4": 672,
    "5": 3576,
    "6": 120,
    "7": 5712,
    "8": 344,
    "9": 13792
  },
  "stage": "done"
}