{
  "createdAt": 1782556098.1110532,
  "finishedAt": 1782556188.052589,
  "heads": {
    "0": 10592,
    "1": 22488,
    "10": 9956,
    "11": 146088,
    "12": 25476,
    "13": 150080,
    "14": 34548,
    "15": 116504,
    "16": 37240,
    "17": 114972,
    "18": 49148,
    "19": 98480,
    "2": 2968,
    "20": 57304,
    "21": 79676,
    "22": 65944,
    "23": 57020,
    "24": 53592,
    "25": 34960,
    "26": 38976,
    "27": 24452,
    "28": 27552,
    "29": 16828,
    "3": 7712,
    "30": 20312,
    "31": 12348,
    "32": 15840,
    "33": 8984,
    "34": 11912,
    "35": 7664,
    "36": 10360,
    "37": 6092,
    "38": 7436,
    "39": 4308,
    "4": 1264,
    "40": 6216,
    "41": 3456,
    "42": 5108,
    "43": 4000,
    "44": 5992,
    "45": 4072,
    "46": 5744,
    "47": 4008,
    "48": 6144,
    "49": 3136,
    "5": 14484,
    "50": 3848,
    "51": 2080,
    "52": 2712,
    "53": 1160,
    "54": 1552,
    "55": 968,
    "56": 1272,
    "57": 448,
    "58": 680,
    "59": 136,
    "6": 1856,
    "60": 248,
    "61": 40,
    "62": 112,
    "7": 31324,
    "8": 3104,
    "9": 71408
  },
  "initNext": 6375600,
  "lastTxn": 143,
  "processed": 1574384,
  "rawCount": 6375600,
  "signature": "KQvKNN",
  "sizes": {
    "0": 10592,
    "1": 22488,
    "10": 9956,
    "11": 146088,
    "12": 25476,
    "13": 150080,
    "14": 34548,
    "15": 116504,
    "16": 37240,
    "17": 114972,
    "18": 49148,
    "19": 98480,
    "2": 2968,
    "20": 57304,
    "21": 79676,
    "22": 65944,
    "23": 57020,
    "24": 53592,
    "25": 34960,
    "26": 38976,
    "27": 24452,
    "28": 27552,
    "29": 16828,
    "3": 7712,
    "30": 20312,
    "31": 12348,
    "32": 15840,
    "33": 8984,
    "34": 11912,
    "35": 7664,
    "36": 10360,
    "37": 6092,
    "38": 7436,
    "39": 4308,
    "4": 1264,
    "40": 6216,
    "41": 3456,
    "42": 5108,
    "43": 4000,
    "44": 5992,
    "45": 4072,
    "46": 5744,
    "47": 4008,
    "48": 6144,
    "49": 3136,
    "5": 14484,
    "50": 3848,
    "51": 2080,
    "52": 2712,
    "53": 1160,
    "54": 1552,
    "55": 968,
    "56": 1272,
    "57": 448,
    "58": 680,
    "59": 136,
    "6": 1856,
    "60": 248,
    "61": 40,
    "62": 112,
    "7": 31324,
    "8": 3104,
    "9": 71408
  },
  "stage": "done"
}