{
  "createdAt": 1782551244.655092,
  "finishedAt": 1782551448.859025,
  "heads": {
    "0": 122840,
    "1": 205196,
    "10": 829456,
    "11": 117916,
    "12": 465236,
    "13": 12176,
    "14": 116676,
    "15": 640,
    "16": 25052,
    "17": 48,
    "18": 5816,
    "19": 8,
    "2": 102080,
    "20": 552,
    "3": 256096,
    "4": 125992,
    "5": 443184,
    "6": 299036,
    "7": 579920,
    "8": 647916,
    "9": 374288
  },
  "initNext": 12751200,
  "lastTxn": 236,
  "processed": 4730124,
  "rawCount": 12751200,
  "signature": "KQBvKB",
  "sizes": {
    "0": 122840,
    "1": 205196,
    "10": 829456,
    "11": 117916,
    "12": 465236,
    "13": 12176,
    "14": 116676,
    "15": 640,
    "16": 25052,
    "17": 48,
    "18": 5816,
    "19": 8,
    "2": 102080,
    "20": 552,
    "3": 256096,
    "4": 125992,
    "5": 443184,
    "6": 299036,
    "7": 579920,
    "8": 647916,
    "9": 374288
  },
  "stage": "done"
}