{
  "createdAt": 1782564597.4819725,
  "finishedAt": 1782564761.7560492,
  "heads": {
    "0": 772,
    "1": 15893,
    "10": 74397,
    "11": 205665,
    "12": 109788,
    "13": 196285,
    "14": 99804,
    "15": 185318,
    "16": 89198,
    "17": 147457,
    "18": 73391,
    "19": 117206,
    "2": 4158,
    "20": 64191,
    "21": 92513,
    "22": 50808,
    "23": 73962,
    "24": 40927,
    "25": 53583,
    "26": 30730,
    "27": 35114,
    "28": 20810,
    "29": 22431,
    "3": 17630,
    "30": 13414,
    "31": 12686,
    "32": 7326,
    "33": 6068,
    "34": 3769,
    "35": 3314,
    "36": 1938,
    "37": 1584,
    "38": 1006,
    "39": 742,
    "4": 4382,
    "40": 542,
    "41": 424,
    "42": 302,
    "43": 232,
    "44": 172,
    "45": 250,
    "46": 212,
    "47": 256,
    "48": 264,
    "49": 298,
    "5": 37722,
    "50": 342,
    "51": 242,
    "52": 286,
    "53": 250,
    "54": 330,
    "55": 238,
    "56": 298,
    "57": 192,
    "58": 204,
    "59": 96,
    "6": 8098,
    "60": 112,
    "61": 50,
    "62": 82,
    "63": 80,
    "64": 110,
    "65": 96,
    "66": 110,
    "67": 86,
    "68": 98,
    "69": 70,
    "7": 76940,
    "70": 86,
    "71": 36,
    "72": 46,
    "73": 20,
    "74": 24,
    "75": 24,
    "76": 30,
    "77": 24,
    "78": 20,
    "79": 12,
    "8": 24608,
    "80": 16,
    "81": 4,
    "82": 4,
    "9": 165556
  },
  "initNext": 12751200,
  "lastTxn": 240,
  "processed": 2197854,
  "rawCount": 12751200,
  "signature": "KNPvKP",
  "sizes": {
    "0": 772,
    "1": 15893,
    "10": 74397,
    "11": 205665,
    "12": 109788,
    "13": 196285,
    "14": 99804,
    "15": 185318,
    "16": 89198,
    "17": 147457,
    "18": 73391,
    "19": 117206,
    "2": 4158,
    "20": 64191,
    "21": 92513,
    "22": 50808,
    "23": 73962,
    "24": 40927,
    "25": 53583,
    "26": 30730,
    "27": 35114,
    "28": 20810,
    "29": 22431,
    "3": 17630,
    "30": 13414,
    "31": 12686,
    "32": 7326,
    "33": 6068,
    "34": 3769,
    "35": 3314,
    "36": 1938,
    "37": 1584,
    "38": 1006,
    "39": 742,
    "4": 4382,
    "40": 542,
    "41": 424,
    "42": 302,
    "43": 232,
    "44": 172,
    "45": 250,
    "46": 212,
    "47": 256,
    "48": 264,
    "49": 298,
    "5": 37722,
    "50": 342,
    "51": 242,
    "52": 286,
    "53": 250,
    "54": 330,
    "55": 238,
    "56": 298,
    "57": 192,
    "58": 204,
    "59": 96,
    "6": 8098,
    "60": 112,
    "61": 50,
    "62": 82,
    "63": 80,
    "64": 110,
    "65": 96,
    "66": 110,
    "67": 86,
    "68": 98,
    "69": 70,
    "7": 76940,
    "70": 86,
    "71": 36,
    "72": 46,
    "73": 20,
    "74": 24,
    "75": 24,
    "76": 30,
    "77": 24,
    "78": 20,
    "79": 12,
    "8": 24608,
    "80": 16,
    "81": 4,
    "82": 4,
    "9": 165556
  },
  "stage": "done"
}