{
  "createdAt": 1782564189.5130568,
  "finishedAt": 1782564362.621003,
  "heads": {
    "0": 8354,
    "1": 24948,
    "10": 6858,
    "11": 184752,
    "12": 12526,
    "13": 220429,
    "14": 19498,
    "15": 239461,
    "16": 28270,
    "17": 210311,
    "18": 28132,
    "19": 177407,
    "2": 2148,
    "20": 25022,
    "21": 134382,
    "22": 22458,
    "23": 83734,
    "24": 18054,
    "25": 49436,
    "26": 13618,
    "27": 30690,
    "28": 11460,
    "29": 19262,
    "3": 15554,
    "30": 8276,
    "31": 13256,
    "32": 6518,
    "33": 9368,
    "34": 4003,
    "35": 7120,
    "36": 2652,
    "37": 5494,
    "38": 1507,
    "39": 4112,
    "4": 738,
    "40": 1416,
    "41": 5870,
    "42": 990,
    "43": 2080,
    "44": 598,
    "45": 818,
    "46": 188,
    "47": 302,
    "48": 86,
    "49": 134,
    "5": 30659,
    "50": 42,
    "51": 60,
    "52": 24,
    "53": 58,
    "54": 54,
    "55": 70,
    "56": 46,
    "57": 60,
    "58": 20,
    "59": 28,
    "6": 948,
    "60": 14,
    "61": 18,
    "62": 10,
    "63": 8,
    "64": 10,
    "65": 6,
    "66": 6,
    "67": 2,
    "68": 2,
    "69": 2,
    "7": 69332,
    "73": 2,
    "77": 4,
    "8": 2798,
    "81": 2,
    "87": 2,
    "89": 2,
    "9": 135590
  },
  "initNext": 12751200,
  "lastTxn": 227,
  "processed": 1902169,
  "rawCount": 12751200,
  "signature": "KRvKNP",
  "sizes": {
    "0": 8354,
    "1": 24948,
    "10": 6858,
    "11": 184752,
    "12": 12526,
    "13": 220429,
    "14": 19498,
    "15": 239461,
    "16": 28270,
    "17": 210311,
    "18": 28132,
    "19": 177407,
    "2": 2148,
    "20": 25022,
    "21": 134382,
    "22": 22458,
    "23": 83734,
    "24": 18054,
    "25": 49436,
    "26": 13618,
    "27": 30690,
    "28": 11460,
    "29": 19262,
    "3": 15554,
    "30": 8276,
    "31": 13256,
    "32": 6518,
    "33": 9368,
    "34": 4003,
    "35": 7120,
    "36": 2652,
    "37": 5494,
    "38": 1507,
    "39": 4112,
    "4": 738,
    "40": 1416,
    "41": 5870,
    "42": 990,
    "43": 2080,
    "44": 598,
    "45": 818,
    "46": 188,
    "47": 302,
    "48": 86,
    "49": 134,
    "5": 30659,
    "50": 42,
    "51": 60,
    "52": 24,
    "53": 58,
    "54": 54,
    "55": 70,
    "56": 46,
    "57": 60,
    "58": 20,
    "59": 28,
    "6": 948,
    "60": 14,
    "61": 18,
    "62": 10,
    "63": 8,
    "64": 10,
    "65": 6,
    "66": 6,
    "67": 2,
    "68": 2,
    "69": 2,
    "7": 69332,
    "73": 2,
    "77": 4,
    "8": 2798,
    "81": 2,
    "87": 2,
    "89": 2,
    "9": 135590
  },
  "stage": "done"
}