{"type":"FeatureCollection","features":[{"type":"Feature","geometry":{"type":"LineString","coordinates":[[112.9402434,22.9139462],[112.9376708,22.9236277]]},"properties":{"key":"way:221352571@overview:112_22","osmType":"way","osmId":221352571,"sourceRegion":"guangzhou","featureType":"infrastructure","railClass":"national","mode":"rail","name":"广珠线","nameEn":"Guangzhu Line","ref":"0710","usage":"main","status":"operational","color":"#E54848","sourceKey":"way:221352571"}},{"type":"Feature","geometry":{"type":"LineString","coordinates":[[112.9429634,22.9018996],[112.9428786,22.9022807]]},"properties":{"key":"way:221352572@overview:112_22","osmType":"way","osmId":221352572,"sourceRegion":"guangzhou","featureType":"infrastructure","railClass":"national","mode":"rail","name":"广珠线","nameEn":"Guangzhu Line","ref":"0710","usage":"main","bridge":"yes","status":"operational","color":"#E54848","sourceKey":"way:221352572"}},{"type":"Feature","geometry":{"type":"LineString","coordinates":[[112.9370309,22.9251178],[112.9090367,22.9568917],[112.9013464,22.974835]]},"properties":{"key":"way:241074012@overview:112_22","osmType":"way","osmId":241074012,"sourceRegion":"guangzhou","featureType":"infrastructure","railClass":"national","mode":"rail","name":"广珠线","nameEn":"Guangzhu Line","ref":"0710","usage":"main","bridge":"yes","status":"operational","color":"#E54848","sourceKey":"way:241074012"}},{"type":"Feature","geometry":{"type":"LineString","coordinates":[[112.9552056,22.7202861],[112.953486,22.7214277]]},"properties":{"key":"way:241074019@overview:112_22","osmType":"way","osmId":241074019,"sourceRegion":"guangzhou","featureType":"infrastructure","railClass":"national","mode":"rail","name":"广珠线","nameEn":"Guangzhu Line","ref":"0710","usage":"main","bridge":"yes","status":"operational","color":"#E54848","sourceKey":"way:241074019"}},{"type":"Feature","geometry":{"type":"LineString","coordinates":[[112.9376708,22.9236277],[112.9370309,22.9251178]]},"properties":{"key":"way:241074021@overview:112_22","osmType":"way","osmId":241074021,"sourceRegion":"guangzhou","featureType":"infrastructure","railClass":"national","mode":"rail","name":"广珠线","nameEn":"Guangzhu Line","ref":"0710","usage":"main","bridge":"yes","status":"operational","color":"#E54848","sourceKey":"way:241074021"}},{"type":"Feature","geometry":{"type":"LineString","coordinates":[[112.9474053,22.7263489],[112.9409091,22.7355662]]},"properties":{"key":"way:241074023@overview:112_22","osmType":"way","osmId":241074023,"sourceRegion":"guangzhou","featureType":"infrastructure","railClass":"national","mode":"rail","name":"广珠线","nameEn":"Guangzhu Line","ref":"0710","usage":"main","status":"operational","color":"#E54848","sourceKey":"way:241074023"}},{"type":"Feature","geometry":{"type":"LineString","coordinates":[[112.9917333,22.6574748],[112.9873857,22.672831]]},"properties":{"key":"way:302473589@overview:112_22","osmType":"way","osmId":302473589,"sourceRegion":"guangzhou","featureType":"infrastructure","railClass":"national","mode":"rail","name":"广珠线","nameEn":"Guangzhu Line","ref":"0710","usage":"main","status":"operational","color":"#E54848","sourceKey":"way:302473589"}},{"type":"Feature","geometry":{"type":"LineString","coordinates":[[112.9936266,22.6489411],[112.9917333,22.6574748]]},"properties":{"key":"way:302473590@overview:112_22","osmType":"way","osmId":302473590,"sourceRegion":"guangzhou","featureType":"infrastructure","railClass":"national","mode":"rail","name":"广珠线","nameEn":"Guangzhu Line","ref":"0710","usage":"main","bridge":"yes","status":"operational","color":"#E54848","sourceKey":"way:302473590"}},{"type":"Feature","geometry":{"type":"LineString","coordinates":[[112.9771912,22.7034524],[112.9552056,22.7202861]]},"properties":{"key":"way:309829046@overview:112_22","osmType":"way","osmId":309829046,"sourceRegion":"guangzhou","featureType":"infrastructure","railClass":"national","mode":"rail","name":"广珠线","nameEn":"Guangzhu Line","ref":"0710","usage":"main","status":"operational","color":"#E54848","sourceKey":"way:309829046"}},{"type":"Feature","geometry":{"type":"LineString","coordinates":[[112.9775349,22.7031045],[112.9771912,22.7034524]]},"properties":{"key":"way:309829047@overview:112_22","osmType":"way","osmId":309829047,"sourceRegion":"guangzhou","featureType":"infrastructure","railClass":"national","mode":"rail","name":"广珠线","nameEn":"Guangzhu Line","ref":"0710","usage":"main","bridge":"yes","status":"operational","color":"#E54848","sourceKey":"way:309829047"}},{"type":"Feature","geometry":{"type":"LineString","coordinates":[[112.9800992,22.7005094],[112.9775349,22.7031045]]},"properties":{"key":"way:309829048@overview:112_22","osmType":"way","osmId":309829048,"sourceRegion":"guangzhou","featureType":"infrastructure","railClass":"national","mode":"rail","name":"广珠线","nameEn":"Guangzhu Line","ref":"0710","usage":"main","status":"operational","color":"#E54848","sourceKey":"way:309829048"}},{"type":"Feature","geometry":{"type":"LineString","coordinates":[[112.9815889,22.6990219],[112.9800992,22.7005094]]},"properties":{"key":"way:309829049@overview:112_22","osmType":"way","osmId":309829049,"sourceRegion":"guangzhou","featureType":"infrastructure","railClass":"national","mode":"rail","name":"广珠线","nameEn":"Guangzhu Line","ref":"0710","usage":"main","bridge":"yes","status":"operational","color":"#E54848","sourceKey":"way:309829049"}},{"type":"Feature","geometry":{"type":"LineString","coordinates":[[112.9940835,22.6475676],[112.9936266,22.6489411]]},"properties":{"key":"way:309829050@overview:112_22","osmType":"way","osmId":309829050,"sourceRegion":"guangzhou","featureType":"infrastructure","railClass":"national","mode":"rail","name":"广珠线","nameEn":"Guangzhu Line","ref":"0710","usage":"main","status":"operational","color":"#E54848","sourceKey":"way:309829050"}},{"type":"Feature","geometry":{"type":"LineString","coordinates":[[113.0,22.637490080748083],[112.9940835,22.6475676]]},"properties":{"key":"way:309829051@overview:112_22","osmType":"way","osmId":309829051,"sourceRegion":"guangzhou","featureType":"infrastructure","railClass":"national","mode":"rail","name":"广珠线","nameEn":"Guangzhu Line","ref":"0710","usage":"main","tunnel":"yes","status":"operational","color":"#E54848","sourceKey":"way:309829051"}},{"type":"Feature","geometry":{"type":"LineString","coordinates":[[112.9846345,22.683619],[112.984452,22.6884816]]},"properties":{"key":"way:309829052@overview:112_22","osmType":"way","osmId":309829052,"sourceRegion":"guangzhou","featureType":"infrastructure","railClass":"national","mode":"rail","name":"广珠线","nameEn":"Guangzhu Line","ref":"0710","usage":"main","bridge":"yes","status":"operational","color":"#E54848","sourceKey":"way:309829052"}},{"type":"Feature","geometry":{"type":"LineString","coordinates":[[112.984452,22.6884816],[112.9845095,22.6943549],[112.9815889,22.6990219]]},"properties":{"key":"way:309829053@overview:112_22","osmType":"way","osmId":309829053,"sourceRegion":"guangzhou","featureType":"infrastructure","railClass":"national","mode":"rail","name":"广珠线","nameEn":"Guangzhu Line","ref":"0710","usage":"main","status":"operational","color":"#E54848","sourceKey":"way:309829053"}},{"type":"Feature","geometry":{"type":"LineString","coordinates":[[112.9219811,22.7724964],[112.9208875,22.7780282]]},"properties":{"key":"way:327405821@overview:112_22","osmType":"way","osmId":327405821,"sourceRegion":"guangzhou","featureType":"infrastructure","railClass":"national","mode":"rail","name":"广珠线","nameEn":"Guangzhu Line","ref":"0710","usage":"main","bridge":"yes","status":"operational","color":"#E54848","sourceKey":"way:327405821"}},{"type":"Feature","geometry":{"type":"LineString","coordinates":[[112.9046249,22.8021236],[112.9005078,22.8117899],[112.9016657,22.8194821]]},"properties":{"key":"way:327405822@overview:112_22","osmType":"way","osmId":327405822,"sourceRegion":"guangzhou","featureType":"infrastructure","railClass":"national","mode":"rail","name":"广珠线","nameEn":"Guangzhu Line","ref":"0710","usage":"main","status":"operational","color":"#E54848","sourceKey":"way:327405822"}},{"type":"Feature","geometry":{"type":"LineString","coordinates":[[112.922329,22.7707366],[112.9219811,22.7724964]]},"properties":{"key":"way:327410424@overview:112_22","osmType":"way","osmId":327410424,"sourceRegion":"guangzhou","featureType":"infrastructure","railClass":"national","mode":"rail","name":"广珠线","nameEn":"Guangzhu Line","ref":"0710","usage":"main","status":"operational","color":"#E54848","sourceKey":"way:327410424"}},{"type":"Feature","geometry":{"type":"LineString","coordinates":[[112.9224737,22.7700045],[112.922329,22.7707366]]},"properties":{"key":"way:327410425@overview:112_22","osmType":"way","osmId":327410425,"sourceRegion":"guangzhou","featureType":"infrastructure","railClass":"national","mode":"rail","name":"广珠线","nameEn":"Guangzhu Line","ref":"0710","usage":"main","bridge":"yes","status":"operational","color":"#E54848","sourceKey":"way:327410425"}},{"type":"Feature","geometry":{"type":"LineString","coordinates":[[112.9863504,22.6769202],[112.9860102,22.6782035]]},"properties":{"key":"way:344899078@overview:112_22","osmType":"way","osmId":344899078,"sourceRegion":"guangzhou","featureType":"infrastructure","railClass":"national","mode":"rail","name":"广珠线","nameEn":"Guangzhu Line","ref":"0710","usage":"main","bridge":"yes","status":"operational","color":"#E54848","sourceKey":"way:344899078"}},{"type":"Feature","geometry":{"type":"LineString","coordinates":[[112.9873857,22.672831],[112.9872997,22.6731713]]},"properties":{"key":"way:344899079@overview:112_22","osmType":"way","osmId":344899079,"sourceRegion":"guangzhou","featureType":"infrastructure","railClass":"national","mode":"rail","name":"广珠线","nameEn":"Guangzhu Line","ref":"0710","usage":"main","bridge":"yes","status":"operational","color":"#E54848","sourceKey":"way:344899079"}},{"type":"Feature","geometry":{"type":"LineString","coordinates":[[112.9872997,22.6731713],[112.9863504,22.6769202]]},"properties":{"key":"way:344899080@overview:112_22","osmType":"way","osmId":344899080,"sourceRegion":"guangzhou","featureType":"infrastructure","railClass":"national","mode":"rail","name":"广珠线","nameEn":"Guangzhu Line","ref":"0710","usage":"main","status":"operational","color":"#E54848","sourceKey":"way:344899080"}},{"type":"Feature","geometry":{"type":"LineString","coordinates":[[112.9860102,22.6782035],[112.9846345,22.683619]]},"properties":{"key":"way:344899081@overview:112_22","osmType":"way","osmId":344899081,"sourceRegion":"guangzhou","featureType":"infrastructure","railClass":"national","mode":"rail","name":"广珠线","nameEn":"Guangzhu Line","ref":"0710","usage":"main","status":"operational","color":"#E54848","sourceKey":"way:344899081"}},{"type":"Feature","geometry":{"type":"LineString","coordinates":[[112.9442327,22.8959055],[112.9441284,22.8966726]]},"properties":{"key":"way:396757313@overview:112_22","osmType":"way","osmId":396757313,"sourceRegion":"guangzhou","featureType":"infrastructure","railClass":"national","mode":"rail","name":"广珠线","nameEn":"Guangzhu Line","ref":"0710","usage":"main","bridge":"yes","status":"operational","color":"#E54848","sourceKey":"way:396757313"}},{"type":"Feature","geometry":{"type":"LineString","coordinates":[[112.9317738,22.8573212],[112.9455628,22.8723212],[112.9444449,22.8938851]]},"properties":{"key":"way:396757314@overview:112_22","osmType":"way","osmId":396757314,"sourceRegion":"guangzhou","featureType":"infrastructure","railClass":"national","mode":"rail","name":"广珠线","nameEn":"Guangzhu Line","ref":"0710","usage":"main","bridge":"viaduct","status":"operational","color":"#E54848","sourceKey":"way:396757314"}},{"type":"Feature","geometry":{"type":"LineString","coordinates":[[112.9444449,22.8938851],[112.9442327,22.8959055]]},"properties":{"key":"way:396757315@overview:112_22","osmType":"way","osmId":396757315,"sourceRegion":"guangzhou","featureType":"infrastructure","railClass":"national","mode":"rail","name":"广珠线","nameEn":"Guangzhu Line","ref":"0710","usage":"main","status":"operational","color":"#E54848","sourceKey":"way:396757315"}},{"type":"Feature","geometry":{"type":"LineString","coordinates":[[112.9441284,22.8966726],[112.9437472,22.8984222]]},"properties":{"key":"way:396757316@overview:112_22","osmType":"way","osmId":396757316,"sourceRegion":"guangzhou","featureType":"infrastructure","railClass":"national","mode":"rail","name":"广珠线","nameEn":"Guangzhu Line","ref":"0710","usage":"main","status":"operational","color":"#E54848","sourceKey":"way:396757316"}},{"type":"Feature","geometry":{"type":"LineString","coordinates":[[112.9403022,22.9136799],[112.9402434,22.9139462]]},"properties":{"key":"way:565595617@overview:112_22","osmType":"way","osmId":565595617,"sourceRegion":"guangzhou","featureType":"infrastructure","railClass":"national","mode":"rail","name":"广珠线","nameEn":"Guangzhu Line","ref":"0710","usage":"main","bridge":"yes","status":"operational","color":"#E54848","sourceKey":"way:565595617"}},{"type":"Feature","geometry":{"type":"LineString","coordinates":[[112.9414888,22.9085924],[112.9403022,22.9136799]]},"properties":{"key":"way:565595618@overview:112_22","osmType":"way","osmId":565595618,"sourceRegion":"guangzhou","featureType":"infrastructure","railClass":"national","mode":"rail","name":"广珠线","nameEn":"Guangzhu Line","ref":"0710","usage":"main","status":"operational","color":"#E54848","sourceKey":"way:565595618"}},{"type":"Feature","geometry":{"type":"LineString","coordinates":[[112.9415213,22.9084564],[112.9414888,22.9085924]]},"properties":{"key":"way:565595619@overview:112_22","osmType":"way","osmId":565595619,"sourceRegion":"guangzhou","featureType":"infrastructure","railClass":"national","mode":"rail","name":"广珠线","nameEn":"Guangzhu Line","ref":"0710","usage":"main","bridge":"yes","status":"operational","color":"#E54848","sourceKey":"way:565595619"}},{"type":"Feature","geometry":{"type":"LineString","coordinates":[[112.9421759,22.9054892],[112.9415213,22.9084564]]},"properties":{"key":"way:565595620@overview:112_22","osmType":"way","osmId":565595620,"sourceRegion":"guangzhou","featureType":"infrastructure","railClass":"national","mode":"rail","name":"广珠线","nameEn":"Guangzhu Line","ref":"0710","usage":"main","status":"operational","color":"#E54848","sourceKey":"way:565595620"}},{"type":"Feature","geometry":{"type":"LineString","coordinates":[[112.9422235,22.9052699],[112.9421759,22.9054892]]},"properties":{"key":"way:565595760@overview:112_22","osmType":"way","osmId":565595760,"sourceRegion":"guangzhou","featureType":"infrastructure","railClass":"national","mode":"rail","name":"广珠线","nameEn":"Guangzhu Line","ref":"0710","usage":"main","bridge":"yes","status":"operational","color":"#E54848","sourceKey":"way:565595760"}},{"type":"Feature","geometry":{"type":"LineString","coordinates":[[112.9428786,22.9022807],[112.9422235,22.9052699]]},"properties":{"key":"way:565595761@overview:112_22","osmType":"way","osmId":565595761,"sourceRegion":"guangzhou","featureType":"infrastructure","railClass":"national","mode":"rail","name":"广珠线","nameEn":"Guangzhu Line","ref":"0710","usage":"main","status":"operational","color":"#E54848","sourceKey":"way:565595761"}},{"type":"Feature","geometry":{"type":"LineString","coordinates":[[112.9437121,22.8985648],[112.9429634,22.9018996]]},"properties":{"key":"way:565866181@overview:112_22","osmType":"way","osmId":565866181,"sourceRegion":"guangzhou","featureType":"infrastructure","railClass":"national","mode":"rail","name":"广珠线","nameEn":"Guangzhu Line","ref":"0710","usage":"main","status":"operational","color":"#E54848","sourceKey":"way:565866181"}},{"type":"Feature","geometry":{"type":"LineString","coordinates":[[112.9437472,22.8984222],[112.9437121,22.8985648]]},"properties":{"key":"way:565866182@overview:112_22","osmType":"way","osmId":565866182,"sourceRegion":"guangzhou","featureType":"infrastructure","railClass":"national","mode":"rail","name":"广珠线","nameEn":"Guangzhu Line","ref":"0710","usage":"main","bridge":"yes","status":"operational","color":"#E54848","sourceKey":"way:565866182"}},{"type":"Feature","geometry":{"type":"LineString","coordinates":[[112.9437601,22.8985742],[112.9437956,22.8984313]]},"properties":{"key":"way:565999569@overview:112_22","osmType":"way","osmId":565999569,"sourceRegion":"guangzhou","featureType":"infrastructure","railClass":"national","mode":"rail","name":"广珠线","nameEn":"Guangzhu Line","ref":"0710","usage":"main","bridge":"yes","status":"operational","color":"#E54848","sourceKey":"way:565999569"}},{"type":"Feature","geometry":{"type":"LineString","coordinates":[[112.9441835,22.8966755],[112.9442958,22.8959084]]},"properties":{"key":"way:565999570@overview:112_22","osmType":"way","osmId":565999570,"sourceRegion":"guangzhou","featureType":"infrastructure","railClass":"national","mode":"rail","name":"广珠线","nameEn":"Guangzhu Line","ref":"0710","usage":"main","bridge":"yes","status":"operational","color":"#E54848","sourceKey":"way:565999570"}},{"type":"Feature","geometry":{"type":"LineString","coordinates":[[112.9442958,22.8959084],[112.9444933,22.8938942]]},"properties":{"key":"way:565999571@overview:112_22","osmType":"way","osmId":565999571,"sourceRegion":"guangzhou","featureType":"infrastructure","railClass":"national","mode":"rail","name":"广珠线","nameEn":"Guangzhu Line","ref":"0710","usage":"main","status":"operational","color":"#E54848","sourceKey":"way:565999571"}},{"type":"Feature","geometry":{"type":"LineString","coordinates":[[112.9437956,22.8984313],[112.9441835,22.8966755]]},"properties":{"key":"way:565999572@overview:112_22","osmType":"way","osmId":565999572,"sourceRegion":"guangzhou","featureType":"infrastructure","railClass":"national","mode":"rail","name":"广珠线","nameEn":"Guangzhu Line","ref":"0710","usage":"main","status":"operational","color":"#E54848","sourceKey":"way:565999572"}},{"type":"Feature","geometry":{"type":"LineString","coordinates":[[112.9430181,22.9019078],[112.9437601,22.8985742]]},"properties":{"key":"way:565999578@overview:112_22","osmType":"way","osmId":565999578,"sourceRegion":"guangzhou","featureType":"infrastructure","railClass":"national","mode":"rail","name":"广珠线","nameEn":"Guangzhu Line","ref":"0710","usage":"main","status":"operational","color":"#E54848","sourceKey":"way:565999578"}},{"type":"Feature","geometry":{"type":"LineString","coordinates":[[112.9429333,22.9022889],[112.9430181,22.9019078]]},"properties":{"key":"way:565999579@overview:112_22","osmType":"way","osmId":565999579,"sourceRegion":"guangzhou","featureType":"infrastructure","railClass":"national","mode":"rail","name":"广珠线","nameEn":"Guangzhu Line","ref":"0710","usage":"main","bridge":"yes","status":"operational","color":"#E54848","sourceKey":"way:565999579"}},{"type":"Feature","geometry":{"type":"LineString","coordinates":[[112.9422782,22.9052781],[112.9429333,22.9022889]]},"properties":{"key":"way:565999580@overview:112_22","osmType":"way","osmId":565999580,"sourceRegion":"guangzhou","featureType":"infrastructure","railClass":"national","mode":"rail","name":"广珠线","nameEn":"Guangzhu Line","ref":"0710","usage":"main","status":"operational","color":"#E54848","sourceKey":"way:565999580"}},{"type":"Feature","geometry":{"type":"LineString","coordinates":[[112.905707,22.8256964],[112.9080835,22.8291999]]},"properties":{"key":"way:668038337@overview:112_22","osmType":"way","osmId":668038337,"sourceRegion":"guangzhou","featureType":"infrastructure","railClass":"national","mode":"rail","name":"广珠线","nameEn":"Guangzhu Line","ref":"0710","usage":"main","status":"operational","color":"#E54848","sourceKey":"way:668038337"}},{"type":"Feature","geometry":{"type":"LineString","coordinates":[[112.9039877,22.8231615],[112.9031694,22.821942]]},"properties":{"key":"way:668038338@overview:112_22","osmType":"way","osmId":668038338,"sourceRegion":"guangzhou","featureType":"infrastructure","railClass":"national","mode":"rail","name":"广珠线","nameEn":"Guangzhu Line","ref":"0710","usage":"main","tunnel":"yes","status":"operational","color":"#E54848","sourceKey":"way:668038338"}},{"type":"Feature","geometry":{"type":"LineString","coordinates":[[112.9080835,22.8291999],[112.9136365,22.8373628]]},"properties":{"key":"way:668038339@overview:112_22","osmType":"way","osmId":668038339,"sourceRegion":"guangzhou","featureType":"infrastructure","railClass":"national","mode":"rail","name":"广珠线","nameEn":"Guangzhu Line","ref":"0710","usage":"main","tunnel":"yes","status":"operational","color":"#E54848","sourceKey":"way:668038339"}},{"type":"Feature","geometry":{"type":"LineString","coordinates":[[112.9136365,22.8373628],[112.9141685,22.8381707]]},"properties":{"key":"way:668038340@overview:112_22","osmType":"way","osmId":668038340,"sourceRegion":"guangzhou","featureType":"infrastructure","railClass":"national","mode":"rail","name":"广珠线","nameEn":"Guangzhu Line","ref":"0710","usage":"main","status":"operational","color":"#E54848","sourceKey":"way:668038340"}},{"type":"Feature","geometry":{"type":"LineString","coordinates":[[112.9141685,22.8381707],[112.9153683,22.8399211]]},"properties":{"key":"way:668038341@overview:112_22","osmType":"way","osmId":668038341,"sourceRegion":"guangzhou","featureType":"infrastructure","railClass":"national","mode":"rail","name":"广珠线","nameEn":"Guangzhu Line","ref":"0710","usage":"main","tunnel":"yes","status":"operational","color":"#E54848","sourceKey":"way:668038341"}},{"type":"Feature","geometry":{"type":"LineString","coordinates":[[112.9785342,22.7026204],[112.9696136,22.7100557]]},"properties":{"key":"way:684188607@overview:112_22","osmType":"way","osmId":684188607,"sourceRegion":"guangzhou","featureType":"infrastructure","railClass":"construction","mode":"rail","name":"南沙港线","nameEn":"Nanshagang Line","usage":"main","bridge":"viaduct","status":"construction","color":"#52636f","sourceKey":"way:684188607"}},{"type":"Feature","geometry":{"type":"LineString","coordinates":[[112.8685256,22.8970321],[112.8682136,22.8975147]]},"properties":{"key":"way:759803895@overview:112_22","osmType":"way","osmId":759803895,"sourceRegion":"guangzhou","featureType":"infrastructure","railClass":"tram","mode":"tram","name":"高明区现代有轨电车示范线","operator":"佛山地铁","usage":"main","status":"operational","color":"#4CA585","sourceKey":"way:759803895"}},{"type":"Feature","geometry":{"type":"LineString","coordinates":[[112.8501917,22.9477561],[112.8479135,22.9529288]]},"properties":{"key":"way:759803898@overview:112_22","osmType":"way","osmId":759803898,"sourceRegion":"guangzhou","featureType":"infrastructure","railClass":"tram","mode":"tram","name":"高明区现代有轨电车示范线","operator":"佛山地铁","usage":"main","status":"operational","color":"#4CA585","sourceKey":"way:759803898"}},{"type":"Feature","geometry":{"type":"LineString","coordinates":[[112.8504758,22.9469292],[112.8501917,22.9477561]]},"properties":{"key":"way:759803899@overview:112_22","osmType":"way","osmId":759803899,"sourceRegion":"guangzhou","featureType":"infrastructure","railClass":"tram","mode":"tram","name":"高明区现代有轨电车示范线","operator":"佛山地铁","usage":"main","bridge":"yes","status":"operational","color":"#4CA585","sourceKey":"way:759803899"}},{"type":"Feature","geometry":{"type":"LineString","coordinates":[[112.847839,22.9528891],[112.8501307,22.947738]]},"properties":{"key":"way:759803900@overview:112_22","osmType":"way","osmId":759803900,"sourceRegion":"guangzhou","featureType":"infrastructure","railClass":"tram","mode":"tram","name":"高明区现代有轨电车示范线","operator":"佛山地铁","usage":"main","status":"operational","color":"#4CA585","sourceKey":"way:759803900"}},{"type":"Feature","geometry":{"type":"LineString","coordinates":[[112.8503114,22.9468977],[112.8679939,22.8977547]]},"properties":{"key":"way:759803903@overview:112_22","osmType":"way","osmId":759803903,"sourceRegion":"guangzhou","featureType":"infrastructure","railClass":"tram","mode":"tram","name":"高明区现代有轨电车示范线","operator":"佛山地铁","usage":"main","status":"operational","color":"#4CA585","sourceKey":"way:759803903"}},{"type":"Feature","geometry":{"type":"LineString","coordinates":[[112.8501307,22.947738],[112.8503114,22.9468977]]},"properties":{"key":"way:759803904@overview:112_22","osmType":"way","osmId":759803904,"sourceRegion":"guangzhou","featureType":"infrastructure","railClass":"tram","mode":"tram","name":"高明区现代有轨电车示范线","operator":"佛山地铁","usage":"main","bridge":"yes","status":"operational","color":"#4CA585","sourceKey":"way:759803904"}},{"type":"Feature","geometry":{"type":"LineString","coordinates":[[112.925843,22.7532962],[112.9251213,22.7562397]]},"properties":{"key":"way:764137782@overview:112_22","osmType":"way","osmId":764137782,"sourceRegion":"guangzhou","featureType":"infrastructure","railClass":"national","mode":"rail","name":"未命名","bridge":"yes","status":"operational","color":"#E54848","sourceKey":"way:764137782"}},{"type":"Feature","geometry":{"type":"LineString","coordinates":[[112.8485004,22.9518253],[112.8488467,22.9513951]]},"properties":{"key":"way:779604036@overview:112_22","osmType":"way","osmId":779604036,"sourceRegion":"guangzhou","featureType":"infrastructure","railClass":"tram","mode":"tram","name":"未命名","service":"crossover","status":"operational","color":"#8d5ac7","sourceKey":"way:779604036"}},{"type":"Feature","geometry":{"type":"LineString","coordinates":[[112.8487588,22.9513594],[112.8485772,22.9518556]]},"properties":{"key":"way:779604037@overview:112_22","osmType":"way","osmId":779604037,"sourceRegion":"guangzhou","featureType":"infrastructure","railClass":"tram","mode":"tram","name":"未命名","service":"crossover","status":"operational","color":"#8d5ac7","sourceKey":"way:779604037"}},{"type":"Feature","geometry":{"type":"LineString","coordinates":[[112.8490825,22.951105],[112.8484895,22.9520196]]},"properties":{"key":"way:779604039@overview:112_22","osmType":"way","osmId":779604039,"sourceRegion":"guangzhou","featureType":"infrastructure","railClass":"tram","mode":"tram","name":"未命名","service":"yard","status":"operational","color":"#8d5ac7","sourceKey":"way:779604039"}},{"type":"Feature","geometry":{"type":"LineString","coordinates":[[112.8488978,22.9512849],[112.8509354,22.9501675]]},"properties":{"key":"way:779604040@overview:112_22","osmType":"way","osmId":779604040,"sourceRegion":"guangzhou","featureType":"infrastructure","railClass":"tram","mode":"tram","name":"未命名","service":"yard","status":"operational","color":"#8d5ac7","sourceKey":"way:779604040"}},{"type":"Feature","geometry":{"type":"LineString","coordinates":[[112.8490825,22.951105],[112.850914,22.9502034]]},"properties":{"key":"way:779604041@overview:112_22","osmType":"way","osmId":779604041,"sourceRegion":"guangzhou","featureType":"infrastructure","railClass":"tram","mode":"tram","name":"未命名","service":"yard","status":"operational","color":"#8d5ac7","sourceKey":"way:779604041"}},{"type":"Feature","geometry":{"type":"LineString","coordinates":[[112.8502709,22.9492789],[112.8504599,22.9499679]]},"properties":{"key":"way:779604042@overview:112_22","osmType":"way","osmId":779604042,"sourceRegion":"guangzhou","featureType":"infrastructure","railClass":"tram","mode":"tram","name":"未命名","service":"yard","status":"operational","color":"#8d5ac7","sourceKey":"way:779604042"}},{"type":"Feature","geometry":{"type":"LineString","coordinates":[[112.8679939,22.8977547],[112.8682136,22.8975147]]},"properties":{"key":"way:781476661@overview:112_22","osmType":"way","osmId":781476661,"sourceRegion":"guangzhou","featureType":"infrastructure","railClass":"tram","mode":"tram","name":"未命名","service":"crossover","status":"operational","color":"#8d5ac7","sourceKey":"way:781476661"}},{"type":"Feature","geometry":{"type":"LineString","coordinates":[[112.8679939,22.8977547],[112.8684771,22.8970052]]},"properties":{"key":"way:781476667@overview:112_22","osmType":"way","osmId":781476667,"sourceRegion":"guangzhou","featureType":"infrastructure","railClass":"tram","mode":"tram","name":"高明有轨电车","operator":"佛山地铁","usage":"main","service":"yard","status":"operational","color":"#4CA585","sourceKey":"way:781476667"}},{"type":"Feature","geometry":{"type":"LineString","coordinates":[[112.8682136,22.8975147],[112.8504758,22.9469292]]},"properties":{"key":"way:781476668@overview:112_22","osmType":"way","osmId":781476668,"sourceRegion":"guangzhou","featureType":"infrastructure","railClass":"tram","mode":"tram","name":"高明区现代有轨电车示范线","operator":"佛山地铁","usage":"main","status":"operational","color":"#4CA585","sourceKey":"way:781476668"}},{"type":"Feature","geometry":{"type":"LineString","coordinates":[[112.9229097,22.8495236],[112.9317738,22.8573212]]},"properties":{"key":"way:825402279@overview:112_22","osmType":"way","osmId":825402279,"sourceRegion":"guangzhou","featureType":"infrastructure","railClass":"national","mode":"rail","name":"广珠线","nameEn":"Guangzhu Line","ref":"0710","usage":"main","bridge":"yes","status":"operational","color":"#E54848","sourceKey":"way:825402279"}},{"type":"Feature","geometry":{"type":"LineString","coordinates":[[112.9153683,22.8399211],[112.9229097,22.8495236]]},"properties":{"key":"way:825402280@overview:112_22","osmType":"way","osmId":825402280,"sourceRegion":"guangzhou","featureType":"infrastructure","railClass":"national","mode":"rail","name":"广珠线","nameEn":"Guangzhu Line","ref":"0710","usage":"main","bridge":"viaduct","status":"operational","color":"#E54848","sourceKey":"way:825402280"}},{"type":"Feature","geometry":{"type":"LineString","coordinates":[[112.9941285,22.6475848],[113.0,22.637566496072008]]},"properties":{"key":"way:904648357@overview:112_22","osmType":"way","osmId":904648357,"sourceRegion":"guangzhou","featureType":"infrastructure","railClass":"national","mode":"rail","name":"广珠线","nameEn":"Guangzhu Line","ref":"0710","usage":"main","tunnel":"yes","status":"operational","color":"#E54848","sourceKey":"way:904648357"}},{"type":"Feature","geometry":{"type":"LineString","coordinates":[[112.9936742,22.6489509],[112.9941285,22.6475848]]},"properties":{"key":"way:904648358@overview:112_22","osmType":"way","osmId":904648358,"sourceRegion":"guangzhou","featureType":"infrastructure","railClass":"national","mode":"rail","name":"广珠线","nameEn":"Guangzhu Line","ref":"0710","usage":"main","status":"operational","color":"#E54848","sourceKey":"way:904648358"}},{"type":"Feature","geometry":{"type":"LineString","coordinates":[[112.9917806,22.6574854],[112.9936742,22.6489509]]},"properties":{"key":"way:904648359@overview:112_22","osmType":"way","osmId":904648359,"sourceRegion":"guangzhou","featureType":"infrastructure","railClass":"national","mode":"rail","name":"广珠线","nameEn":"Guangzhu Line","ref":"0710","usage":"main","bridge":"yes","status":"operational","color":"#E54848","sourceKey":"way:904648359"}},{"type":"Feature","geometry":{"type":"LineString","coordinates":[[112.9874331,22.6728415],[112.9917806,22.6574854]]},"properties":{"key":"way:904648360@overview:112_22","osmType":"way","osmId":904648360,"sourceRegion":"guangzhou","featureType":"infrastructure","railClass":"national","mode":"rail","name":"广珠线","nameEn":"Guangzhu Line","ref":"0710","usage":"main","status":"operational","color":"#E54848","sourceKey":"way:904648360"}},{"type":"Feature","geometry":{"type":"LineString","coordinates":[[112.9873472,22.6731814],[112.9874331,22.6728415]]},"properties":{"key":"way:904648361@overview:112_22","osmType":"way","osmId":904648361,"sourceRegion":"guangzhou","featureType":"infrastructure","railClass":"national","mode":"rail","name":"广珠线","nameEn":"Guangzhu Line","ref":"0710","usage":"main","bridge":"yes","status":"operational","color":"#E54848","sourceKey":"way:904648361"}},{"type":"Feature","geometry":{"type":"LineString","coordinates":[[112.9863977,22.676931],[112.9873472,22.6731814]]},"properties":{"key":"way:904648362@overview:112_22","osmType":"way","osmId":904648362,"sourceRegion":"guangzhou","featureType":"infrastructure","railClass":"national","mode":"rail","name":"广珠线","nameEn":"Guangzhu Line","ref":"0710","usage":"main","status":"operational","color":"#E54848","sourceKey":"way:904648362"}},{"type":"Feature","geometry":{"type":"LineString","coordinates":[[112.9860578,22.6782133],[112.9863977,22.676931]]},"properties":{"key":"way:904648363@overview:112_22","osmType":"way","osmId":904648363,"sourceRegion":"guangzhou","featureType":"infrastructure","railClass":"national","mode":"rail","name":"广珠线","nameEn":"Guangzhu Line","ref":"0710","usage":"main","bridge":"yes","status":"operational","color":"#E54848","sourceKey":"way:904648363"}},{"type":"Feature","geometry":{"type":"LineString","coordinates":[[112.9846818,22.6836299],[112.9860578,22.6782133]]},"properties":{"key":"way:904648364@overview:112_22","osmType":"way","osmId":904648364,"sourceRegion":"guangzhou","featureType":"infrastructure","railClass":"national","mode":"rail","name":"广珠线","nameEn":"Guangzhu Line","ref":"0710","usage":"main","status":"operational","color":"#E54848","sourceKey":"way:904648364"}},{"type":"Feature","geometry":{"type":"LineString","coordinates":[[112.9845006,22.6884784],[112.9846818,22.6836299]]},"properties":{"key":"way:904648365@overview:112_22","osmType":"way","osmId":904648365,"sourceRegion":"guangzhou","featureType":"infrastructure","railClass":"national","mode":"rail","name":"广珠线","nameEn":"Guangzhu Line","ref":"0710","usage":"main","bridge":"yes","status":"operational","color":"#E54848","sourceKey":"way:904648365"}},{"type":"Feature","geometry":{"type":"LineString","coordinates":[[112.9816246,22.6990525],[112.9845574,22.6943641],[112.9845006,22.6884784]]},"properties":{"key":"way:904648366@overview:112_22","osmType":"way","osmId":904648366,"sourceRegion":"guangzhou","featureType":"infrastructure","railClass":"national","mode":"rail","name":"广珠线","nameEn":"Guangzhu Line","ref":"0710","usage":"main","status":"operational","color":"#E54848","sourceKey":"way:904648366"}},{"type":"Feature","geometry":{"type":"LineString","coordinates":[[112.9801351,22.7005398],[112.9816246,22.6990525]]},"properties":{"key":"way:904648367@overview:112_22","osmType":"way","osmId":904648367,"sourceRegion":"guangzhou","featureType":"infrastructure","railClass":"national","mode":"rail","name":"广珠线","nameEn":"Guangzhu Line","ref":"0710","usage":"main","bridge":"yes","status":"operational","color":"#E54848","sourceKey":"way:904648367"}},{"type":"Feature","geometry":{"type":"LineString","coordinates":[[112.9775709,22.7031348],[112.9801351,22.7005398]]},"properties":{"key":"way:904648368@overview:112_22","osmType":"way","osmId":904648368,"sourceRegion":"guangzhou","featureType":"infrastructure","railClass":"national","mode":"rail","name":"广珠线","nameEn":"Guangzhu Line","ref":"0710","usage":"main","status":"operational","color":"#E54848","sourceKey":"way:904648368"}},{"type":"Feature","geometry":{"type":"LineString","coordinates":[[112.9772274,22.7034825],[112.9775709,22.7031348]]},"properties":{"key":"way:904648369@overview:112_22","osmType":"way","osmId":904648369,"sourceRegion":"guangzhou","featureType":"infrastructure","railClass":"national","mode":"rail","name":"广珠线","nameEn":"Guangzhu Line","ref":"0710","usage":"main","bridge":"yes","status":"operational","color":"#E54848","sourceKey":"way:904648369"}},{"type":"Feature","geometry":{"type":"LineString","coordinates":[[112.955234,22.7203226],[112.9772274,22.7034825]]},"properties":{"key":"way:904648370@overview:112_22","osmType":"way","osmId":904648370,"sourceRegion":"guangzhou","featureType":"infrastructure","railClass":"national","mode":"rail","name":"广珠线","nameEn":"Guangzhu Line","ref":"0710","usage":"main","status":"operational","color":"#E54848","sourceKey":"way:904648370"}},{"type":"Feature","geometry":{"type":"LineString","coordinates":[[112.9535144,22.7214643],[112.955234,22.7203226]]},"properties":{"key":"way:904648371@overview:112_22","osmType":"way","osmId":904648371,"sourceRegion":"guangzhou","featureType":"infrastructure","railClass":"national","mode":"rail","name":"广珠线","nameEn":"Guangzhu Line","ref":"0710","usage":"main","bridge":"yes","status":"operational","color":"#E54848","sourceKey":"way:904648371"}},{"type":"Feature","geometry":{"type":"LineString","coordinates":[[112.9409544,22.7355843],[112.9474603,22.7263534]]},"properties":{"key":"way:904648372@overview:112_22","osmType":"way","osmId":904648372,"sourceRegion":"guangzhou","featureType":"infrastructure","railClass":"national","mode":"rail","name":"广珠线","nameEn":"Guangzhu Line","ref":"0710","usage":"main","status":"operational","color":"#E54848","sourceKey":"way:904648372"}},{"type":"Feature","geometry":{"type":"LineString","coordinates":[[112.9223769,22.7707447],[112.9225216,22.7700126]]},"properties":{"key":"way:904648373@overview:112_22","osmType":"way","osmId":904648373,"sourceRegion":"guangzhou","featureType":"infrastructure","railClass":"national","mode":"rail","name":"广珠线","nameEn":"Guangzhu Line","ref":"0710","usage":"main","bridge":"yes","status":"operational","color":"#E54848","sourceKey":"way:904648373"}},{"type":"Feature","geometry":{"type":"LineString","coordinates":[[112.922029,22.7725045],[112.9223769,22.7707447]]},"properties":{"key":"way:904648374@overview:112_22","osmType":"way","osmId":904648374,"sourceRegion":"guangzhou","featureType":"infrastructure","railClass":"national","mode":"rail","name":"广珠线","nameEn":"Guangzhu Line","ref":"0710","usage":"main","status":"operational","color":"#E54848","sourceKey":"way:904648374"}},{"type":"Feature","geometry":{"type":"LineString","coordinates":[[112.9209352,22.7780375],[112.922029,22.7725045]]},"properties":{"key":"way:904648375@overview:112_22","osmType":"way","osmId":904648375,"sourceRegion":"guangzhou","featureType":"infrastructure","railClass":"national","mode":"rail","name":"广珠线","nameEn":"Guangzhu Line","ref":"0710","usage":"main","bridge":"yes","status":"operational","color":"#E54848","sourceKey":"way:904648375"}},{"type":"Feature","geometry":{"type":"LineString","coordinates":[[112.9017116,22.8194728],[112.900556,22.8117984],[112.9046647,22.8021524]]},"properties":{"key":"way:904648376@overview:112_22","osmType":"way","osmId":904648376,"sourceRegion":"guangzhou","featureType":"infrastructure","railClass":"national","mode":"rail","name":"广珠线","nameEn":"Guangzhu Line","ref":"0710","usage":"main","status":"operational","color":"#E54848","sourceKey":"way:904648376"}},{"type":"Feature","geometry":{"type":"LineString","coordinates":[[112.904028,22.8231249],[112.9032178,22.8219017]]},"properties":{"key":"way:904648377@overview:112_22","osmType":"way","osmId":904648377,"sourceRegion":"guangzhou","featureType":"infrastructure","railClass":"national","mode":"rail","name":"广珠线","nameEn":"Guangzhu Line","ref":"0710","usage":"main","tunnel":"yes","status":"operational","color":"#E54848","sourceKey":"way:904648377"}},{"type":"Feature","geometry":{"type":"LineString","coordinates":[[112.908125,22.8291763],[112.9057447,22.8256606]]},"properties":{"key":"way:904648378@overview:112_22","osmType":"way","osmId":904648378,"sourceRegion":"guangzhou","featureType":"infrastructure","railClass":"national","mode":"rail","name":"广珠线","nameEn":"Guangzhu Line","ref":"0710","usage":"main","status":"operational","color":"#E54848","sourceKey":"way:904648378"}},{"type":"Feature","geometry":{"type":"LineString","coordinates":[[112.913678,22.8373392],[112.908125,22.8291763]]},"properties":{"key":"way:904648379@overview:112_22","osmType":"way","osmId":904648379,"sourceRegion":"guangzhou","featureType":"infrastructure","railClass":"national","mode":"rail","name":"广珠线","nameEn":"Guangzhu Line","ref":"0710","usage":"main","tunnel":"yes","status":"operational","color":"#E54848","sourceKey":"way:904648379"}},{"type":"Feature","geometry":{"type":"LineString","coordinates":[[112.91421,22.838147],[112.913678,22.8373392]]},"properties":{"key":"way:904648380@overview:112_22","osmType":"way","osmId":904648380,"sourceRegion":"guangzhou","featureType":"infrastructure","railClass":"national","mode":"rail","name":"广珠线","nameEn":"Guangzhu Line","ref":"0710","usage":"main","status":"operational","color":"#E54848","sourceKey":"way:904648380"}},{"type":"Feature","geometry":{"type":"LineString","coordinates":[[112.91541,22.8398978],[112.91421,22.838147]]},"properties":{"key":"way:904648381@overview:112_22","osmType":"way","osmId":904648381,"sourceRegion":"guangzhou","featureType":"infrastructure","railClass":"national","mode":"rail","name":"广珠线","nameEn":"Guangzhu Line","ref":"0710","usage":"main","tunnel":"yes","status":"operational","color":"#E54848","sourceKey":"way:904648381"}},{"type":"Feature","geometry":{"type":"LineString","coordinates":[[112.922944,22.8494917],[112.91541,22.8398978]]},"properties":{"key":"way:904648382@overview:112_22","osmType":"way","osmId":904648382,"sourceRegion":"guangzhou","featureType":"infrastructure","railClass":"national","mode":"rail","name":"广珠线","nameEn":"Guangzhu Line","ref":"0710","usage":"main","bridge":"viaduct","status":"operational","color":"#E54848","sourceKey":"way:904648382"}},{"type":"Feature","geometry":{"type":"LineString","coordinates":[[112.9318077,22.8572889],[112.922944,22.8494917]]},"properties":{"key":"way:904648383@overview:112_22","osmType":"way","osmId":904648383,"sourceRegion":"guangzhou","featureType":"infrastructure","railClass":"national","mode":"rail","name":"广珠线","nameEn":"Guangzhu Line","ref":"0710","usage":"main","bridge":"yes","status":"operational","color":"#E54848","sourceKey":"way:904648383"}},{"type":"Feature","geometry":{"type":"LineString","coordinates":[[112.9444933,22.8938942],[112.9456074,22.8723143],[112.9318077,22.8572889]]},"properties":{"key":"way:904648384@overview:112_22","osmType":"way","osmId":904648384,"sourceRegion":"guangzhou","featureType":"infrastructure","railClass":"national","mode":"rail","name":"广珠线","nameEn":"Guangzhu Line","ref":"0710","usage":"main","bridge":"viaduct","status":"operational","color":"#E54848","sourceKey":"way:904648384"}},{"type":"Feature","geometry":{"type":"LineString","coordinates":[[112.9422285,22.9054989],[112.9422782,22.9052781]]},"properties":{"key":"way:904648385@overview:112_22","osmType":"way","osmId":904648385,"sourceRegion":"guangzhou","featureType":"infrastructure","railClass":"national","mode":"rail","name":"广珠线","nameEn":"Guangzhu Line","ref":"0710","usage":"main","bridge":"yes","status":"operational","color":"#E54848","sourceKey":"way:904648385"}},{"type":"Feature","geometry":{"type":"LineString","coordinates":[[112.9415737,22.908467],[112.9422285,22.9054989]]},"properties":{"key":"way:904648386@overview:112_22","osmType":"way","osmId":904648386,"sourceRegion":"guangzhou","featureType":"infrastructure","railClass":"national","mode":"rail","name":"广珠线","nameEn":"Guangzhu Line","ref":"0710","usage":"main","status":"operational","color":"#E54848","sourceKey":"way:904648386"}},{"type":"Feature","geometry":{"type":"LineString","coordinates":[[112.9415412,22.908603],[112.9415737,22.908467]]},"properties":{"key":"way:904648387@overview:112_22","osmType":"way","osmId":904648387,"sourceRegion":"guangzhou","featureType":"infrastructure","railClass":"national","mode":"rail","name":"广珠线","nameEn":"Guangzhu Line","ref":"0710","usage":"main","bridge":"yes","status":"operational","color":"#E54848","sourceKey":"way:904648387"}},{"type":"Feature","geometry":{"type":"LineString","coordinates":[[112.9403548,22.9136897],[112.9415412,22.908603]]},"properties":{"key":"way:904648388@overview:112_22","osmType":"way","osmId":904648388,"sourceRegion":"guangzhou","featureType":"infrastructure","railClass":"national","mode":"rail","name":"广珠线","nameEn":"Guangzhu Line","ref":"0710","usage":"main","status":"operational","color":"#E54848","sourceKey":"way:904648388"}},{"type":"Feature","geometry":{"type":"LineString","coordinates":[[112.940296,22.913956],[112.9403548,22.9136897]]},"properties":{"key":"way:904648389@overview:112_22","osmType":"way","osmId":904648389,"sourceRegion":"guangzhou","featureType":"infrastructure","railClass":"national","mode":"rail","name":"广珠线","nameEn":"Guangzhu Line","ref":"0710","usage":"main","bridge":"yes","status":"operational","color":"#E54848","sourceKey":"way:904648389"}},{"type":"Feature","geometry":{"type":"LineString","coordinates":[[112.9377209,22.9236453],[112.940296,22.913956]]},"properties":{"key":"way:904648390@overview:112_22","osmType":"way","osmId":904648390,"sourceRegion":"guangzhou","featureType":"infrastructure","railClass":"national","mode":"rail","name":"广珠线","nameEn":"Guangzhu Line","ref":"0710","usage":"main","status":"operational","color":"#E54848","sourceKey":"way:904648390"}},{"type":"Feature","geometry":{"type":"LineString","coordinates":[[112.9370808,22.925136],[112.9377209,22.9236453]]},"properties":{"key":"way:904648391@overview:112_22","osmType":"way","osmId":904648391,"sourceRegion":"guangzhou","featureType":"infrastructure","railClass":"national","mode":"rail","name":"广珠线","nameEn":"Guangzhu Line","ref":"0710","usage":"main","bridge":"yes","status":"operational","color":"#E54848","sourceKey":"way:904648391"}},{"type":"Feature","geometry":{"type":"LineString","coordinates":[[112.9013897,22.9748566],[112.9090773,22.9569168],[112.9370808,22.925136]]},"properties":{"key":"way:904648392@overview:112_22","osmType":"way","osmId":904648392,"sourceRegion":"guangzhou","featureType":"infrastructure","railClass":"national","mode":"rail","name":"广珠线","nameEn":"Guangzhu Line","ref":"0710","usage":"main","bridge":"yes","status":"operational","color":"#E54848","sourceKey":"way:904648392"}},{"type":"Feature","geometry":{"type":"LineString","coordinates":[[112.9251213,22.7562397],[112.9248618,22.7574421]]},"properties":{"key":"way:940586076@overview:112_22","osmType":"way","osmId":940586076,"sourceRegion":"guangzhou","featureType":"infrastructure","railClass":"national","mode":"rail","name":"未命名","status":"operational","color":"#E54848","sourceKey":"way:940586076"}},{"type":"Feature","geometry":{"type":"LineString","coordinates":[[112.9252305,22.756285],[112.9224737,22.7700045]]},"properties":{"key":"way:940586077@overview:112_22","osmType":"way","osmId":940586077,"sourceRegion":"guangzhou","featureType":"infrastructure","railClass":"national","mode":"rail","name":"广珠线","nameEn":"Guangzhu Line","ref":"0710","usage":"main","status":"operational","color":"#E54848","sourceKey":"way:940586077"}},{"type":"Feature","geometry":{"type":"LineString","coordinates":[[112.9225216,22.7700126],[112.925278,22.7562947]]},"properties":{"key":"way:940586078@overview:112_22","osmType":"way","osmId":940586078,"sourceRegion":"guangzhou","featureType":"infrastructure","railClass":"national","mode":"rail","name":"广珠线","nameEn":"Guangzhu Line","ref":"0710","usage":"main","status":"operational","color":"#E54848","sourceKey":"way:940586078"}},{"type":"Feature","geometry":{"type":"LineString","coordinates":[[112.925278,22.7562947],[112.9320932,22.7459215]]},"properties":{"key":"way:940586079@overview:112_22","osmType":"way","osmId":940586079,"sourceRegion":"guangzhou","featureType":"infrastructure","railClass":"national","mode":"rail","name":"广珠线","nameEn":"Guangzhu Line","ref":"0710","usage":"main","bridge":"yes","status":"operational","color":"#E54848","sourceKey":"way:940586079"}},{"type":"Feature","geometry":{"type":"LineString","coordinates":[[112.9324128,22.7460371],[112.9252305,22.756285]]},"properties":{"key":"way:940586080@overview:112_22","osmType":"way","osmId":940586080,"sourceRegion":"guangzhou","featureType":"infrastructure","railClass":"national","mode":"rail","name":"广珠线","nameEn":"Guangzhu Line","ref":"0710","usage":"main","bridge":"yes","status":"operational","color":"#E54848","sourceKey":"way:940586080"}},{"type":"Feature","geometry":{"type":"LineString","coordinates":[[112.9335192,22.7445744],[112.9324128,22.7460371]]},"properties":{"key":"way:940586081@overview:112_22","osmType":"way","osmId":940586081,"sourceRegion":"guangzhou","featureType":"infrastructure","railClass":"national","mode":"rail","name":"广珠线","nameEn":"Guangzhu Line","ref":"0710","usage":"main","status":"operational","color":"#E54848","sourceKey":"way:940586081"}},{"type":"Feature","geometry":{"type":"LineString","coordinates":[[112.9320932,22.7459215],[112.9335884,22.7445821]]},"properties":{"key":"way:940586082@overview:112_22","osmType":"way","osmId":940586082,"sourceRegion":"guangzhou","featureType":"infrastructure","railClass":"national","mode":"rail","name":"广珠线","nameEn":"Guangzhu Line","ref":"0710","usage":"main","status":"operational","color":"#E54848","sourceKey":"way:940586082"}},{"type":"Feature","geometry":{"type":"LineString","coordinates":[[112.934267,22.7439072],[112.9335192,22.7445744]]},"properties":{"key":"way:940586083@overview:112_22","osmType":"way","osmId":940586083,"sourceRegion":"guangzhou","featureType":"infrastructure","railClass":"national","mode":"rail","name":"广珠线","nameEn":"Guangzhu Line","ref":"0710","usage":"main","bridge":"yes","status":"operational","color":"#E54848","sourceKey":"way:940586083"}},{"type":"Feature","geometry":{"type":"LineString","coordinates":[[112.9335884,22.7445821],[112.9342988,22.7439457]]},"properties":{"key":"way:940586084@overview:112_22","osmType":"way","osmId":940586084,"sourceRegion":"guangzhou","featureType":"infrastructure","railClass":"national","mode":"rail","name":"广珠线","nameEn":"Guangzhu Line","ref":"0710","usage":"main","bridge":"yes","status":"operational","color":"#E54848","sourceKey":"way:940586084"}},{"type":"Feature","geometry":{"type":"LineString","coordinates":[[112.9342988,22.7439457],[112.9355439,22.7428032]]},"properties":{"key":"way:940586085@overview:112_22","osmType":"way","osmId":940586085,"sourceRegion":"guangzhou","featureType":"infrastructure","railClass":"national","mode":"rail","name":"广珠线","nameEn":"Guangzhu Line","ref":"0710","usage":"main","status":"operational","color":"#E54848","sourceKey":"way:940586085"}},{"type":"Feature","geometry":{"type":"LineString","coordinates":[[112.9355175,22.7427639],[112.934267,22.7439072]]},"properties":{"key":"way:940586086@overview:112_22","osmType":"way","osmId":940586086,"sourceRegion":"guangzhou","featureType":"infrastructure","railClass":"national","mode":"rail","name":"广珠线","nameEn":"Guangzhu Line","ref":"0710","usage":"main","status":"operational","color":"#E54848","sourceKey":"way:940586086"}},{"type":"Feature","geometry":{"type":"LineString","coordinates":[[112.9360032,22.7423132],[112.9355175,22.7427639]]},"properties":{"key":"way:940586087@overview:112_22","osmType":"way","osmId":940586087,"sourceRegion":"guangzhou","featureType":"infrastructure","railClass":"national","mode":"rail","name":"广珠线","nameEn":"Guangzhu Line","ref":"0710","usage":"main","bridge":"yes","status":"operational","color":"#E54848","sourceKey":"way:940586087"}},{"type":"Feature","geometry":{"type":"LineString","coordinates":[[112.9355439,22.7428032],[112.9360445,22.7423319]]},"properties":{"key":"way:940586088@overview:112_22","osmType":"way","osmId":940586088,"sourceRegion":"guangzhou","featureType":"infrastructure","railClass":"national","mode":"rail","name":"广珠线","nameEn":"Guangzhu Line","ref":"0710","usage":"main","bridge":"yes","status":"operational","color":"#E54848","sourceKey":"way:940586088"}},{"type":"Feature","geometry":{"type":"LineString","coordinates":[[112.9193187,22.782177],[112.9209352,22.7780375]]},"properties":{"key":"way:940586089@overview:112_22","osmType":"way","osmId":940586089,"sourceRegion":"guangzhou","featureType":"infrastructure","railClass":"national","mode":"rail","name":"广珠线","nameEn":"Guangzhu Line","ref":"0710","usage":"main","status":"operational","color":"#E54848","sourceKey":"way:940586089"}},{"type":"Feature","geometry":{"type":"LineString","coordinates":[[112.9208875,22.7780282],[112.9192803,22.7821503]]},"properties":{"key":"way:940586090@overview:112_22","osmType":"way","osmId":940586090,"sourceRegion":"guangzhou","featureType":"infrastructure","railClass":"national","mode":"rail","name":"广珠线","nameEn":"Guangzhu Line","ref":"0710","usage":"main","status":"operational","color":"#E54848","sourceKey":"way:940586090"}},{"type":"Feature","geometry":{"type":"LineString","coordinates":[[112.9189956,22.7827294],[112.9193187,22.782177]]},"properties":{"key":"way:940586091@overview:112_22","osmType":"way","osmId":940586091,"sourceRegion":"guangzhou","featureType":"infrastructure","railClass":"national","mode":"rail","name":"广珠线","nameEn":"Guangzhu Line","ref":"0710","usage":"main","bridge":"yes","status":"operational","color":"#E54848","sourceKey":"way:940586091"}},{"type":"Feature","geometry":{"type":"LineString","coordinates":[[112.9192803,22.7821503],[112.9189617,22.7826935]]},"properties":{"key":"way:940586092@overview:112_22","osmType":"way","osmId":940586092,"sourceRegion":"guangzhou","featureType":"infrastructure","railClass":"national","mode":"rail","name":"广珠线","nameEn":"Guangzhu Line","ref":"0710","usage":"main","bridge":"yes","status":"operational","color":"#E54848","sourceKey":"way:940586092"}},{"type":"Feature","geometry":{"type":"LineString","coordinates":[[112.9189617,22.7826935],[112.9090686,22.792741],[112.9055366,22.8000911]]},"properties":{"key":"way:940586093@overview:112_22","osmType":"way","osmId":940586093,"sourceRegion":"guangzhou","featureType":"infrastructure","railClass":"national","mode":"rail","name":"广珠线","nameEn":"Guangzhu Line","ref":"0710","usage":"main","status":"operational","color":"#E54848","sourceKey":"way:940586093"}},{"type":"Feature","geometry":{"type":"LineString","coordinates":[[112.9055836,22.8001039],[112.9091084,22.792767],[112.9189956,22.7827294]]},"properties":{"key":"way:940586094@overview:112_22","osmType":"way","osmId":940586094,"sourceRegion":"guangzhou","featureType":"infrastructure","railClass":"national","mode":"rail","name":"广珠线","nameEn":"Guangzhu Line","ref":"0710","usage":"main","status":"operational","color":"#E54848","sourceKey":"way:940586094"}},{"type":"Feature","geometry":{"type":"LineString","coordinates":[[112.9055366,22.8000911],[112.9046249,22.8021236]]},"properties":{"key":"way:940586095@overview:112_22","osmType":"way","osmId":940586095,"sourceRegion":"guangzhou","featureType":"infrastructure","railClass":"national","mode":"rail","name":"广珠线","nameEn":"Guangzhu Line","ref":"0710","usage":"main","bridge":"yes","status":"operational","color":"#E54848","sourceKey":"way:940586095"}},{"type":"Feature","geometry":{"type":"LineString","coordinates":[[112.9046647,22.8021524],[112.9055836,22.8001039]]},"properties":{"key":"way:940586096@overview:112_22","osmType":"way","osmId":940586096,"sourceRegion":"guangzhou","featureType":"infrastructure","railClass":"national","mode":"rail","name":"广珠线","nameEn":"Guangzhu Line","ref":"0710","usage":"main","bridge":"yes","status":"operational","color":"#E54848","sourceKey":"way:940586096"}},{"type":"Feature","geometry":{"type":"LineString","coordinates":[[112.9016657,22.8194821],[112.9024383,22.8208039]]},"properties":{"key":"way:940586097@overview:112_22","osmType":"way","osmId":940586097,"sourceRegion":"guangzhou","featureType":"infrastructure","railClass":"national","mode":"rail","name":"广珠线","nameEn":"Guangzhu Line","ref":"0710","usage":"main","bridge":"yes","status":"operational","color":"#E54848","sourceKey":"way:940586097"}},{"type":"Feature","geometry":{"type":"LineString","coordinates":[[112.9024729,22.8207733],[112.9017116,22.8194728]]},"properties":{"key":"way:940586098@overview:112_22","osmType":"way","osmId":940586098,"sourceRegion":"guangzhou","featureType":"infrastructure","railClass":"national","mode":"rail","name":"广珠线","nameEn":"Guangzhu Line","ref":"0710","usage":"main","bridge":"yes","status":"operational","color":"#E54848","sourceKey":"way:940586098"}},{"type":"Feature","geometry":{"type":"LineString","coordinates":[[112.9032178,22.8219017],[112.9024729,22.8207733]]},"properties":{"key":"way:940586099@overview:112_22","osmType":"way","osmId":940586099,"sourceRegion":"guangzhou","featureType":"infrastructure","railClass":"national","mode":"rail","name":"广珠线","nameEn":"Guangzhu Line","ref":"0710","usage":"main","status":"operational","color":"#E54848","sourceKey":"way:940586099"}},{"type":"Feature","geometry":{"type":"LineString","coordinates":[[112.9024383,22.8208039],[112.9031694,22.821942]]},"properties":{"key":"way:940586100@overview:112_22","osmType":"way","osmId":940586100,"sourceRegion":"guangzhou","featureType":"infrastructure","railClass":"national","mode":"rail","name":"广珠线","nameEn":"Guangzhu Line","ref":"0710","usage":"main","status":"operational","color":"#E54848","sourceKey":"way:940586100"}},{"type":"Feature","geometry":{"type":"LineString","coordinates":[[112.9039877,22.8231615],[112.9045922,22.8240528]]},"properties":{"key":"way:940586101@overview:112_22","osmType":"way","osmId":940586101,"sourceRegion":"guangzhou","featureType":"infrastructure","railClass":"national","mode":"rail","name":"广珠线","nameEn":"Guangzhu Line","ref":"0710","usage":"main","status":"operational","color":"#E54848","sourceKey":"way:940586101"}},{"type":"Feature","geometry":{"type":"LineString","coordinates":[[112.9046398,22.8240287],[112.904028,22.8231249]]},"properties":{"key":"way:940586102@overview:112_22","osmType":"way","osmId":940586102,"sourceRegion":"guangzhou","featureType":"infrastructure","railClass":"national","mode":"rail","name":"广珠线","nameEn":"Guangzhu Line","ref":"0710","usage":"main","status":"operational","color":"#E54848","sourceKey":"way:940586102"}},{"type":"Feature","geometry":{"type":"LineString","coordinates":[[112.9045922,22.8240528],[112.905707,22.8256964]]},"properties":{"key":"way:940586103@overview:112_22","osmType":"way","osmId":940586103,"sourceRegion":"guangzhou","featureType":"infrastructure","railClass":"national","mode":"rail","name":"广珠线","nameEn":"Guangzhu Line","ref":"0710","usage":"main","tunnel":"yes","status":"operational","color":"#E54848","sourceKey":"way:940586103"}},{"type":"Feature","geometry":{"type":"LineString","coordinates":[[112.9057447,22.8256606],[112.9046398,22.8240287]]},"properties":{"key":"way:940586104@overview:112_22","osmType":"way","osmId":940586104,"sourceRegion":"guangzhou","featureType":"infrastructure","railClass":"national","mode":"rail","name":"广珠线","nameEn":"Guangzhu Line","ref":"0710","usage":"main","tunnel":"yes","status":"operational","color":"#E54848","sourceKey":"way:940586104"}},{"type":"Feature","geometry":{"type":"LineString","coordinates":[[112.9500716,22.7237425],[112.9535144,22.7214643]]},"properties":{"key":"way:940586105@overview:112_22","osmType":"way","osmId":940586105,"sourceRegion":"guangzhou","featureType":"infrastructure","railClass":"national","mode":"rail","name":"广珠线","nameEn":"Guangzhu Line","ref":"0710","usage":"main","status":"operational","color":"#E54848","sourceKey":"way:940586105"}},{"type":"Feature","geometry":{"type":"LineString","coordinates":[[112.953486,22.7214277],[112.9500401,22.7237081]]},"properties":{"key":"way:940586106@overview:112_22","osmType":"way","osmId":940586106,"sourceRegion":"guangzhou","featureType":"infrastructure","railClass":"national","mode":"rail","name":"广珠线","nameEn":"Guangzhu Line","ref":"0710","usage":"main","status":"operational","color":"#E54848","sourceKey":"way:940586106"}},{"type":"Feature","geometry":{"type":"LineString","coordinates":[[112.9500401,22.7237081],[112.9474053,22.7263489]]},"properties":{"key":"way:940586107@overview:112_22","osmType":"way","osmId":940586107,"sourceRegion":"guangzhou","featureType":"infrastructure","railClass":"national","mode":"rail","name":"广珠线","nameEn":"Guangzhu Line","ref":"0710","usage":"main","bridge":"yes","status":"operational","color":"#E54848","sourceKey":"way:940586107"}},{"type":"Feature","geometry":{"type":"LineString","coordinates":[[112.9474603,22.7263534],[112.9500716,22.7237425]]},"properties":{"key":"way:940586108@overview:112_22","osmType":"way","osmId":940586108,"sourceRegion":"guangzhou","featureType":"infrastructure","railClass":"national","mode":"rail","name":"广珠线","nameEn":"Guangzhu Line","ref":"0710","usage":"main","bridge":"yes","status":"operational","color":"#E54848","sourceKey":"way:940586108"}},{"type":"Feature","geometry":{"type":"LineString","coordinates":[[112.8514857,22.9503532],[112.8509807,22.9500914]]},"properties":{"key":"way:979525951@overview:112_22","osmType":"way","osmId":979525951,"sourceRegion":"guangzhou","featureType":"infrastructure","railClass":"tram","mode":"tram","name":"未命名","service":"yard","status":"operational","color":"#8d5ac7","sourceKey":"way:979525951"}},{"type":"Feature","geometry":{"type":"LineString","coordinates":[[112.8514642,22.9503893],[112.8509599,22.9501263]]},"properties":{"key":"way:979525952@overview:112_22","osmType":"way","osmId":979525952,"sourceRegion":"guangzhou","featureType":"infrastructure","railClass":"tram","mode":"tram","name":"未命名","service":"yard","status":"operational","color":"#8d5ac7","sourceKey":"way:979525952"}},{"type":"Feature","geometry":{"type":"LineString","coordinates":[[112.8508803,22.9502598],[112.8516691,22.9506565]]},"properties":{"key":"way:979525953@overview:112_22","osmType":"way","osmId":979525953,"sourceRegion":"guangzhou","featureType":"infrastructure","railClass":"tram","mode":"tram","name":"未命名","service":"yard","status":"operational","color":"#8d5ac7","sourceKey":"way:979525953"}},{"type":"Feature","geometry":{"type":"LineString","coordinates":[[112.8508506,22.9503097],[112.8516374,22.9507075]]},"properties":{"key":"way:979525954@overview:112_22","osmType":"way","osmId":979525954,"sourceRegion":"guangzhou","featureType":"infrastructure","railClass":"tram","mode":"tram","name":"未命名","service":"yard","status":"operational","color":"#8d5ac7","sourceKey":"way:979525954"}},{"type":"Feature","geometry":{"type":"LineString","coordinates":[[112.8512296,22.9509176],[112.8505831,22.9500586]]},"properties":{"key":"way:979525955@overview:112_22","osmType":"way","osmId":979525955,"sourceRegion":"guangzhou","featureType":"infrastructure","railClass":"tram","mode":"tram","name":"未命名","service":"yard","status":"operational","color":"#8d5ac7","sourceKey":"way:979525955"}},{"type":"Feature","geometry":{"type":"LineString","coordinates":[[112.8510234,22.9504816],[112.8512899,22.9506147]]},"properties":{"key":"way:979525956@overview:112_22","osmType":"way","osmId":979525956,"sourceRegion":"guangzhou","featureType":"infrastructure","railClass":"tram","mode":"tram","name":"未命名","service":"yard","status":"operational","color":"#8d5ac7","sourceKey":"way:979525956"}},{"type":"Feature","geometry":{"type":"LineString","coordinates":[[112.8516492,22.9502344],[112.8508773,22.949929]]},"properties":{"key":"way:979525957@overview:112_22","osmType":"way","osmId":979525957,"sourceRegion":"guangzhou","featureType":"infrastructure","railClass":"tram","mode":"tram","name":"未命名","service":"yard","status":"operational","color":"#8d5ac7","sourceKey":"way:979525957"}},{"type":"Feature","geometry":{"type":"LineString","coordinates":[[112.851372,22.9500254],[112.8505208,22.9499521]]},"properties":{"key":"way:979525958@overview:112_22","osmType":"way","osmId":979525958,"sourceRegion":"guangzhou","featureType":"infrastructure","railClass":"tram","mode":"tram","name":"未命名","service":"yard","status":"operational","color":"#8d5ac7","sourceKey":"way:979525958"}},{"type":"Feature","geometry":{"type":"LineString","coordinates":[[112.8517042,22.9501375],[112.8507989,22.9499457]]},"properties":{"key":"way:979525959@overview:112_22","osmType":"way","osmId":979525959,"sourceRegion":"guangzhou","featureType":"infrastructure","railClass":"tram","mode":"tram","name":"未命名","service":"yard","status":"operational","color":"#8d5ac7","sourceKey":"way:979525959"}},{"type":"Feature","geometry":{"type":"LineString","coordinates":[[112.89808472473807,23.0],[112.8981587,22.998381]]},"properties":{"key":"way:1073234885@overview:112_22","osmType":"way","osmId":1073234885,"sourceRegion":"guangzhou","featureType":"infrastructure","railClass":"national","mode":"rail","name":"广珠线","nameEn":"Guangzhu Line","ref":"0710","usage":"main","bridge":"yes","status":"operational","color":"#E54848","sourceKey":"way:1073234885"}},{"type":"Feature","geometry":{"type":"LineString","coordinates":[[112.8981125,22.9983738],[112.89803873872759,23.0]]},"properties":{"key":"way:1073234886@overview:112_22","osmType":"way","osmId":1073234886,"sourceRegion":"guangzhou","featureType":"infrastructure","railClass":"national","mode":"rail","name":"广珠线","nameEn":"Guangzhu Line","ref":"0710","usage":"main","bridge":"yes","status":"operational","color":"#E54848","sourceKey":"way:1073234886"}},{"type":"Feature","geometry":{"type":"LineString","coordinates":[[112.8981587,22.998381],[112.8984683,22.9812658],[112.9013897,22.9748566]]},"properties":{"key":"way:1073234887@overview:112_22","osmType":"way","osmId":1073234887,"sourceRegion":"guangzhou","featureType":"infrastructure","railClass":"national","mode":"rail","name":"广珠线","nameEn":"Guangzhu Line","ref":"0710","usage":"main","status":"operational","color":"#E54848","sourceKey":"way:1073234887"}},{"type":"Feature","geometry":{"type":"LineString","coordinates":[[112.9013464,22.974835],[112.8984188,22.9812645],[112.8981125,22.9983738]]},"properties":{"key":"way:1073234888@overview:112_22","osmType":"way","osmId":1073234888,"sourceRegion":"guangzhou","featureType":"infrastructure","railClass":"national","mode":"rail","name":"广珠线","nameEn":"Guangzhu Line","ref":"0710","usage":"main","status":"operational","color":"#E54848","sourceKey":"way:1073234888"}},{"type":"Feature","geometry":{"type":"LineString","coordinates":[[112.8516899,22.9694487],[112.8760677,22.9840483],[112.89358721000745,23.0]]},"properties":{"key":"way:1074827034@overview:112_22","osmType":"way","osmId":1074827034,"sourceRegion":"guangzhou","featureType":"infrastructure","railClass":"highspeed","mode":"rail","name":"广湛高速线","nameEn":"Guangzhou-Zhanjiang Railway","usage":"main","highspeed":"yes","bridge":"yes","status":"operational","color":"#E54848","sourceKey":"way:1074827034"}},{"type":"Feature","geometry":{"type":"LineString","coordinates":[[112.7914855,22.8956613],[112.7695842,22.9154466],[112.734281,22.9306642]]},"properties":{"key":"way:1097489669@overview:112_22","osmType":"way","osmId":1097489669,"sourceRegion":"guangzhou","featureType":"infrastructure","railClass":"construction","mode":"construction","name":"南珠高速线","nameEn":"Nanning-Zhuhai Highspeed Railway","usage":"main","highspeed":"yes","bridge":"yes","status":"construction","color":"#397F9D","sourceKey":"way:1097489669"}},{"type":"Feature","geometry":{"type":"LineString","coordinates":[[112.8199259,22.8632672],[112.8171213,22.8672711]]},"properties":{"key":"way:1097489670@overview:112_22","osmType":"way","osmId":1097489670,"sourceRegion":"guangzhou","featureType":"infrastructure","railClass":"construction","mode":"construction","name":"南珠高速线","nameEn":"Nanning-Zhuhai Highspeed Railway","usage":"main","highspeed":"yes","bridge":"yes","status":"construction","color":"#397F9D","sourceKey":"way:1097489670"}},{"type":"Feature","geometry":{"type":"LineString","coordinates":[[112.7124649,22.9571565],[112.7491835,22.9634698],[112.7696025,22.9633711]]},"properties":{"key":"way:1229243326@overview:112_22","osmType":"way","osmId":1229243326,"sourceRegion":"guangzhou","featureType":"infrastructure","railClass":"highspeed","mode":"rail","name":"广湛高速线","nameEn":"Guangzhou-Zhanjiang Railway","usage":"main","highspeed":"yes","tunnel":"yes","status":"operational","color":"#E54848","sourceKey":"way:1229243326"}},{"type":"Feature","geometry":{"type":"LineString","coordinates":[[113.0,22.646686133253073],[112.9974305,22.648856]]},"properties":{"key":"way:1248726493@overview:112_22","osmType":"way","osmId":1248726493,"sourceRegion":"guangzhou","featureType":"infrastructure","railClass":"construction","mode":"construction","name":"南珠高速线","nameEn":"Nanning-Zhuhai Highspeed Railway","usage":"main","highspeed":"yes","tunnel":"yes","status":"construction","color":"#397F9D","sourceKey":"way:1248726493"}},{"type":"Feature","geometry":{"type":"LineString","coordinates":[[112.9974305,22.648856],[112.9896761,22.6545093]]},"properties":{"key":"way:1248726494@overview:112_22","osmType":"way","osmId":1248726494,"sourceRegion":"guangzhou","featureType":"infrastructure","railClass":"construction","mode":"construction","name":"南珠高速线","nameEn":"Nanning-Zhuhai Highspeed Railway","usage":"main","highspeed":"yes","bridge":"yes","status":"construction","color":"#397F9D","sourceKey":"way:1248726494"}},{"type":"Feature","geometry":{"type":"LineString","coordinates":[[112.9890861,22.6549118],[112.9830349,22.6591256]]},"properties":{"key":"way:1248726495@overview:112_22","osmType":"way","osmId":1248726495,"sourceRegion":"guangzhou","featureType":"infrastructure","railClass":"construction","mode":"construction","name":"南珠高速线","nameEn":"Nanning-Zhuhai Highspeed Railway","usage":"main","highspeed":"yes","bridge":"yes","status":"construction","color":"#397F9D","sourceKey":"way:1248726495"}},{"type":"Feature","geometry":{"type":"LineString","coordinates":[[112.9830349,22.6591256],[112.981326,22.6604094]]},"properties":{"key":"way:1248726497@overview:112_22","osmType":"way","osmId":1248726497,"sourceRegion":"guangzhou","featureType":"infrastructure","railClass":"construction","mode":"construction","name":"南珠高速线","nameEn":"Nanning-Zhuhai Highspeed Railway","usage":"main","highspeed":"yes","status":"construction","color":"#397F9D","sourceKey":"way:1248726497"}},{"type":"Feature","geometry":{"type":"LineString","coordinates":[[112.9784593,22.6627185],[112.9774574,22.6636053]]},"properties":{"key":"way:1248726498@overview:112_22","osmType":"way","osmId":1248726498,"sourceRegion":"guangzhou","featureType":"infrastructure","railClass":"construction","mode":"construction","name":"南珠高速线","nameEn":"Nanning-Zhuhai Highspeed Railway","usage":"main","highspeed":"yes","tunnel":"yes","status":"construction","color":"#397F9D","sourceKey":"way:1248726498"}},{"type":"Feature","geometry":{"type":"LineString","coordinates":[[112.981326,22.6604094],[112.9794256,22.6619327]]},"properties":{"key":"way:1248735893@overview:112_22","osmType":"way","osmId":1248735893,"sourceRegion":"guangzhou","featureType":"infrastructure","railClass":"construction","mode":"construction","name":"南珠高速线","nameEn":"Nanning-Zhuhai Highspeed Railway","usage":"main","highspeed":"yes","bridge":"yes","status":"construction","color":"#397F9D","sourceKey":"way:1248735893"}},{"type":"Feature","geometry":{"type":"LineString","coordinates":[[112.9794256,22.6619327],[112.9784593,22.6627185]]},"properties":{"key":"way:1248735894@overview:112_22","osmType":"way","osmId":1248735894,"sourceRegion":"guangzhou","featureType":"infrastructure","railClass":"construction","mode":"construction","name":"南珠高速线","nameEn":"Nanning-Zhuhai Highspeed Railway","usage":"main","highspeed":"yes","status":"construction","color":"#397F9D","sourceKey":"way:1248735894"}},{"type":"Feature","geometry":{"type":"LineString","coordinates":[[112.9084914,22.7276683],[112.8639025,22.7578658],[112.8524547,22.7698294],[112.842365,22.7910376],[112.8304215,22.842449],[112.8250299,22.8577788],[112.8199259,22.8632672]]},"properties":{"key":"way:1248735895@overview:112_22","osmType":"way","osmId":1248735895,"sourceRegion":"guangzhou","featureType":"infrastructure","railClass":"construction","mode":"construction","name":"南珠高速线","nameEn":"Nanning-Zhuhai Highspeed Railway","usage":"main","highspeed":"yes","status":"construction","color":"#397F9D","sourceKey":"way:1248735895"}},{"type":"Feature","geometry":{"type":"LineString","coordinates":[[112.8157684,22.8687725],[112.7963632,22.890306]]},"properties":{"key":"way:1248735896@overview:112_22","osmType":"way","osmId":1248735896,"sourceRegion":"guangzhou","featureType":"infrastructure","railClass":"construction","mode":"construction","name":"南珠高速线","nameEn":"Nanning-Zhuhai Highspeed Railway","usage":"main","highspeed":"yes","bridge":"yes","status":"construction","color":"#397F9D","sourceKey":"way:1248735896"}},{"type":"Feature","geometry":{"type":"LineString","coordinates":[[112.8171213,22.8672711],[112.8157684,22.8687725]]},"properties":{"key":"way:1248735897@overview:112_22","osmType":"way","osmId":1248735897,"sourceRegion":"guangzhou","featureType":"infrastructure","railClass":"construction","mode":"construction","name":"南珠高速线","nameEn":"Nanning-Zhuhai Highspeed Railway","usage":"main","highspeed":"yes","status":"construction","color":"#397F9D","sourceKey":"way:1248735897"}},{"type":"Feature","geometry":{"type":"LineString","coordinates":[[112.7963632,22.890306],[112.7935842,22.8933572]]},"properties":{"key":"way:1248735898@overview:112_22","osmType":"way","osmId":1248735898,"sourceRegion":"guangzhou","featureType":"infrastructure","railClass":"construction","mode":"construction","name":"南珠高速线","nameEn":"Nanning-Zhuhai Highspeed Railway","usage":"main","highspeed":"yes","status":"construction","color":"#397F9D","sourceKey":"way:1248735898"}},{"type":"Feature","geometry":{"type":"LineString","coordinates":[[112.8041139,22.9589208],[112.8231644,22.9591079],[112.841148,22.9640215]]},"properties":{"key":"way:1249006557@overview:112_22","osmType":"way","osmId":1249006557,"sourceRegion":"guangzhou","featureType":"infrastructure","railClass":"highspeed","mode":"rail","name":"广湛高速线","nameEn":"Guangzhou-Zhanjiang Railway","usage":"main","highspeed":"yes","bridge":"yes","status":"operational","color":"#E54848","sourceKey":"way:1249006557"}},{"type":"Feature","geometry":{"type":"LineString","coordinates":[[112.841148,22.9640215],[112.843175,22.9649017]]},"properties":{"key":"way:1249006558@overview:112_22","osmType":"way","osmId":1249006558,"sourceRegion":"guangzhou","featureType":"infrastructure","railClass":"highspeed","mode":"rail","name":"广湛高速线","nameEn":"Guangzhou-Zhanjiang Railway","usage":"main","highspeed":"yes","tunnel":"yes","status":"operational","color":"#E54848","sourceKey":"way:1249006558"}},{"type":"Feature","geometry":{"type":"LineString","coordinates":[[112.843175,22.9649017],[112.8449104,22.9657626]]},"properties":{"key":"way:1249006559@overview:112_22","osmType":"way","osmId":1249006559,"sourceRegion":"guangzhou","featureType":"infrastructure","railClass":"highspeed","mode":"rail","name":"广湛高速线","nameEn":"Guangzhou-Zhanjiang Railway","usage":"main","highspeed":"yes","status":"operational","color":"#E54848","sourceKey":"way:1249006559"}},{"type":"Feature","geometry":{"type":"LineString","coordinates":[[112.8449104,22.9657626],[112.8516899,22.9694487]]},"properties":{"key":"way:1249006560@overview:112_22","osmType":"way","osmId":1249006560,"sourceRegion":"guangzhou","featureType":"infrastructure","railClass":"highspeed","mode":"rail","name":"广湛高速线","nameEn":"Guangzhou-Zhanjiang Railway","usage":"main","highspeed":"yes","tunnel":"yes","status":"operational","color":"#E54848","sourceKey":"way:1249006560"}},{"type":"Feature","geometry":{"type":"LineString","coordinates":[[112.7936445,22.893399],[112.7964177,22.8903553]]},"properties":{"key":"way:1249006561@overview:112_22","osmType":"way","osmId":1249006561,"sourceRegion":"guangzhou","featureType":"infrastructure","railClass":"construction","mode":"construction","name":"南珠高速线","nameEn":"Nanning-Zhuhai Highspeed Railway","usage":"main","highspeed":"yes","status":"construction","color":"#397F9D","sourceKey":"way:1249006561"}},{"type":"Feature","geometry":{"type":"LineString","coordinates":[[112.7935842,22.8933572],[112.7914177,22.8956039]]},"properties":{"key":"way:1249006562@overview:112_22","osmType":"way","osmId":1249006562,"sourceRegion":"guangzhou","featureType":"infrastructure","railClass":"construction","mode":"construction","name":"珠肇高速线","usage":"main","highspeed":"yes","status":"construction","color":"#52636f","sourceKey":"way:1249006562"}},{"type":"Feature","geometry":{"type":"LineString","coordinates":[[112.7916063,22.8957676],[112.7936445,22.893399]]},"properties":{"key":"way:1249006563@overview:112_22","osmType":"way","osmId":1249006563,"sourceRegion":"guangzhou","featureType":"infrastructure","railClass":"construction","mode":"construction","name":"珠肇高速线","usage":"main","highspeed":"yes","status":"construction","color":"#52636f","sourceKey":"way:1249006563"}},{"type":"Feature","geometry":{"type":"LineString","coordinates":[[112.7914177,22.8956039],[112.782366,22.9070445],[112.7759202,22.9294603],[112.7779997,22.9395423],[112.7886824,22.9620628],[112.7897134,22.9833801]]},"properties":{"key":"way:1249006564@overview:112_22","osmType":"way","osmId":1249006564,"sourceRegion":"guangzhou","featureType":"infrastructure","railClass":"construction","mode":"construction","name":"珠肇高速线","usage":"main","highspeed":"yes","bridge":"yes","status":"construction","color":"#52636f","sourceKey":"way:1249006564"}},{"type":"Feature","geometry":{"type":"LineString","coordinates":[[112.7828719,22.9050539],[112.7915367,22.8957125]]},"properties":{"key":"way:1249006565@overview:112_22","osmType":"way","osmId":1249006565,"sourceRegion":"guangzhou","featureType":"infrastructure","railClass":"construction","mode":"construction","name":"南珠高速线","nameEn":"Nanning-Zhuhai Highspeed Railway","usage":"main","highspeed":"yes","bridge":"yes","status":"construction","color":"#397F9D","sourceKey":"way:1249006565"}},{"type":"Feature","geometry":{"type":"LineString","coordinates":[[112.78983,22.9671386],[112.7780815,22.9395212],[112.7760061,22.9294459],[112.782096,22.908192],[112.7916063,22.8957676]]},"properties":{"key":"way:1249006566@overview:112_22","osmType":"way","osmId":1249006566,"sourceRegion":"guangzhou","featureType":"infrastructure","railClass":"construction","mode":"construction","name":"珠肇高速线","usage":"main","highspeed":"yes","bridge":"yes","status":"construction","color":"#52636f","sourceKey":"way:1249006566"}},{"type":"Feature","geometry":{"type":"LineString","coordinates":[[112.7696085,22.9632517],[112.7492851,22.9633626],[112.7125014,22.9570248]]},"properties":{"key":"way:1249006569@overview:112_22","osmType":"way","osmId":1249006569,"sourceRegion":"guangzhou","featureType":"infrastructure","railClass":"highspeed","mode":"rail","name":"广湛高速线","nameEn":"Guangzhou-Zhanjiang Railway","usage":"main","highspeed":"yes","tunnel":"yes","status":"operational","color":"#E54848","sourceKey":"way:1249006569"}},{"type":"Feature","geometry":{"type":"LineString","coordinates":[[112.7834185,22.9506212],[112.7883076,22.9585859],[112.7954234,22.960686]]},"properties":{"key":"way:1249040930@overview:112_22","osmType":"way","osmId":1249040930,"sourceRegion":"guangzhou","featureType":"infrastructure","railClass":"construction","mode":"construction","name":"广湛联络线","usage":"main","highspeed":"yes","bridge":"yes","status":"construction","color":"#52636f","sourceKey":"way:1249040930"}},{"type":"Feature","geometry":{"type":"LineString","coordinates":[[112.7953651,22.9603516],[112.7888096,22.9586223],[112.7834905,22.9505845]]},"properties":{"key":"way:1249040931@overview:112_22","osmType":"way","osmId":1249040931,"sourceRegion":"guangzhou","featureType":"infrastructure","railClass":"construction","mode":"construction","name":"广湛联络线","usage":"main","highspeed":"yes","bridge":"yes","status":"construction","color":"#52636f","sourceKey":"way:1249040931"}},{"type":"Feature","geometry":{"type":"LineString","coordinates":[[112.9690476,22.7108595],[112.9712748,22.7094618]]},"properties":{"key":"way:1252192291@overview:112_22","osmType":"way","osmId":1252192291,"sourceRegion":"guangzhou","featureType":"infrastructure","railClass":"construction","mode":"rail","name":"南沙港线","nameEn":"Nanshagang Line","usage":"main","status":"construction","color":"#52636f","sourceKey":"way:1252192291"}},{"type":"Feature","geometry":{"type":"LineString","coordinates":[[112.9696136,22.7100557],[112.9577529,22.7185243]]},"properties":{"key":"way:1252192292@overview:112_22","osmType":"way","osmId":1252192292,"sourceRegion":"guangzhou","featureType":"infrastructure","railClass":"construction","mode":"rail","name":"南沙港线","nameEn":"Nanshagang Line","usage":"main","status":"construction","color":"#52636f","sourceKey":"way:1252192292"}},{"type":"Feature","geometry":{"type":"LineString","coordinates":[[112.9590059,22.7177128],[112.9582833,22.7182597]]},"properties":{"key":"way:1252192293@overview:112_22","osmType":"way","osmId":1252192293,"sourceRegion":"guangzhou","featureType":"infrastructure","railClass":"national","mode":"rail","name":"未命名","usage":"main","service":"crossover","status":"operational","color":"#E54848","sourceKey":"way:1252192293"}},{"type":"Feature","geometry":{"type":"LineString","coordinates":[[112.96642,22.7126482],[112.9671628,22.7121761]]},"properties":{"key":"way:1252192294@overview:112_22","osmType":"way","osmId":1252192294,"sourceRegion":"guangzhou","featureType":"infrastructure","railClass":"national","mode":"rail","name":"未命名","usage":"main","service":"crossover","status":"operational","color":"#E54848","sourceKey":"way:1252192294"}},{"type":"Feature","geometry":{"type":"LineString","coordinates":[[112.9936445,22.6987627],[113.0,22.695070015766195]]},"properties":{"key":"way:1290408712@overview:112_22","osmType":"way","osmId":1290408712,"sourceRegion":"guangzhou","featureType":"infrastructure","railClass":"construction","mode":"rail","name":"南沙港线","nameEn":"Nanshagang Line","usage":"main","bridge":"yes","status":"construction","color":"#52636f","sourceKey":"way:1290408712"}},{"type":"Feature","geometry":{"type":"LineString","coordinates":[[112.9936316,22.6987331],[113.0,22.69501422987805]]},"properties":{"key":"way:1290408741@overview:112_22","osmType":"way","osmId":1290408741,"sourceRegion":"guangzhou","featureType":"infrastructure","railClass":"construction","mode":"rail","name":"南沙港线","nameEn":"Nanshagang Line","usage":"main","bridge":"yes","status":"construction","color":"#52636f","sourceKey":"way:1290408741"}},{"type":"Feature","geometry":{"type":"LineString","coordinates":[[112.9793841,22.7024236],[112.9908308,22.6994095]]},"properties":{"key":"way:1290408745@overview:112_22","osmType":"way","osmId":1290408745,"sourceRegion":"guangzhou","featureType":"infrastructure","railClass":"construction","mode":"rail","name":"南沙港线","nameEn":"Nanshagang Line","usage":"main","bridge":"yes","status":"construction","color":"#52636f","sourceKey":"way:1290408745"}},{"type":"Feature","geometry":{"type":"LineString","coordinates":[[112.9794352,22.7026188],[112.990836,22.6994521]]},"properties":{"key":"way:1290408746@overview:112_22","osmType":"way","osmId":1290408746,"sourceRegion":"guangzhou","featureType":"infrastructure","railClass":"construction","mode":"rail","name":"南沙港线","nameEn":"Nanshagang Line","usage":"main","bridge":"viaduct","status":"construction","color":"#52636f","sourceKey":"way:1290408746"}},{"type":"Feature","geometry":{"type":"LineString","coordinates":[[112.990836,22.6994521],[112.9921663,22.6992292]]},"properties":{"key":"way:1290408747@overview:112_22","osmType":"way","osmId":1290408747,"sourceRegion":"guangzhou","featureType":"infrastructure","railClass":"construction","mode":"rail","name":"南沙港线","nameEn":"Nanshagang Line","usage":"main","status":"construction","color":"#52636f","sourceKey":"way:1290408747"}},{"type":"Feature","geometry":{"type":"LineString","coordinates":[[112.9908308,22.6994095],[112.9921505,22.6991953]]},"properties":{"key":"way:1290408748@overview:112_22","osmType":"way","osmId":1290408748,"sourceRegion":"guangzhou","featureType":"infrastructure","railClass":"construction","mode":"rail","name":"南沙港线","nameEn":"Nanshagang Line","usage":"main","status":"construction","color":"#52636f","sourceKey":"way:1290408748"}},{"type":"Feature","geometry":{"type":"LineString","coordinates":[[112.9921505,22.6991953],[112.9926993,22.6990524]]},"properties":{"key":"way:1290408749@overview:112_22","osmType":"way","osmId":1290408749,"sourceRegion":"guangzhou","featureType":"infrastructure","railClass":"construction","mode":"rail","name":"南沙港线","nameEn":"Nanshagang Line","usage":"main","bridge":"yes","status":"construction","color":"#52636f","sourceKey":"way:1290408749"}},{"type":"Feature","geometry":{"type":"LineString","coordinates":[[112.9921663,22.6992292],[112.9927234,22.6990884]]},"properties":{"key":"way:1290408750@overview:112_22","osmType":"way","osmId":1290408750,"sourceRegion":"guangzhou","featureType":"infrastructure","railClass":"construction","mode":"rail","name":"南沙港线","nameEn":"Nanshagang Line","usage":"main","bridge":"yes","status":"construction","color":"#52636f","sourceKey":"way:1290408750"}},{"type":"Feature","geometry":{"type":"LineString","coordinates":[[112.9927234,22.6990884],[112.9936445,22.6987627]]},"properties":{"key":"way:1290408751@overview:112_22","osmType":"way","osmId":1290408751,"sourceRegion":"guangzhou","featureType":"infrastructure","railClass":"construction","mode":"rail","name":"南沙港线","nameEn":"Nanshagang Line","usage":"main","status":"construction","color":"#52636f","sourceKey":"way:1290408751"}},{"type":"Feature","geometry":{"type":"LineString","coordinates":[[112.9926993,22.6990524],[112.9936316,22.6987331]]},"properties":{"key":"way:1290408752@overview:112_22","osmType":"way","osmId":1290408752,"sourceRegion":"guangzhou","featureType":"infrastructure","railClass":"construction","mode":"rail","name":"南沙港线","nameEn":"Nanshagang Line","usage":"main","status":"construction","color":"#52636f","sourceKey":"way:1290408752"}},{"type":"Feature","geometry":{"type":"LineString","coordinates":[[112.9712748,22.7094618],[112.9784755,22.7031497]]},"properties":{"key":"way:1290408753@overview:112_22","osmType":"way","osmId":1290408753,"sourceRegion":"guangzhou","featureType":"infrastructure","railClass":"construction","mode":"rail","name":"南沙港线","nameEn":"Nanshagang Line","usage":"main","bridge":"viaduct","status":"construction","color":"#52636f","sourceKey":"way:1290408753"}},{"type":"Feature","geometry":{"type":"LineString","coordinates":[[112.9784755,22.7031497],[112.9794352,22.7026188]]},"properties":{"key":"way:1290408754@overview:112_22","osmType":"way","osmId":1290408754,"sourceRegion":"guangzhou","featureType":"infrastructure","railClass":"construction","mode":"rail","name":"南沙港线","nameEn":"Nanshagang Line","usage":"main","status":"construction","color":"#52636f","sourceKey":"way:1290408754"}},{"type":"Feature","geometry":{"type":"LineString","coordinates":[[112.9785342,22.7026204],[112.9793841,22.7024236]]},"properties":{"key":"way:1290408755@overview:112_22","osmType":"way","osmId":1290408755,"sourceRegion":"guangzhou","featureType":"infrastructure","railClass":"construction","mode":"rail","name":"南沙港线","nameEn":"Nanshagang Line","usage":"main","status":"construction","color":"#52636f","sourceKey":"way:1290408755"}},{"type":"Feature","geometry":{"type":"LineString","coordinates":[[112.7897134,22.9833801],[112.7864597,22.9958252]]},"properties":{"key":"way:1338590485@overview:112_22","osmType":"way","osmId":1338590485,"sourceRegion":"guangzhou","featureType":"infrastructure","railClass":"construction","mode":"construction","name":"珠肇高速线","usage":"main","highspeed":"yes","tunnel":"yes","status":"construction","color":"#52636f","sourceKey":"way:1338590485"}},{"type":"Feature","geometry":{"type":"LineString","coordinates":[[112.940479,22.7361508],[112.9360032,22.7423132]]},"properties":{"key":"way:1359859159@overview:112_22","osmType":"way","osmId":1359859159,"sourceRegion":"guangzhou","featureType":"infrastructure","railClass":"national","mode":"rail","name":"广珠线","nameEn":"Guangzhu Line","ref":"0710","usage":"main","status":"operational","color":"#E54848","sourceKey":"way:1359859159"}},{"type":"Feature","geometry":{"type":"LineString","coordinates":[[112.9409091,22.7355662],[112.940479,22.7361508]]},"properties":{"key":"way:1359859160@overview:112_22","osmType":"way","osmId":1359859160,"sourceRegion":"guangzhou","featureType":"infrastructure","railClass":"national","mode":"rail","name":"广珠线","nameEn":"Guangzhu Line","ref":"0710","usage":"main","bridge":"yes","status":"operational","color":"#E54848","sourceKey":"way:1359859160"}},{"type":"Feature","geometry":{"type":"LineString","coordinates":[[112.9360445,22.7423319],[112.940516,22.7361724]]},"properties":{"key":"way:1359859161@overview:112_22","osmType":"way","osmId":1359859161,"sourceRegion":"guangzhou","featureType":"infrastructure","railClass":"national","mode":"rail","name":"广珠线","nameEn":"Guangzhu Line","ref":"0710","usage":"main","status":"operational","color":"#E54848","sourceKey":"way:1359859161"}},{"type":"Feature","geometry":{"type":"LineString","coordinates":[[112.940516,22.7361724],[112.9409544,22.7355843]]},"properties":{"key":"way:1359859162@overview:112_22","osmType":"way","osmId":1359859162,"sourceRegion":"guangzhou","featureType":"infrastructure","railClass":"national","mode":"rail","name":"广珠线","nameEn":"Guangzhu Line","ref":"0710","usage":"main","bridge":"yes","status":"operational","color":"#E54848","sourceKey":"way:1359859162"}},{"type":"Feature","geometry":{"type":"LineString","coordinates":[[112.7935842,22.8933572],[112.7914855,22.8956613]]},"properties":{"key":"way:1365472152@overview:112_22","osmType":"way","osmId":1365472152,"sourceRegion":"guangzhou","featureType":"infrastructure","railClass":"construction","mode":"construction","name":"南珠高速线","nameEn":"Nanning-Zhuhai Highspeed Railway","usage":"main","highspeed":"yes","status":"construction","color":"#397F9D","sourceKey":"way:1365472152"}},{"type":"Feature","geometry":{"type":"LineString","coordinates":[[112.7915367,22.8957125],[112.7936445,22.893399]]},"properties":{"key":"way:1365472153@overview:112_22","osmType":"way","osmId":1365472153,"sourceRegion":"guangzhou","featureType":"infrastructure","railClass":"construction","mode":"construction","name":"南珠高速线","nameEn":"Nanning-Zhuhai Highspeed Railway","usage":"main","highspeed":"yes","status":"construction","color":"#397F9D","sourceKey":"way:1365472153"}},{"type":"Feature","geometry":{"type":"LineString","coordinates":[[112.7864597,22.9958252],[112.78453388761078,23.0]]},"properties":{"key":"way:1365472156@overview:112_22","osmType":"way","osmId":1365472156,"sourceRegion":"guangzhou","featureType":"infrastructure","railClass":"construction","mode":"construction","name":"珠肇高速线","usage":"main","highspeed":"yes","status":"construction","color":"#52636f","sourceKey":"way:1365472156"}},{"type":"Feature","geometry":{"type":"LineString","coordinates":[[112.8509807,22.9500914],[112.8506483,22.9500214]]},"properties":{"key":"way:1414262258@overview:112_22","osmType":"way","osmId":1414262258,"sourceRegion":"guangzhou","featureType":"infrastructure","railClass":"tram","mode":"tram","name":"未命名","service":"yard","status":"operational","color":"#8d5ac7","sourceKey":"way:1414262258"}},{"type":"Feature","geometry":{"type":"LineString","coordinates":[[112.8509599,22.9501263],[112.8507445,22.9500371]]},"properties":{"key":"way:1414262259@overview:112_22","osmType":"way","osmId":1414262259,"sourceRegion":"guangzhou","featureType":"infrastructure","railClass":"tram","mode":"tram","name":"未命名","service":"yard","status":"operational","color":"#8d5ac7","sourceKey":"way:1414262259"}},{"type":"Feature","geometry":{"type":"LineString","coordinates":[[112.8509354,22.9501675],[112.8514425,22.9504257]]},"properties":{"key":"way:1414262260@overview:112_22","osmType":"way","osmId":1414262260,"sourceRegion":"guangzhou","featureType":"infrastructure","railClass":"tram","mode":"tram","name":"未命名","service":"yard","status":"operational","color":"#8d5ac7","sourceKey":"way:1414262260"}},{"type":"Feature","geometry":{"type":"LineString","coordinates":[[112.850914,22.9502034],[112.8514234,22.9504577]]},"properties":{"key":"way:1414262261@overview:112_22","osmType":"way","osmId":1414262261,"sourceRegion":"guangzhou","featureType":"infrastructure","railClass":"tram","mode":"tram","name":"未命名","service":"yard","status":"operational","color":"#8d5ac7","sourceKey":"way:1414262261"}},{"type":"Feature","geometry":{"type":"LineString","coordinates":[[112.850629,22.9500554],[112.8508803,22.9502598]]},"properties":{"key":"way:1414262262@overview:112_22","osmType":"way","osmId":1414262262,"sourceRegion":"guangzhou","featureType":"infrastructure","railClass":"tram","mode":"tram","name":"未命名","service":"yard","status":"operational","color":"#8d5ac7","sourceKey":"way:1414262262"}},{"type":"Feature","geometry":{"type":"LineString","coordinates":[[112.8504948,22.949987],[112.8508506,22.9503097]]},"properties":{"key":"way:1414262263@overview:112_22","osmType":"way","osmId":1414262263,"sourceRegion":"guangzhou","featureType":"infrastructure","railClass":"tram","mode":"tram","name":"未命名","service":"yard","status":"operational","color":"#8d5ac7","sourceKey":"way:1414262263"}},{"type":"Feature","geometry":{"type":"LineString","coordinates":[[112.8506595,22.9501429],[112.8508117,22.9503748]]},"properties":{"key":"way:1414262264@overview:112_22","osmType":"way","osmId":1414262264,"sourceRegion":"guangzhou","featureType":"infrastructure","railClass":"tram","mode":"tram","name":"未命名","service":"yard","status":"operational","color":"#8d5ac7","sourceKey":"way:1414262264"}},{"type":"Feature","geometry":{"type":"LineString","coordinates":[[112.8508117,22.9503748],[112.8510234,22.9504816]]},"properties":{"key":"way:1414262265@overview:112_22","osmType":"way","osmId":1414262265,"sourceRegion":"guangzhou","featureType":"infrastructure","railClass":"tram","mode":"tram","name":"未命名","service":"yard","status":"operational","color":"#8d5ac7","sourceKey":"way:1414262265"}},{"type":"Feature","geometry":{"type":"LineString","coordinates":[[112.8517651,22.9511967],[112.85149,22.9510529]]},"properties":{"key":"way:1414262266@overview:112_22","osmType":"way","osmId":1414262266,"sourceRegion":"guangzhou","featureType":"infrastructure","railClass":"tram","mode":"tram","name":"未命名","service":"yard","status":"operational","color":"#8d5ac7","sourceKey":"way:1414262266"}},{"type":"Feature","geometry":{"type":"LineString","coordinates":[[112.85149,22.9510529],[112.8512296,22.9509176]]},"properties":{"key":"way:1414262267@overview:112_22","osmType":"way","osmId":1414262267,"sourceRegion":"guangzhou","featureType":"infrastructure","railClass":"tram","mode":"tram","name":"未命名","service":"yard","status":"operational","color":"#8d5ac7","sourceKey":"way:1414262267"}},{"type":"Feature","geometry":{"type":"LineString","coordinates":[[112.8517421,22.950487],[112.8514857,22.9503532]]},"properties":{"key":"way:1414262268@overview:112_22","osmType":"way","osmId":1414262268,"sourceRegion":"guangzhou","featureType":"infrastructure","railClass":"tram","mode":"tram","name":"未命名","service":"yard","status":"operational","color":"#8d5ac7","sourceKey":"way:1414262268"}},{"type":"Feature","geometry":{"type":"LineString","coordinates":[[112.8517212,22.9505235],[112.8514642,22.9503893]]},"properties":{"key":"way:1414262269@overview:112_22","osmType":"way","osmId":1414262269,"sourceRegion":"guangzhou","featureType":"infrastructure","railClass":"tram","mode":"tram","name":"未命名","service":"yard","status":"operational","color":"#8d5ac7","sourceKey":"way:1414262269"}},{"type":"Feature","geometry":{"type":"LineString","coordinates":[[112.8514425,22.9504257],[112.8517005,22.9505569]]},"properties":{"key":"way:1414262270@overview:112_22","osmType":"way","osmId":1414262270,"sourceRegion":"guangzhou","featureType":"infrastructure","railClass":"tram","mode":"tram","name":"未命名","service":"yard","status":"operational","color":"#8d5ac7","sourceKey":"way:1414262270"}},{"type":"Feature","geometry":{"type":"LineString","coordinates":[[112.8514234,22.9504577],[112.8516829,22.950589]]},"properties":{"key":"way:1414262271@overview:112_22","osmType":"way","osmId":1414262271,"sourceRegion":"guangzhou","featureType":"infrastructure","railClass":"tram","mode":"tram","name":"未命名","service":"yard","status":"operational","color":"#8d5ac7","sourceKey":"way:1414262271"}},{"type":"Feature","geometry":{"type":"LineString","coordinates":[[112.8516788,22.9501867],[112.8514564,22.9500704]]},"properties":{"key":"way:1414264470@overview:112_22","osmType":"way","osmId":1414264470,"sourceRegion":"guangzhou","featureType":"infrastructure","railClass":"tram","mode":"tram","name":"未命名","service":"yard","status":"operational","color":"#8d5ac7","sourceKey":"way:1414264470"}},{"type":"Feature","geometry":{"type":"LineString","coordinates":[[112.8514564,22.9500704],[112.851372,22.9500254]]},"properties":{"key":"way:1414264471@overview:112_22","osmType":"way","osmId":1414264471,"sourceRegion":"guangzhou","featureType":"infrastructure","railClass":"tram","mode":"tram","name":"未命名","service":"yard","status":"operational","color":"#8d5ac7","sourceKey":"way:1414264471"}},{"type":"Feature","geometry":{"type":"LineString","coordinates":[[112.9774574,22.6636053],[112.9748557,22.6659625]]},"properties":{"key":"way:1429231002@overview:112_22","osmType":"way","osmId":1429231002,"sourceRegion":"guangzhou","featureType":"infrastructure","railClass":"construction","mode":"construction","name":"南珠高速线","nameEn":"Nanning-Zhuhai Highspeed Railway","usage":"main","highspeed":"yes","bridge":"yes","status":"construction","color":"#397F9D","sourceKey":"way:1429231002"}},{"type":"Feature","geometry":{"type":"LineString","coordinates":[[112.9225293,22.7170518],[112.9084914,22.7276683]]},"properties":{"key":"way:1429231003@overview:112_22","osmType":"way","osmId":1429231003,"sourceRegion":"guangzhou","featureType":"infrastructure","railClass":"construction","mode":"construction","name":"南珠高速线","nameEn":"Nanning-Zhuhai Highspeed Railway","usage":"main","highspeed":"yes","bridge":"yes","status":"construction","color":"#397F9D","sourceKey":"way:1429231003"}},{"type":"Feature","geometry":{"type":"LineString","coordinates":[[112.9241828,22.7156101],[112.9225293,22.7170518]]},"properties":{"key":"way:1429231004@overview:112_22","osmType":"way","osmId":1429231004,"sourceRegion":"guangzhou","featureType":"infrastructure","railClass":"construction","mode":"construction","name":"南珠高速线","nameEn":"Nanning-Zhuhai Highspeed Railway","usage":"main","highspeed":"yes","status":"construction","color":"#397F9D","sourceKey":"way:1429231004"}},{"type":"Feature","geometry":{"type":"LineString","coordinates":[[112.9282423,22.7117888],[112.9241828,22.7156101]]},"properties":{"key":"way:1429231005@overview:112_22","osmType":"way","osmId":1429231005,"sourceRegion":"guangzhou","featureType":"infrastructure","railClass":"construction","mode":"construction","name":"南珠高速线","nameEn":"Nanning-Zhuhai Highspeed Railway","usage":"main","highspeed":"yes","bridge":"yes","status":"construction","color":"#397F9D","sourceKey":"way:1429231005"}},{"type":"Feature","geometry":{"type":"LineString","coordinates":[[112.9390585,22.7005624],[112.9313514,22.7085663]]},"properties":{"key":"way:1429231006@overview:112_22","osmType":"way","osmId":1429231006,"sourceRegion":"guangzhou","featureType":"infrastructure","railClass":"construction","mode":"construction","name":"南珠高速线","nameEn":"Nanning-Zhuhai Highspeed Railway","usage":"main","highspeed":"yes","tunnel":"yes","status":"construction","color":"#397F9D","sourceKey":"way:1429231006"}},{"type":"Feature","geometry":{"type":"LineString","coordinates":[[112.9313514,22.7085663],[112.9303019,22.7096542]]},"properties":{"key":"way:1429231007@overview:112_22","osmType":"way","osmId":1429231007,"sourceRegion":"guangzhou","featureType":"infrastructure","railClass":"construction","mode":"construction","name":"南珠高速线","nameEn":"Nanning-Zhuhai Highspeed Railway","usage":"main","highspeed":"yes","status":"construction","color":"#397F9D","sourceKey":"way:1429231007"}},{"type":"Feature","geometry":{"type":"LineString","coordinates":[[112.7696025,22.9633711],[112.802865,22.959057]]},"properties":{"key":"way:1431545562@overview:112_22","osmType":"way","osmId":1431545562,"sourceRegion":"guangzhou","featureType":"infrastructure","railClass":"highspeed","mode":"rail","name":"广湛高速线","nameEn":"Guangzhou-Zhanjiang Railway","usage":"main","highspeed":"yes","bridge":"yes","status":"operational","color":"#E54848","sourceKey":"way:1431545562"}},{"type":"Feature","geometry":{"type":"LineString","coordinates":[[112.802865,22.959057],[112.8041139,22.9589208]]},"properties":{"key":"way:1431545563@overview:112_22","osmType":"way","osmId":1431545563,"sourceRegion":"guangzhou","featureType":"infrastructure","railClass":"highspeed","mode":"rail","name":"广湛高速线","nameEn":"Guangzhou-Zhanjiang Railway","usage":"main","highspeed":"yes","status":"operational","color":"#E54848","sourceKey":"way:1431545563"}},{"type":"Feature","geometry":{"type":"LineString","coordinates":[[112.8028393,22.9589636],[112.7696085,22.9632517]]},"properties":{"key":"way:1432460950@overview:112_22","osmType":"way","osmId":1432460950,"sourceRegion":"guangzhou","featureType":"infrastructure","railClass":"highspeed","mode":"rail","name":"广湛高速线","nameEn":"Guangzhou-Zhanjiang Railway","usage":"main","highspeed":"yes","bridge":"yes","status":"operational","color":"#E54848","sourceKey":"way:1432460950"}},{"type":"Feature","geometry":{"type":"LineString","coordinates":[[112.8517447,22.9693381],[112.8757624,22.9835933],[112.89371311874179,23.0]]},"properties":{"key":"way:1432460951@overview:112_22","osmType":"way","osmId":1432460951,"sourceRegion":"guangzhou","featureType":"infrastructure","railClass":"highspeed","mode":"rail","name":"广湛高速线","nameEn":"Guangzhou-Zhanjiang Railway","usage":"main","highspeed":"yes","bridge":"yes","status":"operational","color":"#E54848","sourceKey":"way:1432460951"}},{"type":"Feature","geometry":{"type":"LineString","coordinates":[[112.8028393,22.9589636],[112.8041008,22.9588243]]},"properties":{"key":"way:1432460952@overview:112_22","osmType":"way","osmId":1432460952,"sourceRegion":"guangzhou","featureType":"infrastructure","railClass":"highspeed","mode":"rail","name":"广湛高速线","nameEn":"Guangzhou-Zhanjiang Railway","usage":"main","highspeed":"yes","status":"operational","color":"#E54848","sourceKey":"way:1432460952"}},{"type":"Feature","geometry":{"type":"LineString","coordinates":[[112.8041008,22.9588243],[112.8232186,22.9590233],[112.8412029,22.9639198]]},"properties":{"key":"way:1432460953@overview:112_22","osmType":"way","osmId":1432460953,"sourceRegion":"guangzhou","featureType":"infrastructure","railClass":"highspeed","mode":"rail","name":"广湛高速线","nameEn":"Guangzhou-Zhanjiang Railway","usage":"main","highspeed":"yes","bridge":"yes","status":"operational","color":"#E54848","sourceKey":"way:1432460953"}},{"type":"Feature","geometry":{"type":"LineString","coordinates":[[112.8449819,22.9656503],[112.8517447,22.9693381]]},"properties":{"key":"way:1432460954@overview:112_22","osmType":"way","osmId":1432460954,"sourceRegion":"guangzhou","featureType":"infrastructure","railClass":"highspeed","mode":"rail","name":"广湛高速线","nameEn":"Guangzhou-Zhanjiang Railway","usage":"main","highspeed":"yes","tunnel":"yes","status":"operational","color":"#E54848","sourceKey":"way:1432460954"}},{"type":"Feature","geometry":{"type":"LineString","coordinates":[[112.8432465,22.9648114],[112.8449819,22.9656503]]},"properties":{"key":"way:1432460955@overview:112_22","osmType":"way","osmId":1432460955,"sourceRegion":"guangzhou","featureType":"infrastructure","railClass":"highspeed","mode":"rail","name":"广湛高速线","nameEn":"Guangzhou-Zhanjiang Railway","usage":"main","highspeed":"yes","status":"operational","color":"#E54848","sourceKey":"way:1432460955"}},{"type":"Feature","geometry":{"type":"LineString","coordinates":[[112.8412029,22.9639198],[112.8432465,22.9648114]]},"properties":{"key":"way:1432460956@overview:112_22","osmType":"way","osmId":1432460956,"sourceRegion":"guangzhou","featureType":"infrastructure","railClass":"highspeed","mode":"rail","name":"广湛高速线","nameEn":"Guangzhou-Zhanjiang Railway","usage":"main","highspeed":"yes","tunnel":"yes","status":"operational","color":"#E54848","sourceKey":"way:1432460956"}},{"type":"Feature","geometry":{"type":"LineString","coordinates":[[112.9294221,22.710566],[112.9282423,22.7117888]]},"properties":{"key":"way:1491419581@overview:112_22","osmType":"way","osmId":1491419581,"sourceRegion":"guangzhou","featureType":"infrastructure","railClass":"construction","mode":"construction","name":"南珠高速线","nameEn":"Nanning-Zhuhai Highspeed Railway","usage":"main","highspeed":"yes","status":"construction","color":"#397F9D","sourceKey":"way:1491419581"}},{"type":"Feature","geometry":{"type":"LineString","coordinates":[[112.9303019,22.7096542],[112.9294221,22.710566]]},"properties":{"key":"way:1491419582@overview:112_22","osmType":"way","osmId":1491419582,"sourceRegion":"guangzhou","featureType":"infrastructure","railClass":"construction","mode":"construction","name":"南珠高速线","nameEn":"Nanning-Zhuhai Highspeed Railway","usage":"main","highspeed":"yes","bridge":"yes","status":"construction","color":"#397F9D","sourceKey":"way:1491419582"}},{"type":"Feature","geometry":{"type":"LineString","coordinates":[[112.9399519,22.6996314],[112.9390585,22.7005624]]},"properties":{"key":"way:1491419583@overview:112_22","osmType":"way","osmId":1491419583,"sourceRegion":"guangzhou","featureType":"infrastructure","railClass":"construction","mode":"construction","name":"南珠高速线","nameEn":"Nanning-Zhuhai Highspeed Railway","usage":"main","highspeed":"yes","status":"construction","color":"#397F9D","sourceKey":"way:1491419583"}},{"type":"Feature","geometry":{"type":"LineString","coordinates":[[112.9410292,22.6985087],[112.9399519,22.6996314]]},"properties":{"key":"way:1491419584@overview:112_22","osmType":"way","osmId":1491419584,"sourceRegion":"guangzhou","featureType":"infrastructure","railClass":"construction","mode":"construction","name":"南珠高速线","nameEn":"Nanning-Zhuhai Highspeed Railway","usage":"main","highspeed":"yes","tunnel":"yes","status":"construction","color":"#397F9D","sourceKey":"way:1491419584"}},{"type":"Feature","geometry":{"type":"LineString","coordinates":[[112.9415801,22.6979346],[112.9410292,22.6985087]]},"properties":{"key":"way:1491419585@overview:112_22","osmType":"way","osmId":1491419585,"sourceRegion":"guangzhou","featureType":"infrastructure","railClass":"construction","mode":"construction","name":"南珠高速线","nameEn":"Nanning-Zhuhai Highspeed Railway","usage":"main","highspeed":"yes","bridge":"yes","status":"construction","color":"#397F9D","sourceKey":"way:1491419585"}},{"type":"Feature","geometry":{"type":"LineString","coordinates":[[112.942267,22.6972187],[112.9415801,22.6979346]]},"properties":{"key":"way:1491419586@overview:112_22","osmType":"way","osmId":1491419586,"sourceRegion":"guangzhou","featureType":"infrastructure","railClass":"construction","mode":"construction","name":"南珠高速线","nameEn":"Nanning-Zhuhai Highspeed Railway","usage":"main","highspeed":"yes","status":"construction","color":"#397F9D","sourceKey":"way:1491419586"}},{"type":"Feature","geometry":{"type":"LineString","coordinates":[[112.9430266,22.6964271],[112.942267,22.6972187]]},"properties":{"key":"way:1491419587@overview:112_22","osmType":"way","osmId":1491419587,"sourceRegion":"guangzhou","featureType":"infrastructure","railClass":"construction","mode":"construction","name":"南珠高速线","nameEn":"Nanning-Zhuhai Highspeed Railway","usage":"main","highspeed":"yes","bridge":"yes","status":"construction","color":"#397F9D","sourceKey":"way:1491419587"}},{"type":"Feature","geometry":{"type":"LineString","coordinates":[[112.9441829,22.6952221],[112.9430266,22.6964271]]},"properties":{"key":"way:1491419588@overview:112_22","osmType":"way","osmId":1491419588,"sourceRegion":"guangzhou","featureType":"infrastructure","railClass":"construction","mode":"construction","name":"南珠高速线","nameEn":"Nanning-Zhuhai Highspeed Railway","usage":"main","highspeed":"yes","status":"construction","color":"#397F9D","sourceKey":"way:1491419588"}},{"type":"Feature","geometry":{"type":"LineString","coordinates":[[112.9482591,22.6909739],[112.9441829,22.6952221]]},"properties":{"key":"way:1491419589@overview:112_22","osmType":"way","osmId":1491419589,"sourceRegion":"guangzhou","featureType":"infrastructure","railClass":"construction","mode":"construction","name":"南珠高速线","nameEn":"Nanning-Zhuhai Highspeed Railway","usage":"main","highspeed":"yes","bridge":"yes","status":"construction","color":"#397F9D","sourceKey":"way:1491419589"}},{"type":"Feature","geometry":{"type":"LineString","coordinates":[[112.949631,22.6895441],[112.9482591,22.6909739]]},"properties":{"key":"way:1491419590@overview:112_22","osmType":"way","osmId":1491419590,"sourceRegion":"guangzhou","featureType":"infrastructure","railClass":"construction","mode":"construction","name":"南珠高速线","nameEn":"Nanning-Zhuhai Highspeed Railway","usage":"main","highspeed":"yes","status":"construction","color":"#397F9D","sourceKey":"way:1491419590"}},{"type":"Feature","geometry":{"type":"LineString","coordinates":[[112.9520406,22.6870329],[112.949631,22.6895441]]},"properties":{"key":"way:1491419591@overview:112_22","osmType":"way","osmId":1491419591,"sourceRegion":"guangzhou","featureType":"infrastructure","railClass":"construction","mode":"construction","name":"南珠高速线","nameEn":"Nanning-Zhuhai Highspeed Railway","usage":"main","highspeed":"yes","tunnel":"yes","status":"construction","color":"#397F9D","sourceKey":"way:1491419591"}},{"type":"Feature","geometry":{"type":"LineString","coordinates":[[112.9528277,22.6862367],[112.9520406,22.6870329]]},"properties":{"key":"way:1491419592@overview:112_22","osmType":"way","osmId":1491419592,"sourceRegion":"guangzhou","featureType":"infrastructure","railClass":"construction","mode":"construction","name":"南珠高速线","nameEn":"Nanning-Zhuhai Highspeed Railway","usage":"main","highspeed":"yes","status":"construction","color":"#397F9D","sourceKey":"way:1491419592"}},{"type":"Feature","geometry":{"type":"LineString","coordinates":[[112.9539208,22.685131],[112.9528277,22.6862367]]},"properties":{"key":"way:1491419593@overview:112_22","osmType":"way","osmId":1491419593,"sourceRegion":"guangzhou","featureType":"infrastructure","railClass":"construction","mode":"construction","name":"南珠高速线","nameEn":"Nanning-Zhuhai Highspeed Railway","usage":"main","highspeed":"yes","bridge":"yes","status":"construction","color":"#397F9D","sourceKey":"way:1491419593"}},{"type":"Feature","geometry":{"type":"LineString","coordinates":[[112.9593064,22.6800657],[112.9539208,22.685131]]},"properties":{"key":"way:1491419594@overview:112_22","osmType":"way","osmId":1491419594,"sourceRegion":"guangzhou","featureType":"infrastructure","railClass":"construction","mode":"construction","name":"南珠高速线","nameEn":"Nanning-Zhuhai Highspeed Railway","usage":"main","highspeed":"yes","tunnel":"yes","status":"construction","color":"#397F9D","sourceKey":"way:1491419594"}},{"type":"Feature","geometry":{"type":"LineString","coordinates":[[112.9605913,22.6788855],[112.9593064,22.6800657]]},"properties":{"key":"way:1491419595@overview:112_22","osmType":"way","osmId":1491419595,"sourceRegion":"guangzhou","featureType":"infrastructure","railClass":"construction","mode":"construction","name":"南珠高速线","nameEn":"Nanning-Zhuhai Highspeed Railway","usage":"main","highspeed":"yes","bridge":"yes","status":"construction","color":"#397F9D","sourceKey":"way:1491419595"}},{"type":"Feature","geometry":{"type":"LineString","coordinates":[[112.962655,22.6770159],[112.9605913,22.6788855]]},"properties":{"key":"way:1491419596@overview:112_22","osmType":"way","osmId":1491419596,"sourceRegion":"guangzhou","featureType":"infrastructure","railClass":"construction","mode":"construction","name":"南珠高速线","nameEn":"Nanning-Zhuhai Highspeed Railway","usage":"main","highspeed":"yes","status":"construction","color":"#397F9D","sourceKey":"way:1491419596"}},{"type":"Feature","geometry":{"type":"LineString","coordinates":[[112.9638396,22.6759428],[112.962655,22.6770159]]},"properties":{"key":"way:1491419597@overview:112_22","osmType":"way","osmId":1491419597,"sourceRegion":"guangzhou","featureType":"infrastructure","railClass":"construction","mode":"construction","name":"南珠高速线","nameEn":"Nanning-Zhuhai Highspeed Railway","usage":"main","highspeed":"yes","bridge":"yes","status":"construction","color":"#397F9D","sourceKey":"way:1491419597"}},{"type":"Feature","geometry":{"type":"LineString","coordinates":[[112.9659852,22.673999],[112.9638396,22.6759428]]},"properties":{"key":"way:1491419598@overview:112_22","osmType":"way","osmId":1491419598,"sourceRegion":"guangzhou","featureType":"infrastructure","railClass":"construction","mode":"construction","name":"南珠高速线","nameEn":"Nanning-Zhuhai Highspeed Railway","usage":"main","highspeed":"yes","status":"construction","color":"#397F9D","sourceKey":"way:1491419598"}},{"type":"Feature","geometry":{"type":"LineString","coordinates":[[112.9694551,22.6708554],[112.9659852,22.673999]]},"properties":{"key":"way:1491419599@overview:112_22","osmType":"way","osmId":1491419599,"sourceRegion":"guangzhou","featureType":"infrastructure","railClass":"construction","mode":"construction","name":"南珠高速线","nameEn":"Nanning-Zhuhai Highspeed Railway","usage":"main","highspeed":"yes","bridge":"yes","status":"construction","color":"#397F9D","sourceKey":"way:1491419599"}},{"type":"Feature","geometry":{"type":"LineString","coordinates":[[112.9706956,22.6697314],[112.9694551,22.6708554]]},"properties":{"key":"way:1491419600@overview:112_22","osmType":"way","osmId":1491419600,"sourceRegion":"guangzhou","featureType":"infrastructure","railClass":"construction","mode":"construction","name":"南珠高速线","nameEn":"Nanning-Zhuhai Highspeed Railway","usage":"main","highspeed":"yes","status":"construction","color":"#397F9D","sourceKey":"way:1491419600"}},{"type":"Feature","geometry":{"type":"LineString","coordinates":[[112.9721134,22.668447],[112.9706956,22.6697314]]},"properties":{"key":"way:1491419601@overview:112_22","osmType":"way","osmId":1491419601,"sourceRegion":"guangzhou","featureType":"infrastructure","railClass":"construction","mode":"construction","name":"南珠高速线","nameEn":"Nanning-Zhuhai Highspeed Railway","usage":"main","highspeed":"yes","bridge":"yes","status":"construction","color":"#397F9D","sourceKey":"way:1491419601"}},{"type":"Feature","geometry":{"type":"LineString","coordinates":[[112.972729,22.6678892],[112.9721134,22.668447]]},"properties":{"key":"way:1491419602@overview:112_22","osmType":"way","osmId":1491419602,"sourceRegion":"guangzhou","featureType":"infrastructure","railClass":"construction","mode":"construction","name":"南珠高速线","nameEn":"Nanning-Zhuhai Highspeed Railway","usage":"main","highspeed":"yes","status":"construction","color":"#397F9D","sourceKey":"way:1491419602"}},{"type":"Feature","geometry":{"type":"LineString","coordinates":[[112.9745324,22.6662553],[112.972729,22.6678892]]},"properties":{"key":"way:1491419603@overview:112_22","osmType":"way","osmId":1491419603,"sourceRegion":"guangzhou","featureType":"infrastructure","railClass":"construction","mode":"construction","name":"南珠高速线","nameEn":"Nanning-Zhuhai Highspeed Railway","usage":"main","highspeed":"yes","bridge":"yes","status":"construction","color":"#397F9D","sourceKey":"way:1491419603"}},{"type":"Feature","geometry":{"type":"LineString","coordinates":[[112.9748557,22.6659625],[112.9745324,22.6662553]]},"properties":{"key":"way:1491419604@overview:112_22","osmType":"way","osmId":1491419604,"sourceRegion":"guangzhou","featureType":"infrastructure","railClass":"construction","mode":"construction","name":"南珠高速线","nameEn":"Nanning-Zhuhai Highspeed Railway","usage":"main","highspeed":"yes","status":"construction","color":"#397F9D","sourceKey":"way:1491419604"}},{"type":"Feature","geometry":{"type":"LineString","coordinates":[[112.9896761,22.6545093],[112.9890861,22.6549118]]},"properties":{"key":"way:1491419605@overview:112_22","osmType":"way","osmId":1491419605,"sourceRegion":"guangzhou","featureType":"infrastructure","railClass":"construction","mode":"construction","name":"南珠高速线","nameEn":"Nanning-Zhuhai Highspeed Railway","usage":"main","highspeed":"yes","status":"construction","color":"#397F9D","sourceKey":"way:1491419605"}},{"type":"Feature","geometry":{"type":"MultiLineString","coordinates":[[[112.847839,22.9528891],[112.8501307,22.947738]],[[112.8501307,22.947738],[112.8503114,22.9468977]],[[112.8503114,22.9468977],[112.8679939,22.8977547]],[[112.8679939,22.8977547],[112.8682136,22.8975147]],[[112.8685256,22.8970321],[112.8682136,22.8975147]]]},"properties":{"key":"relation:10519278@overview:112_22","osmType":"relation","osmId":10519278,"sourceRegion":"guangzhou","featureType":"service","railClass":"tram","mode":"tram","name":"有轨 高明区现代有轨电车示范线：智湖 -> 沧江路","nameEn":"Tram Gaoming Tram Line 1:Zhihu -> Cangjianglu","ref":"TGM1","operator":"佛山市轨道交通发展有限公司运营事业总部","status":"operational","color":"#4CA585","sourceKey":"relation:10519278"}},{"type":"Feature","geometry":{"type":"MultiLineString","coordinates":[[[112.8685256,22.8970321],[112.8682136,22.8975147]],[[112.8682136,22.8975147],[112.8504758,22.9469292]],[[112.8504758,22.9469292],[112.8501917,22.9477561]],[[112.8501917,22.9477561],[112.8479135,22.9529288]]]},"properties":{"key":"relation:10519279@overview:112_22","osmType":"relation","osmId":10519279,"sourceRegion":"guangzhou","featureType":"service","railClass":"tram","mode":"tram","name":"有轨 高明区现代有轨电车示范线：沧江路 -> 智湖","nameEn":"Tram Gaoming Tram Line 1:Cangjianglu -> Zhihu","ref":"TGM1","operator":"佛山市轨道交通发展有限公司运营事业总部","status":"operational","color":"#4CA585","sourceKey":"relation:10519279"}},{"type":"Feature","geometry":{"type":"LineString","coordinates":[[112.5603012,22.8395942],[112.5788701,22.8983484]]},"properties":{"key":"way:1218264114@overview:112_22","osmType":"way","osmId":1218264114,"sourceRegion":"foshan","featureType":"infrastructure","railClass":"highspeed","mode":"rail","name":"广湛高速线","nameEn":"Guangzhou-Zhanjiang Railway","usage":"main","highspeed":"yes","tunnel":"yes","status":"operational","color":"#E54848","sourceKey":"way:1218264114"}},{"type":"Feature","geometry":{"type":"LineString","coordinates":[[112.5860709,22.9096033],[112.6008913,22.924217],[112.618652,22.9343928],[112.6884982,22.9509843]]},"properties":{"key":"way:1226420045@overview:112_22","osmType":"way","osmId":1226420045,"sourceRegion":"foshan","featureType":"infrastructure","railClass":"highspeed","mode":"rail","name":"广湛高速线","nameEn":"Guangzhou-Zhanjiang Railway","usage":"main","highspeed":"yes","bridge":"yes","status":"operational","color":"#E54848","sourceKey":"way:1226420045"}},{"type":"Feature","geometry":{"type":"LineString","coordinates":[[112.7292802,22.9324352],[112.7272165,22.9330923]]},"properties":{"key":"way:1248735899@overview:112_22","osmType":"way","osmId":1248735899,"sourceRegion":"foshan","featureType":"infrastructure","railClass":"construction","mode":"construction","name":"南珠高速线","nameEn":"Nanning-Zhuhai Highspeed Railway","usage":"main","highspeed":"yes","tunnel":"yes","status":"construction","color":"#397F9D","sourceKey":"way:1248735899"}},{"type":"Feature","geometry":{"type":"LineString","coordinates":[[112.6022395,22.9253253],[112.5898122,22.9143453],[112.5798953,22.9005786]]},"properties":{"key":"way:1248735900@overview:112_22","osmType":"way","osmId":1248735900,"sourceRegion":"foshan","featureType":"infrastructure","railClass":"construction","mode":"construction","name":"南珠高速线","nameEn":"Nanning-Zhuhai Highspeed Railway","usage":"main","highspeed":"yes","bridge":"yes","status":"construction","color":"#397F9D","sourceKey":"way:1248735900"}},{"type":"Feature","geometry":{"type":"LineString","coordinates":[[112.6884982,22.9509843],[112.706773,22.9558006]]},"properties":{"key":"way:1249006567@overview:112_22","osmType":"way","osmId":1249006567,"sourceRegion":"foshan","featureType":"infrastructure","railClass":"highspeed","mode":"rail","name":"广湛高速线","nameEn":"Guangzhou-Zhanjiang Railway","usage":"main","highspeed":"yes","status":"operational","color":"#E54848","sourceKey":"way:1249006567"}},{"type":"Feature","geometry":{"type":"LineString","coordinates":[[112.7095174,22.9564826],[112.7124649,22.9571565]]},"properties":{"key":"way:1249006568@overview:112_22","osmType":"way","osmId":1249006568,"sourceRegion":"foshan","featureType":"infrastructure","railClass":"highspeed","mode":"rail","name":"广湛高速线","nameEn":"Guangzhou-Zhanjiang Railway","usage":"main","highspeed":"yes","bridge":"yes","status":"operational","color":"#E54848","sourceKey":"way:1249006568"}},{"type":"Feature","geometry":{"type":"LineString","coordinates":[[112.706773,22.9558006],[112.7095174,22.9564826]]},"properties":{"key":"way:1249056350@overview:112_22","osmType":"way","osmId":1249056350,"sourceRegion":"foshan","featureType":"infrastructure","railClass":"highspeed","mode":"rail","name":"广湛高速线","nameEn":"Guangzhou-Zhanjiang Railway","usage":"main","highspeed":"yes","tunnel":"yes","status":"operational","color":"#E54848","sourceKey":"way:1249056350"}},{"type":"Feature","geometry":{"type":"LineString","coordinates":[[112.6885522,22.9508913],[112.6187007,22.9342804],[112.6009891,22.9241527],[112.5861635,22.909559]]},"properties":{"key":"way:1249056353@overview:112_22","osmType":"way","osmId":1249056353,"sourceRegion":"foshan","featureType":"infrastructure","railClass":"highspeed","mode":"rail","name":"广湛高速线","nameEn":"Guangzhou-Zhanjiang Railway","usage":"main","highspeed":"yes","bridge":"yes","status":"operational","color":"#E54848","sourceKey":"way:1249056353"}},{"type":"Feature","geometry":{"type":"LineString","coordinates":[[112.6899712,22.9402563],[112.6863942,22.9413368]]},"properties":{"key":"way:1365463421@overview:112_22","osmType":"way","osmId":1365463421,"sourceRegion":"foshan","featureType":"infrastructure","railClass":"construction","mode":"construction","name":"南珠高速线","nameEn":"Nanning-Zhuhai Highspeed Railway","usage":"main","highspeed":"yes","status":"construction","color":"#397F9D","sourceKey":"way:1365463421"}},{"type":"Feature","geometry":{"type":"LineString","coordinates":[[112.5798106,22.9006117],[112.5926164,22.9173916],[112.6092941,22.9299272],[112.6277855,22.9376888],[112.654679,22.9434663]]},"properties":{"key":"way:1365463422@overview:112_22","osmType":"way","osmId":1365463422,"sourceRegion":"foshan","featureType":"infrastructure","railClass":"construction","mode":"construction","name":"南珠高速线","nameEn":"Nanning-Zhuhai Highspeed Railway","usage":"main","highspeed":"yes","bridge":"yes","status":"construction","color":"#397F9D","sourceKey":"way:1365463422"}},{"type":"Feature","geometry":{"type":"LineString","coordinates":[[112.6948062,22.9388216],[112.6899712,22.9402563]]},"properties":{"key":"way:1365472140@overview:112_22","osmType":"way","osmId":1365472140,"sourceRegion":"foshan","featureType":"infrastructure","railClass":"construction","mode":"construction","name":"南珠高速线","nameEn":"Nanning-Zhuhai Highspeed Railway","usage":"main","highspeed":"yes","bridge":"yes","status":"construction","color":"#397F9D","sourceKey":"way:1365472140"}},{"type":"Feature","geometry":{"type":"LineString","coordinates":[[112.7016897,22.937031],[112.6969379,22.9382057]]},"properties":{"key":"way:1365472141@overview:112_22","osmType":"way","osmId":1365472141,"sourceRegion":"foshan","featureType":"infrastructure","railClass":"construction","mode":"construction","name":"南珠高速线","nameEn":"Nanning-Zhuhai Highspeed Railway","usage":"main","highspeed":"yes","bridge":"yes","status":"construction","color":"#397F9D","sourceKey":"way:1365472141"}},{"type":"Feature","geometry":{"type":"LineString","coordinates":[[112.6969379,22.9382057],[112.6948062,22.9388216]]},"properties":{"key":"way:1365472142@overview:112_22","osmType":"way","osmId":1365472142,"sourceRegion":"foshan","featureType":"infrastructure","railClass":"construction","mode":"construction","name":"南珠高速线","nameEn":"Nanning-Zhuhai Highspeed Railway","usage":"main","highspeed":"yes","tunnel":"yes","status":"construction","color":"#397F9D","sourceKey":"way:1365472142"}},{"type":"Feature","geometry":{"type":"LineString","coordinates":[[112.7053058,22.9363177],[112.7016897,22.937031]]},"properties":{"key":"way:1365472143@overview:112_22","osmType":"way","osmId":1365472143,"sourceRegion":"foshan","featureType":"infrastructure","railClass":"construction","mode":"construction","name":"南珠高速线","nameEn":"Nanning-Zhuhai Highspeed Railway","usage":"main","highspeed":"yes","tunnel":"yes","status":"construction","color":"#397F9D","sourceKey":"way:1365472143"}},{"type":"Feature","geometry":{"type":"LineString","coordinates":[[112.7106508,22.9356289],[112.7078859,22.9359213]]},"properties":{"key":"way:1365472144@overview:112_22","osmType":"way","osmId":1365472144,"sourceRegion":"foshan","featureType":"infrastructure","railClass":"construction","mode":"construction","name":"南珠高速线","nameEn":"Nanning-Zhuhai Highspeed Railway","usage":"main","highspeed":"yes","status":"construction","color":"#397F9D","sourceKey":"way:1365472144"}},{"type":"Feature","geometry":{"type":"LineString","coordinates":[[112.7078859,22.9359213],[112.7053058,22.9363177]]},"properties":{"key":"way:1365472145@overview:112_22","osmType":"way","osmId":1365472145,"sourceRegion":"foshan","featureType":"infrastructure","railClass":"construction","mode":"construction","name":"南珠高速线","nameEn":"Nanning-Zhuhai Highspeed Railway","usage":"main","highspeed":"yes","bridge":"yes","status":"construction","color":"#397F9D","sourceKey":"way:1365472145"}},{"type":"Feature","geometry":{"type":"LineString","coordinates":[[112.7199023,22.9347529],[112.7106508,22.9356289]]},"properties":{"key":"way:1365472146@overview:112_22","osmType":"way","osmId":1365472146,"sourceRegion":"foshan","featureType":"infrastructure","railClass":"construction","mode":"construction","name":"南珠高速线","nameEn":"Nanning-Zhuhai Highspeed Railway","usage":"main","highspeed":"yes","tunnel":"yes","status":"construction","color":"#397F9D","sourceKey":"way:1365472146"}},{"type":"Feature","geometry":{"type":"LineString","coordinates":[[112.7216699,22.9344321],[112.7199023,22.9347529]]},"properties":{"key":"way:1365472147@overview:112_22","osmType":"way","osmId":1365472147,"sourceRegion":"foshan","featureType":"infrastructure","railClass":"construction","mode":"construction","name":"南珠高速线","nameEn":"Nanning-Zhuhai Highspeed Railway","usage":"main","highspeed":"yes","bridge":"yes","status":"construction","color":"#397F9D","sourceKey":"way:1365472147"}},{"type":"Feature","geometry":{"type":"LineString","coordinates":[[112.7253365,22.9336421],[112.7216699,22.9344321]]},"properties":{"key":"way:1365472148@overview:112_22","osmType":"way","osmId":1365472148,"sourceRegion":"foshan","featureType":"infrastructure","railClass":"construction","mode":"construction","name":"南珠高速线","nameEn":"Nanning-Zhuhai Highspeed Railway","usage":"main","highspeed":"yes","tunnel":"yes","status":"construction","color":"#397F9D","sourceKey":"way:1365472148"}},{"type":"Feature","geometry":{"type":"LineString","coordinates":[[112.7272165,22.9330923],[112.7253365,22.9336421]]},"properties":{"key":"way:1365472149@overview:112_22","osmType":"way","osmId":1365472149,"sourceRegion":"foshan","featureType":"infrastructure","railClass":"construction","mode":"construction","name":"南珠高速线","nameEn":"Nanning-Zhuhai Highspeed Railway","usage":"main","highspeed":"yes","bridge":"yes","status":"construction","color":"#397F9D","sourceKey":"way:1365472149"}},{"type":"Feature","geometry":{"type":"LineString","coordinates":[[112.733067,22.9310941],[112.7292802,22.9324352]]},"properties":{"key":"way:1365472150@overview:112_22","osmType":"way","osmId":1365472150,"sourceRegion":"foshan","featureType":"infrastructure","railClass":"construction","mode":"construction","name":"南珠高速线","nameEn":"Nanning-Zhuhai Highspeed Railway","usage":"main","highspeed":"yes","bridge":"yes","status":"construction","color":"#397F9D","sourceKey":"way:1365472150"}},{"type":"Feature","geometry":{"type":"LineString","coordinates":[[112.734281,22.9306642],[112.733067,22.9310941]]},"properties":{"key":"way:1365472151@overview:112_22","osmType":"way","osmId":1365472151,"sourceRegion":"foshan","featureType":"infrastructure","railClass":"construction","mode":"construction","name":"南珠高速线","nameEn":"Nanning-Zhuhai Highspeed Railway","usage":"main","highspeed":"yes","status":"construction","color":"#397F9D","sourceKey":"way:1365472151"}},{"type":"Feature","geometry":{"type":"LineString","coordinates":[[112.4955992,22.7824009],[112.5016174,22.7842094]]},"properties":{"key":"way:1391311351@overview:112_22","osmType":"way","osmId":1391311351,"sourceRegion":"foshan","featureType":"infrastructure","railClass":"highspeed","mode":"rail","name":"广湛高速线","nameEn":"Guangzhou-Zhanjiang Railway","usage":"main","highspeed":"yes","tunnel":"yes","status":"operational","color":"#E54848","sourceKey":"way:1391311351"}},{"type":"Feature","geometry":{"type":"LineString","coordinates":[[112.5016174,22.7842094],[112.5030218,22.7846149]]},"properties":{"key":"way:1391311352@overview:112_22","osmType":"way","osmId":1391311352,"sourceRegion":"foshan","featureType":"infrastructure","railClass":"highspeed","mode":"rail","name":"广湛高速线","nameEn":"Guangzhou-Zhanjiang Railway","usage":"main","highspeed":"yes","status":"operational","color":"#E54848","sourceKey":"way:1391311352"}},{"type":"Feature","geometry":{"type":"LineString","coordinates":[[112.5030218,22.7846149],[112.5052144,22.7852481]]},"properties":{"key":"way:1391311353@overview:112_22","osmType":"way","osmId":1391311353,"sourceRegion":"foshan","featureType":"infrastructure","railClass":"highspeed","mode":"rail","name":"广湛高速线","nameEn":"Guangzhou-Zhanjiang Railway","usage":"main","highspeed":"yes","tunnel":"yes","status":"operational","color":"#E54848","sourceKey":"way:1391311353"}},{"type":"Feature","geometry":{"type":"LineString","coordinates":[[112.5052144,22.7852481],[112.5097344,22.7865533]]},"properties":{"key":"way:1391311354@overview:112_22","osmType":"way","osmId":1391311354,"sourceRegion":"foshan","featureType":"infrastructure","railClass":"highspeed","mode":"rail","name":"广湛高速线","nameEn":"Guangzhou-Zhanjiang Railway","usage":"main","highspeed":"yes","bridge":"yes","status":"operational","color":"#E54848","sourceKey":"way:1391311354"}},{"type":"Feature","geometry":{"type":"LineString","coordinates":[[112.5097344,22.7865533],[112.5116737,22.7871133]]},"properties":{"key":"way:1391311355@overview:112_22","osmType":"way","osmId":1391311355,"sourceRegion":"foshan","featureType":"infrastructure","railClass":"highspeed","mode":"rail","name":"广湛高速线","nameEn":"Guangzhou-Zhanjiang Railway","usage":"main","highspeed":"yes","status":"operational","color":"#E54848","sourceKey":"way:1391311355"}},{"type":"Feature","geometry":{"type":"LineString","coordinates":[[112.5116737,22.7871133],[112.5140785,22.7879483]]},"properties":{"key":"way:1391311356@overview:112_22","osmType":"way","osmId":1391311356,"sourceRegion":"foshan","featureType":"infrastructure","railClass":"highspeed","mode":"rail","name":"广湛高速线","nameEn":"Guangzhou-Zhanjiang Railway","usage":"main","highspeed":"yes","bridge":"yes","status":"operational","color":"#E54848","sourceKey":"way:1391311356"}},{"type":"Feature","geometry":{"type":"LineString","coordinates":[[112.5214185,22.7911654],[112.5267377,22.7941379]]},"properties":{"key":"way:1391311357@overview:112_22","osmType":"way","osmId":1391311357,"sourceRegion":"foshan","featureType":"infrastructure","railClass":"highspeed","mode":"rail","name":"广湛高速线","nameEn":"Guangzhou-Zhanjiang Railway","usage":"main","highspeed":"yes","bridge":"yes","status":"operational","color":"#E54848","sourceKey":"way:1391311357"}},{"type":"Feature","geometry":{"type":"LineString","coordinates":[[112.5197469,22.7903718],[112.5214185,22.7911654]]},"properties":{"key":"way:1391311358@overview:112_22","osmType":"way","osmId":1391311358,"sourceRegion":"foshan","featureType":"infrastructure","railClass":"highspeed","mode":"rail","name":"广湛高速线","nameEn":"Guangzhou-Zhanjiang Railway","usage":"main","highspeed":"yes","status":"operational","color":"#E54848","sourceKey":"way:1391311358"}},{"type":"Feature","geometry":{"type":"LineString","coordinates":[[112.5181613,22.7896653],[112.5197469,22.7903718]]},"properties":{"key":"way:1391311359@overview:112_22","osmType":"way","osmId":1391311359,"sourceRegion":"foshan","featureType":"infrastructure","railClass":"highspeed","mode":"rail","name":"广湛高速线","nameEn":"Guangzhou-Zhanjiang Railway","usage":"main","highspeed":"yes","bridge":"yes","status":"operational","color":"#E54848","sourceKey":"way:1391311359"}},{"type":"Feature","geometry":{"type":"LineString","coordinates":[[112.5152452,22.7883964],[112.5169587,22.7891243]]},"properties":{"key":"way:1391311360@overview:112_22","osmType":"way","osmId":1391311360,"sourceRegion":"foshan","featureType":"infrastructure","railClass":"highspeed","mode":"rail","name":"广湛高速线","nameEn":"Guangzhou-Zhanjiang Railway","usage":"main","highspeed":"yes","bridge":"yes","status":"operational","color":"#E54848","sourceKey":"way:1391311360"}},{"type":"Feature","geometry":{"type":"LineString","coordinates":[[112.5169587,22.7891243],[112.5181613,22.7896653]]},"properties":{"key":"way:1391311361@overview:112_22","osmType":"way","osmId":1391311361,"sourceRegion":"foshan","featureType":"infrastructure","railClass":"highspeed","mode":"rail","name":"广湛高速线","nameEn":"Guangzhou-Zhanjiang Railway","usage":"main","highspeed":"yes","status":"operational","color":"#E54848","sourceKey":"way:1391311361"}},{"type":"Feature","geometry":{"type":"LineString","coordinates":[[112.5140785,22.7879483],[112.5152452,22.7883964]]},"properties":{"key":"way:1391311362@overview:112_22","osmType":"way","osmId":1391311362,"sourceRegion":"foshan","featureType":"infrastructure","railClass":"highspeed","mode":"rail","name":"广湛高速线","nameEn":"Guangzhou-Zhanjiang Railway","usage":"main","highspeed":"yes","status":"operational","color":"#E54848","sourceKey":"way:1391311362"}},{"type":"Feature","geometry":{"type":"LineString","coordinates":[[112.5267377,22.7941379],[112.5285716,22.7952696]]},"properties":{"key":"way:1391311363@overview:112_22","osmType":"way","osmId":1391311363,"sourceRegion":"foshan","featureType":"infrastructure","railClass":"highspeed","mode":"rail","name":"广湛高速线","nameEn":"Guangzhou-Zhanjiang Railway","usage":"main","highspeed":"yes","tunnel":"yes","status":"operational","color":"#E54848","sourceKey":"way:1391311363"}},{"type":"Feature","geometry":{"type":"LineString","coordinates":[[112.5295503,22.795918],[112.5324561,22.7979954]]},"properties":{"key":"way:1391311364@overview:112_22","osmType":"way","osmId":1391311364,"sourceRegion":"foshan","featureType":"infrastructure","railClass":"highspeed","mode":"rail","name":"广湛高速线","nameEn":"Guangzhou-Zhanjiang Railway","usage":"main","highspeed":"yes","tunnel":"yes","status":"operational","color":"#E54848","sourceKey":"way:1391311364"}},{"type":"Feature","geometry":{"type":"LineString","coordinates":[[112.5285716,22.7952696],[112.5295503,22.795918]]},"properties":{"key":"way:1391311365@overview:112_22","osmType":"way","osmId":1391311365,"sourceRegion":"foshan","featureType":"infrastructure","railClass":"highspeed","mode":"rail","name":"广湛高速线","nameEn":"Guangzhou-Zhanjiang Railway","usage":"main","highspeed":"yes","status":"operational","color":"#E54848","sourceKey":"way:1391311365"}},{"type":"Feature","geometry":{"type":"LineString","coordinates":[[112.5324561,22.7979954],[112.546032,22.8120057]]},"properties":{"key":"way:1391311366@overview:112_22","osmType":"way","osmId":1391311366,"sourceRegion":"foshan","featureType":"infrastructure","railClass":"highspeed","mode":"rail","name":"广湛高速线","nameEn":"Guangzhou-Zhanjiang Railway","usage":"main","highspeed":"yes","bridge":"yes","status":"operational","color":"#E54848","sourceKey":"way:1391311366"}},{"type":"Feature","geometry":{"type":"LineString","coordinates":[[112.546032,22.8120057],[112.5468035,22.8131307]]},"properties":{"key":"way:1391311367@overview:112_22","osmType":"way","osmId":1391311367,"sourceRegion":"foshan","featureType":"infrastructure","railClass":"highspeed","mode":"rail","name":"广湛高速线","nameEn":"Guangzhou-Zhanjiang Railway","usage":"main","highspeed":"yes","status":"operational","color":"#E54848","sourceKey":"way:1391311367"}},{"type":"Feature","geometry":{"type":"LineString","coordinates":[[112.5468035,22.8131307],[112.5486805,22.8160289]]},"properties":{"key":"way:1391311368@overview:112_22","osmType":"way","osmId":1391311368,"sourceRegion":"foshan","featureType":"infrastructure","railClass":"highspeed","mode":"rail","name":"广湛高速线","nameEn":"Guangzhou-Zhanjiang Railway","usage":"main","highspeed":"yes","bridge":"yes","status":"operational","color":"#E54848","sourceKey":"way:1391311368"}},{"type":"Feature","geometry":{"type":"LineString","coordinates":[[112.5486805,22.8160289],[112.5499293,22.818188]]},"properties":{"key":"way:1391311369@overview:112_22","osmType":"way","osmId":1391311369,"sourceRegion":"foshan","featureType":"infrastructure","railClass":"highspeed","mode":"rail","name":"广湛高速线","nameEn":"Guangzhou-Zhanjiang Railway","usage":"main","highspeed":"yes","status":"operational","color":"#E54848","sourceKey":"way:1391311369"}},{"type":"Feature","geometry":{"type":"LineString","coordinates":[[112.5499293,22.818188],[112.5511447,22.8204213]]},"properties":{"key":"way:1391311370@overview:112_22","osmType":"way","osmId":1391311370,"sourceRegion":"foshan","featureType":"infrastructure","railClass":"highspeed","mode":"rail","name":"广湛高速线","nameEn":"Guangzhou-Zhanjiang Railway","usage":"main","highspeed":"yes","tunnel":"yes","status":"operational","color":"#E54848","sourceKey":"way:1391311370"}},{"type":"Feature","geometry":{"type":"LineString","coordinates":[[112.5511447,22.8204213],[112.5519947,22.8221751]]},"properties":{"key":"way:1391311371@overview:112_22","osmType":"way","osmId":1391311371,"sourceRegion":"foshan","featureType":"infrastructure","railClass":"highspeed","mode":"rail","name":"广湛高速线","nameEn":"Guangzhou-Zhanjiang Railway","usage":"main","highspeed":"yes","status":"operational","color":"#E54848","sourceKey":"way:1391311371"}},{"type":"Feature","geometry":{"type":"LineString","coordinates":[[112.5519947,22.8221751],[112.5522924,22.8228031]]},"properties":{"key":"way:1391311372@overview:112_22","osmType":"way","osmId":1391311372,"sourceRegion":"foshan","featureType":"infrastructure","railClass":"highspeed","mode":"rail","name":"广湛高速线","nameEn":"Guangzhou-Zhanjiang Railway","usage":"main","highspeed":"yes","bridge":"yes","status":"operational","color":"#E54848","sourceKey":"way:1391311372"}},{"type":"Feature","geometry":{"type":"LineString","coordinates":[[112.5800278,22.9005186],[112.5832267,22.9057153]]},"properties":{"key":"way:1391311373@overview:112_22","osmType":"way","osmId":1391311373,"sourceRegion":"foshan","featureType":"infrastructure","railClass":"highspeed","mode":"rail","name":"广湛高速线","nameEn":"Guangzhou-Zhanjiang Railway","usage":"main","highspeed":"yes","bridge":"yes","status":"operational","color":"#E54848","sourceKey":"way:1391311373"}},{"type":"Feature","geometry":{"type":"LineString","coordinates":[[112.5832267,22.9057153],[112.5837458,22.9064623]]},"properties":{"key":"way:1391311374@overview:112_22","osmType":"way","osmId":1391311374,"sourceRegion":"foshan","featureType":"infrastructure","railClass":"highspeed","mode":"rail","name":"广湛高速线","nameEn":"Guangzhou-Zhanjiang Railway","usage":"main","highspeed":"yes","status":"operational","color":"#E54848","sourceKey":"way:1391311374"}},{"type":"Feature","geometry":{"type":"LineString","coordinates":[[112.5837458,22.9064623],[112.5841661,22.9070579]]},"properties":{"key":"way:1391311375@overview:112_22","osmType":"way","osmId":1391311375,"sourceRegion":"foshan","featureType":"infrastructure","railClass":"highspeed","mode":"rail","name":"广湛高速线","nameEn":"Guangzhou-Zhanjiang Railway","usage":"main","highspeed":"yes","bridge":"yes","status":"operational","color":"#E54848","sourceKey":"way:1391311375"}},{"type":"Feature","geometry":{"type":"LineString","coordinates":[[112.5841661,22.9070579],[112.5846418,22.9077044]]},"properties":{"key":"way:1391311376@overview:112_22","osmType":"way","osmId":1391311376,"sourceRegion":"foshan","featureType":"infrastructure","railClass":"highspeed","mode":"rail","name":"广湛高速线","nameEn":"Guangzhou-Zhanjiang Railway","usage":"main","highspeed":"yes","status":"operational","color":"#E54848","sourceKey":"way:1391311376"}},{"type":"Feature","geometry":{"type":"LineString","coordinates":[[112.5846418,22.9077044],[112.5855046,22.9088714]]},"properties":{"key":"way:1391311377@overview:112_22","osmType":"way","osmId":1391311377,"sourceRegion":"foshan","featureType":"infrastructure","railClass":"highspeed","mode":"rail","name":"广湛高速线","nameEn":"Guangzhou-Zhanjiang Railway","usage":"main","highspeed":"yes","bridge":"yes","status":"operational","color":"#E54848","sourceKey":"way:1391311377"}},{"type":"Feature","geometry":{"type":"LineString","coordinates":[[112.5855046,22.9088714],[112.5860709,22.9096033]]},"properties":{"key":"way:1391311378@overview:112_22","osmType":"way","osmId":1391311378,"sourceRegion":"foshan","featureType":"infrastructure","railClass":"highspeed","mode":"rail","name":"广湛高速线","nameEn":"Guangzhou-Zhanjiang Railway","usage":"main","highspeed":"yes","status":"operational","color":"#E54848","sourceKey":"way:1391311378"}},{"type":"Feature","geometry":{"type":"LineString","coordinates":[[112.5522924,22.8228031],[112.5599403,22.8386257]]},"properties":{"key":"way:1391311379@overview:112_22","osmType":"way","osmId":1391311379,"sourceRegion":"foshan","featureType":"infrastructure","railClass":"highspeed","mode":"rail","name":"广湛高速线","nameEn":"Guangzhou-Zhanjiang Railway","usage":"main","highspeed":"yes","tunnel":"yes","status":"operational","color":"#E54848","sourceKey":"way:1391311379"}},{"type":"Feature","geometry":{"type":"LineString","coordinates":[[112.5789653,22.8983047],[112.5603727,22.8395625]]},"properties":{"key":"way:1391311380@overview:112_22","osmType":"way","osmId":1391311380,"sourceRegion":"foshan","featureType":"infrastructure","railClass":"highspeed","mode":"rail","name":"广湛高速线","nameEn":"Guangzhou-Zhanjiang Railway","usage":"main","highspeed":"yes","tunnel":"yes","status":"operational","color":"#E54848","sourceKey":"way:1391311380"}},{"type":"Feature","geometry":{"type":"LineString","coordinates":[[112.5833084,22.9056631],[112.5801156,22.9004796]]},"properties":{"key":"way:1391311381@overview:112_22","osmType":"way","osmId":1391311381,"sourceRegion":"foshan","featureType":"infrastructure","railClass":"highspeed","mode":"rail","name":"广湛高速线","nameEn":"Guangzhou-Zhanjiang Railway","usage":"main","highspeed":"yes","bridge":"yes","status":"operational","color":"#E54848","sourceKey":"way:1391311381"}},{"type":"Feature","geometry":{"type":"LineString","coordinates":[[112.5838253,22.9064156],[112.5833084,22.9056631]]},"properties":{"key":"way:1391311382@overview:112_22","osmType":"way","osmId":1391311382,"sourceRegion":"foshan","featureType":"infrastructure","railClass":"highspeed","mode":"rail","name":"广湛高速线","nameEn":"Guangzhou-Zhanjiang Railway","usage":"main","highspeed":"yes","status":"operational","color":"#E54848","sourceKey":"way:1391311382"}},{"type":"Feature","geometry":{"type":"LineString","coordinates":[[112.5842504,22.9070069],[112.5838253,22.9064156]]},"properties":{"key":"way:1391311383@overview:112_22","osmType":"way","osmId":1391311383,"sourceRegion":"foshan","featureType":"infrastructure","railClass":"highspeed","mode":"rail","name":"广湛高速线","nameEn":"Guangzhou-Zhanjiang Railway","usage":"main","highspeed":"yes","bridge":"yes","status":"operational","color":"#E54848","sourceKey":"way:1391311383"}},{"type":"Feature","geometry":{"type":"LineString","coordinates":[[112.5847256,22.9076519],[112.5842504,22.9070069]]},"properties":{"key":"way:1391311384@overview:112_22","osmType":"way","osmId":1391311384,"sourceRegion":"foshan","featureType":"infrastructure","railClass":"highspeed","mode":"rail","name":"广湛高速线","nameEn":"Guangzhou-Zhanjiang Railway","usage":"main","highspeed":"yes","status":"operational","color":"#E54848","sourceKey":"way:1391311384"}},{"type":"Feature","geometry":{"type":"LineString","coordinates":[[112.5855926,22.9088115],[112.5847256,22.9076519]]},"properties":{"key":"way:1391311385@overview:112_22","osmType":"way","osmId":1391311385,"sourceRegion":"foshan","featureType":"infrastructure","railClass":"highspeed","mode":"rail","name":"广湛高速线","nameEn":"Guangzhou-Zhanjiang Railway","usage":"main","highspeed":"yes","bridge":"yes","status":"operational","color":"#E54848","sourceKey":"way:1391311385"}},{"type":"Feature","geometry":{"type":"LineString","coordinates":[[112.5861635,22.909559],[112.5855926,22.9088115]]},"properties":{"key":"way:1391311386@overview:112_22","osmType":"way","osmId":1391311386,"sourceRegion":"foshan","featureType":"infrastructure","railClass":"highspeed","mode":"rail","name":"广湛高速线","nameEn":"Guangzhou-Zhanjiang Railway","usage":"main","highspeed":"yes","status":"operational","color":"#E54848","sourceKey":"way:1391311386"}},{"type":"Feature","geometry":{"type":"LineString","coordinates":[[112.6863942,22.9413368],[112.6661317,22.9447299],[112.6304018,22.9380952]]},"properties":{"key":"way:1391317902@overview:112_22","osmType":"way","osmId":1391317902,"sourceRegion":"foshan","featureType":"infrastructure","railClass":"construction","mode":"construction","name":"南珠高速线","nameEn":"Nanning-Zhuhai Highspeed Railway","usage":"main","highspeed":"yes","bridge":"yes","status":"construction","color":"#397F9D","sourceKey":"way:1391317902"}},{"type":"Feature","geometry":{"type":"LineString","coordinates":[[112.6304018,22.9380952],[112.6022395,22.9253253]]},"properties":{"key":"way:1391317903@overview:112_22","osmType":"way","osmId":1391317903,"sourceRegion":"foshan","featureType":"infrastructure","railClass":"construction","mode":"construction","name":"南珠高速线","nameEn":"Nanning-Zhuhai Highspeed Railway","usage":"main","highspeed":"yes","bridge":"yes","status":"construction","color":"#397F9D","sourceKey":"way:1391317903"}},{"type":"Feature","geometry":{"type":"LineString","coordinates":[[112.6623678,22.9447291],[112.6863979,22.9414186]]},"properties":{"key":"way:1391317904@overview:112_22","osmType":"way","osmId":1391317904,"sourceRegion":"foshan","featureType":"infrastructure","railClass":"construction","mode":"construction","name":"南珠高速线","nameEn":"Nanning-Zhuhai Highspeed Railway","usage":"main","highspeed":"yes","bridge":"yes","status":"construction","color":"#397F9D","sourceKey":"way:1391317904"}},{"type":"Feature","geometry":{"type":"LineString","coordinates":[[112.654679,22.9434663],[112.6623678,22.9447291]]},"properties":{"key":"way:1391317905@overview:112_22","osmType":"way","osmId":1391317905,"sourceRegion":"foshan","featureType":"infrastructure","railClass":"construction","mode":"construction","name":"南珠高速线","nameEn":"Nanning-Zhuhai Highspeed Railway","usage":"main","highspeed":"yes","bridge":"yes","status":"construction","color":"#397F9D","sourceKey":"way:1391317905"}},{"type":"Feature","geometry":{"type":"LineString","coordinates":[[112.5581306,22.8386094],[112.5798106,22.9006117]]},"properties":{"key":"way:1391317906@overview:112_22","osmType":"way","osmId":1391317906,"sourceRegion":"foshan","featureType":"infrastructure","railClass":"construction","mode":"construction","name":"南珠高速线","nameEn":"Nanning-Zhuhai Highspeed Railway","usage":"main","highspeed":"yes","status":"construction","color":"#397F9D","sourceKey":"way:1391317906"}},{"type":"Feature","geometry":{"type":"LineString","coordinates":[[112.5798953,22.9005786],[112.5734844,22.8860845],[112.5626051,22.8471415],[112.5487862,22.8279365],[112.5377411,22.8206531],[112.5247205,22.8164732],[112.4925564,22.8182451]]},"properties":{"key":"way:1391317907@overview:112_22","osmType":"way","osmId":1391317907,"sourceRegion":"foshan","featureType":"infrastructure","railClass":"construction","mode":"construction","name":"南珠高速线","nameEn":"Nanning-Zhuhai Highspeed Railway","usage":"main","highspeed":"yes","status":"construction","color":"#397F9D","sourceKey":"way:1391317907"}},{"type":"Feature","geometry":{"type":"LineString","coordinates":[[112.6400389,22.9403799],[112.6445402,22.9414127]]},"properties":{"key":"way:1391317908@overview:112_22","osmType":"way","osmId":1391317908,"sourceRegion":"foshan","featureType":"infrastructure","railClass":"construction","mode":"construction","name":"未命名","service":"crossover","bridge":"yes","status":"construction","color":"#52636f","sourceKey":"way:1391317908"}},{"type":"Feature","geometry":{"type":"LineString","coordinates":[[112.6452782,22.9415622],[112.6498401,22.9423684]]},"properties":{"key":"way:1391317909@overview:112_22","osmType":"way","osmId":1391317909,"sourceRegion":"foshan","featureType":"infrastructure","railClass":"construction","mode":"construction","name":"未命名","service":"crossover","bridge":"yes","status":"construction","color":"#52636f","sourceKey":"way:1391317909"}},{"type":"Feature","geometry":{"type":"LineString","coordinates":[[112.6498651,22.9422816],[112.6453632,22.9412467]]},"properties":{"key":"way:1391317910@overview:112_22","osmType":"way","osmId":1391317910,"sourceRegion":"foshan","featureType":"infrastructure","railClass":"construction","mode":"construction","name":"未命名","service":"crossover","bridge":"yes","status":"construction","color":"#52636f","sourceKey":"way:1391317910"}},{"type":"Feature","geometry":{"type":"LineString","coordinates":[[112.6446159,22.9410947],[112.6400536,22.9402844]]},"properties":{"key":"way:1391317911@overview:112_22","osmType":"way","osmId":1391317911,"sourceRegion":"foshan","featureType":"infrastructure","railClass":"construction","mode":"construction","name":"未命名","service":"crossover","bridge":"yes","status":"construction","color":"#52636f","sourceKey":"way:1391317911"}},{"type":"Feature","geometry":{"type":"LineString","coordinates":[[112.5603727,22.8395625],[112.5599403,22.8386257]]},"properties":{"key":"way:1419112037@overview:112_22","osmType":"way","osmId":1419112037,"sourceRegion":"foshan","featureType":"infrastructure","railClass":"highspeed","mode":"rail","name":"广湛高速线","nameEn":"Guangzhou-Zhanjiang Railway","usage":"main","highspeed":"yes","status":"operational","color":"#E54848","sourceKey":"way:1419112037"}},{"type":"Feature","geometry":{"type":"LineString","coordinates":[[112.5598489,22.8386753],[112.5603012,22.8395942]]},"properties":{"key":"way:1419112038@overview:112_22","osmType":"way","osmId":1419112038,"sourceRegion":"foshan","featureType":"infrastructure","railClass":"highspeed","mode":"rail","name":"广湛高速线","nameEn":"Guangzhou-Zhanjiang Railway","usage":"main","highspeed":"yes","status":"operational","color":"#E54848","sourceKey":"way:1419112038"}},{"type":"Feature","geometry":{"type":"LineString","coordinates":[[112.5801156,22.9004796],[112.5789653,22.8983047]]},"properties":{"key":"way:1419112039@overview:112_22","osmType":"way","osmId":1419112039,"sourceRegion":"foshan","featureType":"infrastructure","railClass":"highspeed","mode":"rail","name":"广湛高速线","nameEn":"Guangzhou-Zhanjiang Railway","usage":"main","highspeed":"yes","status":"operational","color":"#E54848","sourceKey":"way:1419112039"}},{"type":"Feature","geometry":{"type":"LineString","coordinates":[[112.5788701,22.8983484],[112.5800278,22.9005186]]},"properties":{"key":"way:1419112040@overview:112_22","osmType":"way","osmId":1419112040,"sourceRegion":"foshan","featureType":"infrastructure","railClass":"highspeed","mode":"rail","name":"广湛高速线","nameEn":"Guangzhou-Zhanjiang Railway","usage":"main","highspeed":"yes","status":"operational","color":"#E54848","sourceKey":"way:1419112040"}},{"type":"Feature","geometry":{"type":"LineString","coordinates":[[112.5710363,22.8750377],[112.5687858,22.8666616]]},"properties":{"key":"way:1419112041@overview:112_22","osmType":"way","osmId":1419112041,"sourceRegion":"foshan","featureType":"infrastructure","railClass":"construction","mode":"construction","name":"未命名","tunnel":"yes","status":"construction","color":"#52636f","sourceKey":"way:1419112041"}},{"type":"Feature","geometry":{"type":"LineString","coordinates":[[112.5687088,22.8666873],[112.5709559,22.8750572]]},"properties":{"key":"way:1419112042@overview:112_22","osmType":"way","osmId":1419112042,"sourceRegion":"foshan","featureType":"infrastructure","railClass":"construction","mode":"construction","name":"未命名","tunnel":"yes","status":"construction","color":"#52636f","sourceKey":"way:1419112042"}},{"type":"Feature","geometry":{"type":"LineString","coordinates":[[112.6885522,22.9508913],[112.7068168,22.9556794]]},"properties":{"key":"way:1432460947@overview:112_22","osmType":"way","osmId":1432460947,"sourceRegion":"foshan","featureType":"infrastructure","railClass":"highspeed","mode":"rail","name":"广湛高速线","nameEn":"Guangzhou-Zhanjiang Railway","usage":"main","highspeed":"yes","status":"operational","color":"#E54848","sourceKey":"way:1432460947"}},{"type":"Feature","geometry":{"type":"LineString","coordinates":[[112.7068168,22.9556794],[112.7095597,22.9563556]]},"properties":{"key":"way:1432460948@overview:112_22","osmType":"way","osmId":1432460948,"sourceRegion":"foshan","featureType":"infrastructure","railClass":"highspeed","mode":"rail","name":"广湛高速线","nameEn":"Guangzhou-Zhanjiang Railway","usage":"main","highspeed":"yes","tunnel":"yes","status":"operational","color":"#E54848","sourceKey":"way:1432460948"}},{"type":"Feature","geometry":{"type":"LineString","coordinates":[[112.7095597,22.9563556],[112.7125014,22.9570248]]},"properties":{"key":"way:1432460949@overview:112_22","osmType":"way","osmId":1432460949,"sourceRegion":"foshan","featureType":"infrastructure","railClass":"highspeed","mode":"rail","name":"广湛高速线","nameEn":"Guangzhou-Zhanjiang Railway","usage":"main","highspeed":"yes","bridge":"yes","status":"operational","color":"#E54848","sourceKey":"way:1432460949"}},{"type":"Feature","geometry":{"type":"LineString","coordinates":[[112.5498822,22.8182104],[112.5510968,22.8204422]]},"properties":{"key":"way:1462282088@overview:112_22","osmType":"way","osmId":1462282088,"sourceRegion":"foshan","featureType":"infrastructure","railClass":"highspeed","mode":"rail","name":"广湛高速线","nameEn":"Guangzhou-Zhanjiang Railway","usage":"main","highspeed":"yes","tunnel":"yes","status":"operational","color":"#E54848","sourceKey":"way:1462282088"}},{"type":"Feature","geometry":{"type":"LineString","coordinates":[[112.5459878,22.8120327],[112.5467583,22.8131563]]},"properties":{"key":"way:1462282089@overview:112_22","osmType":"way","osmId":1462282089,"sourceRegion":"foshan","featureType":"infrastructure","railClass":"highspeed","mode":"rail","name":"广湛高速线","nameEn":"Guangzhou-Zhanjiang Railway","usage":"main","highspeed":"yes","status":"operational","color":"#E54848","sourceKey":"way:1462282089"}},{"type":"Feature","geometry":{"type":"LineString","coordinates":[[112.5510968,22.8204422],[112.5519462,22.8221948]]},"properties":{"key":"way:1462282090@overview:112_22","osmType":"way","osmId":1462282090,"sourceRegion":"foshan","featureType":"infrastructure","railClass":"highspeed","mode":"rail","name":"广湛高速线","nameEn":"Guangzhou-Zhanjiang Railway","usage":"main","highspeed":"yes","status":"operational","color":"#E54848","sourceKey":"way:1462282090"}},{"type":"Feature","geometry":{"type":"LineString","coordinates":[[112.5467583,22.8131563],[112.5486343,22.8160529]]},"properties":{"key":"way:1462282091@overview:112_22","osmType":"way","osmId":1462282091,"sourceRegion":"foshan","featureType":"infrastructure","railClass":"highspeed","mode":"rail","name":"广湛高速线","nameEn":"Guangzhou-Zhanjiang Railway","usage":"main","highspeed":"yes","bridge":"yes","status":"operational","color":"#E54848","sourceKey":"way:1462282091"}},{"type":"Feature","geometry":{"type":"LineString","coordinates":[[112.5486343,22.8160529],[112.5498822,22.8182104]]},"properties":{"key":"way:1462282092@overview:112_22","osmType":"way","osmId":1462282092,"sourceRegion":"foshan","featureType":"infrastructure","railClass":"highspeed","mode":"rail","name":"广湛高速线","nameEn":"Guangzhou-Zhanjiang Railway","usage":"main","highspeed":"yes","status":"operational","color":"#E54848","sourceKey":"way:1462282092"}},{"type":"Feature","geometry":{"type":"LineString","coordinates":[[112.532423,22.7980335],[112.5459878,22.8120327]]},"properties":{"key":"way:1462282093@overview:112_22","osmType":"way","osmId":1462282093,"sourceRegion":"foshan","featureType":"infrastructure","railClass":"highspeed","mode":"rail","name":"广湛高速线","nameEn":"Guangzhou-Zhanjiang Railway","usage":"main","highspeed":"yes","bridge":"yes","status":"operational","color":"#E54848","sourceKey":"way:1462282093"}},{"type":"Feature","geometry":{"type":"LineString","coordinates":[[112.5016013,22.7842559],[112.503006,22.7846615]]},"properties":{"key":"way:1462282226@overview:112_22","osmType":"way","osmId":1462282226,"sourceRegion":"foshan","featureType":"infrastructure","railClass":"highspeed","mode":"rail","name":"广湛高速线","nameEn":"Guangzhou-Zhanjiang Railway","usage":"main","highspeed":"yes","status":"operational","color":"#E54848","sourceKey":"way:1462282226"}},{"type":"Feature","geometry":{"type":"LineString","coordinates":[[112.5267085,22.7941787],[112.5285414,22.7953098]]},"properties":{"key":"way:1462282227@overview:112_22","osmType":"way","osmId":1462282227,"sourceRegion":"foshan","featureType":"infrastructure","railClass":"highspeed","mode":"rail","name":"广湛高速线","nameEn":"Guangzhou-Zhanjiang Railway","usage":"main","highspeed":"yes","tunnel":"yes","status":"operational","color":"#E54848","sourceKey":"way:1462282227"}},{"type":"Feature","geometry":{"type":"LineString","coordinates":[[112.5116564,22.7871595],[112.514059,22.7879937]]},"properties":{"key":"way:1462282228@overview:112_22","osmType":"way","osmId":1462282228,"sourceRegion":"foshan","featureType":"infrastructure","railClass":"highspeed","mode":"rail","name":"广湛高速线","nameEn":"Guangzhou-Zhanjiang Railway","usage":"main","highspeed":"yes","bridge":"yes","status":"operational","color":"#E54848","sourceKey":"way:1462282228"}},{"type":"Feature","geometry":{"type":"LineString","coordinates":[[112.503006,22.7846615],[112.5051986,22.7852947]]},"properties":{"key":"way:1462282229@overview:112_22","osmType":"way","osmId":1462282229,"sourceRegion":"foshan","featureType":"infrastructure","railClass":"highspeed","mode":"rail","name":"广湛高速线","nameEn":"Guangzhou-Zhanjiang Railway","usage":"main","highspeed":"yes","tunnel":"yes","status":"operational","color":"#E54848","sourceKey":"way:1462282229"}},{"type":"Feature","geometry":{"type":"LineString","coordinates":[[112.5213934,22.7912085],[112.5267085,22.7941787]]},"properties":{"key":"way:1462282230@overview:112_22","osmType":"way","osmId":1462282230,"sourceRegion":"foshan","featureType":"infrastructure","railClass":"highspeed","mode":"rail","name":"广湛高速线","nameEn":"Guangzhou-Zhanjiang Railway","usage":"main","highspeed":"yes","bridge":"yes","status":"operational","color":"#E54848","sourceKey":"way:1462282230"}},{"type":"Feature","geometry":{"type":"LineString","coordinates":[[112.5152239,22.7884412],[112.516936,22.7891685]]},"properties":{"key":"way:1462282231@overview:112_22","osmType":"way","osmId":1462282231,"sourceRegion":"foshan","featureType":"infrastructure","railClass":"highspeed","mode":"rail","name":"广湛高速线","nameEn":"Guangzhou-Zhanjiang Railway","usage":"main","highspeed":"yes","bridge":"yes","status":"operational","color":"#E54848","sourceKey":"way:1462282231"}},{"type":"Feature","geometry":{"type":"LineString","coordinates":[[112.5295186,22.7959572],[112.532423,22.7980335]]},"properties":{"key":"way:1462282232@overview:112_22","osmType":"way","osmId":1462282232,"sourceRegion":"foshan","featureType":"infrastructure","railClass":"highspeed","mode":"rail","name":"广湛高速线","nameEn":"Guangzhou-Zhanjiang Railway","usage":"main","highspeed":"yes","tunnel":"yes","status":"operational","color":"#E54848","sourceKey":"way:1462282232"}},{"type":"Feature","geometry":{"type":"LineString","coordinates":[[112.5051986,22.7852947],[112.5097186,22.7865999]]},"properties":{"key":"way:1462282233@overview:112_22","osmType":"way","osmId":1462282233,"sourceRegion":"foshan","featureType":"infrastructure","railClass":"highspeed","mode":"rail","name":"广湛高速线","nameEn":"Guangzhou-Zhanjiang Railway","usage":"main","highspeed":"yes","bridge":"yes","status":"operational","color":"#E54848","sourceKey":"way:1462282233"}},{"type":"Feature","geometry":{"type":"LineString","coordinates":[[112.5197232,22.7904155],[112.5213934,22.7912085]]},"properties":{"key":"way:1462282234@overview:112_22","osmType":"way","osmId":1462282234,"sourceRegion":"foshan","featureType":"infrastructure","railClass":"highspeed","mode":"rail","name":"广湛高速线","nameEn":"Guangzhou-Zhanjiang Railway","usage":"main","highspeed":"yes","status":"operational","color":"#E54848","sourceKey":"way:1462282234"}},{"type":"Feature","geometry":{"type":"LineString","coordinates":[[112.516936,22.7891685],[112.5181381,22.7897093]]},"properties":{"key":"way:1462282235@overview:112_22","osmType":"way","osmId":1462282235,"sourceRegion":"foshan","featureType":"infrastructure","railClass":"highspeed","mode":"rail","name":"广湛高速线","nameEn":"Guangzhou-Zhanjiang Railway","usage":"main","highspeed":"yes","status":"operational","color":"#E54848","sourceKey":"way:1462282235"}},{"type":"Feature","geometry":{"type":"LineString","coordinates":[[112.5285414,22.7953098],[112.5295186,22.7959572]]},"properties":{"key":"way:1462282236@overview:112_22","osmType":"way","osmId":1462282236,"sourceRegion":"foshan","featureType":"infrastructure","railClass":"highspeed","mode":"rail","name":"广湛高速线","nameEn":"Guangzhou-Zhanjiang Railway","usage":"main","highspeed":"yes","status":"operational","color":"#E54848","sourceKey":"way:1462282236"}},{"type":"Feature","geometry":{"type":"LineString","coordinates":[[112.5097186,22.7865999],[112.5116564,22.7871595]]},"properties":{"key":"way:1462282237@overview:112_22","osmType":"way","osmId":1462282237,"sourceRegion":"foshan","featureType":"infrastructure","railClass":"highspeed","mode":"rail","name":"广湛高速线","nameEn":"Guangzhou-Zhanjiang Railway","usage":"main","highspeed":"yes","status":"operational","color":"#E54848","sourceKey":"way:1462282237"}},{"type":"Feature","geometry":{"type":"LineString","coordinates":[[112.5181381,22.7897093],[112.5197232,22.7904155]]},"properties":{"key":"way:1462282238@overview:112_22","osmType":"way","osmId":1462282238,"sourceRegion":"foshan","featureType":"infrastructure","railClass":"highspeed","mode":"rail","name":"广湛高速线","nameEn":"Guangzhou-Zhanjiang Railway","usage":"main","highspeed":"yes","bridge":"yes","status":"operational","color":"#E54848","sourceKey":"way:1462282238"}},{"type":"Feature","geometry":{"type":"LineString","coordinates":[[112.514059,22.7879937],[112.5152239,22.7884412]]},"properties":{"key":"way:1462282239@overview:112_22","osmType":"way","osmId":1462282239,"sourceRegion":"foshan","featureType":"infrastructure","railClass":"highspeed","mode":"rail","name":"广湛高速线","nameEn":"Guangzhou-Zhanjiang Railway","usage":"main","highspeed":"yes","status":"operational","color":"#E54848","sourceKey":"way:1462282239"}},{"type":"Feature","geometry":{"type":"LineString","coordinates":[[112.4955831,22.7824475],[112.5016013,22.7842559]]},"properties":{"key":"way:1462282240@overview:112_22","osmType":"way","osmId":1462282240,"sourceRegion":"foshan","featureType":"infrastructure","railClass":"highspeed","mode":"rail","name":"广湛高速线","nameEn":"Guangzhou-Zhanjiang Railway","usage":"main","highspeed":"yes","tunnel":"yes","status":"operational","color":"#E54848","sourceKey":"way:1462282240"}},{"type":"Feature","geometry":{"type":"LineString","coordinates":[[112.5522439,22.8228228],[112.5598489,22.8386753]]},"properties":{"key":"way:1462282242@overview:112_22","osmType":"way","osmId":1462282242,"sourceRegion":"foshan","featureType":"infrastructure","railClass":"highspeed","mode":"rail","name":"广湛高速线","nameEn":"Guangzhou-Zhanjiang Railway","usage":"main","highspeed":"yes","tunnel":"yes","status":"operational","color":"#E54848","sourceKey":"way:1462282242"}},{"type":"Feature","geometry":{"type":"LineString","coordinates":[[112.5519462,22.8221948],[112.5522439,22.8228228]]},"properties":{"key":"way:1462282243@overview:112_22","osmType":"way","osmId":1462282243,"sourceRegion":"foshan","featureType":"infrastructure","railClass":"highspeed","mode":"rail","name":"广湛高速线","nameEn":"Guangzhou-Zhanjiang Railway","usage":"main","highspeed":"yes","bridge":"yes","status":"operational","color":"#E54848","sourceKey":"way:1462282243"}},{"type":"Feature","geometry":{"type":"LineString","coordinates":[[112.5581306,22.8386094],[112.5487194,22.8280022],[112.5321854,22.8183791],[112.5183842,22.8157355],[112.4925717,22.8183338]]},"properties":{"key":"way:1509798754@overview:112_22","osmType":"way","osmId":1509798754,"sourceRegion":"foshan","featureType":"infrastructure","railClass":"construction","mode":"construction","name":"南珠高速线","nameEn":"Nanning-Zhuhai Highspeed Railway","usage":"main","highspeed":"yes","status":"construction","color":"#397F9D","sourceKey":"way:1509798754"}},{"type":"Feature","geometry":{"type":"LineString","coordinates":[[112.246211,22.850648],[112.2504525,22.8509975]]},"properties":{"key":"way:48995138@overview:112_22","osmType":"way","osmId":48995138,"sourceRegion":"guangdong","featureType":"infrastructure","railClass":"national","mode":"rail","name":"广茂线","nameEn":"Guangmao Line","ref":"0708","operator":"中国铁路广州局集团有限公司","usage":"main","status":"operational","color":"#E54848","dataOrigin":"datum-2026-08-01","sourceKey":"way:48995138"}},{"type":"Feature","geometry":{"type":"LineString","coordinates":[[112.1601169,22.7109829],[112.166874,22.709223],[112.175691,22.713373]]},"properties":{"key":"way:48995139@overview:112_22","osmType":"way","osmId":48995139,"sourceRegion":"guangdong","featureType":"infrastructure","railClass":"national","mode":"rail","name":"广茂线","nameEn":"Guangmao Line","ref":"0708","operator":"中国铁路广州局集团有限公司","usage":"main","status":"operational","color":"#E54848","dataOrigin":"datum-2026-08-01","sourceKey":"way:48995139"}},{"type":"Feature","geometry":{"type":"LineString","coordinates":[[112.0117464,22.5481229],[112.0316583,22.5750124]]},"properties":{"key":"way:48995140@overview:112_22","osmType":"way","osmId":48995140,"sourceRegion":"guangdong","featureType":"infrastructure","railClass":"national","mode":"rail","name":"广茂线","nameEn":"Guangmao Line","ref":"0708","operator":"中国铁路广州局集团有限公司","usage":"main","status":"operational","color":"#E54848","dataOrigin":"datum-2026-08-01","sourceKey":"way:48995140"}},{"type":"Feature","geometry":{"type":"LineString","coordinates":[[112.1839239,22.7198123],[112.1847524,22.7204201]]},"properties":{"key":"way:151362679@overview:112_22","osmType":"way","osmId":151362679,"sourceRegion":"guangdong","featureType":"infrastructure","railClass":"national","mode":"rail","name":"广茂线","nameEn":"Guangmao Line","ref":"0708","operator":"中国铁路广州局集团有限公司","usage":"main","bridge":"yes","status":"operational","color":"#E54848","dataOrigin":"datum-2026-08-01","sourceKey":"way:151362679"}},{"type":"Feature","geometry":{"type":"LineString","coordinates":[[112.156841,22.712125],[112.1601169,22.7109829]]},"properties":{"key":"way:151362680@overview:112_22","osmType":"way","osmId":151362680,"sourceRegion":"guangdong","featureType":"infrastructure","railClass":"national","mode":"rail","name":"广茂线","nameEn":"Guangmao Line","ref":"0708","operator":"中国铁路广州局集团有限公司","usage":"main","bridge":"yes","status":"operational","color":"#E54848","dataOrigin":"datum-2026-08-01","sourceKey":"way:151362680"}},{"type":"Feature","geometry":{"type":"LineString","coordinates":[[112.3581184,22.9215754],[112.3763966,22.9299225]]},"properties":{"key":"way:151362692@overview:112_22","osmType":"way","osmId":151362692,"sourceRegion":"guangdong","featureType":"infrastructure","railClass":"national","mode":"rail","name":"广茂线","nameEn":"Guangmao Line","ref":"0708","operator":"中国铁路广州局集团有限公司","usage":"main","status":"operational","color":"#E54848","dataOrigin":"datum-2026-08-01","sourceKey":"way:151362692"}},{"type":"Feature","geometry":{"type":"LineString","coordinates":[[112.1847524,22.7204201],[112.206276,22.732523],[112.2194292,22.7322315]]},"properties":{"key":"way:151362695@overview:112_22","osmType":"way","osmId":151362695,"sourceRegion":"guangdong","featureType":"infrastructure","railClass":"national","mode":"rail","name":"广茂线","nameEn":"Guangmao Line","ref":"0708","operator":"中国铁路广州局集团有限公司","usage":"main","status":"operational","color":"#E54848","dataOrigin":"datum-2026-08-01","sourceKey":"way:151362695"}},{"type":"Feature","geometry":{"type":"LineString","coordinates":[[112.0477515,22.9618342],[112.0387505,22.9587568],[112.0372822,22.9621346],[112.0415888,22.9668887],[112.0377845,22.974832],[112.0340991,22.9767609],[112.030558,22.9739183]]},"properties":{"key":"way:331723081@overview:112_22","osmType":"way","osmId":331723081,"sourceRegion":"guangdong","featureType":"infrastructure","railClass":"national","mode":"rail","name":"云浮支线","nameEn":"Yunfu Branch Railway","ref":"0709","usage":"branch","status":"operational","color":"#E54848","dataOrigin":"datum-2026-08-01","sourceKey":"way:331723081"}},{"type":"Feature","geometry":{"type":"LineString","coordinates":[[112.1837543,22.9334824],[112.1388618,22.9525001]]},"properties":{"key":"way:331723085@overview:112_22","osmType":"way","osmId":331723085,"sourceRegion":"guangdong","featureType":"infrastructure","railClass":"national","mode":"rail","name":"云浮支线","nameEn":"Yunfu Branch Railway","ref":"0709","usage":"branch","status":"operational","color":"#E54848","dataOrigin":"datum-2026-08-01","sourceKey":"way:331723085"}},{"type":"Feature","geometry":{"type":"LineString","coordinates":[[112.1388618,22.9525001],[112.1248746,22.9587008]]},"properties":{"key":"way:331723093@overview:112_22","osmType":"way","osmId":331723093,"sourceRegion":"guangdong","featureType":"infrastructure","railClass":"national","mode":"rail","name":"云浮支线","nameEn":"Yunfu Branch Railway","ref":"0709","usage":"branch","status":"operational","color":"#E54848","dataOrigin":"datum-2026-08-01","sourceKey":"way:331723093"}},{"type":"Feature","geometry":{"type":"LineString","coordinates":[[112.0860457,22.9587559],[112.0748935,22.9595351],[112.0635263,22.9658318],[112.0506626,22.9616526]]},"properties":{"key":"way:331723094@overview:112_22","osmType":"way","osmId":331723094,"sourceRegion":"guangdong","featureType":"infrastructure","railClass":"national","mode":"rail","name":"云浮支线","nameEn":"Yunfu Branch Railway","ref":"0709","usage":"branch","status":"operational","color":"#E54848","dataOrigin":"datum-2026-08-01","sourceKey":"way:331723094"}},{"type":"Feature","geometry":{"type":"LineString","coordinates":[[112.1248746,22.9587008],[112.1192849,22.9628104],[112.1137617,22.9632041]]},"properties":{"key":"way:331723105@overview:112_22","osmType":"way","osmId":331723105,"sourceRegion":"guangdong","featureType":"infrastructure","railClass":"national","mode":"rail","name":"云浮支线","nameEn":"Yunfu Branch Railway","ref":"0709","usage":"branch","status":"operational","color":"#E54848","dataOrigin":"datum-2026-08-01","sourceKey":"way:331723105"}},{"type":"Feature","geometry":{"type":"LineString","coordinates":[[112.2433248,22.8479372],[112.244937,22.849912]]},"properties":{"key":"way:448525459@overview:112_22","osmType":"way","osmId":448525459,"sourceRegion":"guangdong","featureType":"infrastructure","railClass":"national","mode":"rail","name":"广茂线","nameEn":"Guangmao Line","ref":"0708","operator":"中国铁路广州局集团有限公司","usage":"main","bridge":"yes","status":"operational","color":"#E54848","dataOrigin":"datum-2026-08-01","sourceKey":"way:448525459"}},{"type":"Feature","geometry":{"type":"LineString","coordinates":[[112.2458529,22.8504914],[112.246211,22.850648]]},"properties":{"key":"way:448525460@overview:112_22","osmType":"way","osmId":448525460,"sourceRegion":"guangdong","featureType":"infrastructure","railClass":"national","mode":"rail","name":"广茂线","nameEn":"Guangmao Line","ref":"0708","operator":"中国铁路广州局集团有限公司","usage":"main","bridge":"yes","status":"operational","color":"#E54848","dataOrigin":"datum-2026-08-01","sourceKey":"way:448525460"}},{"type":"Feature","geometry":{"type":"LineString","coordinates":[[112.2276664,22.7812635],[112.2274577,22.7824294]]},"properties":{"key":"way:448525461@overview:112_22","osmType":"way","osmId":448525461,"sourceRegion":"guangdong","featureType":"infrastructure","railClass":"national","mode":"rail","name":"广茂线","nameEn":"Guangmao Line","ref":"0708","operator":"中国铁路广州局集团有限公司","usage":"main","bridge":"yes","status":"operational","color":"#E54848","dataOrigin":"datum-2026-08-01","sourceKey":"way:448525461"}},{"type":"Feature","geometry":{"type":"LineString","coordinates":[[112.2279252,22.8134514],[112.231119,22.827848],[112.2416223,22.8400179]]},"properties":{"key":"way:448525462@overview:112_22","osmType":"way","osmId":448525462,"sourceRegion":"guangdong","featureType":"infrastructure","railClass":"national","mode":"rail","name":"广茂线","nameEn":"Guangmao Line","ref":"0708","operator":"中国铁路广州局集团有限公司","usage":"main","status":"operational","color":"#E54848","dataOrigin":"datum-2026-08-01","sourceKey":"way:448525462"}},{"type":"Feature","geometry":{"type":"LineString","coordinates":[[112.2416223,22.8400179],[112.2428473,22.8433878]]},"properties":{"key":"way:448525464@overview:112_22","osmType":"way","osmId":448525464,"sourceRegion":"guangdong","featureType":"infrastructure","railClass":"national","mode":"rail","name":"广茂线","nameEn":"Guangmao Line","ref":"0708","operator":"中国铁路广州局集团有限公司","usage":"main","tunnel":"yes","status":"operational","color":"#E54848","dataOrigin":"datum-2026-08-01","sourceKey":"way:448525464"}},{"type":"Feature","geometry":{"type":"LineString","coordinates":[[112.2602725,22.851562],[112.2797,22.861181],[112.2784145,22.87915]]},"properties":{"key":"way:448525465@overview:112_22","osmType":"way","osmId":448525465,"sourceRegion":"guangdong","featureType":"infrastructure","railClass":"national","mode":"rail","name":"广茂线","nameEn":"Guangmao Line","ref":"0708","operator":"中国铁路广州局集团有限公司","usage":"main","status":"operational","color":"#E54848","dataOrigin":"datum-2026-08-01","sourceKey":"way:448525465"}},{"type":"Feature","geometry":{"type":"LineString","coordinates":[[112.2428473,22.8433878],[112.2433248,22.8479372]]},"properties":{"key":"way:448525466@overview:112_22","osmType":"way","osmId":448525466,"sourceRegion":"guangdong","featureType":"infrastructure","railClass":"national","mode":"rail","name":"广茂线","nameEn":"Guangmao Line","ref":"0708","operator":"中国铁路广州局集团有限公司","usage":"main","status":"operational","color":"#E54848","dataOrigin":"datum-2026-08-01","sourceKey":"way:448525466"}},{"type":"Feature","geometry":{"type":"LineString","coordinates":[[112.2775951,22.8912926],[112.2631332,22.898309],[112.247164,22.9005091],[112.2435785,22.9065743]]},"properties":{"key":"way:494398674@overview:112_22","osmType":"way","osmId":494398674,"sourceRegion":"guangdong","featureType":"infrastructure","railClass":"national","mode":"rail","name":"云浮支线","nameEn":"Yunfu Branch Railway","ref":"0709","usage":"branch","status":"operational","color":"#E54848","dataOrigin":"datum-2026-08-01","sourceKey":"way:494398674"}},{"type":"Feature","geometry":{"type":"LineString","coordinates":[[112.1137617,22.9632041],[112.110174,22.9612743]]},"properties":{"key":"way:494398694@overview:112_22","osmType":"way","osmId":494398694,"sourceRegion":"guangdong","featureType":"infrastructure","railClass":"national","mode":"rail","name":"云浮支线","nameEn":"Yunfu Branch Railway","ref":"0709","usage":"branch","bridge":"yes","status":"operational","color":"#E54848","dataOrigin":"datum-2026-08-01","sourceKey":"way:494398694"}},{"type":"Feature","geometry":{"type":"LineString","coordinates":[[112.110174,22.9612743],[112.0866156,22.958799]]},"properties":{"key":"way:494398708@overview:112_22","osmType":"way","osmId":494398708,"sourceRegion":"guangdong","featureType":"infrastructure","railClass":"national","mode":"rail","name":"云浮支线","nameEn":"Yunfu Branch Railway","ref":"0709","usage":"branch","status":"operational","color":"#E54848","dataOrigin":"datum-2026-08-01","sourceKey":"way:494398708"}},{"type":"Feature","geometry":{"type":"LineString","coordinates":[[112.2810879,22.8906685],[112.2775951,22.8912926]]},"properties":{"key":"way:494398740@overview:112_22","osmType":"way","osmId":494398740,"sourceRegion":"guangdong","featureType":"infrastructure","railClass":"national","mode":"rail","name":"云浮支线","nameEn":"Yunfu Branch Railway","ref":"0709","usage":"branch","tunnel":"yes","status":"operational","color":"#E54848","dataOrigin":"datum-2026-08-01","sourceKey":"way:494398740"}},{"type":"Feature","geometry":{"type":"LineString","coordinates":[[112.1831498,22.7191971],[112.1839239,22.7198123]]},"properties":{"key":"way:558587996@overview:112_22","osmType":"way","osmId":558587996,"sourceRegion":"guangdong","featureType":"infrastructure","railClass":"national","mode":"rail","name":"广茂线","nameEn":"Guangmao Line","ref":"0708","operator":"中国铁路广州局集团有限公司","usage":"main","status":"operational","color":"#E54848","dataOrigin":"datum-2026-08-01","sourceKey":"way:558587996"}},{"type":"Feature","geometry":{"type":"LineString","coordinates":[[112.1827689,22.7189005],[112.1831498,22.7191971]]},"properties":{"key":"way:558588000@overview:112_22","osmType":"way","osmId":558588000,"sourceRegion":"guangdong","featureType":"infrastructure","railClass":"national","mode":"rail","name":"广茂线","nameEn":"Guangmao Line","ref":"0708","operator":"中国铁路广州局集团有限公司","usage":"main","bridge":"yes","status":"operational","color":"#E54848","dataOrigin":"datum-2026-08-01","sourceKey":"way:558588000"}},{"type":"Feature","geometry":{"type":"LineString","coordinates":[[112.3803739,22.1807573],[112.3709535,22.1748175]]},"properties":{"key":"way:570573115@overview:112_22","osmType":"way","osmId":570573115,"sourceRegion":"guangdong","featureType":"infrastructure","railClass":"highspeed","mode":"rail","name":"深湛线","nameEn":"Shenzhen-Zhanjiang Railway","ref":"3071","operator":"中国铁路广州局集团有限公司","usage":"main","highspeed":"yes","tunnel":"yes","status":"operational","color":"#E54848","dataOrigin":"datum-2026-08-01","sourceKey":"way:570573115"}},{"type":"Feature","geometry":{"type":"LineString","coordinates":[[112.4684926,22.2053809],[112.4538209,22.2016167]]},"properties":{"key":"way:570573116@overview:112_22","osmType":"way","osmId":570573116,"sourceRegion":"guangdong","featureType":"infrastructure","railClass":"highspeed","mode":"rail","name":"深湛线","nameEn":"Shenzhen-Zhanjiang Railway","ref":"3071","operator":"中国铁路广州局集团有限公司","usage":"main","highspeed":"yes","status":"operational","color":"#E54848","dataOrigin":"datum-2026-08-01","sourceKey":"way:570573116"}},{"type":"Feature","geometry":{"type":"LineString","coordinates":[[112.3373401,22.162696],[112.328403,22.1613645]]},"properties":{"key":"way:570573117@overview:112_22","osmType":"way","osmId":570573117,"sourceRegion":"guangdong","featureType":"infrastructure","railClass":"highspeed","mode":"rail","name":"深湛线","nameEn":"Shenzhen-Zhanjiang Railway","ref":"3071","operator":"中国铁路广州局集团有限公司","usage":"main","highspeed":"yes","tunnel":"yes","status":"operational","color":"#E54848","dataOrigin":"datum-2026-08-01","sourceKey":"way:570573117"}},{"type":"Feature","geometry":{"type":"LineString","coordinates":[[112.3655819,22.1724369],[112.3539394,22.168313]]},"properties":{"key":"way:570573118@overview:112_22","osmType":"way","osmId":570573118,"sourceRegion":"guangdong","featureType":"infrastructure","railClass":"highspeed","mode":"rail","name":"深湛线","nameEn":"Shenzhen-Zhanjiang Railway","ref":"3071","operator":"中国铁路广州局集团有限公司","usage":"main","highspeed":"yes","status":"operational","color":"#E54848","dataOrigin":"datum-2026-08-01","sourceKey":"way:570573118"}},{"type":"Feature","geometry":{"type":"LineString","coordinates":[[112.2040021,22.0267934],[112.1973503,22.0195726]]},"properties":{"key":"way:570573119@overview:112_22","osmType":"way","osmId":570573119,"sourceRegion":"guangdong","featureType":"infrastructure","railClass":"highspeed","mode":"rail","name":"深湛线","nameEn":"Shenzhen-Zhanjiang Railway","ref":"3071","operator":"中国铁路广州局集团有限公司","usage":"main","highspeed":"yes","tunnel":"yes","status":"operational","color":"#E54848","dataOrigin":"datum-2026-08-01","sourceKey":"way:570573119"}},{"type":"Feature","geometry":{"type":"LineString","coordinates":[[112.2630533,22.1201907],[112.2347611,22.0771295]]},"properties":{"key":"way:570573120@overview:112_22","osmType":"way","osmId":570573120,"sourceRegion":"guangdong","featureType":"infrastructure","railClass":"highspeed","mode":"rail","name":"深湛线","nameEn":"Shenzhen-Zhanjiang Railway","ref":"3071","operator":"中国铁路广州局集团有限公司","usage":"main","highspeed":"yes","status":"operational","color":"#E54848","dataOrigin":"datum-2026-08-01","sourceKey":"way:570573120"}},{"type":"Feature","geometry":{"type":"LineString","coordinates":[[112.918725,22.3931741],[112.874372,22.3435861],[112.8680313,22.3304768]]},"properties":{"key":"way:570583581@overview:112_22","osmType":"way","osmId":570583581,"sourceRegion":"guangdong","featureType":"infrastructure","railClass":"highspeed","mode":"rail","name":"深湛线","nameEn":"Shenzhen-Zhanjiang Railway","ref":"3071","operator":"中国铁路广州局集团有限公司","usage":"main","highspeed":"yes","tunnel":"yes","status":"operational","color":"#E54848","dataOrigin":"datum-2026-08-01","sourceKey":"way:570583581"}},{"type":"Feature","geometry":{"type":"LineString","coordinates":[[112.8680313,22.3304768],[112.8661001,22.3262688]]},"properties":{"key":"way:570583582@overview:112_22","osmType":"way","osmId":570583582,"sourceRegion":"guangdong","featureType":"infrastructure","railClass":"highspeed","mode":"rail","name":"深湛线","nameEn":"Shenzhen-Zhanjiang Railway","ref":"3071","operator":"中国铁路广州局集团有限公司","usage":"main","highspeed":"yes","status":"operational","color":"#E54848","dataOrigin":"datum-2026-08-01","sourceKey":"way:570583582"}},{"type":"Feature","geometry":{"type":"LineString","coordinates":[[112.8661001,22.3262688],[112.8521419,22.3088154]]},"properties":{"key":"way:570583583@overview:112_22","osmType":"way","osmId":570583583,"sourceRegion":"guangdong","featureType":"infrastructure","railClass":"highspeed","mode":"rail","name":"深湛线","nameEn":"Shenzhen-Zhanjiang Railway","ref":"3071","operator":"中国铁路广州局集团有限公司","usage":"main","highspeed":"yes","tunnel":"yes","status":"operational","color":"#E54848","dataOrigin":"datum-2026-08-01","sourceKey":"way:570583583"}},{"type":"Feature","geometry":{"type":"LineString","coordinates":[[112.8521419,22.3088154],[112.8499317,22.3074804]]},"properties":{"key":"way:570583584@overview:112_22","osmType":"way","osmId":570583584,"sourceRegion":"guangdong","featureType":"infrastructure","railClass":"highspeed","mode":"rail","name":"深湛线","nameEn":"Shenzhen-Zhanjiang Railway","ref":"3071","operator":"中国铁路广州局集团有限公司","usage":"main","highspeed":"yes","status":"operational","color":"#E54848","dataOrigin":"datum-2026-08-01","sourceKey":"way:570583584"}},{"type":"Feature","geometry":{"type":"LineString","coordinates":[[112.8499317,22.3074804],[112.8433818,22.3048301]]},"properties":{"key":"way:570583585@overview:112_22","osmType":"way","osmId":570583585,"sourceRegion":"guangdong","featureType":"infrastructure","railClass":"highspeed","mode":"rail","name":"深湛线","nameEn":"Shenzhen-Zhanjiang Railway","ref":"3071","operator":"中国铁路广州局集团有限公司","usage":"main","highspeed":"yes","tunnel":"yes","status":"operational","color":"#E54848","dataOrigin":"datum-2026-08-01","sourceKey":"way:570583585"}},{"type":"Feature","geometry":{"type":"LineString","coordinates":[[113.0,22.467033794064005],[112.9688877,22.4467752]]},"properties":{"key":"way:570583586@overview:112_22","osmType":"way","osmId":570583586,"sourceRegion":"guangdong","featureType":"infrastructure","railClass":"highspeed","mode":"rail","name":"深湛线","nameEn":"Shenzhen-Zhanjiang Railway","ref":"3071","operator":"中国铁路广州局集团有限公司","usage":"main","highspeed":"yes","bridge":"yes","status":"operational","color":"#E54848","dataOrigin":"datum-2026-08-01","sourceKey":"way:570583586"}},{"type":"Feature","geometry":{"type":"LineString","coordinates":[[112.8271019,22.3031171],[112.8017349,22.3021326]]},"properties":{"key":"way:570583587@overview:112_22","osmType":"way","osmId":570583587,"sourceRegion":"guangdong","featureType":"infrastructure","railClass":"highspeed","mode":"rail","name":"深湛线","nameEn":"Shenzhen-Zhanjiang Railway","ref":"3071","operator":"中国铁路广州局集团有限公司","usage":"main","highspeed":"yes","status":"operational","color":"#E54848","dataOrigin":"datum-2026-08-01","sourceKey":"way:570583587"}},{"type":"Feature","geometry":{"type":"LineString","coordinates":[[112.5832021,22.2693598],[112.5694048,22.2583783],[112.5485051,22.2523312]]},"properties":{"key":"way:570583588@overview:112_22","osmType":"way","osmId":570583588,"sourceRegion":"guangdong","featureType":"infrastructure","railClass":"highspeed","mode":"rail","name":"深湛线","nameEn":"Shenzhen-Zhanjiang Railway","ref":"3071","operator":"中国铁路广州局集团有限公司","usage":"main","highspeed":"yes","bridge":"yes","status":"operational","color":"#E54848","dataOrigin":"datum-2026-08-01","sourceKey":"way:570583588"}},{"type":"Feature","geometry":{"type":"LineString","coordinates":[[112.4748731,22.2082756],[112.4684926,22.2053809]]},"properties":{"key":"way:570583589@overview:112_22","osmType":"way","osmId":570583589,"sourceRegion":"guangdong","featureType":"infrastructure","railClass":"highspeed","mode":"rail","name":"深湛线","nameEn":"Shenzhen-Zhanjiang Railway","ref":"3071","operator":"中国铁路广州局集团有限公司","usage":"main","highspeed":"yes","bridge":"yes","status":"operational","color":"#E54848","dataOrigin":"datum-2026-08-01","sourceKey":"way:570583589"}},{"type":"Feature","geometry":{"type":"LineString","coordinates":[[112.4902354,22.2201849],[112.480849,22.2119806]]},"properties":{"key":"way:570583590@overview:112_22","osmType":"way","osmId":570583590,"sourceRegion":"guangdong","featureType":"infrastructure","railClass":"highspeed","mode":"rail","name":"深湛线","nameEn":"Shenzhen-Zhanjiang Railway","ref":"3071","operator":"中国铁路广州局集团有限公司","usage":"main","highspeed":"yes","status":"operational","color":"#E54848","dataOrigin":"datum-2026-08-01","sourceKey":"way:570583590"}},{"type":"Feature","geometry":{"type":"LineString","coordinates":[[112.9688877,22.4467752],[112.9438165,22.4201102]]},"properties":{"key":"way:570736671@overview:112_22","osmType":"way","osmId":570736671,"sourceRegion":"guangdong","featureType":"infrastructure","railClass":"highspeed","mode":"rail","name":"深湛线","nameEn":"Shenzhen-Zhanjiang Railway","ref":"3071","operator":"中国铁路广州局集团有限公司","usage":"main","highspeed":"yes","status":"operational","color":"#E54848","dataOrigin":"datum-2026-08-01","sourceKey":"way:570736671"}},{"type":"Feature","geometry":{"type":"LineString","coordinates":[[112.0794654,22.6145349],[112.0846794,22.619128]]},"properties":{"key":"way:592238630@overview:112_22","osmType":"way","osmId":592238630,"sourceRegion":"guangdong","featureType":"infrastructure","railClass":"national","mode":"rail","name":"广茂线","nameEn":"Guangmao Line","ref":"0708","operator":"中国铁路广州局集团有限公司","usage":"main","tunnel":"yes","status":"operational","color":"#E54848","dataOrigin":"datum-2026-08-01","sourceKey":"way:592238630"}},{"type":"Feature","geometry":{"type":"LineString","coordinates":[[112.07759,22.61293],[112.0791009,22.6142149]]},"properties":{"key":"way:592238634@overview:112_22","osmType":"way","osmId":592238634,"sourceRegion":"guangdong","featureType":"infrastructure","railClass":"national","mode":"rail","name":"广茂线","nameEn":"Guangmao Line","ref":"0708","operator":"中国铁路广州局集团有限公司","usage":"main","tunnel":"yes","status":"operational","color":"#E54848","dataOrigin":"datum-2026-08-01","sourceKey":"way:592238634"}},{"type":"Feature","geometry":{"type":"LineString","coordinates":[[112.0846794,22.619128],[112.0887671,22.6268642],[112.0866884,22.6329636]]},"properties":{"key":"way:592238639@overview:112_22","osmType":"way","osmId":592238639,"sourceRegion":"guangdong","featureType":"infrastructure","railClass":"national","mode":"rail","name":"广茂线","nameEn":"Guangmao Line","ref":"0708","operator":"中国铁路广州局集团有限公司","usage":"main","status":"operational","color":"#E54848","dataOrigin":"datum-2026-08-01","sourceKey":"way:592238639"}},{"type":"Feature","geometry":{"type":"LineString","coordinates":[[112.0791009,22.6142149],[112.0794654,22.6145349]]},"properties":{"key":"way:592238643@overview:112_22","osmType":"way","osmId":592238643,"sourceRegion":"guangdong","featureType":"infrastructure","railClass":"national","mode":"rail","name":"广茂线","nameEn":"Guangmao Line","ref":"0708","operator":"中国铁路广州局集团有限公司","usage":"main","status":"operational","color":"#E54848","dataOrigin":"datum-2026-08-01","sourceKey":"way:592238643"}},{"type":"Feature","geometry":{"type":"LineString","coordinates":[[112.0991412,22.6699961],[112.0980252,22.6729943]]},"properties":{"key":"way:592238646@overview:112_22","osmType":"way","osmId":592238646,"sourceRegion":"guangdong","featureType":"infrastructure","railClass":"national","mode":"rail","name":"广茂线","nameEn":"Guangmao Line","ref":"0708","operator":"中国铁路广州局集团有限公司","usage":"main","tunnel":"yes","status":"operational","color":"#E54848","dataOrigin":"datum-2026-08-01","sourceKey":"way:592238646"}},{"type":"Feature","geometry":{"type":"LineString","coordinates":[[112.0980252,22.6729943],[112.0978575,22.6785423]]},"properties":{"key":"way:592238650@overview:112_22","osmType":"way","osmId":592238650,"sourceRegion":"guangdong","featureType":"infrastructure","railClass":"national","mode":"rail","name":"广茂线","nameEn":"Guangmao Line","ref":"0708","operator":"中国铁路广州局集团有限公司","usage":"main","status":"operational","color":"#E54848","dataOrigin":"datum-2026-08-01","sourceKey":"way:592238650"}},{"type":"Feature","geometry":{"type":"LineString","coordinates":[[112.0848961,22.6391787],[112.0861191,22.6415164]]},"properties":{"key":"way:592238654@overview:112_22","osmType":"way","osmId":592238654,"sourceRegion":"guangdong","featureType":"infrastructure","railClass":"national","mode":"rail","name":"广茂线","nameEn":"Guangmao Line","ref":"0708","operator":"中国铁路广州局集团有限公司","usage":"main","tunnel":"yes","status":"operational","color":"#E54848","dataOrigin":"datum-2026-08-01","sourceKey":"way:592238654"}},{"type":"Feature","geometry":{"type":"LineString","coordinates":[[112.0867912,22.64229],[112.0877732,22.6432998]]},"properties":{"key":"way:592238658@overview:112_22","osmType":"way","osmId":592238658,"sourceRegion":"guangdong","featureType":"infrastructure","railClass":"national","mode":"rail","name":"广茂线","nameEn":"Guangmao Line","ref":"0708","operator":"中国铁路广州局集团有限公司","usage":"main","bridge":"yes","status":"operational","color":"#E54848","dataOrigin":"datum-2026-08-01","sourceKey":"way:592238658"}},{"type":"Feature","geometry":{"type":"LineString","coordinates":[[112.0861191,22.6415164],[112.0867912,22.64229]]},"properties":{"key":"way:592238662@overview:112_22","osmType":"way","osmId":592238662,"sourceRegion":"guangdong","featureType":"infrastructure","railClass":"national","mode":"rail","name":"广茂线","nameEn":"Guangmao Line","ref":"0708","operator":"中国铁路广州局集团有限公司","usage":"main","status":"operational","color":"#E54848","dataOrigin":"datum-2026-08-01","sourceKey":"way:592238662"}},{"type":"Feature","geometry":{"type":"LineString","coordinates":[[112.0877732,22.6432998],[112.0892283,22.6450954]]},"properties":{"key":"way:592238665@overview:112_22","osmType":"way","osmId":592238665,"sourceRegion":"guangdong","featureType":"infrastructure","railClass":"national","mode":"rail","name":"广茂线","nameEn":"Guangmao Line","ref":"0708","operator":"中国铁路广州局集团有限公司","usage":"main","status":"operational","color":"#E54848","dataOrigin":"datum-2026-08-01","sourceKey":"way:592238665"}},{"type":"Feature","geometry":{"type":"LineString","coordinates":[[112.0892283,22.6450954],[112.0910597,22.6476827]]},"properties":{"key":"way:592238669@overview:112_22","osmType":"way","osmId":592238669,"sourceRegion":"guangdong","featureType":"infrastructure","railClass":"national","mode":"rail","name":"广茂线","nameEn":"Guangmao Line","ref":"0708","operator":"中国铁路广州局集团有限公司","usage":"main","tunnel":"yes","status":"operational","color":"#E54848","dataOrigin":"datum-2026-08-01","sourceKey":"way:592238669"}},{"type":"Feature","geometry":{"type":"LineString","coordinates":[[112.0910597,22.6476827],[112.0970171,22.6527668]]},"properties":{"key":"way:592238673@overview:112_22","osmType":"way","osmId":592238673,"sourceRegion":"guangdong","featureType":"infrastructure","railClass":"national","mode":"rail","name":"广茂线","nameEn":"Guangmao Line","ref":"0708","operator":"中国铁路广州局集团有限公司","usage":"main","status":"operational","color":"#E54848","dataOrigin":"datum-2026-08-01","sourceKey":"way:592238673"}},{"type":"Feature","geometry":{"type":"LineString","coordinates":[[112.1018063,22.6602295],[112.102361,22.664066],[112.0991412,22.6699961]]},"properties":{"key":"way:592238677@overview:112_22","osmType":"way","osmId":592238677,"sourceRegion":"guangdong","featureType":"infrastructure","railClass":"national","mode":"rail","name":"广茂线","nameEn":"Guangmao Line","ref":"0708","operator":"中国铁路广州局集团有限公司","usage":"main","status":"operational","color":"#E54848","dataOrigin":"datum-2026-08-01","sourceKey":"way:592238677"}},{"type":"Feature","geometry":{"type":"LineString","coordinates":[[112.0970171,22.6527668],[112.1018063,22.6602295]]},"properties":{"key":"way:592238681@overview:112_22","osmType":"way","osmId":592238681,"sourceRegion":"guangdong","featureType":"infrastructure","railClass":"national","mode":"rail","name":"广茂线","nameEn":"Guangmao Line","ref":"0708","operator":"中国铁路广州局集团有限公司","usage":"main","tunnel":"yes","status":"operational","color":"#E54848","dataOrigin":"datum-2026-08-01","sourceKey":"way:592238681"}},{"type":"Feature","geometry":{"type":"LineString","coordinates":[[112.0978575,22.6785423],[112.097902,22.680198]]},"properties":{"key":"way:592238685@overview:112_22","osmType":"way","osmId":592238685,"sourceRegion":"guangdong","featureType":"infrastructure","railClass":"national","mode":"rail","name":"广茂线","nameEn":"Guangmao Line","ref":"0708","operator":"中国铁路广州局集团有限公司","usage":"main","tunnel":"yes","status":"operational","color":"#E54848","dataOrigin":"datum-2026-08-01","sourceKey":"way:592238685"}},{"type":"Feature","geometry":{"type":"LineString","coordinates":[[112.097902,22.680198],[112.098756,22.6849541]]},"properties":{"key":"way:592238688@overview:112_22","osmType":"way","osmId":592238688,"sourceRegion":"guangdong","featureType":"infrastructure","railClass":"national","mode":"rail","name":"广茂线","nameEn":"Guangmao Line","ref":"0708","operator":"中国铁路广州局集团有限公司","usage":"main","status":"operational","color":"#E54848","dataOrigin":"datum-2026-08-01","sourceKey":"way:592238688"}},{"type":"Feature","geometry":{"type":"LineString","coordinates":[[112.098756,22.6849541],[112.1000707,22.6865368]]},"properties":{"key":"way:592238692@overview:112_22","osmType":"way","osmId":592238692,"sourceRegion":"guangdong","featureType":"infrastructure","railClass":"national","mode":"rail","name":"广茂线","nameEn":"Guangmao Line","ref":"0708","operator":"中国铁路广州局集团有限公司","usage":"main","tunnel":"yes","status":"operational","color":"#E54848","dataOrigin":"datum-2026-08-01","sourceKey":"way:592238692"}},{"type":"Feature","geometry":{"type":"LineString","coordinates":[[112.1000707,22.6865368],[112.1100795,22.7029655],[112.1149807,22.7066981]]},"properties":{"key":"way:592238696@overview:112_22","osmType":"way","osmId":592238696,"sourceRegion":"guangdong","featureType":"infrastructure","railClass":"national","mode":"rail","name":"广茂线","nameEn":"Guangmao Line","ref":"0708","operator":"中国铁路广州局集团有限公司","usage":"main","status":"operational","color":"#E54848","dataOrigin":"datum-2026-08-01","sourceKey":"way:592238696"}},{"type":"Feature","geometry":{"type":"LineString","coordinates":[[112.141217,22.7140639],[112.1533996,22.7137411]]},"properties":{"key":"way:592238701@overview:112_22","osmType":"way","osmId":592238701,"sourceRegion":"guangdong","featureType":"infrastructure","railClass":"national","mode":"rail","name":"广茂线","nameEn":"Guangmao Line","ref":"0708","operator":"中国铁路广州局集团有限公司","usage":"main","status":"operational","color":"#E54848","dataOrigin":"datum-2026-08-01","sourceKey":"way:592238701"}},{"type":"Feature","geometry":{"type":"LineString","coordinates":[[112.136453,22.7137443],[112.141217,22.7140639]]},"properties":{"key":"way:592238703@overview:112_22","osmType":"way","osmId":592238703,"sourceRegion":"guangdong","featureType":"infrastructure","railClass":"national","mode":"rail","name":"广茂线","nameEn":"Guangmao Line","ref":"0708","operator":"中国铁路广州局集团有限公司","usage":"main","tunnel":"yes","status":"operational","color":"#E54848","dataOrigin":"datum-2026-08-01","sourceKey":"way:592238703"}},{"type":"Feature","geometry":{"type":"LineString","coordinates":[[112.2256029,22.7460345],[112.2255698,22.7456828]]},"properties":{"key":"way:592238705@overview:112_22","osmType":"way","osmId":592238705,"sourceRegion":"guangdong","featureType":"infrastructure","railClass":"national","mode":"rail","name":"未命名","status":"operational","color":"#E54848","dataOrigin":"datum-2026-08-01","sourceKey":"way:592238705"}},{"type":"Feature","geometry":{"type":"LineString","coordinates":[[112.2995532,22.8921929],[112.2856647,22.8889855]]},"properties":{"key":"way:592238716@overview:112_22","osmType":"way","osmId":592238716,"sourceRegion":"guangdong","featureType":"infrastructure","railClass":"national","mode":"rail","name":"未命名","status":"operational","color":"#E54848","dataOrigin":"datum-2026-08-01","sourceKey":"way:592238716"}},{"type":"Feature","geometry":{"type":"LineString","coordinates":[[112.2841081,22.8888029],[112.2820683,22.8898501]]},"properties":{"key":"way:592238718@overview:112_22","osmType":"way","osmId":592238718,"sourceRegion":"guangdong","featureType":"infrastructure","railClass":"national","mode":"rail","name":"云浮支线","nameEn":"Yunfu Branch Railway","ref":"0709","usage":"branch","status":"operational","color":"#E54848","dataOrigin":"datum-2026-08-01","sourceKey":"way:592238718"}},{"type":"Feature","geometry":{"type":"LineString","coordinates":[[112.2842458,22.8887928],[112.2841081,22.8888029]]},"properties":{"key":"way:592238719@overview:112_22","osmType":"way","osmId":592238719,"sourceRegion":"guangdong","featureType":"infrastructure","railClass":"national","mode":"rail","name":"云浮支线","nameEn":"Yunfu Branch Railway","ref":"0709","usage":"branch","bridge":"yes","status":"operational","color":"#E54848","dataOrigin":"datum-2026-08-01","sourceKey":"way:592238719"}},{"type":"Feature","geometry":{"type":"LineString","coordinates":[[112.2842412,22.8885658],[112.3041319,22.8941144]]},"properties":{"key":"way:592238720@overview:112_22","osmType":"way","osmId":592238720,"sourceRegion":"guangdong","featureType":"infrastructure","railClass":"national","mode":"rail","name":"广茂线","nameEn":"Guangmao Line","ref":"0708","operator":"中国铁路广州局集团有限公司","usage":"main","status":"operational","color":"#E54848","dataOrigin":"datum-2026-08-01","sourceKey":"way:592238720"}},{"type":"Feature","geometry":{"type":"LineString","coordinates":[[112.2840822,22.888516],[112.2842412,22.8885658]]},"properties":{"key":"way:592238721@overview:112_22","osmType":"way","osmId":592238721,"sourceRegion":"guangdong","featureType":"infrastructure","railClass":"national","mode":"rail","name":"广茂线","nameEn":"Guangmao Line","ref":"0708","operator":"中国铁路广州局集团有限公司","usage":"main","bridge":"yes","status":"operational","color":"#E54848","dataOrigin":"datum-2026-08-01","sourceKey":"way:592238721"}},{"type":"Feature","geometry":{"type":"LineString","coordinates":[[113.0,22.467090551054586],[112.9688579,22.4468101]]},"properties":{"key":"way:627789149@overview:112_22","osmType":"way","osmId":627789149,"sourceRegion":"guangdong","featureType":"infrastructure","railClass":"highspeed","mode":"rail","name":"深湛线","nameEn":"Shenzhen-Zhanjiang Railway","ref":"3071","operator":"中国铁路广州局集团有限公司","usage":"main","highspeed":"yes","bridge":"yes","status":"operational","color":"#E54848","dataOrigin":"datum-2026-08-01","sourceKey":"way:627789149"}},{"type":"Feature","geometry":{"type":"LineString","coordinates":[[112.9688579,22.4468101],[112.9436686,22.4200133]]},"properties":{"key":"way:627789150@overview:112_22","osmType":"way","osmId":627789150,"sourceRegion":"guangdong","featureType":"infrastructure","railClass":"highspeed","mode":"rail","name":"深湛线","nameEn":"Shenzhen-Zhanjiang Railway","ref":"3071","operator":"中国铁路广州局集团有限公司","usage":"main","highspeed":"yes","status":"operational","color":"#E54848","dataOrigin":"datum-2026-08-01","sourceKey":"way:627789150"}},{"type":"Feature","geometry":{"type":"LineString","coordinates":[[112.9186879,22.3932024],[112.8743322,22.3436111],[112.8679866,22.3304932]]},"properties":{"key":"way:627789153@overview:112_22","osmType":"way","osmId":627789153,"sourceRegion":"guangdong","featureType":"infrastructure","railClass":"highspeed","mode":"rail","name":"深湛线","nameEn":"Shenzhen-Zhanjiang Railway","ref":"3071","operator":"中国铁路广州局集团有限公司","usage":"main","highspeed":"yes","tunnel":"yes","status":"operational","color":"#E54848","dataOrigin":"datum-2026-08-01","sourceKey":"way:627789153"}},{"type":"Feature","geometry":{"type":"LineString","coordinates":[[112.8679866,22.3304932],[112.8660567,22.3262881]]},"properties":{"key":"way:627789157@overview:112_22","osmType":"way","osmId":627789157,"sourceRegion":"guangdong","featureType":"infrastructure","railClass":"highspeed","mode":"rail","name":"深湛线","nameEn":"Shenzhen-Zhanjiang Railway","ref":"3071","operator":"中国铁路广州局集团有限公司","usage":"main","highspeed":"yes","status":"operational","color":"#E54848","dataOrigin":"datum-2026-08-01","sourceKey":"way:627789157"}},{"type":"Feature","geometry":{"type":"LineString","coordinates":[[112.8660567,22.3262881],[112.8521118,22.3088503]]},"properties":{"key":"way:627789160@overview:112_22","osmType":"way","osmId":627789160,"sourceRegion":"guangdong","featureType":"infrastructure","railClass":"highspeed","mode":"rail","name":"深湛线","nameEn":"Shenzhen-Zhanjiang Railway","ref":"3071","operator":"中国铁路广州局集团有限公司","usage":"main","highspeed":"yes","tunnel":"yes","status":"operational","color":"#E54848","dataOrigin":"datum-2026-08-01","sourceKey":"way:627789160"}},{"type":"Feature","geometry":{"type":"LineString","coordinates":[[112.8521118,22.3088503],[112.849908,22.3075192]]},"properties":{"key":"way:627789163@overview:112_22","osmType":"way","osmId":627789163,"sourceRegion":"guangdong","featureType":"infrastructure","railClass":"highspeed","mode":"rail","name":"深湛线","nameEn":"Shenzhen-Zhanjiang Railway","ref":"3071","operator":"中国铁路广州局集团有限公司","usage":"main","highspeed":"yes","status":"operational","color":"#E54848","dataOrigin":"datum-2026-08-01","sourceKey":"way:627789163"}},{"type":"Feature","geometry":{"type":"LineString","coordinates":[[112.849908,22.3075192],[112.8433654,22.3048719]]},"properties":{"key":"way:627789167@overview:112_22","osmType":"way","osmId":627789167,"sourceRegion":"guangdong","featureType":"infrastructure","railClass":"highspeed","mode":"rail","name":"深湛线","nameEn":"Shenzhen-Zhanjiang Railway","ref":"3071","operator":"中国铁路广州局集团有限公司","usage":"main","highspeed":"yes","tunnel":"yes","status":"operational","color":"#E54848","dataOrigin":"datum-2026-08-01","sourceKey":"way:627789167"}},{"type":"Feature","geometry":{"type":"LineString","coordinates":[[112.8271177,22.3031623],[112.8017001,22.3022022]]},"properties":{"key":"way:627789170@overview:112_22","osmType":"way","osmId":627789170,"sourceRegion":"guangdong","featureType":"infrastructure","railClass":"highspeed","mode":"rail","name":"深湛线","nameEn":"Shenzhen-Zhanjiang Railway","ref":"3071","operator":"中国铁路广州局集团有限公司","usage":"main","highspeed":"yes","status":"operational","color":"#E54848","dataOrigin":"datum-2026-08-01","sourceKey":"way:627789170"}},{"type":"Feature","geometry":{"type":"LineString","coordinates":[[112.5831627,22.2693853],[112.5693822,22.2584176],[112.548491,22.2523738]]},"properties":{"key":"way:627789172@overview:112_22","osmType":"way","osmId":627789172,"sourceRegion":"guangdong","featureType":"infrastructure","railClass":"highspeed","mode":"rail","name":"深湛线","nameEn":"Shenzhen-Zhanjiang Railway","ref":"3071","operator":"中国铁路广州局集团有限公司","usage":"main","highspeed":"yes","bridge":"yes","status":"operational","color":"#E54848","dataOrigin":"datum-2026-08-01","sourceKey":"way:627789172"}},{"type":"Feature","geometry":{"type":"LineString","coordinates":[[112.490214,22.2202293],[112.4808187,22.2120152]]},"properties":{"key":"way:627789173@overview:112_22","osmType":"way","osmId":627789173,"sourceRegion":"guangdong","featureType":"infrastructure","railClass":"highspeed","mode":"rail","name":"深湛线","nameEn":"Shenzhen-Zhanjiang Railway","ref":"3071","operator":"中国铁路广州局集团有限公司","usage":"main","highspeed":"yes","status":"operational","color":"#E54848","dataOrigin":"datum-2026-08-01","sourceKey":"way:627789173"}},{"type":"Feature","geometry":{"type":"LineString","coordinates":[[112.4748489,22.2083141],[112.4684529,22.2054153]]},"properties":{"key":"way:627789175@overview:112_22","osmType":"way","osmId":627789175,"sourceRegion":"guangdong","featureType":"infrastructure","railClass":"highspeed","mode":"rail","name":"深湛线","nameEn":"Shenzhen-Zhanjiang Railway","ref":"3071","operator":"中国铁路广州局集团有限公司","usage":"main","highspeed":"yes","bridge":"yes","status":"operational","color":"#E54848","dataOrigin":"datum-2026-08-01","sourceKey":"way:627789175"}},{"type":"Feature","geometry":{"type":"LineString","coordinates":[[112.4684529,22.2054153],[112.4538041,22.2016609]]},"properties":{"key":"way:627789180@overview:112_22","osmType":"way","osmId":627789180,"sourceRegion":"guangdong","featureType":"infrastructure","railClass":"highspeed","mode":"rail","name":"深湛线","nameEn":"Shenzhen-Zhanjiang Railway","ref":"3071","operator":"中国铁路广州局集团有限公司","usage":"main","highspeed":"yes","status":"operational","color":"#E54848","dataOrigin":"datum-2026-08-01","sourceKey":"way:627789180"}},{"type":"Feature","geometry":{"type":"LineString","coordinates":[[112.3803481,22.1807931],[112.3709289,22.1748558]]},"properties":{"key":"way:627789187@overview:112_22","osmType":"way","osmId":627789187,"sourceRegion":"guangdong","featureType":"infrastructure","railClass":"highspeed","mode":"rail","name":"深湛线","nameEn":"Shenzhen-Zhanjiang Railway","ref":"3071","operator":"中国铁路广州局集团有限公司","usage":"main","highspeed":"yes","tunnel":"yes","status":"operational","color":"#E54848","dataOrigin":"datum-2026-08-01","sourceKey":"way:627789187"}},{"type":"Feature","geometry":{"type":"LineString","coordinates":[[112.3655502,22.1724732],[112.3539273,22.1683542]]},"properties":{"key":"way:627789191@overview:112_22","osmType":"way","osmId":627789191,"sourceRegion":"guangdong","featureType":"infrastructure","railClass":"highspeed","mode":"rail","name":"深湛线","nameEn":"Shenzhen-Zhanjiang Railway","ref":"3071","operator":"中国铁路广州局集团有限公司","usage":"main","highspeed":"yes","status":"operational","color":"#E54848","dataOrigin":"datum-2026-08-01","sourceKey":"way:627789191"}},{"type":"Feature","geometry":{"type":"LineString","coordinates":[[112.337329,22.1627393],[112.3283945,22.1614084]]},"properties":{"key":"way:627789195@overview:112_22","osmType":"way","osmId":627789195,"sourceRegion":"guangdong","featureType":"infrastructure","railClass":"highspeed","mode":"rail","name":"深湛线","nameEn":"Shenzhen-Zhanjiang Railway","ref":"3071","operator":"中国铁路广州局集团有限公司","usage":"main","highspeed":"yes","tunnel":"yes","status":"operational","color":"#E54848","dataOrigin":"datum-2026-08-01","sourceKey":"way:627789195"}},{"type":"Feature","geometry":{"type":"LineString","coordinates":[[112.2630069,22.1202106],[112.2346775,22.0771473]]},"properties":{"key":"way:627789198@overview:112_22","osmType":"way","osmId":627789198,"sourceRegion":"guangdong","featureType":"infrastructure","railClass":"highspeed","mode":"rail","name":"深湛线","nameEn":"Shenzhen-Zhanjiang Railway","ref":"3071","operator":"中国铁路广州局集团有限公司","usage":"main","highspeed":"yes","status":"operational","color":"#E54848","dataOrigin":"datum-2026-08-01","sourceKey":"way:627789198"}},{"type":"Feature","geometry":{"type":"LineString","coordinates":[[112.2039605,22.0268157],[112.1973179,22.0196056]]},"properties":{"key":"way:627789203@overview:112_22","osmType":"way","osmId":627789203,"sourceRegion":"guangdong","featureType":"infrastructure","railClass":"highspeed","mode":"rail","name":"深湛线","nameEn":"Shenzhen-Zhanjiang Railway","ref":"3071","operator":"中国铁路广州局集团有限公司","usage":"main","highspeed":"yes","tunnel":"yes","status":"operational","color":"#E54848","dataOrigin":"datum-2026-08-01","sourceKey":"way:627789203"}},{"type":"Feature","geometry":{"type":"LineString","coordinates":[[112.2288287,22.9147829],[112.2284076,22.9150423]]},"properties":{"key":"way:655460861@overview:112_22","osmType":"way","osmId":655460861,"sourceRegion":"guangdong","featureType":"infrastructure","railClass":"national","mode":"rail","name":"云浮支线","nameEn":"Yunfu Branch Railway","ref":"0709","usage":"branch","bridge":"yes","status":"operational","color":"#E54848","dataOrigin":"datum-2026-08-01","sourceKey":"way:655460861"}},{"type":"Feature","geometry":{"type":"LineString","coordinates":[[112.2394426,22.9124446],[112.2288287,22.9147829]]},"properties":{"key":"way:655460862@overview:112_22","osmType":"way","osmId":655460862,"sourceRegion":"guangdong","featureType":"infrastructure","railClass":"national","mode":"rail","name":"云浮支线","nameEn":"Yunfu Branch Railway","ref":"0709","usage":"branch","status":"operational","color":"#E54848","dataOrigin":"datum-2026-08-01","sourceKey":"way:655460862"}},{"type":"Feature","geometry":{"type":"LineString","coordinates":[[112.2435785,22.9065743],[112.2394426,22.9124446]]},"properties":{"key":"way:655460863@overview:112_22","osmType":"way","osmId":655460863,"sourceRegion":"guangdong","featureType":"infrastructure","railClass":"national","mode":"rail","name":"云浮支线","nameEn":"Yunfu Branch Railway","ref":"0709","usage":"branch","tunnel":"yes","status":"operational","color":"#E54848","dataOrigin":"datum-2026-08-01","sourceKey":"way:655460863"}},{"type":"Feature","geometry":{"type":"LineString","coordinates":[[112.2856647,22.8889855],[112.2842458,22.8887928]]},"properties":{"key":"way:656197585@overview:112_22","osmType":"way","osmId":656197585,"sourceRegion":"guangdong","featureType":"infrastructure","railClass":"national","mode":"rail","name":"云浮支线","nameEn":"Yunfu Branch Railway","ref":"0709","usage":"branch","status":"operational","color":"#E54848","dataOrigin":"datum-2026-08-01","sourceKey":"way:656197585"}},{"type":"Feature","geometry":{"type":"LineString","coordinates":[[112.6122674,22.2989705],[112.5945425,22.2834676],[112.5832021,22.2693598]]},"properties":{"key":"way:666912083@overview:112_22","osmType":"way","osmId":666912083,"sourceRegion":"guangdong","featureType":"infrastructure","railClass":"highspeed","mode":"rail","name":"深湛线","nameEn":"Shenzhen-Zhanjiang Railway","ref":"3071","operator":"中国铁路广州局集团有限公司","usage":"main","highspeed":"yes","status":"operational","color":"#E54848","dataOrigin":"datum-2026-08-01","sourceKey":"way:666912083"}},{"type":"Feature","geometry":{"type":"LineString","coordinates":[[112.8017349,22.3021326],[112.8010072,22.3020989]]},"properties":{"key":"way:666912084@overview:112_22","osmType":"way","osmId":666912084,"sourceRegion":"guangdong","featureType":"infrastructure","railClass":"highspeed","mode":"rail","name":"深湛线","nameEn":"Shenzhen-Zhanjiang Railway","ref":"3071","operator":"中国铁路广州局集团有限公司","usage":"main","highspeed":"yes","bridge":"yes","status":"operational","color":"#E54848","dataOrigin":"datum-2026-08-01","sourceKey":"way:666912084"}},{"type":"Feature","geometry":{"type":"LineString","coordinates":[[112.6122348,22.2990032],[112.5945068,22.2834975],[112.5831627,22.2693853]]},"properties":{"key":"way:666912085@overview:112_22","osmType":"way","osmId":666912085,"sourceRegion":"guangdong","featureType":"infrastructure","railClass":"highspeed","mode":"rail","name":"深湛线","nameEn":"Shenzhen-Zhanjiang Railway","ref":"3071","operator":"中国铁路广州局集团有限公司","usage":"main","highspeed":"yes","status":"operational","color":"#E54848","dataOrigin":"datum-2026-08-01","sourceKey":"way:666912085"}},{"type":"Feature","geometry":{"type":"LineString","coordinates":[[112.8017001,22.3022022],[112.8009963,22.302181]]},"properties":{"key":"way:666912087@overview:112_22","osmType":"way","osmId":666912087,"sourceRegion":"guangdong","featureType":"infrastructure","railClass":"highspeed","mode":"rail","name":"深湛线","nameEn":"Shenzhen-Zhanjiang Railway","ref":"3071","operator":"中国铁路广州局集团有限公司","usage":"main","highspeed":"yes","bridge":"yes","status":"operational","color":"#E54848","dataOrigin":"datum-2026-08-01","sourceKey":"way:666912087"}},{"type":"Feature","geometry":{"type":"LineString","coordinates":[[112.2291467,22.7612736],[112.231774,22.769958],[112.2276664,22.7812635]]},"properties":{"key":"way:668456192@overview:112_22","osmType":"way","osmId":668456192,"sourceRegion":"guangdong","featureType":"infrastructure","railClass":"national","mode":"rail","name":"广茂线","nameEn":"Guangmao Line","ref":"0708","operator":"中国铁路广州局集团有限公司","usage":"main","status":"operational","color":"#E54848","dataOrigin":"datum-2026-08-01","sourceKey":"way:668456192"}},{"type":"Feature","geometry":{"type":"LineString","coordinates":[[112.229084,22.759611],[112.2291467,22.7612736]]},"properties":{"key":"way:668456195@overview:112_22","osmType":"way","osmId":668456195,"sourceRegion":"guangdong","featureType":"infrastructure","railClass":"national","mode":"rail","name":"广茂线","nameEn":"Guangmao Line","ref":"0708","operator":"中国铁路广州局集团有限公司","usage":"main","bridge":"yes","status":"operational","color":"#E54848","dataOrigin":"datum-2026-08-01","sourceKey":"way:668456195"}},{"type":"Feature","geometry":{"type":"LineString","coordinates":[[112.1260562,22.7094947],[112.1268348,22.7096337]]},"properties":{"key":"way:680454443@overview:112_22","osmType":"way","osmId":680454443,"sourceRegion":"guangdong","featureType":"infrastructure","railClass":"national","mode":"rail","name":"广茂线","nameEn":"Guangmao Line","ref":"0708","operator":"中国铁路广州局集团有限公司","usage":"main","bridge":"yes","status":"operational","color":"#E54848","dataOrigin":"datum-2026-08-01","sourceKey":"way:680454443"}},{"type":"Feature","geometry":{"type":"LineString","coordinates":[[112.1268348,22.7096337],[112.136453,22.7137443]]},"properties":{"key":"way:680454448@overview:112_22","osmType":"way","osmId":680454448,"sourceRegion":"guangdong","featureType":"infrastructure","railClass":"national","mode":"rail","name":"广茂线","nameEn":"Guangmao Line","ref":"0708","operator":"中国铁路广州局集团有限公司","usage":"main","status":"operational","color":"#E54848","dataOrigin":"datum-2026-08-01","sourceKey":"way:680454448"}},{"type":"Feature","geometry":{"type":"LineString","coordinates":[[112.0371211,22.5803889],[112.0373373,22.5805985]]},"properties":{"key":"way:691190130@overview:112_22","osmType":"way","osmId":691190130,"sourceRegion":"guangdong","featureType":"infrastructure","railClass":"national","mode":"rail","name":"广茂线","nameEn":"Guangmao Line","ref":"0708","operator":"中国铁路广州局集团有限公司","usage":"main","bridge":"yes","status":"operational","color":"#E54848","dataOrigin":"datum-2026-08-01","sourceKey":"way:691190130"}},{"type":"Feature","geometry":{"type":"LineString","coordinates":[[112.0438212,22.5829204],[112.057696,22.588125],[112.064578,22.601883],[112.07759,22.61293]]},"properties":{"key":"way:691190131@overview:112_22","osmType":"way","osmId":691190131,"sourceRegion":"guangdong","featureType":"infrastructure","railClass":"national","mode":"rail","name":"广茂线","nameEn":"Guangmao Line","ref":"0708","operator":"中国铁路广州局集团有限公司","usage":"main","status":"operational","color":"#E54848","dataOrigin":"datum-2026-08-01","sourceKey":"way:691190131"}},{"type":"Feature","geometry":{"type":"LineString","coordinates":[[112.2541038,22.8507823],[112.2562024,22.8509084]]},"properties":{"key":"way:711493859@overview:112_22","osmType":"way","osmId":711493859,"sourceRegion":"guangdong","featureType":"infrastructure","railClass":"national","mode":"rail","name":"广茂线","nameEn":"Guangmao Line","ref":"0708","operator":"中国铁路广州局集团有限公司","usage":"main","status":"operational","color":"#E54848","dataOrigin":"datum-2026-08-01","sourceKey":"way:711493859"}},{"type":"Feature","geometry":{"type":"LineString","coordinates":[[112.2562024,22.8509084],[112.2602725,22.851562]]},"properties":{"key":"way:711493860@overview:112_22","osmType":"way","osmId":711493860,"sourceRegion":"guangdong","featureType":"infrastructure","railClass":"national","mode":"rail","name":"广茂线","nameEn":"Guangmao Line","ref":"0708","operator":"中国铁路广州局集团有限公司","usage":"main","tunnel":"yes","status":"operational","color":"#E54848","dataOrigin":"datum-2026-08-01","sourceKey":"way:711493860"}},{"type":"Feature","geometry":{"type":"LineString","coordinates":[[112.2504525,22.8509975],[112.2541038,22.8507823]]},"properties":{"key":"way:711493861@overview:112_22","osmType":"way","osmId":711493861,"sourceRegion":"guangdong","featureType":"infrastructure","railClass":"national","mode":"rail","name":"广茂线","nameEn":"Guangmao Line","ref":"0708","operator":"中国铁路广州局集团有限公司","usage":"main","tunnel":"yes","status":"operational","color":"#E54848","dataOrigin":"datum-2026-08-01","sourceKey":"way:711493861"}},{"type":"Feature","geometry":{"type":"LineString","coordinates":[[112.4243453,22.9846887],[112.4245342,22.9852355]]},"properties":{"key":"way:754799899@overview:112_22","osmType":"way","osmId":754799899,"sourceRegion":"guangdong","featureType":"infrastructure","railClass":"national","mode":"rail","name":"广茂线","nameEn":"Guangmao Line","ref":"0708","operator":"中国铁路广州局集团有限公司","usage":"main","bridge":"yes","status":"operational","color":"#E54848","dataOrigin":"datum-2026-08-01","sourceKey":"way:754799899"}},{"type":"Feature","geometry":{"type":"LineString","coordinates":[[112.4245342,22.9852355],[112.42849634949495,23.0]]},"properties":{"key":"way:754799900@overview:112_22","osmType":"way","osmId":754799900,"sourceRegion":"guangdong","featureType":"infrastructure","railClass":"national","mode":"rail","name":"广茂线","nameEn":"Guangmao Line","ref":"0708","operator":"中国铁路广州局集团有限公司","usage":"main","status":"operational","color":"#E54848","dataOrigin":"datum-2026-08-01","sourceKey":"way:754799900"}},{"type":"Feature","geometry":{"type":"LineString","coordinates":[[112.3325954,22.9110624],[112.3388205,22.9140797]]},"properties":{"key":"way:760719144@overview:112_22","osmType":"way","osmId":760719144,"sourceRegion":"guangdong","featureType":"infrastructure","railClass":"national","mode":"rail","name":"广茂线","nameEn":"Guangmao Line","ref":"0708","operator":"中国铁路广州局集团有限公司","usage":"main","status":"operational","color":"#E54848","dataOrigin":"datum-2026-08-01","sourceKey":"way:760719144"}},{"type":"Feature","geometry":{"type":"LineString","coordinates":[[112.3323075,22.9109044],[112.3325954,22.9110624]]},"properties":{"key":"way:760719145@overview:112_22","osmType":"way","osmId":760719145,"sourceRegion":"guangdong","featureType":"infrastructure","railClass":"national","mode":"rail","name":"广茂线","nameEn":"Guangmao Line","ref":"0708","operator":"中国铁路广州局集团有限公司","usage":"main","bridge":"yes","status":"operational","color":"#E54848","dataOrigin":"datum-2026-08-01","sourceKey":"way:760719145"}},{"type":"Feature","geometry":{"type":"LineString","coordinates":[[112.3984531,22.950176],[112.4174763,22.9674836],[112.4243453,22.9846887]]},"properties":{"key":"way:777089952@overview:112_22","osmType":"way","osmId":777089952,"sourceRegion":"guangdong","featureType":"infrastructure","railClass":"national","mode":"rail","name":"广茂线","nameEn":"Guangmao Line","ref":"0708","operator":"中国铁路广州局集团有限公司","usage":"main","status":"operational","color":"#E54848","dataOrigin":"datum-2026-08-01","sourceKey":"way:777089952"}},{"type":"Feature","geometry":{"type":"LineString","coordinates":[[112.3850919,22.9399337],[112.3853927,22.9400965]]},"properties":{"key":"way:777089953@overview:112_22","osmType":"way","osmId":777089953,"sourceRegion":"guangdong","featureType":"infrastructure","railClass":"national","mode":"rail","name":"广茂线","nameEn":"Guangmao Line","ref":"0708","operator":"中国铁路广州局集团有限公司","usage":"main","bridge":"yes","status":"operational","color":"#E54848","dataOrigin":"datum-2026-08-01","sourceKey":"way:777089953"}},{"type":"Feature","geometry":{"type":"LineString","coordinates":[[112.0,22.525860562861773],[112.0008115,22.5272083]]},"properties":{"key":"way:793531443@overview:112_22","osmType":"way","osmId":793531443,"sourceRegion":"guangdong","featureType":"infrastructure","railClass":"national","mode":"rail","name":"未命名","status":"operational","color":"#E54848","dataOrigin":"datum-2026-08-01","sourceKey":"way:793531443"}},{"type":"Feature","geometry":{"type":"LineString","coordinates":[[112.3044355,22.8943716],[112.316375,22.904043],[112.3323075,22.9109044]]},"properties":{"key":"way:833859977@overview:112_22","osmType":"way","osmId":833859977,"sourceRegion":"guangdong","featureType":"infrastructure","railClass":"national","mode":"rail","name":"广茂线","nameEn":"Guangmao Line","ref":"0708","operator":"中国铁路广州局集团有限公司","usage":"main","status":"operational","color":"#E54848","dataOrigin":"datum-2026-08-01","sourceKey":"way:833859977"}},{"type":"Feature","geometry":{"type":"LineString","coordinates":[[112.3041319,22.8941144],[112.3044355,22.8943716]]},"properties":{"key":"way:833859978@overview:112_22","osmType":"way","osmId":833859978,"sourceRegion":"guangdong","featureType":"infrastructure","railClass":"national","mode":"rail","name":"广茂线","nameEn":"Guangmao Line","ref":"0708","operator":"中国铁路广州局集团有限公司","usage":"main","bridge":"yes","status":"operational","color":"#E54848","dataOrigin":"datum-2026-08-01","sourceKey":"way:833859978"}},{"type":"Feature","geometry":{"type":"LineString","coordinates":[[112.2818798,22.8900625],[112.2810879,22.8906685]]},"properties":{"key":"way:834181181@overview:112_22","osmType":"way","osmId":834181181,"sourceRegion":"guangdong","featureType":"infrastructure","railClass":"national","mode":"rail","name":"云浮支线","nameEn":"Yunfu Branch Railway","ref":"0709","usage":"branch","status":"operational","color":"#E54848","dataOrigin":"datum-2026-08-01","sourceKey":"way:834181181"}},{"type":"Feature","geometry":{"type":"LineString","coordinates":[[112.2820683,22.8898501],[112.2818798,22.8900625]]},"properties":{"key":"way:834181182@overview:112_22","osmType":"way","osmId":834181182,"sourceRegion":"guangdong","featureType":"infrastructure","railClass":"national","mode":"rail","name":"云浮支线","nameEn":"Yunfu Branch Railway","ref":"0709","usage":"branch","bridge":"yes","status":"operational","color":"#E54848","dataOrigin":"datum-2026-08-01","sourceKey":"way:834181182"}},{"type":"Feature","geometry":{"type":"LineString","coordinates":[[112.734454,22.302645],[112.7377525,22.3019391]]},"properties":{"key":"way:864884818@overview:112_22","osmType":"way","osmId":864884818,"sourceRegion":"guangdong","featureType":"infrastructure","railClass":"highspeed","mode":"rail","name":"深湛线","nameEn":"Shenzhen-Zhanjiang Railway","ref":"3071","operator":"中国铁路广州局集团有限公司","usage":"main","highspeed":"yes","bridge":"yes","status":"operational","color":"#E54848","dataOrigin":"datum-2026-08-01","sourceKey":"way:864884818"}},{"type":"Feature","geometry":{"type":"LineString","coordinates":[[112.734472,22.3026824],[112.7377604,22.3019788]]},"properties":{"key":"way:864884819@overview:112_22","osmType":"way","osmId":864884819,"sourceRegion":"guangdong","featureType":"infrastructure","railClass":"highspeed","mode":"rail","name":"深湛线","nameEn":"Shenzhen-Zhanjiang Railway","ref":"3071","operator":"中国铁路广州局集团有限公司","usage":"main","highspeed":"yes","bridge":"yes","status":"operational","color":"#E54848","dataOrigin":"datum-2026-08-01","sourceKey":"way:864884819"}},{"type":"Feature","geometry":{"type":"LineString","coordinates":[[112.7377525,22.3019391],[112.7386153,22.3018031]]},"properties":{"key":"way:864884820@overview:112_22","osmType":"way","osmId":864884820,"sourceRegion":"guangdong","featureType":"infrastructure","railClass":"highspeed","mode":"rail","name":"深湛线","nameEn":"Shenzhen-Zhanjiang Railway","ref":"3071","operator":"中国铁路广州局集团有限公司","usage":"main","highspeed":"yes","status":"operational","color":"#E54848","dataOrigin":"datum-2026-08-01","sourceKey":"way:864884820"}},{"type":"Feature","geometry":{"type":"LineString","coordinates":[[112.7377604,22.3019788],[112.738622,22.301843]]},"properties":{"key":"way:864884821@overview:112_22","osmType":"way","osmId":864884821,"sourceRegion":"guangdong","featureType":"infrastructure","railClass":"highspeed","mode":"rail","name":"深湛线","nameEn":"Shenzhen-Zhanjiang Railway","ref":"3071","operator":"中国铁路广州局集团有限公司","usage":"main","highspeed":"yes","status":"operational","color":"#E54848","dataOrigin":"datum-2026-08-01","sourceKey":"way:864884821"}},{"type":"Feature","geometry":{"type":"LineString","coordinates":[[112.7386153,22.3018031],[112.749699,22.301622]]},"properties":{"key":"way:864884822@overview:112_22","osmType":"way","osmId":864884822,"sourceRegion":"guangdong","featureType":"infrastructure","railClass":"highspeed","mode":"rail","name":"深湛线","nameEn":"Shenzhen-Zhanjiang Railway","ref":"3071","operator":"中国铁路广州局集团有限公司","usage":"main","highspeed":"yes","bridge":"yes","status":"operational","color":"#E54848","dataOrigin":"datum-2026-08-01","sourceKey":"way:864884822"}},{"type":"Feature","geometry":{"type":"LineString","coordinates":[[112.738622,22.301843],[112.7496903,22.3016618]]},"properties":{"key":"way:864884823@overview:112_22","osmType":"way","osmId":864884823,"sourceRegion":"guangdong","featureType":"infrastructure","railClass":"highspeed","mode":"rail","name":"深湛线","nameEn":"Shenzhen-Zhanjiang Railway","ref":"3071","operator":"中国铁路广州局集团有限公司","usage":"main","highspeed":"yes","bridge":"yes","status":"operational","color":"#E54848","dataOrigin":"datum-2026-08-01","sourceKey":"way:864884823"}},{"type":"Feature","geometry":{"type":"LineString","coordinates":[[112.749699,22.301622],[112.7525345,22.3018635]]},"properties":{"key":"way:864884824@overview:112_22","osmType":"way","osmId":864884824,"sourceRegion":"guangdong","featureType":"infrastructure","railClass":"highspeed","mode":"rail","name":"深湛线","nameEn":"Shenzhen-Zhanjiang Railway","ref":"3071","operator":"中国铁路广州局集团有限公司","usage":"main","highspeed":"yes","status":"operational","color":"#E54848","dataOrigin":"datum-2026-08-01","sourceKey":"way:864884824"}},{"type":"Feature","geometry":{"type":"LineString","coordinates":[[112.7496903,22.3016618],[112.7525306,22.3019038]]},"properties":{"key":"way:864884825@overview:112_22","osmType":"way","osmId":864884825,"sourceRegion":"guangdong","featureType":"infrastructure","railClass":"highspeed","mode":"rail","name":"深湛线","nameEn":"Shenzhen-Zhanjiang Railway","ref":"3071","operator":"中国铁路广州局集团有限公司","usage":"main","highspeed":"yes","status":"operational","color":"#E54848","dataOrigin":"datum-2026-08-01","sourceKey":"way:864884825"}},{"type":"Feature","geometry":{"type":"LineString","coordinates":[[112.7525345,22.3018635],[112.7580479,22.3023328]]},"properties":{"key":"way:864884826@overview:112_22","osmType":"way","osmId":864884826,"sourceRegion":"guangdong","featureType":"infrastructure","railClass":"highspeed","mode":"rail","name":"深湛线","nameEn":"Shenzhen-Zhanjiang Railway","ref":"3071","operator":"中国铁路广州局集团有限公司","usage":"main","highspeed":"yes","bridge":"yes","status":"operational","color":"#E54848","dataOrigin":"datum-2026-08-01","sourceKey":"way:864884826"}},{"type":"Feature","geometry":{"type":"LineString","coordinates":[[112.7525306,22.3019038],[112.7580503,22.3023737]]},"properties":{"key":"way:864884827@overview:112_22","osmType":"way","osmId":864884827,"sourceRegion":"guangdong","featureType":"infrastructure","railClass":"highspeed","mode":"rail","name":"深湛线","nameEn":"Shenzhen-Zhanjiang Railway","ref":"3071","operator":"中国铁路广州局集团有限公司","usage":"main","highspeed":"yes","bridge":"yes","status":"operational","color":"#E54848","dataOrigin":"datum-2026-08-01","sourceKey":"way:864884827"}},{"type":"Feature","geometry":{"type":"LineString","coordinates":[[112.7580479,22.3023328],[112.7642314,22.3028717]]},"properties":{"key":"way:864884828@overview:112_22","osmType":"way","osmId":864884828,"sourceRegion":"guangdong","featureType":"infrastructure","railClass":"highspeed","mode":"rail","name":"深湛线","nameEn":"Shenzhen-Zhanjiang Railway","ref":"3071","operator":"中国铁路广州局集团有限公司","usage":"main","highspeed":"yes","status":"operational","color":"#E54848","dataOrigin":"datum-2026-08-01","sourceKey":"way:864884828"}},{"type":"Feature","geometry":{"type":"LineString","coordinates":[[112.7580503,22.3023737],[112.7642271,22.3029119]]},"properties":{"key":"way:864884829@overview:112_22","osmType":"way","osmId":864884829,"sourceRegion":"guangdong","featureType":"infrastructure","railClass":"highspeed","mode":"rail","name":"深湛线","nameEn":"Shenzhen-Zhanjiang Railway","ref":"3071","operator":"中国铁路广州局集团有限公司","usage":"main","highspeed":"yes","status":"operational","color":"#E54848","dataOrigin":"datum-2026-08-01","sourceKey":"way:864884829"}},{"type":"Feature","geometry":{"type":"LineString","coordinates":[[112.7642314,22.3028717],[112.7669576,22.303086]]},"properties":{"key":"way:864884830@overview:112_22","osmType":"way","osmId":864884830,"sourceRegion":"guangdong","featureType":"infrastructure","railClass":"highspeed","mode":"rail","name":"深湛线","nameEn":"Shenzhen-Zhanjiang Railway","ref":"3071","operator":"中国铁路广州局集团有限公司","usage":"main","highspeed":"yes","tunnel":"yes","bridge":"yes","status":"operational","color":"#E54848","dataOrigin":"datum-2026-08-01","sourceKey":"way:864884830"}},{"type":"Feature","geometry":{"type":"LineString","coordinates":[[112.7642271,22.3029119],[112.7669552,22.3031263]]},"properties":{"key":"way:864884831@overview:112_22","osmType":"way","osmId":864884831,"sourceRegion":"guangdong","featureType":"infrastructure","railClass":"highspeed","mode":"rail","name":"深湛线","nameEn":"Shenzhen-Zhanjiang Railway","ref":"3071","operator":"中国铁路广州局集团有限公司","usage":"main","highspeed":"yes","tunnel":"yes","bridge":"yes","status":"operational","color":"#E54848","dataOrigin":"datum-2026-08-01","sourceKey":"way:864884831"}},{"type":"Feature","geometry":{"type":"LineString","coordinates":[[112.7669576,22.303086],[112.7703746,22.3031601]]},"properties":{"key":"way:864884832@overview:112_22","osmType":"way","osmId":864884832,"sourceRegion":"guangdong","featureType":"infrastructure","railClass":"highspeed","mode":"rail","name":"深湛线","nameEn":"Shenzhen-Zhanjiang Railway","ref":"3071","operator":"中国铁路广州局集团有限公司","usage":"main","highspeed":"yes","bridge":"yes","status":"operational","color":"#E54848","dataOrigin":"datum-2026-08-01","sourceKey":"way:864884832"}},{"type":"Feature","geometry":{"type":"LineString","coordinates":[[112.7669552,22.3031263],[112.7703786,22.3032004]]},"properties":{"key":"way:864884833@overview:112_22","osmType":"way","osmId":864884833,"sourceRegion":"guangdong","featureType":"infrastructure","railClass":"highspeed","mode":"rail","name":"深湛线","nameEn":"Shenzhen-Zhanjiang Railway","ref":"3071","operator":"中国铁路广州局集团有限公司","usage":"main","highspeed":"yes","bridge":"yes","status":"operational","color":"#E54848","dataOrigin":"datum-2026-08-01","sourceKey":"way:864884833"}},{"type":"Feature","geometry":{"type":"LineString","coordinates":[[112.7703746,22.3031601],[112.771685,22.3030999]]},"properties":{"key":"way:864884834@overview:112_22","osmType":"way","osmId":864884834,"sourceRegion":"guangdong","featureType":"infrastructure","railClass":"highspeed","mode":"rail","name":"深湛线","nameEn":"Shenzhen-Zhanjiang Railway","ref":"3071","operator":"中国铁路广州局集团有限公司","usage":"main","highspeed":"yes","status":"operational","color":"#E54848","dataOrigin":"datum-2026-08-01","sourceKey":"way:864884834"}},{"type":"Feature","geometry":{"type":"LineString","coordinates":[[112.7703786,22.3032004],[112.7716877,22.3031402]]},"properties":{"key":"way:864884835@overview:112_22","osmType":"way","osmId":864884835,"sourceRegion":"guangdong","featureType":"infrastructure","railClass":"highspeed","mode":"rail","name":"深湛线","nameEn":"Shenzhen-Zhanjiang Railway","ref":"3071","operator":"中国铁路广州局集团有限公司","usage":"main","highspeed":"yes","status":"operational","color":"#E54848","dataOrigin":"datum-2026-08-01","sourceKey":"way:864884835"}},{"type":"Feature","geometry":{"type":"LineString","coordinates":[[112.7299776,22.3040722],[112.734454,22.302645]]},"properties":{"key":"way:864884836@overview:112_22","osmType":"way","osmId":864884836,"sourceRegion":"guangdong","featureType":"infrastructure","railClass":"highspeed","mode":"rail","name":"深湛线","nameEn":"Shenzhen-Zhanjiang Railway","ref":"3071","operator":"中国铁路广州局集团有限公司","usage":"main","highspeed":"yes","status":"operational","color":"#E54848","dataOrigin":"datum-2026-08-01","sourceKey":"way:864884836"}},{"type":"Feature","geometry":{"type":"LineString","coordinates":[[112.7299964,22.3041131],[112.734472,22.3026824]]},"properties":{"key":"way:864884837@overview:112_22","osmType":"way","osmId":864884837,"sourceRegion":"guangdong","featureType":"infrastructure","railClass":"highspeed","mode":"rail","name":"深湛线","nameEn":"Shenzhen-Zhanjiang Railway","ref":"3071","operator":"中国铁路广州局集团有限公司","usage":"main","highspeed":"yes","status":"operational","color":"#E54848","dataOrigin":"datum-2026-08-01","sourceKey":"way:864884837"}},{"type":"Feature","geometry":{"type":"LineString","coordinates":[[112.8010072,22.3020989],[112.771685,22.3030999]]},"properties":{"key":"way:864884838@overview:112_22","osmType":"way","osmId":864884838,"sourceRegion":"guangdong","featureType":"infrastructure","railClass":"highspeed","mode":"rail","name":"深湛线","nameEn":"Shenzhen-Zhanjiang Railway","ref":"3071","operator":"中国铁路广州局集团有限公司","usage":"main","highspeed":"yes","bridge":"yes","status":"operational","color":"#E54848","dataOrigin":"datum-2026-08-01","sourceKey":"way:864884838"}},{"type":"Feature","geometry":{"type":"LineString","coordinates":[[112.8009963,22.302181],[112.7716877,22.3031402]]},"properties":{"key":"way:864884839@overview:112_22","osmType":"way","osmId":864884839,"sourceRegion":"guangdong","featureType":"infrastructure","railClass":"highspeed","mode":"rail","name":"深湛线","nameEn":"Shenzhen-Zhanjiang Railway","ref":"3071","operator":"中国铁路广州局集团有限公司","usage":"main","highspeed":"yes","bridge":"yes","status":"operational","color":"#E54848","dataOrigin":"datum-2026-08-01","sourceKey":"way:864884839"}},{"type":"Feature","geometry":{"type":"LineString","coordinates":[[112.0858419,22.6346064],[112.0847708,22.6380478]]},"properties":{"key":"way:909012574@overview:112_22","osmType":"way","osmId":909012574,"sourceRegion":"guangdong","featureType":"infrastructure","railClass":"national","mode":"rail","name":"广茂线","nameEn":"Guangmao Line","ref":"0708","operator":"中国铁路广州局集团有限公司","usage":"main","status":"operational","color":"#E54848","dataOrigin":"datum-2026-08-01","sourceKey":"way:909012574"}},{"type":"Feature","geometry":{"type":"LineString","coordinates":[[112.0865695,22.6331986],[112.0858419,22.6346064]]},"properties":{"key":"way:909012575@overview:112_22","osmType":"way","osmId":909012575,"sourceRegion":"guangdong","featureType":"infrastructure","railClass":"national","mode":"rail","name":"广茂线","nameEn":"Guangmao Line","ref":"0708","operator":"中国铁路广州局集团有限公司","usage":"main","tunnel":"yes","status":"operational","color":"#E54848","dataOrigin":"datum-2026-08-01","sourceKey":"way:909012575"}},{"type":"Feature","geometry":{"type":"LineString","coordinates":[[112.9428754,22.4190471],[112.9259992,22.4020421]]},"properties":{"key":"way:909825605@overview:112_22","osmType":"way","osmId":909825605,"sourceRegion":"guangdong","featureType":"infrastructure","railClass":"highspeed","mode":"rail","name":"深湛线","nameEn":"Shenzhen-Zhanjiang Railway","ref":"3071","operator":"中国铁路广州局集团有限公司","usage":"main","highspeed":"yes","status":"operational","color":"#E54848","dataOrigin":"datum-2026-08-01","sourceKey":"way:909825605"}},{"type":"Feature","geometry":{"type":"LineString","coordinates":[[112.9429445,22.4191252],[112.9428754,22.4190471]]},"properties":{"key":"way:909825606@overview:112_22","osmType":"way","osmId":909825606,"sourceRegion":"guangdong","featureType":"infrastructure","railClass":"highspeed","mode":"rail","name":"深湛线","nameEn":"Shenzhen-Zhanjiang Railway","ref":"3071","operator":"中国铁路广州局集团有限公司","usage":"main","highspeed":"yes","bridge":"yes","status":"operational","color":"#E54848","dataOrigin":"datum-2026-08-01","sourceKey":"way:909825606"}},{"type":"Feature","geometry":{"type":"LineString","coordinates":[[112.9436393,22.41991],[112.9429445,22.4191252]]},"properties":{"key":"way:909825607@overview:112_22","osmType":"way","osmId":909825607,"sourceRegion":"guangdong","featureType":"infrastructure","railClass":"highspeed","mode":"rail","name":"深湛线","nameEn":"Shenzhen-Zhanjiang Railway","ref":"3071","operator":"中国铁路广州局集团有限公司","usage":"main","highspeed":"yes","status":"operational","color":"#E54848","dataOrigin":"datum-2026-08-01","sourceKey":"way:909825607"}},{"type":"Feature","geometry":{"type":"LineString","coordinates":[[112.9438165,22.4201102],[112.9437086,22.4199883]]},"properties":{"key":"way:909825608@overview:112_22","osmType":"way","osmId":909825608,"sourceRegion":"guangdong","featureType":"infrastructure","railClass":"highspeed","mode":"rail","name":"深湛线","nameEn":"Shenzhen-Zhanjiang Railway","ref":"3071","operator":"中国铁路广州局集团有限公司","usage":"main","highspeed":"yes","bridge":"yes","status":"operational","color":"#E54848","dataOrigin":"datum-2026-08-01","sourceKey":"way:909825608"}},{"type":"Feature","geometry":{"type":"LineString","coordinates":[[112.9427967,22.4190284],[112.9259606,22.4020686]]},"properties":{"key":"way:919656917@overview:112_22","osmType":"way","osmId":919656917,"sourceRegion":"guangdong","featureType":"infrastructure","railClass":"highspeed","mode":"rail","name":"深湛线","nameEn":"Shenzhen-Zhanjiang Railway","ref":"3071","operator":"中国铁路广州局集团有限公司","usage":"main","highspeed":"yes","status":"operational","color":"#E54848","dataOrigin":"datum-2026-08-01","sourceKey":"way:919656917"}},{"type":"Feature","geometry":{"type":"LineString","coordinates":[[112.9429308,22.4191799],[112.9427967,22.4190284]]},"properties":{"key":"way:919656918@overview:112_22","osmType":"way","osmId":919656918,"sourceRegion":"guangdong","featureType":"infrastructure","railClass":"highspeed","mode":"rail","name":"深湛线","nameEn":"Shenzhen-Zhanjiang Railway","ref":"3071","operator":"中国铁路广州局集团有限公司","usage":"main","highspeed":"yes","bridge":"yes","status":"operational","color":"#E54848","dataOrigin":"datum-2026-08-01","sourceKey":"way:919656918"}},{"type":"Feature","geometry":{"type":"LineString","coordinates":[[112.9239281,22.3993684],[112.9204615,22.3952324]]},"properties":{"key":"way:919656919@overview:112_22","osmType":"way","osmId":919656919,"sourceRegion":"guangdong","featureType":"infrastructure","railClass":"highspeed","mode":"rail","name":"深湛线","nameEn":"Shenzhen-Zhanjiang Railway","ref":"3071","operator":"中国铁路广州局集团有限公司","usage":"main","highspeed":"yes","status":"operational","color":"#E54848","dataOrigin":"datum-2026-08-01","sourceKey":"way:919656919"}},{"type":"Feature","geometry":{"type":"LineString","coordinates":[[112.9259992,22.4020421],[112.9239281,22.3993684]]},"properties":{"key":"way:919656920@overview:112_22","osmType":"way","osmId":919656920,"sourceRegion":"guangdong","featureType":"infrastructure","railClass":"highspeed","mode":"rail","name":"深湛线","nameEn":"Shenzhen-Zhanjiang Railway","ref":"3071","operator":"中国铁路广州局集团有限公司","usage":"main","highspeed":"yes","bridge":"yes","status":"operational","color":"#E54848","dataOrigin":"datum-2026-08-01","sourceKey":"way:919656920"}},{"type":"Feature","geometry":{"type":"LineString","coordinates":[[112.9238977,22.3994054],[112.9204319,22.3952695]]},"properties":{"key":"way:919656921@overview:112_22","osmType":"way","osmId":919656921,"sourceRegion":"guangdong","featureType":"infrastructure","railClass":"highspeed","mode":"rail","name":"深湛线","nameEn":"Shenzhen-Zhanjiang Railway","ref":"3071","operator":"中国铁路广州局集团有限公司","usage":"main","highspeed":"yes","status":"operational","color":"#E54848","dataOrigin":"datum-2026-08-01","sourceKey":"way:919656921"}},{"type":"Feature","geometry":{"type":"LineString","coordinates":[[112.9259606,22.4020686],[112.9238977,22.3994054]]},"properties":{"key":"way:919656922@overview:112_22","osmType":"way","osmId":919656922,"sourceRegion":"guangdong","featureType":"infrastructure","railClass":"highspeed","mode":"rail","name":"深湛线","nameEn":"Shenzhen-Zhanjiang Railway","ref":"3071","operator":"中国铁路广州局集团有限公司","usage":"main","highspeed":"yes","bridge":"yes","status":"operational","color":"#E54848","dataOrigin":"datum-2026-08-01","sourceKey":"way:919656922"}},{"type":"Feature","geometry":{"type":"LineString","coordinates":[[112.1973503,22.0195726],[112.1891191,22.0127991]]},"properties":{"key":"way:958441653@overview:112_22","osmType":"way","osmId":958441653,"sourceRegion":"guangdong","featureType":"infrastructure","railClass":"highspeed","mode":"rail","name":"深湛线","nameEn":"Shenzhen-Zhanjiang Railway","ref":"3071","operator":"中国铁路广州局集团有限公司","usage":"main","highspeed":"yes","status":"operational","color":"#E54848","dataOrigin":"datum-2026-08-01","sourceKey":"way:958441653"}},{"type":"Feature","geometry":{"type":"LineString","coordinates":[[112.1797857,22.0062367],[112.1775955,22.0049038]]},"properties":{"key":"way:958441654@overview:112_22","osmType":"way","osmId":958441654,"sourceRegion":"guangdong","featureType":"infrastructure","railClass":"highspeed","mode":"rail","name":"深湛线","nameEn":"Shenzhen-Zhanjiang Railway","ref":"3071","operator":"中国铁路广州局集团有限公司","usage":"main","highspeed":"yes","bridge":"yes","status":"operational","color":"#E54848","dataOrigin":"datum-2026-08-01","sourceKey":"way:958441654"}},{"type":"Feature","geometry":{"type":"LineString","coordinates":[[112.1973179,22.0196056],[112.1890444,22.0128445]]},"properties":{"key":"way:958441655@overview:112_22","osmType":"way","osmId":958441655,"sourceRegion":"guangdong","featureType":"infrastructure","railClass":"highspeed","mode":"rail","name":"深湛线","nameEn":"Shenzhen-Zhanjiang Railway","ref":"3071","operator":"中国铁路广州局集团有限公司","usage":"main","highspeed":"yes","status":"operational","color":"#E54848","dataOrigin":"datum-2026-08-01","sourceKey":"way:958441655"}},{"type":"Feature","geometry":{"type":"LineString","coordinates":[[112.1797463,22.0062834],[112.1775465,22.0049513]]},"properties":{"key":"way:958441656@overview:112_22","osmType":"way","osmId":958441656,"sourceRegion":"guangdong","featureType":"infrastructure","railClass":"highspeed","mode":"rail","name":"深湛线","nameEn":"Shenzhen-Zhanjiang Railway","ref":"3071","operator":"中国铁路广州局集团有限公司","usage":"main","highspeed":"yes","bridge":"yes","status":"operational","color":"#E54848","dataOrigin":"datum-2026-08-01","sourceKey":"way:958441656"}},{"type":"Feature","geometry":{"type":"LineString","coordinates":[[112.1854412,22.0099045],[112.1797857,22.0062367]]},"properties":{"key":"way:958441657@overview:112_22","osmType":"way","osmId":958441657,"sourceRegion":"guangdong","featureType":"infrastructure","railClass":"highspeed","mode":"rail","name":"深湛线","nameEn":"Shenzhen-Zhanjiang Railway","ref":"3071","operator":"中国铁路广州局集团有限公司","usage":"main","highspeed":"yes","status":"operational","color":"#E54848","dataOrigin":"datum-2026-08-01","sourceKey":"way:958441657"}},{"type":"Feature","geometry":{"type":"LineString","coordinates":[[112.1891191,22.0127991],[112.1854412,22.0099045]]},"properties":{"key":"way:958441658@overview:112_22","osmType":"way","osmId":958441658,"sourceRegion":"guangdong","featureType":"infrastructure","railClass":"highspeed","mode":"rail","name":"深湛线","nameEn":"Shenzhen-Zhanjiang Railway","ref":"3071","operator":"中国铁路广州局集团有限公司","usage":"main","highspeed":"yes","bridge":"yes","status":"operational","color":"#E54848","dataOrigin":"datum-2026-08-01","sourceKey":"way:958441658"}},{"type":"Feature","geometry":{"type":"LineString","coordinates":[[112.1853817,22.0099477],[112.1797463,22.0062834]]},"properties":{"key":"way:958441659@overview:112_22","osmType":"way","osmId":958441659,"sourceRegion":"guangdong","featureType":"infrastructure","railClass":"highspeed","mode":"rail","name":"深湛线","nameEn":"Shenzhen-Zhanjiang Railway","ref":"3071","operator":"中国铁路广州局集团有限公司","usage":"main","highspeed":"yes","status":"operational","color":"#E54848","dataOrigin":"datum-2026-08-01","sourceKey":"way:958441659"}},{"type":"Feature","geometry":{"type":"LineString","coordinates":[[112.1890444,22.0128445],[112.1853817,22.0099477]]},"properties":{"key":"way:958441660@overview:112_22","osmType":"way","osmId":958441660,"sourceRegion":"guangdong","featureType":"infrastructure","railClass":"highspeed","mode":"rail","name":"深湛线","nameEn":"Shenzhen-Zhanjiang Railway","ref":"3071","operator":"中国铁路广州局集团有限公司","usage":"main","highspeed":"yes","bridge":"yes","status":"operational","color":"#E54848","dataOrigin":"datum-2026-08-01","sourceKey":"way:958441660"}},{"type":"Feature","geometry":{"type":"LineString","coordinates":[[112.2051405,22.0287742],[112.2040021,22.0267934]]},"properties":{"key":"way:958441661@overview:112_22","osmType":"way","osmId":958441661,"sourceRegion":"guangdong","featureType":"infrastructure","railClass":"highspeed","mode":"rail","name":"深湛线","nameEn":"Shenzhen-Zhanjiang Railway","ref":"3071","operator":"中国铁路广州局集团有限公司","usage":"main","highspeed":"yes","status":"operational","color":"#E54848","dataOrigin":"datum-2026-08-01","sourceKey":"way:958441661"}},{"type":"Feature","geometry":{"type":"LineString","coordinates":[[112.2118583,22.041177],[112.2051405,22.0287742]]},"properties":{"key":"way:958441662@overview:112_22","osmType":"way","osmId":958441662,"sourceRegion":"guangdong","featureType":"infrastructure","railClass":"highspeed","mode":"rail","name":"深湛线","nameEn":"Shenzhen-Zhanjiang Railway","ref":"3071","operator":"中国铁路广州局集团有限公司","usage":"main","highspeed":"yes","bridge":"yes","status":"operational","color":"#E54848","dataOrigin":"datum-2026-08-01","sourceKey":"way:958441662"}},{"type":"Feature","geometry":{"type":"LineString","coordinates":[[112.2050932,22.028799],[112.2039605,22.0268157]]},"properties":{"key":"way:958441663@overview:112_22","osmType":"way","osmId":958441663,"sourceRegion":"guangdong","featureType":"infrastructure","railClass":"highspeed","mode":"rail","name":"深湛线","nameEn":"Shenzhen-Zhanjiang Railway","ref":"3071","operator":"中国铁路广州局集团有限公司","usage":"main","highspeed":"yes","status":"operational","color":"#E54848","dataOrigin":"datum-2026-08-01","sourceKey":"way:958441663"}},{"type":"Feature","geometry":{"type":"LineString","coordinates":[[112.2118105,22.0411873],[112.2050932,22.028799]]},"properties":{"key":"way:958441664@overview:112_22","osmType":"way","osmId":958441664,"sourceRegion":"guangdong","featureType":"infrastructure","railClass":"highspeed","mode":"rail","name":"深湛线","nameEn":"Shenzhen-Zhanjiang Railway","ref":"3071","operator":"中国铁路广州局集团有限公司","usage":"main","highspeed":"yes","bridge":"yes","status":"operational","color":"#E54848","dataOrigin":"datum-2026-08-01","sourceKey":"way:958441664"}},{"type":"Feature","geometry":{"type":"LineString","coordinates":[[112.7299964,22.3041131],[112.7013023,22.319288],[112.6841232,22.3218737]]},"properties":{"key":"way:970101890@overview:112_22","osmType":"way","osmId":970101890,"sourceRegion":"guangdong","featureType":"infrastructure","railClass":"highspeed","mode":"rail","name":"深湛线","nameEn":"Shenzhen-Zhanjiang Railway","ref":"3071","operator":"中国铁路广州局集团有限公司","usage":"main","highspeed":"yes","bridge":"yes","status":"operational","color":"#E54848","dataOrigin":"datum-2026-08-01","sourceKey":"way:970101890"}},{"type":"Feature","geometry":{"type":"LineString","coordinates":[[112.7299776,22.3040722],[112.7012837,22.319247],[112.6841259,22.3218328]]},"properties":{"key":"way:970101891@overview:112_22","osmType":"way","osmId":970101891,"sourceRegion":"guangdong","featureType":"infrastructure","railClass":"highspeed","mode":"rail","name":"深湛线","nameEn":"Shenzhen-Zhanjiang Railway","ref":"3071","operator":"中国铁路广州局集团有限公司","usage":"main","highspeed":"yes","bridge":"yes","status":"operational","color":"#E54848","dataOrigin":"datum-2026-08-01","sourceKey":"way:970101891"}},{"type":"Feature","geometry":{"type":"LineString","coordinates":[[112.6799821,22.3217579],[112.6593574,22.321392]]},"properties":{"key":"way:970101892@overview:112_22","osmType":"way","osmId":970101892,"sourceRegion":"guangdong","featureType":"infrastructure","railClass":"highspeed","mode":"rail","name":"深湛线","nameEn":"Shenzhen-Zhanjiang Railway","ref":"3071","operator":"中国铁路广州局集团有限公司","usage":"main","highspeed":"yes","status":"operational","color":"#E54848","dataOrigin":"datum-2026-08-01","sourceKey":"way:970101892"}},{"type":"Feature","geometry":{"type":"LineString","coordinates":[[112.680024,22.3218056],[112.6593542,22.3214368]]},"properties":{"key":"way:970101893@overview:112_22","osmType":"way","osmId":970101893,"sourceRegion":"guangdong","featureType":"infrastructure","railClass":"highspeed","mode":"rail","name":"深湛线","nameEn":"Shenzhen-Zhanjiang Railway","ref":"3071","operator":"中国铁路广州局集团有限公司","usage":"main","highspeed":"yes","status":"operational","color":"#E54848","dataOrigin":"datum-2026-08-01","sourceKey":"way:970101893"}},{"type":"Feature","geometry":{"type":"LineString","coordinates":[[112.6806642,22.3217699],[112.6799821,22.3217579]]},"properties":{"key":"way:970101894@overview:112_22","osmType":"way","osmId":970101894,"sourceRegion":"guangdong","featureType":"infrastructure","railClass":"highspeed","mode":"rail","name":"深湛线","nameEn":"Shenzhen-Zhanjiang Railway","ref":"3071","operator":"中国铁路广州局集团有限公司","usage":"main","highspeed":"yes","bridge":"yes","status":"operational","color":"#E54848","dataOrigin":"datum-2026-08-01","sourceKey":"way:970101894"}},{"type":"Feature","geometry":{"type":"LineString","coordinates":[[112.6806913,22.3218171],[112.680024,22.3218056]]},"properties":{"key":"way:970101895@overview:112_22","osmType":"way","osmId":970101895,"sourceRegion":"guangdong","featureType":"infrastructure","railClass":"highspeed","mode":"rail","name":"深湛线","nameEn":"Shenzhen-Zhanjiang Railway","ref":"3071","operator":"中国铁路广州局集团有限公司","usage":"main","highspeed":"yes","bridge":"yes","status":"operational","color":"#E54848","dataOrigin":"datum-2026-08-01","sourceKey":"way:970101895"}},{"type":"Feature","geometry":{"type":"LineString","coordinates":[[112.6841259,22.3218328],[112.6806642,22.3217699]]},"properties":{"key":"way:970101896@overview:112_22","osmType":"way","osmId":970101896,"sourceRegion":"guangdong","featureType":"infrastructure","railClass":"highspeed","mode":"rail","name":"深湛线","nameEn":"Shenzhen-Zhanjiang Railway","ref":"3071","operator":"中国铁路广州局集团有限公司","usage":"main","highspeed":"yes","status":"operational","color":"#E54848","dataOrigin":"datum-2026-08-01","sourceKey":"way:970101896"}},{"type":"Feature","geometry":{"type":"LineString","coordinates":[[112.6841232,22.3218737],[112.6806913,22.3218171]]},"properties":{"key":"way:970101897@overview:112_22","osmType":"way","osmId":970101897,"sourceRegion":"guangdong","featureType":"infrastructure","railClass":"highspeed","mode":"rail","name":"深湛线","nameEn":"Shenzhen-Zhanjiang Railway","ref":"3071","operator":"中国铁路广州局集团有限公司","usage":"main","highspeed":"yes","status":"operational","color":"#E54848","dataOrigin":"datum-2026-08-01","sourceKey":"way:970101897"}},{"type":"Feature","geometry":{"type":"LineString","coordinates":[[112.0866156,22.958799],[112.0860457,22.9587559]]},"properties":{"key":"way:1012994210@overview:112_22","osmType":"way","osmId":1012994210,"sourceRegion":"guangdong","featureType":"infrastructure","railClass":"national","mode":"rail","name":"云浮支线","nameEn":"Yunfu Branch Railway","ref":"0709","usage":"branch","bridge":"yes","status":"operational","color":"#E54848","dataOrigin":"datum-2026-08-01","sourceKey":"way:1012994210"}},{"type":"Feature","geometry":{"type":"LineString","coordinates":[[112.3196022,22.1592745],[112.3026038,22.153318]]},"properties":{"key":"way:1028827601@overview:112_22","osmType":"way","osmId":1028827601,"sourceRegion":"guangdong","featureType":"infrastructure","railClass":"highspeed","mode":"rail","name":"深湛线","nameEn":"Shenzhen-Zhanjiang Railway","ref":"3071","operator":"中国铁路广州局集团有限公司","usage":"main","highspeed":"yes","status":"operational","color":"#E54848","dataOrigin":"datum-2026-08-01","sourceKey":"way:1028827601"}},{"type":"Feature","geometry":{"type":"LineString","coordinates":[[112.3196103,22.1592438],[112.3026143,22.1532693]]},"properties":{"key":"way:1028827602@overview:112_22","osmType":"way","osmId":1028827602,"sourceRegion":"guangdong","featureType":"infrastructure","railClass":"highspeed","mode":"rail","name":"深湛线","nameEn":"Shenzhen-Zhanjiang Railway","ref":"3071","operator":"中国铁路广州局集团有限公司","usage":"main","highspeed":"yes","status":"operational","color":"#E54848","dataOrigin":"datum-2026-08-01","sourceKey":"way:1028827602"}},{"type":"Feature","geometry":{"type":"LineString","coordinates":[[112.3026143,22.1532693],[112.2874081,22.1473835]]},"properties":{"key":"way:1028827603@overview:112_22","osmType":"way","osmId":1028827603,"sourceRegion":"guangdong","featureType":"infrastructure","railClass":"highspeed","mode":"rail","name":"深湛线","nameEn":"Shenzhen-Zhanjiang Railway","ref":"3071","operator":"中国铁路广州局集团有限公司","usage":"main","highspeed":"yes","bridge":"yes","status":"operational","color":"#E54848","dataOrigin":"datum-2026-08-01","sourceKey":"way:1028827603"}},{"type":"Feature","geometry":{"type":"LineString","coordinates":[[112.3026038,22.153318],[112.2873843,22.1474222]]},"properties":{"key":"way:1028827604@overview:112_22","osmType":"way","osmId":1028827604,"sourceRegion":"guangdong","featureType":"infrastructure","railClass":"highspeed","mode":"rail","name":"深湛线","nameEn":"Shenzhen-Zhanjiang Railway","ref":"3071","operator":"中国铁路广州局集团有限公司","usage":"main","highspeed":"yes","bridge":"yes","status":"operational","color":"#E54848","dataOrigin":"datum-2026-08-01","sourceKey":"way:1028827604"}},{"type":"Feature","geometry":{"type":"LineString","coordinates":[[112.2849462,22.1460496],[112.2760353,22.1378429]]},"properties":{"key":"way:1028827605@overview:112_22","osmType":"way","osmId":1028827605,"sourceRegion":"guangdong","featureType":"infrastructure","railClass":"highspeed","mode":"rail","name":"深湛线","nameEn":"Shenzhen-Zhanjiang Railway","ref":"3071","operator":"中国铁路广州局集团有限公司","usage":"main","highspeed":"yes","bridge":"yes","status":"operational","color":"#E54848","dataOrigin":"datum-2026-08-01","sourceKey":"way:1028827605"}},{"type":"Feature","geometry":{"type":"LineString","coordinates":[[112.284977,22.1460116],[112.2760814,22.1378259]]},"properties":{"key":"way:1028827606@overview:112_22","osmType":"way","osmId":1028827606,"sourceRegion":"guangdong","featureType":"infrastructure","railClass":"highspeed","mode":"rail","name":"深湛线","nameEn":"Shenzhen-Zhanjiang Railway","ref":"3071","operator":"中国铁路广州局集团有限公司","usage":"main","highspeed":"yes","bridge":"yes","status":"operational","color":"#E54848","dataOrigin":"datum-2026-08-01","sourceKey":"way:1028827606"}},{"type":"Feature","geometry":{"type":"LineString","coordinates":[[112.2874081,22.1473835],[112.284977,22.1460116]]},"properties":{"key":"way:1028827607@overview:112_22","osmType":"way","osmId":1028827607,"sourceRegion":"guangdong","featureType":"infrastructure","railClass":"highspeed","mode":"rail","name":"深湛线","nameEn":"Shenzhen-Zhanjiang Railway","ref":"3071","operator":"中国铁路广州局集团有限公司","usage":"main","highspeed":"yes","status":"operational","color":"#E54848","dataOrigin":"datum-2026-08-01","sourceKey":"way:1028827607"}},{"type":"Feature","geometry":{"type":"LineString","coordinates":[[112.2873843,22.1474222],[112.2849462,22.1460496]]},"properties":{"key":"way:1028827608@overview:112_22","osmType":"way","osmId":1028827608,"sourceRegion":"guangdong","featureType":"infrastructure","railClass":"highspeed","mode":"rail","name":"深湛线","nameEn":"Shenzhen-Zhanjiang Railway","ref":"3071","operator":"中国铁路广州局集团有限公司","usage":"main","highspeed":"yes","status":"operational","color":"#E54848","dataOrigin":"datum-2026-08-01","sourceKey":"way:1028827608"}},{"type":"Feature","geometry":{"type":"LineString","coordinates":[[112.184,22.5850488],[112.1395657,22.5089672]]},"properties":{"key":"way:1052867803@overview:112_22","osmType":"way","osmId":1052867803,"sourceRegion":"guangdong","featureType":"infrastructure","railClass":"highspeed","mode":"rail","name":"广湛高速线","nameEn":"Guangzhou-Zhanjiang Railway","usage":"main","highspeed":"yes","tunnel":"yes","status":"operational","color":"#E54848","dataOrigin":"datum-2026-08-01","sourceKey":"way:1052867803"}},{"type":"Feature","geometry":{"type":"LineString","coordinates":[[112.0662814,22.4061814],[112.0225932,22.3597894]]},"properties":{"key":"way:1052867805@overview:112_22","osmType":"way","osmId":1052867805,"sourceRegion":"guangdong","featureType":"infrastructure","railClass":"highspeed","mode":"rail","name":"广湛高速线","nameEn":"Guangzhou-Zhanjiang Railway","usage":"main","highspeed":"yes","tunnel":"yes","status":"operational","color":"#E54848","dataOrigin":"datum-2026-08-01","sourceKey":"way:1052867805"}},{"type":"Feature","geometry":{"type":"LineString","coordinates":[[112.1006403,22.4514441],[112.1004385,22.4511706]]},"properties":{"key":"way:1052867808@overview:112_22","osmType":"way","osmId":1052867808,"sourceRegion":"guangdong","featureType":"infrastructure","railClass":"highspeed","mode":"rail","name":"广湛高速线","nameEn":"Guangzhou-Zhanjiang Railway","usage":"main","highspeed":"yes","status":"operational","color":"#E54848","dataOrigin":"datum-2026-08-01","sourceKey":"way:1052867808"}},{"type":"Feature","geometry":{"type":"LineString","coordinates":[[112.1027731,22.4543105],[112.1006403,22.4514441]]},"properties":{"key":"way:1052867809@overview:112_22","osmType":"way","osmId":1052867809,"sourceRegion":"guangdong","featureType":"infrastructure","railClass":"highspeed","mode":"rail","name":"广湛高速线","nameEn":"Guangzhou-Zhanjiang Railway","usage":"main","highspeed":"yes","tunnel":"yes","status":"operational","color":"#E54848","dataOrigin":"datum-2026-08-01","sourceKey":"way:1052867809"}},{"type":"Feature","geometry":{"type":"LineString","coordinates":[[112.1030137,22.4546155],[112.1027731,22.4543105]]},"properties":{"key":"way:1052867810@overview:112_22","osmType":"way","osmId":1052867810,"sourceRegion":"guangdong","featureType":"infrastructure","railClass":"highspeed","mode":"rail","name":"广湛高速线","nameEn":"Guangzhou-Zhanjiang Railway","usage":"main","highspeed":"yes","status":"operational","color":"#E54848","dataOrigin":"datum-2026-08-01","sourceKey":"way:1052867810"}},{"type":"Feature","geometry":{"type":"LineString","coordinates":[[112.1037587,22.4555693],[112.1030137,22.4546155]]},"properties":{"key":"way:1052867811@overview:112_22","osmType":"way","osmId":1052867811,"sourceRegion":"guangdong","featureType":"infrastructure","railClass":"highspeed","mode":"rail","name":"广湛高速线","nameEn":"Guangzhou-Zhanjiang Railway","usage":"main","highspeed":"yes","tunnel":"yes","status":"operational","color":"#E54848","dataOrigin":"datum-2026-08-01","sourceKey":"way:1052867811"}},{"type":"Feature","geometry":{"type":"LineString","coordinates":[[112.1043166,22.4562913],[112.1037587,22.4555693]]},"properties":{"key":"way:1052867812@overview:112_22","osmType":"way","osmId":1052867812,"sourceRegion":"guangdong","featureType":"infrastructure","railClass":"highspeed","mode":"rail","name":"广湛高速线","nameEn":"Guangzhou-Zhanjiang Railway","usage":"main","highspeed":"yes","bridge":"yes","status":"operational","color":"#E54848","dataOrigin":"datum-2026-08-01","sourceKey":"way:1052867812"}},{"type":"Feature","geometry":{"type":"LineString","coordinates":[[112.106733,22.4599739],[112.1048046,22.4569663]]},"properties":{"key":"way:1052867813@overview:112_22","osmType":"way","osmId":1052867813,"sourceRegion":"guangdong","featureType":"infrastructure","railClass":"highspeed","mode":"rail","name":"广湛高速线","nameEn":"Guangzhou-Zhanjiang Railway","usage":"main","highspeed":"yes","bridge":"yes","status":"operational","color":"#E54848","dataOrigin":"datum-2026-08-01","sourceKey":"way:1052867813"}},{"type":"Feature","geometry":{"type":"LineString","coordinates":[[112.1072412,22.4608234],[112.106733,22.4599739]]},"properties":{"key":"way:1052867814@overview:112_22","osmType":"way","osmId":1052867814,"sourceRegion":"guangdong","featureType":"infrastructure","railClass":"highspeed","mode":"rail","name":"广湛高速线","nameEn":"Guangzhou-Zhanjiang Railway","usage":"main","highspeed":"yes","status":"operational","color":"#E54848","dataOrigin":"datum-2026-08-01","sourceKey":"way:1052867814"}},{"type":"Feature","geometry":{"type":"LineString","coordinates":[[112.0196078,22.3564147],[112.0,22.331752366993253]]},"properties":{"key":"way:1052867817@overview:112_22","osmType":"way","osmId":1052867817,"sourceRegion":"guangdong","featureType":"infrastructure","railClass":"highspeed","mode":"rail","name":"广湛高速线","nameEn":"Guangzhou-Zhanjiang Railway","usage":"main","highspeed":"yes","tunnel":"yes","status":"operational","color":"#E54848","dataOrigin":"datum-2026-08-01","sourceKey":"way:1052867817"}},{"type":"Feature","geometry":{"type":"LineString","coordinates":[[112.0225932,22.3597894],[112.0196078,22.3564147]]},"properties":{"key":"way:1052867818@overview:112_22","osmType":"way","osmId":1052867818,"sourceRegion":"guangdong","featureType":"infrastructure","railClass":"highspeed","mode":"rail","name":"广湛高速线","nameEn":"Guangzhou-Zhanjiang Railway","usage":"main","highspeed":"yes","bridge":"yes","status":"operational","color":"#E54848","dataOrigin":"datum-2026-08-01","sourceKey":"way:1052867818"}},{"type":"Feature","geometry":{"type":"LineString","coordinates":[[112.1004385,22.4511706],[112.0686825,22.4089819]]},"properties":{"key":"way:1052867819@overview:112_22","osmType":"way","osmId":1052867819,"sourceRegion":"guangdong","featureType":"infrastructure","railClass":"highspeed","mode":"rail","name":"广湛高速线","nameEn":"Guangzhou-Zhanjiang Railway","usage":"main","highspeed":"yes","tunnel":"yes","status":"operational","color":"#E54848","dataOrigin":"datum-2026-08-01","sourceKey":"way:1052867819"}},{"type":"Feature","geometry":{"type":"LineString","coordinates":[[112.0686825,22.4089819],[112.0662814,22.4061814]]},"properties":{"key":"way:1052867820@overview:112_22","osmType":"way","osmId":1052867820,"sourceRegion":"guangdong","featureType":"infrastructure","railClass":"highspeed","mode":"rail","name":"广湛高速线","nameEn":"Guangzhou-Zhanjiang Railway","usage":"main","highspeed":"yes","bridge":"yes","status":"operational","color":"#E54848","dataOrigin":"datum-2026-08-01","sourceKey":"way:1052867820"}},{"type":"Feature","geometry":{"type":"LineString","coordinates":[[112.110727,22.4668791],[112.1072412,22.4608234]]},"properties":{"key":"way:1052867821@overview:112_22","osmType":"way","osmId":1052867821,"sourceRegion":"guangdong","featureType":"infrastructure","railClass":"highspeed","mode":"rail","name":"广湛高速线","nameEn":"Guangzhou-Zhanjiang Railway","usage":"main","highspeed":"yes","bridge":"yes","status":"operational","color":"#E54848","dataOrigin":"datum-2026-08-01","sourceKey":"way:1052867821"}},{"type":"Feature","geometry":{"type":"LineString","coordinates":[[112.1959577,22.6062942],[112.1889636,22.5945554]]},"properties":{"key":"way:1052867822@overview:112_22","osmType":"way","osmId":1052867822,"sourceRegion":"guangdong","featureType":"infrastructure","railClass":"highspeed","mode":"rail","name":"广湛高速线","nameEn":"Guangzhou-Zhanjiang Railway","usage":"main","highspeed":"yes","bridge":"yes","status":"operational","color":"#E54848","dataOrigin":"datum-2026-08-01","sourceKey":"way:1052867822"}},{"type":"Feature","geometry":{"type":"LineString","coordinates":[[112.2401071,22.6490206],[112.2312278,22.6427027]]},"properties":{"key":"way:1052867823@overview:112_22","osmType":"way","osmId":1052867823,"sourceRegion":"guangdong","featureType":"infrastructure","railClass":"highspeed","mode":"rail","name":"广湛高速线","nameEn":"Guangzhou-Zhanjiang Railway","usage":"main","highspeed":"yes","status":"operational","color":"#E54848","dataOrigin":"datum-2026-08-01","sourceKey":"way:1052867823"}},{"type":"Feature","geometry":{"type":"LineString","coordinates":[[112.2250013,22.6382901],[112.2137092,22.6293565]]},"properties":{"key":"way:1052867824@overview:112_22","osmType":"way","osmId":1052867824,"sourceRegion":"guangdong","featureType":"infrastructure","railClass":"highspeed","mode":"rail","name":"广湛高速线","nameEn":"Guangzhou-Zhanjiang Railway","usage":"main","highspeed":"yes","bridge":"yes","status":"operational","color":"#E54848","dataOrigin":"datum-2026-08-01","sourceKey":"way:1052867824"}},{"type":"Feature","geometry":{"type":"LineString","coordinates":[[112.1549033,22.7128718],[112.156841,22.712125]]},"properties":{"key":"way:1060165435@overview:112_22","osmType":"way","osmId":1060165435,"sourceRegion":"guangdong","featureType":"infrastructure","railClass":"national","mode":"rail","name":"广茂线","nameEn":"Guangmao Line","ref":"0708","operator":"中国铁路广州局集团有限公司","usage":"main","status":"operational","color":"#E54848","dataOrigin":"datum-2026-08-01","sourceKey":"way:1060165435"}},{"type":"Feature","geometry":{"type":"LineString","coordinates":[[112.1533996,22.7137411],[112.1549033,22.7128718]]},"properties":{"key":"way:1060165436@overview:112_22","osmType":"way","osmId":1060165436,"sourceRegion":"guangdong","featureType":"infrastructure","railClass":"national","mode":"rail","name":"广茂线","nameEn":"Guangmao Line","ref":"0708","operator":"中国铁路广州局集团有限公司","usage":"main","tunnel":"yes","status":"operational","color":"#E54848","dataOrigin":"datum-2026-08-01","sourceKey":"way:1060165436"}},{"type":"Feature","geometry":{"type":"LineString","coordinates":[[112.1789601,22.7159448],[112.1827689,22.7189005]]},"properties":{"key":"way:1060165437@overview:112_22","osmType":"way","osmId":1060165437,"sourceRegion":"guangdong","featureType":"infrastructure","railClass":"national","mode":"rail","name":"广茂线","nameEn":"Guangmao Line","ref":"0708","operator":"中国铁路广州局集团有限公司","usage":"main","status":"operational","color":"#E54848","dataOrigin":"datum-2026-08-01","sourceKey":"way:1060165437"}},{"type":"Feature","geometry":{"type":"LineString","coordinates":[[112.175691,22.713373],[112.1789601,22.7159448]]},"properties":{"key":"way:1060165438@overview:112_22","osmType":"way","osmId":1060165438,"sourceRegion":"guangdong","featureType":"infrastructure","railClass":"national","mode":"rail","name":"广茂线","nameEn":"Guangmao Line","ref":"0708","operator":"中国铁路广州局集团有限公司","usage":"main","tunnel":"yes","status":"operational","color":"#E54848","dataOrigin":"datum-2026-08-01","sourceKey":"way:1060165438"}},{"type":"Feature","geometry":{"type":"LineString","coordinates":[[112.2274577,22.7824294],[112.2270894,22.7847523]]},"properties":{"key":"way:1060165441@overview:112_22","osmType":"way","osmId":1060165441,"sourceRegion":"guangdong","featureType":"infrastructure","railClass":"national","mode":"rail","name":"广茂线","nameEn":"Guangmao Line","ref":"0708","operator":"中国铁路广州局集团有限公司","usage":"main","status":"operational","color":"#E54848","dataOrigin":"datum-2026-08-01","sourceKey":"way:1060165441"}},{"type":"Feature","geometry":{"type":"LineString","coordinates":[[112.2270894,22.7847523],[112.226988,22.786276]]},"properties":{"key":"way:1060165442@overview:112_22","osmType":"way","osmId":1060165442,"sourceRegion":"guangdong","featureType":"infrastructure","railClass":"national","mode":"rail","name":"广茂线","nameEn":"Guangmao Line","ref":"0708","operator":"中国铁路广州局集团有限公司","usage":"main","bridge":"yes","status":"operational","color":"#E54848","dataOrigin":"datum-2026-08-01","sourceKey":"way:1060165442"}},{"type":"Feature","geometry":{"type":"LineString","coordinates":[[112.244937,22.849912],[112.2458529,22.8504914]]},"properties":{"key":"way:1060165444@overview:112_22","osmType":"way","osmId":1060165444,"sourceRegion":"guangdong","featureType":"infrastructure","railClass":"national","mode":"rail","name":"广茂线","nameEn":"Guangmao Line","ref":"0708","operator":"中国铁路广州局集团有限公司","usage":"main","status":"operational","color":"#E54848","dataOrigin":"datum-2026-08-01","sourceKey":"way:1060165444"}},{"type":"Feature","geometry":{"type":"LineString","coordinates":[[112.2791523,22.8851834],[112.2840822,22.888516]]},"properties":{"key":"way:1060165445@overview:112_22","osmType":"way","osmId":1060165445,"sourceRegion":"guangdong","featureType":"infrastructure","railClass":"national","mode":"rail","name":"广茂线","nameEn":"Guangmao Line","ref":"0708","operator":"中国铁路广州局集团有限公司","usage":"main","status":"operational","color":"#E54848","dataOrigin":"datum-2026-08-01","sourceKey":"way:1060165445"}},{"type":"Feature","geometry":{"type":"LineString","coordinates":[[112.2788367,22.8848347],[112.2791523,22.8851834]]},"properties":{"key":"way:1060165446@overview:112_22","osmType":"way","osmId":1060165446,"sourceRegion":"guangdong","featureType":"infrastructure","railClass":"national","mode":"rail","name":"广茂线","nameEn":"Guangmao Line","ref":"0708","operator":"中国铁路广州局集团有限公司","usage":"main","bridge":"yes","status":"operational","color":"#E54848","dataOrigin":"datum-2026-08-01","sourceKey":"way:1060165446"}},{"type":"Feature","geometry":{"type":"LineString","coordinates":[[112.4190423,22.7525958],[112.4237815,22.7550672]]},"properties":{"key":"way:1085237524@overview:112_22","osmType":"way","osmId":1085237524,"sourceRegion":"guangdong","featureType":"infrastructure","railClass":"highspeed","mode":"rail","name":"广湛高速线","nameEn":"Guangzhou-Zhanjiang Railway","usage":"main","highspeed":"yes","bridge":"yes","status":"operational","color":"#E54848","dataOrigin":"datum-2026-08-01","sourceKey":"way:1085237524"}},{"type":"Feature","geometry":{"type":"LineString","coordinates":[[112.1353623,22.954101],[112.1269324,22.9577907]]},"properties":{"key":"way:1135015378@overview:112_22","osmType":"way","osmId":1135015378,"sourceRegion":"guangdong","featureType":"infrastructure","railClass":"national","mode":"rail","name":"未命名","status":"operational","color":"#E54848","dataOrigin":"datum-2026-08-01","sourceKey":"way:1135015378"}},{"type":"Feature","geometry":{"type":"LineString","coordinates":[[112.1362211,22.9536787],[112.1248746,22.9587008]]},"properties":{"key":"way:1135015379@overview:112_22","osmType":"way","osmId":1135015379,"sourceRegion":"guangdong","featureType":"infrastructure","railClass":"national","mode":"rail","name":"未命名","status":"operational","color":"#E54848","dataOrigin":"datum-2026-08-01","sourceKey":"way:1135015379"}},{"type":"Feature","geometry":{"type":"LineString","coordinates":[[112.5346707,22.2471961],[112.5117932,22.2373761]]},"properties":{"key":"way:1151272596@overview:112_22","osmType":"way","osmId":1151272596,"sourceRegion":"guangdong","featureType":"infrastructure","railClass":"highspeed","mode":"rail","name":"深湛线","nameEn":"Shenzhen-Zhanjiang Railway","ref":"3071","operator":"中国铁路广州局集团有限公司","usage":"main","highspeed":"yes","status":"operational","color":"#E54848","dataOrigin":"datum-2026-08-01","sourceKey":"way:1151272596"}},{"type":"Feature","geometry":{"type":"LineString","coordinates":[[112.5346464,22.2472347],[112.5117738,22.2374169]]},"properties":{"key":"way:1151272597@overview:112_22","osmType":"way","osmId":1151272597,"sourceRegion":"guangdong","featureType":"infrastructure","railClass":"highspeed","mode":"rail","name":"深湛线","nameEn":"Shenzhen-Zhanjiang Railway","ref":"3071","operator":"中国铁路广州局集团有限公司","usage":"main","highspeed":"yes","status":"operational","color":"#E54848","dataOrigin":"datum-2026-08-01","sourceKey":"way:1151272597"}},{"type":"Feature","geometry":{"type":"LineString","coordinates":[[112.5117738,22.2374169],[112.510033,22.2366127]]},"properties":{"key":"way:1151272598@overview:112_22","osmType":"way","osmId":1151272598,"sourceRegion":"guangdong","featureType":"infrastructure","railClass":"highspeed","mode":"rail","name":"深湛线","nameEn":"Shenzhen-Zhanjiang Railway","ref":"3071","operator":"中国铁路广州局集团有限公司","usage":"main","highspeed":"yes","bridge":"yes","status":"operational","color":"#E54848","dataOrigin":"datum-2026-08-01","sourceKey":"way:1151272598"}},{"type":"Feature","geometry":{"type":"LineString","coordinates":[[112.5117932,22.2373761],[112.5100395,22.2365657]]},"properties":{"key":"way:1151272599@overview:112_22","osmType":"way","osmId":1151272599,"sourceRegion":"guangdong","featureType":"infrastructure","railClass":"highspeed","mode":"rail","name":"深湛线","nameEn":"Shenzhen-Zhanjiang Railway","ref":"3071","operator":"中国铁路广州局集团有限公司","usage":"main","highspeed":"yes","bridge":"yes","status":"operational","color":"#E54848","dataOrigin":"datum-2026-08-01","sourceKey":"way:1151272599"}},{"type":"Feature","geometry":{"type":"LineString","coordinates":[[112.548491,22.2523738],[112.5374074,22.2484301]]},"properties":{"key":"way:1151272600@overview:112_22","osmType":"way","osmId":1151272600,"sourceRegion":"guangdong","featureType":"infrastructure","railClass":"highspeed","mode":"rail","name":"深湛线","nameEn":"Shenzhen-Zhanjiang Railway","ref":"3071","operator":"中国铁路广州局集团有限公司","usage":"main","highspeed":"yes","status":"operational","color":"#E54848","dataOrigin":"datum-2026-08-01","sourceKey":"way:1151272600"}},{"type":"Feature","geometry":{"type":"LineString","coordinates":[[112.5485051,22.2523312],[112.537429,22.2483904]]},"properties":{"key":"way:1151272601@overview:112_22","osmType":"way","osmId":1151272601,"sourceRegion":"guangdong","featureType":"infrastructure","railClass":"highspeed","mode":"rail","name":"深湛线","nameEn":"Shenzhen-Zhanjiang Railway","ref":"3071","operator":"中国铁路广州局集团有限公司","usage":"main","highspeed":"yes","status":"operational","color":"#E54848","dataOrigin":"datum-2026-08-01","sourceKey":"way:1151272601"}},{"type":"Feature","geometry":{"type":"LineString","coordinates":[[112.5374074,22.2484301],[112.5346464,22.2472347]]},"properties":{"key":"way:1151272602@overview:112_22","osmType":"way","osmId":1151272602,"sourceRegion":"guangdong","featureType":"infrastructure","railClass":"highspeed","mode":"rail","name":"深湛线","nameEn":"Shenzhen-Zhanjiang Railway","ref":"3071","operator":"中国铁路广州局集团有限公司","usage":"main","highspeed":"yes","bridge":"yes","status":"operational","color":"#E54848","dataOrigin":"datum-2026-08-01","sourceKey":"way:1151272602"}},{"type":"Feature","geometry":{"type":"LineString","coordinates":[[112.537429,22.2483904],[112.5346707,22.2471961]]},"properties":{"key":"way:1151272603@overview:112_22","osmType":"way","osmId":1151272603,"sourceRegion":"guangdong","featureType":"infrastructure","railClass":"highspeed","mode":"rail","name":"深湛线","nameEn":"Shenzhen-Zhanjiang Railway","ref":"3071","operator":"中国铁路广州局集团有限公司","usage":"main","highspeed":"yes","bridge":"yes","status":"operational","color":"#E54848","dataOrigin":"datum-2026-08-01","sourceKey":"way:1151272603"}},{"type":"Feature","geometry":{"type":"LineString","coordinates":[[112.510033,22.2366127],[112.4929207,22.2230754]]},"properties":{"key":"way:1151272608@overview:112_22","osmType":"way","osmId":1151272608,"sourceRegion":"guangdong","featureType":"infrastructure","railClass":"highspeed","mode":"rail","name":"深湛线","nameEn":"Shenzhen-Zhanjiang Railway","ref":"3071","operator":"中国铁路广州局集团有限公司","usage":"main","highspeed":"yes","status":"operational","color":"#E54848","dataOrigin":"datum-2026-08-01","sourceKey":"way:1151272608"}},{"type":"Feature","geometry":{"type":"LineString","coordinates":[[112.5100395,22.2365657],[112.492945,22.2230334]]},"properties":{"key":"way:1151272609@overview:112_22","osmType":"way","osmId":1151272609,"sourceRegion":"guangdong","featureType":"infrastructure","railClass":"highspeed","mode":"rail","name":"深湛线","nameEn":"Shenzhen-Zhanjiang Railway","ref":"3071","operator":"中国铁路广州局集团有限公司","usage":"main","highspeed":"yes","status":"operational","color":"#E54848","dataOrigin":"datum-2026-08-01","sourceKey":"way:1151272609"}},{"type":"Feature","geometry":{"type":"LineString","coordinates":[[112.4929207,22.2230754],[112.490214,22.2202293]]},"properties":{"key":"way:1151272610@overview:112_22","osmType":"way","osmId":1151272610,"sourceRegion":"guangdong","featureType":"infrastructure","railClass":"highspeed","mode":"rail","name":"深湛线","nameEn":"Shenzhen-Zhanjiang Railway","ref":"3071","operator":"中国铁路广州局集团有限公司","usage":"main","highspeed":"yes","bridge":"yes","status":"operational","color":"#E54848","dataOrigin":"datum-2026-08-01","sourceKey":"way:1151272610"}},{"type":"Feature","geometry":{"type":"LineString","coordinates":[[112.492945,22.2230334],[112.4902354,22.2201849]]},"properties":{"key":"way:1151272611@overview:112_22","osmType":"way","osmId":1151272611,"sourceRegion":"guangdong","featureType":"infrastructure","railClass":"highspeed","mode":"rail","name":"深湛线","nameEn":"Shenzhen-Zhanjiang Railway","ref":"3071","operator":"中国铁路广州局集团有限公司","usage":"main","highspeed":"yes","bridge":"yes","status":"operational","color":"#E54848","dataOrigin":"datum-2026-08-01","sourceKey":"way:1151272611"}},{"type":"Feature","geometry":{"type":"LineString","coordinates":[[112.2087058,22.6243834],[112.1978588,22.6094692]]},"properties":{"key":"way:1201583171@overview:112_22","osmType":"way","osmId":1201583171,"sourceRegion":"guangdong","featureType":"infrastructure","railClass":"highspeed","mode":"rail","name":"广湛高速线","nameEn":"Guangzhou-Zhanjiang Railway","usage":"main","highspeed":"yes","tunnel":"yes","status":"operational","color":"#E54848","dataOrigin":"datum-2026-08-01","sourceKey":"way:1201583171"}},{"type":"Feature","geometry":{"type":"LineString","coordinates":[[112.2783736,22.8792528],[112.2788367,22.8848347]]},"properties":{"key":"way:1215524970@overview:112_22","osmType":"way","osmId":1215524970,"sourceRegion":"guangdong","featureType":"infrastructure","railClass":"national","mode":"rail","name":"广茂线","nameEn":"Guangmao Line","ref":"0708","operator":"中国铁路广州局集团有限公司","usage":"main","status":"operational","color":"#E54848","dataOrigin":"datum-2026-08-01","sourceKey":"way:1215524970"}},{"type":"Feature","geometry":{"type":"LineString","coordinates":[[112.2784145,22.87915],[112.2783736,22.8792528]]},"properties":{"key":"way:1215524971@overview:112_22","osmType":"way","osmId":1215524971,"sourceRegion":"guangdong","featureType":"infrastructure","railClass":"national","mode":"rail","name":"广茂线","nameEn":"Guangmao Line","ref":"0708","operator":"中国铁路广州局集团有限公司","usage":"main","bridge":"yes","status":"operational","color":"#E54848","dataOrigin":"datum-2026-08-01","sourceKey":"way:1215524971"}},{"type":"Feature","geometry":{"type":"LineString","coordinates":[[112.293329,22.6841747],[112.268479,22.6660441]]},"properties":{"key":"way:1249436742@overview:112_22","osmType":"way","osmId":1249436742,"sourceRegion":"guangdong","featureType":"infrastructure","railClass":"highspeed","mode":"rail","name":"广湛高速线","nameEn":"Guangzhou-Zhanjiang Railway","usage":"main","highspeed":"yes","status":"operational","color":"#E54848","dataOrigin":"datum-2026-08-01","sourceKey":"way:1249436742"}},{"type":"Feature","geometry":{"type":"LineString","coordinates":[[112.2485723,22.6547474],[112.2451995,22.6526248]]},"properties":{"key":"way:1249436743@overview:112_22","osmType":"way","osmId":1249436743,"sourceRegion":"guangdong","featureType":"infrastructure","railClass":"highspeed","mode":"rail","name":"广湛高速线","nameEn":"Guangzhou-Zhanjiang Railway","usage":"main","highspeed":"yes","tunnel":"yes","status":"operational","color":"#E54848","dataOrigin":"datum-2026-08-01","sourceKey":"way:1249436743"}},{"type":"Feature","geometry":{"type":"LineString","coordinates":[[112.227338,22.6399827],[112.2250013,22.6382901]]},"properties":{"key":"way:1249436744@overview:112_22","osmType":"way","osmId":1249436744,"sourceRegion":"guangdong","featureType":"infrastructure","railClass":"highspeed","mode":"rail","name":"广湛高速线","nameEn":"Guangzhou-Zhanjiang Railway","usage":"main","highspeed":"yes","tunnel":"yes","status":"operational","color":"#E54848","dataOrigin":"datum-2026-08-01","sourceKey":"way:1249436744"}},{"type":"Feature","geometry":{"type":"LineString","coordinates":[[112.210824,22.6266313],[112.2087058,22.6243834]]},"properties":{"key":"way:1249436745@overview:112_22","osmType":"way","osmId":1249436745,"sourceRegion":"guangdong","featureType":"infrastructure","railClass":"highspeed","mode":"rail","name":"广湛高速线","nameEn":"Guangzhou-Zhanjiang Railway","usage":"main","highspeed":"yes","bridge":"yes","status":"operational","color":"#E54848","dataOrigin":"datum-2026-08-01","sourceKey":"way:1249436745"}},{"type":"Feature","geometry":{"type":"LineString","coordinates":[[112.2137092,22.6293565],[112.2126969,22.6284692]]},"properties":{"key":"way:1249436746@overview:112_22","osmType":"way","osmId":1249436746,"sourceRegion":"guangdong","featureType":"infrastructure","railClass":"highspeed","mode":"rail","name":"广湛高速线","nameEn":"Guangzhou-Zhanjiang Railway","usage":"main","highspeed":"yes","status":"operational","color":"#E54848","dataOrigin":"datum-2026-08-01","sourceKey":"way:1249436746"}},{"type":"Feature","geometry":{"type":"LineString","coordinates":[[112.2126969,22.6284692],[112.2121971,22.6280054]]},"properties":{"key":"way:1249436747@overview:112_22","osmType":"way","osmId":1249436747,"sourceRegion":"guangdong","featureType":"infrastructure","railClass":"highspeed","mode":"rail","name":"广湛高速线","nameEn":"Guangzhou-Zhanjiang Railway","usage":"main","highspeed":"yes","bridge":"yes","status":"operational","color":"#E54848","dataOrigin":"datum-2026-08-01","sourceKey":"way:1249436747"}},{"type":"Feature","geometry":{"type":"LineString","coordinates":[[112.2121971,22.6280054],[112.210824,22.6266313]]},"properties":{"key":"way:1249436748@overview:112_22","osmType":"way","osmId":1249436748,"sourceRegion":"guangdong","featureType":"infrastructure","railClass":"highspeed","mode":"rail","name":"广湛高速线","nameEn":"Guangzhou-Zhanjiang Railway","usage":"main","highspeed":"yes","status":"operational","color":"#E54848","dataOrigin":"datum-2026-08-01","sourceKey":"way:1249436748"}},{"type":"Feature","geometry":{"type":"LineString","coordinates":[[112.1978588,22.6094692],[112.1959577,22.6062942]]},"properties":{"key":"way:1249436749@overview:112_22","osmType":"way","osmId":1249436749,"sourceRegion":"guangdong","featureType":"infrastructure","railClass":"highspeed","mode":"rail","name":"广湛高速线","nameEn":"Guangzhou-Zhanjiang Railway","usage":"main","highspeed":"yes","status":"operational","color":"#E54848","dataOrigin":"datum-2026-08-01","sourceKey":"way:1249436749"}},{"type":"Feature","geometry":{"type":"LineString","coordinates":[[112.1857082,22.5884272],[112.184,22.5850488]]},"properties":{"key":"way:1249436750@overview:112_22","osmType":"way","osmId":1249436750,"sourceRegion":"guangdong","featureType":"infrastructure","railClass":"highspeed","mode":"rail","name":"广湛高速线","nameEn":"Guangzhou-Zhanjiang Railway","usage":"main","highspeed":"yes","bridge":"yes","status":"operational","color":"#E54848","dataOrigin":"datum-2026-08-01","sourceKey":"way:1249436750"}},{"type":"Feature","geometry":{"type":"LineString","coordinates":[[112.1889636,22.5945554],[112.1868775,22.5907398]]},"properties":{"key":"way:1249436751@overview:112_22","osmType":"way","osmId":1249436751,"sourceRegion":"guangdong","featureType":"infrastructure","railClass":"highspeed","mode":"rail","name":"广湛高速线","nameEn":"Guangzhou-Zhanjiang Railway","usage":"main","highspeed":"yes","status":"operational","color":"#E54848","dataOrigin":"datum-2026-08-01","sourceKey":"way:1249436751"}},{"type":"Feature","geometry":{"type":"LineString","coordinates":[[112.1868775,22.5907398],[112.1860433,22.58909]]},"properties":{"key":"way:1249436752@overview:112_22","osmType":"way","osmId":1249436752,"sourceRegion":"guangdong","featureType":"infrastructure","railClass":"highspeed","mode":"rail","name":"广湛高速线","nameEn":"Guangzhou-Zhanjiang Railway","usage":"main","highspeed":"yes","bridge":"yes","status":"operational","color":"#E54848","dataOrigin":"datum-2026-08-01","sourceKey":"way:1249436752"}},{"type":"Feature","geometry":{"type":"LineString","coordinates":[[112.1860433,22.58909],[112.1857082,22.5884272]]},"properties":{"key":"way:1249436753@overview:112_22","osmType":"way","osmId":1249436753,"sourceRegion":"guangdong","featureType":"infrastructure","railClass":"highspeed","mode":"rail","name":"广湛高速线","nameEn":"Guangzhou-Zhanjiang Railway","usage":"main","highspeed":"yes","status":"operational","color":"#E54848","dataOrigin":"datum-2026-08-01","sourceKey":"way:1249436753"}},{"type":"Feature","geometry":{"type":"LineString","coordinates":[[112.111742,22.4686258],[112.110727,22.4668791]]},"properties":{"key":"way:1249436754@overview:112_22","osmType":"way","osmId":1249436754,"sourceRegion":"guangdong","featureType":"infrastructure","railClass":"highspeed","mode":"rail","name":"广湛高速线","nameEn":"Guangzhou-Zhanjiang Railway","usage":"main","highspeed":"yes","tunnel":"yes","status":"operational","color":"#E54848","dataOrigin":"datum-2026-08-01","sourceKey":"way:1249436754"}},{"type":"Feature","geometry":{"type":"LineString","coordinates":[[112.1382351,22.5063766],[112.1346652,22.4997894]]},"properties":{"key":"way:1249436755@overview:112_22","osmType":"way","osmId":1249436755,"sourceRegion":"guangdong","featureType":"infrastructure","railClass":"highspeed","mode":"rail","name":"广湛高速线","nameEn":"Guangzhou-Zhanjiang Railway","usage":"main","highspeed":"yes","status":"operational","color":"#E54848","dataOrigin":"datum-2026-08-01","sourceKey":"way:1249436755"}},{"type":"Feature","geometry":{"type":"LineString","coordinates":[[112.1346652,22.4997894],[112.1315319,22.4947767]]},"properties":{"key":"way:1249436756@overview:112_22","osmType":"way","osmId":1249436756,"sourceRegion":"guangdong","featureType":"infrastructure","railClass":"highspeed","mode":"rail","name":"广湛高速线","nameEn":"Guangzhou-Zhanjiang Railway","usage":"main","highspeed":"yes","bridge":"yes","status":"operational","color":"#E54848","dataOrigin":"datum-2026-08-01","sourceKey":"way:1249436756"}},{"type":"Feature","geometry":{"type":"LineString","coordinates":[[112.1315319,22.4947767],[112.1289164,22.4912833]]},"properties":{"key":"way:1249436757@overview:112_22","osmType":"way","osmId":1249436757,"sourceRegion":"guangdong","featureType":"infrastructure","railClass":"highspeed","mode":"rail","name":"广湛高速线","nameEn":"Guangzhou-Zhanjiang Railway","usage":"main","highspeed":"yes","status":"operational","color":"#E54848","dataOrigin":"datum-2026-08-01","sourceKey":"way:1249436757"}},{"type":"Feature","geometry":{"type":"LineString","coordinates":[[112.1395657,22.5089672],[112.1382351,22.5063766]]},"properties":{"key":"way:1249436758@overview:112_22","osmType":"way","osmId":1249436758,"sourceRegion":"guangdong","featureType":"infrastructure","railClass":"highspeed","mode":"rail","name":"广湛高速线","nameEn":"Guangzhou-Zhanjiang Railway","usage":"main","highspeed":"yes","bridge":"yes","status":"operational","color":"#E54848","dataOrigin":"datum-2026-08-01","sourceKey":"way:1249436758"}},{"type":"Feature","geometry":{"type":"LineString","coordinates":[[112.1289164,22.4912833],[112.1202979,22.4811816]]},"properties":{"key":"way:1249436759@overview:112_22","osmType":"way","osmId":1249436759,"sourceRegion":"guangdong","featureType":"infrastructure","railClass":"highspeed","mode":"rail","name":"广湛高速线","nameEn":"Guangzhou-Zhanjiang Railway","usage":"main","highspeed":"yes","tunnel":"yes","status":"operational","color":"#E54848","dataOrigin":"datum-2026-08-01","sourceKey":"way:1249436759"}},{"type":"Feature","geometry":{"type":"LineString","coordinates":[[112.1202979,22.4811816],[112.1173803,22.4775452]]},"properties":{"key":"way:1249436760@overview:112_22","osmType":"way","osmId":1249436760,"sourceRegion":"guangdong","featureType":"infrastructure","railClass":"highspeed","mode":"rail","name":"广湛高速线","nameEn":"Guangzhou-Zhanjiang Railway","usage":"main","highspeed":"yes","bridge":"yes","status":"operational","color":"#E54848","dataOrigin":"datum-2026-08-01","sourceKey":"way:1249436760"}},{"type":"Feature","geometry":{"type":"LineString","coordinates":[[112.1173803,22.4775452],[112.115418,22.474761]]},"properties":{"key":"way:1249436761@overview:112_22","osmType":"way","osmId":1249436761,"sourceRegion":"guangdong","featureType":"infrastructure","railClass":"highspeed","mode":"rail","name":"广湛高速线","nameEn":"Guangzhou-Zhanjiang Railway","usage":"main","highspeed":"yes","tunnel":"yes","status":"operational","color":"#E54848","dataOrigin":"datum-2026-08-01","sourceKey":"way:1249436761"}},{"type":"Feature","geometry":{"type":"LineString","coordinates":[[112.115418,22.474761],[112.1142934,22.4729974]]},"properties":{"key":"way:1249436762@overview:112_22","osmType":"way","osmId":1249436762,"sourceRegion":"guangdong","featureType":"infrastructure","railClass":"highspeed","mode":"rail","name":"广湛高速线","nameEn":"Guangzhou-Zhanjiang Railway","usage":"main","highspeed":"yes","bridge":"yes","status":"operational","color":"#E54848","dataOrigin":"datum-2026-08-01","sourceKey":"way:1249436762"}},{"type":"Feature","geometry":{"type":"LineString","coordinates":[[112.1142934,22.4729974],[112.1134023,22.4715355]]},"properties":{"key":"way:1249436763@overview:112_22","osmType":"way","osmId":1249436763,"sourceRegion":"guangdong","featureType":"infrastructure","railClass":"highspeed","mode":"rail","name":"广湛高速线","nameEn":"Guangzhou-Zhanjiang Railway","usage":"main","highspeed":"yes","status":"operational","color":"#E54848","dataOrigin":"datum-2026-08-01","sourceKey":"way:1249436763"}},{"type":"Feature","geometry":{"type":"LineString","coordinates":[[112.1134023,22.4715355],[112.111742,22.4686258]]},"properties":{"key":"way:1249436764@overview:112_22","osmType":"way","osmId":1249436764,"sourceRegion":"guangdong","featureType":"infrastructure","railClass":"highspeed","mode":"rail","name":"广湛高速线","nameEn":"Guangzhou-Zhanjiang Railway","usage":"main","highspeed":"yes","bridge":"yes","status":"operational","color":"#E54848","dataOrigin":"datum-2026-08-01","sourceKey":"way:1249436764"}},{"type":"Feature","geometry":{"type":"LineString","coordinates":[[112.1048046,22.4569663],[112.1043166,22.4562913]]},"properties":{"key":"way:1249436765@overview:112_22","osmType":"way","osmId":1249436765,"sourceRegion":"guangdong","featureType":"infrastructure","railClass":"highspeed","mode":"rail","name":"广湛高速线","nameEn":"Guangzhou-Zhanjiang Railway","usage":"main","highspeed":"yes","status":"operational","color":"#E54848","dataOrigin":"datum-2026-08-01","sourceKey":"way:1249436765"}},{"type":"Feature","geometry":{"type":"LineString","coordinates":[[112.3853927,22.9400965],[112.398402,22.9501314]]},"properties":{"key":"way:1278544188@overview:112_22","osmType":"way","osmId":1278544188,"sourceRegion":"guangdong","featureType":"infrastructure","railClass":"national","mode":"rail","name":"广茂线","nameEn":"Guangmao Line","ref":"0708","operator":"中国铁路广州局集团有限公司","usage":"main","status":"operational","color":"#E54848","dataOrigin":"datum-2026-08-01","sourceKey":"way:1278544188"}},{"type":"Feature","geometry":{"type":"LineString","coordinates":[[112.398402,22.9501314],[112.3984531,22.950176]]},"properties":{"key":"way:1278544189@overview:112_22","osmType":"way","osmId":1278544189,"sourceRegion":"guangdong","featureType":"infrastructure","railClass":"national","mode":"rail","name":"广茂线","nameEn":"Guangmao Line","ref":"0708","operator":"中国铁路广州局集团有限公司","usage":"main","bridge":"yes","status":"operational","color":"#E54848","dataOrigin":"datum-2026-08-01","sourceKey":"way:1278544189"}},{"type":"Feature","geometry":{"type":"LineString","coordinates":[[112.0303507,22.9736492],[112.0250619,22.9673646]]},"properties":{"key":"way:1283687106@overview:112_22","osmType":"way","osmId":1283687106,"sourceRegion":"guangdong","featureType":"infrastructure","railClass":"national","mode":"rail","name":"云浮支线","nameEn":"Yunfu Branch Railway","ref":"0709","usage":"branch","status":"operational","color":"#E54848","dataOrigin":"datum-2026-08-01","sourceKey":"way:1283687106"}},{"type":"Feature","geometry":{"type":"LineString","coordinates":[[112.030558,22.9739183],[112.0303507,22.9736492]]},"properties":{"key":"way:1283687107@overview:112_22","osmType":"way","osmId":1283687107,"sourceRegion":"guangdong","featureType":"infrastructure","railClass":"national","mode":"rail","name":"云浮支线","nameEn":"Yunfu Branch Railway","ref":"0709","usage":"branch","bridge":"yes","status":"operational","color":"#E54848","dataOrigin":"datum-2026-08-01","sourceKey":"way:1283687107"}},{"type":"Feature","geometry":{"type":"LineString","coordinates":[[112.0506626,22.9616526],[112.0478612,22.9617998]]},"properties":{"key":"way:1283687108@overview:112_22","osmType":"way","osmId":1283687108,"sourceRegion":"guangdong","featureType":"infrastructure","railClass":"national","mode":"rail","name":"云浮支线","nameEn":"Yunfu Branch Railway","ref":"0709","usage":"branch","status":"operational","color":"#E54848","dataOrigin":"datum-2026-08-01","sourceKey":"way:1283687108"}},{"type":"Feature","geometry":{"type":"LineString","coordinates":[[112.0478612,22.9617998],[112.0477515,22.9618342]]},"properties":{"key":"way:1283687109@overview:112_22","osmType":"way","osmId":1283687109,"sourceRegion":"guangdong","featureType":"infrastructure","railClass":"national","mode":"rail","name":"云浮支线","nameEn":"Yunfu Branch Railway","ref":"0709","usage":"branch","bridge":"yes","status":"operational","color":"#E54848","dataOrigin":"datum-2026-08-01","sourceKey":"way:1283687109"}},{"type":"Feature","geometry":{"type":"LineString","coordinates":[[112.226988,22.786276],[112.230078,22.795021],[112.2279392,22.8133439]]},"properties":{"key":"way:1313798564@overview:112_22","osmType":"way","osmId":1313798564,"sourceRegion":"guangdong","featureType":"infrastructure","railClass":"national","mode":"rail","name":"广茂线","nameEn":"Guangmao Line","ref":"0708","operator":"中国铁路广州局集团有限公司","usage":"main","status":"operational","color":"#E54848","dataOrigin":"datum-2026-08-01","sourceKey":"way:1313798564"}},{"type":"Feature","geometry":{"type":"LineString","coordinates":[[112.2279392,22.8133439],[112.2279252,22.8134514]]},"properties":{"key":"way:1313798565@overview:112_22","osmType":"way","osmId":1313798565,"sourceRegion":"guangdong","featureType":"infrastructure","railClass":"national","mode":"rail","name":"广茂线","nameEn":"Guangmao Line","ref":"0708","operator":"中国铁路广州局集团有限公司","usage":"main","bridge":"yes","status":"operational","color":"#E54848","dataOrigin":"datum-2026-08-01","sourceKey":"way:1313798565"}},{"type":"Feature","geometry":{"type":"LineString","coordinates":[[112.3772011,22.9311211],[112.379086,22.936348],[112.3850919,22.9399337]]},"properties":{"key":"way:1316383669@overview:112_22","osmType":"way","osmId":1316383669,"sourceRegion":"guangdong","featureType":"infrastructure","railClass":"national","mode":"rail","name":"广茂线","nameEn":"Guangmao Line","ref":"0708","operator":"中国铁路广州局集团有限公司","usage":"main","status":"operational","color":"#E54848","dataOrigin":"datum-2026-08-01","sourceKey":"way:1316383669"}},{"type":"Feature","geometry":{"type":"LineString","coordinates":[[112.3763966,22.9299225],[112.3772011,22.9311211]]},"properties":{"key":"way:1316383670@overview:112_22","osmType":"way","osmId":1316383670,"sourceRegion":"guangdong","featureType":"infrastructure","railClass":"national","mode":"rail","name":"广茂线","nameEn":"Guangmao Line","ref":"0708","operator":"中国铁路广州局集团有限公司","usage":"main","tunnel":"yes","status":"operational","color":"#E54848","dataOrigin":"datum-2026-08-01","sourceKey":"way:1316383670"}},{"type":"Feature","geometry":{"type":"LineString","coordinates":[[112.2284076,22.9150423],[112.1933711,22.9288158]]},"properties":{"key":"way:1324376846@overview:112_22","osmType":"way","osmId":1324376846,"sourceRegion":"guangdong","featureType":"infrastructure","railClass":"national","mode":"rail","name":"云浮支线","nameEn":"Yunfu Branch Railway","ref":"0709","usage":"branch","status":"operational","color":"#E54848","dataOrigin":"datum-2026-08-01","sourceKey":"way:1324376846"}},{"type":"Feature","geometry":{"type":"LineString","coordinates":[[112.1838573,22.9334299],[112.1837543,22.9334824]]},"properties":{"key":"way:1324376847@overview:112_22","osmType":"way","osmId":1324376847,"sourceRegion":"guangdong","featureType":"infrastructure","railClass":"national","mode":"rail","name":"云浮支线","nameEn":"Yunfu Branch Railway","ref":"0709","usage":"branch","bridge":"yes","status":"operational","color":"#E54848","dataOrigin":"datum-2026-08-01","sourceKey":"way:1324376847"}},{"type":"Feature","geometry":{"type":"LineString","coordinates":[[112.1930816,22.9288877],[112.1838573,22.9334299]]},"properties":{"key":"way:1324376882@overview:112_22","osmType":"way","osmId":1324376882,"sourceRegion":"guangdong","featureType":"infrastructure","railClass":"national","mode":"rail","name":"云浮支线","nameEn":"Yunfu Branch Railway","ref":"0709","usage":"branch","status":"operational","color":"#E54848","dataOrigin":"datum-2026-08-01","sourceKey":"way:1324376882"}},{"type":"Feature","geometry":{"type":"LineString","coordinates":[[112.1933711,22.9288158],[112.1930816,22.9288877]]},"properties":{"key":"way:1324376883@overview:112_22","osmType":"way","osmId":1324376883,"sourceRegion":"guangdong","featureType":"infrastructure","railClass":"national","mode":"rail","name":"云浮支线","nameEn":"Yunfu Branch Railway","ref":"0709","usage":"branch","bridge":"yes","status":"operational","color":"#E54848","dataOrigin":"datum-2026-08-01","sourceKey":"way:1324376883"}},{"type":"Feature","geometry":{"type":"LineString","coordinates":[[112.0373373,22.5805985],[112.039265,22.5821134]]},"properties":{"key":"way:1327052934@overview:112_22","osmType":"way","osmId":1327052934,"sourceRegion":"guangdong","featureType":"infrastructure","railClass":"national","mode":"rail","name":"广茂线","nameEn":"Guangmao Line","ref":"0708","operator":"中国铁路广州局集团有限公司","usage":"main","status":"operational","color":"#E54848","dataOrigin":"datum-2026-08-01","sourceKey":"way:1327052934"}},{"type":"Feature","geometry":{"type":"LineString","coordinates":[[112.039265,22.5821134],[112.0393758,22.5821662]]},"properties":{"key":"way:1327052935@overview:112_22","osmType":"way","osmId":1327052935,"sourceRegion":"guangdong","featureType":"infrastructure","railClass":"national","mode":"rail","name":"广茂线","nameEn":"Guangmao Line","ref":"0708","operator":"中国铁路广州局集团有限公司","usage":"main","bridge":"yes","status":"operational","color":"#E54848","dataOrigin":"datum-2026-08-01","sourceKey":"way:1327052935"}},{"type":"Feature","geometry":{"type":"LineString","coordinates":[[112.0393758,22.5821662],[112.0417583,22.5828042]]},"properties":{"key":"way:1327052938@overview:112_22","osmType":"way","osmId":1327052938,"sourceRegion":"guangdong","featureType":"infrastructure","railClass":"national","mode":"rail","name":"广茂线","nameEn":"Guangmao Line","ref":"0708","operator":"中国铁路广州局集团有限公司","usage":"main","status":"operational","color":"#E54848","dataOrigin":"datum-2026-08-01","sourceKey":"way:1327052938"}},{"type":"Feature","geometry":{"type":"LineString","coordinates":[[112.0417583,22.5828042],[112.0424782,22.582844]]},"properties":{"key":"way:1327052939@overview:112_22","osmType":"way","osmId":1327052939,"sourceRegion":"guangdong","featureType":"infrastructure","railClass":"national","mode":"rail","name":"广茂线","nameEn":"Guangmao Line","ref":"0708","operator":"中国铁路广州局集团有限公司","usage":"main","bridge":"yes","status":"operational","color":"#E54848","dataOrigin":"datum-2026-08-01","sourceKey":"way:1327052939"}},{"type":"Feature","geometry":{"type":"LineString","coordinates":[[112.0424782,22.582844],[112.043438,22.5828969]]},"properties":{"key":"way:1327052940@overview:112_22","osmType":"way","osmId":1327052940,"sourceRegion":"guangdong","featureType":"infrastructure","railClass":"national","mode":"rail","name":"广茂线","nameEn":"Guangmao Line","ref":"0708","operator":"中国铁路广州局集团有限公司","usage":"main","status":"operational","color":"#E54848","dataOrigin":"datum-2026-08-01","sourceKey":"way:1327052940"}},{"type":"Feature","geometry":{"type":"LineString","coordinates":[[112.043438,22.5828969],[112.0438212,22.5829204]]},"properties":{"key":"way:1327052941@overview:112_22","osmType":"way","osmId":1327052941,"sourceRegion":"guangdong","featureType":"infrastructure","railClass":"national","mode":"rail","name":"广茂线","nameEn":"Guangmao Line","ref":"0708","operator":"中国铁路广州局集团有限公司","usage":"main","bridge":"yes","status":"operational","color":"#E54848","dataOrigin":"datum-2026-08-01","sourceKey":"way:1327052941"}},{"type":"Feature","geometry":{"type":"LineString","coordinates":[[112.9435608,22.4198915],[112.9429308,22.4191799]]},"properties":{"key":"way:1337008099@overview:112_22","osmType":"way","osmId":1337008099,"sourceRegion":"guangdong","featureType":"infrastructure","railClass":"highspeed","mode":"rail","name":"深湛线","nameEn":"Shenzhen-Zhanjiang Railway","ref":"3071","operator":"中国铁路广州局集团有限公司","usage":"main","highspeed":"yes","status":"operational","color":"#E54848","dataOrigin":"datum-2026-08-01","sourceKey":"way:1337008099"}},{"type":"Feature","geometry":{"type":"LineString","coordinates":[[112.9436686,22.4200133],[112.9435608,22.4198915]]},"properties":{"key":"way:1337008100@overview:112_22","osmType":"way","osmId":1337008100,"sourceRegion":"guangdong","featureType":"infrastructure","railClass":"highspeed","mode":"rail","name":"深湛线","nameEn":"Shenzhen-Zhanjiang Railway","ref":"3071","operator":"中国铁路广州局集团有限公司","usage":"main","highspeed":"yes","bridge":"yes","status":"operational","color":"#E54848","dataOrigin":"datum-2026-08-01","sourceKey":"way:1337008100"}},{"type":"Feature","geometry":{"type":"LineString","coordinates":[[112.9437086,22.4199883],[112.9436393,22.41991]]},"properties":{"key":"way:1337008101@overview:112_22","osmType":"way","osmId":1337008101,"sourceRegion":"guangdong","featureType":"infrastructure","railClass":"highspeed","mode":"rail","name":"深湛线","nameEn":"Shenzhen-Zhanjiang Railway","ref":"3071","operator":"中国铁路广州局集团有限公司","usage":"main","highspeed":"yes","bridge":"yes","status":"operational","color":"#E54848","dataOrigin":"datum-2026-08-01","sourceKey":"way:1337008101"}},{"type":"Feature","geometry":{"type":"LineString","coordinates":[[112.4595269,22.7707727],[112.4617761,22.7716853]]},"properties":{"key":"way:1341241422@overview:112_22","osmType":"way","osmId":1341241422,"sourceRegion":"guangdong","featureType":"infrastructure","railClass":"highspeed","mode":"rail","name":"广湛高速线","nameEn":"Guangzhou-Zhanjiang Railway","usage":"main","highspeed":"yes","status":"operational","color":"#E54848","dataOrigin":"datum-2026-08-01","sourceKey":"way:1341241422"}},{"type":"Feature","geometry":{"type":"LineString","coordinates":[[112.477578,22.7771422],[112.4814489,22.7782172]]},"properties":{"key":"way:1341241423@overview:112_22","osmType":"way","osmId":1341241423,"sourceRegion":"guangdong","featureType":"infrastructure","railClass":"highspeed","mode":"rail","name":"广湛高速线","nameEn":"Guangzhou-Zhanjiang Railway","usage":"main","highspeed":"yes","tunnel":"yes","status":"operational","color":"#E54848","dataOrigin":"datum-2026-08-01","sourceKey":"way:1341241423"}},{"type":"Feature","geometry":{"type":"LineString","coordinates":[[112.4286242,22.7575956],[112.4409693,22.7632055]]},"properties":{"key":"way:1341241425@overview:112_22","osmType":"way","osmId":1341241425,"sourceRegion":"guangdong","featureType":"infrastructure","railClass":"highspeed","mode":"rail","name":"广湛高速线","nameEn":"Guangzhou-Zhanjiang Railway","usage":"main","highspeed":"yes","tunnel":"yes","status":"operational","color":"#E54848","dataOrigin":"datum-2026-08-01","sourceKey":"way:1341241425"}},{"type":"Feature","geometry":{"type":"LineString","coordinates":[[112.4475245,22.8296641],[112.4572468,22.826058]]},"properties":{"key":"way:1356123882@overview:112_22","osmType":"way","osmId":1356123882,"sourceRegion":"guangdong","featureType":"infrastructure","railClass":"construction","mode":"construction","name":"南珠高速线","nameEn":"Nanning-Zhuhai Highspeed Railway","usage":"main","highspeed":"yes","status":"construction","color":"#397F9D","dataOrigin":"datum-2026-08-01","sourceKey":"way:1356123882"}},{"type":"Feature","geometry":{"type":"LineString","coordinates":[[112.446502,22.8301209],[112.433231,22.8372388]]},"properties":{"key":"way:1356123887@overview:112_22","osmType":"way","osmId":1356123887,"sourceRegion":"guangdong","featureType":"infrastructure","railClass":"construction","mode":"construction","name":"南珠高速线","nameEn":"Nanning-Zhuhai Highspeed Railway","usage":"main","highspeed":"yes","status":"construction","color":"#397F9D","dataOrigin":"datum-2026-08-01","sourceKey":"way:1356123887"}},{"type":"Feature","geometry":{"type":"LineString","coordinates":[[112.4028483,22.8568045],[112.4092698,22.8535914]]},"properties":{"key":"way:1356123893@overview:112_22","osmType":"way","osmId":1356123893,"sourceRegion":"guangdong","featureType":"infrastructure","railClass":"construction","mode":"construction","name":"南珠高速线","nameEn":"Nanning-Zhuhai Highspeed Railway","usage":"main","highspeed":"yes","status":"construction","color":"#397F9D","dataOrigin":"datum-2026-08-01","sourceKey":"way:1356123893"}},{"type":"Feature","geometry":{"type":"LineString","coordinates":[[112.433231,22.8372388],[112.4092698,22.8535914]]},"properties":{"key":"way:1356123894@overview:112_22","osmType":"way","osmId":1356123894,"sourceRegion":"guangdong","featureType":"infrastructure","railClass":"construction","mode":"construction","name":"南珠高速线","nameEn":"Nanning-Zhuhai Highspeed Railway","usage":"main","highspeed":"yes","status":"construction","color":"#397F9D","dataOrigin":"datum-2026-08-01","sourceKey":"way:1356123894"}},{"type":"Feature","geometry":{"type":"LineString","coordinates":[[112.3681068,22.8767772],[112.3642596,22.8789178]]},"properties":{"key":"way:1356123895@overview:112_22","osmType":"way","osmId":1356123895,"sourceRegion":"guangdong","featureType":"infrastructure","railClass":"construction","mode":"construction","name":"南珠高速线","nameEn":"Nanning-Zhuhai Highspeed Railway","usage":"main","highspeed":"yes","status":"construction","color":"#397F9D","dataOrigin":"datum-2026-08-01","sourceKey":"way:1356123895"}},{"type":"Feature","geometry":{"type":"LineString","coordinates":[[112.4572468,22.826058],[112.4925564,22.8182451]]},"properties":{"key":"way:1356123897@overview:112_22","osmType":"way","osmId":1356123897,"sourceRegion":"guangdong","featureType":"infrastructure","railClass":"construction","mode":"construction","name":"南珠高速线","nameEn":"Nanning-Zhuhai Highspeed Railway","usage":"main","highspeed":"yes","status":"construction","color":"#397F9D","dataOrigin":"datum-2026-08-01","sourceKey":"way:1356123897"}},{"type":"Feature","geometry":{"type":"LineString","coordinates":[[112.3302587,22.8971429],[112.3572482,22.8820312]]},"properties":{"key":"way:1356123901@overview:112_22","osmType":"way","osmId":1356123901,"sourceRegion":"guangdong","featureType":"infrastructure","railClass":"construction","mode":"construction","name":"南珠高速线","nameEn":"Nanning-Zhuhai Highspeed Railway","usage":"main","highspeed":"yes","status":"construction","color":"#397F9D","dataOrigin":"datum-2026-08-01","sourceKey":"way:1356123901"}},{"type":"Feature","geometry":{"type":"LineString","coordinates":[[112.3180378,22.9043151],[112.3155899,22.9055898]]},"properties":{"key":"way:1356123913@overview:112_22","osmType":"way","osmId":1356123913,"sourceRegion":"guangdong","featureType":"infrastructure","railClass":"construction","mode":"construction","name":"南珠高速线","nameEn":"Nanning-Zhuhai Highspeed Railway","usage":"main","highspeed":"yes","status":"construction","color":"#397F9D","dataOrigin":"datum-2026-08-01","sourceKey":"way:1356123913"}},{"type":"Feature","geometry":{"type":"LineString","coordinates":[[112.3681068,22.8767772],[112.3716035,22.8747985]]},"properties":{"key":"way:1356123914@overview:112_22","osmType":"way","osmId":1356123914,"sourceRegion":"guangdong","featureType":"infrastructure","railClass":"construction","mode":"construction","name":"南珠高速线","nameEn":"Nanning-Zhuhai Highspeed Railway","usage":"main","highspeed":"yes","status":"construction","color":"#397F9D","dataOrigin":"datum-2026-08-01","sourceKey":"way:1356123914"}},{"type":"Feature","geometry":{"type":"LineString","coordinates":[[112.2612073,22.9224601],[112.258585,22.9236406]]},"properties":{"key":"way:1360346833@overview:112_22","osmType":"way","osmId":1360346833,"sourceRegion":"guangdong","featureType":"infrastructure","railClass":"construction","mode":"construction","name":"南珠高速线","nameEn":"Nanning-Zhuhai Highspeed Railway","usage":"main","highspeed":"yes","status":"construction","color":"#397F9D","dataOrigin":"datum-2026-08-01","sourceKey":"way:1360346833"}},{"type":"Feature","geometry":{"type":"LineString","coordinates":[[112.3155899,22.9055898],[112.2612073,22.9224601]]},"properties":{"key":"way:1360346834@overview:112_22","osmType":"way","osmId":1360346834,"sourceRegion":"guangdong","featureType":"infrastructure","railClass":"construction","mode":"construction","name":"南珠高速线","nameEn":"Nanning-Zhuhai Highspeed Railway","usage":"main","highspeed":"yes","status":"construction","color":"#397F9D","dataOrigin":"datum-2026-08-01","sourceKey":"way:1360346834"}},{"type":"Feature","geometry":{"type":"LineString","coordinates":[[112.258585,22.9236406],[112.2430299,22.9311728]]},"properties":{"key":"way:1360346835@overview:112_22","osmType":"way","osmId":1360346835,"sourceRegion":"guangdong","featureType":"infrastructure","railClass":"construction","mode":"construction","name":"南珠高速线","nameEn":"Nanning-Zhuhai Highspeed Railway","usage":"main","highspeed":"yes","status":"construction","color":"#397F9D","dataOrigin":"datum-2026-08-01","sourceKey":"way:1360346835"}},{"type":"Feature","geometry":{"type":"LineString","coordinates":[[112.2430299,22.9311728],[112.231728,22.9358691]]},"properties":{"key":"way:1360346837@overview:112_22","osmType":"way","osmId":1360346837,"sourceRegion":"guangdong","featureType":"infrastructure","railClass":"construction","mode":"construction","name":"南珠高速线","nameEn":"Nanning-Zhuhai Highspeed Railway","usage":"main","highspeed":"yes","status":"construction","color":"#397F9D","dataOrigin":"datum-2026-08-01","sourceKey":"way:1360346837"}},{"type":"Feature","geometry":{"type":"LineString","coordinates":[[112.231728,22.9358691],[112.1816415,22.9449695]]},"properties":{"key":"way:1360346847@overview:112_22","osmType":"way","osmId":1360346847,"sourceRegion":"guangdong","featureType":"infrastructure","railClass":"construction","mode":"construction","name":"南珠高速线","nameEn":"Nanning-Zhuhai Highspeed Railway","usage":"main","highspeed":"yes","status":"construction","color":"#397F9D","dataOrigin":"datum-2026-08-01","sourceKey":"way:1360346847"}},{"type":"Feature","geometry":{"type":"LineString","coordinates":[[112.1816415,22.9449695],[112.1216022,22.9391081],[112.0767925,22.9260485],[112.0109044,22.8761235]]},"properties":{"key":"way:1360346851@overview:112_22","osmType":"way","osmId":1360346851,"sourceRegion":"guangdong","featureType":"infrastructure","railClass":"construction","mode":"construction","name":"南珠高速线","nameEn":"Nanning-Zhuhai Highspeed Railway","usage":"main","highspeed":"yes","status":"construction","color":"#397F9D","dataOrigin":"datum-2026-08-01","sourceKey":"way:1360346851"}},{"type":"Feature","geometry":{"type":"LineString","coordinates":[[112.3642596,22.8789178],[112.3572482,22.8820312]]},"properties":{"key":"way:1372219428@overview:112_22","osmType":"way","osmId":1372219428,"sourceRegion":"guangdong","featureType":"infrastructure","railClass":"construction","mode":"construction","name":"南珠高速线","nameEn":"Nanning-Zhuhai Highspeed Railway","usage":"main","highspeed":"yes","status":"construction","color":"#397F9D","dataOrigin":"datum-2026-08-01","sourceKey":"way:1372219428"}},{"type":"Feature","geometry":{"type":"LineString","coordinates":[[112.3283945,22.1614084],[112.3199203,22.1593716]]},"properties":{"key":"way:1372403010@overview:112_22","osmType":"way","osmId":1372403010,"sourceRegion":"guangdong","featureType":"infrastructure","railClass":"highspeed","mode":"rail","name":"深湛线","nameEn":"Shenzhen-Zhanjiang Railway","ref":"3071","operator":"中国铁路广州局集团有限公司","usage":"main","highspeed":"yes","status":"operational","color":"#E54848","dataOrigin":"datum-2026-08-01","sourceKey":"way:1372403010"}},{"type":"Feature","geometry":{"type":"LineString","coordinates":[[112.3199203,22.1593716],[112.3196022,22.1592745]]},"properties":{"key":"way:1372403011@overview:112_22","osmType":"way","osmId":1372403011,"sourceRegion":"guangdong","featureType":"infrastructure","railClass":"highspeed","mode":"rail","name":"深湛线","nameEn":"Shenzhen-Zhanjiang Railway","ref":"3071","operator":"中国铁路广州局集团有限公司","usage":"main","highspeed":"yes","bridge":"yes","status":"operational","color":"#E54848","dataOrigin":"datum-2026-08-01","sourceKey":"way:1372403011"}},{"type":"Feature","geometry":{"type":"LineString","coordinates":[[112.328403,22.1613645],[112.3199322,22.1593403]]},"properties":{"key":"way:1372403012@overview:112_22","osmType":"way","osmId":1372403012,"sourceRegion":"guangdong","featureType":"infrastructure","railClass":"highspeed","mode":"rail","name":"深湛线","nameEn":"Shenzhen-Zhanjiang Railway","ref":"3071","operator":"中国铁路广州局集团有限公司","usage":"main","highspeed":"yes","status":"operational","color":"#E54848","dataOrigin":"datum-2026-08-01","sourceKey":"way:1372403012"}},{"type":"Feature","geometry":{"type":"LineString","coordinates":[[112.3199322,22.1593403],[112.3196103,22.1592438]]},"properties":{"key":"way:1372403013@overview:112_22","osmType":"way","osmId":1372403013,"sourceRegion":"guangdong","featureType":"infrastructure","railClass":"highspeed","mode":"rail","name":"深湛线","nameEn":"Shenzhen-Zhanjiang Railway","ref":"3071","operator":"中国铁路广州局集团有限公司","usage":"main","highspeed":"yes","bridge":"yes","status":"operational","color":"#E54848","dataOrigin":"datum-2026-08-01","sourceKey":"way:1372403013"}},{"type":"Feature","geometry":{"type":"LineString","coordinates":[[112.3180378,22.9043151],[112.3302587,22.8971429]]},"properties":{"key":"way:1376334143@overview:112_22","osmType":"way","osmId":1376334143,"sourceRegion":"guangdong","featureType":"infrastructure","railClass":"construction","mode":"construction","name":"南珠高速线","nameEn":"Nanning-Zhuhai Highspeed Railway","usage":"main","highspeed":"yes","status":"construction","color":"#397F9D","dataOrigin":"datum-2026-08-01","sourceKey":"way:1376334143"}},{"type":"Feature","geometry":{"type":"LineString","coordinates":[[112.3388205,22.9140797],[112.3541648,22.9203259]]},"properties":{"key":"way:1383085099@overview:112_22","osmType":"way","osmId":1383085099,"sourceRegion":"guangdong","featureType":"infrastructure","railClass":"national","mode":"rail","name":"广茂线","nameEn":"Guangmao Line","ref":"0708","operator":"中国铁路广州局集团有限公司","usage":"main","status":"operational","color":"#E54848","dataOrigin":"datum-2026-08-01","sourceKey":"way:1383085099"}},{"type":"Feature","geometry":{"type":"LineString","coordinates":[[112.3541648,22.9203259],[112.3581184,22.9215754]]},"properties":{"key":"way:1383085100@overview:112_22","osmType":"way","osmId":1383085100,"sourceRegion":"guangdong","featureType":"infrastructure","railClass":"national","mode":"rail","name":"广茂线","nameEn":"Guangmao Line","ref":"0708","operator":"中国铁路广州局集团有限公司","usage":"main","bridge":"yes","status":"operational","color":"#E54848","dataOrigin":"datum-2026-08-01","sourceKey":"way:1383085100"}},{"type":"Feature","geometry":{"type":"LineString","coordinates":[[112.4814489,22.7782172],[112.4928693,22.7816183]]},"properties":{"key":"way:1391311349@overview:112_22","osmType":"way","osmId":1391311349,"sourceRegion":"guangdong","featureType":"infrastructure","railClass":"highspeed","mode":"rail","name":"广湛高速线","nameEn":"Guangzhou-Zhanjiang Railway","usage":"main","highspeed":"yes","bridge":"yes","status":"operational","color":"#E54848","dataOrigin":"datum-2026-08-01","sourceKey":"way:1391311349"}},{"type":"Feature","geometry":{"type":"LineString","coordinates":[[112.4928693,22.7816183],[112.4955992,22.7824009]]},"properties":{"key":"way:1391311350@overview:112_22","osmType":"way","osmId":1391311350,"sourceRegion":"guangdong","featureType":"infrastructure","railClass":"highspeed","mode":"rail","name":"广湛高速线","nameEn":"Guangzhou-Zhanjiang Railway","usage":"main","highspeed":"yes","status":"operational","color":"#E54848","dataOrigin":"datum-2026-08-01","sourceKey":"way:1391311350"}},{"type":"Feature","geometry":{"type":"LineString","coordinates":[[112.2451995,22.6526248],[112.2401071,22.6490206]]},"properties":{"key":"way:1425041157@overview:112_22","osmType":"way","osmId":1425041157,"sourceRegion":"guangdong","featureType":"infrastructure","railClass":"highspeed","mode":"rail","name":"广湛高速线","nameEn":"Guangzhou-Zhanjiang Railway","usage":"main","highspeed":"yes","bridge":"yes","status":"operational","color":"#E54848","dataOrigin":"datum-2026-08-01","sourceKey":"way:1425041157"}},{"type":"Feature","geometry":{"type":"LineString","coordinates":[[112.1775465,22.0049513],[112.17042021750626,22.0]]},"properties":{"key":"way:1426185893@overview:112_22","osmType":"way","osmId":1426185893,"sourceRegion":"guangdong","featureType":"infrastructure","railClass":"highspeed","mode":"rail","name":"深湛线","nameEn":"Shenzhen-Zhanjiang Railway","ref":"3071","operator":"中国铁路广州局集团有限公司","usage":"main","highspeed":"yes","status":"operational","color":"#E54848","dataOrigin":"datum-2026-08-01","sourceKey":"way:1426185893"}},{"type":"Feature","geometry":{"type":"LineString","coordinates":[[112.1775955,22.0049038],[112.17049016218856,22.0]]},"properties":{"key":"way:1426185894@overview:112_22","osmType":"way","osmId":1426185894,"sourceRegion":"guangdong","featureType":"infrastructure","railClass":"highspeed","mode":"rail","name":"深湛线","nameEn":"Shenzhen-Zhanjiang Railway","ref":"3071","operator":"中国铁路广州局集团有限公司","usage":"main","highspeed":"yes","status":"operational","color":"#E54848","dataOrigin":"datum-2026-08-01","sourceKey":"way:1426185894"}},{"type":"Feature","geometry":{"type":"LineString","coordinates":[[112.2564102,22.6590899],[112.2485723,22.6547474]]},"properties":{"key":"way:1431621767@overview:112_22","osmType":"way","osmId":1431621767,"sourceRegion":"guangdong","featureType":"infrastructure","railClass":"highspeed","mode":"rail","name":"广湛高速线","nameEn":"Guangzhou-Zhanjiang Railway","usage":"main","highspeed":"yes","bridge":"yes","status":"operational","color":"#E54848","dataOrigin":"datum-2026-08-01","sourceKey":"way:1431621767"}},{"type":"Feature","geometry":{"type":"LineString","coordinates":[[112.2616245,22.6619616],[112.2564102,22.6590899]]},"properties":{"key":"way:1431621768@overview:112_22","osmType":"way","osmId":1431621768,"sourceRegion":"guangdong","featureType":"infrastructure","railClass":"highspeed","mode":"rail","name":"广湛高速线","nameEn":"Guangzhou-Zhanjiang Railway","usage":"main","highspeed":"yes","status":"operational","color":"#E54848","dataOrigin":"datum-2026-08-01","sourceKey":"way:1431621768"}},{"type":"Feature","geometry":{"type":"LineString","coordinates":[[112.268479,22.6660441],[112.2616245,22.6619616]]},"properties":{"key":"way:1431621769@overview:112_22","osmType":"way","osmId":1431621769,"sourceRegion":"guangdong","featureType":"infrastructure","railClass":"highspeed","mode":"rail","name":"广湛高速线","nameEn":"Guangzhou-Zhanjiang Railway","usage":"main","highspeed":"yes","bridge":"yes","status":"operational","color":"#E54848","dataOrigin":"datum-2026-08-01","sourceKey":"way:1431621769"}},{"type":"Feature","geometry":{"type":"LineString","coordinates":[[112.2995438,22.6887308],[112.293329,22.6841747]]},"properties":{"key":"way:1431621770@overview:112_22","osmType":"way","osmId":1431621770,"sourceRegion":"guangdong","featureType":"infrastructure","railClass":"highspeed","mode":"rail","name":"广湛高速线","nameEn":"Guangzhou-Zhanjiang Railway","usage":"main","highspeed":"yes","bridge":"yes","status":"operational","color":"#E54848","dataOrigin":"datum-2026-08-01","sourceKey":"way:1431621770"}},{"type":"Feature","geometry":{"type":"LineString","coordinates":[[112.3037258,22.6917311],[112.3014889,22.6901566]]},"properties":{"key":"way:1431621771@overview:112_22","osmType":"way","osmId":1431621771,"sourceRegion":"guangdong","featureType":"infrastructure","railClass":"highspeed","mode":"rail","name":"广湛高速线","nameEn":"Guangzhou-Zhanjiang Railway","usage":"main","highspeed":"yes","tunnel":"yes","status":"operational","color":"#E54848","dataOrigin":"datum-2026-08-01","sourceKey":"way:1431621771"}},{"type":"Feature","geometry":{"type":"LineString","coordinates":[[112.3005164,22.6894437],[112.2995438,22.6887308]]},"properties":{"key":"way:1431621772@overview:112_22","osmType":"way","osmId":1431621772,"sourceRegion":"guangdong","featureType":"infrastructure","railClass":"highspeed","mode":"rail","name":"广湛高速线","nameEn":"Guangzhou-Zhanjiang Railway","usage":"main","highspeed":"yes","status":"operational","color":"#E54848","dataOrigin":"datum-2026-08-01","sourceKey":"way:1431621772"}},{"type":"Feature","geometry":{"type":"LineString","coordinates":[[112.3014889,22.6901566],[112.3005164,22.6894437]]},"properties":{"key":"way:1431621773@overview:112_22","osmType":"way","osmId":1431621773,"sourceRegion":"guangdong","featureType":"infrastructure","railClass":"highspeed","mode":"rail","name":"广湛高速线","nameEn":"Guangzhou-Zhanjiang Railway","usage":"main","highspeed":"yes","bridge":"yes","status":"operational","color":"#E54848","dataOrigin":"datum-2026-08-01","sourceKey":"way:1431621773"}},{"type":"Feature","geometry":{"type":"LineString","coordinates":[[112.3037258,22.6917311],[112.3135446,22.6979336]]},"properties":{"key":"way:1431621774@overview:112_22","osmType":"way","osmId":1431621774,"sourceRegion":"guangdong","featureType":"infrastructure","railClass":"highspeed","mode":"rail","name":"广湛高速线","nameEn":"Guangzhou-Zhanjiang Railway","usage":"main","highspeed":"yes","bridge":"yes","status":"operational","color":"#E54848","dataOrigin":"datum-2026-08-01","sourceKey":"way:1431621774"}},{"type":"Feature","geometry":{"type":"LineString","coordinates":[[112.3135446,22.6979336],[112.3143496,22.6983599]]},"properties":{"key":"way:1431621775@overview:112_22","osmType":"way","osmId":1431621775,"sourceRegion":"guangdong","featureType":"infrastructure","railClass":"highspeed","mode":"rail","name":"广湛高速线","nameEn":"Guangzhou-Zhanjiang Railway","usage":"main","highspeed":"yes","status":"operational","color":"#E54848","dataOrigin":"datum-2026-08-01","sourceKey":"way:1431621775"}},{"type":"Feature","geometry":{"type":"LineString","coordinates":[[112.3143496,22.6983599],[112.3180763,22.7003578]]},"properties":{"key":"way:1431621776@overview:112_22","osmType":"way","osmId":1431621776,"sourceRegion":"guangdong","featureType":"infrastructure","railClass":"highspeed","mode":"rail","name":"广湛高速线","nameEn":"Guangzhou-Zhanjiang Railway","usage":"main","highspeed":"yes","bridge":"yes","status":"operational","color":"#E54848","dataOrigin":"datum-2026-08-01","sourceKey":"way:1431621776"}},{"type":"Feature","geometry":{"type":"LineString","coordinates":[[112.3180763,22.7003578],[112.3191786,22.7009409]]},"properties":{"key":"way:1431621777@overview:112_22","osmType":"way","osmId":1431621777,"sourceRegion":"guangdong","featureType":"infrastructure","railClass":"highspeed","mode":"rail","name":"广湛高速线","nameEn":"Guangzhou-Zhanjiang Railway","usage":"main","highspeed":"yes","status":"operational","color":"#E54848","dataOrigin":"datum-2026-08-01","sourceKey":"way:1431621777"}},{"type":"Feature","geometry":{"type":"LineString","coordinates":[[112.3191786,22.7009409],[112.3206652,22.7017272]]},"properties":{"key":"way:1431621778@overview:112_22","osmType":"way","osmId":1431621778,"sourceRegion":"guangdong","featureType":"infrastructure","railClass":"highspeed","mode":"rail","name":"广湛高速线","nameEn":"Guangzhou-Zhanjiang Railway","usage":"main","highspeed":"yes","bridge":"yes","status":"operational","color":"#E54848","dataOrigin":"datum-2026-08-01","sourceKey":"way:1431621778"}},{"type":"Feature","geometry":{"type":"LineString","coordinates":[[112.3206652,22.7017272],[112.3217369,22.702294]]},"properties":{"key":"way:1431621779@overview:112_22","osmType":"way","osmId":1431621779,"sourceRegion":"guangdong","featureType":"infrastructure","railClass":"highspeed","mode":"rail","name":"广湛高速线","nameEn":"Guangzhou-Zhanjiang Railway","usage":"main","highspeed":"yes","status":"operational","color":"#E54848","dataOrigin":"datum-2026-08-01","sourceKey":"way:1431621779"}},{"type":"Feature","geometry":{"type":"LineString","coordinates":[[112.3228086,22.7028609],[112.3236098,22.7032847]]},"properties":{"key":"way:1431621780@overview:112_22","osmType":"way","osmId":1431621780,"sourceRegion":"guangdong","featureType":"infrastructure","railClass":"highspeed","mode":"rail","name":"广湛高速线","nameEn":"Guangzhou-Zhanjiang Railway","usage":"main","highspeed":"yes","status":"operational","color":"#E54848","dataOrigin":"datum-2026-08-01","sourceKey":"way:1431621780"}},{"type":"Feature","geometry":{"type":"LineString","coordinates":[[112.3217369,22.702294],[112.3228086,22.7028609]]},"properties":{"key":"way:1431621781@overview:112_22","osmType":"way","osmId":1431621781,"sourceRegion":"guangdong","featureType":"infrastructure","railClass":"highspeed","mode":"rail","name":"广湛高速线","nameEn":"Guangzhou-Zhanjiang Railway","usage":"main","highspeed":"yes","bridge":"yes","status":"operational","color":"#E54848","dataOrigin":"datum-2026-08-01","sourceKey":"way:1431621781"}},{"type":"Feature","geometry":{"type":"LineString","coordinates":[[112.3236098,22.7032847],[112.3247783,22.7039027]]},"properties":{"key":"way:1431621782@overview:112_22","osmType":"way","osmId":1431621782,"sourceRegion":"guangdong","featureType":"infrastructure","railClass":"highspeed","mode":"rail","name":"广湛高速线","nameEn":"Guangzhou-Zhanjiang Railway","usage":"main","highspeed":"yes","bridge":"yes","status":"operational","color":"#E54848","dataOrigin":"datum-2026-08-01","sourceKey":"way:1431621782"}},{"type":"Feature","geometry":{"type":"LineString","coordinates":[[112.3247783,22.7039027],[112.3270008,22.7050782]]},"properties":{"key":"way:1431621783@overview:112_22","osmType":"way","osmId":1431621783,"sourceRegion":"guangdong","featureType":"infrastructure","railClass":"highspeed","mode":"rail","name":"广湛高速线","nameEn":"Guangzhou-Zhanjiang Railway","usage":"main","highspeed":"yes","status":"operational","color":"#E54848","dataOrigin":"datum-2026-08-01","sourceKey":"way:1431621783"}},{"type":"Feature","geometry":{"type":"LineString","coordinates":[[112.3270008,22.7050782],[112.3285074,22.705875]]},"properties":{"key":"way:1431621784@overview:112_22","osmType":"way","osmId":1431621784,"sourceRegion":"guangdong","featureType":"infrastructure","railClass":"highspeed","mode":"rail","name":"广湛高速线","nameEn":"Guangzhou-Zhanjiang Railway","usage":"main","highspeed":"yes","bridge":"yes","status":"operational","color":"#E54848","dataOrigin":"datum-2026-08-01","sourceKey":"way:1431621784"}},{"type":"Feature","geometry":{"type":"LineString","coordinates":[[112.3285074,22.705875],[112.3293863,22.7063399]]},"properties":{"key":"way:1431621785@overview:112_22","osmType":"way","osmId":1431621785,"sourceRegion":"guangdong","featureType":"infrastructure","railClass":"highspeed","mode":"rail","name":"广湛高速线","nameEn":"Guangzhou-Zhanjiang Railway","usage":"main","highspeed":"yes","status":"operational","color":"#E54848","dataOrigin":"datum-2026-08-01","sourceKey":"way:1431621785"}},{"type":"Feature","geometry":{"type":"LineString","coordinates":[[112.3293863,22.7063399],[112.3400004,22.7119536]]},"properties":{"key":"way:1431621786@overview:112_22","osmType":"way","osmId":1431621786,"sourceRegion":"guangdong","featureType":"infrastructure","railClass":"highspeed","mode":"rail","name":"广湛高速线","nameEn":"Guangzhou-Zhanjiang Railway","usage":"main","highspeed":"yes","bridge":"yes","status":"operational","color":"#E54848","dataOrigin":"datum-2026-08-01","sourceKey":"way:1431621786"}},{"type":"Feature","geometry":{"type":"LineString","coordinates":[[112.3400004,22.7119536],[112.340919,22.7124394]]},"properties":{"key":"way:1431621787@overview:112_22","osmType":"way","osmId":1431621787,"sourceRegion":"guangdong","featureType":"infrastructure","railClass":"highspeed","mode":"rail","name":"广湛高速线","nameEn":"Guangzhou-Zhanjiang Railway","usage":"main","highspeed":"yes","status":"operational","color":"#E54848","dataOrigin":"datum-2026-08-01","sourceKey":"way:1431621787"}},{"type":"Feature","geometry":{"type":"LineString","coordinates":[[112.340919,22.7124394],[112.3455371,22.7148818]]},"properties":{"key":"way:1431621788@overview:112_22","osmType":"way","osmId":1431621788,"sourceRegion":"guangdong","featureType":"infrastructure","railClass":"highspeed","mode":"rail","name":"广湛高速线","nameEn":"Guangzhou-Zhanjiang Railway","usage":"main","highspeed":"yes","bridge":"yes","status":"operational","color":"#E54848","dataOrigin":"datum-2026-08-01","sourceKey":"way:1431621788"}},{"type":"Feature","geometry":{"type":"LineString","coordinates":[[112.3455371,22.7148818],[112.3653743,22.7253161]]},"properties":{"key":"way:1431621789@overview:112_22","osmType":"way","osmId":1431621789,"sourceRegion":"guangdong","featureType":"infrastructure","railClass":"highspeed","mode":"rail","name":"广湛高速线","nameEn":"Guangzhou-Zhanjiang Railway","usage":"main","highspeed":"yes","bridge":"yes","status":"operational","color":"#E54848","dataOrigin":"datum-2026-08-01","sourceKey":"way:1431621789"}},{"type":"Feature","geometry":{"type":"LineString","coordinates":[[112.3653743,22.7253161],[112.3670127,22.7261998]]},"properties":{"key":"way:1431621790@overview:112_22","osmType":"way","osmId":1431621790,"sourceRegion":"guangdong","featureType":"infrastructure","railClass":"highspeed","mode":"rail","name":"广湛高速线","nameEn":"Guangzhou-Zhanjiang Railway","usage":"main","highspeed":"yes","status":"operational","color":"#E54848","dataOrigin":"datum-2026-08-01","sourceKey":"way:1431621790"}},{"type":"Feature","geometry":{"type":"LineString","coordinates":[[112.3670127,22.7261998],[112.3710462,22.7284476]]},"properties":{"key":"way:1431621791@overview:112_22","osmType":"way","osmId":1431621791,"sourceRegion":"guangdong","featureType":"infrastructure","railClass":"highspeed","mode":"rail","name":"广湛高速线","nameEn":"Guangzhou-Zhanjiang Railway","usage":"main","highspeed":"yes","bridge":"yes","status":"operational","color":"#E54848","dataOrigin":"datum-2026-08-01","sourceKey":"way:1431621791"}},{"type":"Feature","geometry":{"type":"LineString","coordinates":[[112.3720542,22.7290729],[112.3743076,22.7304873]]},"properties":{"key":"way:1431621792@overview:112_22","osmType":"way","osmId":1431621792,"sourceRegion":"guangdong","featureType":"infrastructure","railClass":"highspeed","mode":"rail","name":"广湛高速线","nameEn":"Guangzhou-Zhanjiang Railway","usage":"main","highspeed":"yes","bridge":"yes","status":"operational","color":"#E54848","dataOrigin":"datum-2026-08-01","sourceKey":"way:1431621792"}},{"type":"Feature","geometry":{"type":"LineString","coordinates":[[112.3710462,22.7284476],[112.3720542,22.7290729]]},"properties":{"key":"way:1431621793@overview:112_22","osmType":"way","osmId":1431621793,"sourceRegion":"guangdong","featureType":"infrastructure","railClass":"highspeed","mode":"rail","name":"广湛高速线","nameEn":"Guangzhou-Zhanjiang Railway","usage":"main","highspeed":"yes","status":"operational","color":"#E54848","dataOrigin":"datum-2026-08-01","sourceKey":"way:1431621793"}},{"type":"Feature","geometry":{"type":"LineString","coordinates":[[112.3743076,22.7304873],[112.3751699,22.7310359]]},"properties":{"key":"way:1431621794@overview:112_22","osmType":"way","osmId":1431621794,"sourceRegion":"guangdong","featureType":"infrastructure","railClass":"highspeed","mode":"rail","name":"广湛高速线","nameEn":"Guangzhou-Zhanjiang Railway","usage":"main","highspeed":"yes","status":"operational","color":"#E54848","dataOrigin":"datum-2026-08-01","sourceKey":"way:1431621794"}},{"type":"Feature","geometry":{"type":"LineString","coordinates":[[112.3751699,22.7310359],[112.3768502,22.7320805]]},"properties":{"key":"way:1431621795@overview:112_22","osmType":"way","osmId":1431621795,"sourceRegion":"guangdong","featureType":"infrastructure","railClass":"highspeed","mode":"rail","name":"广湛高速线","nameEn":"Guangzhou-Zhanjiang Railway","usage":"main","highspeed":"yes","bridge":"yes","status":"operational","color":"#E54848","dataOrigin":"datum-2026-08-01","sourceKey":"way:1431621795"}},{"type":"Feature","geometry":{"type":"LineString","coordinates":[[112.3768502,22.7320805],[112.38013,22.7340226]]},"properties":{"key":"way:1431621796@overview:112_22","osmType":"way","osmId":1431621796,"sourceRegion":"guangdong","featureType":"infrastructure","railClass":"highspeed","mode":"rail","name":"广湛高速线","nameEn":"Guangzhou-Zhanjiang Railway","usage":"main","highspeed":"yes","tunnel":"yes","status":"operational","color":"#E54848","dataOrigin":"datum-2026-08-01","sourceKey":"way:1431621796"}},{"type":"Feature","geometry":{"type":"LineString","coordinates":[[112.38013,22.7340226],[112.3859711,22.7373628]]},"properties":{"key":"way:1431621797@overview:112_22","osmType":"way","osmId":1431621797,"sourceRegion":"guangdong","featureType":"infrastructure","railClass":"highspeed","mode":"rail","name":"广湛高速线","nameEn":"Guangzhou-Zhanjiang Railway","usage":"main","highspeed":"yes","bridge":"yes","status":"operational","color":"#E54848","dataOrigin":"datum-2026-08-01","sourceKey":"way:1431621797"}},{"type":"Feature","geometry":{"type":"LineString","coordinates":[[112.3859711,22.7373628],[112.3983247,22.7426021]]},"properties":{"key":"way:1431621798@overview:112_22","osmType":"way","osmId":1431621798,"sourceRegion":"guangdong","featureType":"infrastructure","railClass":"highspeed","mode":"rail","name":"广湛高速线","nameEn":"Guangzhou-Zhanjiang Railway","usage":"main","highspeed":"yes","tunnel":"yes","status":"operational","color":"#E54848","dataOrigin":"datum-2026-08-01","sourceKey":"way:1431621798"}},{"type":"Feature","geometry":{"type":"LineString","coordinates":[[112.3983247,22.7426021],[112.4023954,22.7442401]]},"properties":{"key":"way:1431621799@overview:112_22","osmType":"way","osmId":1431621799,"sourceRegion":"guangdong","featureType":"infrastructure","railClass":"highspeed","mode":"rail","name":"广湛高速线","nameEn":"Guangzhou-Zhanjiang Railway","usage":"main","highspeed":"yes","bridge":"yes","status":"operational","color":"#E54848","dataOrigin":"datum-2026-08-01","sourceKey":"way:1431621799"}},{"type":"Feature","geometry":{"type":"LineString","coordinates":[[112.4038945,22.7448658],[112.4053186,22.7455051]]},"properties":{"key":"way:1431621800@overview:112_22","osmType":"way","osmId":1431621800,"sourceRegion":"guangdong","featureType":"infrastructure","railClass":"highspeed","mode":"rail","name":"广湛高速线","nameEn":"Guangzhou-Zhanjiang Railway","usage":"main","highspeed":"yes","bridge":"yes","status":"operational","color":"#E54848","dataOrigin":"datum-2026-08-01","sourceKey":"way:1431621800"}},{"type":"Feature","geometry":{"type":"LineString","coordinates":[[112.4023954,22.7442401],[112.4038945,22.7448658]]},"properties":{"key":"way:1431621801@overview:112_22","osmType":"way","osmId":1431621801,"sourceRegion":"guangdong","featureType":"infrastructure","railClass":"highspeed","mode":"rail","name":"广湛高速线","nameEn":"Guangzhou-Zhanjiang Railway","usage":"main","highspeed":"yes","status":"operational","color":"#E54848","dataOrigin":"datum-2026-08-01","sourceKey":"way:1431621801"}},{"type":"Feature","geometry":{"type":"LineString","coordinates":[[112.4276313,22.7570747],[112.4286242,22.7575956]]},"properties":{"key":"way:1431621802@overview:112_22","osmType":"way","osmId":1431621802,"sourceRegion":"guangdong","featureType":"infrastructure","railClass":"highspeed","mode":"rail","name":"广湛高速线","nameEn":"Guangzhou-Zhanjiang Railway","usage":"main","highspeed":"yes","bridge":"yes","status":"operational","color":"#E54848","dataOrigin":"datum-2026-08-01","sourceKey":"way:1431621802"}},{"type":"Feature","geometry":{"type":"LineString","coordinates":[[112.4053186,22.7455051],[112.4120062,22.7489266]]},"properties":{"key":"way:1431621803@overview:112_22","osmType":"way","osmId":1431621803,"sourceRegion":"guangdong","featureType":"infrastructure","railClass":"highspeed","mode":"rail","name":"广湛高速线","nameEn":"Guangzhou-Zhanjiang Railway","usage":"main","highspeed":"yes","tunnel":"yes","status":"operational","color":"#E54848","dataOrigin":"datum-2026-08-01","sourceKey":"way:1431621803"}},{"type":"Feature","geometry":{"type":"LineString","coordinates":[[112.4120062,22.7489266],[112.4127816,22.749331]]},"properties":{"key":"way:1431621804@overview:112_22","osmType":"way","osmId":1431621804,"sourceRegion":"guangdong","featureType":"infrastructure","railClass":"highspeed","mode":"rail","name":"广湛高速线","nameEn":"Guangzhou-Zhanjiang Railway","usage":"main","highspeed":"yes","bridge":"yes","status":"operational","color":"#E54848","dataOrigin":"datum-2026-08-01","sourceKey":"way:1431621804"}},{"type":"Feature","geometry":{"type":"LineString","coordinates":[[112.4127816,22.749331],[112.4152649,22.750626]]},"properties":{"key":"way:1431621805@overview:112_22","osmType":"way","osmId":1431621805,"sourceRegion":"guangdong","featureType":"infrastructure","railClass":"highspeed","mode":"rail","name":"广湛高速线","nameEn":"Guangzhou-Zhanjiang Railway","usage":"main","highspeed":"yes","tunnel":"yes","status":"operational","color":"#E54848","dataOrigin":"datum-2026-08-01","sourceKey":"way:1431621805"}},{"type":"Feature","geometry":{"type":"LineString","coordinates":[[112.4152649,22.750626],[112.4181458,22.7521283]]},"properties":{"key":"way:1431621806@overview:112_22","osmType":"way","osmId":1431621806,"sourceRegion":"guangdong","featureType":"infrastructure","railClass":"highspeed","mode":"rail","name":"广湛高速线","nameEn":"Guangzhou-Zhanjiang Railway","usage":"main","highspeed":"yes","bridge":"yes","status":"operational","color":"#E54848","dataOrigin":"datum-2026-08-01","sourceKey":"way:1431621806"}},{"type":"Feature","geometry":{"type":"LineString","coordinates":[[112.4181458,22.7521283],[112.4190423,22.7525958]]},"properties":{"key":"way:1431621807@overview:112_22","osmType":"way","osmId":1431621807,"sourceRegion":"guangdong","featureType":"infrastructure","railClass":"highspeed","mode":"rail","name":"广湛高速线","nameEn":"Guangzhou-Zhanjiang Railway","usage":"main","highspeed":"yes","status":"operational","color":"#E54848","dataOrigin":"datum-2026-08-01","sourceKey":"way:1431621807"}},{"type":"Feature","geometry":{"type":"LineString","coordinates":[[112.4237815,22.7550672],[112.4276313,22.7570747]]},"properties":{"key":"way:1431621808@overview:112_22","osmType":"way","osmId":1431621808,"sourceRegion":"guangdong","featureType":"infrastructure","railClass":"highspeed","mode":"rail","name":"广湛高速线","nameEn":"Guangzhou-Zhanjiang Railway","usage":"main","highspeed":"yes","tunnel":"yes","status":"operational","color":"#E54848","dataOrigin":"datum-2026-08-01","sourceKey":"way:1431621808"}},{"type":"Feature","geometry":{"type":"LineString","coordinates":[[112.4409693,22.7632055],[112.4423646,22.7638094]]},"properties":{"key":"way:1431621809@overview:112_22","osmType":"way","osmId":1431621809,"sourceRegion":"guangdong","featureType":"infrastructure","railClass":"highspeed","mode":"rail","name":"广湛高速线","nameEn":"Guangzhou-Zhanjiang Railway","usage":"main","highspeed":"yes","bridge":"yes","status":"operational","color":"#E54848","dataOrigin":"datum-2026-08-01","sourceKey":"way:1431621809"}},{"type":"Feature","geometry":{"type":"LineString","coordinates":[[112.4617761,22.7716853],[112.477578,22.7771422]]},"properties":{"key":"way:1431621810@overview:112_22","osmType":"way","osmId":1431621810,"sourceRegion":"guangdong","featureType":"infrastructure","railClass":"highspeed","mode":"rail","name":"广湛高速线","nameEn":"Guangzhou-Zhanjiang Railway","usage":"main","highspeed":"yes","bridge":"yes","status":"operational","color":"#E54848","dataOrigin":"datum-2026-08-01","sourceKey":"way:1431621810"}},{"type":"Feature","geometry":{"type":"LineString","coordinates":[[112.4423646,22.7638094],[112.4436125,22.7643157]]},"properties":{"key":"way:1431621811@overview:112_22","osmType":"way","osmId":1431621811,"sourceRegion":"guangdong","featureType":"infrastructure","railClass":"highspeed","mode":"rail","name":"广湛高速线","nameEn":"Guangzhou-Zhanjiang Railway","usage":"main","highspeed":"yes","status":"operational","color":"#E54848","dataOrigin":"datum-2026-08-01","sourceKey":"way:1431621811"}},{"type":"Feature","geometry":{"type":"LineString","coordinates":[[112.4436125,22.7643157],[112.4498303,22.7668385]]},"properties":{"key":"way:1431621812@overview:112_22","osmType":"way","osmId":1431621812,"sourceRegion":"guangdong","featureType":"infrastructure","railClass":"highspeed","mode":"rail","name":"广湛高速线","nameEn":"Guangzhou-Zhanjiang Railway","usage":"main","highspeed":"yes","bridge":"yes","status":"operational","color":"#E54848","dataOrigin":"datum-2026-08-01","sourceKey":"way:1431621812"}},{"type":"Feature","geometry":{"type":"LineString","coordinates":[[112.4498303,22.7668385],[112.4517607,22.7676217]]},"properties":{"key":"way:1431621813@overview:112_22","osmType":"way","osmId":1431621813,"sourceRegion":"guangdong","featureType":"infrastructure","railClass":"highspeed","mode":"rail","name":"广湛高速线","nameEn":"Guangzhou-Zhanjiang Railway","usage":"main","highspeed":"yes","status":"operational","color":"#E54848","dataOrigin":"datum-2026-08-01","sourceKey":"way:1431621813"}},{"type":"Feature","geometry":{"type":"LineString","coordinates":[[112.4517607,22.7676217],[112.4560314,22.7693545]]},"properties":{"key":"way:1431621814@overview:112_22","osmType":"way","osmId":1431621814,"sourceRegion":"guangdong","featureType":"infrastructure","railClass":"highspeed","mode":"rail","name":"广湛高速线","nameEn":"Guangzhou-Zhanjiang Railway","usage":"main","highspeed":"yes","bridge":"yes","status":"operational","color":"#E54848","dataOrigin":"datum-2026-08-01","sourceKey":"way:1431621814"}},{"type":"Feature","geometry":{"type":"LineString","coordinates":[[112.4560314,22.7693545],[112.457977,22.7701439]]},"properties":{"key":"way:1431621815@overview:112_22","osmType":"way","osmId":1431621815,"sourceRegion":"guangdong","featureType":"infrastructure","railClass":"highspeed","mode":"rail","name":"广湛高速线","nameEn":"Guangzhou-Zhanjiang Railway","usage":"main","highspeed":"yes","status":"operational","color":"#E54848","dataOrigin":"datum-2026-08-01","sourceKey":"way:1431621815"}},{"type":"Feature","geometry":{"type":"LineString","coordinates":[[112.457977,22.7701439],[112.4595269,22.7707727]]},"properties":{"key":"way:1431621816@overview:112_22","osmType":"way","osmId":1431621816,"sourceRegion":"guangdong","featureType":"infrastructure","railClass":"highspeed","mode":"rail","name":"广湛高速线","nameEn":"Guangzhou-Zhanjiang Railway","usage":"main","highspeed":"yes","bridge":"yes","status":"operational","color":"#E54848","dataOrigin":"datum-2026-08-01","sourceKey":"way:1431621816"}},{"type":"Feature","geometry":{"type":"LineString","coordinates":[[112.8143616,22.3027156],[112.8053277,22.3023364]]},"properties":{"key":"way:1433625057@overview:112_22","osmType":"way","osmId":1433625057,"sourceRegion":"guangdong","featureType":"infrastructure","railClass":"national","mode":"rail","name":"未命名","status":"operational","color":"#E54848","dataOrigin":"datum-2026-08-01","sourceKey":"way:1433625057"}},{"type":"Feature","geometry":{"type":"LineString","coordinates":[[112.8052836,22.3022901],[112.8167405,22.3027327]]},"properties":{"key":"way:1433625058@overview:112_22","osmType":"way","osmId":1433625058,"sourceRegion":"guangdong","featureType":"infrastructure","railClass":"national","mode":"rail","name":"未命名","status":"operational","color":"#E54848","dataOrigin":"datum-2026-08-01","sourceKey":"way:1433625058"}},{"type":"Feature","geometry":{"type":"LineString","coordinates":[[112.8077681,22.3031275],[112.8030843,22.3022395]]},"properties":{"key":"way:1433625061@overview:112_22","osmType":"way","osmId":1433625061,"sourceRegion":"guangdong","featureType":"infrastructure","railClass":"national","mode":"rail","name":"未命名","status":"operational","color":"#E54848","dataOrigin":"datum-2026-08-01","sourceKey":"way:1433625061"}},{"type":"Feature","geometry":{"type":"LineString","coordinates":[[112.4475245,22.8296641],[112.446502,22.8301209]]},"properties":{"key":"way:1442800403@overview:112_22","osmType":"way","osmId":1442800403,"sourceRegion":"guangdong","featureType":"infrastructure","railClass":"construction","mode":"construction","name":"南珠高速线","nameEn":"Nanning-Zhuhai Highspeed Railway","usage":"main","highspeed":"yes","status":"construction","color":"#397F9D","dataOrigin":"datum-2026-08-01","sourceKey":"way:1442800403"}},{"type":"Feature","geometry":{"type":"LineString","coordinates":[[112.4028483,22.8568045],[112.3716035,22.8747985]]},"properties":{"key":"way:1442800404@overview:112_22","osmType":"way","osmId":1442800404,"sourceRegion":"guangdong","featureType":"infrastructure","railClass":"construction","mode":"construction","name":"南珠高速线","nameEn":"Nanning-Zhuhai Highspeed Railway","usage":"main","highspeed":"yes","status":"construction","color":"#397F9D","dataOrigin":"datum-2026-08-01","sourceKey":"way:1442800404"}},{"type":"Feature","geometry":{"type":"LineString","coordinates":[[112.1189,22.7083599],[112.1260562,22.7094947]]},"properties":{"key":"way:1448154740@overview:112_22","osmType":"way","osmId":1448154740,"sourceRegion":"guangdong","featureType":"infrastructure","railClass":"national","mode":"rail","name":"广茂线","nameEn":"Guangmao Line","ref":"0708","operator":"中国铁路广州局集团有限公司","usage":"main","status":"operational","color":"#E54848","dataOrigin":"datum-2026-08-01","sourceKey":"way:1448154740"}},{"type":"Feature","geometry":{"type":"LineString","coordinates":[[112.1149807,22.7066981],[112.1189,22.7083599]]},"properties":{"key":"way:1448154741@overview:112_22","osmType":"way","osmId":1448154741,"sourceRegion":"guangdong","featureType":"infrastructure","railClass":"national","mode":"rail","name":"广茂线","nameEn":"Guangmao Line","ref":"0708","operator":"中国铁路广州局集团有限公司","usage":"main","tunnel":"yes","status":"operational","color":"#E54848","dataOrigin":"datum-2026-08-01","sourceKey":"way:1448154741"}},{"type":"Feature","geometry":{"type":"LineString","coordinates":[[112.0109044,22.8761235],[112.0,22.87182011419495]]},"properties":{"key":"way:1459494824@overview:112_22","osmType":"way","osmId":1459494824,"sourceRegion":"guangdong","featureType":"infrastructure","railClass":"construction","mode":"construction","name":"南珠高速线","nameEn":"Nanning-Zhuhai Highspeed Railway","usage":"main","highspeed":"yes","status":"construction","color":"#397F9D","dataOrigin":"datum-2026-08-01","sourceKey":"way:1459494824"}},{"type":"Feature","geometry":{"type":"LineString","coordinates":[[112.2308911,22.6424629],[112.227338,22.6399827]]},"properties":{"key":"way:1460436063@overview:112_22","osmType":"way","osmId":1460436063,"sourceRegion":"guangdong","featureType":"infrastructure","railClass":"highspeed","mode":"rail","name":"广湛高速线","nameEn":"Guangzhou-Zhanjiang Railway","usage":"main","highspeed":"yes","status":"operational","color":"#E54848","dataOrigin":"datum-2026-08-01","sourceKey":"way:1460436063"}},{"type":"Feature","geometry":{"type":"LineString","coordinates":[[112.2312278,22.6427027],[112.2308911,22.6424629]]},"properties":{"key":"way:1460436064@overview:112_22","osmType":"way","osmId":1460436064,"sourceRegion":"guangdong","featureType":"infrastructure","railClass":"highspeed","mode":"rail","name":"广湛高速线","nameEn":"Guangzhou-Zhanjiang Railway","usage":"main","highspeed":"yes","bridge":"yes","status":"operational","color":"#E54848","dataOrigin":"datum-2026-08-01","sourceKey":"way:1460436064"}},{"type":"Feature","geometry":{"type":"LineString","coordinates":[[112.0195667,22.3564456],[112.0,22.331840686236724]]},"properties":{"key":"way:1462282113@overview:112_22","osmType":"way","osmId":1462282113,"sourceRegion":"guangdong","featureType":"infrastructure","railClass":"highspeed","mode":"rail","name":"广湛高速线","nameEn":"Guangzhou-Zhanjiang Railway","usage":"main","highspeed":"yes","tunnel":"yes","status":"operational","color":"#E54848","dataOrigin":"datum-2026-08-01","sourceKey":"way:1462282113"}},{"type":"Feature","geometry":{"type":"LineString","coordinates":[[112.1288742,22.4913129],[112.1202558,22.4812114]]},"properties":{"key":"way:1462282114@overview:112_22","osmType":"way","osmId":1462282114,"sourceRegion":"guangdong","featureType":"infrastructure","railClass":"highspeed","mode":"rail","name":"广湛高速线","nameEn":"Guangzhou-Zhanjiang Railway","usage":"main","highspeed":"yes","tunnel":"yes","status":"operational","color":"#E54848","dataOrigin":"datum-2026-08-01","sourceKey":"way:1462282114"}},{"type":"Feature","geometry":{"type":"LineString","coordinates":[[112.1029708,22.4546443],[112.1027298,22.4543388]]},"properties":{"key":"way:1462282115@overview:112_22","osmType":"way","osmId":1462282115,"sourceRegion":"guangdong","featureType":"infrastructure","railClass":"highspeed","mode":"rail","name":"广湛高速线","nameEn":"Guangzhou-Zhanjiang Railway","usage":"main","highspeed":"yes","status":"operational","color":"#E54848","dataOrigin":"datum-2026-08-01","sourceKey":"way:1462282115"}},{"type":"Feature","geometry":{"type":"LineString","coordinates":[[112.1106803,22.4669022],[112.1071946,22.4608468]]},"properties":{"key":"way:1462282119@overview:112_22","osmType":"way","osmId":1462282119,"sourceRegion":"guangdong","featureType":"infrastructure","railClass":"highspeed","mode":"rail","name":"广湛高速线","nameEn":"Guangzhou-Zhanjiang Railway","usage":"main","highspeed":"yes","bridge":"yes","status":"operational","color":"#E54848","dataOrigin":"datum-2026-08-01","sourceKey":"way:1462282119"}},{"type":"Feature","geometry":{"type":"LineString","coordinates":[[112.1142475,22.4730219],[112.1133558,22.4715589]]},"properties":{"key":"way:1462282120@overview:112_22","osmType":"way","osmId":1462282120,"sourceRegion":"guangdong","featureType":"infrastructure","railClass":"highspeed","mode":"rail","name":"广湛高速线","nameEn":"Guangzhou-Zhanjiang Railway","usage":"main","highspeed":"yes","status":"operational","color":"#E54848","dataOrigin":"datum-2026-08-01","sourceKey":"way:1462282120"}},{"type":"Feature","geometry":{"type":"LineString","coordinates":[[112.1071946,22.4608468],[112.1066868,22.4599979]]},"properties":{"key":"way:1462282121@overview:112_22","osmType":"way","osmId":1462282121,"sourceRegion":"guangdong","featureType":"infrastructure","railClass":"highspeed","mode":"rail","name":"广湛高速线","nameEn":"Guangzhou-Zhanjiang Railway","usage":"main","highspeed":"yes","status":"operational","color":"#E54848","dataOrigin":"datum-2026-08-01","sourceKey":"way:1462282121"}},{"type":"Feature","geometry":{"type":"LineString","coordinates":[[112.0225527,22.3598211],[112.0195667,22.3564456]]},"properties":{"key":"way:1462282123@overview:112_22","osmType":"way","osmId":1462282123,"sourceRegion":"guangdong","featureType":"infrastructure","railClass":"highspeed","mode":"rail","name":"广湛高速线","nameEn":"Guangzhou-Zhanjiang Railway","usage":"main","highspeed":"yes","bridge":"yes","status":"operational","color":"#E54848","dataOrigin":"datum-2026-08-01","sourceKey":"way:1462282123"}},{"type":"Feature","geometry":{"type":"LineString","coordinates":[[112.1037156,22.4555979],[112.1029708,22.4546443]]},"properties":{"key":"way:1462282124@overview:112_22","osmType":"way","osmId":1462282124,"sourceRegion":"guangdong","featureType":"infrastructure","railClass":"highspeed","mode":"rail","name":"广湛高速线","nameEn":"Guangzhou-Zhanjiang Railway","usage":"main","highspeed":"yes","tunnel":"yes","status":"operational","color":"#E54848","dataOrigin":"datum-2026-08-01","sourceKey":"way:1462282124"}},{"type":"Feature","geometry":{"type":"LineString","coordinates":[[112.0662406,22.4062126],[112.0225527,22.3598211]]},"properties":{"key":"way:1462282125@overview:112_22","osmType":"way","osmId":1462282125,"sourceRegion":"guangdong","featureType":"infrastructure","railClass":"highspeed","mode":"rail","name":"广湛高速线","nameEn":"Guangzhou-Zhanjiang Railway","usage":"main","highspeed":"yes","tunnel":"yes","status":"operational","color":"#E54848","dataOrigin":"datum-2026-08-01","sourceKey":"way:1462282125"}},{"type":"Feature","geometry":{"type":"LineString","coordinates":[[112.134618,22.4998117],[112.1314874,22.4948033]]},"properties":{"key":"way:1462282127@overview:112_22","osmType":"way","osmId":1462282127,"sourceRegion":"guangdong","featureType":"infrastructure","railClass":"highspeed","mode":"rail","name":"广湛高速线","nameEn":"Guangzhou-Zhanjiang Railway","usage":"main","highspeed":"yes","bridge":"yes","status":"operational","color":"#E54848","dataOrigin":"datum-2026-08-01","sourceKey":"way:1462282127"}},{"type":"Feature","geometry":{"type":"LineString","coordinates":[[112.1202558,22.4812114],[112.1173368,22.4775732]]},"properties":{"key":"way:1462282130@overview:112_22","osmType":"way","osmId":1462282130,"sourceRegion":"guangdong","featureType":"infrastructure","railClass":"highspeed","mode":"rail","name":"广湛高速线","nameEn":"Guangzhou-Zhanjiang Railway","usage":"main","highspeed":"yes","bridge":"yes","status":"operational","color":"#E54848","dataOrigin":"datum-2026-08-01","sourceKey":"way:1462282130"}},{"type":"Feature","geometry":{"type":"LineString","coordinates":[[112.1003948,22.4511983],[112.0686405,22.4090117]]},"properties":{"key":"way:1462282131@overview:112_22","osmType":"way","osmId":1462282131,"sourceRegion":"guangdong","featureType":"infrastructure","railClass":"highspeed","mode":"rail","name":"广湛高速线","nameEn":"Guangzhou-Zhanjiang Railway","usage":"main","highspeed":"yes","tunnel":"yes","status":"operational","color":"#E54848","dataOrigin":"datum-2026-08-01","sourceKey":"way:1462282131"}},{"type":"Feature","geometry":{"type":"LineString","coordinates":[[112.1133558,22.4715589],[112.1116952,22.4686488]]},"properties":{"key":"way:1462282133@overview:112_22","osmType":"way","osmId":1462282133,"sourceRegion":"guangdong","featureType":"infrastructure","railClass":"highspeed","mode":"rail","name":"广湛高速线","nameEn":"Guangzhou-Zhanjiang Railway","usage":"main","highspeed":"yes","bridge":"yes","status":"operational","color":"#E54848","dataOrigin":"datum-2026-08-01","sourceKey":"way:1462282133"}},{"type":"Feature","geometry":{"type":"LineString","coordinates":[[112.1314874,22.4948033],[112.1288742,22.4913129]]},"properties":{"key":"way:1462282135@overview:112_22","osmType":"way","osmId":1462282135,"sourceRegion":"guangdong","featureType":"infrastructure","railClass":"highspeed","mode":"rail","name":"广湛高速线","nameEn":"Guangzhou-Zhanjiang Railway","usage":"main","highspeed":"yes","status":"operational","color":"#E54848","dataOrigin":"datum-2026-08-01","sourceKey":"way:1462282135"}},{"type":"Feature","geometry":{"type":"LineString","coordinates":[[112.1005966,22.4514718],[112.1003948,22.4511983]]},"properties":{"key":"way:1462282136@overview:112_22","osmType":"way","osmId":1462282136,"sourceRegion":"guangdong","featureType":"infrastructure","railClass":"highspeed","mode":"rail","name":"广湛高速线","nameEn":"Guangzhou-Zhanjiang Railway","usage":"main","highspeed":"yes","status":"operational","color":"#E54848","dataOrigin":"datum-2026-08-01","sourceKey":"way:1462282136"}},{"type":"Feature","geometry":{"type":"LineString","coordinates":[[112.1173368,22.4775732],[112.1153729,22.4747868]]},"properties":{"key":"way:1462282138@overview:112_22","osmType":"way","osmId":1462282138,"sourceRegion":"guangdong","featureType":"infrastructure","railClass":"highspeed","mode":"rail","name":"广湛高速线","nameEn":"Guangzhou-Zhanjiang Railway","usage":"main","highspeed":"yes","tunnel":"yes","status":"operational","color":"#E54848","dataOrigin":"datum-2026-08-01","sourceKey":"way:1462282138"}},{"type":"Feature","geometry":{"type":"LineString","coordinates":[[112.104273,22.4563191],[112.1037156,22.4555979]]},"properties":{"key":"way:1462282139@overview:112_22","osmType":"way","osmId":1462282139,"sourceRegion":"guangdong","featureType":"infrastructure","railClass":"highspeed","mode":"rail","name":"广湛高速线","nameEn":"Guangzhou-Zhanjiang Railway","usage":"main","highspeed":"yes","bridge":"yes","status":"operational","color":"#E54848","dataOrigin":"datum-2026-08-01","sourceKey":"way:1462282139"}},{"type":"Feature","geometry":{"type":"LineString","coordinates":[[112.1116952,22.4686488],[112.1106803,22.4669022]]},"properties":{"key":"way:1462282140@overview:112_22","osmType":"way","osmId":1462282140,"sourceRegion":"guangdong","featureType":"infrastructure","railClass":"highspeed","mode":"rail","name":"广湛高速线","nameEn":"Guangzhou-Zhanjiang Railway","usage":"main","highspeed":"yes","tunnel":"yes","status":"operational","color":"#E54848","dataOrigin":"datum-2026-08-01","sourceKey":"way:1462282140"}},{"type":"Feature","geometry":{"type":"LineString","coordinates":[[112.1047602,22.456993],[112.104273,22.4563191]]},"properties":{"key":"way:1462282141@overview:112_22","osmType":"way","osmId":1462282141,"sourceRegion":"guangdong","featureType":"infrastructure","railClass":"highspeed","mode":"rail","name":"广湛高速线","nameEn":"Guangzhou-Zhanjiang Railway","usage":"main","highspeed":"yes","status":"operational","color":"#E54848","dataOrigin":"datum-2026-08-01","sourceKey":"way:1462282141"}},{"type":"Feature","geometry":{"type":"LineString","coordinates":[[112.1027298,22.4543388],[112.1005966,22.4514718]]},"properties":{"key":"way:1462282143@overview:112_22","osmType":"way","osmId":1462282143,"sourceRegion":"guangdong","featureType":"infrastructure","railClass":"highspeed","mode":"rail","name":"广湛高速线","nameEn":"Guangzhou-Zhanjiang Railway","usage":"main","highspeed":"yes","tunnel":"yes","status":"operational","color":"#E54848","dataOrigin":"datum-2026-08-01","sourceKey":"way:1462282143"}},{"type":"Feature","geometry":{"type":"LineString","coordinates":[[112.0686405,22.4090117],[112.0662406,22.4062126]]},"properties":{"key":"way:1462282144@overview:112_22","osmType":"way","osmId":1462282144,"sourceRegion":"guangdong","featureType":"infrastructure","railClass":"highspeed","mode":"rail","name":"广湛高速线","nameEn":"Guangzhou-Zhanjiang Railway","usage":"main","highspeed":"yes","bridge":"yes","status":"operational","color":"#E54848","dataOrigin":"datum-2026-08-01","sourceKey":"way:1462282144"}},{"type":"Feature","geometry":{"type":"LineString","coordinates":[[112.1153729,22.4747868],[112.1142475,22.4730219]]},"properties":{"key":"way:1462282145@overview:112_22","osmType":"way","osmId":1462282145,"sourceRegion":"guangdong","featureType":"infrastructure","railClass":"highspeed","mode":"rail","name":"广湛高速线","nameEn":"Guangzhou-Zhanjiang Railway","usage":"main","highspeed":"yes","bridge":"yes","status":"operational","color":"#E54848","dataOrigin":"datum-2026-08-01","sourceKey":"way:1462282145"}},{"type":"Feature","geometry":{"type":"LineString","coordinates":[[112.1066868,22.4599979],[112.1047602,22.456993]]},"properties":{"key":"way:1462282146@overview:112_22","osmType":"way","osmId":1462282146,"sourceRegion":"guangdong","featureType":"infrastructure","railClass":"highspeed","mode":"rail","name":"广湛高速线","nameEn":"Guangzhou-Zhanjiang Railway","usage":"main","highspeed":"yes","bridge":"yes","status":"operational","color":"#E54848","dataOrigin":"datum-2026-08-01","sourceKey":"way:1462282146"}},{"type":"Feature","geometry":{"type":"LineString","coordinates":[[112.139518,22.5089885],[112.1381875,22.5063981]]},"properties":{"key":"way:1462282149@overview:112_22","osmType":"way","osmId":1462282149,"sourceRegion":"guangdong","featureType":"infrastructure","railClass":"highspeed","mode":"rail","name":"广湛高速线","nameEn":"Guangzhou-Zhanjiang Railway","usage":"main","highspeed":"yes","bridge":"yes","status":"operational","color":"#E54848","dataOrigin":"datum-2026-08-01","sourceKey":"way:1462282149"}},{"type":"Feature","geometry":{"type":"LineString","coordinates":[[112.2249685,22.6383285],[112.2136728,22.6293921]]},"properties":{"key":"way:1462282150@overview:112_22","osmType":"way","osmId":1462282150,"sourceRegion":"guangdong","featureType":"infrastructure","railClass":"highspeed","mode":"rail","name":"广湛高速线","nameEn":"Guangzhou-Zhanjiang Railway","usage":"main","highspeed":"yes","bridge":"yes","status":"operational","color":"#E54848","dataOrigin":"datum-2026-08-01","sourceKey":"way:1462282150"}},{"type":"Feature","geometry":{"type":"LineString","coordinates":[[112.2273056,22.6400215],[112.2249685,22.6383285]]},"properties":{"key":"way:1462282151@overview:112_22","osmType":"way","osmId":1462282151,"sourceRegion":"guangdong","featureType":"infrastructure","railClass":"highspeed","mode":"rail","name":"广湛高速线","nameEn":"Guangzhou-Zhanjiang Railway","usage":"main","highspeed":"yes","tunnel":"yes","status":"operational","color":"#E54848","dataOrigin":"datum-2026-08-01","sourceKey":"way:1462282151"}},{"type":"Feature","geometry":{"type":"LineString","coordinates":[[112.2121588,22.6280392],[112.2107845,22.6266639]]},"properties":{"key":"way:1462282152@overview:112_22","osmType":"way","osmId":1462282152,"sourceRegion":"guangdong","featureType":"infrastructure","railClass":"highspeed","mode":"rail","name":"广湛高速线","nameEn":"Guangzhou-Zhanjiang Railway","usage":"main","highspeed":"yes","status":"operational","color":"#E54848","dataOrigin":"datum-2026-08-01","sourceKey":"way:1462282152"}},{"type":"Feature","geometry":{"type":"LineString","coordinates":[[112.2615969,22.6620034],[112.2563833,22.659132]]},"properties":{"key":"way:1462282153@overview:112_22","osmType":"way","osmId":1462282153,"sourceRegion":"guangdong","featureType":"infrastructure","railClass":"highspeed","mode":"rail","name":"广湛高速线","nameEn":"Guangzhou-Zhanjiang Railway","usage":"main","highspeed":"yes","status":"operational","color":"#E54848","dataOrigin":"datum-2026-08-01","sourceKey":"way:1462282153"}},{"type":"Feature","geometry":{"type":"LineString","coordinates":[[112.1868296,22.5907609],[112.1859953,22.5891107]]},"properties":{"key":"way:1462282154@overview:112_22","osmType":"way","osmId":1462282154,"sourceRegion":"guangdong","featureType":"infrastructure","railClass":"highspeed","mode":"rail","name":"广湛高速线","nameEn":"Guangzhou-Zhanjiang Railway","usage":"main","highspeed":"yes","bridge":"yes","status":"operational","color":"#E54848","dataOrigin":"datum-2026-08-01","sourceKey":"way:1462282154"}},{"type":"Feature","geometry":{"type":"LineString","coordinates":[[112.2107845,22.6266639],[112.2086653,22.624415]]},"properties":{"key":"way:1462282155@overview:112_22","osmType":"way","osmId":1462282155,"sourceRegion":"guangdong","featureType":"infrastructure","railClass":"highspeed","mode":"rail","name":"广湛高速线","nameEn":"Guangzhou-Zhanjiang Railway","usage":"main","highspeed":"yes","bridge":"yes","status":"operational","color":"#E54848","dataOrigin":"datum-2026-08-01","sourceKey":"way:1462282155"}},{"type":"Feature","geometry":{"type":"LineString","coordinates":[[112.2086653,22.624415],[112.1978126,22.6094931]]},"properties":{"key":"way:1462282156@overview:112_22","osmType":"way","osmId":1462282156,"sourceRegion":"guangdong","featureType":"infrastructure","railClass":"highspeed","mode":"rail","name":"广湛高速线","nameEn":"Guangzhou-Zhanjiang Railway","usage":"main","highspeed":"yes","tunnel":"yes","status":"operational","color":"#E54848","dataOrigin":"datum-2026-08-01","sourceKey":"way:1462282156"}},{"type":"Feature","geometry":{"type":"LineString","coordinates":[[112.1959113,22.6063178],[112.1889169,22.5945785]]},"properties":{"key":"way:1462282157@overview:112_22","osmType":"way","osmId":1462282157,"sourceRegion":"guangdong","featureType":"infrastructure","railClass":"highspeed","mode":"rail","name":"广湛高速线","nameEn":"Guangzhou-Zhanjiang Railway","usage":"main","highspeed":"yes","bridge":"yes","status":"operational","color":"#E54848","dataOrigin":"datum-2026-08-01","sourceKey":"way:1462282157"}},{"type":"Feature","geometry":{"type":"LineString","coordinates":[[112.1978126,22.6094931],[112.1959113,22.6063178]]},"properties":{"key":"way:1462282158@overview:112_22","osmType":"way","osmId":1462282158,"sourceRegion":"guangdong","featureType":"infrastructure","railClass":"highspeed","mode":"rail","name":"广湛高速线","nameEn":"Guangzhou-Zhanjiang Railway","usage":"main","highspeed":"yes","status":"operational","color":"#E54848","dataOrigin":"datum-2026-08-01","sourceKey":"way:1462282158"}},{"type":"Feature","geometry":{"type":"LineString","coordinates":[[112.2684476,22.6660836],[112.2615969,22.6620034]]},"properties":{"key":"way:1462282159@overview:112_22","osmType":"way","osmId":1462282159,"sourceRegion":"guangdong","featureType":"infrastructure","railClass":"highspeed","mode":"rail","name":"广湛高速线","nameEn":"Guangzhou-Zhanjiang Railway","usage":"main","highspeed":"yes","bridge":"yes","status":"operational","color":"#E54848","dataOrigin":"datum-2026-08-01","sourceKey":"way:1462282159"}},{"type":"Feature","geometry":{"type":"LineString","coordinates":[[112.2311954,22.6427414],[112.2308589,22.6425018]]},"properties":{"key":"way:1462282160@overview:112_22","osmType":"way","osmId":1462282160,"sourceRegion":"guangdong","featureType":"infrastructure","railClass":"highspeed","mode":"rail","name":"广湛高速线","nameEn":"Guangzhou-Zhanjiang Railway","usage":"main","highspeed":"yes","bridge":"yes","status":"operational","color":"#E54848","dataOrigin":"datum-2026-08-01","sourceKey":"way:1462282160"}},{"type":"Feature","geometry":{"type":"LineString","coordinates":[[112.1859953,22.5891107],[112.1856602,22.5884479]]},"properties":{"key":"way:1462282161@overview:112_22","osmType":"way","osmId":1462282161,"sourceRegion":"guangdong","featureType":"infrastructure","railClass":"highspeed","mode":"rail","name":"广湛高速线","nameEn":"Guangzhou-Zhanjiang Railway","usage":"main","highspeed":"yes","status":"operational","color":"#E54848","dataOrigin":"datum-2026-08-01","sourceKey":"way:1462282161"}},{"type":"Feature","geometry":{"type":"LineString","coordinates":[[112.2136728,22.6293921],[112.2126599,22.6285042]]},"properties":{"key":"way:1462282162@overview:112_22","osmType":"way","osmId":1462282162,"sourceRegion":"guangdong","featureType":"infrastructure","railClass":"highspeed","mode":"rail","name":"广湛高速线","nameEn":"Guangzhou-Zhanjiang Railway","usage":"main","highspeed":"yes","status":"operational","color":"#E54848","dataOrigin":"datum-2026-08-01","sourceKey":"way:1462282162"}},{"type":"Feature","geometry":{"type":"LineString","coordinates":[[112.2400748,22.6490594],[112.2311954,22.6427414]]},"properties":{"key":"way:1462282163@overview:112_22","osmType":"way","osmId":1462282163,"sourceRegion":"guangdong","featureType":"infrastructure","railClass":"highspeed","mode":"rail","name":"广湛高速线","nameEn":"Guangzhou-Zhanjiang Railway","usage":"main","highspeed":"yes","status":"operational","color":"#E54848","dataOrigin":"datum-2026-08-01","sourceKey":"way:1462282163"}},{"type":"Feature","geometry":{"type":"LineString","coordinates":[[112.2308589,22.6425018],[112.2273056,22.6400215]]},"properties":{"key":"way:1462282164@overview:112_22","osmType":"way","osmId":1462282164,"sourceRegion":"guangdong","featureType":"infrastructure","railClass":"highspeed","mode":"rail","name":"广湛高速线","nameEn":"Guangzhou-Zhanjiang Railway","usage":"main","highspeed":"yes","status":"operational","color":"#E54848","dataOrigin":"datum-2026-08-01","sourceKey":"way:1462282164"}},{"type":"Feature","geometry":{"type":"LineString","coordinates":[[112.1856602,22.5884479],[112.1839521,22.5850698]]},"properties":{"key":"way:1462282165@overview:112_22","osmType":"way","osmId":1462282165,"sourceRegion":"guangdong","featureType":"infrastructure","railClass":"highspeed","mode":"rail","name":"广湛高速线","nameEn":"Guangzhou-Zhanjiang Railway","usage":"main","highspeed":"yes","bridge":"yes","status":"operational","color":"#E54848","dataOrigin":"datum-2026-08-01","sourceKey":"way:1462282165"}},{"type":"Feature","geometry":{"type":"LineString","coordinates":[[112.248544,22.6547888],[112.245168,22.6526641]]},"properties":{"key":"way:1462282166@overview:112_22","osmType":"way","osmId":1462282166,"sourceRegion":"guangdong","featureType":"infrastructure","railClass":"highspeed","mode":"rail","name":"广湛高速线","nameEn":"Guangzhou-Zhanjiang Railway","usage":"main","highspeed":"yes","tunnel":"yes","status":"operational","color":"#E54848","dataOrigin":"datum-2026-08-01","sourceKey":"way:1462282166"}},{"type":"Feature","geometry":{"type":"LineString","coordinates":[[112.2126599,22.6285042],[112.2121588,22.6280392]]},"properties":{"key":"way:1462282167@overview:112_22","osmType":"way","osmId":1462282167,"sourceRegion":"guangdong","featureType":"infrastructure","railClass":"highspeed","mode":"rail","name":"广湛高速线","nameEn":"Guangzhou-Zhanjiang Railway","usage":"main","highspeed":"yes","bridge":"yes","status":"operational","color":"#E54848","dataOrigin":"datum-2026-08-01","sourceKey":"way:1462282167"}},{"type":"Feature","geometry":{"type":"LineString","coordinates":[[112.2563833,22.659132],[112.248544,22.6547888]]},"properties":{"key":"way:1462282168@overview:112_22","osmType":"way","osmId":1462282168,"sourceRegion":"guangdong","featureType":"infrastructure","railClass":"highspeed","mode":"rail","name":"广湛高速线","nameEn":"Guangzhou-Zhanjiang Railway","usage":"main","highspeed":"yes","bridge":"yes","status":"operational","color":"#E54848","dataOrigin":"datum-2026-08-01","sourceKey":"way:1462282168"}},{"type":"Feature","geometry":{"type":"LineString","coordinates":[[112.1889169,22.5945785],[112.1868296,22.5907609]]},"properties":{"key":"way:1462282169@overview:112_22","osmType":"way","osmId":1462282169,"sourceRegion":"guangdong","featureType":"infrastructure","railClass":"highspeed","mode":"rail","name":"广湛高速线","nameEn":"Guangzhou-Zhanjiang Railway","usage":"main","highspeed":"yes","status":"operational","color":"#E54848","dataOrigin":"datum-2026-08-01","sourceKey":"way:1462282169"}},{"type":"Feature","geometry":{"type":"LineString","coordinates":[[112.245168,22.6526641],[112.2400748,22.6490594]]},"properties":{"key":"way:1462282170@overview:112_22","osmType":"way","osmId":1462282170,"sourceRegion":"guangdong","featureType":"infrastructure","railClass":"highspeed","mode":"rail","name":"广湛高速线","nameEn":"Guangzhou-Zhanjiang Railway","usage":"main","highspeed":"yes","bridge":"yes","status":"operational","color":"#E54848","dataOrigin":"datum-2026-08-01","sourceKey":"way:1462282170"}},{"type":"Feature","geometry":{"type":"LineString","coordinates":[[112.3135177,22.6979757],[112.3143231,22.6984022]]},"properties":{"key":"way:1462282171@overview:112_22","osmType":"way","osmId":1462282171,"sourceRegion":"guangdong","featureType":"infrastructure","railClass":"highspeed","mode":"rail","name":"广湛高速线","nameEn":"Guangzhou-Zhanjiang Railway","usage":"main","highspeed":"yes","status":"operational","color":"#E54848","dataOrigin":"datum-2026-08-01","sourceKey":"way:1462282171"}},{"type":"Feature","geometry":{"type":"LineString","coordinates":[[112.3206388,22.7017696],[112.3217105,22.7023364]]},"properties":{"key":"way:1462282172@overview:112_22","osmType":"way","osmId":1462282172,"sourceRegion":"guangdong","featureType":"infrastructure","railClass":"highspeed","mode":"rail","name":"广湛高速线","nameEn":"Guangzhou-Zhanjiang Railway","usage":"main","highspeed":"yes","status":"operational","color":"#E54848","dataOrigin":"datum-2026-08-01","sourceKey":"way:1462282172"}},{"type":"Feature","geometry":{"type":"LineString","coordinates":[[112.3004834,22.689482],[112.2995108,22.6887691]]},"properties":{"key":"way:1462282173@overview:112_22","osmType":"way","osmId":1462282173,"sourceRegion":"guangdong","featureType":"infrastructure","railClass":"highspeed","mode":"rail","name":"广湛高速线","nameEn":"Guangzhou-Zhanjiang Railway","usage":"main","highspeed":"yes","status":"operational","color":"#E54848","dataOrigin":"datum-2026-08-01","sourceKey":"way:1462282173"}},{"type":"Feature","geometry":{"type":"LineString","coordinates":[[112.3143231,22.6984022],[112.3180498,22.7004001]]},"properties":{"key":"way:1462282174@overview:112_22","osmType":"way","osmId":1462282174,"sourceRegion":"guangdong","featureType":"infrastructure","railClass":"highspeed","mode":"rail","name":"广湛高速线","nameEn":"Guangzhou-Zhanjiang Railway","usage":"main","highspeed":"yes","bridge":"yes","status":"operational","color":"#E54848","dataOrigin":"datum-2026-08-01","sourceKey":"way:1462282174"}},{"type":"Feature","geometry":{"type":"LineString","coordinates":[[112.3227822,22.7029033],[112.3235834,22.7033271]]},"properties":{"key":"way:1462282175@overview:112_22","osmType":"way","osmId":1462282175,"sourceRegion":"guangdong","featureType":"infrastructure","railClass":"highspeed","mode":"rail","name":"广湛高速线","nameEn":"Guangzhou-Zhanjiang Railway","usage":"main","highspeed":"yes","status":"operational","color":"#E54848","dataOrigin":"datum-2026-08-01","sourceKey":"way:1462282175"}},{"type":"Feature","geometry":{"type":"LineString","coordinates":[[112.3014563,22.6901952],[112.3004834,22.689482]]},"properties":{"key":"way:1462282176@overview:112_22","osmType":"way","osmId":1462282176,"sourceRegion":"guangdong","featureType":"infrastructure","railClass":"highspeed","mode":"rail","name":"广湛高速线","nameEn":"Guangzhou-Zhanjiang Railway","usage":"main","highspeed":"yes","bridge":"yes","status":"operational","color":"#E54848","dataOrigin":"datum-2026-08-01","sourceKey":"way:1462282176"}},{"type":"Feature","geometry":{"type":"LineString","coordinates":[[112.3180498,22.7004001],[112.3191522,22.7009833]]},"properties":{"key":"way:1462282177@overview:112_22","osmType":"way","osmId":1462282177,"sourceRegion":"guangdong","featureType":"infrastructure","railClass":"highspeed","mode":"rail","name":"广湛高速线","nameEn":"Guangzhou-Zhanjiang Railway","usage":"main","highspeed":"yes","status":"operational","color":"#E54848","dataOrigin":"datum-2026-08-01","sourceKey":"way:1462282177"}},{"type":"Feature","geometry":{"type":"LineString","coordinates":[[112.2995108,22.6887691],[112.2932961,22.684213]]},"properties":{"key":"way:1462282178@overview:112_22","osmType":"way","osmId":1462282178,"sourceRegion":"guangdong","featureType":"infrastructure","railClass":"highspeed","mode":"rail","name":"广湛高速线","nameEn":"Guangzhou-Zhanjiang Railway","usage":"main","highspeed":"yes","bridge":"yes","status":"operational","color":"#E54848","dataOrigin":"datum-2026-08-01","sourceKey":"way:1462282178"}},{"type":"Feature","geometry":{"type":"LineString","coordinates":[[112.3217105,22.7023364],[112.3227822,22.7029033]]},"properties":{"key":"way:1462282179@overview:112_22","osmType":"way","osmId":1462282179,"sourceRegion":"guangdong","featureType":"infrastructure","railClass":"highspeed","mode":"rail","name":"广湛高速线","nameEn":"Guangzhou-Zhanjiang Railway","usage":"main","highspeed":"yes","bridge":"yes","status":"operational","color":"#E54848","dataOrigin":"datum-2026-08-01","sourceKey":"way:1462282179"}},{"type":"Feature","geometry":{"type":"LineString","coordinates":[[112.3036936,22.69177],[112.3135177,22.6979757]]},"properties":{"key":"way:1462282180@overview:112_22","osmType":"way","osmId":1462282180,"sourceRegion":"guangdong","featureType":"infrastructure","railClass":"highspeed","mode":"rail","name":"广湛高速线","nameEn":"Guangzhou-Zhanjiang Railway","usage":"main","highspeed":"yes","bridge":"yes","status":"operational","color":"#E54848","dataOrigin":"datum-2026-08-01","sourceKey":"way:1462282180"}},{"type":"Feature","geometry":{"type":"LineString","coordinates":[[112.3191522,22.7009833],[112.3206388,22.7017696]]},"properties":{"key":"way:1462282181@overview:112_22","osmType":"way","osmId":1462282181,"sourceRegion":"guangdong","featureType":"infrastructure","railClass":"highspeed","mode":"rail","name":"广湛高速线","nameEn":"Guangzhou-Zhanjiang Railway","usage":"main","highspeed":"yes","bridge":"yes","status":"operational","color":"#E54848","dataOrigin":"datum-2026-08-01","sourceKey":"way:1462282181"}},{"type":"Feature","geometry":{"type":"LineString","coordinates":[[112.3036936,22.69177],[112.3014563,22.6901952]]},"properties":{"key":"way:1462282182@overview:112_22","osmType":"way","osmId":1462282182,"sourceRegion":"guangdong","featureType":"infrastructure","railClass":"highspeed","mode":"rail","name":"广湛高速线","nameEn":"Guangzhou-Zhanjiang Railway","usage":"main","highspeed":"yes","tunnel":"yes","status":"operational","color":"#E54848","dataOrigin":"datum-2026-08-01","sourceKey":"way:1462282182"}},{"type":"Feature","geometry":{"type":"LineString","coordinates":[[112.3983028,22.7426466],[112.4023734,22.7442846]]},"properties":{"key":"way:1462282183@overview:112_22","osmType":"way","osmId":1462282183,"sourceRegion":"guangdong","featureType":"infrastructure","railClass":"highspeed","mode":"rail","name":"广湛高速线","nameEn":"Guangzhou-Zhanjiang Railway","usage":"main","highspeed":"yes","bridge":"yes","status":"operational","color":"#E54848","dataOrigin":"datum-2026-08-01","sourceKey":"way:1462282183"}},{"type":"Feature","geometry":{"type":"LineString","coordinates":[[112.4285994,22.7576388],[112.4409463,22.7632495]]},"properties":{"key":"way:1462282184@overview:112_22","osmType":"way","osmId":1462282184,"sourceRegion":"guangdong","featureType":"infrastructure","railClass":"highspeed","mode":"rail","name":"广湛高速线","nameEn":"Guangzhou-Zhanjiang Railway","usage":"main","highspeed":"yes","tunnel":"yes","status":"operational","color":"#E54848","dataOrigin":"datum-2026-08-01","sourceKey":"way:1462282184"}},{"type":"Feature","geometry":{"type":"LineString","coordinates":[[112.3293599,22.7063823],[112.339974,22.711996]]},"properties":{"key":"way:1462282185@overview:112_22","osmType":"way","osmId":1462282185,"sourceRegion":"guangdong","featureType":"infrastructure","railClass":"highspeed","mode":"rail","name":"广湛高速线","nameEn":"Guangzhou-Zhanjiang Railway","usage":"main","highspeed":"yes","bridge":"yes","status":"operational","color":"#E54848","dataOrigin":"datum-2026-08-01","sourceKey":"way:1462282185"}},{"type":"Feature","geometry":{"type":"LineString","coordinates":[[112.4052947,22.7455488],[112.4119804,22.7489693]]},"properties":{"key":"way:1462282186@overview:112_22","osmType":"way","osmId":1462282186,"sourceRegion":"guangdong","featureType":"infrastructure","railClass":"highspeed","mode":"rail","name":"广湛高速线","nameEn":"Guangzhou-Zhanjiang Railway","usage":"main","highspeed":"yes","tunnel":"yes","status":"operational","color":"#E54848","dataOrigin":"datum-2026-08-01","sourceKey":"way:1462282186"}},{"type":"Feature","geometry":{"type":"LineString","coordinates":[[112.3653478,22.7253584],[112.3669856,22.7262418]]},"properties":{"key":"way:1462282187@overview:112_22","osmType":"way","osmId":1462282187,"sourceRegion":"guangdong","featureType":"infrastructure","railClass":"highspeed","mode":"rail","name":"广湛高速线","nameEn":"Guangzhou-Zhanjiang Railway","usage":"main","highspeed":"yes","status":"operational","color":"#E54848","dataOrigin":"datum-2026-08-01","sourceKey":"way:1462282187"}},{"type":"Feature","geometry":{"type":"LineString","coordinates":[[112.3247519,22.7039451],[112.3269744,22.7051206]]},"properties":{"key":"way:1462282188@overview:112_22","osmType":"way","osmId":1462282188,"sourceRegion":"guangdong","featureType":"infrastructure","railClass":"highspeed","mode":"rail","name":"广湛高速线","nameEn":"Guangzhou-Zhanjiang Railway","usage":"main","highspeed":"yes","status":"operational","color":"#E54848","dataOrigin":"datum-2026-08-01","sourceKey":"way:1462282188"}},{"type":"Feature","geometry":{"type":"LineString","coordinates":[[112.4181197,22.7521708],[112.4190162,22.7526383]]},"properties":{"key":"way:1462282189@overview:112_22","osmType":"way","osmId":1462282189,"sourceRegion":"guangdong","featureType":"infrastructure","railClass":"highspeed","mode":"rail","name":"广湛高速线","nameEn":"Guangzhou-Zhanjiang Railway","usage":"main","highspeed":"yes","status":"operational","color":"#E54848","dataOrigin":"datum-2026-08-01","sourceKey":"way:1462282189"}},{"type":"Feature","geometry":{"type":"LineString","coordinates":[[112.3720245,22.7291134],[112.3742776,22.7305276]]},"properties":{"key":"way:1462282190@overview:112_22","osmType":"way","osmId":1462282190,"sourceRegion":"guangdong","featureType":"infrastructure","railClass":"highspeed","mode":"rail","name":"广湛高速线","nameEn":"Guangzhou-Zhanjiang Railway","usage":"main","highspeed":"yes","bridge":"yes","status":"operational","color":"#E54848","dataOrigin":"datum-2026-08-01","sourceKey":"way:1462282190"}},{"type":"Feature","geometry":{"type":"LineString","coordinates":[[112.339974,22.711996],[112.3408926,22.7124818]]},"properties":{"key":"way:1462282191@overview:112_22","osmType":"way","osmId":1462282191,"sourceRegion":"guangdong","featureType":"infrastructure","railClass":"highspeed","mode":"rail","name":"广湛高速线","nameEn":"Guangzhou-Zhanjiang Railway","usage":"main","highspeed":"yes","status":"operational","color":"#E54848","dataOrigin":"datum-2026-08-01","sourceKey":"way:1462282191"}},{"type":"Feature","geometry":{"type":"LineString","coordinates":[[112.3768211,22.7321213],[112.3801009,22.7340634]]},"properties":{"key":"way:1462282192@overview:112_22","osmType":"way","osmId":1462282192,"sourceRegion":"guangdong","featureType":"infrastructure","railClass":"highspeed","mode":"rail","name":"广湛高速线","nameEn":"Guangzhou-Zhanjiang Railway","usage":"main","highspeed":"yes","tunnel":"yes","status":"operational","color":"#E54848","dataOrigin":"datum-2026-08-01","sourceKey":"way:1462282192"}},{"type":"Feature","geometry":{"type":"LineString","coordinates":[[112.3669856,22.7262418],[112.3710177,22.7284888]]},"properties":{"key":"way:1462282193@overview:112_22","osmType":"way","osmId":1462282193,"sourceRegion":"guangdong","featureType":"infrastructure","railClass":"highspeed","mode":"rail","name":"广湛高速线","nameEn":"Guangzhou-Zhanjiang Railway","usage":"main","highspeed":"yes","bridge":"yes","status":"operational","color":"#E54848","dataOrigin":"datum-2026-08-01","sourceKey":"way:1462282193"}},{"type":"Feature","geometry":{"type":"LineString","coordinates":[[112.4038724,22.7449103],[112.4052947,22.7455488]]},"properties":{"key":"way:1462282194@overview:112_22","osmType":"way","osmId":1462282194,"sourceRegion":"guangdong","featureType":"infrastructure","railClass":"highspeed","mode":"rail","name":"广湛高速线","nameEn":"Guangzhou-Zhanjiang Railway","usage":"main","highspeed":"yes","bridge":"yes","status":"operational","color":"#E54848","dataOrigin":"datum-2026-08-01","sourceKey":"way:1462282194"}},{"type":"Feature","geometry":{"type":"LineString","coordinates":[[112.4190162,22.7526383],[112.4237554,22.7551097]]},"properties":{"key":"way:1462282195@overview:112_22","osmType":"way","osmId":1462282195,"sourceRegion":"guangdong","featureType":"infrastructure","railClass":"highspeed","mode":"rail","name":"广湛高速线","nameEn":"Guangzhou-Zhanjiang Railway","usage":"main","highspeed":"yes","bridge":"yes","status":"operational","color":"#E54848","dataOrigin":"datum-2026-08-01","sourceKey":"way:1462282195"}},{"type":"Feature","geometry":{"type":"LineString","coordinates":[[112.3710177,22.7284888],[112.3720245,22.7291134]]},"properties":{"key":"way:1462282196@overview:112_22","osmType":"way","osmId":1462282196,"sourceRegion":"guangdong","featureType":"infrastructure","railClass":"highspeed","mode":"rail","name":"广湛高速线","nameEn":"Guangzhou-Zhanjiang Railway","usage":"main","highspeed":"yes","status":"operational","color":"#E54848","dataOrigin":"datum-2026-08-01","sourceKey":"way:1462282196"}},{"type":"Feature","geometry":{"type":"LineString","coordinates":[[112.4119804,22.7489693],[112.4127555,22.7493735]]},"properties":{"key":"way:1462282197@overview:112_22","osmType":"way","osmId":1462282197,"sourceRegion":"guangdong","featureType":"infrastructure","railClass":"highspeed","mode":"rail","name":"广湛高速线","nameEn":"Guangzhou-Zhanjiang Railway","usage":"main","highspeed":"yes","bridge":"yes","status":"operational","color":"#E54848","dataOrigin":"datum-2026-08-01","sourceKey":"way:1462282197"}},{"type":"Feature","geometry":{"type":"LineString","coordinates":[[112.3801009,22.7340634],[112.3859461,22.737406]]},"properties":{"key":"way:1462282198@overview:112_22","osmType":"way","osmId":1462282198,"sourceRegion":"guangdong","featureType":"infrastructure","railClass":"highspeed","mode":"rail","name":"广湛高速线","nameEn":"Guangzhou-Zhanjiang Railway","usage":"main","highspeed":"yes","bridge":"yes","status":"operational","color":"#E54848","dataOrigin":"datum-2026-08-01","sourceKey":"way:1462282198"}},{"type":"Feature","geometry":{"type":"LineString","coordinates":[[112.3269744,22.7051206],[112.328481,22.7059174]]},"properties":{"key":"way:1462282199@overview:112_22","osmType":"way","osmId":1462282199,"sourceRegion":"guangdong","featureType":"infrastructure","railClass":"highspeed","mode":"rail","name":"广湛高速线","nameEn":"Guangzhou-Zhanjiang Railway","usage":"main","highspeed":"yes","bridge":"yes","status":"operational","color":"#E54848","dataOrigin":"datum-2026-08-01","sourceKey":"way:1462282199"}},{"type":"Feature","geometry":{"type":"LineString","coordinates":[[112.4237554,22.7551097],[112.4276052,22.7571172]]},"properties":{"key":"way:1462282200@overview:112_22","osmType":"way","osmId":1462282200,"sourceRegion":"guangdong","featureType":"infrastructure","railClass":"highspeed","mode":"rail","name":"广湛高速线","nameEn":"Guangzhou-Zhanjiang Railway","usage":"main","highspeed":"yes","tunnel":"yes","status":"operational","color":"#E54848","dataOrigin":"datum-2026-08-01","sourceKey":"way:1462282200"}},{"type":"Feature","geometry":{"type":"LineString","coordinates":[[112.4023734,22.7442846],[112.4038724,22.7449103]]},"properties":{"key":"way:1462282201@overview:112_22","osmType":"way","osmId":1462282201,"sourceRegion":"guangdong","featureType":"infrastructure","railClass":"highspeed","mode":"rail","name":"广湛高速线","nameEn":"Guangzhou-Zhanjiang Railway","usage":"main","highspeed":"yes","status":"operational","color":"#E54848","dataOrigin":"datum-2026-08-01","sourceKey":"way:1462282201"}},{"type":"Feature","geometry":{"type":"LineString","coordinates":[[112.3742776,22.7305276],[112.37514,22.7310763]]},"properties":{"key":"way:1462282202@overview:112_22","osmType":"way","osmId":1462282202,"sourceRegion":"guangdong","featureType":"infrastructure","railClass":"highspeed","mode":"rail","name":"广湛高速线","nameEn":"Guangzhou-Zhanjiang Railway","usage":"main","highspeed":"yes","status":"operational","color":"#E54848","dataOrigin":"datum-2026-08-01","sourceKey":"way:1462282202"}},{"type":"Feature","geometry":{"type":"LineString","coordinates":[[112.3408926,22.7124818],[112.3455108,22.7149242]]},"properties":{"key":"way:1462282203@overview:112_22","osmType":"way","osmId":1462282203,"sourceRegion":"guangdong","featureType":"infrastructure","railClass":"highspeed","mode":"rail","name":"广湛高速线","nameEn":"Guangzhou-Zhanjiang Railway","usage":"main","highspeed":"yes","bridge":"yes","status":"operational","color":"#E54848","dataOrigin":"datum-2026-08-01","sourceKey":"way:1462282203"}},{"type":"Feature","geometry":{"type":"LineString","coordinates":[[112.4127555,22.7493735],[112.4152388,22.7506685]]},"properties":{"key":"way:1462282204@overview:112_22","osmType":"way","osmId":1462282204,"sourceRegion":"guangdong","featureType":"infrastructure","railClass":"highspeed","mode":"rail","name":"广湛高速线","nameEn":"Guangzhou-Zhanjiang Railway","usage":"main","highspeed":"yes","tunnel":"yes","status":"operational","color":"#E54848","dataOrigin":"datum-2026-08-01","sourceKey":"way:1462282204"}},{"type":"Feature","geometry":{"type":"LineString","coordinates":[[112.3859461,22.737406],[112.3983028,22.7426466]]},"properties":{"key":"way:1462282205@overview:112_22","osmType":"way","osmId":1462282205,"sourceRegion":"guangdong","featureType":"infrastructure","railClass":"highspeed","mode":"rail","name":"广湛高速线","nameEn":"Guangzhou-Zhanjiang Railway","usage":"main","highspeed":"yes","tunnel":"yes","status":"operational","color":"#E54848","dataOrigin":"datum-2026-08-01","sourceKey":"way:1462282205"}},{"type":"Feature","geometry":{"type":"LineString","coordinates":[[112.328481,22.7059174],[112.3293599,22.7063823]]},"properties":{"key":"way:1462282206@overview:112_22","osmType":"way","osmId":1462282206,"sourceRegion":"guangdong","featureType":"infrastructure","railClass":"highspeed","mode":"rail","name":"广湛高速线","nameEn":"Guangzhou-Zhanjiang Railway","usage":"main","highspeed":"yes","status":"operational","color":"#E54848","dataOrigin":"datum-2026-08-01","sourceKey":"way:1462282206"}},{"type":"Feature","geometry":{"type":"LineString","coordinates":[[112.4276052,22.7571172],[112.4285994,22.7576388]]},"properties":{"key":"way:1462282207@overview:112_22","osmType":"way","osmId":1462282207,"sourceRegion":"guangdong","featureType":"infrastructure","railClass":"highspeed","mode":"rail","name":"广湛高速线","nameEn":"Guangzhou-Zhanjiang Railway","usage":"main","highspeed":"yes","bridge":"yes","status":"operational","color":"#E54848","dataOrigin":"datum-2026-08-01","sourceKey":"way:1462282207"}},{"type":"Feature","geometry":{"type":"LineString","coordinates":[[112.37514,22.7310763],[112.3768211,22.7321213]]},"properties":{"key":"way:1462282208@overview:112_22","osmType":"way","osmId":1462282208,"sourceRegion":"guangdong","featureType":"infrastructure","railClass":"highspeed","mode":"rail","name":"广湛高速线","nameEn":"Guangzhou-Zhanjiang Railway","usage":"main","highspeed":"yes","bridge":"yes","status":"operational","color":"#E54848","dataOrigin":"datum-2026-08-01","sourceKey":"way:1462282208"}},{"type":"Feature","geometry":{"type":"LineString","coordinates":[[112.3455108,22.7149242],[112.3653478,22.7253584]]},"properties":{"key":"way:1462282209@overview:112_22","osmType":"way","osmId":1462282209,"sourceRegion":"guangdong","featureType":"infrastructure","railClass":"highspeed","mode":"rail","name":"广湛高速线","nameEn":"Guangzhou-Zhanjiang Railway","usage":"main","highspeed":"yes","bridge":"yes","status":"operational","color":"#E54848","dataOrigin":"datum-2026-08-01","sourceKey":"way:1462282209"}},{"type":"Feature","geometry":{"type":"LineString","coordinates":[[112.4152388,22.7506685],[112.4181197,22.7521708]]},"properties":{"key":"way:1462282210@overview:112_22","osmType":"way","osmId":1462282210,"sourceRegion":"guangdong","featureType":"infrastructure","railClass":"highspeed","mode":"rail","name":"广湛高速线","nameEn":"Guangzhou-Zhanjiang Railway","usage":"main","highspeed":"yes","bridge":"yes","status":"operational","color":"#E54848","dataOrigin":"datum-2026-08-01","sourceKey":"way:1462282210"}},{"type":"Feature","geometry":{"type":"LineString","coordinates":[[112.4617548,22.77173],[112.4775627,22.777189]]},"properties":{"key":"way:1462282211@overview:112_22","osmType":"way","osmId":1462282211,"sourceRegion":"guangdong","featureType":"infrastructure","railClass":"highspeed","mode":"rail","name":"广湛高速线","nameEn":"Guangzhou-Zhanjiang Railway","usage":"main","highspeed":"yes","bridge":"yes","status":"operational","color":"#E54848","dataOrigin":"datum-2026-08-01","sourceKey":"way:1462282211"}},{"type":"Feature","geometry":{"type":"LineString","coordinates":[[112.4595056,22.7708174],[112.4617548,22.77173]]},"properties":{"key":"way:1462282212@overview:112_22","osmType":"way","osmId":1462282212,"sourceRegion":"guangdong","featureType":"infrastructure","railClass":"highspeed","mode":"rail","name":"广湛高速线","nameEn":"Guangzhou-Zhanjiang Railway","usage":"main","highspeed":"yes","status":"operational","color":"#E54848","dataOrigin":"datum-2026-08-01","sourceKey":"way:1462282212"}},{"type":"Feature","geometry":{"type":"LineString","coordinates":[[112.4517394,22.7676664],[112.4560101,22.7693992]]},"properties":{"key":"way:1462282213@overview:112_22","osmType":"way","osmId":1462282213,"sourceRegion":"guangdong","featureType":"infrastructure","railClass":"highspeed","mode":"rail","name":"广湛高速线","nameEn":"Guangzhou-Zhanjiang Railway","usage":"main","highspeed":"yes","bridge":"yes","status":"operational","color":"#E54848","dataOrigin":"datum-2026-08-01","sourceKey":"way:1462282213"}},{"type":"Feature","geometry":{"type":"LineString","coordinates":[[112.4814331,22.7782639],[112.4928533,22.7816649]]},"properties":{"key":"way:1462282214@overview:112_22","osmType":"way","osmId":1462282214,"sourceRegion":"guangdong","featureType":"infrastructure","railClass":"highspeed","mode":"rail","name":"广湛高速线","nameEn":"Guangzhou-Zhanjiang Railway","usage":"main","highspeed":"yes","bridge":"yes","status":"operational","color":"#E54848","dataOrigin":"datum-2026-08-01","sourceKey":"way:1462282214"}},{"type":"Feature","geometry":{"type":"LineString","coordinates":[[112.4423427,22.7638539],[112.4435912,22.7643604]]},"properties":{"key":"way:1462282215@overview:112_22","osmType":"way","osmId":1462282215,"sourceRegion":"guangdong","featureType":"infrastructure","railClass":"highspeed","mode":"rail","name":"广湛高速线","nameEn":"Guangzhou-Zhanjiang Railway","usage":"main","highspeed":"yes","status":"operational","color":"#E54848","dataOrigin":"datum-2026-08-01","sourceKey":"way:1462282215"}},{"type":"Feature","geometry":{"type":"LineString","coordinates":[[112.4775627,22.777189],[112.4814331,22.7782639]]},"properties":{"key":"way:1462282216@overview:112_22","osmType":"way","osmId":1462282216,"sourceRegion":"guangdong","featureType":"infrastructure","railClass":"highspeed","mode":"rail","name":"广湛高速线","nameEn":"Guangzhou-Zhanjiang Railway","usage":"main","highspeed":"yes","tunnel":"yes","status":"operational","color":"#E54848","dataOrigin":"datum-2026-08-01","sourceKey":"way:1462282216"}},{"type":"Feature","geometry":{"type":"LineString","coordinates":[[112.4560101,22.7693992],[112.4579557,22.7701886]]},"properties":{"key":"way:1462282217@overview:112_22","osmType":"way","osmId":1462282217,"sourceRegion":"guangdong","featureType":"infrastructure","railClass":"highspeed","mode":"rail","name":"广湛高速线","nameEn":"Guangzhou-Zhanjiang Railway","usage":"main","highspeed":"yes","status":"operational","color":"#E54848","dataOrigin":"datum-2026-08-01","sourceKey":"way:1462282217"}},{"type":"Feature","geometry":{"type":"LineString","coordinates":[[112.4928533,22.7816649],[112.4955831,22.7824475]]},"properties":{"key":"way:1462282218@overview:112_22","osmType":"way","osmId":1462282218,"sourceRegion":"guangdong","featureType":"infrastructure","railClass":"highspeed","mode":"rail","name":"广湛高速线","nameEn":"Guangzhou-Zhanjiang Railway","usage":"main","highspeed":"yes","status":"operational","color":"#E54848","dataOrigin":"datum-2026-08-01","sourceKey":"way:1462282218"}},{"type":"Feature","geometry":{"type":"LineString","coordinates":[[112.4435912,22.7643604],[112.449809,22.7668832]]},"properties":{"key":"way:1462282219@overview:112_22","osmType":"way","osmId":1462282219,"sourceRegion":"guangdong","featureType":"infrastructure","railClass":"highspeed","mode":"rail","name":"广湛高速线","nameEn":"Guangzhou-Zhanjiang Railway","usage":"main","highspeed":"yes","bridge":"yes","status":"operational","color":"#E54848","dataOrigin":"datum-2026-08-01","sourceKey":"way:1462282219"}},{"type":"Feature","geometry":{"type":"LineString","coordinates":[[112.4579557,22.7701886],[112.4595056,22.7708174]]},"properties":{"key":"way:1462282220@overview:112_22","osmType":"way","osmId":1462282220,"sourceRegion":"guangdong","featureType":"infrastructure","railClass":"highspeed","mode":"rail","name":"广湛高速线","nameEn":"Guangzhou-Zhanjiang Railway","usage":"main","highspeed":"yes","bridge":"yes","status":"operational","color":"#E54848","dataOrigin":"datum-2026-08-01","sourceKey":"way:1462282220"}},{"type":"Feature","geometry":{"type":"LineString","coordinates":[[112.449809,22.7668832],[112.4517394,22.7676664]]},"properties":{"key":"way:1462282221@overview:112_22","osmType":"way","osmId":1462282221,"sourceRegion":"guangdong","featureType":"infrastructure","railClass":"highspeed","mode":"rail","name":"广湛高速线","nameEn":"Guangzhou-Zhanjiang Railway","usage":"main","highspeed":"yes","status":"operational","color":"#E54848","dataOrigin":"datum-2026-08-01","sourceKey":"way:1462282221"}},{"type":"Feature","geometry":{"type":"LineString","coordinates":[[112.4409463,22.7632495],[112.4423427,22.7638539]]},"properties":{"key":"way:1462282222@overview:112_22","osmType":"way","osmId":1462282222,"sourceRegion":"guangdong","featureType":"infrastructure","railClass":"highspeed","mode":"rail","name":"广湛高速线","nameEn":"Guangzhou-Zhanjiang Railway","usage":"main","highspeed":"yes","bridge":"yes","status":"operational","color":"#E54848","dataOrigin":"datum-2026-08-01","sourceKey":"way:1462282222"}},{"type":"Feature","geometry":{"type":"LineString","coordinates":[[112.3235834,22.7033271],[112.3247519,22.7039451]]},"properties":{"key":"way:1462282223@overview:112_22","osmType":"way","osmId":1462282223,"sourceRegion":"guangdong","featureType":"infrastructure","railClass":"highspeed","mode":"rail","name":"广湛高速线","nameEn":"Guangzhou-Zhanjiang Railway","usage":"main","highspeed":"yes","bridge":"yes","status":"operational","color":"#E54848","dataOrigin":"datum-2026-08-01","sourceKey":"way:1462282223"}},{"type":"Feature","geometry":{"type":"LineString","coordinates":[[112.2932961,22.684213],[112.2684476,22.6660836]]},"properties":{"key":"way:1462282224@overview:112_22","osmType":"way","osmId":1462282224,"sourceRegion":"guangdong","featureType":"infrastructure","railClass":"highspeed","mode":"rail","name":"广湛高速线","nameEn":"Guangzhou-Zhanjiang Railway","usage":"main","highspeed":"yes","status":"operational","color":"#E54848","dataOrigin":"datum-2026-08-01","sourceKey":"way:1462282224"}},{"type":"Feature","geometry":{"type":"LineString","coordinates":[[112.1839521,22.5850698],[112.139518,22.5089885]]},"properties":{"key":"way:1462282225@overview:112_22","osmType":"way","osmId":1462282225,"sourceRegion":"guangdong","featureType":"infrastructure","railClass":"highspeed","mode":"rail","name":"广湛高速线","nameEn":"Guangzhou-Zhanjiang Railway","usage":"main","highspeed":"yes","tunnel":"yes","status":"operational","color":"#E54848","dataOrigin":"datum-2026-08-01","sourceKey":"way:1462282225"}},{"type":"Feature","geometry":{"type":"LineString","coordinates":[[112.1381875,22.5063981],[112.134618,22.4998117]]},"properties":{"key":"way:1462282241@overview:112_22","osmType":"way","osmId":1462282241,"sourceRegion":"guangdong","featureType":"infrastructure","railClass":"highspeed","mode":"rail","name":"广湛高速线","nameEn":"Guangzhou-Zhanjiang Railway","usage":"main","highspeed":"yes","status":"operational","color":"#E54848","dataOrigin":"datum-2026-08-01","sourceKey":"way:1462282241"}},{"type":"Feature","geometry":{"type":"LineString","coordinates":[[112.2327244,22.0740386],[112.2118105,22.0411873]]},"properties":{"key":"way:1473278774@overview:112_22","osmType":"way","osmId":1473278774,"sourceRegion":"guangdong","featureType":"infrastructure","railClass":"highspeed","mode":"rail","name":"深湛线","nameEn":"Shenzhen-Zhanjiang Railway","ref":"3071","operator":"中国铁路广州局集团有限公司","usage":"main","highspeed":"yes","status":"operational","color":"#E54848","dataOrigin":"datum-2026-08-01","sourceKey":"way:1473278774"}},{"type":"Feature","geometry":{"type":"LineString","coordinates":[[112.2346775,22.0771473],[112.2327244,22.0740386]]},"properties":{"key":"way:1473278775@overview:112_22","osmType":"way","osmId":1473278775,"sourceRegion":"guangdong","featureType":"infrastructure","railClass":"highspeed","mode":"rail","name":"深湛线","nameEn":"Shenzhen-Zhanjiang Railway","ref":"3071","operator":"中国铁路广州局集团有限公司","usage":"main","highspeed":"yes","bridge":"yes","status":"operational","color":"#E54848","dataOrigin":"datum-2026-08-01","sourceKey":"way:1473278775"}},{"type":"Feature","geometry":{"type":"LineString","coordinates":[[112.2327677,22.0740206],[112.2118583,22.041177]]},"properties":{"key":"way:1473278776@overview:112_22","osmType":"way","osmId":1473278776,"sourceRegion":"guangdong","featureType":"infrastructure","railClass":"highspeed","mode":"rail","name":"深湛线","nameEn":"Shenzhen-Zhanjiang Railway","ref":"3071","operator":"中国铁路广州局集团有限公司","usage":"main","highspeed":"yes","status":"operational","color":"#E54848","dataOrigin":"datum-2026-08-01","sourceKey":"way:1473278776"}},{"type":"Feature","geometry":{"type":"LineString","coordinates":[[112.2347611,22.0771295],[112.2327677,22.0740206]]},"properties":{"key":"way:1473278777@overview:112_22","osmType":"way","osmId":1473278777,"sourceRegion":"guangdong","featureType":"infrastructure","railClass":"highspeed","mode":"rail","name":"深湛线","nameEn":"Shenzhen-Zhanjiang Railway","ref":"3071","operator":"中国铁路广州局集团有限公司","usage":"main","highspeed":"yes","bridge":"yes","status":"operational","color":"#E54848","dataOrigin":"datum-2026-08-01","sourceKey":"way:1473278777"}},{"type":"Feature","geometry":{"type":"LineString","coordinates":[[112.2695572,22.1290503],[112.2630533,22.1201907]]},"properties":{"key":"way:1482568735@overview:112_22","osmType":"way","osmId":1482568735,"sourceRegion":"guangdong","featureType":"infrastructure","railClass":"highspeed","mode":"rail","name":"深湛线","nameEn":"Shenzhen-Zhanjiang Railway","ref":"3071","operator":"中国铁路广州局集团有限公司","usage":"main","highspeed":"yes","bridge":"yes","status":"operational","color":"#E54848","dataOrigin":"datum-2026-08-01","sourceKey":"way:1482568735"}},{"type":"Feature","geometry":{"type":"LineString","coordinates":[[112.2694973,22.1290895],[112.2630069,22.1202106]]},"properties":{"key":"way:1482568736@overview:112_22","osmType":"way","osmId":1482568736,"sourceRegion":"guangdong","featureType":"infrastructure","railClass":"highspeed","mode":"rail","name":"深湛线","nameEn":"Shenzhen-Zhanjiang Railway","ref":"3071","operator":"中国铁路广州局集团有限公司","usage":"main","highspeed":"yes","bridge":"yes","status":"operational","color":"#E54848","dataOrigin":"datum-2026-08-01","sourceKey":"way:1482568736"}},{"type":"Feature","geometry":{"type":"LineString","coordinates":[[112.2760353,22.1378429],[112.2694973,22.1290895]]},"properties":{"key":"way:1482568737@overview:112_22","osmType":"way","osmId":1482568737,"sourceRegion":"guangdong","featureType":"infrastructure","railClass":"highspeed","mode":"rail","name":"深湛线","nameEn":"Shenzhen-Zhanjiang Railway","ref":"3071","operator":"中国铁路广州局集团有限公司","usage":"main","highspeed":"yes","status":"operational","color":"#E54848","dataOrigin":"datum-2026-08-01","sourceKey":"way:1482568737"}},{"type":"Feature","geometry":{"type":"LineString","coordinates":[[112.2760814,22.1378259],[112.2695572,22.1290503]]},"properties":{"key":"way:1482568738@overview:112_22","osmType":"way","osmId":1482568738,"sourceRegion":"guangdong","featureType":"infrastructure","railClass":"highspeed","mode":"rail","name":"深湛线","nameEn":"Shenzhen-Zhanjiang Railway","ref":"3071","operator":"中国铁路广州局集团有限公司","usage":"main","highspeed":"yes","status":"operational","color":"#E54848","dataOrigin":"datum-2026-08-01","sourceKey":"way:1482568738"}},{"type":"Feature","geometry":{"type":"LineString","coordinates":[[112.3539394,22.168313],[112.3373401,22.162696]]},"properties":{"key":"way:1482568740@overview:112_22","osmType":"way","osmId":1482568740,"sourceRegion":"guangdong","featureType":"infrastructure","railClass":"highspeed","mode":"rail","name":"深湛线","nameEn":"Shenzhen-Zhanjiang Railway","ref":"3071","operator":"中国铁路广州局集团有限公司","usage":"main","highspeed":"yes","status":"operational","color":"#E54848","dataOrigin":"datum-2026-08-01","sourceKey":"way:1482568740"}},{"type":"Feature","geometry":{"type":"LineString","coordinates":[[112.3539273,22.1683542],[112.337329,22.1627393]]},"properties":{"key":"way:1482568741@overview:112_22","osmType":"way","osmId":1482568741,"sourceRegion":"guangdong","featureType":"infrastructure","railClass":"highspeed","mode":"rail","name":"深湛线","nameEn":"Shenzhen-Zhanjiang Railway","ref":"3071","operator":"中国铁路广州局集团有限公司","usage":"main","highspeed":"yes","status":"operational","color":"#E54848","dataOrigin":"datum-2026-08-01","sourceKey":"way:1482568741"}},{"type":"Feature","geometry":{"type":"LineString","coordinates":[[112.4021508,22.1950786],[112.3803481,22.1807931]]},"properties":{"key":"way:1482568742@overview:112_22","osmType":"way","osmId":1482568742,"sourceRegion":"guangdong","featureType":"infrastructure","railClass":"highspeed","mode":"rail","name":"深湛线","nameEn":"Shenzhen-Zhanjiang Railway","ref":"3071","operator":"中国铁路广州局集团有限公司","usage":"main","highspeed":"yes","status":"operational","color":"#E54848","dataOrigin":"datum-2026-08-01","sourceKey":"way:1482568742"}},{"type":"Feature","geometry":{"type":"LineString","coordinates":[[112.4021928,22.1950371],[112.3803739,22.1807573]]},"properties":{"key":"way:1482568743@overview:112_22","osmType":"way","osmId":1482568743,"sourceRegion":"guangdong","featureType":"infrastructure","railClass":"highspeed","mode":"rail","name":"深湛线","nameEn":"Shenzhen-Zhanjiang Railway","ref":"3071","operator":"中国铁路广州局集团有限公司","usage":"main","highspeed":"yes","status":"operational","color":"#E54848","dataOrigin":"datum-2026-08-01","sourceKey":"way:1482568743"}},{"type":"Feature","geometry":{"type":"LineString","coordinates":[[112.3709535,22.1748175],[112.3661339,22.1726397]]},"properties":{"key":"way:1482821136@overview:112_22","osmType":"way","osmId":1482821136,"sourceRegion":"guangdong","featureType":"infrastructure","railClass":"highspeed","mode":"rail","name":"深湛线","nameEn":"Shenzhen-Zhanjiang Railway","ref":"3071","operator":"中国铁路广州局集团有限公司","usage":"main","highspeed":"yes","status":"operational","color":"#E54848","dataOrigin":"datum-2026-08-01","sourceKey":"way:1482821136"}},{"type":"Feature","geometry":{"type":"LineString","coordinates":[[112.3709289,22.1748558],[112.3661209,22.1726829]]},"properties":{"key":"way:1482821137@overview:112_22","osmType":"way","osmId":1482821137,"sourceRegion":"guangdong","featureType":"infrastructure","railClass":"highspeed","mode":"rail","name":"深湛线","nameEn":"Shenzhen-Zhanjiang Railway","ref":"3071","operator":"中国铁路广州局集团有限公司","usage":"main","highspeed":"yes","status":"operational","color":"#E54848","dataOrigin":"datum-2026-08-01","sourceKey":"way:1482821137"}},{"type":"Feature","geometry":{"type":"LineString","coordinates":[[112.3661339,22.1726397],[112.3655819,22.1724369]]},"properties":{"key":"way:1482821138@overview:112_22","osmType":"way","osmId":1482821138,"sourceRegion":"guangdong","featureType":"infrastructure","railClass":"highspeed","mode":"rail","name":"深湛线","nameEn":"Shenzhen-Zhanjiang Railway","ref":"3071","operator":"中国铁路广州局集团有限公司","usage":"main","highspeed":"yes","bridge":"yes","status":"operational","color":"#E54848","dataOrigin":"datum-2026-08-01","sourceKey":"way:1482821138"}},{"type":"Feature","geometry":{"type":"LineString","coordinates":[[112.3661209,22.1726829],[112.3655502,22.1724732]]},"properties":{"key":"way:1482821139@overview:112_22","osmType":"way","osmId":1482821139,"sourceRegion":"guangdong","featureType":"infrastructure","railClass":"highspeed","mode":"rail","name":"深湛线","nameEn":"Shenzhen-Zhanjiang Railway","ref":"3071","operator":"中国铁路广州局集团有限公司","usage":"main","highspeed":"yes","bridge":"yes","status":"operational","color":"#E54848","dataOrigin":"datum-2026-08-01","sourceKey":"way:1482821139"}},{"type":"Feature","geometry":{"type":"LineString","coordinates":[[112.4098142,22.1983873],[112.4021508,22.1950786]]},"properties":{"key":"way:1482821140@overview:112_22","osmType":"way","osmId":1482821140,"sourceRegion":"guangdong","featureType":"infrastructure","railClass":"highspeed","mode":"rail","name":"深湛线","nameEn":"Shenzhen-Zhanjiang Railway","ref":"3071","operator":"中国铁路广州局集团有限公司","usage":"main","highspeed":"yes","bridge":"yes","status":"operational","color":"#E54848","dataOrigin":"datum-2026-08-01","sourceKey":"way:1482821140"}},{"type":"Feature","geometry":{"type":"LineString","coordinates":[[112.4098256,22.1983438],[112.4021928,22.1950371]]},"properties":{"key":"way:1482821141@overview:112_22","osmType":"way","osmId":1482821141,"sourceRegion":"guangdong","featureType":"infrastructure","railClass":"highspeed","mode":"rail","name":"深湛线","nameEn":"Shenzhen-Zhanjiang Railway","ref":"3071","operator":"中国铁路广州局集团有限公司","usage":"main","highspeed":"yes","bridge":"yes","status":"operational","color":"#E54848","dataOrigin":"datum-2026-08-01","sourceKey":"way:1482821141"}},{"type":"Feature","geometry":{"type":"LineString","coordinates":[[112.4220387,22.2000654],[112.4098142,22.1983873]]},"properties":{"key":"way:1482821142@overview:112_22","osmType":"way","osmId":1482821142,"sourceRegion":"guangdong","featureType":"infrastructure","railClass":"highspeed","mode":"rail","name":"深湛线","nameEn":"Shenzhen-Zhanjiang Railway","ref":"3071","operator":"中国铁路广州局集团有限公司","usage":"main","highspeed":"yes","status":"operational","color":"#E54848","dataOrigin":"datum-2026-08-01","sourceKey":"way:1482821142"}},{"type":"Feature","geometry":{"type":"LineString","coordinates":[[112.4220343,22.2000206],[112.4098256,22.1983438]]},"properties":{"key":"way:1482821143@overview:112_22","osmType":"way","osmId":1482821143,"sourceRegion":"guangdong","featureType":"infrastructure","railClass":"highspeed","mode":"rail","name":"深湛线","nameEn":"Shenzhen-Zhanjiang Railway","ref":"3071","operator":"中国铁路广州局集团有限公司","usage":"main","highspeed":"yes","status":"operational","color":"#E54848","dataOrigin":"datum-2026-08-01","sourceKey":"way:1482821143"}},{"type":"Feature","geometry":{"type":"LineString","coordinates":[[112.4237661,22.2001351],[112.4220387,22.2000654]]},"properties":{"key":"way:1482821144@overview:112_22","osmType":"way","osmId":1482821144,"sourceRegion":"guangdong","featureType":"infrastructure","railClass":"highspeed","mode":"rail","name":"深湛线","nameEn":"Shenzhen-Zhanjiang Railway","ref":"3071","operator":"中国铁路广州局集团有限公司","usage":"main","highspeed":"yes","bridge":"yes","status":"operational","color":"#E54848","dataOrigin":"datum-2026-08-01","sourceKey":"way:1482821144"}},{"type":"Feature","geometry":{"type":"LineString","coordinates":[[112.4237769,22.200091],[112.4220343,22.2000206]]},"properties":{"key":"way:1482821145@overview:112_22","osmType":"way","osmId":1482821145,"sourceRegion":"guangdong","featureType":"infrastructure","railClass":"highspeed","mode":"rail","name":"深湛线","nameEn":"Shenzhen-Zhanjiang Railway","ref":"3071","operator":"中国铁路广州局集团有限公司","usage":"main","highspeed":"yes","bridge":"yes","status":"operational","color":"#E54848","dataOrigin":"datum-2026-08-01","sourceKey":"way:1482821145"}},{"type":"Feature","geometry":{"type":"LineString","coordinates":[[112.6593542,22.3214368],[112.6505572,22.3204132]]},"properties":{"key":"way:1482821146@overview:112_22","osmType":"way","osmId":1482821146,"sourceRegion":"guangdong","featureType":"infrastructure","railClass":"highspeed","mode":"rail","name":"深湛线","nameEn":"Shenzhen-Zhanjiang Railway","ref":"3071","operator":"中国铁路广州局集团有限公司","usage":"main","highspeed":"yes","bridge":"yes","status":"operational","color":"#E54848","dataOrigin":"datum-2026-08-01","sourceKey":"way:1482821146"}},{"type":"Feature","geometry":{"type":"LineString","coordinates":[[112.6593574,22.321392],[112.6505618,22.3203684]]},"properties":{"key":"way:1482821147@overview:112_22","osmType":"way","osmId":1482821147,"sourceRegion":"guangdong","featureType":"infrastructure","railClass":"highspeed","mode":"rail","name":"深湛线","nameEn":"Shenzhen-Zhanjiang Railway","ref":"3071","operator":"中国铁路广州局集团有限公司","usage":"main","highspeed":"yes","bridge":"yes","status":"operational","color":"#E54848","dataOrigin":"datum-2026-08-01","sourceKey":"way:1482821147"}},{"type":"Feature","geometry":{"type":"LineString","coordinates":[[112.6505618,22.3203684],[112.6413891,22.3174226]]},"properties":{"key":"way:1482821148@overview:112_22","osmType":"way","osmId":1482821148,"sourceRegion":"guangdong","featureType":"infrastructure","railClass":"highspeed","mode":"rail","name":"深湛线","nameEn":"Shenzhen-Zhanjiang Railway","ref":"3071","operator":"中国铁路广州局集团有限公司","usage":"main","highspeed":"yes","status":"operational","color":"#E54848","dataOrigin":"datum-2026-08-01","sourceKey":"way:1482821148"}},{"type":"Feature","geometry":{"type":"LineString","coordinates":[[112.6505572,22.3204132],[112.6413601,22.3174589]]},"properties":{"key":"way:1482821149@overview:112_22","osmType":"way","osmId":1482821149,"sourceRegion":"guangdong","featureType":"infrastructure","railClass":"highspeed","mode":"rail","name":"深湛线","nameEn":"Shenzhen-Zhanjiang Railway","ref":"3071","operator":"中国铁路广州局集团有限公司","usage":"main","highspeed":"yes","status":"operational","color":"#E54848","dataOrigin":"datum-2026-08-01","sourceKey":"way:1482821149"}},{"type":"Feature","geometry":{"type":"LineString","coordinates":[[112.0847679,22.6381674],[112.0848961,22.6391787]]},"properties":{"key":"way:1485856391@overview:112_22","osmType":"way","osmId":1485856391,"sourceRegion":"guangdong","featureType":"infrastructure","railClass":"national","mode":"rail","name":"广茂线","nameEn":"Guangmao Line","ref":"0708","operator":"中国铁路广州局集团有限公司","usage":"main","status":"operational","color":"#E54848","dataOrigin":"datum-2026-08-01","sourceKey":"way:1485856391"}},{"type":"Feature","geometry":{"type":"LineString","coordinates":[[112.0847708,22.6380478],[112.0847679,22.6381674]]},"properties":{"key":"way:1485856392@overview:112_22","osmType":"way","osmId":1485856392,"sourceRegion":"guangdong","featureType":"infrastructure","railClass":"national","mode":"rail","name":"广茂线","nameEn":"Guangmao Line","ref":"0708","operator":"中国铁路广州局集团有限公司","usage":"main","bridge":"yes","status":"operational","color":"#E54848","dataOrigin":"datum-2026-08-01","sourceKey":"way:1485856392"}},{"type":"Feature","geometry":{"type":"LineString","coordinates":[[112.0866429,22.6330536],[112.0865695,22.6331986]]},"properties":{"key":"way:1485856413@overview:112_22","osmType":"way","osmId":1485856413,"sourceRegion":"guangdong","featureType":"infrastructure","railClass":"national","mode":"rail","name":"广茂线","nameEn":"Guangmao Line","ref":"0708","operator":"中国铁路广州局集团有限公司","usage":"main","status":"operational","color":"#E54848","dataOrigin":"datum-2026-08-01","sourceKey":"way:1485856413"}},{"type":"Feature","geometry":{"type":"LineString","coordinates":[[112.0866884,22.6329636],[112.0866429,22.6330536]]},"properties":{"key":"way:1485856414@overview:112_22","osmType":"way","osmId":1485856414,"sourceRegion":"guangdong","featureType":"infrastructure","railClass":"national","mode":"rail","name":"广茂线","nameEn":"Guangmao Line","ref":"0708","operator":"中国铁路广州局集团有限公司","usage":"main","bridge":"yes","status":"operational","color":"#E54848","dataOrigin":"datum-2026-08-01","sourceKey":"way:1485856414"}},{"type":"Feature","geometry":{"type":"LineString","coordinates":[[112.0,22.525958404473513],[112.0074353,22.5404343]]},"properties":{"key":"way:1489615979@overview:112_22","osmType":"way","osmId":1489615979,"sourceRegion":"guangdong","featureType":"infrastructure","railClass":"national","mode":"rail","name":"广茂线","nameEn":"Guangmao Line","ref":"0708","operator":"中国铁路广州局集团有限公司","usage":"main","status":"operational","color":"#E54848","dataOrigin":"datum-2026-08-01","sourceKey":"way:1489615979"}},{"type":"Feature","geometry":{"type":"LineString","coordinates":[[112.0074353,22.5404343],[112.0074768,22.5405283]]},"properties":{"key":"way:1489615980@overview:112_22","osmType":"way","osmId":1489615980,"sourceRegion":"guangdong","featureType":"infrastructure","railClass":"national","mode":"rail","name":"广茂线","nameEn":"Guangmao Line","ref":"0708","operator":"中国铁路广州局集团有限公司","usage":"main","bridge":"yes","status":"operational","color":"#E54848","dataOrigin":"datum-2026-08-01","sourceKey":"way:1489615980"}},{"type":"Feature","geometry":{"type":"LineString","coordinates":[[112.0074768,22.5405283],[112.0116872,22.54804]]},"properties":{"key":"way:1489615981@overview:112_22","osmType":"way","osmId":1489615981,"sourceRegion":"guangdong","featureType":"infrastructure","railClass":"national","mode":"rail","name":"广茂线","nameEn":"Guangmao Line","ref":"0708","operator":"中国铁路广州局集团有限公司","usage":"main","status":"operational","color":"#E54848","dataOrigin":"datum-2026-08-01","sourceKey":"way:1489615981"}},{"type":"Feature","geometry":{"type":"LineString","coordinates":[[112.0116872,22.54804],[112.0117464,22.5481229]]},"properties":{"key":"way:1489615982@overview:112_22","osmType":"way","osmId":1489615982,"sourceRegion":"guangdong","featureType":"infrastructure","railClass":"national","mode":"rail","name":"广茂线","nameEn":"Guangmao Line","ref":"0708","operator":"中国铁路广州局集团有限公司","usage":"main","bridge":"yes","status":"operational","color":"#E54848","dataOrigin":"datum-2026-08-01","sourceKey":"way:1489615982"}},{"type":"Feature","geometry":{"type":"LineString","coordinates":[[112.0317517,22.5751068],[112.0371211,22.5803889]]},"properties":{"key":"way:1489619529@overview:112_22","osmType":"way","osmId":1489619529,"sourceRegion":"guangdong","featureType":"infrastructure","railClass":"national","mode":"rail","name":"广茂线","nameEn":"Guangmao Line","ref":"0708","operator":"中国铁路广州局集团有限公司","usage":"main","status":"operational","color":"#E54848","dataOrigin":"datum-2026-08-01","sourceKey":"way:1489619529"}},{"type":"Feature","geometry":{"type":"LineString","coordinates":[[112.0316583,22.5750124],[112.0317517,22.5751068]]},"properties":{"key":"way:1489619530@overview:112_22","osmType":"way","osmId":1489619530,"sourceRegion":"guangdong","featureType":"infrastructure","railClass":"national","mode":"rail","name":"广茂线","nameEn":"Guangmao Line","ref":"0708","operator":"中国铁路广州局集团有限公司","usage":"main","bridge":"yes","status":"operational","color":"#E54848","dataOrigin":"datum-2026-08-01","sourceKey":"way:1489619530"}},{"type":"Feature","geometry":{"type":"LineString","coordinates":[[112.4327532,22.2005012],[112.4237661,22.2001351]]},"properties":{"key":"way:1493418058@overview:112_22","osmType":"way","osmId":1493418058,"sourceRegion":"guangdong","featureType":"infrastructure","railClass":"highspeed","mode":"rail","name":"深湛线","nameEn":"Shenzhen-Zhanjiang Railway","ref":"3071","operator":"中国铁路广州局集团有限公司","usage":"main","highspeed":"yes","status":"operational","color":"#E54848","dataOrigin":"datum-2026-08-01","sourceKey":"way:1493418058"}},{"type":"Feature","geometry":{"type":"LineString","coordinates":[[112.4327641,22.2004571],[112.4237769,22.200091]]},"properties":{"key":"way:1493418059@overview:112_22","osmType":"way","osmId":1493418059,"sourceRegion":"guangdong","featureType":"infrastructure","railClass":"highspeed","mode":"rail","name":"深湛线","nameEn":"Shenzhen-Zhanjiang Railway","ref":"3071","operator":"中国铁路广州局集团有限公司","usage":"main","highspeed":"yes","status":"operational","color":"#E54848","dataOrigin":"datum-2026-08-01","sourceKey":"way:1493418059"}},{"type":"Feature","geometry":{"type":"LineString","coordinates":[[112.4428591,22.2009176],[112.4327532,22.2005012]]},"properties":{"key":"way:1493418060@overview:112_22","osmType":"way","osmId":1493418060,"sourceRegion":"guangdong","featureType":"infrastructure","railClass":"highspeed","mode":"rail","name":"深湛线","nameEn":"Shenzhen-Zhanjiang Railway","ref":"3071","operator":"中国铁路广州局集团有限公司","usage":"main","highspeed":"yes","bridge":"yes","status":"operational","color":"#E54848","dataOrigin":"datum-2026-08-01","sourceKey":"way:1493418060"}},{"type":"Feature","geometry":{"type":"LineString","coordinates":[[112.4428837,22.2008741],[112.4327641,22.2004571]]},"properties":{"key":"way:1493418061@overview:112_22","osmType":"way","osmId":1493418061,"sourceRegion":"guangdong","featureType":"infrastructure","railClass":"highspeed","mode":"rail","name":"深湛线","nameEn":"Shenzhen-Zhanjiang Railway","ref":"3071","operator":"中国铁路广州局集团有限公司","usage":"main","highspeed":"yes","bridge":"yes","status":"operational","color":"#E54848","dataOrigin":"datum-2026-08-01","sourceKey":"way:1493418061"}},{"type":"Feature","geometry":{"type":"LineString","coordinates":[[112.4521058,22.2014685],[112.4428591,22.2009176]]},"properties":{"key":"way:1493418062@overview:112_22","osmType":"way","osmId":1493418062,"sourceRegion":"guangdong","featureType":"infrastructure","railClass":"highspeed","mode":"rail","name":"深湛线","nameEn":"Shenzhen-Zhanjiang Railway","ref":"3071","operator":"中国铁路广州局集团有限公司","usage":"main","highspeed":"yes","status":"operational","color":"#E54848","dataOrigin":"datum-2026-08-01","sourceKey":"way:1493418062"}},{"type":"Feature","geometry":{"type":"LineString","coordinates":[[112.4520889,22.2014143],[112.4428837,22.2008741]]},"properties":{"key":"way:1493418063@overview:112_22","osmType":"way","osmId":1493418063,"sourceRegion":"guangdong","featureType":"infrastructure","railClass":"highspeed","mode":"rail","name":"深湛线","nameEn":"Shenzhen-Zhanjiang Railway","ref":"3071","operator":"中国铁路广州局集团有限公司","usage":"main","highspeed":"yes","status":"operational","color":"#E54848","dataOrigin":"datum-2026-08-01","sourceKey":"way:1493418063"}},{"type":"Feature","geometry":{"type":"LineString","coordinates":[[112.4538041,22.2016609],[112.4521058,22.2014685]]},"properties":{"key":"way:1493418064@overview:112_22","osmType":"way","osmId":1493418064,"sourceRegion":"guangdong","featureType":"infrastructure","railClass":"highspeed","mode":"rail","name":"深湛线","nameEn":"Shenzhen-Zhanjiang Railway","ref":"3071","operator":"中国铁路广州局集团有限公司","usage":"main","highspeed":"yes","bridge":"yes","status":"operational","color":"#E54848","dataOrigin":"datum-2026-08-01","sourceKey":"way:1493418064"}},{"type":"Feature","geometry":{"type":"LineString","coordinates":[[112.4538209,22.2016167],[112.4520889,22.2014143]]},"properties":{"key":"way:1493418065@overview:112_22","osmType":"way","osmId":1493418065,"sourceRegion":"guangdong","featureType":"infrastructure","railClass":"highspeed","mode":"rail","name":"深湛线","nameEn":"Shenzhen-Zhanjiang Railway","ref":"3071","operator":"中国铁路广州局集团有限公司","usage":"main","highspeed":"yes","bridge":"yes","status":"operational","color":"#E54848","dataOrigin":"datum-2026-08-01","sourceKey":"way:1493418065"}},{"type":"Feature","geometry":{"type":"LineString","coordinates":[[112.476673,22.2093485],[112.4748489,22.2083141]]},"properties":{"key":"way:1493418066@overview:112_22","osmType":"way","osmId":1493418066,"sourceRegion":"guangdong","featureType":"infrastructure","railClass":"highspeed","mode":"rail","name":"深湛线","nameEn":"Shenzhen-Zhanjiang Railway","ref":"3071","operator":"中国铁路广州局集团有限公司","usage":"main","highspeed":"yes","status":"operational","color":"#E54848","dataOrigin":"datum-2026-08-01","sourceKey":"way:1493418066"}},{"type":"Feature","geometry":{"type":"LineString","coordinates":[[112.4766757,22.2092978],[112.4748731,22.2082756]]},"properties":{"key":"way:1493418067@overview:112_22","osmType":"way","osmId":1493418067,"sourceRegion":"guangdong","featureType":"infrastructure","railClass":"highspeed","mode":"rail","name":"深湛线","nameEn":"Shenzhen-Zhanjiang Railway","ref":"3071","operator":"中国铁路广州局集团有限公司","usage":"main","highspeed":"yes","status":"operational","color":"#E54848","dataOrigin":"datum-2026-08-01","sourceKey":"way:1493418067"}},{"type":"Feature","geometry":{"type":"LineString","coordinates":[[112.4773141,22.2097199],[112.476673,22.2093485]]},"properties":{"key":"way:1493418068@overview:112_22","osmType":"way","osmId":1493418068,"sourceRegion":"guangdong","featureType":"infrastructure","railClass":"highspeed","mode":"rail","name":"深湛线","nameEn":"Shenzhen-Zhanjiang Railway","ref":"3071","operator":"中国铁路广州局集团有限公司","usage":"main","highspeed":"yes","bridge":"yes","status":"operational","color":"#E54848","dataOrigin":"datum-2026-08-01","sourceKey":"way:1493418068"}},{"type":"Feature","geometry":{"type":"LineString","coordinates":[[112.4773358,22.2096799],[112.4766757,22.2092978]]},"properties":{"key":"way:1493418069@overview:112_22","osmType":"way","osmId":1493418069,"sourceRegion":"guangdong","featureType":"infrastructure","railClass":"highspeed","mode":"rail","name":"深湛线","nameEn":"Shenzhen-Zhanjiang Railway","ref":"3071","operator":"中国铁路广州局集团有限公司","usage":"main","highspeed":"yes","bridge":"yes","status":"operational","color":"#E54848","dataOrigin":"datum-2026-08-01","sourceKey":"way:1493418069"}},{"type":"Feature","geometry":{"type":"LineString","coordinates":[[112.4778262,22.2100191],[112.4773141,22.2097199]]},"properties":{"key":"way:1493418070@overview:112_22","osmType":"way","osmId":1493418070,"sourceRegion":"guangdong","featureType":"infrastructure","railClass":"highspeed","mode":"rail","name":"深湛线","nameEn":"Shenzhen-Zhanjiang Railway","ref":"3071","operator":"中国铁路广州局集团有限公司","usage":"main","highspeed":"yes","status":"operational","color":"#E54848","dataOrigin":"datum-2026-08-01","sourceKey":"way:1493418070"}},{"type":"Feature","geometry":{"type":"LineString","coordinates":[[112.4778348,22.2099714],[112.4773358,22.2096799]]},"properties":{"key":"way:1493418071@overview:112_22","osmType":"way","osmId":1493418071,"sourceRegion":"guangdong","featureType":"infrastructure","railClass":"highspeed","mode":"rail","name":"深湛线","nameEn":"Shenzhen-Zhanjiang Railway","ref":"3071","operator":"中国铁路广州局集团有限公司","usage":"main","highspeed":"yes","status":"operational","color":"#E54848","dataOrigin":"datum-2026-08-01","sourceKey":"way:1493418071"}},{"type":"Feature","geometry":{"type":"LineString","coordinates":[[112.4808187,22.2120152],[112.4778262,22.2100191]]},"properties":{"key":"way:1493418072@overview:112_22","osmType":"way","osmId":1493418072,"sourceRegion":"guangdong","featureType":"infrastructure","railClass":"highspeed","mode":"rail","name":"深湛线","nameEn":"Shenzhen-Zhanjiang Railway","ref":"3071","operator":"中国铁路广州局集团有限公司","usage":"main","highspeed":"yes","bridge":"yes","status":"operational","color":"#E54848","dataOrigin":"datum-2026-08-01","sourceKey":"way:1493418072"}},{"type":"Feature","geometry":{"type":"LineString","coordinates":[[112.480849,22.2119806],[112.4778348,22.2099714]]},"properties":{"key":"way:1493418073@overview:112_22","osmType":"way","osmId":1493418073,"sourceRegion":"guangdong","featureType":"infrastructure","railClass":"highspeed","mode":"rail","name":"深湛线","nameEn":"Shenzhen-Zhanjiang Railway","ref":"3071","operator":"中国铁路广州局集团有限公司","usage":"main","highspeed":"yes","bridge":"yes","status":"operational","color":"#E54848","dataOrigin":"datum-2026-08-01","sourceKey":"way:1493418073"}},{"type":"Feature","geometry":{"type":"LineString","coordinates":[[112.6413891,22.3174226],[112.6138102,22.3002834]]},"properties":{"key":"way:1493418075@overview:112_22","osmType":"way","osmId":1493418075,"sourceRegion":"guangdong","featureType":"infrastructure","railClass":"highspeed","mode":"rail","name":"深湛线","nameEn":"Shenzhen-Zhanjiang Railway","ref":"3071","operator":"中国铁路广州局集团有限公司","usage":"main","highspeed":"yes","status":"operational","color":"#E54848","dataOrigin":"datum-2026-08-01","sourceKey":"way:1493418075"}},{"type":"Feature","geometry":{"type":"LineString","coordinates":[[112.6413601,22.3174589],[112.6137741,22.3003134]]},"properties":{"key":"way:1493418076@overview:112_22","osmType":"way","osmId":1493418076,"sourceRegion":"guangdong","featureType":"infrastructure","railClass":"highspeed","mode":"rail","name":"深湛线","nameEn":"Shenzhen-Zhanjiang Railway","ref":"3071","operator":"中国铁路广州局集团有限公司","usage":"main","highspeed":"yes","status":"operational","color":"#E54848","dataOrigin":"datum-2026-08-01","sourceKey":"way:1493418076"}},{"type":"Feature","geometry":{"type":"LineString","coordinates":[[112.6138102,22.3002834],[112.6122674,22.2989705]]},"properties":{"key":"way:1493418077@overview:112_22","osmType":"way","osmId":1493418077,"sourceRegion":"guangdong","featureType":"infrastructure","railClass":"highspeed","mode":"rail","name":"深湛线","nameEn":"Shenzhen-Zhanjiang Railway","ref":"3071","operator":"中国铁路广州局集团有限公司","usage":"main","highspeed":"yes","bridge":"yes","status":"operational","color":"#E54848","dataOrigin":"datum-2026-08-01","sourceKey":"way:1493418077"}},{"type":"Feature","geometry":{"type":"LineString","coordinates":[[112.6137741,22.3003134],[112.6122348,22.2990032]]},"properties":{"key":"way:1493418078@overview:112_22","osmType":"way","osmId":1493418078,"sourceRegion":"guangdong","featureType":"infrastructure","railClass":"highspeed","mode":"rail","name":"深湛线","nameEn":"Shenzhen-Zhanjiang Railway","ref":"3071","operator":"中国铁路广州局集团有限公司","usage":"main","highspeed":"yes","bridge":"yes","status":"operational","color":"#E54848","dataOrigin":"datum-2026-08-01","sourceKey":"way:1493418078"}},{"type":"Feature","geometry":{"type":"LineString","coordinates":[[112.8433818,22.3048301],[112.8310221,22.3032767]]},"properties":{"key":"way:1498207928@overview:112_22","osmType":"way","osmId":1498207928,"sourceRegion":"guangdong","featureType":"infrastructure","railClass":"highspeed","mode":"rail","name":"深湛线","nameEn":"Shenzhen-Zhanjiang Railway","ref":"3071","operator":"中国铁路广州局集团有限公司","usage":"main","highspeed":"yes","status":"operational","color":"#E54848","dataOrigin":"datum-2026-08-01","sourceKey":"way:1498207928"}},{"type":"Feature","geometry":{"type":"LineString","coordinates":[[112.8433654,22.3048719],[112.83102,22.3033211]]},"properties":{"key":"way:1498207929@overview:112_22","osmType":"way","osmId":1498207929,"sourceRegion":"guangdong","featureType":"infrastructure","railClass":"highspeed","mode":"rail","name":"深湛线","nameEn":"Shenzhen-Zhanjiang Railway","ref":"3071","operator":"中国铁路广州局集团有限公司","usage":"main","highspeed":"yes","status":"operational","color":"#E54848","dataOrigin":"datum-2026-08-01","sourceKey":"way:1498207929"}},{"type":"Feature","geometry":{"type":"LineString","coordinates":[[112.83102,22.3033211],[112.8271177,22.3031623]]},"properties":{"key":"way:1498207930@overview:112_22","osmType":"way","osmId":1498207930,"sourceRegion":"guangdong","featureType":"infrastructure","railClass":"highspeed","mode":"rail","name":"深湛线","nameEn":"Shenzhen-Zhanjiang Railway","ref":"3071","operator":"中国铁路广州局集团有限公司","usage":"main","highspeed":"yes","bridge":"yes","status":"operational","color":"#E54848","dataOrigin":"datum-2026-08-01","sourceKey":"way:1498207930"}},{"type":"Feature","geometry":{"type":"LineString","coordinates":[[112.8310221,22.3032767],[112.8271019,22.3031171]]},"properties":{"key":"way:1498207931@overview:112_22","osmType":"way","osmId":1498207931,"sourceRegion":"guangdong","featureType":"infrastructure","railClass":"highspeed","mode":"rail","name":"深湛线","nameEn":"Shenzhen-Zhanjiang Railway","ref":"3071","operator":"中国铁路广州局集团有限公司","usage":"main","highspeed":"yes","bridge":"yes","status":"operational","color":"#E54848","dataOrigin":"datum-2026-08-01","sourceKey":"way:1498207931"}},{"type":"Feature","geometry":{"type":"LineString","coordinates":[[112.9204615,22.3952324],[112.9194827,22.3940722]]},"properties":{"key":"way:1498207932@overview:112_22","osmType":"way","osmId":1498207932,"sourceRegion":"guangdong","featureType":"infrastructure","railClass":"highspeed","mode":"rail","name":"深湛线","nameEn":"Shenzhen-Zhanjiang Railway","ref":"3071","operator":"中国铁路广州局集团有限公司","usage":"main","highspeed":"yes","tunnel":"yes","status":"operational","color":"#E54848","dataOrigin":"datum-2026-08-01","sourceKey":"way:1498207932"}},{"type":"Feature","geometry":{"type":"LineString","coordinates":[[112.9204319,22.3952695],[112.9194437,22.3940982]]},"properties":{"key":"way:1498207933@overview:112_22","osmType":"way","osmId":1498207933,"sourceRegion":"guangdong","featureType":"infrastructure","railClass":"highspeed","mode":"rail","name":"深湛线","nameEn":"Shenzhen-Zhanjiang Railway","ref":"3071","operator":"中国铁路广州局集团有限公司","usage":"main","highspeed":"yes","tunnel":"yes","status":"operational","color":"#E54848","dataOrigin":"datum-2026-08-01","sourceKey":"way:1498207933"}},{"type":"Feature","geometry":{"type":"LineString","coordinates":[[112.9194827,22.3940722],[112.918725,22.3931741]]},"properties":{"key":"way:1498207934@overview:112_22","osmType":"way","osmId":1498207934,"sourceRegion":"guangdong","featureType":"infrastructure","railClass":"highspeed","mode":"rail","name":"深湛线","nameEn":"Shenzhen-Zhanjiang Railway","ref":"3071","operator":"中国铁路广州局集团有限公司","usage":"main","highspeed":"yes","status":"operational","color":"#E54848","dataOrigin":"datum-2026-08-01","sourceKey":"way:1498207934"}},{"type":"Feature","geometry":{"type":"LineString","coordinates":[[112.9194437,22.3940982],[112.9186879,22.3932024]]},"properties":{"key":"way:1498207935@overview:112_22","osmType":"way","osmId":1498207935,"sourceRegion":"guangdong","featureType":"infrastructure","railClass":"highspeed","mode":"rail","name":"深湛线","nameEn":"Shenzhen-Zhanjiang Railway","ref":"3071","operator":"中国铁路广州局集团有限公司","usage":"main","highspeed":"yes","status":"operational","color":"#E54848","dataOrigin":"datum-2026-08-01","sourceKey":"way:1498207935"}},{"type":"Feature","geometry":{"type":"LineString","coordinates":[[112.4572814,22.826142],[112.4925717,22.8183338]]},"properties":{"key":"way:1509798755@overview:112_22","osmType":"way","osmId":1509798755,"sourceRegion":"guangdong","featureType":"infrastructure","railClass":"construction","mode":"construction","name":"南珠高速线","nameEn":"Nanning-Zhuhai Highspeed Railway","usage":"main","highspeed":"yes","status":"construction","color":"#397F9D","dataOrigin":"datum-2026-08-01","sourceKey":"way:1509798755"}},{"type":"Feature","geometry":{"type":"LineString","coordinates":[[112.4465449,22.8302016],[112.4332904,22.8373101]]},"properties":{"key":"way:1509798756@overview:112_22","osmType":"way","osmId":1509798756,"sourceRegion":"guangdong","featureType":"infrastructure","railClass":"construction","mode":"construction","name":"南珠高速线","nameEn":"Nanning-Zhuhai Highspeed Railway","usage":"main","highspeed":"yes","status":"construction","color":"#397F9D","dataOrigin":"datum-2026-08-01","sourceKey":"way:1509798756"}},{"type":"Feature","geometry":{"type":"LineString","coordinates":[[112.4475649,22.8297459],[112.4465449,22.8302016]]},"properties":{"key":"way:1509798757@overview:112_22","osmType":"way","osmId":1509798757,"sourceRegion":"guangdong","featureType":"infrastructure","railClass":"construction","mode":"construction","name":"南珠高速线","nameEn":"Nanning-Zhuhai Highspeed Railway","usage":"main","highspeed":"yes","status":"construction","color":"#397F9D","dataOrigin":"datum-2026-08-01","sourceKey":"way:1509798757"}},{"type":"Feature","geometry":{"type":"LineString","coordinates":[[112.4475649,22.8297459],[112.4572814,22.826142]]},"properties":{"key":"way:1509798758@overview:112_22","osmType":"way","osmId":1509798758,"sourceRegion":"guangdong","featureType":"infrastructure","railClass":"construction","mode":"construction","name":"南珠高速线","nameEn":"Nanning-Zhuhai Highspeed Railway","usage":"main","highspeed":"yes","status":"construction","color":"#397F9D","dataOrigin":"datum-2026-08-01","sourceKey":"way:1509798758"}},{"type":"Feature","geometry":{"type":"LineString","coordinates":[[112.3681575,22.8768539],[112.3716568,22.8748737]]},"properties":{"key":"way:1509798759@overview:112_22","osmType":"way","osmId":1509798759,"sourceRegion":"guangdong","featureType":"infrastructure","railClass":"construction","mode":"construction","name":"南珠高速线","nameEn":"Nanning-Zhuhai Highspeed Railway","usage":"main","highspeed":"yes","status":"construction","color":"#397F9D","dataOrigin":"datum-2026-08-01","sourceKey":"way:1509798759"}},{"type":"Feature","geometry":{"type":"LineString","coordinates":[[112.4028937,22.856884],[112.4093176,22.8536697]]},"properties":{"key":"way:1509798760@overview:112_22","osmType":"way","osmId":1509798760,"sourceRegion":"guangdong","featureType":"infrastructure","railClass":"construction","mode":"construction","name":"南珠高速线","nameEn":"Nanning-Zhuhai Highspeed Railway","usage":"main","highspeed":"yes","status":"construction","color":"#397F9D","dataOrigin":"datum-2026-08-01","sourceKey":"way:1509798760"}},{"type":"Feature","geometry":{"type":"LineString","coordinates":[[112.3643061,22.8789969],[112.3572921,22.8821114]]},"properties":{"key":"way:1509798761@overview:112_22","osmType":"way","osmId":1509798761,"sourceRegion":"guangdong","featureType":"infrastructure","railClass":"construction","mode":"construction","name":"南珠高速线","nameEn":"Nanning-Zhuhai Highspeed Railway","usage":"main","highspeed":"yes","status":"construction","color":"#397F9D","dataOrigin":"datum-2026-08-01","sourceKey":"way:1509798761"}},{"type":"Feature","geometry":{"type":"LineString","coordinates":[[112.3681575,22.8768539],[112.3643061,22.8789969]]},"properties":{"key":"way:1509798762@overview:112_22","osmType":"way","osmId":1509798762,"sourceRegion":"guangdong","featureType":"infrastructure","railClass":"construction","mode":"construction","name":"南珠高速线","nameEn":"Nanning-Zhuhai Highspeed Railway","usage":"main","highspeed":"yes","status":"construction","color":"#397F9D","dataOrigin":"datum-2026-08-01","sourceKey":"way:1509798762"}},{"type":"Feature","geometry":{"type":"LineString","coordinates":[[112.4028937,22.856884],[112.3716568,22.8748737]]},"properties":{"key":"way:1509798763@overview:112_22","osmType":"way","osmId":1509798763,"sourceRegion":"guangdong","featureType":"infrastructure","railClass":"construction","mode":"construction","name":"南珠高速线","nameEn":"Nanning-Zhuhai Highspeed Railway","usage":"main","highspeed":"yes","status":"construction","color":"#397F9D","dataOrigin":"datum-2026-08-01","sourceKey":"way:1509798763"}},{"type":"Feature","geometry":{"type":"LineString","coordinates":[[112.4332904,22.8373101],[112.4093176,22.8536697]]},"properties":{"key":"way:1509798764@overview:112_22","osmType":"way","osmId":1509798764,"sourceRegion":"guangdong","featureType":"infrastructure","railClass":"construction","mode":"construction","name":"南珠高速线","nameEn":"Nanning-Zhuhai Highspeed Railway","usage":"main","highspeed":"yes","status":"construction","color":"#397F9D","dataOrigin":"datum-2026-08-01","sourceKey":"way:1509798764"}},{"type":"Feature","geometry":{"type":"LineString","coordinates":[[112.2586278,22.9237213],[112.2430735,22.9312531]]},"properties":{"key":"way:1509798821@overview:112_22","osmType":"way","osmId":1509798821,"sourceRegion":"guangdong","featureType":"infrastructure","railClass":"construction","mode":"construction","name":"南珠高速线","nameEn":"Nanning-Zhuhai Highspeed Railway","usage":"main","highspeed":"yes","status":"construction","color":"#397F9D","dataOrigin":"datum-2026-08-01","sourceKey":"way:1509798821"}},{"type":"Feature","geometry":{"type":"LineString","coordinates":[[112.318088,22.9043921],[112.3156341,22.9056699]]},"properties":{"key":"way:1509798822@overview:112_22","osmType":"way","osmId":1509798822,"sourceRegion":"guangdong","featureType":"infrastructure","railClass":"construction","mode":"construction","name":"南珠高速线","nameEn":"Nanning-Zhuhai Highspeed Railway","usage":"main","highspeed":"yes","status":"construction","color":"#397F9D","dataOrigin":"datum-2026-08-01","sourceKey":"way:1509798822"}},{"type":"Feature","geometry":{"type":"LineString","coordinates":[[112.3156341,22.9056699],[112.2612469,22.9225422]]},"properties":{"key":"way:1509798823@overview:112_22","osmType":"way","osmId":1509798823,"sourceRegion":"guangdong","featureType":"infrastructure","railClass":"construction","mode":"construction","name":"南珠高速线","nameEn":"Nanning-Zhuhai Highspeed Railway","usage":"main","highspeed":"yes","status":"construction","color":"#397F9D","dataOrigin":"datum-2026-08-01","sourceKey":"way:1509798823"}},{"type":"Feature","geometry":{"type":"LineString","coordinates":[[112.2430735,22.9312531],[112.2317571,22.9359548]]},"properties":{"key":"way:1509798824@overview:112_22","osmType":"way","osmId":1509798824,"sourceRegion":"guangdong","featureType":"infrastructure","railClass":"construction","mode":"construction","name":"南珠高速线","nameEn":"Nanning-Zhuhai Highspeed Railway","usage":"main","highspeed":"yes","status":"construction","color":"#397F9D","dataOrigin":"datum-2026-08-01","sourceKey":"way:1509798824"}},{"type":"Feature","geometry":{"type":"LineString","coordinates":[[112.181644,22.9450593],[112.1215821,22.939196],[112.0767455,22.9261279],[112.0108554,22.8762018]]},"properties":{"key":"way:1509798825@overview:112_22","osmType":"way","osmId":1509798825,"sourceRegion":"guangdong","featureType":"infrastructure","railClass":"construction","mode":"construction","name":"南珠高速线","nameEn":"Nanning-Zhuhai Highspeed Railway","usage":"main","highspeed":"yes","status":"construction","color":"#397F9D","dataOrigin":"datum-2026-08-01","sourceKey":"way:1509798825"}},{"type":"Feature","geometry":{"type":"LineString","coordinates":[[112.2612469,22.9225422],[112.2586278,22.9237213]]},"properties":{"key":"way:1509798826@overview:112_22","osmType":"way","osmId":1509798826,"sourceRegion":"guangdong","featureType":"infrastructure","railClass":"construction","mode":"construction","name":"南珠高速线","nameEn":"Nanning-Zhuhai Highspeed Railway","usage":"main","highspeed":"yes","status":"construction","color":"#397F9D","dataOrigin":"datum-2026-08-01","sourceKey":"way:1509798826"}},{"type":"Feature","geometry":{"type":"LineString","coordinates":[[112.3303098,22.8972194],[112.3572921,22.8821114]]},"properties":{"key":"way:1509798827@overview:112_22","osmType":"way","osmId":1509798827,"sourceRegion":"guangdong","featureType":"infrastructure","railClass":"construction","mode":"construction","name":"南珠高速线","nameEn":"Nanning-Zhuhai Highspeed Railway","usage":"main","highspeed":"yes","status":"construction","color":"#397F9D","dataOrigin":"datum-2026-08-01","sourceKey":"way:1509798827"}},{"type":"Feature","geometry":{"type":"LineString","coordinates":[[112.2317571,22.9359548],[112.181644,22.9450593]]},"properties":{"key":"way:1509798828@overview:112_22","osmType":"way","osmId":1509798828,"sourceRegion":"guangdong","featureType":"infrastructure","railClass":"construction","mode":"construction","name":"南珠高速线","nameEn":"Nanning-Zhuhai Highspeed Railway","usage":"main","highspeed":"yes","status":"construction","color":"#397F9D","dataOrigin":"datum-2026-08-01","sourceKey":"way:1509798828"}},{"type":"Feature","geometry":{"type":"LineString","coordinates":[[112.318088,22.9043921],[112.3303098,22.8972194]]},"properties":{"key":"way:1509798829@overview:112_22","osmType":"way","osmId":1509798829,"sourceRegion":"guangdong","featureType":"infrastructure","railClass":"construction","mode":"construction","name":"南珠高速线","nameEn":"Nanning-Zhuhai Highspeed Railway","usage":"main","highspeed":"yes","status":"construction","color":"#397F9D","dataOrigin":"datum-2026-08-01","sourceKey":"way:1509798829"}},{"type":"Feature","geometry":{"type":"LineString","coordinates":[[112.0108554,22.8762018],[112.0,22.871917763958013]]},"properties":{"key":"way:1509798831@overview:112_22","osmType":"way","osmId":1509798831,"sourceRegion":"guangdong","featureType":"infrastructure","railClass":"construction","mode":"construction","name":"南珠高速线","nameEn":"Nanning-Zhuhai Highspeed Railway","usage":"main","highspeed":"yes","status":"construction","color":"#397F9D","dataOrigin":"datum-2026-08-01","sourceKey":"way:1509798831"}},{"type":"Feature","geometry":{"type":"LineString","coordinates":[[112.2204109,22.7327492],[112.229084,22.759611]]},"properties":{"key":"way:1526718949@overview:112_22","osmType":"way","osmId":1526718949,"sourceRegion":"guangdong","featureType":"infrastructure","railClass":"national","mode":"rail","name":"广茂线","nameEn":"Guangmao Line","ref":"0708","operator":"中国铁路广州局集团有限公司","usage":"main","status":"operational","color":"#E54848","dataOrigin":"datum-2026-08-01","sourceKey":"way:1526718949"}},{"type":"Feature","geometry":{"type":"LineString","coordinates":[[112.2194292,22.7322315],[112.2204109,22.7327492]]},"properties":{"key":"way:1526718950@overview:112_22","osmType":"way","osmId":1526718950,"sourceRegion":"guangdong","featureType":"infrastructure","railClass":"national","mode":"rail","name":"广茂线","nameEn":"Guangmao Line","ref":"0708","operator":"中国铁路广州局集团有限公司","usage":"main","tunnel":"yes","status":"operational","color":"#E54848","dataOrigin":"datum-2026-08-01","sourceKey":"way:1526718950"}},{"type":"Feature","geometry":{"type":"LineString","coordinates":[[112.9225216,22.7700126],[112.9225893,22.7694196]]},"properties":{"key":"way:1529011943@overview:112_22","osmType":"way","osmId":1529011943,"sourceRegion":"guangdong","featureType":"infrastructure","railClass":"national","mode":"rail","name":"未命名","status":"operational","color":"#E54848","dataOrigin":"datum-2026-08-01","sourceKey":"way:1529011943"}},{"type":"Feature","geometry":{"type":"LineString","coordinates":[[112.9224737,22.7700045],[112.9226379,22.7694241]]},"properties":{"key":"way:1529011944@overview:112_22","osmType":"way","osmId":1529011944,"sourceRegion":"guangdong","featureType":"infrastructure","railClass":"national","mode":"rail","name":"未命名","status":"operational","color":"#E54848","dataOrigin":"datum-2026-08-01","sourceKey":"way:1529011944"}},{"type":"Feature","geometry":{"type":"LineString","coordinates":[[112.9246058,22.7596739],[112.9247184,22.7588266]]},"properties":{"key":"way:1529011945@overview:112_22","osmType":"way","osmId":1529011945,"sourceRegion":"guangdong","featureType":"infrastructure","railClass":"national","mode":"rail","name":"未命名","status":"operational","color":"#E54848","dataOrigin":"datum-2026-08-01","sourceKey":"way:1529011945"}},{"type":"Feature","geometry":{"type":"LineString","coordinates":[[112.9243511,22.7604422],[112.9247739,22.7588323]]},"properties":{"key":"way:1529011946@overview:112_22","osmType":"way","osmId":1529011946,"sourceRegion":"guangdong","featureType":"infrastructure","railClass":"national","mode":"rail","name":"未命名","status":"operational","color":"#E54848","dataOrigin":"datum-2026-08-01","sourceKey":"way:1529011946"}},{"type":"Feature","geometry":{"type":"LineString","coordinates":[[112.9249614,22.7575875],[112.9250642,22.7566816]]},"properties":{"key":"way:1529011947@overview:112_22","osmType":"way","osmId":1529011947,"sourceRegion":"guangdong","featureType":"infrastructure","railClass":"national","mode":"rail","name":"未命名","status":"operational","color":"#E54848","dataOrigin":"datum-2026-08-01","sourceKey":"way:1529011947"}},{"type":"Feature","geometry":{"type":"LineString","coordinates":[[112.9246137,22.7590609],[112.9247291,22.7584949]]},"properties":{"key":"way:1529011948@overview:112_22","osmType":"way","osmId":1529011948,"sourceRegion":"guangdong","featureType":"infrastructure","railClass":"national","mode":"rail","name":"未命名","status":"operational","color":"#E54848","dataOrigin":"datum-2026-08-01","sourceKey":"way:1529011948"}},{"type":"Feature","geometry":{"type":"LineString","coordinates":[[112.9248919,22.7582416],[112.9249614,22.7575875]]},"properties":{"key":"way:1529011949@overview:112_22","osmType":"way","osmId":1529011949,"sourceRegion":"guangdong","featureType":"infrastructure","railClass":"national","mode":"rail","name":"未命名","status":"operational","color":"#E54848","dataOrigin":"datum-2026-08-01","sourceKey":"way:1529011949"}},{"type":"Feature","geometry":{"type":"LineString","coordinates":[[112.9248347,22.7582332],[112.9250202,22.7575989]]},"properties":{"key":"way:1529011950@overview:112_22","osmType":"way","osmId":1529011950,"sourceRegion":"guangdong","featureType":"infrastructure","railClass":"national","mode":"rail","name":"未命名","status":"operational","color":"#E54848","dataOrigin":"datum-2026-08-01","sourceKey":"way:1529011950"}},{"type":"Feature","geometry":{"type":"LineString","coordinates":[[112.9246137,22.7590609],[112.9247822,22.7585009]]},"properties":{"key":"way:1529011951@overview:112_22","osmType":"way","osmId":1529011951,"sourceRegion":"guangdong","featureType":"infrastructure","railClass":"national","mode":"rail","name":"未命名","status":"operational","color":"#E54848","dataOrigin":"datum-2026-08-01","sourceKey":"way:1529011951"}},{"type":"Feature","geometry":{"type":"LineString","coordinates":[[112.9227663,22.7686075],[112.9246137,22.7590609]]},"properties":{"key":"way:1529011952@overview:112_22","osmType":"way","osmId":1529011952,"sourceRegion":"guangdong","featureType":"infrastructure","railClass":"national","mode":"rail","name":"未命名","status":"operational","color":"#E54848","dataOrigin":"datum-2026-08-01","sourceKey":"way:1529011952"}},{"type":"Feature","geometry":{"type":"LineString","coordinates":[[112.922813,22.768625],[112.9245678,22.7598642]]},"properties":{"key":"way:1529011953@overview:112_22","osmType":"way","osmId":1529011953,"sourceRegion":"guangdong","featureType":"infrastructure","railClass":"national","mode":"rail","name":"未命名","status":"operational","color":"#E54848","dataOrigin":"datum-2026-08-01","sourceKey":"way:1529011953"}},{"type":"Feature","geometry":{"type":"LineString","coordinates":[[112.9244313,22.7597584],[112.9245547,22.7593874]]},"properties":{"key":"way:1529011954@overview:112_22","osmType":"way","osmId":1529011954,"sourceRegion":"guangdong","featureType":"infrastructure","railClass":"national","mode":"rail","name":"未命名","status":"operational","color":"#E54848","dataOrigin":"datum-2026-08-01","sourceKey":"way:1529011954"}},{"type":"Feature","geometry":{"type":"LineString","coordinates":[[112.9227083,22.7685923],[112.9246286,22.7587832]]},"properties":{"key":"way:1529011955@overview:112_22","osmType":"way","osmId":1529011955,"sourceRegion":"guangdong","featureType":"infrastructure","railClass":"national","mode":"rail","name":"未命名","status":"operational","color":"#E54848","dataOrigin":"datum-2026-08-01","sourceKey":"way:1529011955"}},{"type":"Feature","geometry":{"type":"LineString","coordinates":[[112.9226265,22.7692489],[112.9244785,22.7597899]]},"properties":{"key":"way:1529011956@overview:112_22","osmType":"way","osmId":1529011956,"sourceRegion":"guangdong","featureType":"infrastructure","railClass":"national","mode":"rail","name":"未命名","status":"operational","color":"#E54848","dataOrigin":"datum-2026-08-01","sourceKey":"way:1529011956"}},{"type":"Feature","geometry":{"type":"LineString","coordinates":[[112.9226653,22.7688891],[112.9243831,22.7599019]]},"properties":{"key":"way:1529011957@overview:112_22","osmType":"way","osmId":1529011957,"sourceRegion":"guangdong","featureType":"infrastructure","railClass":"national","mode":"rail","name":"未命名","status":"operational","color":"#E54848","dataOrigin":"datum-2026-08-01","sourceKey":"way:1529011957"}},{"type":"Feature","geometry":{"type":"LineString","coordinates":[[112.5840248,22.9071989],[112.5798702,22.9007295]]},"properties":{"key":"way:1535473944@overview:112_22","osmType":"way","osmId":1535473944,"sourceRegion":"guangdong","featureType":"infrastructure","railClass":"construction","mode":"construction","name":"南珠高速线","nameEn":"Nanning-Zhuhai Highspeed Railway","usage":"main","highspeed":"yes","bridge":"yes","status":"construction","color":"#397F9D","dataOrigin":"datum-2026-08-01","sourceKey":"way:1535473944"}},{"type":"Feature","geometry":{"type":"LineString","coordinates":[[112.5798147,22.9007518],[112.5839685,22.9072303]]},"properties":{"key":"way:1535473945@overview:112_22","osmType":"way","osmId":1535473945,"sourceRegion":"guangdong","featureType":"infrastructure","railClass":"construction","mode":"construction","name":"南珠高速线","nameEn":"Nanning-Zhuhai Highspeed Railway","usage":"main","highspeed":"yes","bridge":"yes","status":"construction","color":"#397F9D","dataOrigin":"datum-2026-08-01","sourceKey":"way:1535473945"}},{"type":"Feature","geometry":{"type":"LineString","coordinates":[[112.5839685,22.9072303],[112.5844295,22.9078656]]},"properties":{"key":"way:1535473946@overview:112_22","osmType":"way","osmId":1535473946,"sourceRegion":"guangdong","featureType":"infrastructure","railClass":"construction","mode":"construction","name":"南珠高速线","nameEn":"Nanning-Zhuhai Highspeed Railway","usage":"main","highspeed":"yes","status":"construction","color":"#397F9D","dataOrigin":"datum-2026-08-01","sourceKey":"way:1535473946"}},{"type":"Feature","geometry":{"type":"LineString","coordinates":[[112.5844901,22.9078348],[112.5840248,22.9071989]]},"properties":{"key":"way:1535473947@overview:112_22","osmType":"way","osmId":1535473947,"sourceRegion":"guangdong","featureType":"infrastructure","railClass":"construction","mode":"construction","name":"南珠高速线","nameEn":"Nanning-Zhuhai Highspeed Railway","usage":"main","highspeed":"yes","status":"construction","color":"#397F9D","dataOrigin":"datum-2026-08-01","sourceKey":"way:1535473947"}},{"type":"Feature","geometry":{"type":"LineString","coordinates":[[112.5852287,22.9088153],[112.5844901,22.9078348]]},"properties":{"key":"way:1535473948@overview:112_22","osmType":"way","osmId":1535473948,"sourceRegion":"guangdong","featureType":"infrastructure","railClass":"construction","mode":"construction","name":"南珠高速线","nameEn":"Nanning-Zhuhai Highspeed Railway","usage":"main","highspeed":"yes","bridge":"yes","status":"construction","color":"#397F9D","dataOrigin":"datum-2026-08-01","sourceKey":"way:1535473948"}},{"type":"Feature","geometry":{"type":"LineString","coordinates":[[112.5844295,22.9078656],[112.5851648,22.9088461]]},"properties":{"key":"way:1535473949@overview:112_22","osmType":"way","osmId":1535473949,"sourceRegion":"guangdong","featureType":"infrastructure","railClass":"construction","mode":"construction","name":"南珠高速线","nameEn":"Nanning-Zhuhai Highspeed Railway","usage":"main","highspeed":"yes","bridge":"yes","status":"construction","color":"#397F9D","dataOrigin":"datum-2026-08-01","sourceKey":"way:1535473949"}},{"type":"Feature","geometry":{"type":"LineString","coordinates":[[112.5851648,22.9088461],[112.5855095,22.9092924]]},"properties":{"key":"way:1535473950@overview:112_22","osmType":"way","osmId":1535473950,"sourceRegion":"guangdong","featureType":"infrastructure","railClass":"construction","mode":"construction","name":"南珠高速线","nameEn":"Nanning-Zhuhai Highspeed Railway","usage":"main","highspeed":"yes","status":"construction","color":"#397F9D","dataOrigin":"datum-2026-08-01","sourceKey":"way:1535473950"}},{"type":"Feature","geometry":{"type":"LineString","coordinates":[[112.5855679,22.9092599],[112.5852287,22.9088153]]},"properties":{"key":"way:1535473951@overview:112_22","osmType":"way","osmId":1535473951,"sourceRegion":"guangdong","featureType":"infrastructure","railClass":"construction","mode":"construction","name":"南珠高速线","nameEn":"Nanning-Zhuhai Highspeed Railway","usage":"main","highspeed":"yes","status":"construction","color":"#397F9D","dataOrigin":"datum-2026-08-01","sourceKey":"way:1535473951"}},{"type":"Feature","geometry":{"type":"LineString","coordinates":[[112.5785455,22.8984374],[112.5798147,22.9007518]]},"properties":{"key":"way:1535473952@overview:112_22","osmType":"way","osmId":1535473952,"sourceRegion":"guangdong","featureType":"infrastructure","railClass":"construction","mode":"construction","name":"南珠高速线","nameEn":"Nanning-Zhuhai Highspeed Railway","usage":"main","highspeed":"yes","status":"construction","color":"#397F9D","dataOrigin":"datum-2026-08-01","sourceKey":"way:1535473952"}},{"type":"Feature","geometry":{"type":"LineString","coordinates":[[112.5798702,22.9007295],[112.5786066,22.8984162]]},"properties":{"key":"way:1535473953@overview:112_22","osmType":"way","osmId":1535473953,"sourceRegion":"guangdong","featureType":"infrastructure","railClass":"construction","mode":"construction","name":"南珠高速线","nameEn":"Nanning-Zhuhai Highspeed Railway","usage":"main","highspeed":"yes","status":"construction","color":"#397F9D","dataOrigin":"datum-2026-08-01","sourceKey":"way:1535473953"}},{"type":"Feature","geometry":{"type":"LineString","coordinates":[[112.5599767,22.8413127],[112.5614795,22.8442474]]},"properties":{"key":"way:1535473954@overview:112_22","osmType":"way","osmId":1535473954,"sourceRegion":"guangdong","featureType":"infrastructure","railClass":"construction","mode":"construction","name":"南珠高速线","nameEn":"Nanning-Zhuhai Highspeed Railway","usage":"main","highspeed":"yes","bridge":"yes","status":"construction","color":"#397F9D","dataOrigin":"datum-2026-08-01","sourceKey":"way:1535473954"}},{"type":"Feature","geometry":{"type":"LineString","coordinates":[[112.5786066,22.8984162],[112.5615288,22.844225]]},"properties":{"key":"way:1535473955@overview:112_22","osmType":"way","osmId":1535473955,"sourceRegion":"guangdong","featureType":"infrastructure","railClass":"construction","mode":"construction","name":"南珠高速线","nameEn":"Nanning-Zhuhai Highspeed Railway","usage":"main","highspeed":"yes","tunnel":"yes","status":"construction","color":"#397F9D","dataOrigin":"datum-2026-08-01","sourceKey":"way:1535473955"}},{"type":"Feature","geometry":{"type":"LineString","coordinates":[[112.5615288,22.844225],[112.5600257,22.841278]]},"properties":{"key":"way:1535473956@overview:112_22","osmType":"way","osmId":1535473956,"sourceRegion":"guangdong","featureType":"infrastructure","railClass":"construction","mode":"construction","name":"南珠高速线","nameEn":"Nanning-Zhuhai Highspeed Railway","usage":"main","highspeed":"yes","bridge":"yes","status":"construction","color":"#397F9D","dataOrigin":"datum-2026-08-01","sourceKey":"way:1535473956"}},{"type":"Feature","geometry":{"type":"LineString","coordinates":[[112.5583174,22.8385879],[112.5588137,22.8393715]]},"properties":{"key":"way:1535473957@overview:112_22","osmType":"way","osmId":1535473957,"sourceRegion":"guangdong","featureType":"infrastructure","railClass":"construction","mode":"construction","name":"南珠高速线","nameEn":"Nanning-Zhuhai Highspeed Railway","usage":"main","highspeed":"yes","status":"construction","color":"#397F9D","dataOrigin":"datum-2026-08-01","sourceKey":"way:1535473957"}},{"type":"Feature","geometry":{"type":"LineString","coordinates":[[112.5588712,22.8393508],[112.5583697,22.8385509]]},"properties":{"key":"way:1535473958@overview:112_22","osmType":"way","osmId":1535473958,"sourceRegion":"guangdong","featureType":"infrastructure","railClass":"construction","mode":"construction","name":"南珠高速线","nameEn":"Nanning-Zhuhai Highspeed Railway","usage":"main","highspeed":"yes","status":"construction","color":"#397F9D","dataOrigin":"datum-2026-08-01","sourceKey":"way:1535473958"}},{"type":"Feature","geometry":{"type":"LineString","coordinates":[[112.5588137,22.8393715],[112.5593557,22.8402252]]},"properties":{"key":"way:1535473959@overview:112_22","osmType":"way","osmId":1535473959,"sourceRegion":"guangdong","featureType":"infrastructure","railClass":"construction","mode":"construction","name":"南珠高速线","nameEn":"Nanning-Zhuhai Highspeed Railway","usage":"main","highspeed":"yes","tunnel":"yes","status":"construction","color":"#397F9D","dataOrigin":"datum-2026-08-01","sourceKey":"way:1535473959"}},{"type":"Feature","geometry":{"type":"LineString","coordinates":[[112.5594048,22.8401988],[112.5588712,22.8393508]]},"properties":{"key":"way:1535473960@overview:112_22","osmType":"way","osmId":1535473960,"sourceRegion":"guangdong","featureType":"infrastructure","railClass":"construction","mode":"construction","name":"南珠高速线","nameEn":"Nanning-Zhuhai Highspeed Railway","usage":"main","highspeed":"yes","tunnel":"yes","status":"construction","color":"#397F9D","dataOrigin":"datum-2026-08-01","sourceKey":"way:1535473960"}},{"type":"Feature","geometry":{"type":"LineString","coordinates":[[112.5593557,22.8402252],[112.5599767,22.8413127]]},"properties":{"key":"way:1535473961@overview:112_22","osmType":"way","osmId":1535473961,"sourceRegion":"guangdong","featureType":"infrastructure","railClass":"construction","mode":"construction","name":"南珠高速线","nameEn":"Nanning-Zhuhai Highspeed Railway","usage":"main","highspeed":"yes","status":"construction","color":"#397F9D","dataOrigin":"datum-2026-08-01","sourceKey":"way:1535473961"}},{"type":"Feature","geometry":{"type":"LineString","coordinates":[[112.5600257,22.841278],[112.5594048,22.8401988]]},"properties":{"key":"way:1535473962@overview:112_22","osmType":"way","osmId":1535473962,"sourceRegion":"guangdong","featureType":"infrastructure","railClass":"construction","mode":"construction","name":"南珠高速线","nameEn":"Nanning-Zhuhai Highspeed Railway","usage":"main","highspeed":"yes","status":"construction","color":"#397F9D","dataOrigin":"datum-2026-08-01","sourceKey":"way:1535473962"}},{"type":"Feature","geometry":{"type":"LineString","coordinates":[[112.5583174,22.8385879],[112.5442748,22.8243918]]},"properties":{"key":"way:1535473963@overview:112_22","osmType":"way","osmId":1535473963,"sourceRegion":"guangdong","featureType":"infrastructure","railClass":"construction","mode":"construction","name":"南珠高速线","nameEn":"Nanning-Zhuhai Highspeed Railway","usage":"main","highspeed":"yes","status":"construction","color":"#397F9D","dataOrigin":"datum-2026-08-01","sourceKey":"way:1535473963"}},{"type":"Feature","geometry":{"type":"LineString","coordinates":[[112.5442748,22.8243918],[112.5426324,22.8233552]]},"properties":{"key":"way:1535473964@overview:112_22","osmType":"way","osmId":1535473964,"sourceRegion":"guangdong","featureType":"infrastructure","railClass":"construction","mode":"construction","name":"南珠高速线","nameEn":"Nanning-Zhuhai Highspeed Railway","usage":"main","highspeed":"yes","bridge":"yes","status":"construction","color":"#397F9D","dataOrigin":"datum-2026-08-01","sourceKey":"way:1535473964"}},{"type":"Feature","geometry":{"type":"LineString","coordinates":[[112.5583697,22.8385509],[112.5443037,22.824348]]},"properties":{"key":"way:1535473965@overview:112_22","osmType":"way","osmId":1535473965,"sourceRegion":"guangdong","featureType":"infrastructure","railClass":"construction","mode":"construction","name":"南珠高速线","nameEn":"Nanning-Zhuhai Highspeed Railway","usage":"main","highspeed":"yes","status":"construction","color":"#397F9D","dataOrigin":"datum-2026-08-01","sourceKey":"way:1535473965"}},{"type":"Feature","geometry":{"type":"LineString","coordinates":[[112.5443037,22.824348],[112.5426657,22.8233163]]},"properties":{"key":"way:1535473966@overview:112_22","osmType":"way","osmId":1535473966,"sourceRegion":"guangdong","featureType":"infrastructure","railClass":"construction","mode":"construction","name":"南珠高速线","nameEn":"Nanning-Zhuhai Highspeed Railway","usage":"main","highspeed":"yes","bridge":"yes","status":"construction","color":"#397F9D","dataOrigin":"datum-2026-08-01","sourceKey":"way:1535473966"}},{"type":"Feature","geometry":{"type":"LineString","coordinates":[[112.5426324,22.8233552],[112.5410445,22.8224272]]},"properties":{"key":"way:1535473967@overview:112_22","osmType":"way","osmId":1535473967,"sourceRegion":"guangdong","featureType":"infrastructure","railClass":"construction","mode":"construction","name":"南珠高速线","nameEn":"Nanning-Zhuhai Highspeed Railway","usage":"main","highspeed":"yes","tunnel":"yes","status":"construction","color":"#397F9D","dataOrigin":"datum-2026-08-01","sourceKey":"way:1535473967"}},{"type":"Feature","geometry":{"type":"LineString","coordinates":[[112.5426657,22.8233163],[112.5410718,22.8223861]]},"properties":{"key":"way:1535473968@overview:112_22","osmType":"way","osmId":1535473968,"sourceRegion":"guangdong","featureType":"infrastructure","railClass":"construction","mode":"construction","name":"南珠高速线","nameEn":"Nanning-Zhuhai Highspeed Railway","usage":"main","highspeed":"yes","tunnel":"yes","status":"construction","color":"#397F9D","dataOrigin":"datum-2026-08-01","sourceKey":"way:1535473968"}},{"type":"Feature","geometry":{"type":"LineString","coordinates":[[112.5410445,22.8224272],[112.5397332,22.8217175]]},"properties":{"key":"way:1535473969@overview:112_22","osmType":"way","osmId":1535473969,"sourceRegion":"guangdong","featureType":"infrastructure","railClass":"construction","mode":"construction","name":"南珠高速线","nameEn":"Nanning-Zhuhai Highspeed Railway","usage":"main","highspeed":"yes","bridge":"yes","status":"construction","color":"#397F9D","dataOrigin":"datum-2026-08-01","sourceKey":"way:1535473969"}},{"type":"Feature","geometry":{"type":"LineString","coordinates":[[112.5410718,22.8223861],[112.5397581,22.8216817]]},"properties":{"key":"way:1535473970@overview:112_22","osmType":"way","osmId":1535473970,"sourceRegion":"guangdong","featureType":"infrastructure","railClass":"construction","mode":"construction","name":"南珠高速线","nameEn":"Nanning-Zhuhai Highspeed Railway","usage":"main","highspeed":"yes","bridge":"yes","status":"construction","color":"#397F9D","dataOrigin":"datum-2026-08-01","sourceKey":"way:1535473970"}},{"type":"Feature","geometry":{"type":"LineString","coordinates":[[112.538815,22.8212484],[112.5378022,22.8207448]]},"properties":{"key":"way:1535473971@overview:112_22","osmType":"way","osmId":1535473971,"sourceRegion":"guangdong","featureType":"infrastructure","railClass":"construction","mode":"construction","name":"南珠高速线","nameEn":"Nanning-Zhuhai Highspeed Railway","usage":"main","highspeed":"yes","bridge":"yes","status":"construction","color":"#397F9D","dataOrigin":"datum-2026-08-01","sourceKey":"way:1535473971"}},{"type":"Feature","geometry":{"type":"LineString","coordinates":[[112.5388411,22.8212125],[112.537824,22.8207049]]},"properties":{"key":"way:1535473972@overview:112_22","osmType":"way","osmId":1535473972,"sourceRegion":"guangdong","featureType":"infrastructure","railClass":"construction","mode":"construction","name":"南珠高速线","nameEn":"Nanning-Zhuhai Highspeed Railway","usage":"main","highspeed":"yes","bridge":"yes","status":"construction","color":"#397F9D","dataOrigin":"datum-2026-08-01","sourceKey":"way:1535473972"}},{"type":"Feature","geometry":{"type":"LineString","coordinates":[[112.5397332,22.8217175],[112.538815,22.8212484]]},"properties":{"key":"way:1535473973@overview:112_22","osmType":"way","osmId":1535473973,"sourceRegion":"guangdong","featureType":"infrastructure","railClass":"construction","mode":"construction","name":"南珠高速线","nameEn":"Nanning-Zhuhai Highspeed Railway","usage":"main","highspeed":"yes","status":"construction","color":"#397F9D","dataOrigin":"datum-2026-08-01","sourceKey":"way:1535473973"}},{"type":"Feature","geometry":{"type":"LineString","coordinates":[[112.5397581,22.8216817],[112.5388411,22.8212125]]},"properties":{"key":"way:1535473974@overview:112_22","osmType":"way","osmId":1535473974,"sourceRegion":"guangdong","featureType":"infrastructure","railClass":"construction","mode":"construction","name":"南珠高速线","nameEn":"Nanning-Zhuhai Highspeed Railway","usage":"main","highspeed":"yes","status":"construction","color":"#397F9D","dataOrigin":"datum-2026-08-01","sourceKey":"way:1535473974"}},{"type":"Feature","geometry":{"type":"LineString","coordinates":[[112.5378022,22.8207448],[112.5362534,22.8200485]]},"properties":{"key":"way:1535473975@overview:112_22","osmType":"way","osmId":1535473975,"sourceRegion":"guangdong","featureType":"infrastructure","railClass":"construction","mode":"construction","name":"南珠高速线","nameEn":"Nanning-Zhuhai Highspeed Railway","usage":"main","highspeed":"yes","tunnel":"yes","status":"construction","color":"#397F9D","dataOrigin":"datum-2026-08-01","sourceKey":"way:1535473975"}},{"type":"Feature","geometry":{"type":"LineString","coordinates":[[112.537824,22.8207049],[112.536279,22.8200064]]},"properties":{"key":"way:1535473976@overview:112_22","osmType":"way","osmId":1535473976,"sourceRegion":"guangdong","featureType":"infrastructure","railClass":"construction","mode":"construction","name":"南珠高速线","nameEn":"Nanning-Zhuhai Highspeed Railway","usage":"main","highspeed":"yes","tunnel":"yes","status":"construction","color":"#397F9D","dataOrigin":"datum-2026-08-01","sourceKey":"way:1535473976"}},{"type":"Feature","geometry":{"type":"LineString","coordinates":[[112.536279,22.8200064],[112.5343279,22.8192078]]},"properties":{"key":"way:1535473977@overview:112_22","osmType":"way","osmId":1535473977,"sourceRegion":"guangdong","featureType":"infrastructure","railClass":"construction","mode":"construction","name":"南珠高速线","nameEn":"Nanning-Zhuhai Highspeed Railway","usage":"main","highspeed":"yes","bridge":"yes","status":"construction","color":"#397F9D","dataOrigin":"datum-2026-08-01","sourceKey":"way:1535473977"}},{"type":"Feature","geometry":{"type":"LineString","coordinates":[[112.5362534,22.8200485],[112.5342986,22.8192567]]},"properties":{"key":"way:1535473978@overview:112_22","osmType":"way","osmId":1535473978,"sourceRegion":"guangdong","featureType":"infrastructure","railClass":"construction","mode":"construction","name":"南珠高速线","nameEn":"Nanning-Zhuhai Highspeed Railway","usage":"main","highspeed":"yes","bridge":"yes","status":"construction","color":"#397F9D","dataOrigin":"datum-2026-08-01","sourceKey":"way:1535473978"}},{"type":"Feature","geometry":{"type":"LineString","coordinates":[[112.5343279,22.8192078],[112.5322885,22.8184745]]},"properties":{"key":"way:1535473979@overview:112_22","osmType":"way","osmId":1535473979,"sourceRegion":"guangdong","featureType":"infrastructure","railClass":"construction","mode":"construction","name":"南珠高速线","nameEn":"Nanning-Zhuhai Highspeed Railway","usage":"main","highspeed":"yes","tunnel":"yes","status":"construction","color":"#397F9D","dataOrigin":"datum-2026-08-01","sourceKey":"way:1535473979"}},{"type":"Feature","geometry":{"type":"LineString","coordinates":[[112.5342986,22.8192567],[112.5322692,22.818525]]},"properties":{"key":"way:1535473980@overview:112_22","osmType":"way","osmId":1535473980,"sourceRegion":"guangdong","featureType":"infrastructure","railClass":"construction","mode":"construction","name":"南珠高速线","nameEn":"Nanning-Zhuhai Highspeed Railway","usage":"main","highspeed":"yes","tunnel":"yes","status":"construction","color":"#397F9D","dataOrigin":"datum-2026-08-01","sourceKey":"way:1535473980"}},{"type":"Feature","geometry":{"type":"LineString","coordinates":[[112.5322692,22.818525],[112.5301796,22.8178758]]},"properties":{"key":"way:1535473981@overview:112_22","osmType":"way","osmId":1535473981,"sourceRegion":"guangdong","featureType":"infrastructure","railClass":"construction","mode":"construction","name":"南珠高速线","nameEn":"Nanning-Zhuhai Highspeed Railway","usage":"main","highspeed":"yes","bridge":"yes","status":"construction","color":"#397F9D","dataOrigin":"datum-2026-08-01","sourceKey":"way:1535473981"}},{"type":"Feature","geometry":{"type":"LineString","coordinates":[[112.5322885,22.8184745],[112.5301998,22.817819]]},"properties":{"key":"way:1535473982@overview:112_22","osmType":"way","osmId":1535473982,"sourceRegion":"guangdong","featureType":"infrastructure","railClass":"construction","mode":"construction","name":"南珠高速线","nameEn":"Nanning-Zhuhai Highspeed Railway","usage":"main","highspeed":"yes","bridge":"yes","status":"construction","color":"#397F9D","dataOrigin":"datum-2026-08-01","sourceKey":"way:1535473982"}},{"type":"Feature","geometry":{"type":"LineString","coordinates":[[112.5301796,22.8178758],[112.5296237,22.8177153]]},"properties":{"key":"way:1535473983@overview:112_22","osmType":"way","osmId":1535473983,"sourceRegion":"guangdong","featureType":"infrastructure","railClass":"construction","mode":"construction","name":"南珠高速线","nameEn":"Nanning-Zhuhai Highspeed Railway","usage":"main","highspeed":"yes","status":"construction","color":"#397F9D","dataOrigin":"datum-2026-08-01","sourceKey":"way:1535473983"}},{"type":"Feature","geometry":{"type":"LineString","coordinates":[[112.5301998,22.817819],[112.5296438,22.8176596]]},"properties":{"key":"way:1535473984@overview:112_22","osmType":"way","osmId":1535473984,"sourceRegion":"guangdong","featureType":"infrastructure","railClass":"construction","mode":"construction","name":"南珠高速线","nameEn":"Nanning-Zhuhai Highspeed Railway","usage":"main","highspeed":"yes","status":"construction","color":"#397F9D","dataOrigin":"datum-2026-08-01","sourceKey":"way:1535473984"}},{"type":"Feature","geometry":{"type":"LineString","coordinates":[[112.5296237,22.8177153],[112.5244985,22.8165128]]},"properties":{"key":"way:1535473985@overview:112_22","osmType":"way","osmId":1535473985,"sourceRegion":"guangdong","featureType":"infrastructure","railClass":"construction","mode":"construction","name":"南珠高速线","nameEn":"Nanning-Zhuhai Highspeed Railway","usage":"main","highspeed":"yes","bridge":"yes","status":"construction","color":"#397F9D","dataOrigin":"datum-2026-08-01","sourceKey":"way:1535473985"}},{"type":"Feature","geometry":{"type":"LineString","coordinates":[[112.5296438,22.8176596],[112.5245143,22.8164657]]},"properties":{"key":"way:1535473986@overview:112_22","osmType":"way","osmId":1535473986,"sourceRegion":"guangdong","featureType":"infrastructure","railClass":"construction","mode":"construction","name":"南珠高速线","nameEn":"Nanning-Zhuhai Highspeed Railway","usage":"main","highspeed":"yes","bridge":"yes","status":"construction","color":"#397F9D","dataOrigin":"datum-2026-08-01","sourceKey":"way:1535473986"}},{"type":"Feature","geometry":{"type":"LineString","coordinates":[[112.5244985,22.8165128],[112.5237496,22.8163942]]},"properties":{"key":"way:1535473987@overview:112_22","osmType":"way","osmId":1535473987,"sourceRegion":"guangdong","featureType":"infrastructure","railClass":"construction","mode":"construction","name":"南珠高速线","nameEn":"Nanning-Zhuhai Highspeed Railway","usage":"main","highspeed":"yes","status":"construction","color":"#397F9D","dataOrigin":"datum-2026-08-01","sourceKey":"way:1535473987"}},{"type":"Feature","geometry":{"type":"LineString","coordinates":[[112.5245143,22.8164657],[112.5237586,22.8163409]]},"properties":{"key":"way:1535473988@overview:112_22","osmType":"way","osmId":1535473988,"sourceRegion":"guangdong","featureType":"infrastructure","railClass":"construction","mode":"construction","name":"南珠高速线","nameEn":"Nanning-Zhuhai Highspeed Railway","usage":"main","highspeed":"yes","status":"construction","color":"#397F9D","dataOrigin":"datum-2026-08-01","sourceKey":"way:1535473988"}},{"type":"Feature","geometry":{"type":"LineString","coordinates":[[112.5237586,22.8163409],[112.5222213,22.8161102]]},"properties":{"key":"way:1535473989@overview:112_22","osmType":"way","osmId":1535473989,"sourceRegion":"guangdong","featureType":"infrastructure","railClass":"construction","mode":"construction","name":"南珠高速线","nameEn":"Nanning-Zhuhai Highspeed Railway","usage":"main","highspeed":"yes","bridge":"yes","status":"construction","color":"#397F9D","dataOrigin":"datum-2026-08-01","sourceKey":"way:1535473989"}},{"type":"Feature","geometry":{"type":"LineString","coordinates":[[112.5237496,22.8163942],[112.5222118,22.8161652]]},"properties":{"key":"way:1535473990@overview:112_22","osmType":"way","osmId":1535473990,"sourceRegion":"guangdong","featureType":"infrastructure","railClass":"construction","mode":"construction","name":"南珠高速线","nameEn":"Nanning-Zhuhai Highspeed Railway","usage":"main","highspeed":"yes","bridge":"yes","status":"construction","color":"#397F9D","dataOrigin":"datum-2026-08-01","sourceKey":"way:1535473990"}},{"type":"Feature","geometry":{"type":"LineString","coordinates":[[112.5222118,22.8161652],[112.5211107,22.8160258]]},"properties":{"key":"way:1535473991@overview:112_22","osmType":"way","osmId":1535473991,"sourceRegion":"guangdong","featureType":"infrastructure","railClass":"construction","mode":"construction","name":"南珠高速线","nameEn":"Nanning-Zhuhai Highspeed Railway","usage":"main","highspeed":"yes","status":"construction","color":"#397F9D","dataOrigin":"datum-2026-08-01","sourceKey":"way:1535473991"}},{"type":"Feature","geometry":{"type":"LineString","coordinates":[[112.5222213,22.8161102],[112.5211223,22.8159726]]},"properties":{"key":"way:1535473992@overview:112_22","osmType":"way","osmId":1535473992,"sourceRegion":"guangdong","featureType":"infrastructure","railClass":"construction","mode":"construction","name":"南珠高速线","nameEn":"Nanning-Zhuhai Highspeed Railway","usage":"main","highspeed":"yes","status":"construction","color":"#397F9D","dataOrigin":"datum-2026-08-01","sourceKey":"way:1535473992"}},{"type":"Feature","geometry":{"type":"LineString","coordinates":[[112.5211107,22.8160258],[112.5177172,22.8157388]]},"properties":{"key":"way:1535473993@overview:112_22","osmType":"way","osmId":1535473993,"sourceRegion":"guangdong","featureType":"infrastructure","railClass":"construction","mode":"construction","name":"南珠高速线","nameEn":"Nanning-Zhuhai Highspeed Railway","usage":"main","highspeed":"yes","bridge":"yes","status":"construction","color":"#397F9D","dataOrigin":"datum-2026-08-01","sourceKey":"way:1535473993"}},{"type":"Feature","geometry":{"type":"LineString","coordinates":[[112.5211223,22.8159726],[112.5177157,22.8156813]]},"properties":{"key":"way:1535473994@overview:112_22","osmType":"way","osmId":1535473994,"sourceRegion":"guangdong","featureType":"infrastructure","railClass":"construction","mode":"construction","name":"南珠高速线","nameEn":"Nanning-Zhuhai Highspeed Railway","usage":"main","highspeed":"yes","bridge":"yes","status":"construction","color":"#397F9D","dataOrigin":"datum-2026-08-01","sourceKey":"way:1535473994"}},{"type":"Feature","geometry":{"type":"LineString","coordinates":[[112.5177172,22.8157388],[112.5148035,22.8156536]]},"properties":{"key":"way:1535473995@overview:112_22","osmType":"way","osmId":1535473995,"sourceRegion":"guangdong","featureType":"infrastructure","railClass":"construction","mode":"construction","name":"南珠高速线","nameEn":"Nanning-Zhuhai Highspeed Railway","usage":"main","highspeed":"yes","tunnel":"yes","status":"construction","color":"#397F9D","dataOrigin":"datum-2026-08-01","sourceKey":"way:1535473995"}},{"type":"Feature","geometry":{"type":"LineString","coordinates":[[112.5177157,22.8156813],[112.5148044,22.8155932]]},"properties":{"key":"way:1535473996@overview:112_22","osmType":"way","osmId":1535473996,"sourceRegion":"guangdong","featureType":"infrastructure","railClass":"construction","mode":"construction","name":"南珠高速线","nameEn":"Nanning-Zhuhai Highspeed Railway","usage":"main","highspeed":"yes","tunnel":"yes","status":"construction","color":"#397F9D","dataOrigin":"datum-2026-08-01","sourceKey":"way:1535473996"}},{"type":"Feature","geometry":{"type":"LineString","coordinates":[[112.5148035,22.8156536],[112.5126296,22.8157085]]},"properties":{"key":"way:1535473997@overview:112_22","osmType":"way","osmId":1535473997,"sourceRegion":"guangdong","featureType":"infrastructure","railClass":"construction","mode":"construction","name":"南珠高速线","nameEn":"Nanning-Zhuhai Highspeed Railway","usage":"main","highspeed":"yes","bridge":"yes","status":"construction","color":"#397F9D","dataOrigin":"datum-2026-08-01","sourceKey":"way:1535473997"}},{"type":"Feature","geometry":{"type":"LineString","coordinates":[[112.5148044,22.8155932],[112.5126297,22.8156384]]},"properties":{"key":"way:1535473998@overview:112_22","osmType":"way","osmId":1535473998,"sourceRegion":"guangdong","featureType":"infrastructure","railClass":"construction","mode":"construction","name":"南珠高速线","nameEn":"Nanning-Zhuhai Highspeed Railway","usage":"main","highspeed":"yes","bridge":"yes","status":"construction","color":"#397F9D","dataOrigin":"datum-2026-08-01","sourceKey":"way:1535473998"}},{"type":"Feature","geometry":{"type":"LineString","coordinates":[[112.5101501,22.8158004],[112.5054788,22.8163744]]},"properties":{"key":"way:1535473999@overview:112_22","osmType":"way","osmId":1535473999,"sourceRegion":"guangdong","featureType":"infrastructure","railClass":"construction","mode":"construction","name":"南珠高速线","nameEn":"Nanning-Zhuhai Highspeed Railway","usage":"main","highspeed":"yes","bridge":"yes","status":"construction","color":"#397F9D","dataOrigin":"datum-2026-08-01","sourceKey":"way:1535473999"}},{"type":"Feature","geometry":{"type":"LineString","coordinates":[[112.5101515,22.8158585],[112.5054865,22.81643]]},"properties":{"key":"way:1535474000@overview:112_22","osmType":"way","osmId":1535474000,"sourceRegion":"guangdong","featureType":"infrastructure","railClass":"construction","mode":"construction","name":"南珠高速线","nameEn":"Nanning-Zhuhai Highspeed Railway","usage":"main","highspeed":"yes","bridge":"yes","status":"construction","color":"#397F9D","dataOrigin":"datum-2026-08-01","sourceKey":"way:1535474000"}},{"type":"Feature","geometry":{"type":"LineString","coordinates":[[112.5126296,22.8157085],[112.5101515,22.8158585]]},"properties":{"key":"way:1535474001@overview:112_22","osmType":"way","osmId":1535474001,"sourceRegion":"guangdong","featureType":"infrastructure","railClass":"construction","mode":"construction","name":"南珠高速线","nameEn":"Nanning-Zhuhai Highspeed Railway","usage":"main","highspeed":"yes","status":"construction","color":"#397F9D","dataOrigin":"datum-2026-08-01","sourceKey":"way:1535474001"}},{"type":"Feature","geometry":{"type":"LineString","coordinates":[[112.5126297,22.8156384],[112.5101501,22.8158004]]},"properties":{"key":"way:1535474002@overview:112_22","osmType":"way","osmId":1535474002,"sourceRegion":"guangdong","featureType":"infrastructure","railClass":"construction","mode":"construction","name":"南珠高速线","nameEn":"Nanning-Zhuhai Highspeed Railway","usage":"main","highspeed":"yes","status":"construction","color":"#397F9D","dataOrigin":"datum-2026-08-01","sourceKey":"way:1535474002"}}]}