{"type":"FeatureCollection","features":[{"type":"Feature","geometry":{"type":"LineString","coordinates":[[115.7556863,22.963876],[115.7696311,22.970533]]},"properties":{"key":"way:161238220@overview:115_22","osmType":"way","osmId":161238220,"sourceRegion":"guangdong","featureType":"infrastructure","railClass":"highspeed","mode":"rail","name":"杭深线","nameEn":"Hangzhou-Shenzhen Line","ref":"3009","usage":"main","highspeed":"yes","bridge":"viaduct","status":"operational","color":"#E54848","dataOrigin":"datum-2026-08-01","sourceKey":"way:161238220"}},{"type":"Feature","geometry":{"type":"LineString","coordinates":[[115.7168801,22.9455994],[115.737619,22.9539377]]},"properties":{"key":"way:161238221@overview:115_22","osmType":"way","osmId":161238221,"sourceRegion":"guangdong","featureType":"infrastructure","railClass":"highspeed","mode":"rail","name":"杭深线","nameEn":"Hangzhou-Shenzhen Line","ref":"3009","usage":"main","highspeed":"yes","status":"operational","color":"#E54848","dataOrigin":"datum-2026-08-01","sourceKey":"way:161238221"}},{"type":"Feature","geometry":{"type":"LineString","coordinates":[[115.7508342,22.9605261],[115.7526903,22.9618202]]},"properties":{"key":"way:161238222@overview:115_22","osmType":"way","osmId":161238222,"sourceRegion":"guangdong","featureType":"infrastructure","railClass":"highspeed","mode":"rail","name":"杭深线","nameEn":"Hangzhou-Shenzhen Line","ref":"3009","usage":"main","highspeed":"yes","bridge":"viaduct","status":"operational","color":"#E54848","dataOrigin":"datum-2026-08-01","sourceKey":"way:161238222"}},{"type":"Feature","geometry":{"type":"LineString","coordinates":[[115.5511126,22.8569157],[115.5560018,22.8591253]]},"properties":{"key":"way:161238223@overview:115_22","osmType":"way","osmId":161238223,"sourceRegion":"guangdong","featureType":"infrastructure","railClass":"highspeed","mode":"rail","name":"杭深线","nameEn":"Hangzhou-Shenzhen Line","ref":"3009","usage":"main","highspeed":"yes","status":"operational","color":"#E54848","dataOrigin":"datum-2026-08-01","sourceKey":"way:161238223"}},{"type":"Feature","geometry":{"type":"LineString","coordinates":[[115.7526903,22.9618202],[115.7556863,22.963876]]},"properties":{"key":"way:161238224@overview:115_22","osmType":"way","osmId":161238224,"sourceRegion":"guangdong","featureType":"infrastructure","railClass":"highspeed","mode":"rail","name":"杭深线","nameEn":"Hangzhou-Shenzhen Line","ref":"3009","usage":"main","highspeed":"yes","status":"operational","color":"#E54848","dataOrigin":"datum-2026-08-01","sourceKey":"way:161238224"}},{"type":"Feature","geometry":{"type":"LineString","coordinates":[[115.6080795,22.885309],[115.6631673,22.91183],[115.702761,22.939029],[115.7168801,22.9455994]]},"properties":{"key":"way:161238225@overview:115_22","osmType":"way","osmId":161238225,"sourceRegion":"guangdong","featureType":"infrastructure","railClass":"highspeed","mode":"rail","name":"杭深线","nameEn":"Hangzhou-Shenzhen Line","ref":"3009","usage":"main","highspeed":"yes","bridge":"viaduct","status":"operational","color":"#E54848","dataOrigin":"datum-2026-08-01","sourceKey":"way:161238225"}},{"type":"Feature","geometry":{"type":"LineString","coordinates":[[115.7420044,22.9557644],[115.7508342,22.9605261]]},"properties":{"key":"way:161238227@overview:115_22","osmType":"way","osmId":161238227,"sourceRegion":"guangdong","featureType":"infrastructure","railClass":"highspeed","mode":"rail","name":"杭深线","nameEn":"Hangzhou-Shenzhen Line","ref":"3009","usage":"main","highspeed":"yes","status":"operational","color":"#E54848","dataOrigin":"datum-2026-08-01","sourceKey":"way:161238227"}},{"type":"Feature","geometry":{"type":"LineString","coordinates":[[115.737619,22.9539377],[115.7420044,22.9557644]]},"properties":{"key":"way:161238228@overview:115_22","osmType":"way","osmId":161238228,"sourceRegion":"guangdong","featureType":"infrastructure","railClass":"highspeed","mode":"rail","name":"杭深线","nameEn":"Hangzhou-Shenzhen Line","ref":"3009","usage":"main","highspeed":"yes","bridge":"viaduct","status":"operational","color":"#E54848","dataOrigin":"datum-2026-08-01","sourceKey":"way:161238228"}},{"type":"Feature","geometry":{"type":"LineString","coordinates":[[115.4595634,22.8165951],[115.4601824,22.8168079]]},"properties":{"key":"way:180311692@overview:115_22","osmType":"way","osmId":180311692,"sourceRegion":"guangdong","featureType":"infrastructure","railClass":"highspeed","mode":"rail","name":"杭深线","nameEn":"Hangzhou-Shenzhen Line","ref":"3009","usage":"main","highspeed":"yes","status":"operational","color":"#E54848","dataOrigin":"datum-2026-08-01","sourceKey":"way:180311692"}},{"type":"Feature","geometry":{"type":"LineString","coordinates":[[115.4932542,22.8309412],[115.5060897,22.8417493]]},"properties":{"key":"way:180311700@overview:115_22","osmType":"way","osmId":180311700,"sourceRegion":"guangdong","featureType":"infrastructure","railClass":"highspeed","mode":"rail","name":"杭深线","nameEn":"Hangzhou-Shenzhen Line","ref":"3009","usage":"main","highspeed":"yes","tunnel":"yes","status":"operational","color":"#E54848","dataOrigin":"datum-2026-08-01","sourceKey":"way:180311700"}},{"type":"Feature","geometry":{"type":"LineString","coordinates":[[115.3837348,22.815467],[115.3840823,22.8154821]]},"properties":{"key":"way:180311706@overview:115_22","osmType":"way","osmId":180311706,"sourceRegion":"guangdong","featureType":"infrastructure","railClass":"highspeed","mode":"rail","name":"杭深线","nameEn":"Hangzhou-Shenzhen Line","ref":"3009","usage":"main","highspeed":"yes","status":"operational","color":"#E54848","dataOrigin":"datum-2026-08-01","sourceKey":"way:180311706"}},{"type":"Feature","geometry":{"type":"LineString","coordinates":[[115.4647767,22.8183255],[115.4722692,22.8208054]]},"properties":{"key":"way:180311708@overview:115_22","osmType":"way","osmId":180311708,"sourceRegion":"guangdong","featureType":"infrastructure","railClass":"highspeed","mode":"rail","name":"杭深线","nameEn":"Hangzhou-Shenzhen Line","ref":"3009","usage":"main","highspeed":"yes","tunnel":"yes","status":"operational","color":"#E54848","dataOrigin":"datum-2026-08-01","sourceKey":"way:180311708"}},{"type":"Feature","geometry":{"type":"LineString","coordinates":[[115.3755547,22.8151761],[115.3763862,22.8152021]]},"properties":{"key":"way:180311712@overview:115_22","osmType":"way","osmId":180311712,"sourceRegion":"guangdong","featureType":"infrastructure","railClass":"highspeed","mode":"rail","name":"杭深线","nameEn":"Hangzhou-Shenzhen Line","ref":"3009","usage":"main","highspeed":"yes","bridge":"yes","status":"operational","color":"#E54848","dataOrigin":"datum-2026-08-01","sourceKey":"way:180311712"}},{"type":"Feature","geometry":{"type":"LineString","coordinates":[[115.3341214,22.8098553],[115.37471,22.8151282]]},"properties":{"key":"way:180311713@overview:115_22","osmType":"way","osmId":180311713,"sourceRegion":"guangdong","featureType":"infrastructure","railClass":"highspeed","mode":"rail","name":"杭深线","nameEn":"Hangzhou-Shenzhen Line","ref":"3009","usage":"main","highspeed":"yes","tunnel":"yes","status":"operational","color":"#E54848","dataOrigin":"datum-2026-08-01","sourceKey":"way:180311713"}},{"type":"Feature","geometry":{"type":"LineString","coordinates":[[115.4722692,22.8208054],[115.4774721,22.8225714]]},"properties":{"key":"way:180311715@overview:115_22","osmType":"way","osmId":180311715,"sourceRegion":"guangdong","featureType":"infrastructure","railClass":"highspeed","mode":"rail","name":"杭深线","nameEn":"Hangzhou-Shenzhen Line","ref":"3009","usage":"main","highspeed":"yes","status":"operational","color":"#E54848","dataOrigin":"datum-2026-08-01","sourceKey":"way:180311715"}},{"type":"Feature","geometry":{"type":"LineString","coordinates":[[115.4774721,22.8225714],[115.4883821,22.8274769]]},"properties":{"key":"way:180311722@overview:115_22","osmType":"way","osmId":180311722,"sourceRegion":"guangdong","featureType":"infrastructure","railClass":"highspeed","mode":"rail","name":"杭深线","nameEn":"Hangzhou-Shenzhen Line","ref":"3009","usage":"main","highspeed":"yes","tunnel":"yes","status":"operational","color":"#E54848","dataOrigin":"datum-2026-08-01","sourceKey":"way:180311722"}},{"type":"Feature","geometry":{"type":"LineString","coordinates":[[115.3776629,22.8152173],[115.3837348,22.815467]]},"properties":{"key":"way:180311723@overview:115_22","osmType":"way","osmId":180311723,"sourceRegion":"guangdong","featureType":"infrastructure","railClass":"highspeed","mode":"rail","name":"杭深线","nameEn":"Hangzhou-Shenzhen Line","ref":"3009","usage":"main","highspeed":"yes","tunnel":"yes","status":"operational","color":"#E54848","dataOrigin":"datum-2026-08-01","sourceKey":"way:180311723"}},{"type":"Feature","geometry":{"type":"LineString","coordinates":[[115.3320521,22.809756],[115.3341214,22.8098553]]},"properties":{"key":"way:180311732@overview:115_22","osmType":"way","osmId":180311732,"sourceRegion":"guangdong","featureType":"infrastructure","railClass":"highspeed","mode":"rail","name":"杭深线","nameEn":"Hangzhou-Shenzhen Line","ref":"3009","usage":"main","highspeed":"yes","status":"operational","color":"#E54848","dataOrigin":"datum-2026-08-01","sourceKey":"way:180311732"}},{"type":"Feature","geometry":{"type":"LineString","coordinates":[[115.4883821,22.8274769],[115.4932542,22.8309412]]},"properties":{"key":"way:180311735@overview:115_22","osmType":"way","osmId":180311735,"sourceRegion":"guangdong","featureType":"infrastructure","railClass":"highspeed","mode":"rail","name":"杭深线","nameEn":"Hangzhou-Shenzhen Line","ref":"3009","usage":"main","highspeed":"yes","status":"operational","color":"#E54848","dataOrigin":"datum-2026-08-01","sourceKey":"way:180311735"}},{"type":"Feature","geometry":{"type":"LineString","coordinates":[[115.4215139,22.8140819],[115.4364704,22.8130394]]},"properties":{"key":"way:180311736@overview:115_22","osmType":"way","osmId":180311736,"sourceRegion":"guangdong","featureType":"infrastructure","railClass":"highspeed","mode":"rail","name":"杭深线","nameEn":"Hangzhou-Shenzhen Line","ref":"3009","usage":"main","highspeed":"yes","status":"operational","color":"#E54848","dataOrigin":"datum-2026-08-01","sourceKey":"way:180311736"}},{"type":"Feature","geometry":{"type":"LineString","coordinates":[[115.440226,22.8129299],[115.4595634,22.8165951]]},"properties":{"key":"way:180311737@overview:115_22","osmType":"way","osmId":180311737,"sourceRegion":"guangdong","featureType":"infrastructure","railClass":"highspeed","mode":"rail","name":"杭深线","nameEn":"Hangzhou-Shenzhen Line","ref":"3009","usage":"main","highspeed":"yes","tunnel":"yes","status":"operational","color":"#E54848","dataOrigin":"datum-2026-08-01","sourceKey":"way:180311737"}},{"type":"Feature","geometry":{"type":"LineString","coordinates":[[115.3033774,22.8162022],[115.3287228,22.8097281]]},"properties":{"key":"way:180311746@overview:115_22","osmType":"way","osmId":180311746,"sourceRegion":"guangdong","featureType":"infrastructure","railClass":"highspeed","mode":"rail","name":"杭深线","nameEn":"Hangzhou-Shenzhen Line","ref":"3009","usage":"main","highspeed":"yes","tunnel":"yes","status":"operational","color":"#E54848","dataOrigin":"datum-2026-08-01","sourceKey":"way:180311746"}},{"type":"Feature","geometry":{"type":"LineString","coordinates":[[115.3840823,22.8154821],[115.407488,22.8150553]]},"properties":{"key":"way:180311752@overview:115_22","osmType":"way","osmId":180311752,"sourceRegion":"guangdong","featureType":"infrastructure","railClass":"highspeed","mode":"rail","name":"杭深线","nameEn":"Hangzhou-Shenzhen Line","ref":"3009","usage":"main","highspeed":"yes","bridge":"viaduct","status":"operational","color":"#E54848","dataOrigin":"datum-2026-08-01","sourceKey":"way:180311752"}},{"type":"Feature","geometry":{"type":"LineString","coordinates":[[115.1616502,22.8321371],[115.2481303,22.843006],[115.2664716,22.8385032],[115.2921354,22.8230805]]},"properties":{"key":"way:180311760@overview:115_22","osmType":"way","osmId":180311760,"sourceRegion":"guangdong","featureType":"infrastructure","railClass":"highspeed","mode":"rail","name":"杭深线","nameEn":"Hangzhou-Shenzhen Line","ref":"3009","usage":"main","highspeed":"yes","bridge":"viaduct","status":"operational","color":"#E54848","dataOrigin":"datum-2026-08-01","sourceKey":"way:180311760"}},{"type":"Feature","geometry":{"type":"LineString","coordinates":[[115.1330511,22.8203754],[115.133795,22.8206298]]},"properties":{"key":"way:180361611@overview:115_22","osmType":"way","osmId":180361611,"sourceRegion":"guangdong","featureType":"infrastructure","railClass":"highspeed","mode":"rail","name":"杭深线","nameEn":"Hangzhou-Shenzhen Line","ref":"3009","usage":"main","highspeed":"yes","status":"operational","color":"#E54848","dataOrigin":"datum-2026-08-01","sourceKey":"way:180361611"}},{"type":"Feature","geometry":{"type":"LineString","coordinates":[[115.0923844,22.808413],[115.0933771,22.8084794]]},"properties":{"key":"way:180361614@overview:115_22","osmType":"way","osmId":180361614,"sourceRegion":"guangdong","featureType":"infrastructure","railClass":"highspeed","mode":"rail","name":"杭深线","nameEn":"Hangzhou-Shenzhen Line","ref":"3009","usage":"main","highspeed":"yes","status":"operational","color":"#E54848","dataOrigin":"datum-2026-08-01","sourceKey":"way:180361614"}},{"type":"Feature","geometry":{"type":"LineString","coordinates":[[115.009787,22.8108085],[115.0124452,22.8102432]]},"properties":{"key":"way:180361615@overview:115_22","osmType":"way","osmId":180361615,"sourceRegion":"guangdong","featureType":"infrastructure","railClass":"highspeed","mode":"rail","name":"杭深线","nameEn":"Hangzhou-Shenzhen Line","ref":"3009","usage":"main","highspeed":"yes","status":"operational","color":"#E54848","dataOrigin":"datum-2026-08-01","sourceKey":"way:180361615"}},{"type":"Feature","geometry":{"type":"LineString","coordinates":[[115.0660718,22.8069387],[115.0764686,22.8078562]]},"properties":{"key":"way:180361616@overview:115_22","osmType":"way","osmId":180361616,"sourceRegion":"guangdong","featureType":"infrastructure","railClass":"highspeed","mode":"rail","name":"杭深线","nameEn":"Hangzhou-Shenzhen Line","ref":"3009","usage":"main","highspeed":"yes","bridge":"viaduct","status":"operational","color":"#E54848","dataOrigin":"datum-2026-08-01","sourceKey":"way:180361616"}},{"type":"Feature","geometry":{"type":"LineString","coordinates":[[115.0334717,22.8076471],[115.035375,22.807441]]},"properties":{"key":"way:180361618@overview:115_22","osmType":"way","osmId":180361618,"sourceRegion":"guangdong","featureType":"infrastructure","railClass":"highspeed","mode":"rail","name":"杭深线","nameEn":"Hangzhou-Shenzhen Line","ref":"3009","usage":"main","highspeed":"yes","status":"operational","color":"#E54848","dataOrigin":"datum-2026-08-01","sourceKey":"way:180361618"}},{"type":"Feature","geometry":{"type":"LineString","coordinates":[[115.064281,22.8067672],[115.0660718,22.8069387]]},"properties":{"key":"way:180361619@overview:115_22","osmType":"way","osmId":180361619,"sourceRegion":"guangdong","featureType":"infrastructure","railClass":"highspeed","mode":"rail","name":"杭深线","nameEn":"Hangzhou-Shenzhen Line","ref":"3009","usage":"main","highspeed":"yes","status":"operational","color":"#E54848","dataOrigin":"datum-2026-08-01","sourceKey":"way:180361619"}},{"type":"Feature","geometry":{"type":"LineString","coordinates":[[115.035375,22.807441],[115.0410418,22.8069254]]},"properties":{"key":"way:180361620@overview:115_22","osmType":"way","osmId":180361620,"sourceRegion":"guangdong","featureType":"infrastructure","railClass":"highspeed","mode":"rail","name":"杭深线","nameEn":"Hangzhou-Shenzhen Line","ref":"3009","usage":"main","highspeed":"yes","tunnel":"yes","status":"operational","color":"#E54848","dataOrigin":"datum-2026-08-01","sourceKey":"way:180361620"}},{"type":"Feature","geometry":{"type":"LineString","coordinates":[[115.0270401,22.8083014],[115.0275808,22.8082282]]},"properties":{"key":"way:180361622@overview:115_22","osmType":"way","osmId":180361622,"sourceRegion":"guangdong","featureType":"infrastructure","railClass":"highspeed","mode":"rail","name":"杭深线","nameEn":"Hangzhou-Shenzhen Line","ref":"3009","usage":"main","highspeed":"yes","bridge":"yes","status":"operational","color":"#E54848","dataOrigin":"datum-2026-08-01","sourceKey":"way:180361622"}},{"type":"Feature","geometry":{"type":"LineString","coordinates":[[115.0764686,22.8078562],[115.0796963,22.8080609]]},"properties":{"key":"way:180361624@overview:115_22","osmType":"way","osmId":180361624,"sourceRegion":"guangdong","featureType":"infrastructure","railClass":"highspeed","mode":"rail","name":"杭深线","nameEn":"Hangzhou-Shenzhen Line","ref":"3009","usage":"main","highspeed":"yes","status":"operational","color":"#E54848","dataOrigin":"datum-2026-08-01","sourceKey":"way:180361624"}},{"type":"Feature","geometry":{"type":"LineString","coordinates":[[115.0410418,22.8069254],[115.0414453,22.8068928]]},"properties":{"key":"way:180361627@overview:115_22","osmType":"way","osmId":180361627,"sourceRegion":"guangdong","featureType":"infrastructure","railClass":"highspeed","mode":"rail","name":"杭深线","nameEn":"Hangzhou-Shenzhen Line","ref":"3009","usage":"main","highspeed":"yes","status":"operational","color":"#E54848","dataOrigin":"datum-2026-08-01","sourceKey":"way:180361627"}},{"type":"Feature","geometry":{"type":"LineString","coordinates":[[115.0124452,22.8102432],[115.0270401,22.8083014]]},"properties":{"key":"way:180361628@overview:115_22","osmType":"way","osmId":180361628,"sourceRegion":"guangdong","featureType":"infrastructure","railClass":"highspeed","mode":"rail","name":"杭深线","nameEn":"Hangzhou-Shenzhen Line","ref":"3009","usage":"main","highspeed":"yes","tunnel":"yes","status":"operational","color":"#E54848","dataOrigin":"datum-2026-08-01","sourceKey":"way:180361628"}},{"type":"Feature","geometry":{"type":"LineString","coordinates":[[115.0567036,22.8060956],[115.064281,22.8067672]]},"properties":{"key":"way:180361630@overview:115_22","osmType":"way","osmId":180361630,"sourceRegion":"guangdong","featureType":"infrastructure","railClass":"highspeed","mode":"rail","name":"杭深线","nameEn":"Hangzhou-Shenzhen Line","ref":"3009","usage":"main","highspeed":"yes","tunnel":"yes","status":"operational","color":"#E54848","dataOrigin":"datum-2026-08-01","sourceKey":"way:180361630"}},{"type":"Feature","geometry":{"type":"LineString","coordinates":[[115.0796963,22.8080609],[115.0923844,22.808413]]},"properties":{"key":"way:180361632@overview:115_22","osmType":"way","osmId":180361632,"sourceRegion":"guangdong","featureType":"infrastructure","railClass":"highspeed","mode":"rail","name":"杭深线","nameEn":"Hangzhou-Shenzhen Line","ref":"3009","usage":"main","highspeed":"yes","tunnel":"yes","status":"operational","color":"#E54848","dataOrigin":"datum-2026-08-01","sourceKey":"way:180361632"}},{"type":"Feature","geometry":{"type":"LineString","coordinates":[[115.133795,22.8206298],[115.1609248,22.8318204]]},"properties":{"key":"way:180361635@overview:115_22","osmType":"way","osmId":180361635,"sourceRegion":"guangdong","featureType":"infrastructure","railClass":"highspeed","mode":"rail","name":"杭深线","nameEn":"Hangzhou-Shenzhen Line","ref":"3009","usage":"main","highspeed":"yes","tunnel":"yes","status":"operational","color":"#E54848","dataOrigin":"datum-2026-08-01","sourceKey":"way:180361635"}},{"type":"Feature","geometry":{"type":"LineString","coordinates":[[115.0549217,22.8060984],[115.0567036,22.8060956]]},"properties":{"key":"way:180361636@overview:115_22","osmType":"way","osmId":180361636,"sourceRegion":"guangdong","featureType":"infrastructure","railClass":"highspeed","mode":"rail","name":"杭深线","nameEn":"Hangzhou-Shenzhen Line","ref":"3009","usage":"main","highspeed":"yes","status":"operational","color":"#E54848","dataOrigin":"datum-2026-08-01","sourceKey":"way:180361636"}},{"type":"Feature","geometry":{"type":"LineString","coordinates":[[115.1609248,22.8318204],[115.1616502,22.8321371]]},"properties":{"key":"way:180361637@overview:115_22","osmType":"way","osmId":180361637,"sourceRegion":"guangdong","featureType":"infrastructure","railClass":"highspeed","mode":"rail","name":"杭深线","nameEn":"Hangzhou-Shenzhen Line","ref":"3009","usage":"main","highspeed":"yes","status":"operational","color":"#E54848","dataOrigin":"datum-2026-08-01","sourceKey":"way:180361637"}},{"type":"Feature","geometry":{"type":"LineString","coordinates":[[115.0029582,22.812495],[115.009787,22.8108085]]},"properties":{"key":"way:180361642@overview:115_22","osmType":"way","osmId":180361642,"sourceRegion":"guangdong","featureType":"infrastructure","railClass":"highspeed","mode":"rail","name":"杭深线","nameEn":"Hangzhou-Shenzhen Line","ref":"3009","usage":"main","highspeed":"yes","bridge":"viaduct","status":"operational","color":"#E54848","dataOrigin":"datum-2026-08-01","sourceKey":"way:180361642"}},{"type":"Feature","geometry":{"type":"LineString","coordinates":[[115.0275808,22.8082282],[115.0334717,22.8076471]]},"properties":{"key":"way:180361645@overview:115_22","osmType":"way","osmId":180361645,"sourceRegion":"guangdong","featureType":"infrastructure","railClass":"highspeed","mode":"rail","name":"杭深线","nameEn":"Hangzhou-Shenzhen Line","ref":"3009","usage":"main","highspeed":"yes","bridge":"viaduct","status":"operational","color":"#E54848","dataOrigin":"datum-2026-08-01","sourceKey":"way:180361645"}},{"type":"Feature","geometry":{"type":"LineString","coordinates":[[115.0414453,22.8068928],[115.0549217,22.8060984]]},"properties":{"key":"way:180361654@overview:115_22","osmType":"way","osmId":180361654,"sourceRegion":"guangdong","featureType":"infrastructure","railClass":"highspeed","mode":"rail","name":"杭深线","nameEn":"Hangzhou-Shenzhen Line","ref":"3009","usage":"main","highspeed":"yes","bridge":"viaduct","status":"operational","color":"#E54848","dataOrigin":"datum-2026-08-01","sourceKey":"way:180361654"}},{"type":"Feature","geometry":{"type":"LineString","coordinates":[[115.0933771,22.8084794],[115.1063819,22.810694],[115.1266652,22.8181664]]},"properties":{"key":"way:180361661@overview:115_22","osmType":"way","osmId":180361661,"sourceRegion":"guangdong","featureType":"infrastructure","railClass":"highspeed","mode":"rail","name":"杭深线","nameEn":"Hangzhou-Shenzhen Line","ref":"3009","usage":"main","highspeed":"yes","status":"operational","color":"#E54848","dataOrigin":"datum-2026-08-01","sourceKey":"way:180361661"}},{"type":"Feature","geometry":{"type":"LineString","coordinates":[[115.8055453,22.9840813],[115.83465264898747,23.0]]},"properties":{"key":"way:257083951@overview:115_22","osmType":"way","osmId":257083951,"sourceRegion":"guangdong","featureType":"infrastructure","railClass":"highspeed","mode":"rail","name":"杭深线","nameEn":"Hangzhou-Shenzhen Line","ref":"3009","usage":"main","highspeed":"yes","status":"operational","color":"#E54848","dataOrigin":"datum-2026-08-01","sourceKey":"way:257083951"}},{"type":"Feature","geometry":{"type":"LineString","coordinates":[[115.3021453,22.8168878],[115.3033774,22.8162022]]},"properties":{"key":"way:264337513@overview:115_22","osmType":"way","osmId":264337513,"sourceRegion":"guangdong","featureType":"infrastructure","railClass":"highspeed","mode":"rail","name":"杭深线","nameEn":"Hangzhou-Shenzhen Line","ref":"3009","usage":"main","highspeed":"yes","status":"operational","color":"#E54848","dataOrigin":"datum-2026-08-01","sourceKey":"way:264337513"}},{"type":"Feature","geometry":{"type":"LineString","coordinates":[[115.2921354,22.8230805],[115.2929339,22.822533]]},"properties":{"key":"way:264337514@overview:115_22","osmType":"way","osmId":264337514,"sourceRegion":"guangdong","featureType":"infrastructure","railClass":"highspeed","mode":"rail","name":"杭深线","nameEn":"Hangzhou-Shenzhen Line","ref":"3009","usage":"main","highspeed":"yes","status":"operational","color":"#E54848","dataOrigin":"datum-2026-08-01","sourceKey":"way:264337514"}},{"type":"Feature","geometry":{"type":"LineString","coordinates":[[115.7875455,22.9773086],[115.7891372,22.9779103]]},"properties":{"key":"way:379674553@overview:115_22","osmType":"way","osmId":379674553,"sourceRegion":"guangdong","featureType":"infrastructure","railClass":"highspeed","mode":"rail","name":"杭深线","nameEn":"Hangzhou-Shenzhen Line","ref":"3009","usage":"main","highspeed":"yes","bridge":"yes","status":"operational","color":"#E54848","dataOrigin":"datum-2026-08-01","sourceKey":"way:379674553"}},{"type":"Feature","geometry":{"type":"LineString","coordinates":[[115.778304,22.9738308],[115.7784538,22.9738873]]},"properties":{"key":"way:379674554@overview:115_22","osmType":"way","osmId":379674554,"sourceRegion":"guangdong","featureType":"infrastructure","railClass":"highspeed","mode":"rail","name":"杭深线","nameEn":"Hangzhou-Shenzhen Line","ref":"3009","usage":"main","highspeed":"yes","bridge":"yes","status":"operational","color":"#E54848","dataOrigin":"datum-2026-08-01","sourceKey":"way:379674554"}},{"type":"Feature","geometry":{"type":"LineString","coordinates":[[115.7784538,22.9738873],[115.7824801,22.9753938]]},"properties":{"key":"way:379674555@overview:115_22","osmType":"way","osmId":379674555,"sourceRegion":"guangdong","featureType":"infrastructure","railClass":"highspeed","mode":"rail","name":"杭深线","nameEn":"Hangzhou-Shenzhen Line","ref":"3009","usage":"main","highspeed":"yes","status":"operational","color":"#E54848","dataOrigin":"datum-2026-08-01","sourceKey":"way:379674555"}},{"type":"Feature","geometry":{"type":"LineString","coordinates":[[115.8023133,22.9828909],[115.8055453,22.9840813]]},"properties":{"key":"way:379674556@overview:115_22","osmType":"way","osmId":379674556,"sourceRegion":"guangdong","featureType":"infrastructure","railClass":"highspeed","mode":"rail","name":"杭深线","nameEn":"Hangzhou-Shenzhen Line","ref":"3009","usage":"main","highspeed":"yes","tunnel":"yes","status":"operational","color":"#E54848","dataOrigin":"datum-2026-08-01","sourceKey":"way:379674556"}},{"type":"Feature","geometry":{"type":"LineString","coordinates":[[115.8001162,22.9820604],[115.8023133,22.9828909]]},"properties":{"key":"way:379674557@overview:115_22","osmType":"way","osmId":379674557,"sourceRegion":"guangdong","featureType":"infrastructure","railClass":"highspeed","mode":"rail","name":"杭深线","nameEn":"Hangzhou-Shenzhen Line","ref":"3009","usage":"main","highspeed":"yes","status":"operational","color":"#E54848","dataOrigin":"datum-2026-08-01","sourceKey":"way:379674557"}},{"type":"Feature","geometry":{"type":"LineString","coordinates":[[115.7983076,22.9813768],[115.8001162,22.9820604]]},"properties":{"key":"way:379674558@overview:115_22","osmType":"way","osmId":379674558,"sourceRegion":"guangdong","featureType":"infrastructure","railClass":"highspeed","mode":"rail","name":"杭深线","nameEn":"Hangzhou-Shenzhen Line","ref":"3009","usage":"main","highspeed":"yes","bridge":"yes","status":"operational","color":"#E54848","dataOrigin":"datum-2026-08-01","sourceKey":"way:379674558"}},{"type":"Feature","geometry":{"type":"LineString","coordinates":[[115.7852349,22.9764352],[115.7875455,22.9773086]]},"properties":{"key":"way:379674559@overview:115_22","osmType":"way","osmId":379674559,"sourceRegion":"guangdong","featureType":"infrastructure","railClass":"highspeed","mode":"rail","name":"杭深线","nameEn":"Hangzhou-Shenzhen Line","ref":"3009","usage":"main","highspeed":"yes","status":"operational","color":"#E54848","dataOrigin":"datum-2026-08-01","sourceKey":"way:379674559"}},{"type":"Feature","geometry":{"type":"LineString","coordinates":[[115.7891372,22.9779103],[115.7983076,22.9813768]]},"properties":{"key":"way:379674560@overview:115_22","osmType":"way","osmId":379674560,"sourceRegion":"guangdong","featureType":"infrastructure","railClass":"highspeed","mode":"rail","name":"杭深线","nameEn":"Hangzhou-Shenzhen Line","ref":"3009","usage":"main","highspeed":"yes","status":"operational","color":"#E54848","dataOrigin":"datum-2026-08-01","sourceKey":"way:379674560"}},{"type":"Feature","geometry":{"type":"LineString","coordinates":[[115.7824801,22.9753938],[115.7852349,22.9764352]]},"properties":{"key":"way:379674561@overview:115_22","osmType":"way","osmId":379674561,"sourceRegion":"guangdong","featureType":"infrastructure","railClass":"highspeed","mode":"rail","name":"杭深线","nameEn":"Hangzhou-Shenzhen Line","ref":"3009","usage":"main","highspeed":"yes","bridge":"yes","status":"operational","color":"#E54848","dataOrigin":"datum-2026-08-01","sourceKey":"way:379674561"}},{"type":"Feature","geometry":{"type":"LineString","coordinates":[[115.7696311,22.970533],[115.778304,22.9738308]]},"properties":{"key":"way:379674562@overview:115_22","osmType":"way","osmId":379674562,"sourceRegion":"guangdong","featureType":"infrastructure","railClass":"highspeed","mode":"rail","name":"杭深线","nameEn":"Hangzhou-Shenzhen Line","ref":"3009","usage":"main","highspeed":"yes","status":"operational","color":"#E54848","dataOrigin":"datum-2026-08-01","sourceKey":"way:379674562"}},{"type":"Feature","geometry":{"type":"LineString","coordinates":[[115.0,22.813210242168612],[115.0029582,22.812495]]},"properties":{"key":"way:392187824@overview:115_22","osmType":"way","osmId":392187824,"sourceRegion":"guangdong","featureType":"infrastructure","railClass":"highspeed","mode":"rail","name":"杭深线","nameEn":"Hangzhou-Shenzhen Line","ref":"3009","usage":"main","highspeed":"yes","status":"operational","color":"#E54848","dataOrigin":"datum-2026-08-01","sourceKey":"way:392187824"}},{"type":"Feature","geometry":{"type":"LineString","coordinates":[[115.407488,22.8150553],[115.4197356,22.8142234]]},"properties":{"key":"way:573997861@overview:115_22","osmType":"way","osmId":573997861,"sourceRegion":"guangdong","featureType":"infrastructure","railClass":"highspeed","mode":"rail","name":"杭深线","nameEn":"Hangzhou-Shenzhen Line","ref":"3009","usage":"main","highspeed":"yes","status":"operational","color":"#E54848","dataOrigin":"datum-2026-08-01","sourceKey":"way:573997861"}},{"type":"Feature","geometry":{"type":"LineString","coordinates":[[115.4197356,22.8142234],[115.4215139,22.8140819]]},"properties":{"key":"way:573997868@overview:115_22","osmType":"way","osmId":573997868,"sourceRegion":"guangdong","featureType":"infrastructure","railClass":"highspeed","mode":"rail","name":"杭深线","nameEn":"Hangzhou-Shenzhen Line","ref":"3009","usage":"main","highspeed":"yes","bridge":"yes","status":"operational","color":"#E54848","dataOrigin":"datum-2026-08-01","sourceKey":"way:573997868"}},{"type":"Feature","geometry":{"type":"LineString","coordinates":[[115.0029322,22.8124059],[115.0,22.81311499246303]]},"properties":{"key":"way:631441030@overview:115_22","osmType":"way","osmId":631441030,"sourceRegion":"guangdong","featureType":"infrastructure","railClass":"highspeed","mode":"rail","name":"杭深线","nameEn":"Hangzhou-Shenzhen Line","ref":"3009","usage":"main","highspeed":"yes","status":"operational","color":"#E54848","dataOrigin":"datum-2026-08-01","sourceKey":"way:631441030"}},{"type":"Feature","geometry":{"type":"LineString","coordinates":[[115.0097606,22.8107195],[115.0029322,22.8124059]]},"properties":{"key":"way:631441031@overview:115_22","osmType":"way","osmId":631441031,"sourceRegion":"guangdong","featureType":"infrastructure","railClass":"highspeed","mode":"rail","name":"杭深线","nameEn":"Hangzhou-Shenzhen Line","ref":"3009","usage":"main","highspeed":"yes","bridge":"viaduct","status":"operational","color":"#E54848","dataOrigin":"datum-2026-08-01","sourceKey":"way:631441031"}},{"type":"Feature","geometry":{"type":"LineString","coordinates":[[115.0124247,22.8101441],[115.0097606,22.8107195]]},"properties":{"key":"way:631441032@overview:115_22","osmType":"way","osmId":631441032,"sourceRegion":"guangdong","featureType":"infrastructure","railClass":"highspeed","mode":"rail","name":"杭深线","nameEn":"Hangzhou-Shenzhen Line","ref":"3009","usage":"main","highspeed":"yes","status":"operational","color":"#E54848","dataOrigin":"datum-2026-08-01","sourceKey":"way:631441032"}},{"type":"Feature","geometry":{"type":"LineString","coordinates":[[115.027033,22.8081963],[115.0124247,22.8101441]]},"properties":{"key":"way:631441033@overview:115_22","osmType":"way","osmId":631441033,"sourceRegion":"guangdong","featureType":"infrastructure","railClass":"highspeed","mode":"rail","name":"杭深线","nameEn":"Hangzhou-Shenzhen Line","ref":"3009","usage":"main","highspeed":"yes","tunnel":"yes","status":"operational","color":"#E54848","dataOrigin":"datum-2026-08-01","sourceKey":"way:631441033"}},{"type":"Feature","geometry":{"type":"LineString","coordinates":[[115.0275756,22.808136],[115.027033,22.8081963]]},"properties":{"key":"way:631441034@overview:115_22","osmType":"way","osmId":631441034,"sourceRegion":"guangdong","featureType":"infrastructure","railClass":"highspeed","mode":"rail","name":"杭深线","nameEn":"Hangzhou-Shenzhen Line","ref":"3009","usage":"main","highspeed":"yes","bridge":"yes","status":"operational","color":"#E54848","dataOrigin":"datum-2026-08-01","sourceKey":"way:631441034"}},{"type":"Feature","geometry":{"type":"LineString","coordinates":[[115.0334604,22.8075555],[115.0275756,22.808136]]},"properties":{"key":"way:631441035@overview:115_22","osmType":"way","osmId":631441035,"sourceRegion":"guangdong","featureType":"infrastructure","railClass":"highspeed","mode":"rail","name":"杭深线","nameEn":"Hangzhou-Shenzhen Line","ref":"3009","usage":"main","highspeed":"yes","bridge":"viaduct","status":"operational","color":"#E54848","dataOrigin":"datum-2026-08-01","sourceKey":"way:631441035"}},{"type":"Feature","geometry":{"type":"LineString","coordinates":[[115.0353642,22.8073493],[115.0334604,22.8075555]]},"properties":{"key":"way:631441036@overview:115_22","osmType":"way","osmId":631441036,"sourceRegion":"guangdong","featureType":"infrastructure","railClass":"highspeed","mode":"rail","name":"杭深线","nameEn":"Hangzhou-Shenzhen Line","ref":"3009","usage":"main","highspeed":"yes","status":"operational","color":"#E54848","dataOrigin":"datum-2026-08-01","sourceKey":"way:631441036"}},{"type":"Feature","geometry":{"type":"LineString","coordinates":[[115.0410325,22.8068336],[115.0353642,22.8073493]]},"properties":{"key":"way:631441037@overview:115_22","osmType":"way","osmId":631441037,"sourceRegion":"guangdong","featureType":"infrastructure","railClass":"highspeed","mode":"rail","name":"杭深线","nameEn":"Hangzhou-Shenzhen Line","ref":"3009","usage":"main","highspeed":"yes","tunnel":"yes","status":"operational","color":"#E54848","dataOrigin":"datum-2026-08-01","sourceKey":"way:631441037"}},{"type":"Feature","geometry":{"type":"LineString","coordinates":[[115.0414361,22.806801],[115.0410325,22.8068336]]},"properties":{"key":"way:631441038@overview:115_22","osmType":"way","osmId":631441038,"sourceRegion":"guangdong","featureType":"infrastructure","railClass":"highspeed","mode":"rail","name":"杭深线","nameEn":"Hangzhou-Shenzhen Line","ref":"3009","usage":"main","highspeed":"yes","status":"operational","color":"#E54848","dataOrigin":"datum-2026-08-01","sourceKey":"way:631441038"}},{"type":"Feature","geometry":{"type":"LineString","coordinates":[[115.0549206,22.8060062],[115.0414361,22.806801]]},"properties":{"key":"way:631441039@overview:115_22","osmType":"way","osmId":631441039,"sourceRegion":"guangdong","featureType":"infrastructure","railClass":"highspeed","mode":"rail","name":"杭深线","nameEn":"Hangzhou-Shenzhen Line","ref":"3009","usage":"main","highspeed":"yes","bridge":"viaduct","status":"operational","color":"#E54848","dataOrigin":"datum-2026-08-01","sourceKey":"way:631441039"}},{"type":"Feature","geometry":{"type":"LineString","coordinates":[[115.0567083,22.8060034],[115.0549206,22.8060062]]},"properties":{"key":"way:631441040@overview:115_22","osmType":"way","osmId":631441040,"sourceRegion":"guangdong","featureType":"infrastructure","railClass":"highspeed","mode":"rail","name":"杭深线","nameEn":"Hangzhou-Shenzhen Line","ref":"3009","usage":"main","highspeed":"yes","status":"operational","color":"#E54848","dataOrigin":"datum-2026-08-01","sourceKey":"way:631441040"}},{"type":"Feature","geometry":{"type":"LineString","coordinates":[[115.064291,22.8066754],[115.0567083,22.8060034]]},"properties":{"key":"way:631441041@overview:115_22","osmType":"way","osmId":631441041,"sourceRegion":"guangdong","featureType":"infrastructure","railClass":"highspeed","mode":"rail","name":"杭深线","nameEn":"Hangzhou-Shenzhen Line","ref":"3009","usage":"main","highspeed":"yes","tunnel":"yes","status":"operational","color":"#E54848","dataOrigin":"datum-2026-08-01","sourceKey":"way:631441041"}},{"type":"Feature","geometry":{"type":"LineString","coordinates":[[115.0660817,22.8068469],[115.064291,22.8066754]]},"properties":{"key":"way:631441042@overview:115_22","osmType":"way","osmId":631441042,"sourceRegion":"guangdong","featureType":"infrastructure","railClass":"highspeed","mode":"rail","name":"杭深线","nameEn":"Hangzhou-Shenzhen Line","ref":"3009","usage":"main","highspeed":"yes","status":"operational","color":"#E54848","dataOrigin":"datum-2026-08-01","sourceKey":"way:631441042"}},{"type":"Feature","geometry":{"type":"LineString","coordinates":[[115.0764768,22.8077643],[115.0660817,22.8068469]]},"properties":{"key":"way:631441043@overview:115_22","osmType":"way","osmId":631441043,"sourceRegion":"guangdong","featureType":"infrastructure","railClass":"highspeed","mode":"rail","name":"杭深线","nameEn":"Hangzhou-Shenzhen Line","ref":"3009","usage":"main","highspeed":"yes","bridge":"viaduct","status":"operational","color":"#E54848","dataOrigin":"datum-2026-08-01","sourceKey":"way:631441043"}},{"type":"Feature","geometry":{"type":"LineString","coordinates":[[115.0797012,22.8079688],[115.0764768,22.8077643]]},"properties":{"key":"way:631441044@overview:115_22","osmType":"way","osmId":631441044,"sourceRegion":"guangdong","featureType":"infrastructure","railClass":"highspeed","mode":"rail","name":"杭深线","nameEn":"Hangzhou-Shenzhen Line","ref":"3009","usage":"main","highspeed":"yes","status":"operational","color":"#E54848","dataOrigin":"datum-2026-08-01","sourceKey":"way:631441044"}},{"type":"Feature","geometry":{"type":"LineString","coordinates":[[115.0923895,22.8083209],[115.0797012,22.8079688]]},"properties":{"key":"way:631441045@overview:115_22","osmType":"way","osmId":631441045,"sourceRegion":"guangdong","featureType":"infrastructure","railClass":"highspeed","mode":"rail","name":"杭深线","nameEn":"Hangzhou-Shenzhen Line","ref":"3009","usage":"main","highspeed":"yes","tunnel":"yes","status":"operational","color":"#E54848","dataOrigin":"datum-2026-08-01","sourceKey":"way:631441045"}},{"type":"Feature","geometry":{"type":"LineString","coordinates":[[115.0933856,22.8083875],[115.0923895,22.8083209]]},"properties":{"key":"way:631441046@overview:115_22","osmType":"way","osmId":631441046,"sourceRegion":"guangdong","featureType":"infrastructure","railClass":"highspeed","mode":"rail","name":"杭深线","nameEn":"Hangzhou-Shenzhen Line","ref":"3009","usage":"main","highspeed":"yes","status":"operational","color":"#E54848","dataOrigin":"datum-2026-08-01","sourceKey":"way:631441046"}},{"type":"Feature","geometry":{"type":"LineString","coordinates":[[115.1266935,22.8180776],[115.106414,22.8106066],[115.0933856,22.8083875]]},"properties":{"key":"way:631441047@overview:115_22","osmType":"way","osmId":631441047,"sourceRegion":"guangdong","featureType":"infrastructure","railClass":"highspeed","mode":"rail","name":"杭深线","nameEn":"Hangzhou-Shenzhen Line","ref":"3009","usage":"main","highspeed":"yes","status":"operational","color":"#E54848","dataOrigin":"datum-2026-08-01","sourceKey":"way:631441047"}},{"type":"Feature","geometry":{"type":"LineString","coordinates":[[115.1338329,22.8205444],[115.1330868,22.8202892]]},"properties":{"key":"way:631441048@overview:115_22","osmType":"way","osmId":631441048,"sourceRegion":"guangdong","featureType":"infrastructure","railClass":"highspeed","mode":"rail","name":"杭深线","nameEn":"Hangzhou-Shenzhen Line","ref":"3009","usage":"main","highspeed":"yes","status":"operational","color":"#E54848","dataOrigin":"datum-2026-08-01","sourceKey":"way:631441048"}},{"type":"Feature","geometry":{"type":"LineString","coordinates":[[115.1609667,22.8317366],[115.1338329,22.8205444]]},"properties":{"key":"way:631441049@overview:115_22","osmType":"way","osmId":631441049,"sourceRegion":"guangdong","featureType":"infrastructure","railClass":"highspeed","mode":"rail","name":"杭深线","nameEn":"Hangzhou-Shenzhen Line","ref":"3009","usage":"main","highspeed":"yes","tunnel":"yes","status":"operational","color":"#E54848","dataOrigin":"datum-2026-08-01","sourceKey":"way:631441049"}},{"type":"Feature","geometry":{"type":"LineString","coordinates":[[115.1616893,22.8320521],[115.1609667,22.8317366]]},"properties":{"key":"way:631441050@overview:115_22","osmType":"way","osmId":631441050,"sourceRegion":"guangdong","featureType":"infrastructure","railClass":"highspeed","mode":"rail","name":"杭深线","nameEn":"Hangzhou-Shenzhen Line","ref":"3009","usage":"main","highspeed":"yes","status":"operational","color":"#E54848","dataOrigin":"datum-2026-08-01","sourceKey":"way:631441050"}},{"type":"Feature","geometry":{"type":"LineString","coordinates":[[115.2920776,22.8230052],[115.2664288,22.8384198],[115.2481206,22.8429142],[115.1616893,22.8320521]]},"properties":{"key":"way:631441051@overview:115_22","osmType":"way","osmId":631441051,"sourceRegion":"guangdong","featureType":"infrastructure","railClass":"highspeed","mode":"rail","name":"杭深线","nameEn":"Hangzhou-Shenzhen Line","ref":"3009","usage":"main","highspeed":"yes","bridge":"viaduct","status":"operational","color":"#E54848","dataOrigin":"datum-2026-08-01","sourceKey":"way:631441051"}},{"type":"Feature","geometry":{"type":"LineString","coordinates":[[115.3020917,22.8168099],[115.2929023,22.8224691]]},"properties":{"key":"way:631441052@overview:115_22","osmType":"way","osmId":631441052,"sourceRegion":"guangdong","featureType":"infrastructure","railClass":"highspeed","mode":"rail","name":"杭深线","nameEn":"Hangzhou-Shenzhen Line","ref":"3009","usage":"main","highspeed":"yes","tunnel":"yes","status":"operational","color":"#E54848","dataOrigin":"datum-2026-08-01","sourceKey":"way:631441052"}},{"type":"Feature","geometry":{"type":"LineString","coordinates":[[115.3033374,22.8161168],[115.3020917,22.8168099]]},"properties":{"key":"way:631441053@overview:115_22","osmType":"way","osmId":631441053,"sourceRegion":"guangdong","featureType":"infrastructure","railClass":"highspeed","mode":"rail","name":"杭深线","nameEn":"Hangzhou-Shenzhen Line","ref":"3009","usage":"main","highspeed":"yes","status":"operational","color":"#E54848","dataOrigin":"datum-2026-08-01","sourceKey":"way:631441053"}},{"type":"Feature","geometry":{"type":"LineString","coordinates":[[115.32871,22.8096476],[115.3033374,22.8161168]]},"properties":{"key":"way:631441054@overview:115_22","osmType":"way","osmId":631441054,"sourceRegion":"guangdong","featureType":"infrastructure","railClass":"highspeed","mode":"rail","name":"杭深线","nameEn":"Hangzhou-Shenzhen Line","ref":"3009","usage":"main","highspeed":"yes","tunnel":"yes","status":"operational","color":"#E54848","dataOrigin":"datum-2026-08-01","sourceKey":"way:631441054"}},{"type":"Feature","geometry":{"type":"LineString","coordinates":[[115.3341325,22.8097636],[115.3320565,22.8096993]]},"properties":{"key":"way:631441055@overview:115_22","osmType":"way","osmId":631441055,"sourceRegion":"guangdong","featureType":"infrastructure","railClass":"highspeed","mode":"rail","name":"杭深线","nameEn":"Hangzhou-Shenzhen Line","ref":"3009","usage":"main","highspeed":"yes","status":"operational","color":"#E54848","dataOrigin":"datum-2026-08-01","sourceKey":"way:631441055"}},{"type":"Feature","geometry":{"type":"LineString","coordinates":[[115.3747186,22.8150362],[115.3341325,22.8097636]]},"properties":{"key":"way:631441056@overview:115_22","osmType":"way","osmId":631441056,"sourceRegion":"guangdong","featureType":"infrastructure","railClass":"highspeed","mode":"rail","name":"杭深线","nameEn":"Hangzhou-Shenzhen Line","ref":"3009","usage":"main","highspeed":"yes","tunnel":"yes","status":"operational","color":"#E54848","dataOrigin":"datum-2026-08-01","sourceKey":"way:631441056"}},{"type":"Feature","geometry":{"type":"LineString","coordinates":[[115.3776668,22.8151251],[115.3763929,22.8151081]]},"properties":{"key":"way:631441057@overview:115_22","osmType":"way","osmId":631441057,"sourceRegion":"guangdong","featureType":"infrastructure","railClass":"highspeed","mode":"rail","name":"杭深线","nameEn":"Hangzhou-Shenzhen Line","ref":"3009","usage":"main","highspeed":"yes","status":"operational","color":"#E54848","dataOrigin":"datum-2026-08-01","sourceKey":"way:631441057"}},{"type":"Feature","geometry":{"type":"LineString","coordinates":[[115.3837394,22.8153749],[115.3776668,22.8151251]]},"properties":{"key":"way:631441058@overview:115_22","osmType":"way","osmId":631441058,"sourceRegion":"guangdong","featureType":"infrastructure","railClass":"highspeed","mode":"rail","name":"杭深线","nameEn":"Hangzhou-Shenzhen Line","ref":"3009","usage":"main","highspeed":"yes","tunnel":"yes","status":"operational","color":"#E54848","dataOrigin":"datum-2026-08-01","sourceKey":"way:631441058"}},{"type":"Feature","geometry":{"type":"LineString","coordinates":[[115.384087,22.81539],[115.3837394,22.8153749]]},"properties":{"key":"way:631441059@overview:115_22","osmType":"way","osmId":631441059,"sourceRegion":"guangdong","featureType":"infrastructure","railClass":"highspeed","mode":"rail","name":"杭深线","nameEn":"Hangzhou-Shenzhen Line","ref":"3009","usage":"main","highspeed":"yes","status":"operational","color":"#E54848","dataOrigin":"datum-2026-08-01","sourceKey":"way:631441059"}},{"type":"Feature","geometry":{"type":"LineString","coordinates":[[115.407484,22.8149974],[115.384087,22.81539]]},"properties":{"key":"way:631441060@overview:115_22","osmType":"way","osmId":631441060,"sourceRegion":"guangdong","featureType":"infrastructure","railClass":"highspeed","mode":"rail","name":"杭深线","nameEn":"Hangzhou-Shenzhen Line","ref":"3009","usage":"main","highspeed":"yes","bridge":"viaduct","status":"operational","color":"#E54848","dataOrigin":"datum-2026-08-01","sourceKey":"way:631441060"}},{"type":"Feature","geometry":{"type":"LineString","coordinates":[[115.4197257,22.8141686],[115.407484,22.8149974]]},"properties":{"key":"way:631441061@overview:115_22","osmType":"way","osmId":631441061,"sourceRegion":"guangdong","featureType":"infrastructure","railClass":"highspeed","mode":"rail","name":"杭深线","nameEn":"Hangzhou-Shenzhen Line","ref":"3009","usage":"main","highspeed":"yes","status":"operational","color":"#E54848","dataOrigin":"datum-2026-08-01","sourceKey":"way:631441061"}},{"type":"Feature","geometry":{"type":"LineString","coordinates":[[115.4215286,22.8140241],[115.4197257,22.8141686]]},"properties":{"key":"way:631441062@overview:115_22","osmType":"way","osmId":631441062,"sourceRegion":"guangdong","featureType":"infrastructure","railClass":"highspeed","mode":"rail","name":"杭深线","nameEn":"Hangzhou-Shenzhen Line","ref":"3009","usage":"main","highspeed":"yes","bridge":"yes","status":"operational","color":"#E54848","dataOrigin":"datum-2026-08-01","sourceKey":"way:631441062"}},{"type":"Feature","geometry":{"type":"LineString","coordinates":[[115.4364581,22.8129956],[115.4215286,22.8140241]]},"properties":{"key":"way:631441063@overview:115_22","osmType":"way","osmId":631441063,"sourceRegion":"guangdong","featureType":"infrastructure","railClass":"highspeed","mode":"rail","name":"杭深线","nameEn":"Hangzhou-Shenzhen Line","ref":"3009","usage":"main","highspeed":"yes","status":"operational","color":"#E54848","dataOrigin":"datum-2026-08-01","sourceKey":"way:631441063"}},{"type":"Feature","geometry":{"type":"LineString","coordinates":[[115.4595706,22.8165321],[115.4402287,22.8128568]]},"properties":{"key":"way:631441064@overview:115_22","osmType":"way","osmId":631441064,"sourceRegion":"guangdong","featureType":"infrastructure","railClass":"highspeed","mode":"rail","name":"杭深线","nameEn":"Hangzhou-Shenzhen Line","ref":"3009","usage":"main","highspeed":"yes","tunnel":"yes","status":"operational","color":"#E54848","dataOrigin":"datum-2026-08-01","sourceKey":"way:631441064"}},{"type":"Feature","geometry":{"type":"LineString","coordinates":[[115.4648032,22.8182809],[115.4627681,22.8176287]]},"properties":{"key":"way:631441065@overview:115_22","osmType":"way","osmId":631441065,"sourceRegion":"guangdong","featureType":"infrastructure","railClass":"highspeed","mode":"rail","name":"杭深线","nameEn":"Hangzhou-Shenzhen Line","ref":"3009","usage":"main","highspeed":"yes","status":"operational","color":"#E54848","dataOrigin":"datum-2026-08-01","sourceKey":"way:631441065"}},{"type":"Feature","geometry":{"type":"LineString","coordinates":[[115.4723035,22.8207188],[115.4648032,22.8182809]]},"properties":{"key":"way:631441066@overview:115_22","osmType":"way","osmId":631441066,"sourceRegion":"guangdong","featureType":"infrastructure","railClass":"highspeed","mode":"rail","name":"杭深线","nameEn":"Hangzhou-Shenzhen Line","ref":"3009","usage":"main","highspeed":"yes","tunnel":"yes","status":"operational","color":"#E54848","dataOrigin":"datum-2026-08-01","sourceKey":"way:631441066"}},{"type":"Feature","geometry":{"type":"LineString","coordinates":[[115.4775114,22.8224865],[115.4723035,22.8207188]]},"properties":{"key":"way:631441067@overview:115_22","osmType":"way","osmId":631441067,"sourceRegion":"guangdong","featureType":"infrastructure","railClass":"highspeed","mode":"rail","name":"杭深线","nameEn":"Hangzhou-Shenzhen Line","ref":"3009","usage":"main","highspeed":"yes","status":"operational","color":"#E54848","dataOrigin":"datum-2026-08-01","sourceKey":"way:631441067"}},{"type":"Feature","geometry":{"type":"LineString","coordinates":[[115.4884338,22.8273975],[115.4775114,22.8224865]]},"properties":{"key":"way:631441068@overview:115_22","osmType":"way","osmId":631441068,"sourceRegion":"guangdong","featureType":"infrastructure","railClass":"highspeed","mode":"rail","name":"杭深线","nameEn":"Hangzhou-Shenzhen Line","ref":"3009","usage":"main","highspeed":"yes","tunnel":"yes","status":"operational","color":"#E54848","dataOrigin":"datum-2026-08-01","sourceKey":"way:631441068"}},{"type":"Feature","geometry":{"type":"LineString","coordinates":[[115.4933204,22.8308721],[115.4884338,22.8273975]]},"properties":{"key":"way:631441069@overview:115_22","osmType":"way","osmId":631441069,"sourceRegion":"guangdong","featureType":"infrastructure","railClass":"highspeed","mode":"rail","name":"杭深线","nameEn":"Hangzhou-Shenzhen Line","ref":"3009","usage":"main","highspeed":"yes","status":"operational","color":"#E54848","dataOrigin":"datum-2026-08-01","sourceKey":"way:631441069"}},{"type":"Feature","geometry":{"type":"LineString","coordinates":[[115.5061497,22.8416749],[115.4933204,22.8308721]]},"properties":{"key":"way:631441070@overview:115_22","osmType":"way","osmId":631441070,"sourceRegion":"guangdong","featureType":"infrastructure","railClass":"highspeed","mode":"rail","name":"杭深线","nameEn":"Hangzhou-Shenzhen Line","ref":"3009","usage":"main","highspeed":"yes","tunnel":"yes","status":"operational","color":"#E54848","dataOrigin":"datum-2026-08-01","sourceKey":"way:631441070"}},{"type":"Feature","geometry":{"type":"LineString","coordinates":[[115.6081254,22.8852271],[115.5561948,22.85917]]},"properties":{"key":"way:631441071@overview:115_22","osmType":"way","osmId":631441071,"sourceRegion":"guangdong","featureType":"infrastructure","railClass":"highspeed","mode":"rail","name":"杭深线","nameEn":"Hangzhou-Shenzhen Line","ref":"3009","usage":"main","highspeed":"yes","status":"operational","color":"#E54848","dataOrigin":"datum-2026-08-01","sourceKey":"way:631441071"}},{"type":"Feature","geometry":{"type":"LineString","coordinates":[[115.7169212,22.9455154],[115.7028149,22.9389513],[115.6632199,22.9117515],[115.6081254,22.8852271]]},"properties":{"key":"way:631441072@overview:115_22","osmType":"way","osmId":631441072,"sourceRegion":"guangdong","featureType":"infrastructure","railClass":"highspeed","mode":"rail","name":"杭深线","nameEn":"Hangzhou-Shenzhen Line","ref":"3009","usage":"main","highspeed":"yes","bridge":"viaduct","status":"operational","color":"#E54848","dataOrigin":"datum-2026-08-01","sourceKey":"way:631441072"}},{"type":"Feature","geometry":{"type":"LineString","coordinates":[[115.7376594,22.9538534],[115.7169212,22.9455154]]},"properties":{"key":"way:631441073@overview:115_22","osmType":"way","osmId":631441073,"sourceRegion":"guangdong","featureType":"infrastructure","railClass":"highspeed","mode":"rail","name":"杭深线","nameEn":"Hangzhou-Shenzhen Line","ref":"3009","usage":"main","highspeed":"yes","status":"operational","color":"#E54848","dataOrigin":"datum-2026-08-01","sourceKey":"way:631441073"}},{"type":"Feature","geometry":{"type":"LineString","coordinates":[[115.7420472,22.9556811],[115.7376594,22.9538534]]},"properties":{"key":"way:631441074@overview:115_22","osmType":"way","osmId":631441074,"sourceRegion":"guangdong","featureType":"infrastructure","railClass":"highspeed","mode":"rail","name":"杭深线","nameEn":"Hangzhou-Shenzhen Line","ref":"3009","usage":"main","highspeed":"yes","bridge":"viaduct","status":"operational","color":"#E54848","dataOrigin":"datum-2026-08-01","sourceKey":"way:631441074"}},{"type":"Feature","geometry":{"type":"LineString","coordinates":[[115.7508932,22.9604517],[115.7420472,22.9556811]]},"properties":{"key":"way:631441075@overview:115_22","osmType":"way","osmId":631441075,"sourceRegion":"guangdong","featureType":"infrastructure","railClass":"highspeed","mode":"rail","name":"杭深线","nameEn":"Hangzhou-Shenzhen Line","ref":"3009","usage":"main","highspeed":"yes","status":"operational","color":"#E54848","dataOrigin":"datum-2026-08-01","sourceKey":"way:631441075"}},{"type":"Feature","geometry":{"type":"LineString","coordinates":[[115.7527504,22.9617465],[115.7508932,22.9604517]]},"properties":{"key":"way:631441076@overview:115_22","osmType":"way","osmId":631441076,"sourceRegion":"guangdong","featureType":"infrastructure","railClass":"highspeed","mode":"rail","name":"杭深线","nameEn":"Hangzhou-Shenzhen Line","ref":"3009","usage":"main","highspeed":"yes","bridge":"viaduct","status":"operational","color":"#E54848","dataOrigin":"datum-2026-08-01","sourceKey":"way:631441076"}},{"type":"Feature","geometry":{"type":"LineString","coordinates":[[115.7557446,22.9638011],[115.7527504,22.9617465]]},"properties":{"key":"way:631441077@overview:115_22","osmType":"way","osmId":631441077,"sourceRegion":"guangdong","featureType":"infrastructure","railClass":"highspeed","mode":"rail","name":"杭深线","nameEn":"Hangzhou-Shenzhen Line","ref":"3009","usage":"main","highspeed":"yes","status":"operational","color":"#E54848","dataOrigin":"datum-2026-08-01","sourceKey":"way:631441077"}},{"type":"Feature","geometry":{"type":"LineString","coordinates":[[115.7696696,22.970448],[115.7557446,22.9638011]]},"properties":{"key":"way:631441078@overview:115_22","osmType":"way","osmId":631441078,"sourceRegion":"guangdong","featureType":"infrastructure","railClass":"highspeed","mode":"rail","name":"杭深线","nameEn":"Hangzhou-Shenzhen Line","ref":"3009","usage":"main","highspeed":"yes","bridge":"viaduct","status":"operational","color":"#E54848","dataOrigin":"datum-2026-08-01","sourceKey":"way:631441078"}},{"type":"Feature","geometry":{"type":"LineString","coordinates":[[115.778342,22.9737456],[115.7696696,22.970448]]},"properties":{"key":"way:631441079@overview:115_22","osmType":"way","osmId":631441079,"sourceRegion":"guangdong","featureType":"infrastructure","railClass":"highspeed","mode":"rail","name":"杭深线","nameEn":"Hangzhou-Shenzhen Line","ref":"3009","usage":"main","highspeed":"yes","status":"operational","color":"#E54848","dataOrigin":"datum-2026-08-01","sourceKey":"way:631441079"}},{"type":"Feature","geometry":{"type":"LineString","coordinates":[[115.7784916,22.973802],[115.778342,22.9737456]]},"properties":{"key":"way:631441080@overview:115_22","osmType":"way","osmId":631441080,"sourceRegion":"guangdong","featureType":"infrastructure","railClass":"highspeed","mode":"rail","name":"杭深线","nameEn":"Hangzhou-Shenzhen Line","ref":"3009","usage":"main","highspeed":"yes","bridge":"yes","status":"operational","color":"#E54848","dataOrigin":"datum-2026-08-01","sourceKey":"way:631441080"}},{"type":"Feature","geometry":{"type":"LineString","coordinates":[[115.7825179,22.9753085],[115.7784916,22.973802]]},"properties":{"key":"way:631441081@overview:115_22","osmType":"way","osmId":631441081,"sourceRegion":"guangdong","featureType":"infrastructure","railClass":"highspeed","mode":"rail","name":"杭深线","nameEn":"Hangzhou-Shenzhen Line","ref":"3009","usage":"main","highspeed":"yes","status":"operational","color":"#E54848","dataOrigin":"datum-2026-08-01","sourceKey":"way:631441081"}},{"type":"Feature","geometry":{"type":"LineString","coordinates":[[115.7852729,22.97635],[115.7825179,22.9753085]]},"properties":{"key":"way:631441082@overview:115_22","osmType":"way","osmId":631441082,"sourceRegion":"guangdong","featureType":"infrastructure","railClass":"highspeed","mode":"rail","name":"杭深线","nameEn":"Hangzhou-Shenzhen Line","ref":"3009","usage":"main","highspeed":"yes","bridge":"yes","status":"operational","color":"#E54848","dataOrigin":"datum-2026-08-01","sourceKey":"way:631441082"}},{"type":"Feature","geometry":{"type":"LineString","coordinates":[[115.7875835,22.9772234],[115.7852729,22.97635]]},"properties":{"key":"way:631441083@overview:115_22","osmType":"way","osmId":631441083,"sourceRegion":"guangdong","featureType":"infrastructure","railClass":"highspeed","mode":"rail","name":"杭深线","nameEn":"Hangzhou-Shenzhen Line","ref":"3009","usage":"main","highspeed":"yes","status":"operational","color":"#E54848","dataOrigin":"datum-2026-08-01","sourceKey":"way:631441083"}},{"type":"Feature","geometry":{"type":"LineString","coordinates":[[115.7891752,22.9778251],[115.7875835,22.9772234]]},"properties":{"key":"way:631441084@overview:115_22","osmType":"way","osmId":631441084,"sourceRegion":"guangdong","featureType":"infrastructure","railClass":"highspeed","mode":"rail","name":"杭深线","nameEn":"Hangzhou-Shenzhen Line","ref":"3009","usage":"main","highspeed":"yes","bridge":"yes","status":"operational","color":"#E54848","dataOrigin":"datum-2026-08-01","sourceKey":"way:631441084"}},{"type":"Feature","geometry":{"type":"LineString","coordinates":[[115.7983456,22.9812916],[115.7891752,22.9778251]]},"properties":{"key":"way:631441085@overview:115_22","osmType":"way","osmId":631441085,"sourceRegion":"guangdong","featureType":"infrastructure","railClass":"highspeed","mode":"rail","name":"杭深线","nameEn":"Hangzhou-Shenzhen Line","ref":"3009","usage":"main","highspeed":"yes","status":"operational","color":"#E54848","dataOrigin":"datum-2026-08-01","sourceKey":"way:631441085"}},{"type":"Feature","geometry":{"type":"LineString","coordinates":[[115.8001542,22.9819752],[115.7983456,22.9812916]]},"properties":{"key":"way:631441086@overview:115_22","osmType":"way","osmId":631441086,"sourceRegion":"guangdong","featureType":"infrastructure","railClass":"highspeed","mode":"rail","name":"杭深线","nameEn":"Hangzhou-Shenzhen Line","ref":"3009","usage":"main","highspeed":"yes","bridge":"yes","status":"operational","color":"#E54848","dataOrigin":"datum-2026-08-01","sourceKey":"way:631441086"}},{"type":"Feature","geometry":{"type":"LineString","coordinates":[[115.8023509,22.9828055],[115.8001542,22.9819752]]},"properties":{"key":"way:631441087@overview:115_22","osmType":"way","osmId":631441087,"sourceRegion":"guangdong","featureType":"infrastructure","railClass":"highspeed","mode":"rail","name":"杭深线","nameEn":"Hangzhou-Shenzhen Line","ref":"3009","usage":"main","highspeed":"yes","status":"operational","color":"#E54848","dataOrigin":"datum-2026-08-01","sourceKey":"way:631441087"}},{"type":"Feature","geometry":{"type":"LineString","coordinates":[[115.8055836,22.9839962],[115.8023509,22.9828055]]},"properties":{"key":"way:631441088@overview:115_22","osmType":"way","osmId":631441088,"sourceRegion":"guangdong","featureType":"infrastructure","railClass":"highspeed","mode":"rail","name":"杭深线","nameEn":"Hangzhou-Shenzhen Line","ref":"3009","usage":"main","highspeed":"yes","tunnel":"yes","status":"operational","color":"#E54848","dataOrigin":"datum-2026-08-01","sourceKey":"way:631441088"}},{"type":"Feature","geometry":{"type":"LineString","coordinates":[[115.83483341001381,23.0],[115.8055836,22.9839962]]},"properties":{"key":"way:631441089@overview:115_22","osmType":"way","osmId":631441089,"sourceRegion":"guangdong","featureType":"infrastructure","railClass":"highspeed","mode":"rail","name":"杭深线","nameEn":"Hangzhou-Shenzhen Line","ref":"3009","usage":"main","highspeed":"yes","status":"operational","color":"#E54848","dataOrigin":"datum-2026-08-01","sourceKey":"way:631441089"}},{"type":"Feature","geometry":{"type":"LineString","coordinates":[[115.1270539,22.8182079],[115.1266935,22.8180776]]},"properties":{"key":"way:757704942@overview:115_22","osmType":"way","osmId":757704942,"sourceRegion":"guangdong","featureType":"infrastructure","railClass":"highspeed","mode":"rail","name":"杭深线","nameEn":"Hangzhou-Shenzhen Line","ref":"3009","usage":"main","highspeed":"yes","bridge":"viaduct","status":"operational","color":"#E54848","dataOrigin":"datum-2026-08-01","sourceKey":"way:757704942"}},{"type":"Feature","geometry":{"type":"LineString","coordinates":[[115.1277034,22.8185306],[115.1330511,22.8203754]]},"properties":{"key":"way:757704943@overview:115_22","osmType":"way","osmId":757704943,"sourceRegion":"guangdong","featureType":"infrastructure","railClass":"highspeed","mode":"rail","name":"杭深线","nameEn":"Hangzhou-Shenzhen Line","ref":"3009","usage":"main","highspeed":"yes","status":"operational","color":"#E54848","dataOrigin":"datum-2026-08-01","sourceKey":"way:757704943"}},{"type":"Feature","geometry":{"type":"LineString","coordinates":[[115.1330868,22.8202892],[115.1276781,22.8184232]]},"properties":{"key":"way:757704944@overview:115_22","osmType":"way","osmId":757704944,"sourceRegion":"guangdong","featureType":"infrastructure","railClass":"highspeed","mode":"rail","name":"杭深线","nameEn":"Hangzhou-Shenzhen Line","ref":"3009","usage":"main","highspeed":"yes","status":"operational","color":"#E54848","dataOrigin":"datum-2026-08-01","sourceKey":"way:757704944"}},{"type":"Feature","geometry":{"type":"LineString","coordinates":[[115.1266652,22.8181664],[115.1270265,22.8182971]]},"properties":{"key":"way:757704945@overview:115_22","osmType":"way","osmId":757704945,"sourceRegion":"guangdong","featureType":"infrastructure","railClass":"highspeed","mode":"rail","name":"杭深线","nameEn":"Hangzhou-Shenzhen Line","ref":"3009","usage":"main","highspeed":"yes","bridge":"viaduct","status":"operational","color":"#E54848","dataOrigin":"datum-2026-08-01","sourceKey":"way:757704945"}},{"type":"Feature","geometry":{"type":"LineString","coordinates":[[115.5060897,22.8417493],[115.5063324,22.8419178]]},"properties":{"key":"way:757704959@overview:115_22","osmType":"way","osmId":757704959,"sourceRegion":"guangdong","featureType":"infrastructure","railClass":"highspeed","mode":"rail","name":"杭深线","nameEn":"Hangzhou-Shenzhen Line","ref":"3009","usage":"main","highspeed":"yes","status":"operational","color":"#E54848","dataOrigin":"datum-2026-08-01","sourceKey":"way:757704959"}},{"type":"Feature","geometry":{"type":"LineString","coordinates":[[115.506373,22.8418683],[115.5061497,22.8416749]]},"properties":{"key":"way:757704960@overview:115_22","osmType":"way","osmId":757704960,"sourceRegion":"guangdong","featureType":"infrastructure","railClass":"highspeed","mode":"rail","name":"杭深线","nameEn":"Hangzhou-Shenzhen Line","ref":"3009","usage":"main","highspeed":"yes","status":"operational","color":"#E54848","dataOrigin":"datum-2026-08-01","sourceKey":"way:757704960"}},{"type":"Feature","geometry":{"type":"LineString","coordinates":[[115.5269814,22.8495849],[115.5511126,22.8569157]]},"properties":{"key":"way:757704961@overview:115_22","osmType":"way","osmId":757704961,"sourceRegion":"guangdong","featureType":"infrastructure","railClass":"highspeed","mode":"rail","name":"杭深线","nameEn":"Hangzhou-Shenzhen Line","ref":"3009","usage":"main","highspeed":"yes","bridge":"yes","status":"operational","color":"#E54848","dataOrigin":"datum-2026-08-01","sourceKey":"way:757704961"}},{"type":"Feature","geometry":{"type":"LineString","coordinates":[[115.5511517,22.8568308],[115.5270372,22.8495326]]},"properties":{"key":"way:757704962@overview:115_22","osmType":"way","osmId":757704962,"sourceRegion":"guangdong","featureType":"infrastructure","railClass":"highspeed","mode":"rail","name":"杭深线","nameEn":"Hangzhou-Shenzhen Line","ref":"3009","usage":"main","highspeed":"yes","bridge":"yes","status":"operational","color":"#E54848","dataOrigin":"datum-2026-08-01","sourceKey":"way:757704962"}},{"type":"Feature","geometry":{"type":"LineString","coordinates":[[115.2929023,22.8224691],[115.2920776,22.8230052]]},"properties":{"key":"way:757741764@overview:115_22","osmType":"way","osmId":757741764,"sourceRegion":"guangdong","featureType":"infrastructure","railClass":"highspeed","mode":"rail","name":"杭深线","nameEn":"Hangzhou-Shenzhen Line","ref":"3009","usage":"main","highspeed":"yes","status":"operational","color":"#E54848","dataOrigin":"datum-2026-08-01","sourceKey":"way:757741764"}},{"type":"Feature","geometry":{"type":"LineString","coordinates":[[115.2929339,22.822533],[115.3021453,22.8168878]]},"properties":{"key":"way:757741765@overview:115_22","osmType":"way","osmId":757741765,"sourceRegion":"guangdong","featureType":"infrastructure","railClass":"highspeed","mode":"rail","name":"杭深线","nameEn":"Hangzhou-Shenzhen Line","ref":"3009","usage":"main","highspeed":"yes","tunnel":"yes","status":"operational","color":"#E54848","dataOrigin":"datum-2026-08-01","sourceKey":"way:757741765"}},{"type":"Feature","geometry":{"type":"LineString","coordinates":[[115.3763929,22.8151081],[115.37554,22.8150896]]},"properties":{"key":"way:757741766@overview:115_22","osmType":"way","osmId":757741766,"sourceRegion":"guangdong","featureType":"infrastructure","railClass":"highspeed","mode":"rail","name":"杭深线","nameEn":"Hangzhou-Shenzhen Line","ref":"3009","usage":"main","highspeed":"yes","bridge":"yes","status":"operational","color":"#E54848","dataOrigin":"datum-2026-08-01","sourceKey":"way:757741766"}},{"type":"Feature","geometry":{"type":"LineString","coordinates":[[115.3763862,22.8152021],[115.3776629,22.8152173]]},"properties":{"key":"way:757741767@overview:115_22","osmType":"way","osmId":757741767,"sourceRegion":"guangdong","featureType":"infrastructure","railClass":"highspeed","mode":"rail","name":"杭深线","nameEn":"Hangzhou-Shenzhen Line","ref":"3009","usage":"main","highspeed":"yes","status":"operational","color":"#E54848","dataOrigin":"datum-2026-08-01","sourceKey":"way:757741767"}},{"type":"Feature","geometry":{"type":"LineString","coordinates":[[115.37554,22.8150896],[115.3747186,22.8150362]]},"properties":{"key":"way:757741768@overview:115_22","osmType":"way","osmId":757741768,"sourceRegion":"guangdong","featureType":"infrastructure","railClass":"highspeed","mode":"rail","name":"杭深线","nameEn":"Hangzhou-Shenzhen Line","ref":"3009","usage":"main","highspeed":"yes","status":"operational","color":"#E54848","dataOrigin":"datum-2026-08-01","sourceKey":"way:757741768"}},{"type":"Feature","geometry":{"type":"LineString","coordinates":[[115.37471,22.8151282],[115.3755547,22.8151761]]},"properties":{"key":"way:757741769@overview:115_22","osmType":"way","osmId":757741769,"sourceRegion":"guangdong","featureType":"infrastructure","railClass":"highspeed","mode":"rail","name":"杭深线","nameEn":"Hangzhou-Shenzhen Line","ref":"3009","usage":"main","highspeed":"yes","status":"operational","color":"#E54848","dataOrigin":"datum-2026-08-01","sourceKey":"way:757741769"}},{"type":"Feature","geometry":{"type":"LineString","coordinates":[[115.0500619,22.8720495],[115.0902023,22.873294]]},"properties":{"key":"way:818797712@overview:115_22","osmType":"way","osmId":818797712,"sourceRegion":"guangdong","featureType":"infrastructure","railClass":"highspeed","mode":"rail","name":"甬广高速线","nameEn":"Ningbo–Guangzhou Highspeed-Railway","ref":"广汕高速线","usage":"main","highspeed":"yes","bridge":"yes","status":"operational","color":"#E54848","dataOrigin":"datum-2026-08-01","sourceKey":"way:818797712"}},{"type":"Feature","geometry":{"type":"LineString","coordinates":[[115.1652986,22.8785511],[115.1607479,22.8784972]]},"properties":{"key":"way:818797713@overview:115_22","osmType":"way","osmId":818797713,"sourceRegion":"guangdong","featureType":"infrastructure","railClass":"highspeed","mode":"rail","name":"甬广高速线","nameEn":"Ningbo–Guangzhou Highspeed-Railway","ref":"广汕高速线","usage":"main","highspeed":"yes","status":"operational","color":"#E54848","dataOrigin":"datum-2026-08-01","sourceKey":"way:818797713"}},{"type":"Feature","geometry":{"type":"LineString","coordinates":[[115.1789652,22.877391],[115.1652986,22.8785511]]},"properties":{"key":"way:818797714@overview:115_22","osmType":"way","osmId":818797714,"sourceRegion":"guangdong","featureType":"infrastructure","railClass":"highspeed","mode":"rail","name":"甬广高速线","nameEn":"Ningbo–Guangzhou Highspeed-Railway","ref":"广汕高速线","usage":"main","highspeed":"yes","bridge":"yes","status":"operational","color":"#E54848","dataOrigin":"datum-2026-08-01","sourceKey":"way:818797714"}},{"type":"Feature","geometry":{"type":"LineString","coordinates":[[115.1815158,22.8769198],[115.1789652,22.877391]]},"properties":{"key":"way:818797715@overview:115_22","osmType":"way","osmId":818797715,"sourceRegion":"guangdong","featureType":"infrastructure","railClass":"highspeed","mode":"rail","name":"甬广高速线","nameEn":"Ningbo–Guangzhou Highspeed-Railway","ref":"广汕高速线","usage":"main","highspeed":"yes","tunnel":"yes","status":"operational","color":"#E54848","dataOrigin":"datum-2026-08-01","sourceKey":"way:818797715"}},{"type":"Feature","geometry":{"type":"LineString","coordinates":[[115.3162992,22.8364099],[115.2619657,22.842582],[115.201846,22.8704833],[115.1815158,22.8769198]]},"properties":{"key":"way:818797716@overview:115_22","osmType":"way","osmId":818797716,"sourceRegion":"guangdong","featureType":"infrastructure","railClass":"highspeed","mode":"rail","name":"甬广高速线","nameEn":"Ningbo–Guangzhou Highspeed-Railway","ref":"广汕高速线","usage":"main","highspeed":"yes","bridge":"yes","status":"operational","color":"#E54848","dataOrigin":"datum-2026-08-01","sourceKey":"way:818797716"}},{"type":"Feature","geometry":{"type":"LineString","coordinates":[[115.3302294,22.832036],[115.3263216,22.8332746]]},"properties":{"key":"way:818797720@overview:115_22","osmType":"way","osmId":818797720,"sourceRegion":"guangdong","featureType":"infrastructure","railClass":"highspeed","mode":"rail","name":"甬广高速线","nameEn":"Ningbo–Guangzhou Highspeed-Railway","ref":"广汕高速线","usage":"main","highspeed":"yes","tunnel":"yes","status":"operational","color":"#E54848","dataOrigin":"datum-2026-08-01","sourceKey":"way:818797720"}},{"type":"Feature","geometry":{"type":"LineString","coordinates":[[115.3409228,22.8286205],[115.3403159,22.8288224]]},"properties":{"key":"way:818797721@overview:115_22","osmType":"way","osmId":818797721,"sourceRegion":"guangdong","featureType":"infrastructure","railClass":"highspeed","mode":"rail","name":"甬广高速线","nameEn":"Ningbo–Guangzhou Highspeed-Railway","ref":"广汕高速线","usage":"main","highspeed":"yes","status":"operational","color":"#E54848","dataOrigin":"datum-2026-08-01","sourceKey":"way:818797721"}},{"type":"Feature","geometry":{"type":"LineString","coordinates":[[115.3460345,22.8269955],[115.3409228,22.8286205]]},"properties":{"key":"way:818797723@overview:115_22","osmType":"way","osmId":818797723,"sourceRegion":"guangdong","featureType":"infrastructure","railClass":"highspeed","mode":"rail","name":"甬广高速线","nameEn":"Ningbo–Guangzhou Highspeed-Railway","ref":"广汕高速线","usage":"main","highspeed":"yes","tunnel":"yes","status":"operational","color":"#E54848","dataOrigin":"datum-2026-08-01","sourceKey":"way:818797723"}},{"type":"Feature","geometry":{"type":"LineString","coordinates":[[115.3793326,22.8172115],[115.3771121,22.8176117]]},"properties":{"key":"way:818797724@overview:115_22","osmType":"way","osmId":818797724,"sourceRegion":"guangdong","featureType":"infrastructure","railClass":"highspeed","mode":"rail","name":"甬广高速线","nameEn":"Ningbo–Guangzhou Highspeed-Railway","ref":"广汕高速线","usage":"main","highspeed":"yes","bridge":"yes","status":"operational","color":"#E54848","dataOrigin":"datum-2026-08-01","sourceKey":"way:818797724"}},{"type":"Feature","geometry":{"type":"LineString","coordinates":[[115.3834,22.816647],[115.3829966,22.8166929]]},"properties":{"key":"way:818797725@overview:115_22","osmType":"way","osmId":818797725,"sourceRegion":"guangdong","featureType":"infrastructure","railClass":"highspeed","mode":"rail","name":"甬广高速线","nameEn":"Ningbo–Guangzhou Highspeed-Railway","ref":"广汕高速线","usage":"main","highspeed":"yes","status":"operational","color":"#E54848","dataOrigin":"datum-2026-08-01","sourceKey":"way:818797725"}},{"type":"Feature","geometry":{"type":"LineString","coordinates":[[115.3771121,22.8176117],[115.3501775,22.8256729]]},"properties":{"key":"way:818797726@overview:115_22","osmType":"way","osmId":818797726,"sourceRegion":"guangdong","featureType":"infrastructure","railClass":"highspeed","mode":"rail","name":"甬广高速线","nameEn":"Ningbo–Guangzhou Highspeed-Railway","ref":"广汕高速线","usage":"main","highspeed":"yes","tunnel":"yes","status":"operational","color":"#E54848","dataOrigin":"datum-2026-08-01","sourceKey":"way:818797726"}},{"type":"Feature","geometry":{"type":"LineString","coordinates":[[115.3829966,22.8166929],[115.3793326,22.8172115]]},"properties":{"key":"way:818797727@overview:115_22","osmType":"way","osmId":818797727,"sourceRegion":"guangdong","featureType":"infrastructure","railClass":"highspeed","mode":"rail","name":"甬广高速线","nameEn":"Ningbo–Guangzhou Highspeed-Railway","ref":"广汕高速线","usage":"main","highspeed":"yes","tunnel":"yes","status":"operational","color":"#E54848","dataOrigin":"datum-2026-08-01","sourceKey":"way:818797727"}},{"type":"Feature","geometry":{"type":"LineString","coordinates":[[115.3501775,22.8256729],[115.3460345,22.8269955]]},"properties":{"key":"way:818797728@overview:115_22","osmType":"way","osmId":818797728,"sourceRegion":"guangdong","featureType":"infrastructure","railClass":"highspeed","mode":"rail","name":"甬广高速线","nameEn":"Ningbo–Guangzhou Highspeed-Railway","ref":"广汕高速线","usage":"main","highspeed":"yes","bridge":"yes","status":"operational","color":"#E54848","dataOrigin":"datum-2026-08-01","sourceKey":"way:818797728"}},{"type":"Feature","geometry":{"type":"LineString","coordinates":[[115.4078439,22.8157441],[115.3834,22.816647]]},"properties":{"key":"way:818797730@overview:115_22","osmType":"way","osmId":818797730,"sourceRegion":"guangdong","featureType":"infrastructure","railClass":"highspeed","mode":"rail","name":"甬广高速线","nameEn":"Ningbo–Guangzhou Highspeed-Railway","ref":"广汕高速线","usage":"main","highspeed":"yes","bridge":"yes","status":"operational","color":"#E54848","dataOrigin":"datum-2026-08-01","sourceKey":"way:818797730"}},{"type":"Feature","geometry":{"type":"LineString","coordinates":[[115.4173718,22.815075],[115.409012,22.8156612]]},"properties":{"key":"way:818797732@overview:115_22","osmType":"way","osmId":818797732,"sourceRegion":"guangdong","featureType":"infrastructure","railClass":"highspeed","mode":"rail","name":"甬广高速线","nameEn":"Ningbo–Guangzhou Highspeed-Railway","ref":"广汕高速线","usage":"main","highspeed":"yes","tunnel":"yes","status":"operational","color":"#E54848","dataOrigin":"datum-2026-08-01","sourceKey":"way:818797732"}},{"type":"Feature","geometry":{"type":"LineString","coordinates":[[115.4367628,22.8137355],[115.421675,22.8148025]]},"properties":{"key":"way:818797793@overview:115_22","osmType":"way","osmId":818797793,"sourceRegion":"guangdong","featureType":"infrastructure","railClass":"highspeed","mode":"rail","name":"甬广高速线","nameEn":"Ningbo–Guangzhou Highspeed-Railway","ref":"广汕高速线","usage":"main","highspeed":"yes","status":"operational","color":"#E54848","dataOrigin":"datum-2026-08-01","sourceKey":"way:818797793"}},{"type":"Feature","geometry":{"type":"LineString","coordinates":[[115.4596828,22.8170422],[115.4388673,22.8136843]]},"properties":{"key":"way:818797794@overview:115_22","osmType":"way","osmId":818797794,"sourceRegion":"guangdong","featureType":"infrastructure","railClass":"highspeed","mode":"rail","name":"甬广高速线","nameEn":"Ningbo–Guangzhou Highspeed-Railway","ref":"汕汕高速线","usage":"main","highspeed":"yes","tunnel":"yes","status":"operational","color":"#E54848","dataOrigin":"datum-2026-08-01","sourceKey":"way:818797794"}},{"type":"Feature","geometry":{"type":"LineString","coordinates":[[115.4656304,22.8193848],[115.4596828,22.8170422]]},"properties":{"key":"way:818797795@overview:115_22","osmType":"way","osmId":818797795,"sourceRegion":"guangdong","featureType":"infrastructure","railClass":"highspeed","mode":"rail","name":"甬广高速线","nameEn":"Ningbo–Guangzhou Highspeed-Railway","ref":"汕汕高速线","usage":"main","highspeed":"yes","bridge":"yes","status":"operational","color":"#E54848","dataOrigin":"datum-2026-08-01","sourceKey":"way:818797795"}},{"type":"Feature","geometry":{"type":"LineString","coordinates":[[115.4716002,22.8216438],[115.4656304,22.8193848]]},"properties":{"key":"way:818797796@overview:115_22","osmType":"way","osmId":818797796,"sourceRegion":"guangdong","featureType":"infrastructure","railClass":"highspeed","mode":"rail","name":"甬广高速线","nameEn":"Ningbo–Guangzhou Highspeed-Railway","ref":"汕汕高速线","usage":"main","highspeed":"yes","tunnel":"yes","status":"operational","color":"#E54848","dataOrigin":"datum-2026-08-01","sourceKey":"way:818797796"}},{"type":"Feature","geometry":{"type":"LineString","coordinates":[[115.4789651,22.8238225],[115.4720858,22.8217926]]},"properties":{"key":"way:818797797@overview:115_22","osmType":"way","osmId":818797797,"sourceRegion":"guangdong","featureType":"infrastructure","railClass":"highspeed","mode":"rail","name":"甬广高速线","nameEn":"Ningbo–Guangzhou Highspeed-Railway","ref":"汕汕高速线","usage":"main","highspeed":"yes","bridge":"yes","status":"operational","color":"#E54848","dataOrigin":"datum-2026-08-01","sourceKey":"way:818797797"}},{"type":"Feature","geometry":{"type":"LineString","coordinates":[[115.4883928,22.8255802],[115.4789651,22.8238225]]},"properties":{"key":"way:818797798@overview:115_22","osmType":"way","osmId":818797798,"sourceRegion":"guangdong","featureType":"infrastructure","railClass":"highspeed","mode":"rail","name":"甬广高速线","nameEn":"Ningbo–Guangzhou Highspeed-Railway","ref":"汕汕高速线","usage":"main","highspeed":"yes","tunnel":"yes","status":"operational","color":"#E54848","dataOrigin":"datum-2026-08-01","sourceKey":"way:818797798"}},{"type":"Feature","geometry":{"type":"LineString","coordinates":[[115.4938874,22.8261808],[115.4918575,22.8259146]]},"properties":{"key":"way:818797799@overview:115_22","osmType":"way","osmId":818797799,"sourceRegion":"guangdong","featureType":"infrastructure","railClass":"highspeed","mode":"rail","name":"甬广高速线","nameEn":"Ningbo–Guangzhou Highspeed-Railway","ref":"汕汕高速线","usage":"main","highspeed":"yes","bridge":"yes","status":"operational","color":"#E54848","dataOrigin":"datum-2026-08-01","sourceKey":"way:818797799"}},{"type":"Feature","geometry":{"type":"LineString","coordinates":[[115.5033804,22.8276608],[115.4938874,22.8261808]]},"properties":{"key":"way:818797800@overview:115_22","osmType":"way","osmId":818797800,"sourceRegion":"guangdong","featureType":"infrastructure","railClass":"highspeed","mode":"rail","name":"甬广高速线","nameEn":"Ningbo–Guangzhou Highspeed-Railway","ref":"汕汕高速线","usage":"main","highspeed":"yes","tunnel":"yes","status":"operational","color":"#E54848","dataOrigin":"datum-2026-08-01","sourceKey":"way:818797800"}},{"type":"Feature","geometry":{"type":"LineString","coordinates":[[115.5139976,22.8306211],[115.5033804,22.8276608]]},"properties":{"key":"way:818797801@overview:115_22","osmType":"way","osmId":818797801,"sourceRegion":"guangdong","featureType":"infrastructure","railClass":"highspeed","mode":"rail","name":"甬广高速线","nameEn":"Ningbo–Guangzhou Highspeed-Railway","ref":"汕汕高速线","usage":"main","highspeed":"yes","bridge":"yes","status":"operational","color":"#E54848","dataOrigin":"datum-2026-08-01","sourceKey":"way:818797801"}},{"type":"Feature","geometry":{"type":"LineString","coordinates":[[115.5285245,22.8373879],[115.5139976,22.8306211]]},"properties":{"key":"way:818797804@overview:115_22","osmType":"way","osmId":818797804,"sourceRegion":"guangdong","featureType":"infrastructure","railClass":"highspeed","mode":"rail","name":"甬广高速线","nameEn":"Ningbo–Guangzhou Highspeed-Railway","ref":"汕汕高速线","usage":"main","highspeed":"yes","tunnel":"yes","status":"operational","color":"#E54848","dataOrigin":"datum-2026-08-01","sourceKey":"way:818797804"}},{"type":"Feature","geometry":{"type":"LineString","coordinates":[[115.5306181,22.8386805],[115.5285245,22.8373879]]},"properties":{"key":"way:818797805@overview:115_22","osmType":"way","osmId":818797805,"sourceRegion":"guangdong","featureType":"infrastructure","railClass":"highspeed","mode":"rail","name":"甬广高速线","nameEn":"Ningbo–Guangzhou Highspeed-Railway","ref":"汕汕高速线","usage":"main","highspeed":"yes","status":"operational","color":"#E54848","dataOrigin":"datum-2026-08-01","sourceKey":"way:818797805"}},{"type":"Feature","geometry":{"type":"LineString","coordinates":[[115.6950904,22.8995636],[115.6682801,22.8979358],[115.6017975,22.8813343],[115.5713224,22.8667248],[115.5306181,22.8386805]]},"properties":{"key":"way:818797806@overview:115_22","osmType":"way","osmId":818797806,"sourceRegion":"guangdong","featureType":"infrastructure","railClass":"highspeed","mode":"rail","name":"甬广高速线","nameEn":"Ningbo–Guangzhou Highspeed-Railway","ref":"汕汕高速线","usage":"main","highspeed":"yes","bridge":"yes","status":"operational","color":"#E54848","dataOrigin":"datum-2026-08-01","sourceKey":"way:818797806"}},{"type":"Feature","geometry":{"type":"LineString","coordinates":[[116.0,22.90477665922767],[115.9944641,22.9046213]]},"properties":{"key":"way:818797819@overview:115_22","osmType":"way","osmId":818797819,"sourceRegion":"guangdong","featureType":"infrastructure","railClass":"highspeed","mode":"rail","name":"甬广高速线","nameEn":"Ningbo–Guangzhou Highspeed-Railway","ref":"汕汕高速线","usage":"main","highspeed":"yes","status":"operational","color":"#E54848","dataOrigin":"datum-2026-08-01","sourceKey":"way:818797819"}},{"type":"Feature","geometry":{"type":"LineString","coordinates":[[115.9484195,22.903206],[115.9120942,22.9025644],[115.8916071,22.9060611]]},"properties":{"key":"way:818797820@overview:115_22","osmType":"way","osmId":818797820,"sourceRegion":"guangdong","featureType":"infrastructure","railClass":"highspeed","mode":"rail","name":"甬广高速线","nameEn":"Ningbo–Guangzhou Highspeed-Railway","ref":"汕汕高速线","usage":"main","highspeed":"yes","bridge":"yes","status":"operational","color":"#E54848","dataOrigin":"datum-2026-08-01","sourceKey":"way:818797820"}},{"type":"Feature","geometry":{"type":"LineString","coordinates":[[115.8438617,22.9153289],[115.7982149,22.9146916]]},"properties":{"key":"way:818797821@overview:115_22","osmType":"way","osmId":818797821,"sourceRegion":"guangdong","featureType":"infrastructure","railClass":"highspeed","mode":"rail","name":"甬广高速线","nameEn":"Ningbo–Guangzhou Highspeed-Railway","ref":"汕汕高速线","usage":"main","highspeed":"yes","status":"operational","color":"#E54848","dataOrigin":"datum-2026-08-01","sourceKey":"way:818797821"}},{"type":"Feature","geometry":{"type":"LineString","coordinates":[[115.7982149,22.9146916],[115.7762878,22.9084953]]},"properties":{"key":"way:818797825@overview:115_22","osmType":"way","osmId":818797825,"sourceRegion":"guangdong","featureType":"infrastructure","railClass":"highspeed","mode":"rail","name":"甬广高速线","nameEn":"Ningbo–Guangzhou Highspeed-Railway","ref":"汕汕高速线","usage":"main","highspeed":"yes","bridge":"yes","status":"operational","color":"#E54848","dataOrigin":"datum-2026-08-01","sourceKey":"way:818797825"}},{"type":"Feature","geometry":{"type":"LineString","coordinates":[[115.7762878,22.9084953],[115.7735098,22.9074582]]},"properties":{"key":"way:818797826@overview:115_22","osmType":"way","osmId":818797826,"sourceRegion":"guangdong","featureType":"infrastructure","railClass":"highspeed","mode":"rail","name":"甬广高速线","nameEn":"Ningbo–Guangzhou Highspeed-Railway","ref":"汕汕高速线","usage":"main","highspeed":"yes","status":"operational","color":"#E54848","dataOrigin":"datum-2026-08-01","sourceKey":"way:818797826"}},{"type":"Feature","geometry":{"type":"LineString","coordinates":[[115.7735098,22.9074582],[115.7510622,22.9015083],[115.7176028,22.900715]]},"properties":{"key":"way:818797827@overview:115_22","osmType":"way","osmId":818797827,"sourceRegion":"guangdong","featureType":"infrastructure","railClass":"highspeed","mode":"rail","name":"甬广高速线","nameEn":"Ningbo–Guangzhou Highspeed-Railway","ref":"汕汕高速线","usage":"main","highspeed":"yes","bridge":"yes","status":"operational","color":"#E54848","dataOrigin":"datum-2026-08-01","sourceKey":"way:818797827"}},{"type":"Feature","geometry":{"type":"LineString","coordinates":[[115.7176028,22.900715],[115.7036045,22.8995794]]},"properties":{"key":"way:818797830@overview:115_22","osmType":"way","osmId":818797830,"sourceRegion":"guangdong","featureType":"infrastructure","railClass":"highspeed","mode":"rail","name":"甬广高速线","nameEn":"Ningbo–Guangzhou Highspeed-Railway","ref":"汕汕高速线","usage":"main","highspeed":"yes","tunnel":"yes","status":"operational","color":"#E54848","dataOrigin":"datum-2026-08-01","sourceKey":"way:818797830"}},{"type":"Feature","geometry":{"type":"LineString","coordinates":[[115.7036045,22.8995794],[115.7030999,22.8995831]]},"properties":{"key":"way:818797831@overview:115_22","osmType":"way","osmId":818797831,"sourceRegion":"guangdong","featureType":"infrastructure","railClass":"highspeed","mode":"rail","name":"甬广高速线","nameEn":"Ningbo–Guangzhou Highspeed-Railway","ref":"汕汕高速线","usage":"main","highspeed":"yes","status":"operational","color":"#E54848","dataOrigin":"datum-2026-08-01","sourceKey":"way:818797831"}},{"type":"Feature","geometry":{"type":"LineString","coordinates":[[115.7030999,22.8995831],[115.6966184,22.8995566]]},"properties":{"key":"way:818797832@overview:115_22","osmType":"way","osmId":818797832,"sourceRegion":"guangdong","featureType":"infrastructure","railClass":"highspeed","mode":"rail","name":"甬广高速线","nameEn":"Ningbo–Guangzhou Highspeed-Railway","ref":"汕汕高速线","usage":"main","highspeed":"yes","tunnel":"yes","status":"operational","color":"#E54848","dataOrigin":"datum-2026-08-01","sourceKey":"way:818797832"}},{"type":"Feature","geometry":{"type":"LineString","coordinates":[[115.5560018,22.8591253],[115.5561895,22.859219]]},"properties":{"key":"way:828308800@overview:115_22","osmType":"way","osmId":828308800,"sourceRegion":"guangdong","featureType":"infrastructure","railClass":"highspeed","mode":"rail","name":"杭深线","nameEn":"Hangzhou-Shenzhen Line","ref":"3009","usage":"main","highspeed":"yes","bridge":"yes","status":"operational","color":"#E54848","dataOrigin":"datum-2026-08-01","sourceKey":"way:828308800"}},{"type":"Feature","geometry":{"type":"LineString","coordinates":[[115.5559985,22.8590695],[115.5511517,22.8568308]]},"properties":{"key":"way:828308801@overview:115_22","osmType":"way","osmId":828308801,"sourceRegion":"guangdong","featureType":"infrastructure","railClass":"highspeed","mode":"rail","name":"杭深线","nameEn":"Hangzhou-Shenzhen Line","ref":"3009","usage":"main","highspeed":"yes","status":"operational","color":"#E54848","dataOrigin":"datum-2026-08-01","sourceKey":"way:828308801"}},{"type":"Feature","geometry":{"type":"LineString","coordinates":[[115.5561895,22.859219],[115.6080795,22.885309]]},"properties":{"key":"way:828308802@overview:115_22","osmType":"way","osmId":828308802,"sourceRegion":"guangdong","featureType":"infrastructure","railClass":"highspeed","mode":"rail","name":"杭深线","nameEn":"Hangzhou-Shenzhen Line","ref":"3009","usage":"main","highspeed":"yes","status":"operational","color":"#E54848","dataOrigin":"datum-2026-08-01","sourceKey":"way:828308802"}},{"type":"Feature","geometry":{"type":"LineString","coordinates":[[115.5561948,22.85917],[115.5559985,22.8590695]]},"properties":{"key":"way:828308803@overview:115_22","osmType":"way","osmId":828308803,"sourceRegion":"guangdong","featureType":"infrastructure","railClass":"highspeed","mode":"rail","name":"杭深线","nameEn":"Hangzhou-Shenzhen Line","ref":"3009","usage":"main","highspeed":"yes","bridge":"yes","status":"operational","color":"#E54848","dataOrigin":"datum-2026-08-01","sourceKey":"way:828308803"}},{"type":"Feature","geometry":{"type":"LineString","coordinates":[[115.0284374,22.8776313],[115.0423541,22.8734085]]},"properties":{"key":"way:904335315@overview:115_22","osmType":"way","osmId":904335315,"sourceRegion":"guangdong","featureType":"infrastructure","railClass":"highspeed","mode":"rail","name":"甬广高速线","nameEn":"Ningbo–Guangzhou Highspeed-Railway","ref":"广汕高速线","usage":"main","highspeed":"yes","tunnel":"yes","status":"operational","color":"#E54848","dataOrigin":"datum-2026-08-01","sourceKey":"way:904335315"}},{"type":"Feature","geometry":{"type":"LineString","coordinates":[[115.1083104,22.8746214],[115.1607479,22.8784972]]},"properties":{"key":"way:906018985@overview:115_22","osmType":"way","osmId":906018985,"sourceRegion":"guangdong","featureType":"infrastructure","railClass":"highspeed","mode":"rail","name":"甬广高速线","nameEn":"Ningbo–Guangzhou Highspeed-Railway","ref":"广汕高速线","usage":"main","highspeed":"yes","tunnel":"yes","status":"operational","color":"#E54848","dataOrigin":"datum-2026-08-01","sourceKey":"way:906018985"}},{"type":"Feature","geometry":{"type":"LineString","coordinates":[[115.0,22.886480077966784],[115.0042878,22.8854317]]},"properties":{"key":"way:1052993865@overview:115_22","osmType":"way","osmId":1052993865,"sourceRegion":"guangdong","featureType":"infrastructure","railClass":"highspeed","mode":"rail","name":"甬广高速线","nameEn":"Ningbo–Guangzhou Highspeed-Railway","ref":"广汕高速线","usage":"main","highspeed":"yes","status":"operational","color":"#E54848","dataOrigin":"datum-2026-08-01","sourceKey":"way:1052993865"}},{"type":"Feature","geometry":{"type":"LineString","coordinates":[[115.0042878,22.8854317],[115.0168347,22.8813944]]},"properties":{"key":"way:1052993866@overview:115_22","osmType":"way","osmId":1052993866,"sourceRegion":"guangdong","featureType":"infrastructure","railClass":"highspeed","mode":"rail","name":"甬广高速线","nameEn":"Ningbo–Guangzhou Highspeed-Railway","ref":"广汕高速线","usage":"main","highspeed":"yes","tunnel":"yes","status":"operational","color":"#E54848","dataOrigin":"datum-2026-08-01","sourceKey":"way:1052993866"}},{"type":"Feature","geometry":{"type":"LineString","coordinates":[[115.0180122,22.8810096],[115.0205736,22.8801725]]},"properties":{"key":"way:1052993867@overview:115_22","osmType":"way","osmId":1052993867,"sourceRegion":"guangdong","featureType":"infrastructure","railClass":"highspeed","mode":"rail","name":"甬广高速线","nameEn":"Ningbo–Guangzhou Highspeed-Railway","ref":"广汕高速线","usage":"main","highspeed":"yes","bridge":"yes","status":"operational","color":"#E54848","dataOrigin":"datum-2026-08-01","sourceKey":"way:1052993867"}},{"type":"Feature","geometry":{"type":"LineString","coordinates":[[115.0205736,22.8801725],[115.0212739,22.8799621]]},"properties":{"key":"way:1052993868@overview:115_22","osmType":"way","osmId":1052993868,"sourceRegion":"guangdong","featureType":"infrastructure","railClass":"highspeed","mode":"rail","name":"甬广高速线","nameEn":"Ningbo–Guangzhou Highspeed-Railway","ref":"广汕高速线","usage":"main","highspeed":"yes","status":"operational","color":"#E54848","dataOrigin":"datum-2026-08-01","sourceKey":"way:1052993868"}},{"type":"Feature","geometry":{"type":"LineString","coordinates":[[115.0212739,22.8799621],[115.0265008,22.8782452]]},"properties":{"key":"way:1052993869@overview:115_22","osmType":"way","osmId":1052993869,"sourceRegion":"guangdong","featureType":"infrastructure","railClass":"highspeed","mode":"rail","name":"甬广高速线","nameEn":"Ningbo–Guangzhou Highspeed-Railway","ref":"广汕高速线","usage":"main","highspeed":"yes","bridge":"yes","status":"operational","color":"#E54848","dataOrigin":"datum-2026-08-01","sourceKey":"way:1052993869"}},{"type":"Feature","geometry":{"type":"LineString","coordinates":[[115.0265008,22.8782452],[115.0284374,22.8776313]]},"properties":{"key":"way:1052993870@overview:115_22","osmType":"way","osmId":1052993870,"sourceRegion":"guangdong","featureType":"infrastructure","railClass":"highspeed","mode":"rail","name":"甬广高速线","nameEn":"Ningbo–Guangzhou Highspeed-Railway","ref":"广汕高速线","usage":"main","highspeed":"yes","status":"operational","color":"#E54848","dataOrigin":"datum-2026-08-01","sourceKey":"way:1052993870"}},{"type":"Feature","geometry":{"type":"LineString","coordinates":[[115.0438976,22.8730797],[115.0492319,22.8721608]]},"properties":{"key":"way:1052993871@overview:115_22","osmType":"way","osmId":1052993871,"sourceRegion":"guangdong","featureType":"infrastructure","railClass":"highspeed","mode":"rail","name":"甬广高速线","nameEn":"Ningbo–Guangzhou Highspeed-Railway","ref":"广汕高速线","usage":"main","highspeed":"yes","bridge":"yes","status":"operational","color":"#E54848","dataOrigin":"datum-2026-08-01","sourceKey":"way:1052993871"}},{"type":"Feature","geometry":{"type":"LineString","coordinates":[[115.1607497,22.8785569],[115.1083047,22.874673]]},"properties":{"key":"way:1053544591@overview:115_22","osmType":"way","osmId":1053544591,"sourceRegion":"guangdong","featureType":"infrastructure","railClass":"highspeed","mode":"rail","name":"甬广高速线","nameEn":"Ningbo–Guangzhou Highspeed-Railway","ref":"广汕高速线","usage":"main","highspeed":"yes","tunnel":"yes","status":"operational","color":"#E54848","dataOrigin":"datum-2026-08-01","sourceKey":"way:1053544591"}},{"type":"Feature","geometry":{"type":"LineString","coordinates":[[115.1083104,22.8746214],[115.1081163,22.8746098]]},"properties":{"key":"way:1053544593@overview:115_22","osmType":"way","osmId":1053544593,"sourceRegion":"guangdong","featureType":"infrastructure","railClass":"highspeed","mode":"rail","name":"甬广高速线","nameEn":"Ningbo–Guangzhou Highspeed-Railway","ref":"广汕高速线","usage":"main","highspeed":"yes","bridge":"yes","status":"operational","color":"#E54848","dataOrigin":"datum-2026-08-01","sourceKey":"way:1053544593"}},{"type":"Feature","geometry":{"type":"LineString","coordinates":[[115.0902023,22.873294],[115.1081104,22.8746604]]},"properties":{"key":"way:1053544594@overview:115_22","osmType":"way","osmId":1053544594,"sourceRegion":"guangdong","featureType":"infrastructure","railClass":"highspeed","mode":"rail","name":"甬广高速线","nameEn":"Ningbo–Guangzhou Highspeed-Railway","ref":"广汕高速线","usage":"main","highspeed":"yes","tunnel":"yes","status":"operational","color":"#E54848","dataOrigin":"datum-2026-08-01","sourceKey":"way:1053544594"}},{"type":"Feature","geometry":{"type":"LineString","coordinates":[[115.1081104,22.8746604],[115.1083047,22.874673]]},"properties":{"key":"way:1053544595@overview:115_22","osmType":"way","osmId":1053544595,"sourceRegion":"guangdong","featureType":"infrastructure","railClass":"highspeed","mode":"rail","name":"甬广高速线","nameEn":"Ningbo–Guangzhou Highspeed-Railway","ref":"广汕高速线","usage":"main","highspeed":"yes","bridge":"yes","status":"operational","color":"#E54848","dataOrigin":"datum-2026-08-01","sourceKey":"way:1053544595"}},{"type":"Feature","geometry":{"type":"LineString","coordinates":[[115.0042745,22.8853456],[115.0,22.88640247891262]]},"properties":{"key":"way:1124621622@overview:115_22","osmType":"way","osmId":1124621622,"sourceRegion":"guangdong","featureType":"infrastructure","railClass":"highspeed","mode":"rail","name":"甬广高速线","nameEn":"Ningbo–Guangzhou Highspeed-Railway","ref":"广汕高速线","usage":"main","highspeed":"yes","status":"operational","color":"#E54848","dataOrigin":"datum-2026-08-01","sourceKey":"way:1124621622"}},{"type":"Feature","geometry":{"type":"LineString","coordinates":[[115.0168164,22.8813351],[115.0042745,22.8853456]]},"properties":{"key":"way:1124621623@overview:115_22","osmType":"way","osmId":1124621623,"sourceRegion":"guangdong","featureType":"infrastructure","railClass":"highspeed","mode":"rail","name":"甬广高速线","nameEn":"Ningbo–Guangzhou Highspeed-Railway","ref":"广汕高速线","usage":"main","highspeed":"yes","tunnel":"yes","status":"operational","color":"#E54848","dataOrigin":"datum-2026-08-01","sourceKey":"way:1124621623"}},{"type":"Feature","geometry":{"type":"LineString","coordinates":[[115.0205573,22.8801213],[115.0179912,22.8809539]]},"properties":{"key":"way:1124621624@overview:115_22","osmType":"way","osmId":1124621624,"sourceRegion":"guangdong","featureType":"infrastructure","railClass":"highspeed","mode":"rail","name":"甬广高速线","nameEn":"Ningbo–Guangzhou Highspeed-Railway","ref":"广汕高速线","usage":"main","highspeed":"yes","bridge":"yes","status":"operational","color":"#E54848","dataOrigin":"datum-2026-08-01","sourceKey":"way:1124621624"}},{"type":"Feature","geometry":{"type":"LineString","coordinates":[[115.0212576,22.8799094],[115.0205573,22.8801213]]},"properties":{"key":"way:1124621625@overview:115_22","osmType":"way","osmId":1124621625,"sourceRegion":"guangdong","featureType":"infrastructure","railClass":"highspeed","mode":"rail","name":"甬广高速线","nameEn":"Ningbo–Guangzhou Highspeed-Railway","ref":"广汕高速线","usage":"main","highspeed":"yes","status":"operational","color":"#E54848","dataOrigin":"datum-2026-08-01","sourceKey":"way:1124621625"}},{"type":"Feature","geometry":{"type":"LineString","coordinates":[[115.0264766,22.8781848],[115.0212576,22.8799094]]},"properties":{"key":"way:1124621626@overview:115_22","osmType":"way","osmId":1124621626,"sourceRegion":"guangdong","featureType":"infrastructure","railClass":"highspeed","mode":"rail","name":"甬广高速线","nameEn":"Ningbo–Guangzhou Highspeed-Railway","ref":"广汕高速线","usage":"main","highspeed":"yes","bridge":"yes","status":"operational","color":"#E54848","dataOrigin":"datum-2026-08-01","sourceKey":"way:1124621626"}},{"type":"Feature","geometry":{"type":"LineString","coordinates":[[115.028411,22.8775641],[115.0264766,22.8781848]]},"properties":{"key":"way:1124621627@overview:115_22","osmType":"way","osmId":1124621627,"sourceRegion":"guangdong","featureType":"infrastructure","railClass":"highspeed","mode":"rail","name":"甬广高速线","nameEn":"Ningbo–Guangzhou Highspeed-Railway","ref":"广汕高速线","usage":"main","highspeed":"yes","status":"operational","color":"#E54848","dataOrigin":"datum-2026-08-01","sourceKey":"way:1124621627"}},{"type":"Feature","geometry":{"type":"LineString","coordinates":[[115.0423521,22.8733347],[115.028411,22.8775641]]},"properties":{"key":"way:1124621628@overview:115_22","osmType":"way","osmId":1124621628,"sourceRegion":"guangdong","featureType":"infrastructure","railClass":"highspeed","mode":"rail","name":"甬广高速线","nameEn":"Ningbo–Guangzhou Highspeed-Railway","ref":"广汕高速线","usage":"main","highspeed":"yes","tunnel":"yes","status":"operational","color":"#E54848","dataOrigin":"datum-2026-08-01","sourceKey":"way:1124621628"}},{"type":"Feature","geometry":{"type":"LineString","coordinates":[[115.0492231,22.8720865],[115.0438877,22.8730064]]},"properties":{"key":"way:1124621629@overview:115_22","osmType":"way","osmId":1124621629,"sourceRegion":"guangdong","featureType":"infrastructure","railClass":"highspeed","mode":"rail","name":"甬广高速线","nameEn":"Ningbo–Guangzhou Highspeed-Railway","ref":"广汕高速线","usage":"main","highspeed":"yes","bridge":"yes","status":"operational","color":"#E54848","dataOrigin":"datum-2026-08-01","sourceKey":"way:1124621629"}},{"type":"Feature","geometry":{"type":"LineString","coordinates":[[115.0902076,22.873231],[115.0500546,22.8719728]]},"properties":{"key":"way:1124621630@overview:115_22","osmType":"way","osmId":1124621630,"sourceRegion":"guangdong","featureType":"infrastructure","railClass":"highspeed","mode":"rail","name":"甬广高速线","nameEn":"Ningbo–Guangzhou Highspeed-Railway","ref":"广汕高速线","usage":"main","highspeed":"yes","bridge":"yes","status":"operational","color":"#E54848","dataOrigin":"datum-2026-08-01","sourceKey":"way:1124621630"}},{"type":"Feature","geometry":{"type":"LineString","coordinates":[[115.1081163,22.8746098],[115.0902076,22.873231]]},"properties":{"key":"way:1124621631@overview:115_22","osmType":"way","osmId":1124621631,"sourceRegion":"guangdong","featureType":"infrastructure","railClass":"highspeed","mode":"rail","name":"甬广高速线","nameEn":"Ningbo–Guangzhou Highspeed-Railway","ref":"广汕高速线","usage":"main","highspeed":"yes","tunnel":"yes","status":"operational","color":"#E54848","dataOrigin":"datum-2026-08-01","sourceKey":"way:1124621631"}},{"type":"Feature","geometry":{"type":"LineString","coordinates":[[115.1607497,22.8785569],[115.1653022,22.8786073]]},"properties":{"key":"way:1124621633@overview:115_22","osmType":"way","osmId":1124621633,"sourceRegion":"guangdong","featureType":"infrastructure","railClass":"highspeed","mode":"rail","name":"甬广高速线","nameEn":"Ningbo–Guangzhou Highspeed-Railway","ref":"广汕高速线","usage":"main","highspeed":"yes","status":"operational","color":"#E54848","dataOrigin":"datum-2026-08-01","sourceKey":"way:1124621633"}},{"type":"Feature","geometry":{"type":"LineString","coordinates":[[115.1653022,22.8786073],[115.1789801,22.8774485]]},"properties":{"key":"way:1124621634@overview:115_22","osmType":"way","osmId":1124621634,"sourceRegion":"guangdong","featureType":"infrastructure","railClass":"highspeed","mode":"rail","name":"甬广高速线","nameEn":"Ningbo–Guangzhou Highspeed-Railway","ref":"广汕高速线","usage":"main","highspeed":"yes","bridge":"yes","status":"operational","color":"#E54848","dataOrigin":"datum-2026-08-01","sourceKey":"way:1124621634"}},{"type":"Feature","geometry":{"type":"LineString","coordinates":[[115.1789801,22.8774485],[115.1815309,22.8769778]]},"properties":{"key":"way:1124621635@overview:115_22","osmType":"way","osmId":1124621635,"sourceRegion":"guangdong","featureType":"infrastructure","railClass":"highspeed","mode":"rail","name":"甬广高速线","nameEn":"Ningbo–Guangzhou Highspeed-Railway","ref":"广汕高速线","usage":"main","highspeed":"yes","tunnel":"yes","status":"operational","color":"#E54848","dataOrigin":"datum-2026-08-01","sourceKey":"way:1124621635"}},{"type":"Feature","geometry":{"type":"LineString","coordinates":[[115.1815309,22.8769778],[115.2009362,22.8709846],[115.2614015,22.8428884],[115.3163221,22.8364839]]},"properties":{"key":"way:1124621636@overview:115_22","osmType":"way","osmId":1124621636,"sourceRegion":"guangdong","featureType":"infrastructure","railClass":"highspeed","mode":"rail","name":"甬广高速线","nameEn":"Ningbo–Guangzhou Highspeed-Railway","ref":"广汕高速线","usage":"main","highspeed":"yes","bridge":"yes","status":"operational","color":"#E54848","dataOrigin":"datum-2026-08-01","sourceKey":"way:1124621636"}},{"type":"Feature","geometry":{"type":"LineString","coordinates":[[115.3263323,22.8333542],[115.3302504,22.8320936]]},"properties":{"key":"way:1124621637@overview:115_22","osmType":"way","osmId":1124621637,"sourceRegion":"guangdong","featureType":"infrastructure","railClass":"highspeed","mode":"rail","name":"甬广高速线","nameEn":"Ningbo–Guangzhou Highspeed-Railway","ref":"广汕高速线","usage":"main","highspeed":"yes","tunnel":"yes","status":"operational","color":"#E54848","dataOrigin":"datum-2026-08-01","sourceKey":"way:1124621637"}},{"type":"Feature","geometry":{"type":"LineString","coordinates":[[115.3302504,22.8320936],[115.3311342,22.8318073]]},"properties":{"key":"way:1124621638@overview:115_22","osmType":"way","osmId":1124621638,"sourceRegion":"guangdong","featureType":"infrastructure","railClass":"highspeed","mode":"rail","name":"甬广高速线","nameEn":"Ningbo–Guangzhou Highspeed-Railway","ref":"广汕高速线","usage":"main","highspeed":"yes","status":"operational","color":"#E54848","dataOrigin":"datum-2026-08-01","sourceKey":"way:1124621638"}},{"type":"Feature","geometry":{"type":"LineString","coordinates":[[115.3409417,22.8286687],[115.3460481,22.8270658]]},"properties":{"key":"way:1124621639@overview:115_22","osmType":"way","osmId":1124621639,"sourceRegion":"guangdong","featureType":"infrastructure","railClass":"highspeed","mode":"rail","name":"甬广高速线","nameEn":"Ningbo–Guangzhou Highspeed-Railway","ref":"广汕高速线","usage":"main","highspeed":"yes","tunnel":"yes","status":"operational","color":"#E54848","dataOrigin":"datum-2026-08-01","sourceKey":"way:1124621639"}},{"type":"Feature","geometry":{"type":"LineString","coordinates":[[115.3460481,22.8270658],[115.350192,22.8257371]]},"properties":{"key":"way:1124621640@overview:115_22","osmType":"way","osmId":1124621640,"sourceRegion":"guangdong","featureType":"infrastructure","railClass":"highspeed","mode":"rail","name":"甬广高速线","nameEn":"Ningbo–Guangzhou Highspeed-Railway","ref":"广汕高速线","usage":"main","highspeed":"yes","bridge":"yes","status":"operational","color":"#E54848","dataOrigin":"datum-2026-08-01","sourceKey":"way:1124621640"}},{"type":"Feature","geometry":{"type":"LineString","coordinates":[[115.350192,22.8257371],[115.3771314,22.8176891]]},"properties":{"key":"way:1124621641@overview:115_22","osmType":"way","osmId":1124621641,"sourceRegion":"guangdong","featureType":"infrastructure","railClass":"highspeed","mode":"rail","name":"甬广高速线","nameEn":"Ningbo–Guangzhou Highspeed-Railway","ref":"广汕高速线","usage":"main","highspeed":"yes","tunnel":"yes","status":"operational","color":"#E54848","dataOrigin":"datum-2026-08-01","sourceKey":"way:1124621641"}},{"type":"Feature","geometry":{"type":"LineString","coordinates":[[115.3771314,22.8176891],[115.3793452,22.8172801]]},"properties":{"key":"way:1124621642@overview:115_22","osmType":"way","osmId":1124621642,"sourceRegion":"guangdong","featureType":"infrastructure","railClass":"highspeed","mode":"rail","name":"甬广高速线","nameEn":"Ningbo–Guangzhou Highspeed-Railway","ref":"广汕高速线","usage":"main","highspeed":"yes","bridge":"yes","status":"operational","color":"#E54848","dataOrigin":"datum-2026-08-01","sourceKey":"way:1124621642"}},{"type":"Feature","geometry":{"type":"LineString","coordinates":[[115.3793452,22.8172801],[115.3829951,22.8167637]]},"properties":{"key":"way:1124621643@overview:115_22","osmType":"way","osmId":1124621643,"sourceRegion":"guangdong","featureType":"infrastructure","railClass":"highspeed","mode":"rail","name":"甬广高速线","nameEn":"Ningbo–Guangzhou Highspeed-Railway","ref":"广汕高速线","usage":"main","highspeed":"yes","tunnel":"yes","status":"operational","color":"#E54848","dataOrigin":"datum-2026-08-01","sourceKey":"way:1124621643"}},{"type":"Feature","geometry":{"type":"LineString","coordinates":[[115.3829951,22.8167637],[115.3834227,22.8167217]]},"properties":{"key":"way:1124621644@overview:115_22","osmType":"way","osmId":1124621644,"sourceRegion":"guangdong","featureType":"infrastructure","railClass":"highspeed","mode":"rail","name":"甬广高速线","nameEn":"Ningbo–Guangzhou Highspeed-Railway","ref":"广汕高速线","usage":"main","highspeed":"yes","status":"operational","color":"#E54848","dataOrigin":"datum-2026-08-01","sourceKey":"way:1124621644"}},{"type":"Feature","geometry":{"type":"LineString","coordinates":[[115.3834227,22.8167217],[115.4078469,22.8158193]]},"properties":{"key":"way:1124621645@overview:115_22","osmType":"way","osmId":1124621645,"sourceRegion":"guangdong","featureType":"infrastructure","railClass":"highspeed","mode":"rail","name":"甬广高速线","nameEn":"Ningbo–Guangzhou Highspeed-Railway","ref":"广汕高速线","usage":"main","highspeed":"yes","bridge":"yes","status":"operational","color":"#E54848","dataOrigin":"datum-2026-08-01","sourceKey":"way:1124621645"}},{"type":"Feature","geometry":{"type":"LineString","coordinates":[[115.395135,22.8162388],[115.4072884,22.8153893]]},"properties":{"key":"way:1124621646@overview:115_22","osmType":"way","osmId":1124621646,"sourceRegion":"guangdong","featureType":"infrastructure","railClass":"highspeed","mode":"rail","name":"汕尾西联络线","ref":"广汕客专线","usage":"main","bridge":"yes","status":"operational","color":"#E54848","dataOrigin":"datum-2026-08-01","sourceKey":"way:1124621646"}},{"type":"Feature","geometry":{"type":"LineString","coordinates":[[115.4087909,22.8146658],[115.3951083,22.8161818]]},"properties":{"key":"way:1124621647@overview:115_22","osmType":"way","osmId":1124621647,"sourceRegion":"guangdong","featureType":"infrastructure","railClass":"highspeed","mode":"rail","name":"汕尾西联络线","usage":"main","bridge":"yes","status":"operational","color":"#E54848","dataOrigin":"datum-2026-08-01","sourceKey":"way:1124621647"}},{"type":"Feature","geometry":{"type":"LineString","coordinates":[[115.4090319,22.8157248],[115.4173754,22.8151383]]},"properties":{"key":"way:1124621648@overview:115_22","osmType":"way","osmId":1124621648,"sourceRegion":"guangdong","featureType":"infrastructure","railClass":"highspeed","mode":"rail","name":"甬广高速线","nameEn":"Ningbo–Guangzhou Highspeed-Railway","ref":"广汕高速线","usage":"main","highspeed":"yes","tunnel":"yes","status":"operational","color":"#E54848","dataOrigin":"datum-2026-08-01","sourceKey":"way:1124621648"}},{"type":"Feature","geometry":{"type":"LineString","coordinates":[[115.4216763,22.8148513],[115.4367714,22.813797]]},"properties":{"key":"way:1124621649@overview:115_22","osmType":"way","osmId":1124621649,"sourceRegion":"guangdong","featureType":"infrastructure","railClass":"highspeed","mode":"rail","name":"甬广高速线","nameEn":"Ningbo–Guangzhou Highspeed-Railway","ref":"广汕高速线","usage":"main","highspeed":"yes","status":"operational","color":"#E54848","dataOrigin":"datum-2026-08-01","sourceKey":"way:1124621649"}},{"type":"Feature","geometry":{"type":"LineString","coordinates":[[115.4388694,22.8137412],[115.459654,22.8171173]]},"properties":{"key":"way:1124621650@overview:115_22","osmType":"way","osmId":1124621650,"sourceRegion":"guangdong","featureType":"infrastructure","railClass":"highspeed","mode":"rail","name":"甬广高速线","nameEn":"Ningbo–Guangzhou Highspeed-Railway","ref":"汕汕高速线","usage":"main","highspeed":"yes","tunnel":"yes","status":"operational","color":"#E54848","dataOrigin":"datum-2026-08-01","sourceKey":"way:1124621650"}},{"type":"Feature","geometry":{"type":"LineString","coordinates":[[115.459654,22.8171173],[115.465611,22.8194437]]},"properties":{"key":"way:1124621651@overview:115_22","osmType":"way","osmId":1124621651,"sourceRegion":"guangdong","featureType":"infrastructure","railClass":"highspeed","mode":"rail","name":"甬广高速线","nameEn":"Ningbo–Guangzhou Highspeed-Railway","ref":"汕汕高速线","usage":"main","highspeed":"yes","bridge":"yes","status":"operational","color":"#E54848","dataOrigin":"datum-2026-08-01","sourceKey":"way:1124621651"}},{"type":"Feature","geometry":{"type":"LineString","coordinates":[[115.465611,22.8194437],[115.4715745,22.8217062]]},"properties":{"key":"way:1124621652@overview:115_22","osmType":"way","osmId":1124621652,"sourceRegion":"guangdong","featureType":"infrastructure","railClass":"highspeed","mode":"rail","name":"甬广高速线","nameEn":"Ningbo–Guangzhou Highspeed-Railway","ref":"汕汕高速线","usage":"main","highspeed":"yes","tunnel":"yes","status":"operational","color":"#E54848","dataOrigin":"datum-2026-08-01","sourceKey":"way:1124621652"}},{"type":"Feature","geometry":{"type":"LineString","coordinates":[[115.4720722,22.8218559],[115.4789319,22.8238769]]},"properties":{"key":"way:1124621653@overview:115_22","osmType":"way","osmId":1124621653,"sourceRegion":"guangdong","featureType":"infrastructure","railClass":"highspeed","mode":"rail","name":"甬广高速线","nameEn":"Ningbo–Guangzhou Highspeed-Railway","ref":"汕汕高速线","usage":"main","highspeed":"yes","bridge":"yes","status":"operational","color":"#E54848","dataOrigin":"datum-2026-08-01","sourceKey":"way:1124621653"}},{"type":"Feature","geometry":{"type":"LineString","coordinates":[[115.4789319,22.8238769],[115.48838,22.8256309]]},"properties":{"key":"way:1124621654@overview:115_22","osmType":"way","osmId":1124621654,"sourceRegion":"guangdong","featureType":"infrastructure","railClass":"highspeed","mode":"rail","name":"甬广高速线","nameEn":"Ningbo–Guangzhou Highspeed-Railway","ref":"汕汕高速线","usage":"main","highspeed":"yes","tunnel":"yes","status":"operational","color":"#E54848","dataOrigin":"datum-2026-08-01","sourceKey":"way:1124621654"}},{"type":"Feature","geometry":{"type":"LineString","coordinates":[[115.4918585,22.8259702],[115.4938752,22.8262413]]},"properties":{"key":"way:1124621655@overview:115_22","osmType":"way","osmId":1124621655,"sourceRegion":"guangdong","featureType":"infrastructure","railClass":"highspeed","mode":"rail","name":"甬广高速线","nameEn":"Ningbo–Guangzhou Highspeed-Railway","ref":"汕汕高速线","usage":"main","highspeed":"yes","bridge":"yes","status":"operational","color":"#E54848","dataOrigin":"datum-2026-08-01","sourceKey":"way:1124621655"}},{"type":"Feature","geometry":{"type":"LineString","coordinates":[[115.4938752,22.8262413],[115.5033475,22.8277268]]},"properties":{"key":"way:1124621656@overview:115_22","osmType":"way","osmId":1124621656,"sourceRegion":"guangdong","featureType":"infrastructure","railClass":"highspeed","mode":"rail","name":"甬广高速线","nameEn":"Ningbo–Guangzhou Highspeed-Railway","ref":"汕汕高速线","usage":"main","highspeed":"yes","tunnel":"yes","status":"operational","color":"#E54848","dataOrigin":"datum-2026-08-01","sourceKey":"way:1124621656"}},{"type":"Feature","geometry":{"type":"LineString","coordinates":[[115.5033475,22.8277268],[115.5139714,22.8306795]]},"properties":{"key":"way:1124621657@overview:115_22","osmType":"way","osmId":1124621657,"sourceRegion":"guangdong","featureType":"infrastructure","railClass":"highspeed","mode":"rail","name":"甬广高速线","nameEn":"Ningbo–Guangzhou Highspeed-Railway","ref":"汕汕高速线","usage":"main","highspeed":"yes","bridge":"yes","status":"operational","color":"#E54848","dataOrigin":"datum-2026-08-01","sourceKey":"way:1124621657"}},{"type":"Feature","geometry":{"type":"LineString","coordinates":[[115.5139714,22.8306795],[115.5284864,22.8374425]]},"properties":{"key":"way:1124621660@overview:115_22","osmType":"way","osmId":1124621660,"sourceRegion":"guangdong","featureType":"infrastructure","railClass":"highspeed","mode":"rail","name":"甬广高速线","nameEn":"Ningbo–Guangzhou Highspeed-Railway","ref":"汕汕高速线","usage":"main","highspeed":"yes","tunnel":"yes","status":"operational","color":"#E54848","dataOrigin":"datum-2026-08-01","sourceKey":"way:1124621660"}},{"type":"Feature","geometry":{"type":"LineString","coordinates":[[115.5284864,22.8374425],[115.5305877,22.8387367]]},"properties":{"key":"way:1124621661@overview:115_22","osmType":"way","osmId":1124621661,"sourceRegion":"guangdong","featureType":"infrastructure","railClass":"highspeed","mode":"rail","name":"甬广高速线","nameEn":"Ningbo–Guangzhou Highspeed-Railway","ref":"汕汕高速线","usage":"main","highspeed":"yes","status":"operational","color":"#E54848","dataOrigin":"datum-2026-08-01","sourceKey":"way:1124621661"}},{"type":"Feature","geometry":{"type":"LineString","coordinates":[[115.5305877,22.8387367],[115.571281,22.8668112],[115.6017818,22.8814264],[115.6682607,22.8980131],[115.6950934,22.8996177]]},"properties":{"key":"way:1124621662@overview:115_22","osmType":"way","osmId":1124621662,"sourceRegion":"guangdong","featureType":"infrastructure","railClass":"highspeed","mode":"rail","name":"甬广高速线","nameEn":"Ningbo–Guangzhou Highspeed-Railway","ref":"汕汕高速线","usage":"main","highspeed":"yes","bridge":"yes","status":"operational","color":"#E54848","dataOrigin":"datum-2026-08-01","sourceKey":"way:1124621662"}},{"type":"Feature","geometry":{"type":"LineString","coordinates":[[115.696614,22.8996133],[115.7030979,22.8996476]]},"properties":{"key":"way:1124621665@overview:115_22","osmType":"way","osmId":1124621665,"sourceRegion":"guangdong","featureType":"infrastructure","railClass":"highspeed","mode":"rail","name":"甬广高速线","nameEn":"Ningbo–Guangzhou Highspeed-Railway","ref":"汕汕高速线","usage":"main","highspeed":"yes","tunnel":"yes","status":"operational","color":"#E54848","dataOrigin":"datum-2026-08-01","sourceKey":"way:1124621665"}},{"type":"Feature","geometry":{"type":"LineString","coordinates":[[115.7030979,22.8996476],[115.7036059,22.8996468]]},"properties":{"key":"way:1124621666@overview:115_22","osmType":"way","osmId":1124621666,"sourceRegion":"guangdong","featureType":"infrastructure","railClass":"highspeed","mode":"rail","name":"甬广高速线","nameEn":"Ningbo–Guangzhou Highspeed-Railway","ref":"汕汕高速线","usage":"main","highspeed":"yes","status":"operational","color":"#E54848","dataOrigin":"datum-2026-08-01","sourceKey":"way:1124621666"}},{"type":"Feature","geometry":{"type":"LineString","coordinates":[[115.7036059,22.8996468],[115.7175956,22.9007806]]},"properties":{"key":"way:1124621667@overview:115_22","osmType":"way","osmId":1124621667,"sourceRegion":"guangdong","featureType":"infrastructure","railClass":"highspeed","mode":"rail","name":"甬广高速线","nameEn":"Ningbo–Guangzhou Highspeed-Railway","ref":"汕汕高速线","usage":"main","highspeed":"yes","tunnel":"yes","status":"operational","color":"#E54848","dataOrigin":"datum-2026-08-01","sourceKey":"way:1124621667"}},{"type":"Feature","geometry":{"type":"LineString","coordinates":[[115.7175956,22.9007806],[115.7510384,22.9015653],[115.7734883,22.9075116]]},"properties":{"key":"way:1124621668@overview:115_22","osmType":"way","osmId":1124621668,"sourceRegion":"guangdong","featureType":"infrastructure","railClass":"highspeed","mode":"rail","name":"甬广高速线","nameEn":"Ningbo–Guangzhou Highspeed-Railway","ref":"汕汕高速线","usage":"main","highspeed":"yes","bridge":"yes","status":"operational","color":"#E54848","dataOrigin":"datum-2026-08-01","sourceKey":"way:1124621668"}},{"type":"Feature","geometry":{"type":"LineString","coordinates":[[115.7734883,22.9075116],[115.7762723,22.9085457]]},"properties":{"key":"way:1124621670@overview:115_22","osmType":"way","osmId":1124621670,"sourceRegion":"guangdong","featureType":"infrastructure","railClass":"highspeed","mode":"rail","name":"甬广高速线","nameEn":"Ningbo–Guangzhou Highspeed-Railway","ref":"汕汕高速线","usage":"main","highspeed":"yes","status":"operational","color":"#E54848","dataOrigin":"datum-2026-08-01","sourceKey":"way:1124621670"}},{"type":"Feature","geometry":{"type":"LineString","coordinates":[[115.7762723,22.9085457],[115.7982097,22.9147499]]},"properties":{"key":"way:1124621671@overview:115_22","osmType":"way","osmId":1124621671,"sourceRegion":"guangdong","featureType":"infrastructure","railClass":"highspeed","mode":"rail","name":"甬广高速线","nameEn":"Ningbo–Guangzhou Highspeed-Railway","ref":"汕汕高速线","usage":"main","highspeed":"yes","bridge":"yes","status":"operational","color":"#E54848","dataOrigin":"datum-2026-08-01","sourceKey":"way:1124621671"}},{"type":"Feature","geometry":{"type":"LineString","coordinates":[[115.7982097,22.9147499],[115.8438778,22.9153882]]},"properties":{"key":"way:1124621672@overview:115_22","osmType":"way","osmId":1124621672,"sourceRegion":"guangdong","featureType":"infrastructure","railClass":"highspeed","mode":"rail","name":"甬广高速线","nameEn":"Ningbo–Guangzhou Highspeed-Railway","ref":"汕汕高速线","usage":"main","highspeed":"yes","status":"operational","color":"#E54848","dataOrigin":"datum-2026-08-01","sourceKey":"way:1124621672"}},{"type":"Feature","geometry":{"type":"LineString","coordinates":[[115.8916224,22.9061049],[115.9120942,22.9026221],[115.9484176,22.9032635]]},"properties":{"key":"way:1124621676@overview:115_22","osmType":"way","osmId":1124621676,"sourceRegion":"guangdong","featureType":"infrastructure","railClass":"highspeed","mode":"rail","name":"甬广高速线","nameEn":"Ningbo–Guangzhou Highspeed-Railway","ref":"汕汕高速线","usage":"main","highspeed":"yes","bridge":"yes","status":"operational","color":"#E54848","dataOrigin":"datum-2026-08-01","sourceKey":"way:1124621676"}},{"type":"Feature","geometry":{"type":"LineString","coordinates":[[115.9944733,22.9046883],[116.0,22.90484420206706]]},"properties":{"key":"way:1124621677@overview:115_22","osmType":"way","osmId":1124621677,"sourceRegion":"guangdong","featureType":"infrastructure","railClass":"highspeed","mode":"rail","name":"甬广高速线","nameEn":"Ningbo–Guangzhou Highspeed-Railway","ref":"汕汕高速线","usage":"main","highspeed":"yes","status":"operational","color":"#E54848","dataOrigin":"datum-2026-08-01","sourceKey":"way:1124621677"}},{"type":"Feature","geometry":{"type":"LineString","coordinates":[[115.4173754,22.8151383],[115.4216763,22.8148513]]},"properties":{"key":"way:1127647953@overview:115_22","osmType":"way","osmId":1127647953,"sourceRegion":"guangdong","featureType":"infrastructure","railClass":"highspeed","mode":"rail","name":"甬广高速线","nameEn":"Ningbo–Guangzhou Highspeed-Railway","ref":"广汕高速线","usage":"main","highspeed":"yes","bridge":"yes","status":"operational","color":"#E54848","dataOrigin":"datum-2026-08-01","sourceKey":"way:1127647953"}},{"type":"Feature","geometry":{"type":"LineString","coordinates":[[115.421675,22.8148025],[115.4173718,22.815075]]},"properties":{"key":"way:1127647954@overview:115_22","osmType":"way","osmId":1127647954,"sourceRegion":"guangdong","featureType":"infrastructure","railClass":"highspeed","mode":"rail","name":"甬广高速线","nameEn":"Ningbo–Guangzhou Highspeed-Railway","ref":"广汕高速线","usage":"main","highspeed":"yes","bridge":"yes","status":"operational","color":"#E54848","dataOrigin":"datum-2026-08-01","sourceKey":"way:1127647954"}},{"type":"Feature","geometry":{"type":"LineString","coordinates":[[115.438183,22.8128774],[115.4364581,22.8129956]]},"properties":{"key":"way:1127649177@overview:115_22","osmType":"way","osmId":1127649177,"sourceRegion":"guangdong","featureType":"infrastructure","railClass":"highspeed","mode":"rail","name":"杭深线","nameEn":"Hangzhou-Shenzhen Line","ref":"3009","usage":"main","highspeed":"yes","bridge":"yes","status":"operational","color":"#E54848","dataOrigin":"datum-2026-08-01","sourceKey":"way:1127649177"}},{"type":"Feature","geometry":{"type":"LineString","coordinates":[[115.4381971,22.8129261],[115.440226,22.8129299]]},"properties":{"key":"way:1127649178@overview:115_22","osmType":"way","osmId":1127649178,"sourceRegion":"guangdong","featureType":"infrastructure","railClass":"highspeed","mode":"rail","name":"杭深线","nameEn":"Hangzhou-Shenzhen Line","ref":"3009","usage":"main","highspeed":"yes","status":"operational","color":"#E54848","dataOrigin":"datum-2026-08-01","sourceKey":"way:1127649178"}},{"type":"Feature","geometry":{"type":"LineString","coordinates":[[115.4402287,22.8128568],[115.438183,22.8128774]]},"properties":{"key":"way:1127649179@overview:115_22","osmType":"way","osmId":1127649179,"sourceRegion":"guangdong","featureType":"infrastructure","railClass":"highspeed","mode":"rail","name":"杭深线","nameEn":"Hangzhou-Shenzhen Line","ref":"3009","usage":"main","highspeed":"yes","status":"operational","color":"#E54848","dataOrigin":"datum-2026-08-01","sourceKey":"way:1127649179"}},{"type":"Feature","geometry":{"type":"LineString","coordinates":[[115.4364704,22.8130394],[115.4381971,22.8129261]]},"properties":{"key":"way:1127649180@overview:115_22","osmType":"way","osmId":1127649180,"sourceRegion":"guangdong","featureType":"infrastructure","railClass":"highspeed","mode":"rail","name":"杭深线","nameEn":"Hangzhou-Shenzhen Line","ref":"3009","usage":"main","highspeed":"yes","bridge":"yes","status":"operational","color":"#E54848","dataOrigin":"datum-2026-08-01","sourceKey":"way:1127649180"}},{"type":"Feature","geometry":{"type":"LineString","coordinates":[[115.1274284,22.8184358],[115.1277034,22.8185306]]},"properties":{"key":"way:1171478602@overview:115_22","osmType":"way","osmId":1171478602,"sourceRegion":"guangdong","featureType":"infrastructure","railClass":"highspeed","mode":"rail","name":"杭深线","nameEn":"Hangzhou-Shenzhen Line","ref":"3009","usage":"main","highspeed":"yes","bridge":"yes","status":"operational","color":"#E54848","dataOrigin":"datum-2026-08-01","sourceKey":"way:1171478602"}},{"type":"Feature","geometry":{"type":"LineString","coordinates":[[115.1270265,22.8182971],[115.1274284,22.8184358]]},"properties":{"key":"way:1171478603@overview:115_22","osmType":"way","osmId":1171478603,"sourceRegion":"guangdong","featureType":"infrastructure","railClass":"highspeed","mode":"rail","name":"杭深线","nameEn":"Hangzhou-Shenzhen Line","ref":"3009","usage":"main","highspeed":"yes","status":"operational","color":"#E54848","dataOrigin":"datum-2026-08-01","sourceKey":"way:1171478603"}},{"type":"Feature","geometry":{"type":"LineString","coordinates":[[115.1273964,22.8183261],[115.1270539,22.8182079]]},"properties":{"key":"way:1171478604@overview:115_22","osmType":"way","osmId":1171478604,"sourceRegion":"guangdong","featureType":"infrastructure","railClass":"highspeed","mode":"rail","name":"杭深线","nameEn":"Hangzhou-Shenzhen Line","ref":"3009","usage":"main","highspeed":"yes","status":"operational","color":"#E54848","dataOrigin":"datum-2026-08-01","sourceKey":"way:1171478604"}},{"type":"Feature","geometry":{"type":"LineString","coordinates":[[115.1276781,22.8184232],[115.1273964,22.8183261]]},"properties":{"key":"way:1171478605@overview:115_22","osmType":"way","osmId":1171478605,"sourceRegion":"guangdong","featureType":"infrastructure","railClass":"highspeed","mode":"rail","name":"杭深线","nameEn":"Hangzhou-Shenzhen Line","ref":"3009","usage":"main","highspeed":"yes","bridge":"yes","status":"operational","color":"#E54848","dataOrigin":"datum-2026-08-01","sourceKey":"way:1171478605"}},{"type":"Feature","geometry":{"type":"LineString","coordinates":[[115.3403159,22.8288224],[115.3366297,22.830002]]},"properties":{"key":"way:1186319541@overview:115_22","osmType":"way","osmId":1186319541,"sourceRegion":"guangdong","featureType":"infrastructure","railClass":"highspeed","mode":"rail","name":"甬广高速线","nameEn":"Ningbo–Guangzhou Highspeed-Railway","ref":"广汕高速线","usage":"main","highspeed":"yes","bridge":"yes","status":"operational","color":"#E54848","dataOrigin":"datum-2026-08-01","sourceKey":"way:1186319541"}},{"type":"Feature","geometry":{"type":"LineString","coordinates":[[115.3403369,22.8288748],[115.3409417,22.8286687]]},"properties":{"key":"way:1186319542@overview:115_22","osmType":"way","osmId":1186319542,"sourceRegion":"guangdong","featureType":"infrastructure","railClass":"highspeed","mode":"rail","name":"甬广高速线","nameEn":"Ningbo–Guangzhou Highspeed-Railway","ref":"广汕高速线","usage":"main","highspeed":"yes","status":"operational","color":"#E54848","dataOrigin":"datum-2026-08-01","sourceKey":"way:1186319542"}},{"type":"Feature","geometry":{"type":"LineString","coordinates":[[115.3366479,22.8300537],[115.3403369,22.8288748]]},"properties":{"key":"way:1186319543@overview:115_22","osmType":"way","osmId":1186319543,"sourceRegion":"guangdong","featureType":"infrastructure","railClass":"highspeed","mode":"rail","name":"甬广高速线","nameEn":"Ningbo–Guangzhou Highspeed-Railway","ref":"广汕高速线","usage":"main","highspeed":"yes","bridge":"yes","status":"operational","color":"#E54848","dataOrigin":"datum-2026-08-01","sourceKey":"way:1186319543"}},{"type":"Feature","geometry":{"type":"LineString","coordinates":[[115.3366297,22.830002],[115.3343559,22.8307114]]},"properties":{"key":"way:1186319544@overview:115_22","osmType":"way","osmId":1186319544,"sourceRegion":"guangdong","featureType":"infrastructure","railClass":"highspeed","mode":"rail","name":"甬广高速线","nameEn":"Ningbo–Guangzhou Highspeed-Railway","ref":"广汕高速线","usage":"main","highspeed":"yes","status":"operational","color":"#E54848","dataOrigin":"datum-2026-08-01","sourceKey":"way:1186319544"}},{"type":"Feature","geometry":{"type":"LineString","coordinates":[[115.3311342,22.8318073],[115.334381,22.8307681]]},"properties":{"key":"way:1186319545@overview:115_22","osmType":"way","osmId":1186319545,"sourceRegion":"guangdong","featureType":"infrastructure","railClass":"highspeed","mode":"rail","name":"甬广高速线","nameEn":"Ningbo–Guangzhou Highspeed-Railway","ref":"广汕高速线","usage":"main","highspeed":"yes","bridge":"yes","status":"operational","color":"#E54848","dataOrigin":"datum-2026-08-01","sourceKey":"way:1186319545"}},{"type":"Feature","geometry":{"type":"LineString","coordinates":[[115.334381,22.8307681],[115.3366479,22.8300537]]},"properties":{"key":"way:1186319546@overview:115_22","osmType":"way","osmId":1186319546,"sourceRegion":"guangdong","featureType":"infrastructure","railClass":"highspeed","mode":"rail","name":"甬广高速线","nameEn":"Ningbo–Guangzhou Highspeed-Railway","ref":"广汕高速线","usage":"main","highspeed":"yes","status":"operational","color":"#E54848","dataOrigin":"datum-2026-08-01","sourceKey":"way:1186319546"}},{"type":"Feature","geometry":{"type":"LineString","coordinates":[[115.3343559,22.8307114],[115.3311119,22.8317528]]},"properties":{"key":"way:1186319547@overview:115_22","osmType":"way","osmId":1186319547,"sourceRegion":"guangdong","featureType":"infrastructure","railClass":"highspeed","mode":"rail","name":"甬广高速线","nameEn":"Ningbo–Guangzhou Highspeed-Railway","ref":"广汕高速线","usage":"main","highspeed":"yes","bridge":"yes","status":"operational","color":"#E54848","dataOrigin":"datum-2026-08-01","sourceKey":"way:1186319547"}},{"type":"Feature","geometry":{"type":"LineString","coordinates":[[115.3311119,22.8317528],[115.3302294,22.832036]]},"properties":{"key":"way:1186319548@overview:115_22","osmType":"way","osmId":1186319548,"sourceRegion":"guangdong","featureType":"infrastructure","railClass":"highspeed","mode":"rail","name":"甬广高速线","nameEn":"Ningbo–Guangzhou Highspeed-Railway","ref":"广汕高速线","usage":"main","highspeed":"yes","status":"operational","color":"#E54848","dataOrigin":"datum-2026-08-01","sourceKey":"way:1186319548"}},{"type":"Feature","geometry":{"type":"LineString","coordinates":[[115.4078469,22.8158193],[115.4090319,22.8157248]]},"properties":{"key":"way:1193718033@overview:115_22","osmType":"way","osmId":1193718033,"sourceRegion":"guangdong","featureType":"infrastructure","railClass":"highspeed","mode":"rail","name":"甬广高速线","nameEn":"Ningbo–Guangzhou Highspeed-Railway","ref":"广汕高速线","usage":"main","highspeed":"yes","status":"operational","color":"#E54848","dataOrigin":"datum-2026-08-01","sourceKey":"way:1193718033"}},{"type":"Feature","geometry":{"type":"LineString","coordinates":[[115.409012,22.8156612],[115.4078439,22.8157441]]},"properties":{"key":"way:1193718034@overview:115_22","osmType":"way","osmId":1193718034,"sourceRegion":"guangdong","featureType":"infrastructure","railClass":"highspeed","mode":"rail","name":"甬广高速线","nameEn":"Ningbo–Guangzhou Highspeed-Railway","ref":"广汕高速线","usage":"main","highspeed":"yes","status":"operational","color":"#E54848","dataOrigin":"datum-2026-08-01","sourceKey":"way:1193718034"}},{"type":"Feature","geometry":{"type":"LineString","coordinates":[[115.4072884,22.8153893],[115.4148528,22.8146014]]},"properties":{"key":"way:1193718035@overview:115_22","osmType":"way","osmId":1193718035,"sourceRegion":"guangdong","featureType":"infrastructure","railClass":"highspeed","mode":"rail","name":"汕尾西联络线","ref":"广汕客专线","usage":"main","highspeed":"yes","status":"operational","color":"#E54848","dataOrigin":"datum-2026-08-01","sourceKey":"way:1193718035"}},{"type":"Feature","geometry":{"type":"LineString","coordinates":[[115.4177948,22.8142109],[115.4087909,22.8146658]]},"properties":{"key":"way:1193718036@overview:115_22","osmType":"way","osmId":1193718036,"sourceRegion":"guangdong","featureType":"infrastructure","railClass":"highspeed","mode":"rail","name":"汕尾西联络线","usage":"main","highspeed":"yes","status":"operational","color":"#E54848","dataOrigin":"datum-2026-08-01","sourceKey":"way:1193718036"}},{"type":"Feature","geometry":{"type":"LineString","coordinates":[[115.4388673,22.8136843],[115.4367628,22.8137355]]},"properties":{"key":"way:1193718039@overview:115_22","osmType":"way","osmId":1193718039,"sourceRegion":"guangdong","featureType":"infrastructure","railClass":"highspeed","mode":"rail","name":"甬广高速线","nameEn":"Ningbo–Guangzhou Highspeed-Railway","ref":"汕汕高速线","usage":"main","highspeed":"yes","bridge":"yes","status":"operational","color":"#E54848","dataOrigin":"datum-2026-08-01","sourceKey":"way:1193718039"}},{"type":"Feature","geometry":{"type":"LineString","coordinates":[[115.4367714,22.813797],[115.4388694,22.8137412]]},"properties":{"key":"way:1193718040@overview:115_22","osmType":"way","osmId":1193718040,"sourceRegion":"guangdong","featureType":"infrastructure","railClass":"highspeed","mode":"rail","name":"甬广高速线","nameEn":"Ningbo–Guangzhou Highspeed-Railway","ref":"汕汕高速线","usage":"main","highspeed":"yes","bridge":"yes","status":"operational","color":"#E54848","dataOrigin":"datum-2026-08-01","sourceKey":"way:1193718040"}},{"type":"Feature","geometry":{"type":"LineString","coordinates":[[115.4715745,22.8217062],[115.4720722,22.8218559]]},"properties":{"key":"way:1193718041@overview:115_22","osmType":"way","osmId":1193718041,"sourceRegion":"guangdong","featureType":"infrastructure","railClass":"highspeed","mode":"rail","name":"甬广高速线","nameEn":"Ningbo–Guangzhou Highspeed-Railway","ref":"汕汕高速线","usage":"main","highspeed":"yes","status":"operational","color":"#E54848","dataOrigin":"datum-2026-08-01","sourceKey":"way:1193718041"}},{"type":"Feature","geometry":{"type":"LineString","coordinates":[[115.4720858,22.8217926],[115.4716002,22.8216438]]},"properties":{"key":"way:1193718042@overview:115_22","osmType":"way","osmId":1193718042,"sourceRegion":"guangdong","featureType":"infrastructure","railClass":"highspeed","mode":"rail","name":"甬广高速线","nameEn":"Ningbo–Guangzhou Highspeed-Railway","ref":"汕汕高速线","usage":"main","highspeed":"yes","status":"operational","color":"#E54848","dataOrigin":"datum-2026-08-01","sourceKey":"way:1193718042"}},{"type":"Feature","geometry":{"type":"LineString","coordinates":[[115.48838,22.8256309],[115.490359,22.8258013]]},"properties":{"key":"way:1193718043@overview:115_22","osmType":"way","osmId":1193718043,"sourceRegion":"guangdong","featureType":"infrastructure","railClass":"highspeed","mode":"rail","name":"甬广高速线","nameEn":"Ningbo–Guangzhou Highspeed-Railway","ref":"汕汕高速线","usage":"main","highspeed":"yes","bridge":"yes","status":"operational","color":"#E54848","dataOrigin":"datum-2026-08-01","sourceKey":"way:1193718043"}},{"type":"Feature","geometry":{"type":"LineString","coordinates":[[115.4903711,22.8257375],[115.4883928,22.8255802]]},"properties":{"key":"way:1193718044@overview:115_22","osmType":"way","osmId":1193718044,"sourceRegion":"guangdong","featureType":"infrastructure","railClass":"highspeed","mode":"rail","name":"甬广高速线","nameEn":"Ningbo–Guangzhou Highspeed-Railway","ref":"汕汕高速线","usage":"main","highspeed":"yes","bridge":"yes","status":"operational","color":"#E54848","dataOrigin":"datum-2026-08-01","sourceKey":"way:1193718044"}},{"type":"Feature","geometry":{"type":"LineString","coordinates":[[115.4918575,22.8259146],[115.4903711,22.8257375]]},"properties":{"key":"way:1193718045@overview:115_22","osmType":"way","osmId":1193718045,"sourceRegion":"guangdong","featureType":"infrastructure","railClass":"highspeed","mode":"rail","name":"甬广高速线","nameEn":"Ningbo–Guangzhou Highspeed-Railway","ref":"汕汕高速线","usage":"main","highspeed":"yes","tunnel":"yes","status":"operational","color":"#E54848","dataOrigin":"datum-2026-08-01","sourceKey":"way:1193718045"}},{"type":"Feature","geometry":{"type":"LineString","coordinates":[[115.490359,22.8258013],[115.4918585,22.8259702]]},"properties":{"key":"way:1193718046@overview:115_22","osmType":"way","osmId":1193718046,"sourceRegion":"guangdong","featureType":"infrastructure","railClass":"highspeed","mode":"rail","name":"甬广高速线","nameEn":"Ningbo–Guangzhou Highspeed-Railway","ref":"汕汕高速线","usage":"main","highspeed":"yes","tunnel":"yes","status":"operational","color":"#E54848","dataOrigin":"datum-2026-08-01","sourceKey":"way:1193718046"}},{"type":"Feature","geometry":{"type":"LineString","coordinates":[[115.5222458,22.8482231],[115.506373,22.8418683]]},"properties":{"key":"way:1193718049@overview:115_22","osmType":"way","osmId":1193718049,"sourceRegion":"guangdong","featureType":"infrastructure","railClass":"highspeed","mode":"rail","name":"杭深线","nameEn":"Hangzhou-Shenzhen Line","ref":"3009","usage":"main","highspeed":"yes","bridge":"yes","status":"operational","color":"#E54848","dataOrigin":"datum-2026-08-01","sourceKey":"way:1193718049"}},{"type":"Feature","geometry":{"type":"LineString","coordinates":[[115.5063324,22.8419178],[115.5222231,22.8482691]]},"properties":{"key":"way:1193718050@overview:115_22","osmType":"way","osmId":1193718050,"sourceRegion":"guangdong","featureType":"infrastructure","railClass":"highspeed","mode":"rail","name":"杭深线","nameEn":"Hangzhou-Shenzhen Line","ref":"3009","usage":"main","highspeed":"yes","bridge":"yes","status":"operational","color":"#E54848","dataOrigin":"datum-2026-08-01","sourceKey":"way:1193718050"}},{"type":"Feature","geometry":{"type":"LineString","coordinates":[[115.5222231,22.8482691],[115.5269814,22.8495849]]},"properties":{"key":"way:1193718051@overview:115_22","osmType":"way","osmId":1193718051,"sourceRegion":"guangdong","featureType":"infrastructure","railClass":"highspeed","mode":"rail","name":"杭深线","nameEn":"Hangzhou-Shenzhen Line","ref":"3009","usage":"main","highspeed":"yes","status":"operational","color":"#E54848","dataOrigin":"datum-2026-08-01","sourceKey":"way:1193718051"}},{"type":"Feature","geometry":{"type":"LineString","coordinates":[[115.5270372,22.8495326],[115.5222458,22.8482231]]},"properties":{"key":"way:1193718052@overview:115_22","osmType":"way","osmId":1193718052,"sourceRegion":"guangdong","featureType":"infrastructure","railClass":"highspeed","mode":"rail","name":"杭深线","nameEn":"Hangzhou-Shenzhen Line","ref":"3009","usage":"main","highspeed":"yes","status":"operational","color":"#E54848","dataOrigin":"datum-2026-08-01","sourceKey":"way:1193718052"}},{"type":"Feature","geometry":{"type":"LineString","coordinates":[[115.6957944,22.8996171],[115.696614,22.8996133]]},"properties":{"key":"way:1193718053@overview:115_22","osmType":"way","osmId":1193718053,"sourceRegion":"guangdong","featureType":"infrastructure","railClass":"highspeed","mode":"rail","name":"甬广高速线","nameEn":"Ningbo–Guangzhou Highspeed-Railway","ref":"汕汕高速线","usage":"main","highspeed":"yes","bridge":"yes","status":"operational","color":"#E54848","dataOrigin":"datum-2026-08-01","sourceKey":"way:1193718053"}},{"type":"Feature","geometry":{"type":"LineString","coordinates":[[115.6957944,22.8995604],[115.6966184,22.8995566]]},"properties":{"key":"way:1193718054@overview:115_22","osmType":"way","osmId":1193718054,"sourceRegion":"guangdong","featureType":"infrastructure","railClass":"highspeed","mode":"rail","name":"甬广高速线","nameEn":"Ningbo–Guangzhou Highspeed-Railway","ref":"汕汕高速线","usage":"main","highspeed":"yes","bridge":"yes","status":"operational","color":"#E54848","dataOrigin":"datum-2026-08-01","sourceKey":"way:1193718054"}},{"type":"Feature","geometry":{"type":"LineString","coordinates":[[115.6950934,22.8996177],[115.6957944,22.8996171]]},"properties":{"key":"way:1193718055@overview:115_22","osmType":"way","osmId":1193718055,"sourceRegion":"guangdong","featureType":"infrastructure","railClass":"highspeed","mode":"rail","name":"甬广高速线","nameEn":"Ningbo–Guangzhou Highspeed-Railway","ref":"汕汕高速线","usage":"main","highspeed":"yes","status":"operational","color":"#E54848","dataOrigin":"datum-2026-08-01","sourceKey":"way:1193718055"}},{"type":"Feature","geometry":{"type":"LineString","coordinates":[[115.6950904,22.8995636],[115.6957944,22.8995604]]},"properties":{"key":"way:1193718056@overview:115_22","osmType":"way","osmId":1193718056,"sourceRegion":"guangdong","featureType":"infrastructure","railClass":"highspeed","mode":"rail","name":"甬广高速线","nameEn":"Ningbo–Guangzhou Highspeed-Railway","ref":"汕汕高速线","usage":"main","highspeed":"yes","status":"operational","color":"#E54848","dataOrigin":"datum-2026-08-01","sourceKey":"way:1193718056"}},{"type":"Feature","geometry":{"type":"LineString","coordinates":[[115.9484176,22.9032635],[115.960447,22.903644]]},"properties":{"key":"way:1193718059@overview:115_22","osmType":"way","osmId":1193718059,"sourceRegion":"guangdong","featureType":"infrastructure","railClass":"highspeed","mode":"rail","name":"甬广高速线","nameEn":"Ningbo–Guangzhou Highspeed-Railway","ref":"汕汕高速线","usage":"main","highspeed":"yes","status":"operational","color":"#E54848","dataOrigin":"datum-2026-08-01","sourceKey":"way:1193718059"}},{"type":"Feature","geometry":{"type":"LineString","coordinates":[[115.9604519,22.9035686],[115.9484195,22.903206]]},"properties":{"key":"way:1193718060@overview:115_22","osmType":"way","osmId":1193718060,"sourceRegion":"guangdong","featureType":"infrastructure","railClass":"highspeed","mode":"rail","name":"甬广高速线","nameEn":"Ningbo–Guangzhou Highspeed-Railway","ref":"汕汕高速线","usage":"main","highspeed":"yes","status":"operational","color":"#E54848","dataOrigin":"datum-2026-08-01","sourceKey":"way:1193718060"}},{"type":"Feature","geometry":{"type":"LineString","coordinates":[[115.960447,22.903644],[115.965277,22.9038019]]},"properties":{"key":"way:1193718061@overview:115_22","osmType":"way","osmId":1193718061,"sourceRegion":"guangdong","featureType":"infrastructure","railClass":"highspeed","mode":"rail","name":"甬广高速线","nameEn":"Ningbo–Guangzhou Highspeed-Railway","ref":"汕汕高速线","usage":"main","highspeed":"yes","bridge":"yes","status":"operational","color":"#E54848","dataOrigin":"datum-2026-08-01","sourceKey":"way:1193718061"}},{"type":"Feature","geometry":{"type":"LineString","coordinates":[[115.965277,22.9038019],[115.9677846,22.9038797]]},"properties":{"key":"way:1193718062@overview:115_22","osmType":"way","osmId":1193718062,"sourceRegion":"guangdong","featureType":"infrastructure","railClass":"highspeed","mode":"rail","name":"甬广高速线","nameEn":"Ningbo–Guangzhou Highspeed-Railway","ref":"汕汕高速线","usage":"main","highspeed":"yes","status":"operational","color":"#E54848","dataOrigin":"datum-2026-08-01","sourceKey":"way:1193718062"}},{"type":"Feature","geometry":{"type":"LineString","coordinates":[[115.9652751,22.9037426],[115.9604519,22.9035686]]},"properties":{"key":"way:1193718063@overview:115_22","osmType":"way","osmId":1193718063,"sourceRegion":"guangdong","featureType":"infrastructure","railClass":"highspeed","mode":"rail","name":"甬广高速线","nameEn":"Ningbo–Guangzhou Highspeed-Railway","ref":"汕汕高速线","usage":"main","highspeed":"yes","bridge":"yes","status":"operational","color":"#E54848","dataOrigin":"datum-2026-08-01","sourceKey":"way:1193718063"}},{"type":"Feature","geometry":{"type":"LineString","coordinates":[[115.9677843,22.9038048],[115.9652751,22.9037426]]},"properties":{"key":"way:1193718064@overview:115_22","osmType":"way","osmId":1193718064,"sourceRegion":"guangdong","featureType":"infrastructure","railClass":"highspeed","mode":"rail","name":"甬广高速线","nameEn":"Ningbo–Guangzhou Highspeed-Railway","ref":"汕汕高速线","usage":"main","highspeed":"yes","status":"operational","color":"#E54848","dataOrigin":"datum-2026-08-01","sourceKey":"way:1193718064"}},{"type":"Feature","geometry":{"type":"LineString","coordinates":[[115.9677846,22.9038797],[115.97487,22.9040997]]},"properties":{"key":"way:1193718065@overview:115_22","osmType":"way","osmId":1193718065,"sourceRegion":"guangdong","featureType":"infrastructure","railClass":"highspeed","mode":"rail","name":"甬广高速线","nameEn":"Ningbo–Guangzhou Highspeed-Railway","ref":"汕汕高速线","usage":"main","highspeed":"yes","bridge":"yes","status":"operational","color":"#E54848","dataOrigin":"datum-2026-08-01","sourceKey":"way:1193718065"}},{"type":"Feature","geometry":{"type":"LineString","coordinates":[[115.9748748,22.904038],[115.9677843,22.9038048]]},"properties":{"key":"way:1193718066@overview:115_22","osmType":"way","osmId":1193718066,"sourceRegion":"guangdong","featureType":"infrastructure","railClass":"highspeed","mode":"rail","name":"甬广高速线","nameEn":"Ningbo–Guangzhou Highspeed-Railway","ref":"汕汕高速线","usage":"main","highspeed":"yes","bridge":"yes","status":"operational","color":"#E54848","dataOrigin":"datum-2026-08-01","sourceKey":"way:1193718066"}},{"type":"Feature","geometry":{"type":"LineString","coordinates":[[115.9840984,22.90432],[115.9748748,22.904038]]},"properties":{"key":"way:1193718067@overview:115_22","osmType":"way","osmId":1193718067,"sourceRegion":"guangdong","featureType":"infrastructure","railClass":"highspeed","mode":"rail","name":"甬广高速线","nameEn":"Ningbo–Guangzhou Highspeed-Railway","ref":"汕汕高速线","usage":"main","highspeed":"yes","status":"operational","color":"#E54848","dataOrigin":"datum-2026-08-01","sourceKey":"way:1193718067"}},{"type":"Feature","geometry":{"type":"LineString","coordinates":[[115.97487,22.9040997],[115.9840951,22.904378]]},"properties":{"key":"way:1193718068@overview:115_22","osmType":"way","osmId":1193718068,"sourceRegion":"guangdong","featureType":"infrastructure","railClass":"highspeed","mode":"rail","name":"甬广高速线","nameEn":"Ningbo–Guangzhou Highspeed-Railway","ref":"汕汕高速线","usage":"main","highspeed":"yes","status":"operational","color":"#E54848","dataOrigin":"datum-2026-08-01","sourceKey":"way:1193718068"}},{"type":"Feature","geometry":{"type":"LineString","coordinates":[[115.9840951,22.904378],[115.9944733,22.9046883]]},"properties":{"key":"way:1193718069@overview:115_22","osmType":"way","osmId":1193718069,"sourceRegion":"guangdong","featureType":"infrastructure","railClass":"highspeed","mode":"rail","name":"甬广高速线","nameEn":"Ningbo–Guangzhou Highspeed-Railway","ref":"汕汕高速线","usage":"main","highspeed":"yes","bridge":"yes","status":"operational","color":"#E54848","dataOrigin":"datum-2026-08-01","sourceKey":"way:1193718069"}},{"type":"Feature","geometry":{"type":"LineString","coordinates":[[115.9944641,22.9046213],[115.9840984,22.90432]]},"properties":{"key":"way:1193718070@overview:115_22","osmType":"way","osmId":1193718070,"sourceRegion":"guangdong","featureType":"infrastructure","railClass":"highspeed","mode":"rail","name":"甬广高速线","nameEn":"Ningbo–Guangzhou Highspeed-Railway","ref":"汕汕高速线","usage":"main","highspeed":"yes","bridge":"yes","status":"operational","color":"#E54848","dataOrigin":"datum-2026-08-01","sourceKey":"way:1193718070"}},{"type":"Feature","geometry":{"type":"LineString","coordinates":[[115.0168347,22.8813944],[115.0180122,22.8810096]]},"properties":{"key":"way:1207365894@overview:115_22","osmType":"way","osmId":1207365894,"sourceRegion":"guangdong","featureType":"infrastructure","railClass":"highspeed","mode":"rail","name":"甬广高速线","nameEn":"Ningbo–Guangzhou Highspeed-Railway","ref":"广汕高速线","usage":"main","highspeed":"yes","status":"operational","color":"#E54848","dataOrigin":"datum-2026-08-01","sourceKey":"way:1207365894"}},{"type":"Feature","geometry":{"type":"LineString","coordinates":[[115.0179912,22.8809539],[115.0168164,22.8813351]]},"properties":{"key":"way:1207365895@overview:115_22","osmType":"way","osmId":1207365895,"sourceRegion":"guangdong","featureType":"infrastructure","railClass":"highspeed","mode":"rail","name":"甬广高速线","nameEn":"Ningbo–Guangzhou Highspeed-Railway","ref":"广汕高速线","usage":"main","highspeed":"yes","status":"operational","color":"#E54848","dataOrigin":"datum-2026-08-01","sourceKey":"way:1207365895"}},{"type":"Feature","geometry":{"type":"LineString","coordinates":[[115.0438877,22.8730064],[115.0423521,22.8733347]]},"properties":{"key":"way:1207365896@overview:115_22","osmType":"way","osmId":1207365896,"sourceRegion":"guangdong","featureType":"infrastructure","railClass":"highspeed","mode":"rail","name":"甬广高速线","nameEn":"Ningbo–Guangzhou Highspeed-Railway","ref":"广汕高速线","usage":"main","highspeed":"yes","status":"operational","color":"#E54848","dataOrigin":"datum-2026-08-01","sourceKey":"way:1207365896"}},{"type":"Feature","geometry":{"type":"LineString","coordinates":[[115.0423541,22.8734085],[115.0438976,22.8730797]]},"properties":{"key":"way:1207365897@overview:115_22","osmType":"way","osmId":1207365897,"sourceRegion":"guangdong","featureType":"infrastructure","railClass":"highspeed","mode":"rail","name":"甬广高速线","nameEn":"Ningbo–Guangzhou Highspeed-Railway","ref":"广汕高速线","usage":"main","highspeed":"yes","status":"operational","color":"#E54848","dataOrigin":"datum-2026-08-01","sourceKey":"way:1207365897"}},{"type":"Feature","geometry":{"type":"LineString","coordinates":[[115.0492319,22.8721608],[115.0500619,22.8720495]]},"properties":{"key":"way:1207365898@overview:115_22","osmType":"way","osmId":1207365898,"sourceRegion":"guangdong","featureType":"infrastructure","railClass":"highspeed","mode":"rail","name":"甬广高速线","nameEn":"Ningbo–Guangzhou Highspeed-Railway","ref":"广汕高速线","usage":"main","highspeed":"yes","status":"operational","color":"#E54848","dataOrigin":"datum-2026-08-01","sourceKey":"way:1207365898"}},{"type":"Feature","geometry":{"type":"LineString","coordinates":[[115.0500546,22.8719728],[115.0492231,22.8720865]]},"properties":{"key":"way:1207365899@overview:115_22","osmType":"way","osmId":1207365899,"sourceRegion":"guangdong","featureType":"infrastructure","railClass":"highspeed","mode":"rail","name":"甬广高速线","nameEn":"Ningbo–Guangzhou Highspeed-Railway","ref":"广汕高速线","usage":"main","highspeed":"yes","status":"operational","color":"#E54848","dataOrigin":"datum-2026-08-01","sourceKey":"way:1207365899"}},{"type":"Feature","geometry":{"type":"LineString","coordinates":[[115.3210905,22.8350325],[115.3244252,22.8339648]]},"properties":{"key":"way:1207365900@overview:115_22","osmType":"way","osmId":1207365900,"sourceRegion":"guangdong","featureType":"infrastructure","railClass":"highspeed","mode":"rail","name":"甬广高速线","nameEn":"Ningbo–Guangzhou Highspeed-Railway","ref":"广汕高速线","usage":"main","highspeed":"yes","bridge":"yes","status":"operational","color":"#E54848","dataOrigin":"datum-2026-08-01","sourceKey":"way:1207365900"}},{"type":"Feature","geometry":{"type":"LineString","coordinates":[[115.3244077,22.8338895],[115.3210705,22.8349616]]},"properties":{"key":"way:1207365901@overview:115_22","osmType":"way","osmId":1207365901,"sourceRegion":"guangdong","featureType":"infrastructure","railClass":"highspeed","mode":"rail","name":"甬广高速线","nameEn":"Ningbo–Guangzhou Highspeed-Railway","ref":"广汕高速线","usage":"main","highspeed":"yes","bridge":"yes","status":"operational","color":"#E54848","dataOrigin":"datum-2026-08-01","sourceKey":"way:1207365901"}},{"type":"Feature","geometry":{"type":"LineString","coordinates":[[115.3210705,22.8349616],[115.3162992,22.8364099]]},"properties":{"key":"way:1207365902@overview:115_22","osmType":"way","osmId":1207365902,"sourceRegion":"guangdong","featureType":"infrastructure","railClass":"highspeed","mode":"rail","name":"甬广高速线","nameEn":"Ningbo–Guangzhou Highspeed-Railway","ref":"广汕高速线","usage":"main","highspeed":"yes","status":"operational","color":"#E54848","dataOrigin":"datum-2026-08-01","sourceKey":"way:1207365902"}},{"type":"Feature","geometry":{"type":"LineString","coordinates":[[115.3163221,22.8364839],[115.3210905,22.8350325]]},"properties":{"key":"way:1207365903@overview:115_22","osmType":"way","osmId":1207365903,"sourceRegion":"guangdong","featureType":"infrastructure","railClass":"highspeed","mode":"rail","name":"甬广高速线","nameEn":"Ningbo–Guangzhou Highspeed-Railway","ref":"广汕高速线","usage":"main","highspeed":"yes","status":"operational","color":"#E54848","dataOrigin":"datum-2026-08-01","sourceKey":"way:1207365903"}},{"type":"Feature","geometry":{"type":"LineString","coordinates":[[115.3263216,22.8332746],[115.3244077,22.8338895]]},"properties":{"key":"way:1207365904@overview:115_22","osmType":"way","osmId":1207365904,"sourceRegion":"guangdong","featureType":"infrastructure","railClass":"highspeed","mode":"rail","name":"甬广高速线","nameEn":"Ningbo–Guangzhou Highspeed-Railway","ref":"广汕高速线","usage":"main","highspeed":"yes","status":"operational","color":"#E54848","dataOrigin":"datum-2026-08-01","sourceKey":"way:1207365904"}},{"type":"Feature","geometry":{"type":"LineString","coordinates":[[115.3244252,22.8339648],[115.3263323,22.8333542]]},"properties":{"key":"way:1207365905@overview:115_22","osmType":"way","osmId":1207365905,"sourceRegion":"guangdong","featureType":"infrastructure","railClass":"highspeed","mode":"rail","name":"甬广高速线","nameEn":"Ningbo–Guangzhou Highspeed-Railway","ref":"广汕高速线","usage":"main","highspeed":"yes","status":"operational","color":"#E54848","dataOrigin":"datum-2026-08-01","sourceKey":"way:1207365905"}},{"type":"Feature","geometry":{"type":"LineString","coordinates":[[115.0,22.867943187661],[115.049265,22.8688194]]},"properties":{"key":"way:1243631094@overview:115_22","osmType":"way","osmId":1243631094,"sourceRegion":"guangdong","featureType":"infrastructure","railClass":"construction","mode":"construction","name":"深汕高速线","usage":"main","highspeed":"yes","tunnel":"yes","status":"construction","color":"#E54848","dataOrigin":"datum-2026-08-01","sourceKey":"way:1243631094"}},{"type":"Feature","geometry":{"type":"LineString","coordinates":[[115.0526455,22.8692613],[115.0875848,22.8726813]]},"properties":{"key":"way:1243631097@overview:115_22","osmType":"way","osmId":1243631097,"sourceRegion":"guangdong","featureType":"infrastructure","railClass":"construction","mode":"construction","name":"深汕高速线","usage":"main","highspeed":"yes","bridge":"yes","status":"construction","color":"#E54848","dataOrigin":"datum-2026-08-01","sourceKey":"way:1243631097"}},{"type":"Feature","geometry":{"type":"LineString","coordinates":[[115.0875974,22.8726107],[115.0526533,22.8691908]]},"properties":{"key":"way:1243631098@overview:115_22","osmType":"way","osmId":1243631098,"sourceRegion":"guangdong","featureType":"infrastructure","railClass":"construction","mode":"construction","name":"深汕高速线","usage":"main","highspeed":"yes","bridge":"yes","status":"construction","color":"#E54848","dataOrigin":"datum-2026-08-01","sourceKey":"way:1243631098"}},{"type":"Feature","geometry":{"type":"LineString","coordinates":[[115.049265,22.8688194],[115.0526455,22.8692613]]},"properties":{"key":"way:1243631099@overview:115_22","osmType":"way","osmId":1243631099,"sourceRegion":"guangdong","featureType":"infrastructure","railClass":"construction","mode":"construction","name":"深汕高速线","usage":"main","highspeed":"yes","status":"construction","color":"#E54848","dataOrigin":"datum-2026-08-01","sourceKey":"way:1243631099"}},{"type":"Feature","geometry":{"type":"LineString","coordinates":[[115.0526533,22.8691908],[115.0492778,22.8687482]]},"properties":{"key":"way:1243631100@overview:115_22","osmType":"way","osmId":1243631100,"sourceRegion":"guangdong","featureType":"infrastructure","railClass":"construction","mode":"construction","name":"深汕高速线","usage":"main","highspeed":"yes","status":"construction","color":"#E54848","dataOrigin":"datum-2026-08-01","sourceKey":"way:1243631100"}},{"type":"Feature","geometry":{"type":"LineString","coordinates":[[115.0526316,22.8693346],[115.0702402,22.8718507]]},"properties":{"key":"way:1243631101@overview:115_22","osmType":"way","osmId":1243631101,"sourceRegion":"guangdong","featureType":"infrastructure","railClass":"construction","mode":"construction","name":"广汕联络线","usage":"branch","bridge":"yes","status":"construction","color":"#E54848","dataOrigin":"datum-2026-08-01","sourceKey":"way:1243631101"}},{"type":"Feature","geometry":{"type":"LineString","coordinates":[[115.0496342,22.8688676],[115.0526316,22.8693346]]},"properties":{"key":"way:1243631102@overview:115_22","osmType":"way","osmId":1243631102,"sourceRegion":"guangdong","featureType":"infrastructure","railClass":"construction","mode":"construction","name":"广汕联络线","usage":"branch","status":"construction","color":"#E54848","dataOrigin":"datum-2026-08-01","sourceKey":"way:1243631102"}},{"type":"Feature","geometry":{"type":"LineString","coordinates":[[115.0702637,22.8716582],[115.052663,22.8691132]]},"properties":{"key":"way:1243631103@overview:115_22","osmType":"way","osmId":1243631103,"sourceRegion":"guangdong","featureType":"infrastructure","railClass":"construction","mode":"construction","name":"广汕联络线","usage":"branch","bridge":"yes","status":"construction","color":"#E54848","dataOrigin":"datum-2026-08-01","sourceKey":"way:1243631103"}},{"type":"Feature","geometry":{"type":"LineString","coordinates":[[115.052663,22.8691132],[115.0496425,22.868796]]},"properties":{"key":"way:1243631104@overview:115_22","osmType":"way","osmId":1243631104,"sourceRegion":"guangdong","featureType":"infrastructure","railClass":"construction","mode":"construction","name":"广汕联络线","usage":"branch","status":"construction","color":"#E54848","dataOrigin":"datum-2026-08-01","sourceKey":"way:1243631104"}},{"type":"Feature","geometry":{"type":"LineString","coordinates":[[115.0702402,22.8718507],[115.073385,22.8720271]]},"properties":{"key":"way:1243632836@overview:115_22","osmType":"way","osmId":1243632836,"sourceRegion":"guangdong","featureType":"infrastructure","railClass":"national","mode":"rail","name":"广汕联络线","usage":"branch","bridge":"yes","status":"operational","color":"#E54848","dataOrigin":"datum-2026-08-01","sourceKey":"way:1243632836"}},{"type":"Feature","geometry":{"type":"LineString","coordinates":[[115.073393,22.871959],[115.0702637,22.8716582]]},"properties":{"key":"way:1243632837@overview:115_22","osmType":"way","osmId":1243632837,"sourceRegion":"guangdong","featureType":"infrastructure","railClass":"national","mode":"rail","name":"广汕联络线","usage":"branch","bridge":"yes","status":"operational","color":"#E54848","dataOrigin":"datum-2026-08-01","sourceKey":"way:1243632837"}},{"type":"Feature","geometry":{"type":"LineString","coordinates":[[115.4602307,22.8167609],[115.4595706,22.8165321]]},"properties":{"key":"way:1478717186@overview:115_22","osmType":"way","osmId":1478717186,"sourceRegion":"guangdong","featureType":"infrastructure","railClass":"highspeed","mode":"rail","name":"杭深线","nameEn":"Hangzhou-Shenzhen Line","ref":"3009","usage":"main","highspeed":"yes","status":"operational","color":"#E54848","dataOrigin":"datum-2026-08-01","sourceKey":"way:1478717186"}},{"type":"Feature","geometry":{"type":"LineString","coordinates":[[115.4627681,22.8176287],[115.4602307,22.8167609]]},"properties":{"key":"way:1478717187@overview:115_22","osmType":"way","osmId":1478717187,"sourceRegion":"guangdong","featureType":"infrastructure","railClass":"highspeed","mode":"rail","name":"杭深线","nameEn":"Hangzhou-Shenzhen Line","ref":"3009","usage":"main","highspeed":"yes","bridge":"yes","status":"operational","color":"#E54848","dataOrigin":"datum-2026-08-01","sourceKey":"way:1478717187"}},{"type":"Feature","geometry":{"type":"LineString","coordinates":[[115.4627493,22.8176707],[115.4647767,22.8183255]]},"properties":{"key":"way:1478717188@overview:115_22","osmType":"way","osmId":1478717188,"sourceRegion":"guangdong","featureType":"infrastructure","railClass":"highspeed","mode":"rail","name":"杭深线","nameEn":"Hangzhou-Shenzhen Line","ref":"3009","usage":"main","highspeed":"yes","status":"operational","color":"#E54848","dataOrigin":"datum-2026-08-01","sourceKey":"way:1478717188"}},{"type":"Feature","geometry":{"type":"LineString","coordinates":[[115.4601824,22.8168079],[115.4627493,22.8176707]]},"properties":{"key":"way:1478717189@overview:115_22","osmType":"way","osmId":1478717189,"sourceRegion":"guangdong","featureType":"infrastructure","railClass":"highspeed","mode":"rail","name":"杭深线","nameEn":"Hangzhou-Shenzhen Line","ref":"3009","usage":"main","highspeed":"yes","bridge":"yes","status":"operational","color":"#E54848","dataOrigin":"datum-2026-08-01","sourceKey":"way:1478717189"}},{"type":"Feature","geometry":{"type":"LineString","coordinates":[[115.8691844,22.9114328],[115.877559,22.9094356]]},"properties":{"key":"way:1478717218@overview:115_22","osmType":"way","osmId":1478717218,"sourceRegion":"guangdong","featureType":"infrastructure","railClass":"highspeed","mode":"rail","name":"甬广高速线","nameEn":"Ningbo–Guangzhou Highspeed-Railway","ref":"汕汕高速线","usage":"main","highspeed":"yes","bridge":"yes","status":"operational","color":"#E54848","dataOrigin":"datum-2026-08-01","sourceKey":"way:1478717218"}},{"type":"Feature","geometry":{"type":"LineString","coordinates":[[115.8775315,22.9093847],[115.8691791,22.9113661]]},"properties":{"key":"way:1478717219@overview:115_22","osmType":"way","osmId":1478717219,"sourceRegion":"guangdong","featureType":"infrastructure","railClass":"highspeed","mode":"rail","name":"甬广高速线","nameEn":"Ningbo–Guangzhou Highspeed-Railway","ref":"汕汕高速线","usage":"main","highspeed":"yes","bridge":"yes","status":"operational","color":"#E54848","dataOrigin":"datum-2026-08-01","sourceKey":"way:1478717219"}},{"type":"Feature","geometry":{"type":"LineString","coordinates":[[115.8510345,22.9148635],[115.8452723,22.9152873]]},"properties":{"key":"way:1478717220@overview:115_22","osmType":"way","osmId":1478717220,"sourceRegion":"guangdong","featureType":"infrastructure","railClass":"highspeed","mode":"rail","name":"甬广高速线","nameEn":"Ningbo–Guangzhou Highspeed-Railway","ref":"汕汕高速线","usage":"main","highspeed":"yes","status":"operational","color":"#E54848","dataOrigin":"datum-2026-08-01","sourceKey":"way:1478717220"}},{"type":"Feature","geometry":{"type":"LineString","coordinates":[[115.8452644,22.9153437],[115.8510454,22.9149277]]},"properties":{"key":"way:1478717221@overview:115_22","osmType":"way","osmId":1478717221,"sourceRegion":"guangdong","featureType":"infrastructure","railClass":"highspeed","mode":"rail","name":"甬广高速线","nameEn":"Ningbo–Guangzhou Highspeed-Railway","ref":"汕汕高速线","usage":"main","highspeed":"yes","status":"operational","color":"#E54848","dataOrigin":"datum-2026-08-01","sourceKey":"way:1478717221"}},{"type":"Feature","geometry":{"type":"LineString","coordinates":[[115.8452723,22.9152873],[115.8438617,22.9153289]]},"properties":{"key":"way:1478717222@overview:115_22","osmType":"way","osmId":1478717222,"sourceRegion":"guangdong","featureType":"infrastructure","railClass":"highspeed","mode":"rail","name":"甬广高速线","nameEn":"Ningbo–Guangzhou Highspeed-Railway","ref":"汕汕高速线","usage":"main","highspeed":"yes","bridge":"yes","status":"operational","color":"#E54848","dataOrigin":"datum-2026-08-01","sourceKey":"way:1478717222"}},{"type":"Feature","geometry":{"type":"LineString","coordinates":[[115.8570676,22.914043],[115.8510345,22.9148635]]},"properties":{"key":"way:1478717223@overview:115_22","osmType":"way","osmId":1478717223,"sourceRegion":"guangdong","featureType":"infrastructure","railClass":"highspeed","mode":"rail","name":"甬广高速线","nameEn":"Ningbo–Guangzhou Highspeed-Railway","ref":"汕汕高速线","usage":"main","highspeed":"yes","bridge":"yes","status":"operational","color":"#E54848","dataOrigin":"datum-2026-08-01","sourceKey":"way:1478717223"}},{"type":"Feature","geometry":{"type":"LineString","coordinates":[[115.8510454,22.9149277],[115.8570925,22.914084]]},"properties":{"key":"way:1478717224@overview:115_22","osmType":"way","osmId":1478717224,"sourceRegion":"guangdong","featureType":"infrastructure","railClass":"highspeed","mode":"rail","name":"甬广高速线","nameEn":"Ningbo–Guangzhou Highspeed-Railway","ref":"汕汕高速线","usage":"main","highspeed":"yes","bridge":"yes","status":"operational","color":"#E54848","dataOrigin":"datum-2026-08-01","sourceKey":"way:1478717224"}},{"type":"Feature","geometry":{"type":"LineString","coordinates":[[115.8438778,22.9153882],[115.8452644,22.9153437]]},"properties":{"key":"way:1478717225@overview:115_22","osmType":"way","osmId":1478717225,"sourceRegion":"guangdong","featureType":"infrastructure","railClass":"highspeed","mode":"rail","name":"甬广高速线","nameEn":"Ningbo–Guangzhou Highspeed-Railway","ref":"汕汕高速线","usage":"main","highspeed":"yes","bridge":"yes","status":"operational","color":"#E54848","dataOrigin":"datum-2026-08-01","sourceKey":"way:1478717225"}},{"type":"Feature","geometry":{"type":"LineString","coordinates":[[115.8633956,22.9127925],[115.8691844,22.9114328]]},"properties":{"key":"way:1478717226@overview:115_22","osmType":"way","osmId":1478717226,"sourceRegion":"guangdong","featureType":"infrastructure","railClass":"highspeed","mode":"rail","name":"甬广高速线","nameEn":"Ningbo–Guangzhou Highspeed-Railway","ref":"汕汕高速线","usage":"main","highspeed":"yes","status":"operational","color":"#E54848","dataOrigin":"datum-2026-08-01","sourceKey":"way:1478717226"}},{"type":"Feature","geometry":{"type":"LineString","coordinates":[[115.8580336,22.913932],[115.8633956,22.9127925]]},"properties":{"key":"way:1478717227@overview:115_22","osmType":"way","osmId":1478717227,"sourceRegion":"guangdong","featureType":"infrastructure","railClass":"highspeed","mode":"rail","name":"甬广高速线","nameEn":"Ningbo–Guangzhou Highspeed-Railway","ref":"汕汕高速线","usage":"main","highspeed":"yes","bridge":"yes","status":"operational","color":"#E54848","dataOrigin":"datum-2026-08-01","sourceKey":"way:1478717227"}},{"type":"Feature","geometry":{"type":"LineString","coordinates":[[115.8633742,22.9127355],[115.8580386,22.9138725]]},"properties":{"key":"way:1478717228@overview:115_22","osmType":"way","osmId":1478717228,"sourceRegion":"guangdong","featureType":"infrastructure","railClass":"highspeed","mode":"rail","name":"甬广高速线","nameEn":"Ningbo–Guangzhou Highspeed-Railway","ref":"汕汕高速线","usage":"main","highspeed":"yes","bridge":"yes","status":"operational","color":"#E54848","dataOrigin":"datum-2026-08-01","sourceKey":"way:1478717228"}},{"type":"Feature","geometry":{"type":"LineString","coordinates":[[115.8691791,22.9113661],[115.8633742,22.9127355]]},"properties":{"key":"way:1478717229@overview:115_22","osmType":"way","osmId":1478717229,"sourceRegion":"guangdong","featureType":"infrastructure","railClass":"highspeed","mode":"rail","name":"甬广高速线","nameEn":"Ningbo–Guangzhou Highspeed-Railway","ref":"汕汕高速线","usage":"main","highspeed":"yes","status":"operational","color":"#E54848","dataOrigin":"datum-2026-08-01","sourceKey":"way:1478717229"}},{"type":"Feature","geometry":{"type":"LineString","coordinates":[[115.877559,22.9094356],[115.8916224,22.9061049]]},"properties":{"key":"way:1478717230@overview:115_22","osmType":"way","osmId":1478717230,"sourceRegion":"guangdong","featureType":"infrastructure","railClass":"highspeed","mode":"rail","name":"甬广高速线","nameEn":"Ningbo–Guangzhou Highspeed-Railway","ref":"汕汕高速线","usage":"main","highspeed":"yes","status":"operational","color":"#E54848","dataOrigin":"datum-2026-08-01","sourceKey":"way:1478717230"}},{"type":"Feature","geometry":{"type":"LineString","coordinates":[[115.8570925,22.914084],[115.8580336,22.913932]]},"properties":{"key":"way:1478717231@overview:115_22","osmType":"way","osmId":1478717231,"sourceRegion":"guangdong","featureType":"infrastructure","railClass":"highspeed","mode":"rail","name":"甬广高速线","nameEn":"Ningbo–Guangzhou Highspeed-Railway","ref":"汕汕高速线","usage":"main","highspeed":"yes","status":"operational","color":"#E54848","dataOrigin":"datum-2026-08-01","sourceKey":"way:1478717231"}},{"type":"Feature","geometry":{"type":"LineString","coordinates":[[115.8580386,22.9138725],[115.8570676,22.914043]]},"properties":{"key":"way:1478717232@overview:115_22","osmType":"way","osmId":1478717232,"sourceRegion":"guangdong","featureType":"infrastructure","railClass":"highspeed","mode":"rail","name":"甬广高速线","nameEn":"Ningbo–Guangzhou Highspeed-Railway","ref":"汕汕高速线","usage":"main","highspeed":"yes","status":"operational","color":"#E54848","dataOrigin":"datum-2026-08-01","sourceKey":"way:1478717232"}},{"type":"Feature","geometry":{"type":"LineString","coordinates":[[115.8916071,22.9060611],[115.8775315,22.9093847]]},"properties":{"key":"way:1478717233@overview:115_22","osmType":"way","osmId":1478717233,"sourceRegion":"guangdong","featureType":"infrastructure","railClass":"highspeed","mode":"rail","name":"甬广高速线","nameEn":"Ningbo–Guangzhou Highspeed-Railway","ref":"汕汕高速线","usage":"main","highspeed":"yes","status":"operational","color":"#E54848","dataOrigin":"datum-2026-08-01","sourceKey":"way:1478717233"}},{"type":"Feature","geometry":{"type":"LineString","coordinates":[[115.3311923,22.8096931],[115.32871,22.8096476]]},"properties":{"key":"way:1498069522@overview:115_22","osmType":"way","osmId":1498069522,"sourceRegion":"guangdong","featureType":"infrastructure","railClass":"highspeed","mode":"rail","name":"杭深线","nameEn":"Hangzhou-Shenzhen Line","ref":"3009","usage":"main","highspeed":"yes","status":"operational","color":"#E54848","dataOrigin":"datum-2026-08-01","sourceKey":"way:1498069522"}},{"type":"Feature","geometry":{"type":"LineString","coordinates":[[115.3287228,22.8097281],[115.3311921,22.8097493]]},"properties":{"key":"way:1498069523@overview:115_22","osmType":"way","osmId":1498069523,"sourceRegion":"guangdong","featureType":"infrastructure","railClass":"highspeed","mode":"rail","name":"杭深线","nameEn":"Hangzhou-Shenzhen Line","ref":"3009","usage":"main","highspeed":"yes","status":"operational","color":"#E54848","dataOrigin":"datum-2026-08-01","sourceKey":"way:1498069523"}},{"type":"Feature","geometry":{"type":"LineString","coordinates":[[115.3311921,22.8097493],[115.3320521,22.809756]]},"properties":{"key":"way:1498069524@overview:115_22","osmType":"way","osmId":1498069524,"sourceRegion":"guangdong","featureType":"infrastructure","railClass":"highspeed","mode":"rail","name":"杭深线","nameEn":"Hangzhou-Shenzhen Line","ref":"3009","usage":"main","highspeed":"yes","bridge":"yes","status":"operational","color":"#E54848","dataOrigin":"datum-2026-08-01","sourceKey":"way:1498069524"}},{"type":"Feature","geometry":{"type":"LineString","coordinates":[[115.3320565,22.8096993],[115.3311923,22.8096931]]},"properties":{"key":"way:1498069525@overview:115_22","osmType":"way","osmId":1498069525,"sourceRegion":"guangdong","featureType":"infrastructure","railClass":"highspeed","mode":"rail","name":"杭深线","nameEn":"Hangzhou-Shenzhen Line","ref":"3009","usage":"main","highspeed":"yes","bridge":"yes","status":"operational","color":"#E54848","dataOrigin":"datum-2026-08-01","sourceKey":"way:1498069525"}}]}