{
  "createdAt": 1782564526.9016738,
  "finishedAt": 1782564597.4510643,
  "heads": {
    "0": 666,
    "1": 5703,
    "10": 5222,
    "11": 72197,
    "12": 14200,
    "13": 80197,
    "14": 25291,
    "15": 85474,
    "16": 42932,
    "17": 78279,
    "18": 47028,
    "19": 58882,
    "2": 460,
    "20": 40228,
    "21": 38109,
    "22": 24588,
    "23": 20757,
    "24": 12489,
    "25": 10707,
    "26": 6081,
    "27": 4549,
    "28": 2217,
    "29": 1892,
    "3": 5511,
    "30": 890,
    "31": 654,
    "32": 364,
    "33": 312,
    "34": 232,
    "35": 126,
    "36": 32,
    "37": 28,
    "38": 2,
    "39": 2,
    "4": 652,
    "41": 4,
    "42": 4,
    "43": 4,
    "5": 9588,
    "6": 468,
    "7": 23618,
    "8": 1513,
    "9": 52291
  },
  "initNext": 6375600,
  "lastTxn": 113,
  "processed": 774443,
  "rawCount": 6375600,
  "signature": "KBvKPP",
  "sizes": {
    "0": 666,
    "1": 5703,
    "10": 5222,
    "11": 72197,
    "12": 14200,
    "13": 80197,
    "14": 25291,
    "15": 85474,
    "16": 42932,
    "17": 78279,
    "18": 47028,
    "19": 58882,
    "2": 460,
    "20": 40228,
    "21": 38109,
    "22": 24588,
    "23": 20757,
    "24": 12489,
    "25": 10707,
    "26": 6081,
    "27": 4549,
    "28": 2217,
    "29": 1892,
    "3": 5511,
    "30": 890,
    "31": 654,
    "32": 364,
    "33": 312,
    "34": 232,
    "35": 126,
    "36": 32,
    "37": 28,
    "38": 2,
    "39": 2,
    "4": 652,
    "41": 4,
    "42": 4,
    "43": 4,
    "5": 9588,
    "6": 468,
    "7": 23618,
    "8": 1513,
    "9": 52291
  },
  "stage": "done"
}