{
  "createdAt": 1782552442.7662268,
  "finishedAt": 1782552933.2854993,
  "heads": {
    "0": 89664,
    "1": 190688,
    "10": 864172,
    "11": 142812,
    "12": 490808,
    "13": 18360,
    "14": 127304,
    "15": 2264,
    "16": 26952,
    "17": 544,
    "18": 6368,
    "19": 88,
    "2": 77312,
    "20": 704,
    "21": 40,
    "3": 263536,
    "4": 110704,
    "5": 454484,
    "6": 266852,
    "7": 622336,
    "8": 628068,
    "9": 449352
  },
  "initNext": 12751200,
  "lastTxn": 238,
  "processed": 4833412,
  "rawCount": 12751200,
  "signature": "KQNvKB",
  "sizes": {
    "0": 89664,
    "1": 190688,
    "10": 864172,
    "11": 142812,
    "12": 490808,
    "13": 18360,
    "14": 127304,
    "15": 2264,
    "16": 26952,
    "17": 544,
    "18": 6368,
    "19": 88,
    "2": 77312,
    "20": 704,
    "21": 40,
    "3": 263536,
    "4": 110704,
    "5": 454484,
    "6": 266852,
    "7": 622336,
    "8": 628068,
    "9": 449352
  },
  "stage": "done"
}