{
  "createdAt": 1782564834.212878,
  "finishedAt": 1782564991.923624,
  "heads": {
    "0": 34090,
    "1": 63890,
    "10": 294830,
    "11": 75985,
    "12": 200879,
    "13": 48970,
    "14": 116452,
    "15": 43885,
    "16": 86700,
    "17": 23809,
    "18": 53263,
    "19": 10328,
    "2": 36720,
    "20": 27187,
    "21": 4404,
    "22": 12540,
    "23": 1824,
    "24": 8372,
    "25": 976,
    "26": 5888,
    "27": 268,
    "28": 3554,
    "29": 262,
    "3": 94249,
    "30": 2504,
    "31": 158,
    "32": 1510,
    "33": 138,
    "34": 1328,
    "35": 92,
    "36": 852,
    "37": 36,
    "38": 496,
    "39": 8,
    "4": 57271,
    "40": 312,
    "41": 2,
    "42": 206,
    "44": 110,
    "45": 2,
    "46": 76,
    "48": 46,
    "5": 180492,
    "50": 22,
    "52": 18,
    "54": 22,
    "56": 14,
    "58": 14,
    "6": 140104,
    "60": 14,
    "62": 4,
    "66": 4,
    "7": 215793,
    "8": 239074,
    "9": 172645
  },
  "initNext": 12751200,
  "lastTxn": 216,
  "processed": 2262692,
  "rawCount": 12751200,
  "signature": "KQPvKP",
  "sizes": {
    "0": 34090,
    "1": 63890,
    "10": 294830,
    "11": 75985,
    "12": 200879,
    "13": 48970,
    "14": 116452,
    "15": 43885,
    "16": 86700,
    "17": 23809,
    "18": 53263,
    "19": 10328,
    "2": 36720,
    "20": 27187,
    "21": 4404,
    "22": 12540,
    "23": 1824,
    "24": 8372,
    "25": 976,
    "26": 5888,
    "27": 268,
    "28": 3554,
    "29": 262,
    "3": 94249,
    "30": 2504,
    "31": 158,
    "32": 1510,
    "33": 138,
    "34": 1328,
    "35": 92,
    "36": 852,
    "37": 36,
    "38": 496,
    "39": 8,
    "4": 57271,
    "40": 312,
    "41": 2,
    "42": 206,
    "44": 110,
    "45": 2,
    "46": 76,
    "48": 46,
    "5": 180492,
    "50": 22,
    "52": 18,
    "54": 22,
    "56": 14,
    "58": 14,
    "6": 140104,
    "60": 14,
    "62": 4,
    "66": 4,
    "7": 215793,
    "8": 239074,
    "9": 172645
  },
  "stage": "done"
}