{
  "createdAt": 1782554604.127557,
  "finishedAt": 1782554899.1688824,
  "heads": {
    "0": 265604,
    "1": 203720,
    "10": 461556,
    "11": 61056,
    "12": 366752,
    "13": 42992,
    "14": 302280,
    "15": 32104,
    "16": 294072,
    "17": 13448,
    "18": 185816,
    "19": 4900,
    "2": 154376,
    "20": 96012,
    "21": 888,
    "22": 35648,
    "23": 240,
    "24": 14120,
    "25": 208,
    "26": 5784,
    "27": 40,
    "28": 2296,
    "29": 56,
    "3": 372044,
    "30": 2224,
    "31": 32,
    "32": 1848,
    "33": 40,
    "34": 2176,
    "35": 8,
    "36": 3352,
    "37": 16,
    "38": 2736,
    "39": 48,
    "4": 310924,
    "40": 3888,
    "41": 24,
    "42": 4248,
    "43": 48,
    "44": 624,
    "5": 536428,
    "6": 611400,
    "7": 264228,
    "8": 544228,
    "9": 118416
  },
  "initNext": 12751200,
  "lastTxn": 269,
  "processed": 5322948,
  "rawCount": 12751200,
  "signature": "KQRvKN",
  "sizes": {
    "0": 265604,
    "1": 203720,
    "10": 461556,
    "11": 61056,
    "12": 366752,
    "13": 42992,
    "14": 302280,
    "15": 32104,
    "16": 294072,
    "17": 13448,
    "18": 185816,
    "19": 4900,
    "2": 154376,
    "20": 96012,
    "21": 888,
    "22": 35648,
    "23": 240,
    "24": 14120,
    "25": 208,
    "26": 5784,
    "27": 40,
    "28": 2296,
    "29": 56,
    "3": 372044,
    "30": 2224,
    "31": 32,
    "32": 1848,
    "33": 40,
    "34": 2176,
    "35": 8,
    "36": 3352,
    "37": 16,
    "38": 2736,
    "39": 48,
    "4": 310924,
    "40": 3888,
    "41": 24,
    "42": 4248,
    "43": 48,
    "44": 624,
    "5": 536428,
    "6": 611400,
    "7": 264228,
    "8": 544228,
    "9": 118416
  },
  "stage": "done"
}