{
  "createdAt": 1782551448.8980746,
  "finishedAt": 1782551796.5394185,
  "heads": {
    "0": 112644,
    "1": 173236,
    "10": 817924,
    "11": 146648,
    "12": 516008,
    "13": 21056,
    "14": 144520,
    "15": 1896,
    "16": 42776,
    "17": 512,
    "18": 27488,
    "19": 264,
    "2": 73272,
    "20": 14788,
    "21": 128,
    "22": 6272,
    "23": 64,
    "24": 800,
    "26": 32,
    "3": 222464,
    "4": 113100,
    "5": 435580,
    "6": 311960,
    "7": 577388,
    "8": 679612,
    "9": 392964
  },
  "initNext": 12751200,
  "lastTxn": 241,
  "processed": 4833396,
  "rawCount": 12751200,
  "signature": "KQBvKN",
  "sizes": {
    "0": 112644,
    "1": 173236,
    "10": 817924,
    "11": 146648,
    "12": 516008,
    "13": 21056,
    "14": 144520,
    "15": 1896,
    "16": 42776,
    "17": 512,
    "18": 27488,
    "19": 264,
    "2": 73272,
    "20": 14788,
    "21": 128,
    "22": 6272,
    "23": 64,
    "24": 800,
    "26": 32,
    "3": 222464,
    "4": 113100,
    "5": 435580,
    "6": 311960,
    "7": 577388,
    "8": 679612,
    "9": 392964
  },
  "stage": "done"
}