{
  "createdAt": 1782560442.8162868,
  "finishedAt": 1782560600.0787356,
  "heads": {
    "0": 1520,
    "1": 11686,
    "10": 30760,
    "11": 221342,
    "12": 65306,
    "13": 237611,
    "14": 92469,
    "15": 196176,
    "16": 78544,
    "17": 142079,
    "18": 63531,
    "19": 95262,
    "2": 1557,
    "20": 59900,
    "21": 61207,
    "22": 45256,
    "23": 39176,
    "24": 32530,
    "25": 25250,
    "26": 19710,
    "27": 16066,
    "28": 12016,
    "29": 10102,
    "3": 13138,
    "30": 7890,
    "31": 6514,
    "32": 4690,
    "33": 3932,
    "34": 2908,
    "35": 2582,
    "36": 2028,
    "37": 1876,
    "38": 1592,
    "39": 1672,
    "4": 1790,
    "40": 1328,
    "41": 1158,
    "42": 896,
    "43": 1070,
    "44": 966,
    "45": 810,
    "46": 530,
    "47": 470,
    "48": 384,
    "49": 344,
    "5": 31902,
    "50": 328,
    "51": 398,
    "52": 412,
    "53": 436,
    "54": 278,
    "55": 358,
    "56": 300,
    "57": 354,
    "58": 156,
    "59": 222,
    "6": 2388,
    "60": 116,
    "61": 120,
    "62": 60,
    "63": 88,
    "64": 36,
    "65": 24,
    "66": 40,
    "67": 80,
    "68": 40,
    "69": 72,
    "7": 73828,
    "70": 38,
    "71": 72,
    "72": 22,
    "73": 12,
    "74": 12,
    "75": 6,
    "76": 10,
    "77": 2,
    "8": 9341,
    "9": 165352,
    "93": 2,
    "94": 8,
    "95": 2,
    "96": 8,
    "97": 10,
    "98": 8,
    "99": 2
  },
  "initNext": 12751200,
  "lastTxn": 237,
  "processed": 1904567,
  "rawCount": 12751200,
  "signature": "KBPvKN",
  "sizes": {
    "0": 1520,
    "1": 11686,
    "10": 30760,
    "11": 221342,
    "12": 65306,
    "13": 237611,
    "14": 92469,
    "15": 196176,
    "16": 78544,
    "17": 142079,
    "18": 63531,
    "19": 95262,
    "2": 1557,
    "20": 59900,
    "21": 61207,
    "22": 45256,
    "23": 39176,
    "24": 32530,
    "25": 25250,
    "26": 19710,
    "27": 16066,
    "28": 12016,
    "29": 10102,
    "3": 13138,
    "30": 7890,
    "31": 6514,
    "32": 4690,
    "33": 3932,
    "34": 2908,
    "35": 2582,
    "36": 2028,
    "37": 1876,
    "38": 1592,
    "39": 1672,
    "4": 1790,
    "40": 1328,
    "41": 1158,
    "42": 896,
    "43": 1070,
    "44": 966,
    "45": 810,
    "46": 530,
    "47": 470,
    "48": 384,
    "49": 344,
    "5": 31902,
    "50": 328,
    "51": 398,
    "52": 412,
    "53": 436,
    "54": 278,
    "55": 358,
    "56": 300,
    "57": 354,
    "58": 156,
    "59": 222,
    "6": 2388,
    "60": 116,
    "61": 120,
    "62": 60,
    "63": 88,
    "64": 36,
    "65": 24,
    "66": 40,
    "67": 80,
    "68": 40,
    "69": 72,
    "7": 73828,
    "70": 38,
    "71": 72,
    "72": 22,
    "73": 12,
    "74": 12,
    "75": 6,
    "76": 10,
    "77": 2,
    "8": 9341,
    "9": 165352,
    "93": 2,
    "94": 8,
    "95": 2,
    "96": 8,
    "97": 10,
    "98": 8,
    "99": 2
  },
  "stage": "done"
}