{
  "createdAt": 1782564991.9721324,
  "finishedAt": 1782565073.0061421,
  "heads": {
    "0": 11565,
    "1": 20019,
    "10": 37528,
    "11": 163511,
    "12": 85151,
    "13": 124362,
    "14": 103705,
    "15": 68823,
    "16": 65773,
    "17": 34929,
    "18": 30033,
    "19": 20257,
    "2": 4518,
    "20": 12691,
    "21": 11676,
    "22": 5854,
    "23": 7414,
    "24": 3010,
    "25": 5597,
    "26": 1626,
    "27": 4706,
    "28": 978,
    "29": 3787,
    "3": 19398,
    "30": 364,
    "31": 2814,
    "32": 134,
    "33": 2078,
    "34": 98,
    "35": 1484,
    "36": 54,
    "37": 1144,
    "38": 12,
    "39": 752,
    "4": 6394,
    "40": 6,
    "41": 396,
    "42": 8,
    "43": 198,
    "44": 18,
    "45": 126,
    "46": 16,
    "47": 88,
    "48": 18,
    "49": 42,
    "5": 29957,
    "50": 20,
    "51": 50,
    "52": 6,
    "53": 28,
    "55": 24,
    "57": 12,
    "58": 2,
    "59": 38,
    "6": 8303,
    "60": 6,
    "61": 20,
    "63": 12,
    "7": 54637,
    "8": 14010,
    "9": 113330
  },
  "initNext": 6375600,
  "lastTxn": 138,
  "processed": 1083610,
  "rawCount": 6375600,
  "signature": "KQvKPP",
  "sizes": {
    "0": 11565,
    "1": 20019,
    "10": 37528,
    "11": 163511,
    "12": 85151,
    "13": 124362,
    "14": 103705,
    "15": 68823,
    "16": 65773,
    "17": 34929,
    "18": 30033,
    "19": 20257,
    "2": 4518,
    "20": 12691,
    "21": 11676,
    "22": 5854,
    "23": 7414,
    "24": 3010,
    "25": 5597,
    "26": 1626,
    "27": 4706,
    "28": 978,
    "29": 3787,
    "3": 19398,
    "30": 364,
    "31": 2814,
    "32": 134,
    "33": 2078,
    "34": 98,
    "35": 1484,
    "36": 54,
    "37": 1144,
    "38": 12,
    "39": 752,
    "4": 6394,
    "40": 6,
    "41": 396,
    "42": 8,
    "43": 198,
    "44": 18,
    "45": 126,
    "46": 16,
    "47": 88,
    "48": 18,
    "49": 42,
    "5": 29957,
    "50": 20,
    "51": 50,
    "52": 6,
    "53": 28,
    "55": 24,
    "57": 12,
    "58": 2,
    "59": 38,
    "6": 8303,
    "60": 6,
    "61": 20,
    "63": 12,
    "7": 54637,
    "8": 14010,
    "9": 113330
  },
  "stage": "done"
}