{
  "createdAt": 1782551796.5767398,
  "finishedAt": 1782551975.8915803,
  "heads": {
    "0": 55904,
    "1": 158900,
    "10": 70952,
    "11": 212012,
    "12": 27940,
    "13": 254108,
    "14": 11520,
    "15": 214828,
    "16": 9264,
    "17": 72132,
    "18": 6488,
    "19": 22144,
    "2": 40344,
    "20": 4408,
    "21": 6096,
    "22": 2792,
    "23": 2680,
    "24": 1944,
    "25": 2288,
    "26": 2008,
    "27": 2472,
    "28": 1880,
    "29": 2248,
    "3": 214792,
    "30": 1672,
    "31": 2320,
    "32": 1280,
    "33": 1896,
    "34": 1508,
    "35": 1536,
    "36": 1464,
    "37": 1760,
    "38": 1392,
    "39": 1520,
    "4": 29704,
    "40": 1056,
    "41": 1016,
    "42": 592,
    "43": 528,
    "44": 320,
    "45": 240,
    "46": 216,
    "47": 152,
    "48": 112,
    "49": 72,
    "5": 380944,
    "50": 64,
    "51": 32,
    "52": 24,
    "6": 39620,
    "7": 468924,
    "8": 70104,
    "9": 288388
  },
  "initNext": 12751200,
  "lastTxn": 226,
  "processed": 2698600,
  "rawCount": 12751200,
  "signature": "KQBvKQ",
  "sizes": {
    "0": 55904,
    "1": 158900,
    "10": 70952,
    "11": 212012,
    "12": 27940,
    "13": 254108,
    "14": 11520,
    "15": 214828,
    "16": 9264,
    "17": 72132,
    "18": 6488,
    "19": 22144,
    "2": 40344,
    "20": 4408,
    "21": 6096,
    "22": 2792,
    "23": 2680,
    "24": 1944,
    "25": 2288,
    "26": 2008,
    "27": 2472,
    "28": 1880,
    "29": 2248,
    "3": 214792,
    "30": 1672,
    "31": 2320,
    "32": 1280,
    "33": 1896,
    "34": 1508,
    "35": 1536,
    "36": 1464,
    "37": 1760,
    "38": 1392,
    "39": 1520,
    "4": 29704,
    "40": 1056,
    "41": 1016,
    "42": 592,
    "43": 528,
    "44": 320,
    "45": 240,
    "46": 216,
    "47": 152,
    "48": 112,
    "49": 72,
    "5": 380944,
    "50": 64,
    "51": 32,
    "52": 24,
    "6": 39620,
    "7": 468924,
    "8": 70104,
    "9": 288388
  },
  "stage": "done"
}