{
  "createdAt": 1782559620.4572532,
  "finishedAt": 1782559719.3602922,
  "heads": {
    "0": 4832,
    "1": 12928,
    "10": 584,
    "11": 24080,
    "12": 1512,
    "13": 55952,
    "14": 3664,
    "15": 92904,
    "16": 6732,
    "17": 103632,
    "18": 9380,
    "19": 78536,
    "2": 2488,
    "20": 6968,
    "21": 49140,
    "22": 2776,
    "23": 44076,
    "24": 1684,
    "25": 45040,
    "26": 1876,
    "27": 31688,
    "28": 1032,
    "29": 27344,
    "3": 4192,
    "30": 1168,
    "31": 20536,
    "32": 864,
    "33": 19048,
    "34": 1288,
    "35": 22028,
    "36": 2032,
    "37": 38728,
    "38": 2456,
    "39": 49376,
    "4": 504,
    "40": 3688,
    "41": 61436,
    "42": 5704,
    "43": 62224,
    "44": 6384,
    "45": 48212,
    "46": 7424,
    "47": 37492,
    "48": 7556,
    "49": 30224,
    "5": 3968,
    "50": 5616,
    "51": 22456,
    "52": 3592,
    "53": 21256,
    "54": 4640,
    "55": 19328,
    "56": 5136,
    "57": 15560,
    "58": 4760,
    "59": 12028,
    "6": 192,
    "60": 3064,
    "61": 5608,
    "62": 1352,
    "63": 1624,
    "64": 360,
    "65": 272,
    "66": 72,
    "67": 72,
    "68": 40,
    "69": 32,
    "7": 8696,
    "70": 8,
    "71": 24,
    "8": 288,
    "9": 16488
  },
  "initNext": 6375600,
  "lastTxn": 143,
  "processed": 1197944,
  "rawCount": 6375600,
  "signature": "KRvKBB",
  "sizes": {
    "0": 4832,
    "1": 12928,
    "10": 584,
    "11": 24080,
    "12": 1512,
    "13": 55952,
    "14": 3664,
    "15": 92904,
    "16": 6732,
    "17": 103632,
    "18": 9380,
    "19": 78536,
    "2": 2488,
    "20": 6968,
    "21": 49140,
    "22": 2776,
    "23": 44076,
    "24": 1684,
    "25": 45040,
    "26": 1876,
    "27": 31688,
    "28": 1032,
    "29": 27344,
    "3": 4192,
    "30": 1168,
    "31": 20536,
    "32": 864,
    "33": 19048,
    "34": 1288,
    "35": 22028,
    "36": 2032,
    "37": 38728,
    "38": 2456,
    "39": 49376,
    "4": 504,
    "40": 3688,
    "41": 61436,
    "42": 5704,
    "43": 62224,
    "44": 6384,
    "45": 48212,
    "46": 7424,
    "47": 37492,
    "48": 7556,
    "49": 30224,
    "5": 3968,
    "50": 5616,
    "51": 22456,
    "52": 3592,
    "53": 21256,
    "54": 4640,
    "55": 19328,
    "56": 5136,
    "57": 15560,
    "58": 4760,
    "59": 12028,
    "6": 192,
    "60": 3064,
    "61": 5608,
    "62": 1352,
    "63": 1624,
    "64": 360,
    "65": 272,
    "66": 72,
    "67": 72,
    "68": 40,
    "69": 32,
    "7": 8696,
    "70": 8,
    "71": 24,
    "8": 288,
    "9": 16488
  },
  "stage": "done"
}