{
  "createdAt": 1782558322.388122,
  "finishedAt": 1782558561.6498642,
  "heads": {
    "0": 25792,
    "1": 66624,
    "10": 49612,
    "11": 383888,
    "12": 64580,
    "13": 214692,
    "14": 58320,
    "15": 125696,
    "16": 50456,
    "17": 100220,
    "18": 43576,
    "19": 98032,
    "2": 11536,
    "20": 37980,
    "21": 95828,
    "22": 32676,
    "23": 97068,
    "24": 34484,
    "25": 100376,
    "26": 37876,
    "27": 90396,
    "28": 45932,
    "29": 90664,
    "3": 67312,
    "30": 53020,
    "31": 92216,
    "32": 67296,
    "33": 95372,
    "34": 72860,
    "35": 96808,
    "36": 71404,
    "37": 103876,
    "38": 66152,
    "39": 106012,
    "4": 4948,
    "40": 61456,
    "41": 114288,
    "42": 59040,
    "43": 105744,
    "44": 53656,
    "45": 82392,
    "46": 45712,
    "47": 66296,
    "48": 41740,
    "49": 52464,
    "5": 124296,
    "50": 39844,
    "51": 42500,
    "52": 35192,
    "53": 40880,
    "54": 30760,
    "55": 36760,
    "56": 27240,
    "57": 29048,
    "58": 21504,
    "59": 20880,
    "6": 8792,
    "60": 16264,
    "61": 10512,
    "62": 9808,
    "63": 4256,
    "64": 5584,
    "65": 2376,
    "66": 4456,
    "67": 2032,
    "68": 3688,
    "69": 1904,
    "7": 239968,
    "70": 3608,
    "71": 1840,
    "72": 3512,
    "73": 1272,
    "74": 2040,
    "75": 664,
    "76": 1072,
    "77": 320,
    "78": 624,
    "79": 224,
    "8": 26268,
    "80": 400,
    "81": 184,
    "82": 360,
    "83": 112,
    "84": 272,
    "85": 96,
    "86": 224,
    "87": 24,
    "88": 40,
    "9": 389368
  },
  "initNext": 12751200,
  "lastTxn": 279,
  "processed": 4727436,
  "rawCount": 12751200,
  "signature": "KRBvKR",
  "sizes": {
    "0": 25792,
    "1": 66624,
    "10": 49612,
    "11": 383888,
    "12": 64580,
    "13": 214692,
    "14": 58320,
    "15": 125696,
    "16": 50456,
    "17": 100220,
    "18": 43576,
    "19": 98032,
    "2": 11536,
    "20": 37980,
    "21": 95828,
    "22": 32676,
    "23": 97068,
    "24": 34484,
    "25": 100376,
    "26": 37876,
    "27": 90396,
    "28": 45932,
    "29": 90664,
    "3": 67312,
    "30": 53020,
    "31": 92216,
    "32": 67296,
    "33": 95372,
    "34": 72860,
    "35": 96808,
    "36": 71404,
    "37": 103876,
    "38": 66152,
    "39": 106012,
    "4": 4948,
    "40": 61456,
    "41": 114288,
    "42": 59040,
    "43": 105744,
    "44": 53656,
    "45": 82392,
    "46": 45712,
    "47": 66296,
    "48": 41740,
    "49": 52464,
    "5": 124296,
    "50": 39844,
    "51": 42500,
    "52": 35192,
    "53": 40880,
    "54": 30760,
    "55": 36760,
    "56": 27240,
    "57": 29048,
    "58": 21504,
    "59": 20880,
    "6": 8792,
    "60": 16264,
    "61": 10512,
    "62": 9808,
    "63": 4256,
    "64": 5584,
    "65": 2376,
    "66": 4456,
    "67": 2032,
    "68": 3688,
    "69": 1904,
    "7": 239968,
    "70": 3608,
    "71": 1840,
    "72": 3512,
    "73": 1272,
    "74": 2040,
    "75": 664,
    "76": 1072,
    "77": 320,
    "78": 624,
    "79": 224,
    "8": 26268,
    "80": 400,
    "81": 184,
    "82": 360,
    "83": 112,
    "84": 272,
    "85": 96,
    "86": 224,
    "87": 24,
    "88": 40,
    "9": 389368
  },
  "stage": "done"
}