{
  "createdAt": 1782553861.043547,
  "finishedAt": 1782553930.8172815,
  "heads": {
    "0": 146460,
    "1": 115144,
    "10": 179984,
    "11": 25904,
    "12": 99552,
    "13": 12468,
    "14": 31848,
    "15": 5464,
    "16": 13756,
    "17": 2232,
    "18": 5224,
    "19": 884,
    "2": 88380,
    "20": 1632,
    "21": 204,
    "22": 312,
    "23": 104,
    "24": 192,
    "25": 8,
    "26": 16,
    "3": 226160,
    "4": 98644,
    "5": 115424,
    "6": 69556,
    "7": 30064,
    "8": 88740,
    "9": 44972
  },
  "initNext": 6375600,
  "lastTxn": 109,
  "processed": 1403328,
  "rawCount": 6375600,
  "signature": "KQQvKQ",
  "sizes": {
    "0": 146460,
    "1": 115144,
    "10": 179984,
    "11": 25904,
    "12": 99552,
    "13": 12468,
    "14": 31848,
    "15": 5464,
    "16": 13756,
    "17": 2232,
    "18": 5224,
    "19": 884,
    "2": 88380,
    "20": 1632,
    "21": 204,
    "22": 312,
    "23": 104,
    "24": 192,
    "25": 8,
    "26": 16,
    "3": 226160,
    "4": 98644,
    "5": 115424,
    "6": 69556,
    "7": 30064,
    "8": 88740,
    "9": 44972
  },
  "stage": "done"
}