{
  "createdAt": 1782550740.811521,
  "finishedAt": 1782551009.6290119,
  "heads": {
    "0": 5448,
    "1": 12248,
    "10": 560,
    "11": 29864,
    "12": 1488,
    "13": 47192,
    "14": 2032,
    "15": 71056,
    "16": 5280,
    "17": 112188,
    "18": 10696,
    "19": 144368,
    "2": 2076,
    "20": 17664,
    "21": 116416,
    "22": 16964,
    "23": 48872,
    "24": 9320,
    "25": 21400,
    "26": 5704,
    "27": 13096,
    "28": 4344,
    "29": 13616,
    "3": 6312,
    "30": 4960,
    "31": 13832,
    "32": 4080,
    "33": 7928,
    "34": 1816,
    "35": 3320,
    "36": 784,
    "37": 1328,
    "38": 480,
    "39": 1008,
    "4": 408,
    "40": 296,
    "41": 672,
    "42": 280,
    "43": 472,
    "44": 128,
    "45": 128,
    "46": 8,
    "5": 3560,
    "6": 120,
    "7": 8408,
    "8": 192,
    "9": 22752
  },
  "initNext": 12751200,
  "lastTxn": 182,
  "processed": 795164,
  "rawCount": 12751200,
  "signature": "KBNvKB",
  "sizes": {
    "0": 5448,
    "1": 12248,
    "10": 560,
    "11": 29864,
    "12": 1488,
    "13": 47192,
    "14": 2032,
    "15": 71056,
    "16": 5280,
    "17": 112188,
    "18": 10696,
    "19": 144368,
    "2": 2076,
    "20": 17664,
    "21": 116416,
    "22": 16964,
    "23": 48872,
    "24": 9320,
    "25": 21400,
    "26": 5704,
    "27": 13096,
    "28": 4344,
    "29": 13616,
    "3": 6312,
    "30": 4960,
    "31": 13832,
    "32": 4080,
    "33": 7928,
    "34": 1816,
    "35": 3320,
    "36": 784,
    "37": 1328,
    "38": 480,
    "39": 1008,
    "4": 408,
    "40": 296,
    "41": 672,
    "42": 280,
    "43": 472,
    "44": 128,
    "45": 128,
    "46": 8,
    "5": 3560,
    "6": 120,
    "7": 8408,
    "8": 192,
    "9": 22752
  },
  "stage": "done"
}