{
  "createdAt": 1782553185.5662944,
  "finishedAt": 1782553382.9350333,
  "heads": {
    "0": 44372,
    "1": 143280,
    "10": 58480,
    "11": 219912,
    "12": 23416,
    "13": 199164,
    "14": 14840,
    "15": 140064,
    "16": 10360,
    "17": 118608,
    "18": 7688,
    "19": 87712,
    "2": 28624,
    "20": 6336,
    "21": 61620,
    "22": 6104,
    "23": 32576,
    "24": 5624,
    "25": 9800,
    "26": 4688,
    "27": 6204,
    "28": 4392,
    "29": 5544,
    "3": 208496,
    "30": 3896,
    "31": 5248,
    "32": 3992,
    "33": 4752,
    "34": 3312,
    "35": 4136,
    "36": 2744,
    "37": 3592,
    "38": 2608,
    "39": 2688,
    "4": 21840,
    "40": 1912,
    "41": 2128,
    "42": 1640,
    "43": 2736,
    "44": 1600,
    "45": 2248,
    "46": 1752,
    "47": 2656,
    "48": 2200,
    "49": 2568,
    "5": 383056,
    "50": 1920,
    "51": 2260,
    "52": 1400,
    "53": 1552,
    "54": 1040,
    "55": 1312,
    "56": 840,
    "57": 1232,
    "58": 728,
    "59": 1064,
    "6": 30984,
    "60": 832,
    "61": 1008,
    "62": 848,
    "63": 1152,
    "64": 920,
    "65": 1040,
    "66": 632,
    "67": 776,
    "68": 696,
    "69": 840,
    "7": 494852,
    "70": 464,
    "71": 416,
    "72": 248,
    "73": 288,
    "74": 280,
    "75": 248,
    "76": 184,
    "77": 96,
    "78": 72,
    "79": 8,
    "8": 59304,
    "80": 24,
    "9": 332652
  },
  "initNext": 12751200,
  "lastTxn": 252,
  "processed": 2853420,
  "rawCount": 12751200,
  "signature": "KQNvKQ",
  "sizes": {
    "0": 44372,
    "1": 143280,
    "10": 58480,
    "11": 219912,
    "12": 23416,
    "13": 199164,
    "14": 14840,
    "15": 140064,
    "16": 10360,
    "17": 118608,
    "18": 7688,
    "19": 87712,
    "2": 28624,
    "20": 6336,
    "21": 61620,
    "22": 6104,
    "23": 32576,
    "24": 5624,
    "25": 9800,
    "26": 4688,
    "27": 6204,
    "28": 4392,
    "29": 5544,
    "3": 208496,
    "30": 3896,
    "31": 5248,
    "32": 3992,
    "33": 4752,
    "34": 3312,
    "35": 4136,
    "36": 2744,
    "37": 3592,
    "38": 2608,
    "39": 2688,
    "4": 21840,
    "40": 1912,
    "41": 2128,
    "42": 1640,
    "43": 2736,
    "44": 1600,
    "45": 2248,
    "46": 1752,
    "47": 2656,
    "48": 2200,
    "49": 2568,
    "5": 383056,
    "50": 1920,
    "51": 2260,
    "52": 1400,
    "53": 1552,
    "54": 1040,
    "55": 1312,
    "56": 840,
    "57": 1232,
    "58": 728,
    "59": 1064,
    "6": 30984,
    "60": 832,
    "61": 1008,
    "62": 848,
    "63": 1152,
    "64": 920,
    "65": 1040,
    "66": 632,
    "67": 776,
    "68": 696,
    "69": 840,
    "7": 494852,
    "70": 464,
    "71": 416,
    "72": 248,
    "73": 288,
    "74": 280,
    "75": 248,
    "76": 184,
    "77": 96,
    "78": 72,
    "79": 8,
    "8": 59304,
    "80": 24,
    "9": 332652
  },
  "stage": "done"
}