{
  "createdAt": 1782562512.5676024,
  "finishedAt": 1782562709.7287214,
  "heads": {
    "0": 22178,
    "1": 40704,
    "10": 49420,
    "11": 429936,
    "12": 116919,
    "13": 388316,
    "14": 155505,
    "15": 266743,
    "16": 131582,
    "17": 192787,
    "18": 130792,
    "19": 138859,
    "2": 6270,
    "20": 130537,
    "21": 93211,
    "22": 124749,
    "23": 56401,
    "24": 97228,
    "25": 30700,
    "26": 62436,
    "27": 16443,
    "28": 36345,
    "29": 8676,
    "3": 32698,
    "30": 19605,
    "31": 4404,
    "32": 9458,
    "33": 2436,
    "34": 4574,
    "35": 1386,
    "36": 2108,
    "37": 724,
    "38": 770,
    "39": 568,
    "4": 6004,
    "40": 410,
    "41": 346,
    "42": 250,
    "43": 258,
    "44": 182,
    "45": 252,
    "46": 240,
    "47": 304,
    "48": 166,
    "49": 370,
    "5": 63440,
    "50": 62,
    "51": 280,
    "52": 42,
    "53": 134,
    "54": 20,
    "55": 122,
    "56": 8,
    "57": 124,
    "58": 6,
    "59": 120,
    "6": 9746,
    "60": 30,
    "61": 112,
    "62": 34,
    "63": 138,
    "64": 90,
    "65": 82,
    "66": 28,
    "67": 128,
    "69": 90,
    "7": 124058,
    "70": 2,
    "71": 50,
    "73": 14,
    "75": 8,
    "77": 20,
    "79": 10,
    "8": 19149,
    "9": 271013
  },
  "initNext": 12751200,
  "lastTxn": 253,
  "processed": 3303410,
  "rawCount": 12751200,
  "signature": "KQvKNP",
  "sizes": {
    "0": 22178,
    "1": 40704,
    "10": 49420,
    "11": 429936,
    "12": 116919,
    "13": 388316,
    "14": 155505,
    "15": 266743,
    "16": 131582,
    "17": 192787,
    "18": 130792,
    "19": 138859,
    "2": 6270,
    "20": 130537,
    "21": 93211,
    "22": 124749,
    "23": 56401,
    "24": 97228,
    "25": 30700,
    "26": 62436,
    "27": 16443,
    "28": 36345,
    "29": 8676,
    "3": 32698,
    "30": 19605,
    "31": 4404,
    "32": 9458,
    "33": 2436,
    "34": 4574,
    "35": 1386,
    "36": 2108,
    "37": 724,
    "38": 770,
    "39": 568,
    "4": 6004,
    "40": 410,
    "41": 346,
    "42": 250,
    "43": 258,
    "44": 182,
    "45": 252,
    "46": 240,
    "47": 304,
    "48": 166,
    "49": 370,
    "5": 63440,
    "50": 62,
    "51": 280,
    "52": 42,
    "53": 134,
    "54": 20,
    "55": 122,
    "56": 8,
    "57": 124,
    "58": 6,
    "59": 120,
    "6": 9746,
    "60": 30,
    "61": 112,
    "62": 34,
    "63": 138,
    "64": 90,
    "65": 82,
    "66": 28,
    "67": 128,
    "69": 90,
    "7": 124058,
    "70": 2,
    "71": 50,
    "73": 14,
    "75": 8,
    "77": 20,
    "79": 10,
    "8": 19149,
    "9": 271013
  },
  "stage": "done"
}