{
  "createdAt": 1782558561.6966302,
  "finishedAt": 1782558818.227335,
  "heads": {
    "0": 23992,
    "1": 54064,
    "10": 138724,
    "11": 528120,
    "12": 254704,
    "13": 463144,
    "14": 334052,
    "15": 345536,
    "16": 377984,
    "17": 258964,
    "18": 386624,
    "19": 166596,
    "2": 8872,
    "20": 318252,
    "21": 87324,
    "22": 207992,
    "23": 44112,
    "24": 122920,
    "25": 19220,
    "26": 65972,
    "27": 7160,
    "28": 35696,
    "29": 3912,
    "3": 64416,
    "30": 21160,
    "31": 2112,
    "32": 14896,
    "33": 1568,
    "34": 16120,
    "35": 2792,
    "36": 22876,
    "37": 3008,
    "38": 34276,
    "39": 4592,
    "4": 9232,
    "40": 37520,
    "41": 4024,
    "42": 37728,
    "43": 3180,
    "44": 26832,
    "45": 2096,
    "46": 18560,
    "47": 1360,
    "48": 14680,
    "49": 1288,
    "5": 134976,
    "50": 10884,
    "51": 636,
    "52": 10096,
    "53": 800,
    "54": 8744,
    "55": 888,
    "56": 7492,
    "57": 504,
    "58": 4496,
    "59": 248,
    "6": 26944,
    "60": 1856,
    "61": 72,
    "62": 480,
    "63": 8,
    "64": 32,
    "7": 221300,
    "8": 60812,
    "9": 404944
  },
  "initNext": 12751200,
  "lastTxn": 284,
  "processed": 5494464,
  "rawCount": 12751200,
  "signature": "KRNvKB",
  "sizes": {
    "0": 23992,
    "1": 54064,
    "10": 138724,
    "11": 528120,
    "12": 254704,
    "13": 463144,
    "14": 334052,
    "15": 345536,
    "16": 377984,
    "17": 258964,
    "18": 386624,
    "19": 166596,
    "2": 8872,
    "20": 318252,
    "21": 87324,
    "22": 207992,
    "23": 44112,
    "24": 122920,
    "25": 19220,
    "26": 65972,
    "27": 7160,
    "28": 35696,
    "29": 3912,
    "3": 64416,
    "30": 21160,
    "31": 2112,
    "32": 14896,
    "33": 1568,
    "34": 16120,
    "35": 2792,
    "36": 22876,
    "37": 3008,
    "38": 34276,
    "39": 4592,
    "4": 9232,
    "40": 37520,
    "41": 4024,
    "42": 37728,
    "43": 3180,
    "44": 26832,
    "45": 2096,
    "46": 18560,
    "47": 1360,
    "48": 14680,
    "49": 1288,
    "5": 134976,
    "50": 10884,
    "51": 636,
    "52": 10096,
    "53": 800,
    "54": 8744,
    "55": 888,
    "56": 7492,
    "57": 504,
    "58": 4496,
    "59": 248,
    "6": 26944,
    "60": 1856,
    "61": 72,
    "62": 480,
    "63": 8,
    "64": 32,
    "7": 221300,
    "8": 60812,
    "9": 404944
  },
  "stage": "done"
}