{"type":"FeatureCollection","features":[{"type":"Feature","geometry":{"type":"Point","coordinates":[110.9241263,21.6453937]},"properties":{"key":"node:1641859651","osmType":"node","osmId":1641859651,"sourceRegion":"guangdong","featureType":"station","railClass":"minor","mode":"station","name":"茂名","nameEn":"Maoming","operator":"中国铁路广州局集团有限公司","status":"operational","color":"#52636F","dataOrigin":"datum-2026-08-01","sourceKey":"node:1641859651","stationGroup":"茂名","hasOperationalRail":true,"hasConstructionRail":false}},{"type":"Feature","geometry":{"type":"Point","coordinates":[110.843789,21.683759]},"properties":{"key":"node:1641859659","osmType":"node","osmId":1641859659,"sourceRegion":"guangdong","featureType":"station","railClass":"minor","mode":"station","name":"茂名西","nameEn":"Maomingxi","usage":"main","status":"operational","color":"#52636F","dataOrigin":"datum-2026-08-01","sourceKey":"node:1641859659","stationGroup":"茂名西","hasOperationalRail":true,"hasConstructionRail":false}},{"type":"Feature","geometry":{"type":"Point","coordinates":[110.7652507,21.5119087]},"properties":{"key":"node:8513056250","osmType":"node","osmId":8513056250,"sourceRegion":"guangdong","featureType":"station","railClass":"minor","mode":"station","name":"吴川","nameEn":"Wuchuan","status":"operational","color":"#52636F","dataOrigin":"datum-2026-08-01","sourceKey":"node:8513056250","stationGroup":"吴川","hasOperationalRail":true,"hasConstructionRail":false}},{"type":"Feature","geometry":{"type":"Point","coordinates":[110.9800266,21.6015204]},"properties":{"key":"node:10316979437","osmType":"node","osmId":10316979437,"sourceRegion":"guangdong","featureType":"station","railClass":"minor","mode":"station","name":"茂名南","nameEn":"Maomingnan","status":"operational","color":"#52636F","dataOrigin":"datum-2026-08-01","sourceKey":"node:10316979437","stationGroup":"茂名南","hasOperationalRail":true,"hasConstructionRail":false}},{"type":"Feature","geometry":{"type":"Point","coordinates":[110.8546915,21.7200339]},"properties":{"key":"node:12218208493","osmType":"node","osmId":12218208493,"sourceRegion":"guangdong","featureType":"station","railClass":"minor","mode":"station","name":"上垌","status":"operational","color":"#52636F","dataOrigin":"datum-2026-08-01","sourceKey":"node:12218208493","stationGroup":"上垌","hasOperationalRail":true,"hasConstructionRail":false}},{"type":"Feature","geometry":{"type":"Point","coordinates":[110.849154,21.7363446]},"properties":{"key":"node:12218213929","osmType":"node","osmId":12218213929,"sourceRegion":"guangdong","featureType":"station","railClass":"minor","mode":"station","name":"谭屋","status":"operational","color":"#52636F","dataOrigin":"datum-2026-08-01","sourceKey":"node:12218213929","stationGroup":"谭屋","hasOperationalRail":true,"hasConstructionRail":false}},{"type":"Feature","geometry":{"type":"LineString","coordinates":[[110.75,21.6730533792808],[110.752705,21.6735924],[110.7557128,21.6741344],[110.7622412,21.6753981],[110.764045,21.67568],[110.768874,21.676136],[110.771079,21.676408],[110.7810016,21.6780896],[110.7874283,21.6792192],[110.8015418,21.6816285],[110.804173,21.682125],[110.8077595,21.6826937],[110.8150798,21.6839479],[110.8209062,21.6849589]]},"properties":{"key":"way:48997557@detail:443_86","osmType":"way","osmId":48997557,"sourceRegion":"guangdong","featureType":"infrastructure","railClass":"national","mode":"rail","name":"河茂线","nameEn":"Hemao Line","ref":"0753","operator":"中国铁路南宁局集团有限公司","usage":"branch","status":"operational","color":"#E54848","dataOrigin":"datum-2026-08-01","sourceKey":"way:48997557"}},{"type":"Feature","geometry":{"type":"LineString","coordinates":[[110.8936663,21.6532964],[110.8942085,21.6533359],[110.8949122,21.6533626]]},"properties":{"key":"way:151362683@detail:443_86","osmType":"way","osmId":151362683,"sourceRegion":"guangdong","featureType":"infrastructure","railClass":"national","mode":"rail","name":"广茂线","nameEn":"Guangmao Line","ref":"0708","usage":"main","bridge":"yes","status":"operational","color":"#E54848","dataOrigin":"datum-2026-08-01","sourceKey":"way:151362683"}},{"type":"Feature","geometry":{"type":"LineString","coordinates":[[110.8438779,21.6840034],[110.847603,21.6830065],[110.849159,21.682751],[110.8496632,21.6826601],[110.8499788,21.682594],[110.8505099,21.6824668],[110.851851,21.6820942],[110.8525832,21.6818712],[110.8529067,21.6817556],[110.8560178,21.6806075],[110.8595973,21.6792781],[110.860136,21.679078],[110.861206,21.678595],[110.862273,21.677958],[110.862768,21.677583],[110.863236,21.677153],[110.863873,21.67642],[110.864328,21.675723],[110.864658,21.675106]]},"properties":{"key":"way:151362685@detail:443_86","osmType":"way","osmId":151362685,"sourceRegion":"guangdong","featureType":"infrastructure","railClass":"national","mode":"rail","name":"广茂线","nameEn":"Guangmao Line","ref":"0708","operator":"中国铁路广州局集团有限公司","usage":"main","status":"operational","color":"#E54848","dataOrigin":"datum-2026-08-01","sourceKey":"way:151362685"}},{"type":"Feature","geometry":{"type":"LineString","coordinates":[[110.9524452,21.6432128],[110.9524667,21.6432204],[110.9528893,21.6433681],[110.9533917,21.643507],[110.9539305,21.6436283],[110.9542758,21.6436806],[110.9546728,21.6437113],[110.9553807,21.6437555],[110.9566066,21.6437839],[110.9591803,21.6437865],[110.9600461,21.6437886],[110.965336,21.6438417],[110.9663052,21.6438968],[110.9666601,21.6439288],[110.9670485,21.6439996],[110.967843,21.6441626],[110.971041,21.6449673],[110.9721463,21.6452862],[110.9728454,21.6455081],[110.9734788,21.6457787],[110.9741275,21.6461538],[110.9746471,21.6465119],[110.97505,21.6468485],[110.9755438,21.6472722],[110.9758785,21.647605],[110.9804275,21.6519567],[110.9809305,21.6523912],[110.9814336,21.6527806],[110.9842501,21.6547484],[110.9854536,21.6555796],[110.9858255,21.6558386]]},"properties":{"key":"way:151362694@detail:443_86","osmType":"way","osmId":151362694,"sourceRegion":"guangdong","featureType":"infrastructure","railClass":"national","mode":"rail","name":"广茂疏解线","ref":"1721","operator":"中国铁路广州局集团有限公司","usage":"main","status":"operational","color":"#E54848","dataOrigin":"datum-2026-08-01","sourceKey":"way:151362694"}},{"type":"Feature","geometry":{"type":"LineString","coordinates":[[110.8295933,21.6027176],[110.8363223,21.6141257],[110.8373093,21.6156817],[110.8390474,21.6182151],[110.8414721,21.6215365],[110.8428776,21.6235612],[110.843929,21.6251969],[110.8450556,21.6271118],[110.8467162,21.6300533]]},"properties":{"key":"way:240520788@detail:443_86","osmType":"way","osmId":240520788,"sourceRegion":"guangdong","featureType":"infrastructure","railClass":"highspeed","mode":"rail","name":"深湛线","nameEn":"Shenzhen-Zhanjiang Railway","ref":"3071","operator":"中国铁路广州局集团有限公司","usage":"main","highspeed":"yes","bridge":"yes","status":"operational","color":"#E54848","dataOrigin":"datum-2026-08-01","sourceKey":"way:240520788"}},{"type":"Feature","geometry":{"type":"LineString","coordinates":[[110.8661785,21.6664831],[110.8664462,21.665035],[110.8668485,21.6636702],[110.8673282,21.6626321],[110.8674437,21.6624587],[110.8675436,21.6623345],[110.8677395,21.6621434]]},"properties":{"key":"way:387184382@detail:443_86","osmType":"way","osmId":387184382,"sourceRegion":"guangdong","featureType":"infrastructure","railClass":"minor","mode":"rail","name":"乙烯工业专线铁路","usage":"industrial","service":"spur","status":"operational","color":"#52636F","dataOrigin":"datum-2026-08-01","sourceKey":"way:387184382"}},{"type":"Feature","geometry":{"type":"LineString","coordinates":[[110.8598206,21.6446981],[110.8619136,21.6460679],[110.8638883,21.6472281],[110.8670449,21.6488667],[110.8694401,21.6498708],[110.8795245,21.6532955],[110.8820069,21.6540462],[110.8844808,21.6546039],[110.8868768,21.6548967],[110.8881522,21.6550144],[110.8897881,21.6550559],[110.892052,21.6549528],[110.8940324,21.65472],[110.8956749,21.6543943],[110.8966613,21.6541687]]},"properties":{"key":"way:495353580@detail:443_86","osmType":"way","osmId":495353580,"sourceRegion":"guangdong","featureType":"infrastructure","railClass":"highspeed","mode":"rail","name":"深湛线","nameEn":"Shenzhen-Zhanjiang Railway","ref":"3071","operator":"中国铁路广州局集团有限公司","usage":"main","highspeed":"yes","bridge":"yes","status":"operational","color":"#E54848","dataOrigin":"datum-2026-08-01","sourceKey":"way:495353580"}},{"type":"Feature","geometry":{"type":"LineString","coordinates":[[110.8536636,21.6394942],[110.8579302,21.6433478],[110.8598206,21.6446981]]},"properties":{"key":"way:495353588@detail:443_86","osmType":"way","osmId":495353588,"sourceRegion":"guangdong","featureType":"infrastructure","railClass":"highspeed","mode":"rail","name":"深湛线","nameEn":"Shenzhen-Zhanjiang Railway","ref":"3071","operator":"中国铁路广州局集团有限公司","usage":"main","highspeed":"yes","status":"operational","color":"#E54848","dataOrigin":"datum-2026-08-01","sourceKey":"way:495353588"}},{"type":"Feature","geometry":{"type":"LineString","coordinates":[[110.8966613,21.6541687],[110.8980772,21.6537653],[110.8991799,21.6534088],[110.9000738,21.6530836],[110.9007419,21.6528312]]},"properties":{"key":"way:495353591@detail:443_86","osmType":"way","osmId":495353591,"sourceRegion":"guangdong","featureType":"infrastructure","railClass":"highspeed","mode":"rail","name":"深湛线","nameEn":"Shenzhen-Zhanjiang Railway","ref":"3071","operator":"中国铁路广州局集团有限公司","usage":"main","highspeed":"yes","status":"operational","color":"#E54848","dataOrigin":"datum-2026-08-01","sourceKey":"way:495353591"}},{"type":"Feature","geometry":{"type":"LineString","coordinates":[[110.8209062,21.6849589],[110.8210356,21.6849809]]},"properties":{"key":"way:513179568@detail:443_86","osmType":"way","osmId":513179568,"sourceRegion":"guangdong","featureType":"infrastructure","railClass":"national","mode":"rail","name":"河茂线","nameEn":"Hemao Line","ref":"0753","operator":"中国铁路南宁局集团有限公司","usage":"branch","bridge":"yes","status":"operational","color":"#E54848","dataOrigin":"datum-2026-08-01","sourceKey":"way:513179568"}},{"type":"Feature","geometry":{"type":"LineString","coordinates":[[110.8210356,21.6849809],[110.8211633,21.6850085],[110.821621,21.68508],[110.822674,21.685288],[110.824413,21.685725],[110.8287861,21.6870061]]},"properties":{"key":"way:513179569@detail:443_86","osmType":"way","osmId":513179569,"sourceRegion":"guangdong","featureType":"infrastructure","railClass":"national","mode":"rail","name":"河茂线","nameEn":"Hemao Line","ref":"0753","operator":"中国铁路南宁局集团有限公司","usage":"branch","status":"operational","color":"#E54848","dataOrigin":"datum-2026-08-01","sourceKey":"way:513179569"}},{"type":"Feature","geometry":{"type":"LineString","coordinates":[[110.8287861,21.6870061],[110.8295311,21.6872243]]},"properties":{"key":"way:513179570@detail:443_86","osmType":"way","osmId":513179570,"sourceRegion":"guangdong","featureType":"infrastructure","railClass":"national","mode":"rail","name":"河茂线","nameEn":"Hemao Line","ref":"0753","operator":"中国铁路南宁局集团有限公司","usage":"branch","bridge":"yes","status":"operational","color":"#E54848","dataOrigin":"datum-2026-08-01","sourceKey":"way:513179570"}},{"type":"Feature","geometry":{"type":"LineString","coordinates":[[110.8359909,21.6865925],[110.8361064,21.6865581],[110.8377331,21.6859699],[110.8385989,21.6856551],[110.8389053,21.6855437],[110.839199,21.685418],[110.839704,21.6852019],[110.8438779,21.6840034]]},"properties":{"key":"way:513179571@detail:443_86","osmType":"way","osmId":513179571,"sourceRegion":"guangdong","featureType":"infrastructure","railClass":"national","mode":"rail","name":"河茂线","nameEn":"Hemao Line","ref":"0753","operator":"中国铁路南宁局集团有限公司","usage":"branch","status":"operational","color":"#E54848","dataOrigin":"datum-2026-08-01","sourceKey":"way:513179571"}},{"type":"Feature","geometry":{"type":"LineString","coordinates":[[111.0,21.705313087501732],[110.9999757,21.705344],[110.999529,21.7059422]]},"properties":{"key":"way:513179574@detail:443_86","osmType":"way","osmId":513179574,"sourceRegion":"guangdong","featureType":"infrastructure","railClass":"national","mode":"rail","name":"益湛线","ref":"0072","operator":"中国铁路广州局集团有限公司","usage":"main","bridge":"yes","status":"operational","color":"#E54848","dataOrigin":"datum-2026-08-01","sourceKey":"way:513179574"}},{"type":"Feature","geometry":{"type":"LineString","coordinates":[[110.9933794,21.7178929],[110.9905205,21.7233933],[110.9897318,21.7246829],[110.9886748,21.7258878],[110.9874603,21.7270275],[110.9852707,21.7287962]]},"properties":{"key":"way:513179575@detail:443_86","osmType":"way","osmId":513179575,"sourceRegion":"guangdong","featureType":"infrastructure","railClass":"national","mode":"rail","name":"益湛线","ref":"0072","operator":"中国铁路广州局集团有限公司","usage":"main","status":"operational","color":"#E54848","dataOrigin":"datum-2026-08-01","sourceKey":"way:513179575"}},{"type":"Feature","geometry":{"type":"LineString","coordinates":[[110.9852707,21.7287962],[110.9836721,21.7300769],[110.9818321,21.7315668],[110.9804964,21.7325186],[110.9792787,21.7332511],[110.9779,21.7339288],[110.9758991,21.7346663],[110.9710233,21.7363285]]},"properties":{"key":"way:513179576@detail:443_86","osmType":"way","osmId":513179576,"sourceRegion":"guangdong","featureType":"infrastructure","railClass":"national","mode":"rail","name":"益湛线","ref":"0072","operator":"中国铁路广州局集团有限公司","usage":"main","bridge":"yes","status":"operational","color":"#E54848","dataOrigin":"datum-2026-08-01","sourceKey":"way:513179576"}},{"type":"Feature","geometry":{"type":"LineString","coordinates":[[110.9710233,21.7363285],[110.9692932,21.7369746],[110.9655914,21.7382516],[110.9633571,21.7390414],[110.962413,21.7394375],[110.9614286,21.7399732],[110.9602055,21.740748],[110.9573302,21.7428221],[110.9501251,21.7478614],[110.94702826438632,21.75]]},"properties":{"key":"way:513179577@detail:443_86","osmType":"way","osmId":513179577,"sourceRegion":"guangdong","featureType":"infrastructure","railClass":"national","mode":"rail","name":"益湛线","ref":"0072","operator":"中国铁路广州局集团有限公司","usage":"main","status":"operational","color":"#E54848","dataOrigin":"datum-2026-08-01","sourceKey":"way:513179577"}},{"type":"Feature","geometry":{"type":"LineString","coordinates":[[110.8467162,21.6300533],[110.8491003,21.6340034],[110.8503127,21.6356689],[110.8515036,21.6371548],[110.8536636,21.6394942]]},"properties":{"key":"way:513279122@detail:443_86","osmType":"way","osmId":513279122,"sourceRegion":"guangdong","featureType":"infrastructure","railClass":"highspeed","mode":"rail","name":"深湛线","nameEn":"Shenzhen-Zhanjiang Railway","ref":"3071","operator":"中国铁路广州局集团有限公司","usage":"main","highspeed":"yes","status":"operational","color":"#E54848","dataOrigin":"datum-2026-08-01","sourceKey":"way:513279122"}},{"type":"Feature","geometry":{"type":"LineString","coordinates":[[110.8123971,21.5834192],[110.8185434,21.5886016],[110.8205402,21.5903995],[110.8222894,21.5921977],[110.8239206,21.5941006],[110.8254326,21.5960957],[110.8264753,21.5976123],[110.8295933,21.6027176]]},"properties":{"key":"way:513279123@detail:443_86","osmType":"way","osmId":513279123,"sourceRegion":"guangdong","featureType":"infrastructure","railClass":"highspeed","mode":"rail","name":"深湛线","nameEn":"Shenzhen-Zhanjiang Railway","ref":"3071","operator":"中国铁路广州局集团有限公司","usage":"main","highspeed":"yes","status":"operational","color":"#E54848","dataOrigin":"datum-2026-08-01","sourceKey":"way:513279123"}},{"type":"Feature","geometry":{"type":"LineString","coordinates":[[110.8102194,21.5815803],[110.8111311,21.5823685],[110.8123971,21.5834192]]},"properties":{"key":"way:513279124@detail:443_86","osmType":"way","osmId":513279124,"sourceRegion":"guangdong","featureType":"infrastructure","railClass":"highspeed","mode":"rail","name":"深湛线","nameEn":"Shenzhen-Zhanjiang Railway","ref":"3071","operator":"中国铁路广州局集团有限公司","usage":"main","highspeed":"yes","bridge":"yes","status":"operational","color":"#E54848","dataOrigin":"datum-2026-08-01","sourceKey":"way:513279124"}},{"type":"Feature","geometry":{"type":"LineString","coordinates":[[110.8019599,21.5714665],[110.8030848,21.5732809],[110.8043611,21.5751801],[110.8074188,21.5789515],[110.8102194,21.5815803]]},"properties":{"key":"way:513279125@detail:443_86","osmType":"way","osmId":513279125,"sourceRegion":"guangdong","featureType":"infrastructure","railClass":"highspeed","mode":"rail","name":"深湛线","nameEn":"Shenzhen-Zhanjiang Railway","ref":"3071","operator":"中国铁路广州局集团有限公司","usage":"main","highspeed":"yes","status":"operational","color":"#E54848","dataOrigin":"datum-2026-08-01","sourceKey":"way:513279125"}},{"type":"Feature","geometry":{"type":"LineString","coordinates":[[110.799731,21.5677047],[110.8019599,21.5714665]]},"properties":{"key":"way:513279126@detail:443_86","osmType":"way","osmId":513279126,"sourceRegion":"guangdong","featureType":"infrastructure","railClass":"highspeed","mode":"rail","name":"深湛线","nameEn":"Shenzhen-Zhanjiang Railway","ref":"3071","operator":"中国铁路广州局集团有限公司","usage":"main","highspeed":"yes","bridge":"yes","status":"operational","color":"#E54848","dataOrigin":"datum-2026-08-01","sourceKey":"way:513279126"}},{"type":"Feature","geometry":{"type":"LineString","coordinates":[[110.7756116,21.5229026],[110.7783222,21.5255754],[110.7819915,21.5299168],[110.7840085,21.5329209],[110.7866907,21.53832],[110.787893,21.5415534],[110.7898664,21.5485388],[110.7919073,21.5538909],[110.7926137,21.5553124],[110.7932171,21.556365],[110.7984495,21.5655419],[110.7987519,21.5660522],[110.799731,21.5677047]]},"properties":{"key":"way:513279127@detail:443_86","osmType":"way","osmId":513279127,"sourceRegion":"guangdong","featureType":"infrastructure","railClass":"highspeed","mode":"rail","name":"深湛线","nameEn":"Shenzhen-Zhanjiang Railway","ref":"3071","operator":"中国铁路广州局集团有限公司","usage":"main","highspeed":"yes","status":"operational","color":"#E54848","dataOrigin":"datum-2026-08-01","sourceKey":"way:513279127"}},{"type":"Feature","geometry":{"type":"LineString","coordinates":[[110.774408,21.5217158],[110.7756116,21.5229026]]},"properties":{"key":"way:513279128@detail:443_86","osmType":"way","osmId":513279128,"sourceRegion":"guangdong","featureType":"infrastructure","railClass":"highspeed","mode":"rail","name":"深湛线","nameEn":"Shenzhen-Zhanjiang Railway","ref":"3071","operator":"中国铁路广州局集团有限公司","usage":"main","highspeed":"yes","bridge":"yes","status":"operational","color":"#E54848","dataOrigin":"datum-2026-08-01","sourceKey":"way:513279128"}},{"type":"Feature","geometry":{"type":"LineString","coordinates":[[110.75111746793365,21.5],[110.7526481,21.5012308],[110.7549094,21.5032153],[110.7569564,21.50514],[110.7588854,21.5069735],[110.7600175,21.5080337],[110.7606932,21.5086985],[110.7615407,21.5095252],[110.7618357,21.5098129],[110.7671101,21.51479],[110.7682399,21.5158621],[110.7686468,21.5162452],[110.7688637,21.5164494],[110.7694257,21.5169844],[110.7706491,21.518149],[110.772286,21.5197142],[110.774408,21.5217158]]},"properties":{"key":"way:513279129@detail:443_86","osmType":"way","osmId":513279129,"sourceRegion":"guangdong","featureType":"infrastructure","railClass":"highspeed","mode":"rail","name":"深湛线","nameEn":"Shenzhen-Zhanjiang Railway","ref":"3071","operator":"中国铁路广州局集团有限公司","usage":"main","highspeed":"yes","status":"operational","color":"#E54848","dataOrigin":"datum-2026-08-01","sourceKey":"way:513279129"}},{"type":"Feature","geometry":{"type":"LineString","coordinates":[[110.9114789,21.6457201],[110.9112028,21.6452205],[110.9107714,21.6443833],[110.9106373,21.6439119],[110.9105936,21.6434134],[110.9106038,21.6432435],[110.9106052,21.643221],[110.9106898,21.6427523],[110.9108064,21.6424082]]},"properties":{"key":"way:517921321@detail:443_86","osmType":"way","osmId":517921321,"sourceRegion":"guangdong","featureType":"infrastructure","railClass":"minor","mode":"abandoned","name":"未命名","service":"spur","status":"operational","color":"#52636F","dataOrigin":"datum-2026-08-01","sourceKey":"way:517921321"}},{"type":"Feature","geometry":{"type":"LineString","coordinates":[[110.9184233,21.6457185],[110.9198553,21.6450108],[110.9203078,21.6447728],[110.9206662,21.6445283]]},"properties":{"key":"way:522006680@detail:443_86","osmType":"way","osmId":522006680,"sourceRegion":"guangdong","featureType":"infrastructure","railClass":"minor","mode":"rail","name":"未命名","usage":"main","service":"yard","status":"operational","color":"#52636F","dataOrigin":"datum-2026-08-01","sourceKey":"way:522006680"}},{"type":"Feature","geometry":{"type":"LineString","coordinates":[[110.9191335,21.6453086],[110.9196394,21.6449818],[110.9198456,21.6448486],[110.9201373,21.6446623],[110.921634,21.6439012]]},"properties":{"key":"way:522006682@detail:443_86","osmType":"way","osmId":522006682,"sourceRegion":"guangdong","featureType":"infrastructure","railClass":"minor","mode":"rail","name":"未命名","usage":"main","service":"yard","status":"operational","color":"#52636F","dataOrigin":"datum-2026-08-01","sourceKey":"way:522006682"}},{"type":"Feature","geometry":{"type":"LineString","coordinates":[[110.9173541,21.64633],[110.9177823,21.6461613],[110.9185857,21.6458646],[110.9193487,21.6455729],[110.9212263,21.6448699],[110.9218995,21.644628]]},"properties":{"key":"way:522006684@detail:443_86","osmType":"way","osmId":522006684,"sourceRegion":"guangdong","featureType":"infrastructure","railClass":"minor","mode":"rail","name":"未命名","usage":"main","service":"yard","status":"operational","color":"#52636F","dataOrigin":"datum-2026-08-01","sourceKey":"way:522006684"}},{"type":"Feature","geometry":{"type":"LineString","coordinates":[[110.9211773,21.6460474],[110.9219288,21.6459681],[110.9222921,21.6459204],[110.9226545,21.6458579],[110.9251412,21.6453889],[110.9266318,21.6450961],[110.9272546,21.6449736],[110.9278876,21.6448233],[110.9281512,21.6447456],[110.9288743,21.6445244]]},"properties":{"key":"way:522006686@detail:443_86","osmType":"way","osmId":522006686,"sourceRegion":"guangdong","featureType":"infrastructure","railClass":"minor","mode":"rail","name":"未命名","usage":"main","service":"yard","status":"operational","color":"#52636F","dataOrigin":"datum-2026-08-01","sourceKey":"way:522006686"}},{"type":"Feature","geometry":{"type":"LineString","coordinates":[[110.9175912,21.6466718],[110.91802,21.6465755],[110.9181156,21.646554],[110.9189547,21.6463657],[110.9191634,21.6463202],[110.9198416,21.6461664],[110.922613,21.6455681],[110.9233516,21.6454156],[110.9260324,21.6449042],[110.9266032,21.6447904]]},"properties":{"key":"way:522006690@detail:443_86","osmType":"way","osmId":522006690,"sourceRegion":"guangdong","featureType":"infrastructure","railClass":"highspeed","mode":"rail","name":"深湛线","nameEn":"Shenzhen-Zhanjiang Railway","ref":"3071","operator":"中国铁路广州局集团有限公司","usage":"main","highspeed":"yes","status":"operational","color":"#E54848","dataOrigin":"datum-2026-08-01","sourceKey":"way:522006690"}},{"type":"Feature","geometry":{"type":"LineString","coordinates":[[110.9218717,21.6445616],[110.9177839,21.6461075],[110.9173541,21.64633],[110.9167131,21.6466237],[110.9164642,21.6467312],[110.9162675,21.6467983],[110.9160554,21.6468642]]},"properties":{"key":"way:522006692@detail:443_86","osmType":"way","osmId":522006692,"sourceRegion":"guangdong","featureType":"infrastructure","railClass":"minor","mode":"rail","name":"未命名","usage":"main","service":"yard","status":"operational","color":"#52636F","dataOrigin":"datum-2026-08-01","sourceKey":"way:522006692"}},{"type":"Feature","geometry":{"type":"LineString","coordinates":[[110.8388355,21.6860945],[110.8391742,21.6860902],[110.8395041,21.6860727],[110.8396409,21.6860547],[110.8397904,21.6860216],[110.8399963,21.6859612],[110.8408666,21.6857144],[110.8416934,21.6854789],[110.8435093,21.6849792],[110.8451441,21.6845268],[110.8459555,21.6842938],[110.8463109,21.6841754],[110.8468312,21.6839536],[110.8470753,21.6838314],[110.8473019,21.6837101],[110.8475058,21.6836009],[110.8478706,21.6834239],[110.848124,21.6833305],[110.8484982,21.6831996],[110.8487892,21.6831211],[110.849275,21.6829961]]},"properties":{"key":"way:522231111@detail:443_86","osmType":"way","osmId":522231111,"sourceRegion":"guangdong","featureType":"infrastructure","railClass":"minor","mode":"rail","name":"未命名","service":"yard","status":"operational","color":"#52636F","dataOrigin":"datum-2026-08-01","sourceKey":"way:522231111"}},{"type":"Feature","geometry":{"type":"LineString","coordinates":[[110.8362898,21.6866091],[110.8375561,21.6862777],[110.8381824,21.6861294],[110.8384252,21.6860871],[110.8385928,21.6860821],[110.8388355,21.6860945]]},"properties":{"key":"way:522231112@detail:443_86","osmType":"way","osmId":522231112,"sourceRegion":"guangdong","featureType":"infrastructure","railClass":"national","mode":"rail","name":"未命名","status":"operational","color":"#E54848","dataOrigin":"datum-2026-08-01","sourceKey":"way:522231112"}},{"type":"Feature","geometry":{"type":"LineString","coordinates":[[110.8388355,21.6860945],[110.8391373,21.686107],[110.8394203,21.686117],[110.839553,21.6861107],[110.839777,21.6860684],[110.8400948,21.6859836],[110.8418302,21.6854926],[110.8431981,21.6851175],[110.8443448,21.6847972],[110.8462411,21.6842626],[110.8465321,21.6841555],[110.8467829,21.6840308],[110.8469553,21.6839406]]},"properties":{"key":"way:522231113@detail:443_86","osmType":"way","osmId":522231113,"sourceRegion":"guangdong","featureType":"infrastructure","railClass":"minor","mode":"rail","name":"未命名","service":"yard","status":"operational","color":"#52636F","dataOrigin":"datum-2026-08-01","sourceKey":"way:522231113"}},{"type":"Feature","geometry":{"type":"LineString","coordinates":[[110.8388355,21.6860945],[110.8391829,21.6861481],[110.8394296,21.6861643],[110.8396,21.6861543],[110.8398534,21.6861095],[110.8403899,21.6859637],[110.8417135,21.6855948],[110.8428025,21.6852932],[110.8446117,21.684786],[110.8451401,21.6846352],[110.8462411,21.6843187],[110.8464691,21.6842365],[110.8466206,21.6841604],[110.8469452,21.6839473],[110.8469553,21.6839406],[110.8473019,21.6837101]]},"properties":{"key":"way:522231114@detail:443_86","osmType":"way","osmId":522231114,"sourceRegion":"guangdong","featureType":"infrastructure","railClass":"minor","mode":"rail","name":"未命名","service":"yard","status":"operational","color":"#52636F","dataOrigin":"datum-2026-08-01","sourceKey":"way:522231114"}},{"type":"Feature","geometry":{"type":"LineString","coordinates":[[110.8365074,21.6865868],[110.8369862,21.6864659],[110.837371,21.6864023],[110.8377345,21.6863861],[110.8379772,21.6863911],[110.8381341,21.6864048],[110.8382682,21.686426],[110.8384413,21.6864734],[110.8386102,21.6865319],[110.8386987,21.6865768],[110.8388275,21.6866478],[110.8392379,21.6869556]]},"properties":{"key":"way:522231116@detail:443_86","osmType":"way","osmId":522231116,"sourceRegion":"guangdong","featureType":"infrastructure","railClass":"minor","mode":"rail","name":"未命名","service":"yard","status":"operational","color":"#52636F","dataOrigin":"datum-2026-08-01","sourceKey":"way:522231116"}},{"type":"Feature","geometry":{"type":"LineString","coordinates":[[110.8360808,21.6867081],[110.8361654,21.6866827],[110.8365074,21.6865868],[110.8370425,21.6864883],[110.8372557,21.6864821],[110.8374274,21.6864833],[110.8375883,21.6864995],[110.8377452,21.6865319],[110.8379477,21.6865955],[110.8380657,21.6866416],[110.8382696,21.6867401],[110.838393,21.6868198],[110.8387658,21.6871014]]},"properties":{"key":"way:522231118@detail:443_86","osmType":"way","osmId":522231118,"sourceRegion":"guangdong","featureType":"infrastructure","railClass":"minor","mode":"rail","name":"未命名","service":"yard","status":"operational","color":"#52636F","dataOrigin":"datum-2026-08-01","sourceKey":"way:522231118"}},{"type":"Feature","geometry":{"type":"LineString","coordinates":[[110.8498366,21.6827573],[110.8511549,21.682407],[110.8524753,21.6820581],[110.8527696,21.6819472],[110.8538961,21.6816369],[110.8545224,21.6814636],[110.8556034,21.6811658],[110.8565569,21.6809016],[110.8579154,21.680524],[110.8591895,21.6801638],[110.8610161,21.6796479],[110.8618897,21.6793771],[110.8624819,21.6792453],[110.8638163,21.6788528],[110.8655061,21.6783804],[110.8664838,21.6781088],[110.8671691,21.6779168],[110.8676521,21.6777505],[110.8678523,21.677679],[110.8680669,21.6775429],[110.8682929,21.6773934],[110.8684833,21.677189],[110.8687837,21.6768226],[110.8696179,21.675762],[110.8701651,21.6750118],[110.8703515,21.6746678],[110.8704494,21.6744547],[110.870495,21.6742815],[110.8705232,21.6740771],[110.8705392,21.6738802],[110.8705258,21.6736783],[110.8704709,21.6734365],[110.8703817,21.6731961],[110.8703217,21.6730492],[110.8700417,21.6727062],[110.8696085,21.6723173],[110.8695173,21.6722351],[110.8683774,21.6713502],[110.8677497,21.6708093]]},"properties":{"key":"way:522231119@detail:443_86","osmType":"way","osmId":522231119,"sourceRegion":"guangdong","featureType":"infrastructure","railClass":"national","mode":"rail","name":"未命名","status":"operational","color":"#E54848","dataOrigin":"datum-2026-08-01","sourceKey":"way:522231119"}},{"type":"Feature","geometry":{"type":"LineString","coordinates":[[110.8492139,21.6829596],[110.8494745,21.6829329]]},"properties":{"key":"way:522231120@detail:443_86","osmType":"way","osmId":522231120,"sourceRegion":"guangdong","featureType":"infrastructure","railClass":"minor","mode":"rail","name":"未命名","service":"siding","status":"operational","color":"#52636F","dataOrigin":"datum-2026-08-01","sourceKey":"way:522231120"}},{"type":"Feature","geometry":{"type":"LineString","coordinates":[[110.8388873,21.6857767],[110.8396013,21.6855649],[110.8412911,21.6850988],[110.8433738,21.6845007],[110.8454204,21.6839424],[110.8466823,21.6835922],[110.8469586,21.68349],[110.8473811,21.6833392],[110.8477894,21.6831398]]},"properties":{"key":"way:522231121@detail:443_86","osmType":"way","osmId":522231121,"sourceRegion":"guangdong","featureType":"infrastructure","railClass":"minor","mode":"rail","name":"未命名","service":"yard","status":"operational","color":"#52636F","dataOrigin":"datum-2026-08-01","sourceKey":"way:522231121"}},{"type":"Feature","geometry":{"type":"LineString","coordinates":[[110.8526462,21.6819135],[110.8529067,21.6817556]]},"properties":{"key":"way:522231122@detail:443_86","osmType":"way","osmId":522231122,"sourceRegion":"guangdong","featureType":"infrastructure","railClass":"minor","mode":"rail","name":"未命名","service":"siding","status":"operational","color":"#52636F","dataOrigin":"datum-2026-08-01","sourceKey":"way:522231122"}},{"type":"Feature","geometry":{"type":"LineString","coordinates":[[110.8385989,21.6856551],[110.8391199,21.6855188]]},"properties":{"key":"way:522231123@detail:443_86","osmType":"way","osmId":522231123,"sourceRegion":"guangdong","featureType":"infrastructure","railClass":"minor","mode":"rail","name":"未命名","service":"yard","status":"operational","color":"#52636F","dataOrigin":"datum-2026-08-01","sourceKey":"way:522231123"}},{"type":"Feature","geometry":{"type":"LineString","coordinates":[[110.8359973,21.686636],[110.8361439,21.686593],[110.8366482,21.686426],[110.8372477,21.6862067],[110.8380444,21.685906],[110.8382548,21.6858266],[110.8384952,21.6857411],[110.8391199,21.6855188],[110.8411597,21.6849505],[110.8426993,21.6845144],[110.8442308,21.6840944],[110.845938,21.6836196],[110.8473355,21.6832196],[110.8478236,21.683085],[110.8483198,21.6829479],[110.849159,21.682751]]},"properties":{"key":"way:522231125@detail:443_86","osmType":"way","osmId":522231125,"sourceRegion":"guangdong","featureType":"infrastructure","railClass":"national","mode":"rail","name":"未命名","status":"operational","color":"#E54848","dataOrigin":"datum-2026-08-01","sourceKey":"way:522231125"}},{"type":"Feature","geometry":{"type":"LineString","coordinates":[[110.8360668,21.6866834],[110.8362365,21.6866291],[110.8362898,21.6866091],[110.8370706,21.6863164],[110.8378512,21.6860285],[110.8382227,21.6859076],[110.8384292,21.6858528],[110.8386129,21.6858254],[110.8388873,21.6857767],[110.8389013,21.6857743],[110.8391708,21.6857344],[110.8394645,21.6856596],[110.8413756,21.68513],[110.8426872,21.6847524],[110.8441061,21.6843536],[110.8457355,21.6839087],[110.8466408,21.6836507],[110.846913,21.683561],[110.8472362,21.6834277],[110.8476318,21.6832744],[110.8480851,21.6831012],[110.8489088,21.682887]]},"properties":{"key":"way:522231127@detail:443_86","osmType":"way","osmId":522231127,"sourceRegion":"guangdong","featureType":"infrastructure","railClass":"national","mode":"rail","name":"未命名","status":"operational","color":"#E54848","dataOrigin":"datum-2026-08-01","sourceKey":"way:522231127"}},{"type":"Feature","geometry":{"type":"LineString","coordinates":[[110.8476251,21.6841966],[110.8480395,21.6836919],[110.8481656,21.6835672],[110.8482769,21.6834688],[110.848407,21.6833803],[110.8485478,21.6832918],[110.848694,21.6832245],[110.8488335,21.6831772],[110.8492345,21.6830089],[110.849275,21.6829961],[110.8494745,21.6829329],[110.8496019,21.6829117],[110.8497395,21.6828965],[110.8498111,21.6828781],[110.8500297,21.682827],[110.8510289,21.6825852],[110.8525945,21.6821282],[110.8527026,21.6820967],[110.8533651,21.6818861],[110.8538157,21.6817565],[110.8540624,21.6817116],[110.8543897,21.6816892],[110.8550817,21.6816518]]},"properties":{"key":"way:522231128@detail:443_86","osmType":"way","osmId":522231128,"sourceRegion":"guangdong","featureType":"infrastructure","railClass":"minor","mode":"rail","name":"未命名","service":"yard","status":"operational","color":"#52636F","dataOrigin":"datum-2026-08-01","sourceKey":"way:522231128"}},{"type":"Feature","geometry":{"type":"LineString","coordinates":[[110.8465777,21.6837243],[110.8468929,21.6836096],[110.8472148,21.6835049],[110.8478343,21.6833342],[110.8492139,21.6829596],[110.8493122,21.6829329],[110.8497087,21.6828009],[110.8498366,21.6827573],[110.8499554,21.6826479],[110.8503127,21.6825827],[110.851922,21.6821266],[110.8526462,21.6819135],[110.8533651,21.6816593],[110.8547933,21.681111],[110.8566615,21.6804056],[110.8580038,21.6799172],[110.8584693,21.6797476],[110.8592612,21.6794335],[110.8595973,21.6792781]]},"properties":{"key":"way:522231130@detail:443_86","osmType":"way","osmId":522231130,"sourceRegion":"guangdong","featureType":"infrastructure","railClass":"national","mode":"rail","name":"未命名","status":"operational","color":"#E54848","dataOrigin":"datum-2026-08-01","sourceKey":"way:522231130"}},{"type":"Feature","geometry":{"type":"LineString","coordinates":[[110.839199,21.685418],[110.8395182,21.6853063],[110.8413756,21.6847979],[110.8429903,21.6843418],[110.8439773,21.6840614],[110.8455974,21.6836239],[110.8471853,21.6831766],[110.8475406,21.6830756]]},"properties":{"key":"way:522231132@detail:443_86","osmType":"way","osmId":522231132,"sourceRegion":"guangdong","featureType":"infrastructure","railClass":"minor","mode":"rail","name":"未命名","service":"yard","status":"operational","color":"#52636F","dataOrigin":"datum-2026-08-01","sourceKey":"way:522231132"}},{"type":"Feature","geometry":{"type":"LineString","coordinates":[[110.8384952,21.6857411],[110.8395564,21.6854453],[110.8416244,21.684862],[110.8432391,21.6844059],[110.8442261,21.6841255],[110.8458462,21.6836881],[110.847434,21.6832407],[110.8477894,21.6831398],[110.8484231,21.6829666],[110.8489088,21.682887],[110.8493203,21.6828195],[110.849691,21.6827463],[110.8497843,21.6826886],[110.8499554,21.6826479]]},"properties":{"key":"way:522231133@detail:443_86","osmType":"way","osmId":522231133,"sourceRegion":"guangdong","featureType":"infrastructure","railClass":"national","mode":"rail","name":"未命名","status":"operational","color":"#E54848","dataOrigin":"datum-2026-08-01","sourceKey":"way:522231133"}},{"type":"Feature","geometry":{"type":"LineString","coordinates":[[110.8384292,21.6858528],[110.8393163,21.685606],[110.8413843,21.6850228],[110.842999,21.6845667],[110.843986,21.6842863],[110.8456061,21.6838489],[110.8466622,21.683551],[110.8471048,21.6833791]]},"properties":{"key":"way:522231135@detail:443_86","osmType":"way","osmId":522231135,"sourceRegion":"guangdong","featureType":"infrastructure","railClass":"minor","mode":"rail","name":"未命名","service":"yard","status":"operational","color":"#52636F","dataOrigin":"datum-2026-08-01","sourceKey":"way:522231135"}},{"type":"Feature","geometry":{"type":"LineString","coordinates":[[110.8380444,21.685906],[110.8388717,21.6856845],[110.8409397,21.6851013],[110.8425544,21.6846452],[110.8435415,21.6843648],[110.8451615,21.6839274],[110.8467494,21.68348],[110.8471048,21.6833791],[110.847434,21.6832407]]},"properties":{"key":"way:522231137@detail:443_86","osmType":"way","osmId":522231137,"sourceRegion":"guangdong","featureType":"infrastructure","railClass":"minor","mode":"rail","name":"未命名","service":"yard","status":"operational","color":"#52636F","dataOrigin":"datum-2026-08-01","sourceKey":"way:522231137"}},{"type":"Feature","geometry":{"type":"LineString","coordinates":[[110.8709523,21.6794734],[110.869976,21.6784141],[110.8697104,21.6781873],[110.8693591,21.6779829],[110.8690158,21.6778633],[110.8686724,21.6778159],[110.8684283,21.6778109],[110.8680877,21.6778433],[110.8675137,21.6779517],[110.8660037,21.6783829],[110.8644037,21.6788316],[110.8634153,21.6791033],[110.8632088,21.6791606],[110.8629835,21.6792304],[110.8621573,21.6795631],[110.8612025,21.6799345],[110.8602691,21.6803159],[110.8599848,21.680433],[110.8595824,21.680595],[110.8589172,21.6808418],[110.8568841,21.6814001],[110.8561304,21.6815995],[110.8556691,21.6816892],[110.8551916,21.6817989],[110.8547786,21.6818138],[110.8539686,21.6818537],[110.8535662,21.6818911],[110.8525945,21.6821282]]},"properties":{"key":"way:522309924@detail:443_86","osmType":"way","osmId":522309924,"sourceRegion":"guangdong","featureType":"infrastructure","railClass":"minor","mode":"rail","name":"未命名","usage":"industrial","service":"spur","status":"operational","color":"#52636F","dataOrigin":"datum-2026-08-01","sourceKey":"way:522309924"}},{"type":"Feature","geometry":{"type":"LineString","coordinates":[[110.8644037,21.6788316],[110.864904,21.6787281],[110.8652298,21.6786833],[110.8655611,21.6786509],[110.8658199,21.6786434],[110.8661016,21.6786746],[110.8662558,21.6787095],[110.8664167,21.6787643],[110.8666823,21.6788764],[110.8668807,21.6789836],[110.8669907,21.6790659],[110.8671771,21.6792852],[110.8679013,21.6801501],[110.8682567,21.6805128],[110.8694397,21.6816299],[110.8696072,21.68184],[110.8698111,21.6820183],[110.8699921,21.6821765],[110.8703368,21.682584],[110.8705352,21.6827809],[110.8707913,21.6829578],[110.8710046,21.6830501],[110.8712098,21.6831211],[110.8713492,21.6831497],[110.8713956,21.6831747],[110.8717135,21.683174],[110.8721694,21.6831639]]},"properties":{"key":"way:522309925@detail:443_86","osmType":"way","osmId":522309925,"sourceRegion":"guangdong","featureType":"infrastructure","railClass":"minor","mode":"rail","name":"未命名","usage":"industrial","service":"spur","status":"operational","color":"#52636F","dataOrigin":"datum-2026-08-01","sourceKey":"way:522309925"}},{"type":"Feature","geometry":{"type":"LineString","coordinates":[[110.8618897,21.6793771],[110.8621775,21.6793538],[110.862439,21.6793064]]},"properties":{"key":"way:522309926@detail:443_86","osmType":"way","osmId":522309926,"sourceRegion":"guangdong","featureType":"infrastructure","railClass":"minor","mode":"rail","name":"未命名","service":"siding","status":"operational","color":"#52636F","dataOrigin":"datum-2026-08-01","sourceKey":"way:522309926"}},{"type":"Feature","geometry":{"type":"LineString","coordinates":[[110.8530381,21.6819532],[110.8555055,21.6812431],[110.859341,21.6801763],[110.8621064,21.6793986],[110.862439,21.6793064],[110.8638847,21.6788939],[110.8648262,21.6786247],[110.8663524,21.678206],[110.8681199,21.6777262],[110.8691981,21.6774644],[110.8697534,21.677295],[110.8711401,21.6769684],[110.871816,21.6768388],[110.8736479,21.676597]]},"properties":{"key":"way:522309927@detail:443_86","osmType":"way","osmId":522309927,"sourceRegion":"guangdong","featureType":"infrastructure","railClass":"minor","mode":"rail","name":"未命名","service":"yard","status":"operational","color":"#52636F","dataOrigin":"datum-2026-08-01","sourceKey":"way:522309927"}},{"type":"Feature","geometry":{"type":"LineString","coordinates":[[110.8500123,21.6827447],[110.8524753,21.6820581],[110.8526972,21.6820232],[110.8530381,21.6819532],[110.8533651,21.6818861]]},"properties":{"key":"way:522309928@detail:443_86","osmType":"way","osmId":522309928,"sourceRegion":"guangdong","featureType":"infrastructure","railClass":"minor","mode":"rail","name":"未命名","service":"siding","status":"operational","color":"#52636F","dataOrigin":"datum-2026-08-01","sourceKey":"way:522309928"}},{"type":"Feature","geometry":{"type":"LineString","coordinates":[[110.8671771,21.6792852],[110.8689721,21.6817074],[110.8690811,21.6822392],[110.8690357,21.6829905],[110.8687904,21.6840542],[110.8687723,21.6846789],[110.869063,21.6853964],[110.8734915,21.6896778],[110.8747315,21.6910181],[110.8749971,21.6913521],[110.8754879,21.6919851],[110.8760217,21.6925509],[110.8766198,21.6931166],[110.8777034,21.6940362],[110.8789497,21.6949819],[110.8802531,21.6960023],[110.8805773,21.6962562],[110.8812761,21.6969085],[110.8814612,21.6970755],[110.8815846,21.6971689],[110.8819239,21.6974094],[110.8826186,21.6978692],[110.8827661,21.697949],[110.8829901,21.6980624],[110.8831711,21.6981372],[110.8833776,21.6981957],[110.883548,21.6982319],[110.8837384,21.6982505],[110.883839,21.6982543],[110.883953,21.698253],[110.8841769,21.6982418],[110.8842937,21.6982312],[110.8843553,21.6982256],[110.8845431,21.6981995],[110.884712,21.6981621],[110.8848649,21.6981135],[110.8850969,21.6980101],[110.8852632,21.6979079],[110.8853973,21.6978107],[110.8856776,21.6975602],[110.886324,21.6969471],[110.8870898,21.6962331]]},"properties":{"key":"way:562017539@detail:443_86","osmType":"way","osmId":562017539,"sourceRegion":"guangdong","featureType":"infrastructure","railClass":"minor","mode":"rail","name":"未命名","service":"yard","status":"operational","color":"#52636F","dataOrigin":"datum-2026-08-01","sourceKey":"way:562017539"}},{"type":"Feature","geometry":{"type":"LineString","coordinates":[[110.9156852,21.6471321],[110.916218,21.647017],[110.9164427,21.6469684],[110.9171876,21.6468053],[110.9176479,21.6467045],[110.9181668,21.6465988],[110.9184584,21.6465266],[110.9190226,21.6464178],[110.9202652,21.646197],[110.920285,21.6461934],[110.9211773,21.6460474],[110.9216463,21.6459707],[110.922529,21.6458153],[110.9231882,21.6456872],[110.926208,21.6451098],[110.92712,21.6449373],[110.9279485,21.644752]]},"properties":{"key":"way:627789207@detail:443_86","osmType":"way","osmId":627789207,"sourceRegion":"guangdong","featureType":"infrastructure","railClass":"national","mode":"rail","name":"广茂疏解线","ref":"1721","operator":"中国铁路广州局集团有限公司","usage":"main","status":"operational","color":"#E54848","dataOrigin":"datum-2026-08-01","sourceKey":"way:627789207"}},{"type":"Feature","geometry":{"type":"LineString","coordinates":[[110.9007419,21.6528312],[110.9015105,21.6524839],[110.9022881,21.6521174],[110.9029596,21.6517963],[110.9057719,21.6504231],[110.908321,21.64921],[110.9090451,21.6489098],[110.9095542,21.6487094],[110.910516,21.64836],[110.9110015,21.6481971],[110.9114675,21.6480554],[110.9118664,21.6479353],[110.9122957,21.647819],[110.9137269,21.6474751],[110.9143094,21.6473458],[110.9150758,21.6471714],[110.9154044,21.6470969],[110.9157859,21.6470104],[110.9164513,21.6468643],[110.9174836,21.6466474]]},"properties":{"key":"way:627793871@detail:443_86","osmType":"way","osmId":627793871,"sourceRegion":"guangdong","featureType":"infrastructure","railClass":"highspeed","mode":"rail","name":"深湛线","nameEn":"Shenzhen-Zhanjiang Railway","ref":"3071","operator":"中国铁路广州局集团有限公司","usage":"main","highspeed":"yes","status":"operational","color":"#E54848","dataOrigin":"datum-2026-08-01","sourceKey":"way:627793871"}},{"type":"Feature","geometry":{"type":"LineString","coordinates":[[110.9013991,21.6524805],[110.9015322,21.652425],[110.9019595,21.6522356],[110.9025842,21.6519279],[110.9074706,21.6495408],[110.9078976,21.6493334],[110.909257,21.6487443],[110.9098535,21.648517],[110.910871,21.6481674],[110.9113946,21.6480078],[110.9119546,21.6478463],[110.9133943,21.647494],[110.9140494,21.6473499],[110.9146703,21.6472134],[110.9165602,21.6467978],[110.9171809,21.6466617],[110.9176705,21.6465543],[110.9181311,21.6464502],[110.9190006,21.6462535],[110.9196386,21.6460971],[110.9204326,21.6458939],[110.920965,21.6457455],[110.9217855,21.6455167],[110.9221808,21.6454097],[110.9225415,21.645309],[110.9233705,21.6451216],[110.9251678,21.6447639],[110.926761,21.6444697],[110.9280401,21.6442939],[110.9288822,21.6441714],[110.930236,21.6439699],[110.9308669,21.6438653],[110.9317672,21.6436883],[110.9324799,21.6435482],[110.93268,21.6435107],[110.9334737,21.6433617],[110.9342035,21.6432191],[110.9354327,21.6429741]]},"properties":{"key":"way:627793872@detail:443_86","osmType":"way","osmId":627793872,"sourceRegion":"guangdong","featureType":"infrastructure","railClass":"national","mode":"rail","name":"广茂线","nameEn":"Guangmao Line","ref":"0708","usage":"main","status":"operational","color":"#E54848","dataOrigin":"datum-2026-08-01","sourceKey":"way:627793872"}},{"type":"Feature","geometry":{"type":"LineString","coordinates":[[110.8936663,21.6532964],[110.8929154,21.6532482],[110.892216,21.6532246],[110.891547,21.6532279],[110.8910367,21.6532539],[110.8902927,21.653286],[110.8896875,21.6533377],[110.8890913,21.6534055],[110.8884984,21.6534886],[110.887831,21.653613],[110.8867971,21.6538371],[110.885981,21.654071],[110.8848734,21.6543814],[110.8829351,21.654979],[110.8792633,21.6560907],[110.8791733,21.6561179],[110.8785598,21.6563036]]},"properties":{"key":"way:627793873@detail:443_86","osmType":"way","osmId":627793873,"sourceRegion":"guangdong","featureType":"infrastructure","railClass":"national","mode":"rail","name":"广茂线","nameEn":"Guangmao Line","ref":"0708","usage":"main","status":"operational","color":"#E54848","dataOrigin":"datum-2026-08-01","sourceKey":"way:627793873"}},{"type":"Feature","geometry":{"type":"LineString","coordinates":[[110.75100994981376,21.5],[110.7526158,21.501264],[110.7548848,21.5032611],[110.7568897,21.5051756],[110.7588494,21.5070088],[110.759039,21.5071773],[110.759542,21.5076548],[110.7601272,21.5082103],[110.760665,21.5087368],[110.7617996,21.5098393],[110.7670882,21.5148344],[110.7681849,21.5158803],[110.7688027,21.516456],[110.7691705,21.5168053],[110.7708787,21.5184277],[110.7743735,21.5217469]]},"properties":{"key":"way:627793896@detail:443_86","osmType":"way","osmId":627793896,"sourceRegion":"guangdong","featureType":"infrastructure","railClass":"highspeed","mode":"rail","name":"深湛线","nameEn":"Shenzhen-Zhanjiang Railway","ref":"3071","operator":"中国铁路广州局集团有限公司","usage":"main","highspeed":"yes","status":"operational","color":"#E54848","dataOrigin":"datum-2026-08-01","sourceKey":"way:627793896"}},{"type":"Feature","geometry":{"type":"LineString","coordinates":[[110.7743735,21.5217469],[110.7755766,21.5229333]]},"properties":{"key":"way:627793897@detail:443_86","osmType":"way","osmId":627793897,"sourceRegion":"guangdong","featureType":"infrastructure","railClass":"highspeed","mode":"rail","name":"深湛线","nameEn":"Shenzhen-Zhanjiang Railway","ref":"3071","operator":"中国铁路广州局集团有限公司","usage":"main","highspeed":"yes","bridge":"yes","status":"operational","color":"#E54848","dataOrigin":"datum-2026-08-01","sourceKey":"way:627793897"}},{"type":"Feature","geometry":{"type":"LineString","coordinates":[[110.7755766,21.5229333],[110.7782857,21.5256046],[110.7819521,21.5299425],[110.7839661,21.5329422],[110.7866455,21.5383357],[110.787803,21.5415586],[110.7898206,21.5485525],[110.791866,21.5539165],[110.7926005,21.5553823],[110.7931991,21.5564577],[110.7984074,21.5655634],[110.7987098,21.5660738],[110.7996889,21.5677263]]},"properties":{"key":"way:627793898@detail:443_86","osmType":"way","osmId":627793898,"sourceRegion":"guangdong","featureType":"infrastructure","railClass":"highspeed","mode":"rail","name":"深湛线","nameEn":"Shenzhen-Zhanjiang Railway","ref":"3071","operator":"中国铁路广州局集团有限公司","usage":"main","highspeed":"yes","status":"operational","color":"#E54848","dataOrigin":"datum-2026-08-01","sourceKey":"way:627793898"}},{"type":"Feature","geometry":{"type":"LineString","coordinates":[[110.7996889,21.5677263],[110.8019178,21.5714881]]},"properties":{"key":"way:627793899@detail:443_86","osmType":"way","osmId":627793899,"sourceRegion":"guangdong","featureType":"infrastructure","railClass":"highspeed","mode":"rail","name":"深湛线","nameEn":"Shenzhen-Zhanjiang Railway","ref":"3071","operator":"中国铁路广州局集团有限公司","usage":"main","highspeed":"yes","bridge":"yes","status":"operational","color":"#E54848","dataOrigin":"datum-2026-08-01","sourceKey":"way:627793899"}},{"type":"Feature","geometry":{"type":"LineString","coordinates":[[110.8019178,21.5714881],[110.8030282,21.5733085],[110.8043211,21.5752052],[110.807383,21.5789814],[110.8101859,21.5816124]]},"properties":{"key":"way:627793900@detail:443_86","osmType":"way","osmId":627793900,"sourceRegion":"guangdong","featureType":"infrastructure","railClass":"highspeed","mode":"rail","name":"深湛线","nameEn":"Shenzhen-Zhanjiang Railway","ref":"3071","operator":"中国铁路广州局集团有限公司","usage":"main","highspeed":"yes","status":"operational","color":"#E54848","dataOrigin":"datum-2026-08-01","sourceKey":"way:627793900"}},{"type":"Feature","geometry":{"type":"LineString","coordinates":[[110.8101859,21.5816124],[110.8110987,21.5824016],[110.8123646,21.5834521]]},"properties":{"key":"way:627793901@detail:443_86","osmType":"way","osmId":627793901,"sourceRegion":"guangdong","featureType":"infrastructure","railClass":"highspeed","mode":"rail","name":"深湛线","nameEn":"Shenzhen-Zhanjiang Railway","ref":"3071","operator":"中国铁路广州局集团有限公司","usage":"main","highspeed":"yes","bridge":"yes","status":"operational","color":"#E54848","dataOrigin":"datum-2026-08-01","sourceKey":"way:627793901"}},{"type":"Feature","geometry":{"type":"LineString","coordinates":[[110.8123646,21.5834521],[110.8185134,21.5886385],[110.8205048,21.5904548],[110.822232,21.5922437],[110.8238733,21.5941224],[110.8254252,21.5961313],[110.826449,21.5976731],[110.8295515,21.6027398]]},"properties":{"key":"way:627793902@detail:443_86","osmType":"way","osmId":627793902,"sourceRegion":"guangdong","featureType":"infrastructure","railClass":"highspeed","mode":"rail","name":"深湛线","nameEn":"Shenzhen-Zhanjiang Railway","ref":"3071","operator":"中国铁路广州局集团有限公司","usage":"main","highspeed":"yes","status":"operational","color":"#E54848","dataOrigin":"datum-2026-08-01","sourceKey":"way:627793902"}},{"type":"Feature","geometry":{"type":"LineString","coordinates":[[110.8966752,21.6542061],[110.8975214,21.6539659],[110.8986349,21.6536365],[110.8994662,21.6533731],[110.9002298,21.6530716],[110.9006545,21.6528976],[110.9007906,21.6528448],[110.9011247,21.6526968],[110.9019902,21.6523087],[110.902993,21.6518323],[110.9046448,21.6510199],[110.9057728,21.6504641],[110.9076561,21.6495541],[110.9085404,21.6491669],[110.9092399,21.6488735],[110.9099607,21.6486076],[110.9102671,21.648494],[110.911135,21.6482016],[110.911616,21.6480574],[110.9125275,21.6478046],[110.9134671,21.6475819],[110.9157716,21.6470633]]},"properties":{"key":"way:627793903@detail:443_86","osmType":"way","osmId":627793903,"sourceRegion":"guangdong","featureType":"infrastructure","railClass":"highspeed","mode":"rail","name":"深湛线","nameEn":"Shenzhen-Zhanjiang Railway","ref":"3071","operator":"中国铁路广州局集团有限公司","usage":"main","highspeed":"yes","status":"operational","color":"#E54848","dataOrigin":"datum-2026-08-01","sourceKey":"way:627793903"}},{"type":"Feature","geometry":{"type":"LineString","coordinates":[[110.8597921,21.6447341],[110.8618869,21.6461051],[110.8638637,21.6472665],[110.8670233,21.6489066],[110.8694219,21.6499122],[110.8795088,21.6533377],[110.8819938,21.6540892],[110.8844712,21.6546477],[110.8867296,21.6549279],[110.8882137,21.6550615],[110.8897879,21.6550974],[110.89206,21.6549874],[110.8940449,21.654764],[110.8957102,21.6544304],[110.8966752,21.6542061]]},"properties":{"key":"way:627793904@detail:443_86","osmType":"way","osmId":627793904,"sourceRegion":"guangdong","featureType":"infrastructure","railClass":"highspeed","mode":"rail","name":"深湛线","nameEn":"Shenzhen-Zhanjiang Railway","ref":"3071","operator":"中国铁路广州局集团有限公司","usage":"main","highspeed":"yes","bridge":"yes","status":"operational","color":"#E54848","dataOrigin":"datum-2026-08-01","sourceKey":"way:627793904"}},{"type":"Feature","geometry":{"type":"LineString","coordinates":[[110.8536122,21.6395248],[110.8578988,21.6433817],[110.8597921,21.6447341]]},"properties":{"key":"way:627793905@detail:443_86","osmType":"way","osmId":627793905,"sourceRegion":"guangdong","featureType":"infrastructure","railClass":"highspeed","mode":"rail","name":"深湛线","nameEn":"Shenzhen-Zhanjiang Railway","ref":"3071","operator":"中国铁路广州局集团有限公司","usage":"main","highspeed":"yes","status":"operational","color":"#E54848","dataOrigin":"datum-2026-08-01","sourceKey":"way:627793905"}},{"type":"Feature","geometry":{"type":"LineString","coordinates":[[110.8466739,21.6300746],[110.8490594,21.6340269],[110.8502735,21.6356948],[110.851466,21.6371826],[110.8536122,21.6395248]]},"properties":{"key":"way:627793907@detail:443_86","osmType":"way","osmId":627793907,"sourceRegion":"guangdong","featureType":"infrastructure","railClass":"highspeed","mode":"rail","name":"深湛线","nameEn":"Shenzhen-Zhanjiang Railway","ref":"3071","operator":"中国铁路广州局集团有限公司","usage":"main","highspeed":"yes","status":"operational","color":"#E54848","dataOrigin":"datum-2026-08-01","sourceKey":"way:627793907"}},{"type":"Feature","geometry":{"type":"LineString","coordinates":[[110.8295515,21.6027398],[110.8362805,21.6141478],[110.8372683,21.6157051],[110.8390072,21.6182397],[110.841432,21.6215612],[110.8428368,21.6235848],[110.8438873,21.6252191],[110.8450132,21.6271329],[110.8466739,21.6300746]]},"properties":{"key":"way:627793908@detail:443_86","osmType":"way","osmId":627793908,"sourceRegion":"guangdong","featureType":"infrastructure","railClass":"highspeed","mode":"rail","name":"深湛线","nameEn":"Shenzhen-Zhanjiang Railway","ref":"3071","operator":"中国铁路广州局集团有限公司","usage":"main","highspeed":"yes","bridge":"yes","status":"operational","color":"#E54848","dataOrigin":"datum-2026-08-01","sourceKey":"way:627793908"}},{"type":"Feature","geometry":{"type":"LineString","coordinates":[[110.8722022,21.6579667],[110.8722609,21.6571996],[110.8723719,21.6567137],[110.87248,21.6563961],[110.8726918,21.6559596],[110.8728437,21.6557156]]},"properties":{"key":"way:663784243@detail:443_86","osmType":"way","osmId":663784243,"sourceRegion":"guangdong","featureType":"infrastructure","railClass":"minor","mode":"rail","name":"乙烯工业专线铁路","usage":"industrial","service":"spur","status":"operational","color":"#52636F","dataOrigin":"datum-2026-08-01","sourceKey":"way:663784243"}},{"type":"Feature","geometry":{"type":"LineString","coordinates":[[110.8721405,21.6586123],[110.8721744,21.6583413],[110.8722022,21.6579667]]},"properties":{"key":"way:663784244@detail:443_86","osmType":"way","osmId":663784244,"sourceRegion":"guangdong","featureType":"infrastructure","railClass":"minor","mode":"rail","name":"乙烯工业专线铁路","usage":"industrial","service":"spur","bridge":"yes","status":"operational","color":"#52636F","dataOrigin":"datum-2026-08-01","sourceKey":"way:663784244"}},{"type":"Feature","geometry":{"type":"LineString","coordinates":[[110.8717981,21.659557],[110.8719204,21.6593495]]},"properties":{"key":"way:663784245@detail:443_86","osmType":"way","osmId":663784245,"sourceRegion":"guangdong","featureType":"infrastructure","railClass":"minor","mode":"rail","name":"乙烯工业专线铁路","usage":"industrial","service":"spur","bridge":"yes","status":"operational","color":"#52636F","dataOrigin":"datum-2026-08-01","sourceKey":"way:663784245"}},{"type":"Feature","geometry":{"type":"LineString","coordinates":[[110.8719204,21.6593495],[110.8719822,21.6592081],[110.8720721,21.6589102],[110.8721405,21.6586123]]},"properties":{"key":"way:663784246@detail:443_86","osmType":"way","osmId":663784246,"sourceRegion":"guangdong","featureType":"infrastructure","railClass":"minor","mode":"rail","name":"乙烯工业专线铁路","usage":"industrial","service":"spur","status":"operational","color":"#52636F","dataOrigin":"datum-2026-08-01","sourceKey":"way:663784246"}},{"type":"Feature","geometry":{"type":"LineString","coordinates":[[110.8676195,21.6619195],[110.867858,21.661551],[110.86843,21.660823],[110.869236,21.660029],[110.869943,21.659473],[110.870723,21.658969],[110.8714114,21.6586147],[110.871548,21.658526],[110.8724,21.658184],[110.8736193,21.6578142],[110.8736517,21.657806],[110.8785598,21.6563036]]},"properties":{"key":"way:663784247@detail:443_86","osmType":"way","osmId":663784247,"sourceRegion":"guangdong","featureType":"infrastructure","railClass":"national","mode":"rail","name":"广茂线","nameEn":"Guangmao Line","ref":"0708","operator":"中国铁路广州局集团有限公司","usage":"main","status":"operational","color":"#E54848","dataOrigin":"datum-2026-08-01","sourceKey":"way:663784247"}},{"type":"Feature","geometry":{"type":"LineString","coordinates":[[110.8675481,21.6620298],[110.8676195,21.6619195]]},"properties":{"key":"way:663784248@detail:443_86","osmType":"way","osmId":663784248,"sourceRegion":"guangdong","featureType":"infrastructure","railClass":"highspeed","mode":"rail","name":"广茂线","nameEn":"Guangmao Line","ref":"0708","usage":"main","bridge":"yes","status":"operational","color":"#E54848","dataOrigin":"datum-2026-08-01","sourceKey":"way:663784248"}},{"type":"Feature","geometry":{"type":"LineString","coordinates":[[110.8678344,21.6620548],[110.8679858,21.6619202],[110.8688709,21.6613519],[110.8709255,21.6604794],[110.8715424,21.6599659],[110.8717981,21.659557]]},"properties":{"key":"way:663784249@detail:443_86","osmType":"way","osmId":663784249,"sourceRegion":"guangdong","featureType":"infrastructure","railClass":"minor","mode":"rail","name":"乙烯工业专线铁路","usage":"industrial","service":"spur","status":"operational","color":"#52636F","dataOrigin":"datum-2026-08-01","sourceKey":"way:663784249"}},{"type":"Feature","geometry":{"type":"LineString","coordinates":[[110.8677395,21.6621434],[110.8678344,21.6620548]]},"properties":{"key":"way:663784250@detail:443_86","osmType":"way","osmId":663784250,"sourceRegion":"guangdong","featureType":"infrastructure","railClass":"minor","mode":"rail","name":"乙烯工业专线铁路","usage":"industrial","service":"spur","bridge":"yes","status":"operational","color":"#52636F","dataOrigin":"datum-2026-08-01","sourceKey":"way:663784250"}},{"type":"Feature","geometry":{"type":"LineString","coordinates":[[110.8655047,21.671309],[110.8659305,21.6682445],[110.8659818,21.6679434],[110.8661785,21.6664831],[110.8661851,21.6664351],[110.866406,21.664824],[110.866611,21.664011],[110.866814,21.663445],[110.867381,21.662288],[110.8675481,21.6620298]]},"properties":{"key":"way:663784251@detail:443_86","osmType":"way","osmId":663784251,"sourceRegion":"guangdong","featureType":"infrastructure","railClass":"national","mode":"rail","name":"广茂线","nameEn":"Guangmao Line","ref":"0708","operator":"中国铁路广州局集团有限公司","usage":"main","status":"operational","color":"#E54848","dataOrigin":"datum-2026-08-01","sourceKey":"way:663784251"}},{"type":"Feature","geometry":{"type":"LineString","coordinates":[[110.864658,21.675106],[110.8648237,21.674739],[110.8648923,21.6745325]]},"properties":{"key":"way:663784252@detail:443_86","osmType":"way","osmId":663784252,"sourceRegion":"guangdong","featureType":"infrastructure","railClass":"national","mode":"rail","name":"广茂线","nameEn":"Guangmao Line","ref":"0708","operator":"中国铁路广州局集团有限公司","usage":"main","bridge":"yes","status":"operational","color":"#E54848","dataOrigin":"datum-2026-08-01","sourceKey":"way:663784252"}},{"type":"Feature","geometry":{"type":"LineString","coordinates":[[110.8728437,21.6557156],[110.8729466,21.6555721],[110.8730676,21.6554214]]},"properties":{"key":"way:663784253@detail:443_86","osmType":"way","osmId":663784253,"sourceRegion":"guangdong","featureType":"infrastructure","railClass":"minor","mode":"rail","name":"乙烯工业专线铁路","usage":"industrial","service":"spur","bridge":"yes","status":"operational","color":"#52636F","dataOrigin":"datum-2026-08-01","sourceKey":"way:663784253"}},{"type":"Feature","geometry":{"type":"LineString","coordinates":[[110.8730676,21.6554214],[110.8778563,21.6499818],[110.878346,21.6493285]]},"properties":{"key":"way:663784254@detail:443_86","osmType":"way","osmId":663784254,"sourceRegion":"guangdong","featureType":"infrastructure","railClass":"minor","mode":"rail","name":"乙烯工业专线铁路","usage":"industrial","service":"spur","status":"operational","color":"#52636F","dataOrigin":"datum-2026-08-01","sourceKey":"way:663784254"}},{"type":"Feature","geometry":{"type":"LineString","coordinates":[[110.878346,21.6493285],[110.8789861,21.6485844]]},"properties":{"key":"way:663784255@detail:443_86","osmType":"way","osmId":663784255,"sourceRegion":"guangdong","featureType":"infrastructure","railClass":"minor","mode":"rail","name":"乙烯工业专线铁路","usage":"industrial","service":"spur","bridge":"yes","status":"operational","color":"#52636F","dataOrigin":"datum-2026-08-01","sourceKey":"way:663784255"}},{"type":"Feature","geometry":{"type":"LineString","coordinates":[[110.8805596,21.6467552],[110.880855,21.6464118],[110.8830276,21.6432755],[110.8855489,21.6396106],[110.8861068,21.6387392],[110.8864045,21.6380748],[110.8864115,21.6380573],[110.8900687,21.628973],[110.8932028,21.621055]]},"properties":{"key":"way:663784256@detail:443_86","osmType":"way","osmId":663784256,"sourceRegion":"guangdong","featureType":"infrastructure","railClass":"minor","mode":"rail","name":"乙烯工业专线铁路","usage":"industrial","service":"spur","status":"operational","color":"#52636F","dataOrigin":"datum-2026-08-01","sourceKey":"way:663784256"}},{"type":"Feature","geometry":{"type":"LineString","coordinates":[[110.8999224,21.6061388],[110.9001844,21.6055292]]},"properties":{"key":"way:663784257@detail:443_86","osmType":"way","osmId":663784257,"sourceRegion":"guangdong","featureType":"infrastructure","railClass":"minor","mode":"rail","name":"乙烯工业专线铁路","usage":"industrial","service":"spur","tunnel":"yes","status":"operational","color":"#52636F","dataOrigin":"datum-2026-08-01","sourceKey":"way:663784257"}},{"type":"Feature","geometry":{"type":"LineString","coordinates":[[110.9001844,21.6055292],[110.9013551,21.6023166],[110.9028196,21.5984936],[110.9030261,21.5981636],[110.9030959,21.5980522],[110.9034151,21.5976407],[110.9066337,21.5943088],[110.9111667,21.5895602],[110.9120745,21.5885909]]},"properties":{"key":"way:663784258@detail:443_86","osmType":"way","osmId":663784258,"sourceRegion":"guangdong","featureType":"infrastructure","railClass":"minor","mode":"rail","name":"乙烯工业专线铁路","usage":"industrial","service":"spur","status":"operational","color":"#52636F","dataOrigin":"datum-2026-08-01","sourceKey":"way:663784258"}},{"type":"Feature","geometry":{"type":"LineString","coordinates":[[110.9148118,21.5852874],[110.91493,21.5851903]]},"properties":{"key":"way:663784259@detail:443_86","osmType":"way","osmId":663784259,"sourceRegion":"guangdong","featureType":"infrastructure","railClass":"minor","mode":"rail","name":"乙烯工业专线铁路","usage":"industrial","service":"spur","bridge":"yes","status":"operational","color":"#52636F","dataOrigin":"datum-2026-08-01","sourceKey":"way:663784259"}},{"type":"Feature","geometry":{"type":"LineString","coordinates":[[110.91493,21.5851903],[110.9151767,21.5849891]]},"properties":{"key":"way:663784260@detail:443_86","osmType":"way","osmId":663784260,"sourceRegion":"guangdong","featureType":"infrastructure","railClass":"minor","mode":"rail","name":"乙烯工业专线铁路","usage":"industrial","service":"spur","status":"operational","color":"#52636F","dataOrigin":"datum-2026-08-01","sourceKey":"way:663784260"}},{"type":"Feature","geometry":{"type":"LineString","coordinates":[[110.9151767,21.5849891],[110.9176524,21.582899],[110.9179698,21.5826888]]},"properties":{"key":"way:663784261@detail:443_86","osmType":"way","osmId":663784261,"sourceRegion":"guangdong","featureType":"infrastructure","railClass":"minor","mode":"rail","name":"乙烯工业专线铁路","usage":"industrial","service":"spur","bridge":"yes","status":"operational","color":"#52636F","dataOrigin":"datum-2026-08-01","sourceKey":"way:663784261"}},{"type":"Feature","geometry":{"type":"LineString","coordinates":[[110.9195395,21.5809691],[110.9215628,21.5780033],[110.9225318,21.5766129],[110.9235328,21.575154],[110.9237422,21.5748634],[110.9248744,21.5731995],[110.9269408,21.5701229],[110.9274091,21.5694873],[110.927589,21.56924],[110.9282161,21.5684479],[110.9287337,21.5680157],[110.9292675,21.5677196],[110.9299564,21.5673416],[110.9307674,21.5671526],[110.9315314,21.567074],[110.9332533,21.5670461],[110.9362172,21.5670374],[110.9407879,21.5670414],[110.9412935,21.5670418],[110.9468581,21.5670466],[110.9468736,21.5670471],[110.9471434,21.567055],[110.9475941,21.5670491],[110.949475,21.5670519],[110.9531832,21.5670554],[110.9533189,21.5670548],[110.956507,21.5670572],[110.960074,21.5670687],[110.963109,21.5670635],[110.9649777,21.567066],[110.9705494,21.5670623]]},"properties":{"key":"way:663784262@detail:443_86","osmType":"way","osmId":663784262,"sourceRegion":"guangdong","featureType":"infrastructure","railClass":"minor","mode":"rail","name":"乙烯工业专线铁路","usage":"industrial","service":"spur","status":"operational","color":"#52636F","dataOrigin":"datum-2026-08-01","sourceKey":"way:663784262"}},{"type":"Feature","geometry":{"type":"LineString","coordinates":[[110.9471434,21.567055],[110.9476677,21.5670956],[110.9480539,21.5672052],[110.9484604,21.5674018],[110.9487613,21.5676287],[110.948989,21.567916],[110.9491144,21.56828],[110.9492298,21.5685695],[110.9492401,21.5687643],[110.9492735,21.569417],[110.9492654,21.5700862],[110.9492725,21.5710922],[110.9492936,21.5740961],[110.9494599,21.5746998],[110.9497067,21.575019],[110.950404,21.5757174],[110.9533166,21.5785875],[110.9533463,21.5786168],[110.9537246,21.5789799],[110.954202,21.5794039],[110.9545132,21.5795985],[110.9547439,21.5796916],[110.9549048,21.5797282],[110.9553286,21.5797681],[110.9558972,21.579803],[110.9575924,21.5798229],[110.9604328,21.5797955]]},"properties":{"key":"way:663784265@detail:443_86","osmType":"way","osmId":663784265,"sourceRegion":"guangdong","featureType":"infrastructure","railClass":"minor","mode":"rail","name":"乙烯铁路专用线","service":"yard","status":"operational","color":"#52636F","dataOrigin":"datum-2026-08-01","sourceKey":"way:663784265"}},{"type":"Feature","geometry":{"type":"LineString","coordinates":[[110.9266032,21.6447904],[110.9296723,21.6441947],[110.930891,21.6439594],[110.9317744,21.6437889],[110.932406,21.6436625],[110.9340665,21.6433359],[110.9345702,21.6432368]]},"properties":{"key":"way:669130194@detail:443_86","osmType":"way","osmId":669130194,"sourceRegion":"guangdong","featureType":"infrastructure","railClass":"highspeed","mode":"rail","name":"深湛线","nameEn":"Shenzhen-Zhanjiang Railway","ref":"3071","operator":"中国铁路广州局集团有限公司","usage":"main","highspeed":"yes","status":"operational","color":"#E54848","dataOrigin":"datum-2026-08-01","sourceKey":"way:669130194"}},{"type":"Feature","geometry":{"type":"LineString","coordinates":[[110.9265911,21.6447416],[110.9294092,21.6441963],[110.9300064,21.6440823],[110.932293,21.6436454],[110.9336748,21.6433698],[110.9337262,21.6433595],[110.9343349,21.643238],[110.9345552,21.643194]]},"properties":{"key":"way:669130195@detail:443_86","osmType":"way","osmId":669130195,"sourceRegion":"guangdong","featureType":"infrastructure","railClass":"highspeed","mode":"rail","name":"深湛线","nameEn":"Shenzhen-Zhanjiang Railway","ref":"3071","operator":"中国铁路广州局集团有限公司","usage":"main","highspeed":"yes","status":"operational","color":"#E54848","dataOrigin":"datum-2026-08-01","sourceKey":"way:669130195"}},{"type":"Feature","geometry":{"type":"LineString","coordinates":[[110.8500297,21.682827],[110.8497686,21.6829866],[110.8495298,21.6830843],[110.8492605,21.6832702],[110.8476465,21.6849533]]},"properties":{"key":"way:711335115@detail:443_86","osmType":"way","osmId":711335115,"sourceRegion":"guangdong","featureType":"infrastructure","railClass":"minor","mode":"rail","name":"未命名","service":"yard","status":"operational","color":"#52636F","dataOrigin":"datum-2026-08-01","sourceKey":"way:711335115"}},{"type":"Feature","geometry":{"type":"LineString","coordinates":[[110.870192,21.6825247],[110.8705347,21.6829081],[110.8708757,21.6831762],[110.8709425,21.6832288],[110.8714413,21.6834579],[110.8720312,21.6835619],[110.8738121,21.6835936],[110.8809274,21.683581],[110.8811906,21.6835821],[110.8845538,21.6835959],[110.8873406,21.6836201],[110.8879684,21.6836782],[110.8900736,21.6836941]]},"properties":{"key":"way:711335116@detail:443_86","osmType":"way","osmId":711335116,"sourceRegion":"guangdong","featureType":"infrastructure","railClass":"minor","mode":"rail","name":"未命名","usage":"industrial","service":"spur","status":"operational","color":"#52636F","dataOrigin":"datum-2026-08-01","sourceKey":"way:711335116"}},{"type":"Feature","geometry":{"type":"LineString","coordinates":[[110.8698111,21.6820183],[110.8700179,21.6823443],[110.870292,21.6827389],[110.8706504,21.6831125],[110.8708249,21.6832253],[110.8711511,21.683435],[110.8716822,21.6836042],[110.8722588,21.68365],[110.8737438,21.6836624]]},"properties":{"key":"way:711335117@detail:443_86","osmType":"way","osmId":711335117,"sourceRegion":"guangdong","featureType":"infrastructure","railClass":"minor","mode":"rail","name":"未命名","usage":"industrial","service":"spur","status":"operational","color":"#52636F","dataOrigin":"datum-2026-08-01","sourceKey":"way:711335117"}},{"type":"Feature","geometry":{"type":"LineString","coordinates":[[110.8501218,21.6829151],[110.8529696,21.6820665]]},"properties":{"key":"way:711335118@detail:443_86","osmType":"way","osmId":711335118,"sourceRegion":"guangdong","featureType":"infrastructure","railClass":"minor","mode":"rail","name":"未命名","service":"yard","status":"operational","color":"#52636F","dataOrigin":"datum-2026-08-01","sourceKey":"way:711335118"}},{"type":"Feature","geometry":{"type":"LineString","coordinates":[[110.8501502,21.6829974],[110.852998,21.6821488]]},"properties":{"key":"way:711335119@detail:443_86","osmType":"way","osmId":711335119,"sourceRegion":"guangdong","featureType":"infrastructure","railClass":"minor","mode":"rail","name":"未命名","service":"yard","status":"operational","color":"#52636F","dataOrigin":"datum-2026-08-01","sourceKey":"way:711335119"}},{"type":"Feature","geometry":{"type":"LineString","coordinates":[[110.8501663,21.683044],[110.8530141,21.6821954]]},"properties":{"key":"way:711335120@detail:443_86","osmType":"way","osmId":711335120,"sourceRegion":"guangdong","featureType":"infrastructure","railClass":"minor","mode":"rail","name":"未命名","service":"yard","status":"operational","color":"#52636F","dataOrigin":"datum-2026-08-01","sourceKey":"way:711335120"}},{"type":"Feature","geometry":{"type":"LineString","coordinates":[[110.8501822,21.68309],[110.85303,21.6822414]]},"properties":{"key":"way:711335121@detail:443_86","osmType":"way","osmId":711335121,"sourceRegion":"guangdong","featureType":"infrastructure","railClass":"minor","mode":"rail","name":"未命名","service":"yard","status":"operational","color":"#52636F","dataOrigin":"datum-2026-08-01","sourceKey":"way:711335121"}},{"type":"Feature","geometry":{"type":"LineString","coordinates":[[110.8501977,21.683135],[110.8530454,21.6822864]]},"properties":{"key":"way:711335122@detail:443_86","osmType":"way","osmId":711335122,"sourceRegion":"guangdong","featureType":"infrastructure","railClass":"minor","mode":"rail","name":"未命名","service":"yard","status":"operational","color":"#52636F","dataOrigin":"datum-2026-08-01","sourceKey":"way:711335122"}},{"type":"Feature","geometry":{"type":"LineString","coordinates":[[110.8502128,21.6831788],[110.8530606,21.6823302]]},"properties":{"key":"way:711335123@detail:443_86","osmType":"way","osmId":711335123,"sourceRegion":"guangdong","featureType":"infrastructure","railClass":"minor","mode":"rail","name":"未命名","service":"yard","status":"operational","color":"#52636F","dataOrigin":"datum-2026-08-01","sourceKey":"way:711335123"}},{"type":"Feature","geometry":{"type":"LineString","coordinates":[[110.8502274,21.683221],[110.8530751,21.6823724]]},"properties":{"key":"way:711335124@detail:443_86","osmType":"way","osmId":711335124,"sourceRegion":"guangdong","featureType":"infrastructure","railClass":"minor","mode":"rail","name":"未命名","service":"yard","status":"operational","color":"#52636F","dataOrigin":"datum-2026-08-01","sourceKey":"way:711335124"}},{"type":"Feature","geometry":{"type":"LineString","coordinates":[[110.850241,21.6832605],[110.8530888,21.6824119]]},"properties":{"key":"way:711335125@detail:443_86","osmType":"way","osmId":711335125,"sourceRegion":"guangdong","featureType":"infrastructure","railClass":"minor","mode":"rail","name":"未命名","service":"yard","status":"operational","color":"#52636F","dataOrigin":"datum-2026-08-01","sourceKey":"way:711335125"}},{"type":"Feature","geometry":{"type":"LineString","coordinates":[[110.8680669,21.6775429],[110.8683555,21.6773793],[110.8690762,21.6765245],[110.8694489,21.6760319],[110.870108,21.6752061],[110.8705708,21.6746597],[110.8712991,21.6737309],[110.8718396,21.673114],[110.8721924,21.6728091],[110.8731027,21.6723191],[110.8741004,21.6718644],[110.8746845,21.6716617],[110.8752895,21.6714995],[110.8760994,21.6714431],[110.8775617,21.6713797],[110.8809955,21.6713886],[110.8813292,21.6713816],[110.8815828,21.6713713],[110.882123,21.6713374],[110.8827812,21.6713443],[110.8834601,21.6713515],[110.8859409,21.6713638]]},"properties":{"key":"way:711335126@detail:443_86","osmType":"way","osmId":711335126,"sourceRegion":"guangdong","featureType":"infrastructure","railClass":"minor","mode":"rail","name":"未命名","usage":"industrial","service":"spur","status":"operational","color":"#52636F","dataOrigin":"datum-2026-08-01","sourceKey":"way:711335126"}},{"type":"Feature","geometry":{"type":"LineString","coordinates":[[110.8748533,21.666975],[110.8688107,21.6670243],[110.8682266,21.6670217],[110.8679876,21.6670525],[110.8676481,21.667146],[110.8672764,21.6673117],[110.866992,21.6675463],[110.8669028,21.6676558],[110.8667136,21.6679677],[110.8666313,21.6681373],[110.8664794,21.6686201],[110.8664591,21.6687535],[110.8665063,21.6692734],[110.8666732,21.6696929],[110.867062,21.6701864],[110.8675915,21.670631]]},"properties":{"key":"way:711335127@detail:443_86","osmType":"way","osmId":711335127,"sourceRegion":"guangdong","featureType":"infrastructure","railClass":"minor","mode":"rail","name":"未命名","usage":"industrial","service":"spur","status":"operational","color":"#52636F","dataOrigin":"datum-2026-08-01","sourceKey":"way:711335127"}},{"type":"Feature","geometry":{"type":"LineString","coordinates":[[111.0,21.666827145083815],[110.9965698,21.6641279],[110.9953558,21.6632046],[110.9939621,21.6620999],[110.9912922,21.6598058],[110.9892614,21.6580086],[110.9883605,21.6573046],[110.9877373,21.6568712]]},"properties":{"key":"way:775819498@detail:443_86","osmType":"way","osmId":775819498,"sourceRegion":"guangdong","featureType":"infrastructure","railClass":"highspeed","mode":"rail","name":"深湛线","nameEn":"Shenzhen-Zhanjiang Railway","ref":"3071","operator":"中国铁路广州局集团有限公司","usage":"main","highspeed":"yes","status":"operational","color":"#E54848","dataOrigin":"datum-2026-08-01","sourceKey":"way:775819498"}},{"type":"Feature","geometry":{"type":"LineString","coordinates":[[111.0,21.66674468477098],[110.9966028,21.6640901],[110.9954528,21.6632138],[110.9940036,21.6620673],[110.9916201,21.6600344],[110.9892833,21.6579742],[110.9882973,21.657211],[110.9877667,21.6568396]]},"properties":{"key":"way:775819499@detail:443_86","osmType":"way","osmId":775819499,"sourceRegion":"guangdong","featureType":"infrastructure","railClass":"highspeed","mode":"rail","name":"深湛线","nameEn":"Shenzhen-Zhanjiang Railway","ref":"3071","operator":"中国铁路广州局集团有限公司","usage":"main","highspeed":"yes","status":"operational","color":"#E54848","dataOrigin":"datum-2026-08-01","sourceKey":"way:775819499"}},{"type":"Feature","geometry":{"type":"LineString","coordinates":[[110.9014746,21.6526153],[110.903898,21.6514491],[110.9043813,21.6512057],[110.9077998,21.6495452],[110.9089914,21.6490319],[110.9098371,21.6487007],[110.9104837,21.6484643],[110.9111118,21.648266],[110.9116769,21.6480902],[110.9123992,21.6478853],[110.9131339,21.6476994],[110.9156852,21.6471321]]},"properties":{"key":"way:775819508@detail:443_86","osmType":"way","osmId":775819508,"sourceRegion":"guangdong","featureType":"infrastructure","railClass":"national","mode":"rail","name":"广茂疏解线","ref":"1721","operator":"中国铁路广州局集团有限公司","usage":"main","status":"operational","color":"#E54848","dataOrigin":"datum-2026-08-01","sourceKey":"way:775819508"}},{"type":"Feature","geometry":{"type":"LineString","coordinates":[[110.8843147,21.6550236],[110.885159,21.6549789],[110.8859467,21.6549639],[110.8872408,21.6550481],[110.8890228,21.6551644],[110.8903527,21.655207],[110.8922222,21.6551002],[110.893494,21.6549316],[110.8945289,21.6547957],[110.8953148,21.6546437]]},"properties":{"key":"way:775819509@detail:443_86","osmType":"way","osmId":775819509,"sourceRegion":"guangdong","featureType":"infrastructure","railClass":"national","mode":"rail","name":"广茂疏解线","ref":"1721","operator":"中国铁路广州局集团有限公司","usage":"main","bridge":"yes","status":"operational","color":"#E54848","dataOrigin":"datum-2026-08-01","sourceKey":"way:775819509"}},{"type":"Feature","geometry":{"type":"LineString","coordinates":[[110.9174836,21.6466474],[110.9190627,21.6462892],[110.9197725,21.6461347],[110.9217465,21.645705],[110.9232875,21.6453782],[110.9265911,21.6447416]]},"properties":{"key":"way:824546612@detail:443_86","osmType":"way","osmId":824546612,"sourceRegion":"guangdong","featureType":"infrastructure","railClass":"highspeed","mode":"rail","name":"深湛线","nameEn":"Shenzhen-Zhanjiang Railway","ref":"3071","operator":"中国铁路广州局集团有限公司","usage":"main","highspeed":"yes","status":"operational","color":"#E54848","dataOrigin":"datum-2026-08-01","sourceKey":"way:824546612"}},{"type":"Feature","geometry":{"type":"LineString","coordinates":[[110.9157716,21.6470633],[110.9168466,21.646832],[110.9175912,21.6466718]]},"properties":{"key":"way:824546614@detail:443_86","osmType":"way","osmId":824546614,"sourceRegion":"guangdong","featureType":"infrastructure","railClass":"highspeed","mode":"rail","name":"深湛线","nameEn":"Shenzhen-Zhanjiang Railway","ref":"3071","operator":"中国铁路广州局集团有限公司","usage":"main","highspeed":"yes","status":"operational","color":"#E54848","dataOrigin":"datum-2026-08-01","sourceKey":"way:824546614"}},{"type":"Feature","geometry":{"type":"LineString","coordinates":[[110.867558,21.6706529],[110.8667171,21.6699817],[110.8665347,21.6697624],[110.8663335,21.6694558],[110.8661458,21.6690694],[110.8660465,21.6687628],[110.8659956,21.6684388],[110.8659904,21.6682513],[110.8659818,21.6679434]]},"properties":{"key":"way:833824348@detail:443_86","osmType":"way","osmId":833824348,"sourceRegion":"guangdong","featureType":"infrastructure","railClass":"national","mode":"rail","name":"未命名","status":"operational","color":"#E54848","dataOrigin":"datum-2026-08-01","sourceKey":"way:833824348"}},{"type":"Feature","geometry":{"type":"LineString","coordinates":[[110.8677497,21.6708093],[110.867558,21.6706529]]},"properties":{"key":"way:833824349@detail:443_86","osmType":"way","osmId":833824349,"sourceRegion":"guangdong","featureType":"infrastructure","railClass":"national","mode":"rail","name":"未命名","bridge":"yes","status":"operational","color":"#E54848","dataOrigin":"datum-2026-08-01","sourceKey":"way:833824349"}},{"type":"Feature","geometry":{"type":"LineString","coordinates":[[110.8654819,21.6715047],[110.8655047,21.671309]]},"properties":{"key":"way:834553220@detail:443_86","osmType":"way","osmId":834553220,"sourceRegion":"guangdong","featureType":"infrastructure","railClass":"national","mode":"rail","name":"广茂线","nameEn":"Guangmao Line","ref":"0708","operator":"中国铁路广州局集团有限公司","usage":"main","bridge":"yes","status":"operational","color":"#E54848","dataOrigin":"datum-2026-08-01","sourceKey":"way:834553220"}},{"type":"Feature","geometry":{"type":"LineString","coordinates":[[110.8648923,21.6745325],[110.864961,21.674326],[110.865181,21.673514],[110.865364,21.672425],[110.8654819,21.6715047]]},"properties":{"key":"way:834553221@detail:443_86","osmType":"way","osmId":834553221,"sourceRegion":"guangdong","featureType":"infrastructure","railClass":"national","mode":"rail","name":"广茂线","nameEn":"Guangmao Line","ref":"0708","operator":"中国铁路广州局集团有限公司","usage":"main","status":"operational","color":"#E54848","dataOrigin":"datum-2026-08-01","sourceKey":"way:834553221"}},{"type":"Feature","geometry":{"type":"LineString","coordinates":[[110.8675915,21.670631],[110.8677874,21.6707876]]},"properties":{"key":"way:835685547@detail:443_86","osmType":"way","osmId":835685547,"sourceRegion":"guangdong","featureType":"infrastructure","railClass":"minor","mode":"rail","name":"未命名","usage":"industrial","service":"spur","bridge":"yes","status":"operational","color":"#52636F","dataOrigin":"datum-2026-08-01","sourceKey":"way:835685547"}},{"type":"Feature","geometry":{"type":"LineString","coordinates":[[110.8677874,21.6707876],[110.8696206,21.6722151],[110.869914,21.6724814],[110.8701082,21.6726804],[110.8703271,21.6729553],[110.8704096,21.6730821],[110.8705822,21.6735141],[110.8706694,21.6738543],[110.8706106,21.6742403],[110.8704285,21.6747214],[110.870108,21.6752061]]},"properties":{"key":"way:835685548@detail:443_86","osmType":"way","osmId":835685548,"sourceRegion":"guangdong","featureType":"infrastructure","railClass":"minor","mode":"rail","name":"未命名","usage":"industrial","service":"spur","status":"operational","color":"#52636F","dataOrigin":"datum-2026-08-01","sourceKey":"way:835685548"}},{"type":"Feature","geometry":{"type":"LineString","coordinates":[[110.8295311,21.6872243],[110.8308801,21.6875825],[110.8312449,21.6876311],[110.831835,21.687641],[110.8324157,21.6875737],[110.8331211,21.6873955],[110.8357215,21.6866728],[110.8357947,21.686651]]},"properties":{"key":"way:901874100@detail:443_86","osmType":"way","osmId":901874100,"sourceRegion":"guangdong","featureType":"infrastructure","railClass":"national","mode":"rail","name":"河茂线","nameEn":"Hemao Line","ref":"0753","operator":"中国铁路南宁局集团有限公司","usage":"branch","status":"operational","color":"#E54848","dataOrigin":"datum-2026-08-01","sourceKey":"way:901874100"}},{"type":"Feature","geometry":{"type":"LineString","coordinates":[[110.8357947,21.686651],[110.8359909,21.6865925]]},"properties":{"key":"way:901874101@detail:443_86","osmType":"way","osmId":901874101,"sourceRegion":"guangdong","featureType":"infrastructure","railClass":"national","mode":"rail","name":"河茂线","nameEn":"Hemao Line","ref":"0753","operator":"中国铁路南宁局集团有限公司","usage":"branch","bridge":"yes","status":"operational","color":"#E54848","dataOrigin":"datum-2026-08-01","sourceKey":"way:901874101"}},{"type":"Feature","geometry":{"type":"LineString","coordinates":[[110.8354774,21.6867887],[110.8358107,21.6866908]]},"properties":{"key":"way:901874102@detail:443_86","osmType":"way","osmId":901874102,"sourceRegion":"guangdong","featureType":"infrastructure","railClass":"national","mode":"rail","name":"未命名","status":"operational","color":"#E54848","dataOrigin":"datum-2026-08-01","sourceKey":"way:901874102"}},{"type":"Feature","geometry":{"type":"LineString","coordinates":[[110.8358107,21.6866908],[110.8359973,21.686636]]},"properties":{"key":"way:901874103@detail:443_86","osmType":"way","osmId":901874103,"sourceRegion":"guangdong","featureType":"infrastructure","railClass":"national","mode":"rail","name":"未命名","bridge":"yes","status":"operational","color":"#E54848","dataOrigin":"datum-2026-08-01","sourceKey":"way:901874103"}},{"type":"Feature","geometry":{"type":"LineString","coordinates":[[110.8356377,21.6868409],[110.8357914,21.6867948]]},"properties":{"key":"way:901874104@detail:443_86","osmType":"way","osmId":901874104,"sourceRegion":"guangdong","featureType":"infrastructure","railClass":"minor","mode":"rail","name":"未命名","service":"yard","status":"operational","color":"#52636F","dataOrigin":"datum-2026-08-01","sourceKey":"way:901874104"}},{"type":"Feature","geometry":{"type":"LineString","coordinates":[[110.8357914,21.6867948],[110.8360808,21.6867081]]},"properties":{"key":"way:901874105@detail:443_86","osmType":"way","osmId":901874105,"sourceRegion":"guangdong","featureType":"infrastructure","railClass":"minor","mode":"rail","name":"未命名","service":"yard","bridge":"yes","status":"operational","color":"#52636F","dataOrigin":"datum-2026-08-01","sourceKey":"way:901874105"}},{"type":"Feature","geometry":{"type":"LineString","coordinates":[[110.833333,21.6881345],[110.8335502,21.6879601],[110.8339646,21.687641],[110.8344756,21.687342],[110.8349115,21.6871301],[110.8352561,21.6869955],[110.8356377,21.6868409],[110.8357778,21.6867781]]},"properties":{"key":"way:901874106@detail:443_86","osmType":"way","osmId":901874106,"sourceRegion":"guangdong","featureType":"infrastructure","railClass":"national","mode":"rail","name":"未命名","status":"operational","color":"#E54848","dataOrigin":"datum-2026-08-01","sourceKey":"way:901874106"}},{"type":"Feature","geometry":{"type":"LineString","coordinates":[[110.8357778,21.6867781],[110.8358744,21.686745],[110.8360668,21.6866834]]},"properties":{"key":"way:901874107@detail:443_86","osmType":"way","osmId":901874107,"sourceRegion":"guangdong","featureType":"infrastructure","railClass":"national","mode":"rail","name":"未命名","bridge":"yes","status":"operational","color":"#E54848","dataOrigin":"datum-2026-08-01","sourceKey":"way:901874107"}},{"type":"Feature","geometry":{"type":"LineString","coordinates":[[110.8789861,21.6485844],[110.8803751,21.6469697]]},"properties":{"key":"way:901895933@detail:443_86","osmType":"way","osmId":901895933,"sourceRegion":"guangdong","featureType":"infrastructure","railClass":"minor","mode":"rail","name":"乙烯工业专线铁路","usage":"industrial","service":"spur","status":"operational","color":"#52636F","dataOrigin":"datum-2026-08-01","sourceKey":"way:901895933"}},{"type":"Feature","geometry":{"type":"LineString","coordinates":[[110.8803751,21.6469697],[110.8805596,21.6467552]]},"properties":{"key":"way:901895934@detail:443_86","osmType":"way","osmId":901895934,"sourceRegion":"guangdong","featureType":"infrastructure","railClass":"minor","mode":"rail","name":"乙烯工业专线铁路","usage":"industrial","service":"spur","bridge":"yes","status":"operational","color":"#52636F","dataOrigin":"datum-2026-08-01","sourceKey":"way:901895934"}},{"type":"Feature","geometry":{"type":"LineString","coordinates":[[110.9179698,21.5826888],[110.9184316,21.5822739],[110.9192093,21.5814531],[110.919382,21.5811999]]},"properties":{"key":"way:901895946@detail:443_86","osmType":"way","osmId":901895946,"sourceRegion":"guangdong","featureType":"infrastructure","railClass":"minor","mode":"rail","name":"乙烯工业专线铁路","usage":"industrial","service":"spur","status":"operational","color":"#52636F","dataOrigin":"datum-2026-08-01","sourceKey":"way:901895946"}},{"type":"Feature","geometry":{"type":"LineString","coordinates":[[110.919382,21.5811999],[110.9195395,21.5809691]]},"properties":{"key":"way:901895947@detail:443_86","osmType":"way","osmId":901895947,"sourceRegion":"guangdong","featureType":"infrastructure","railClass":"minor","mode":"rail","name":"乙烯工业专线铁路","usage":"industrial","service":"spur","bridge":"yes","status":"operational","color":"#52636F","dataOrigin":"datum-2026-08-01","sourceKey":"way:901895947"}},{"type":"Feature","geometry":{"type":"LineString","coordinates":[[110.9318706,21.6440884],[110.9338008,21.6437247]]},"properties":{"key":"way:909230621@detail:443_86","osmType":"way","osmId":909230621,"sourceRegion":"guangdong","featureType":"infrastructure","railClass":"minor","mode":"rail","name":"未命名","service":"siding","status":"operational","color":"#52636F","dataOrigin":"datum-2026-08-01","sourceKey":"way:909230621"}},{"type":"Feature","geometry":{"type":"LineString","coordinates":[[110.9308952,21.6441066],[110.9314662,21.6441015],[110.9318706,21.6440884],[110.9322419,21.6440778],[110.9325435,21.6440296],[110.9332852,21.6438876]]},"properties":{"key":"way:909230622@detail:443_86","osmType":"way","osmId":909230622,"sourceRegion":"guangdong","featureType":"infrastructure","railClass":"minor","mode":"rail","name":"未命名","service":"siding","status":"operational","color":"#52636F","dataOrigin":"datum-2026-08-01","sourceKey":"way:909230622"}},{"type":"Feature","geometry":{"type":"LineString","coordinates":[[110.9434631,21.643668],[110.943921,21.6436739],[110.9456143,21.6436885],[110.9461024,21.6437018],[110.9479465,21.6437127],[110.9525225,21.6437748]]},"properties":{"key":"way:909679624@detail:443_86","osmType":"way","osmId":909679624,"sourceRegion":"guangdong","featureType":"infrastructure","railClass":"minor","mode":"abandoned","name":"未命名","status":"operational","color":"#52636F","dataOrigin":"datum-2026-08-01","sourceKey":"way:909679624"}},{"type":"Feature","geometry":{"type":"LineString","coordinates":[[110.8859352,21.6715365],[110.883481,21.6715313],[110.8831699,21.6714625]]},"properties":{"key":"way:916735059@detail:443_86","osmType":"way","osmId":916735059,"sourceRegion":"guangdong","featureType":"infrastructure","railClass":"minor","mode":"rail","name":"未命名","usage":"industrial","service":"spur","status":"operational","color":"#52636F","dataOrigin":"datum-2026-08-01","sourceKey":"way:916735059"}},{"type":"Feature","geometry":{"type":"LineString","coordinates":[[110.882123,21.6713374],[110.8826882,21.6713885],[110.8831699,21.6714625],[110.8859371,21.671479]]},"properties":{"key":"way:916735060@detail:443_86","osmType":"way","osmId":916735060,"sourceRegion":"guangdong","featureType":"infrastructure","railClass":"minor","mode":"rail","name":"未命名","usage":"industrial","service":"spur","status":"operational","color":"#52636F","dataOrigin":"datum-2026-08-01","sourceKey":"way:916735060"}},{"type":"Feature","geometry":{"type":"LineString","coordinates":[[110.885939,21.6714214],[110.8834032,21.6714185],[110.8830941,21.6714079],[110.8827812,21.6713443]]},"properties":{"key":"way:916735061@detail:443_86","osmType":"way","osmId":916735061,"sourceRegion":"guangdong","featureType":"infrastructure","railClass":"minor","mode":"rail","name":"未命名","usage":"industrial","service":"spur","status":"operational","color":"#52636F","dataOrigin":"datum-2026-08-01","sourceKey":"way:916735061"}},{"type":"Feature","geometry":{"type":"LineString","coordinates":[[110.882123,21.6713374],[110.8827594,21.6712156],[110.8832363,21.6711153],[110.8836991,21.6710642],[110.8851898,21.6710448],[110.8858385,21.6711082],[110.8865145,21.6714648],[110.8868605,21.6720182],[110.8869758,21.6724768],[110.8870563,21.6730451],[110.887126,21.673267]]},"properties":{"key":"way:916735062@detail:443_86","osmType":"way","osmId":916735062,"sourceRegion":"guangdong","featureType":"infrastructure","railClass":"minor","mode":"disused","name":"未命名","usage":"industrial","service":"spur","status":"operational","color":"#52636F","dataOrigin":"datum-2026-08-01","sourceKey":"way:916735062"}},{"type":"Feature","geometry":{"type":"LineString","coordinates":[[110.9177839,21.6461075],[110.9180667,21.6459491],[110.9184233,21.6457185],[110.91882,21.6454682],[110.9191335,21.6453086],[110.9193908,21.6451776],[110.9196472,21.6450438],[110.919924,21.6449042],[110.9202008,21.6447685],[110.920527,21.644599],[110.9206662,21.6445283],[110.9207351,21.6444933],[110.9208816,21.6444264]]},"properties":{"key":"way:931768222@detail:443_86","osmType":"way","osmId":931768222,"sourceRegion":"guangdong","featureType":"infrastructure","railClass":"minor","mode":"rail","name":"未命名","usage":"main","service":"yard","status":"operational","color":"#52636F","dataOrigin":"datum-2026-08-01","sourceKey":"way:931768222"}},{"type":"Feature","geometry":{"type":"LineString","coordinates":[[110.9275056,21.6427356],[110.9286856,21.6433763],[110.9289924,21.6435105],[110.9293821,21.6436245],[110.9297358,21.6436581],[110.9301724,21.6436648],[110.9305972,21.6436417],[110.9310999,21.6436145]]},"properties":{"key":"way:962143751@detail:443_86","osmType":"way","osmId":962143751,"sourceRegion":"guangdong","featureType":"infrastructure","railClass":"minor","mode":"abandoned","name":"未命名","status":"operational","color":"#52636F","dataOrigin":"datum-2026-08-01","sourceKey":"way:962143751"}},{"type":"Feature","geometry":{"type":"LineString","coordinates":[[110.9276656,21.6423306],[110.9295113,21.6433721],[110.9297545,21.6434974],[110.929938,21.643564],[110.9300668,21.6435913],[110.9301702,21.6436043],[110.9302927,21.6436185],[110.9305972,21.6436417]]},"properties":{"key":"way:962143752@detail:443_86","osmType":"way","osmId":962143752,"sourceRegion":"guangdong","featureType":"infrastructure","railClass":"minor","mode":"abandoned","name":"未命名","status":"operational","color":"#52636F","dataOrigin":"datum-2026-08-01","sourceKey":"way:962143752"}},{"type":"Feature","geometry":{"type":"LineString","coordinates":[[110.9310999,21.6436145],[110.9312371,21.6436008],[110.9318628,21.6435385],[110.9328692,21.6433909],[110.9335248,21.6433063],[110.9353708,21.6429305],[110.9369947,21.6426324]]},"properties":{"key":"way:962143753@detail:443_86","osmType":"way","osmId":962143753,"sourceRegion":"guangdong","featureType":"infrastructure","railClass":"minor","mode":"abandoned","name":"茂名站货场","service":"yard","status":"operational","color":"#52636F","dataOrigin":"datum-2026-08-01","sourceKey":"way:962143753"}},{"type":"Feature","geometry":{"type":"LineString","coordinates":[[110.9312371,21.6436008],[110.9308376,21.6435511],[110.9305083,21.6434775],[110.9301792,21.6433637],[110.9301563,21.6433514],[110.9298296,21.6431764],[110.9281063,21.6422303]]},"properties":{"key":"way:962143755@detail:443_86","osmType":"way","osmId":962143755,"sourceRegion":"guangdong","featureType":"infrastructure","railClass":"minor","mode":"abandoned","name":"未命名","status":"operational","color":"#52636F","dataOrigin":"datum-2026-08-01","sourceKey":"way:962143755"}},{"type":"Feature","geometry":{"type":"LineString","coordinates":[[110.9328692,21.6433909],[110.9324167,21.6433411],[110.931965,21.6432367],[110.9316308,21.6431087],[110.9312199,21.6429142],[110.9306676,21.6426202],[110.9305777,21.6425735],[110.9290994,21.6418065],[110.9287304,21.641631]]},"properties":{"key":"way:962143756@detail:443_86","osmType":"way","osmId":962143756,"sourceRegion":"guangdong","featureType":"infrastructure","railClass":"minor","mode":"abandoned","name":"未命名","status":"operational","color":"#52636F","dataOrigin":"datum-2026-08-01","sourceKey":"way:962143756"}},{"type":"Feature","geometry":{"type":"LineString","coordinates":[[110.9856966,21.6555913],[110.9863234,21.6560413],[110.9864017,21.6560947]]},"properties":{"key":"way:969734884@detail:443_86","osmType":"way","osmId":969734884,"sourceRegion":"guangdong","featureType":"infrastructure","railClass":"national","mode":"rail","name":"广茂线","nameEn":"Guangmao Line","ref":"0708","operator":"中国铁路广州局集团有限公司","usage":"main","bridge":"yes","status":"operational","color":"#E54848","dataOrigin":"datum-2026-08-01","sourceKey":"way:969734884"}},{"type":"Feature","geometry":{"type":"LineString","coordinates":[[110.9870813,21.6565583],[110.9876444,21.6569424]]},"properties":{"key":"way:969734885@detail:443_86","osmType":"way","osmId":969734885,"sourceRegion":"guangdong","featureType":"infrastructure","railClass":"national","mode":"rail","name":"广茂线","nameEn":"Guangmao Line","ref":"0708","operator":"中国铁路广州局集团有限公司","usage":"main","bridge":"yes","status":"operational","color":"#E54848","dataOrigin":"datum-2026-08-01","sourceKey":"way:969734885"}},{"type":"Feature","geometry":{"type":"LineString","coordinates":[[110.9875395,21.6570295],[110.988335,21.6575791],[110.9890331,21.6580796],[110.9894531,21.6583993],[110.9898088,21.6587309],[110.9920482,21.660669],[110.9960308,21.6641757],[110.9964342,21.6644985],[110.9967632,21.6647596],[110.9977988,21.6655856],[110.9987798,21.6663639],[110.9988353,21.6664079],[111.0,21.667288490748042]]},"properties":{"key":"way:969734886@detail:443_86","osmType":"way","osmId":969734886,"sourceRegion":"guangdong","featureType":"infrastructure","railClass":"national","mode":"rail","name":"广茂疏解线","ref":"1721","operator":"中国铁路广州局集团有限公司","usage":"main","status":"operational","color":"#E54848","dataOrigin":"datum-2026-08-01","sourceKey":"way:969734886"}},{"type":"Feature","geometry":{"type":"LineString","coordinates":[[110.9869872,21.6566479],[110.9875395,21.6570295]]},"properties":{"key":"way:969734887@detail:443_86","osmType":"way","osmId":969734887,"sourceRegion":"guangdong","featureType":"infrastructure","railClass":"national","mode":"rail","name":"广茂疏解线","ref":"1721","operator":"中国铁路广州局集团有限公司","usage":"main","bridge":"yes","status":"operational","color":"#E54848","dataOrigin":"datum-2026-08-01","sourceKey":"way:969734887"}},{"type":"Feature","geometry":{"type":"LineString","coordinates":[[110.9863191,21.6561825],[110.9869872,21.6566479]]},"properties":{"key":"way:969734888@detail:443_86","osmType":"way","osmId":969734888,"sourceRegion":"guangdong","featureType":"infrastructure","railClass":"national","mode":"rail","name":"广茂疏解线","ref":"1721","operator":"中国铁路广州局集团有限公司","usage":"main","status":"operational","color":"#E54848","dataOrigin":"datum-2026-08-01","sourceKey":"way:969734888"}},{"type":"Feature","geometry":{"type":"LineString","coordinates":[[110.9858255,21.6558386],[110.9863191,21.6561825]]},"properties":{"key":"way:969734889@detail:443_86","osmType":"way","osmId":969734889,"sourceRegion":"guangdong","featureType":"infrastructure","railClass":"national","mode":"rail","name":"广茂疏解线","ref":"1721","operator":"中国铁路广州局集团有限公司","usage":"main","bridge":"yes","status":"operational","color":"#E54848","dataOrigin":"datum-2026-08-01","sourceKey":"way:969734889"}},{"type":"Feature","geometry":{"type":"LineString","coordinates":[[110.9864017,21.6560947],[110.9870813,21.6565583]]},"properties":{"key":"way:969734890@detail:443_86","osmType":"way","osmId":969734890,"sourceRegion":"guangdong","featureType":"infrastructure","railClass":"national","mode":"rail","name":"广茂线","nameEn":"Guangmao Line","ref":"0708","operator":"中国铁路广州局集团有限公司","usage":"main","status":"operational","color":"#E54848","dataOrigin":"datum-2026-08-01","sourceKey":"way:969734890"}},{"type":"Feature","geometry":{"type":"LineString","coordinates":[[110.9835202,21.6540834],[110.9844276,21.6547052],[110.9848278,21.6549944],[110.9855687,21.6554996],[110.9856966,21.6555913]]},"properties":{"key":"way:969734891@detail:443_86","osmType":"way","osmId":969734891,"sourceRegion":"guangdong","featureType":"infrastructure","railClass":"national","mode":"rail","name":"广茂线","nameEn":"Guangmao Line","ref":"0708","operator":"中国铁路广州局集团有限公司","usage":"main","status":"operational","color":"#E54848","dataOrigin":"datum-2026-08-01","sourceKey":"way:969734891"}},{"type":"Feature","geometry":{"type":"LineString","coordinates":[[111.0,21.667423569164136],[110.99961,21.6670468]]},"properties":{"key":"way:969734897@detail:443_86","osmType":"way","osmId":969734897,"sourceRegion":"guangdong","featureType":"infrastructure","railClass":"minor","mode":"rail","name":"未命名","usage":"main","service":"yard","status":"operational","color":"#52636F","dataOrigin":"datum-2026-08-01","sourceKey":"way:969734897"}},{"type":"Feature","geometry":{"type":"LineString","coordinates":[[111.0,21.667346206786394],[110.9998904,21.6672621],[110.99961,21.6670468],[110.9991038,21.6666647],[110.9988061,21.66644],[110.9981641,21.665937],[110.9967128,21.6647905],[110.995985,21.6642004]]},"properties":{"key":"way:969734899@detail:443_86","osmType":"way","osmId":969734899,"sourceRegion":"guangdong","featureType":"infrastructure","railClass":"minor","mode":"rail","name":"未命名","usage":"main","service":"yard","status":"operational","color":"#52636F","dataOrigin":"datum-2026-08-01","sourceKey":"way:969734899"}},{"type":"Feature","geometry":{"type":"LineString","coordinates":[[110.9998904,21.6672621],[111.0,21.667330923230487]]},"properties":{"key":"way:969734904@detail:443_86","osmType":"way","osmId":969734904,"sourceRegion":"guangdong","featureType":"infrastructure","railClass":"minor","mode":"rail","name":"未命名","usage":"main","service":"crossover","status":"operational","color":"#52636F","dataOrigin":"datum-2026-08-01","sourceKey":"way:969734904"}},{"type":"Feature","geometry":{"type":"LineString","coordinates":[[110.9991038,21.6666647],[110.9987798,21.6663639]]},"properties":{"key":"way:969734907@detail:443_86","osmType":"way","osmId":969734907,"sourceRegion":"guangdong","featureType":"infrastructure","railClass":"minor","mode":"rail","name":"未命名","usage":"main","service":"crossover","status":"operational","color":"#52636F","dataOrigin":"datum-2026-08-01","sourceKey":"way:969734907"}},{"type":"Feature","geometry":{"type":"LineString","coordinates":[[110.9856425,21.6554005],[110.9844834,21.6545837],[110.9828319,21.6534533],[110.9817868,21.6526948],[110.9814055,21.652409],[110.9810679,21.6521549],[110.9805402,21.6517053],[110.9800505,21.6512581],[110.9792198,21.6504611],[110.9785703,21.6498609],[110.9773737,21.648689],[110.9761086,21.6474841],[110.9752324,21.6466538],[110.9747564,21.6462438],[110.974396,21.6459728],[110.9742585,21.6458713],[110.9741817,21.6458219],[110.9736884,21.6455059],[110.9733101,21.645277],[110.9727417,21.6449726],[110.9721461,21.6447043],[110.9716047,21.6444839],[110.9710714,21.6442874],[110.9700822,21.6440266],[110.9694977,21.6439097],[110.9689168,21.6438118],[110.9681769,21.6437354],[110.9676736,21.6437002],[110.9672287,21.6437112],[110.9666191,21.6437034],[110.9636289,21.6436728],[110.9582523,21.6436284],[110.9555279,21.6436201],[110.9550582,21.6435908],[110.9544255,21.6435553],[110.9539106,21.6435],[110.9534642,21.6434263],[110.953092,21.6433433],[110.9525837,21.6432026],[110.9524533,21.6431576]]},"properties":{"key":"way:969734912@detail:443_86","osmType":"way","osmId":969734912,"sourceRegion":"guangdong","featureType":"infrastructure","railClass":"highspeed","mode":"rail","name":"深湛线","nameEn":"Shenzhen-Zhanjiang Railway","ref":"3071","operator":"中国铁路广州局集团有限公司","usage":"main","highspeed":"yes","status":"operational","color":"#E54848","dataOrigin":"datum-2026-08-01","sourceKey":"way:969734912"}},{"type":"Feature","geometry":{"type":"LineString","coordinates":[[110.9856696,21.6553719],[110.9845509,21.6545874],[110.9827992,21.653374],[110.9816244,21.6525223],[110.9807016,21.6517744],[110.9802672,21.6513962],[110.9788863,21.6500933],[110.9768264,21.6481048],[110.9761791,21.647485],[110.9755464,21.6468817],[110.9751746,21.6465348],[110.9747316,21.6461755],[110.9744436,21.6459634],[110.9743267,21.6458692],[110.9742105,21.6457937],[110.9736779,21.6454446],[110.9733513,21.6452584],[110.9728536,21.644991],[110.9722259,21.6446897],[110.9716057,21.6444383],[110.9715664,21.6444222],[110.9711432,21.6442702],[110.9707725,21.6441533],[110.9703065,21.6440384],[110.9694814,21.6438621],[110.969105,21.6438018],[110.9686403,21.6437429],[110.9681065,21.6436878],[110.96762,21.6436616],[110.9670447,21.6436624],[110.9647549,21.6436356],[110.9627278,21.6436298],[110.9582706,21.6435782],[110.9555365,21.6435673],[110.9543746,21.6435147],[110.9539677,21.6434729],[110.9536341,21.6434146],[110.9532321,21.643328],[110.9528849,21.6432498],[110.9525974,21.6431603],[110.9524592,21.6431115]]},"properties":{"key":"way:969734913@detail:443_86","osmType":"way","osmId":969734913,"sourceRegion":"guangdong","featureType":"infrastructure","railClass":"highspeed","mode":"rail","name":"深湛线","nameEn":"Shenzhen-Zhanjiang Railway","ref":"3071","operator":"中国铁路广州局集团有限公司","usage":"main","highspeed":"yes","status":"operational","color":"#E54848","dataOrigin":"datum-2026-08-01","sourceKey":"way:969734913"}},{"type":"Feature","geometry":{"type":"LineString","coordinates":[[110.9877373,21.6568712],[110.9877156,21.6568562],[110.9871557,21.6564668]]},"properties":{"key":"way:969734914@detail:443_86","osmType":"way","osmId":969734914,"sourceRegion":"guangdong","featureType":"infrastructure","railClass":"highspeed","mode":"rail","name":"深湛线","nameEn":"Shenzhen-Zhanjiang Railway","ref":"3071","operator":"中国铁路广州局集团有限公司","usage":"main","highspeed":"yes","bridge":"yes","status":"operational","color":"#E54848","dataOrigin":"datum-2026-08-01","sourceKey":"way:969734914"}},{"type":"Feature","geometry":{"type":"LineString","coordinates":[[110.9877667,21.6568396],[110.9871821,21.6564325]]},"properties":{"key":"way:969734915@detail:443_86","osmType":"way","osmId":969734915,"sourceRegion":"guangdong","featureType":"infrastructure","railClass":"highspeed","mode":"rail","name":"深湛线","nameEn":"Shenzhen-Zhanjiang Railway","ref":"3071","operator":"中国铁路广州局集团有限公司","usage":"main","highspeed":"yes","bridge":"yes","status":"operational","color":"#E54848","dataOrigin":"datum-2026-08-01","sourceKey":"way:969734915"}},{"type":"Feature","geometry":{"type":"LineString","coordinates":[[110.9871557,21.6564668],[110.9863914,21.6559283]]},"properties":{"key":"way:969734916@detail:443_86","osmType":"way","osmId":969734916,"sourceRegion":"guangdong","featureType":"infrastructure","railClass":"highspeed","mode":"rail","name":"深湛线","nameEn":"Shenzhen-Zhanjiang Railway","ref":"3071","operator":"中国铁路广州局集团有限公司","usage":"main","highspeed":"yes","status":"operational","color":"#E54848","dataOrigin":"datum-2026-08-01","sourceKey":"way:969734916"}},{"type":"Feature","geometry":{"type":"LineString","coordinates":[[110.9871821,21.6564325],[110.9864158,21.6558952]]},"properties":{"key":"way:969734917@detail:443_86","osmType":"way","osmId":969734917,"sourceRegion":"guangdong","featureType":"infrastructure","railClass":"highspeed","mode":"rail","name":"深湛线","nameEn":"Shenzhen-Zhanjiang Railway","ref":"3071","operator":"中国铁路广州局集团有限公司","usage":"main","highspeed":"yes","status":"operational","color":"#E54848","dataOrigin":"datum-2026-08-01","sourceKey":"way:969734917"}},{"type":"Feature","geometry":{"type":"LineString","coordinates":[[110.9863914,21.6559283],[110.9857955,21.6555083],[110.9856425,21.6554005]]},"properties":{"key":"way:969734918@detail:443_86","osmType":"way","osmId":969734918,"sourceRegion":"guangdong","featureType":"infrastructure","railClass":"highspeed","mode":"rail","name":"深湛线","nameEn":"Shenzhen-Zhanjiang Railway","ref":"3071","operator":"中国铁路广州局集团有限公司","usage":"main","highspeed":"yes","bridge":"yes","status":"operational","color":"#E54848","dataOrigin":"datum-2026-08-01","sourceKey":"way:969734918"}},{"type":"Feature","geometry":{"type":"LineString","coordinates":[[110.9864158,21.6558952],[110.9856696,21.6553719]]},"properties":{"key":"way:969734919@detail:443_86","osmType":"way","osmId":969734919,"sourceRegion":"guangdong","featureType":"infrastructure","railClass":"highspeed","mode":"rail","name":"深湛线","nameEn":"Shenzhen-Zhanjiang Railway","ref":"3071","operator":"中国铁路广州局集团有限公司","usage":"main","highspeed":"yes","bridge":"yes","status":"operational","color":"#E54848","dataOrigin":"datum-2026-08-01","sourceKey":"way:969734919"}},{"type":"Feature","geometry":{"type":"LineString","coordinates":[[110.9589832,21.6434507],[110.9641506,21.6434797],[110.9645922,21.643491],[110.9648896,21.6435148],[110.965175,21.6435462],[110.9661776,21.6436803],[110.9670799,21.6438608],[110.9722808,21.6451991],[110.9730705,21.6454823],[110.9735554,21.6456878],[110.9739932,21.6459171],[110.9742528,21.6460687],[110.9746111,21.646312],[110.9749773,21.6466295],[110.9752859,21.6468978],[110.9755493,21.6471343],[110.9796298,21.6510614],[110.9801404,21.6515628],[110.9806795,21.6520267],[110.9811022,21.6523717],[110.9815936,21.6527446],[110.9823197,21.653263],[110.9826128,21.6534616],[110.9835202,21.6540834]]},"properties":{"key":"way:969734924@detail:443_86","osmType":"way","osmId":969734924,"sourceRegion":"guangdong","featureType":"infrastructure","railClass":"national","mode":"rail","name":"广茂线","nameEn":"Guangmao Line","ref":"0708","operator":"中国铁路广州局集团有限公司","usage":"main","bridge":"yes","status":"operational","color":"#E54848","dataOrigin":"datum-2026-08-01","sourceKey":"way:969734924"}},{"type":"Feature","geometry":{"type":"LineString","coordinates":[[110.9354327,21.6429741],[110.9378885,21.6425038],[110.9397102,21.6421492],[110.9420874,21.6416956],[110.9442404,21.6412672],[110.9446899,21.6412014],[110.9451212,21.6411536],[110.9453061,21.6411369],[110.9456715,21.6411167],[110.9459787,21.6411168],[110.9462608,21.6411278],[110.9467623,21.6411748],[110.9470149,21.6412092],[110.9472477,21.6412503],[110.9475249,21.6413123],[110.9478406,21.6413878],[110.9481637,21.6414675],[110.9488617,21.6416954],[110.9502327,21.6422176],[110.9507141,21.6424162]]},"properties":{"key":"way:969734926@detail:443_86","osmType":"way","osmId":969734926,"sourceRegion":"guangdong","featureType":"infrastructure","railClass":"national","mode":"rail","name":"广茂线","nameEn":"Guangmao Line","ref":"0708","operator":"中国铁路广州局集团有限公司","usage":"main","status":"operational","color":"#E54848","dataOrigin":"datum-2026-08-01","sourceKey":"way:969734926"}},{"type":"Feature","geometry":{"type":"LineString","coordinates":[[110.9431702,21.643603],[110.9430045,21.6435778],[110.9428003,21.6435244],[110.9424805,21.6434419],[110.9421786,21.6433503],[110.9418445,21.6432362],[110.9415572,21.6431312],[110.9414343,21.6430858]]},"properties":{"key":"way:969734927@detail:443_86","osmType":"way","osmId":969734927,"sourceRegion":"guangdong","featureType":"infrastructure","railClass":"minor","mode":"disused","name":"未命名","status":"operational","color":"#52636F","dataOrigin":"datum-2026-08-01","sourceKey":"way:969734927"}},{"type":"Feature","geometry":{"type":"LineString","coordinates":[[110.9279485,21.644752],[110.928625,21.6445851],[110.9288743,21.6445244],[110.9295353,21.6443637],[110.9297705,21.6443065],[110.9300714,21.6442316],[110.9305194,21.6441201],[110.9307972,21.6440538],[110.9318101,21.6438328],[110.9333359,21.6435322],[110.9340222,21.643397],[110.9351438,21.6431796],[110.9359946,21.6430129],[110.9365964,21.642895],[110.9378009,21.6426591],[110.9393472,21.6423612],[110.9404179,21.6421654],[110.9441721,21.6414253],[110.9444747,21.6413841],[110.9449672,21.6413196],[110.9451628,21.6412973],[110.9454039,21.641279],[110.9456285,21.6412719],[110.9458582,21.6412672],[110.9462486,21.6412768],[110.9466975,21.6413092],[110.9470738,21.6413672],[110.9473883,21.641427],[110.9479735,21.641564],[110.9483769,21.6416805],[110.9488161,21.6418175],[110.9491294,21.6419378],[110.9499149,21.6422433],[110.9506839,21.6425442]]},"properties":{"key":"way:969734928@detail:443_86","osmType":"way","osmId":969734928,"sourceRegion":"guangdong","featureType":"infrastructure","railClass":"national","mode":"rail","name":"广茂疏解线","ref":"1721","operator":"中国铁路广州局集团有限公司","usage":"main","status":"operational","color":"#E54848","dataOrigin":"datum-2026-08-01","sourceKey":"way:969734928"}},{"type":"Feature","geometry":{"type":"LineString","coordinates":[[110.8953148,21.6546437],[110.8966515,21.6543131],[110.8978122,21.6539956],[110.8981318,21.6539078],[110.8985517,21.6537729],[110.8992983,21.6535158],[110.8999966,21.6532572],[110.9007373,21.6529442],[110.9014746,21.6526153]]},"properties":{"key":"way:969734929@detail:443_86","osmType":"way","osmId":969734929,"sourceRegion":"guangdong","featureType":"infrastructure","railClass":"national","mode":"rail","name":"广茂疏解线","ref":"1721","operator":"中国铁路广州局集团有限公司","usage":"main","status":"operational","color":"#E54848","dataOrigin":"datum-2026-08-01","sourceKey":"way:969734929"}},{"type":"Feature","geometry":{"type":"LineString","coordinates":[[110.91443,21.6472221],[110.9141972,21.6472384],[110.9140131,21.6472446],[110.9138022,21.6472332],[110.913636,21.6472032]]},"properties":{"key":"way:969734930@detail:443_86","osmType":"way","osmId":969734930,"sourceRegion":"guangdong","featureType":"infrastructure","railClass":"minor","mode":"rail","name":"未命名","service":"spur","status":"operational","color":"#52636F","dataOrigin":"datum-2026-08-01","sourceKey":"way:969734930"}},{"type":"Feature","geometry":{"type":"LineString","coordinates":[[110.913636,21.6472032],[110.9134677,21.6471733],[110.9131208,21.6470845],[110.9128026,21.6469611],[110.9125057,21.6468108],[110.9119257,21.6463719],[110.91164,21.6460116],[110.9114789,21.6457201]]},"properties":{"key":"way:969734931@detail:443_86","osmType":"way","osmId":969734931,"sourceRegion":"guangdong","featureType":"infrastructure","railClass":"minor","mode":"disused","name":"未命名","service":"spur","status":"operational","color":"#52636F","dataOrigin":"datum-2026-08-01","sourceKey":"way:969734931"}},{"type":"Feature","geometry":{"type":"LineString","coordinates":[[110.8785598,21.6563036],[110.8791538,21.6561627],[110.8796981,21.6560288],[110.8813749,21.6556021],[110.8829874,21.6551796],[110.8843147,21.6550236]]},"properties":{"key":"way:969734932@detail:443_86","osmType":"way","osmId":969734932,"sourceRegion":"guangdong","featureType":"infrastructure","railClass":"national","mode":"rail","name":"广茂疏解线","ref":"1721","operator":"中国铁路广州局集团有限公司","usage":"main","status":"operational","color":"#E54848","dataOrigin":"datum-2026-08-01","sourceKey":"way:969734932"}},{"type":"Feature","geometry":{"type":"LineString","coordinates":[[110.8791733,21.6561179],[110.8787721,21.6561971],[110.8785801,21.656245],[110.8783011,21.6563297]]},"properties":{"key":"way:969734941@detail:443_86","osmType":"way","osmId":969734941,"sourceRegion":"guangdong","featureType":"infrastructure","railClass":"minor","mode":"rail","name":"未命名","service":"siding","status":"operational","color":"#52636F","dataOrigin":"datum-2026-08-01","sourceKey":"way:969734941"}},{"type":"Feature","geometry":{"type":"LineString","coordinates":[[110.8949122,21.6533626],[110.8960637,21.6534166],[110.8964843,21.6534298],[110.8969502,21.6534246],[110.8975386,21.6533915],[110.898114,21.6533311],[110.8988047,21.6532386],[110.899423,21.6531222],[110.8996796,21.6530653],[110.8999141,21.6529987],[110.900177,21.6529236],[110.9004791,21.6528261],[110.9008528,21.6527017],[110.9012012,21.652563],[110.9013991,21.6524805]]},"properties":{"key":"way:969734942@detail:443_86","osmType":"way","osmId":969734942,"sourceRegion":"guangdong","featureType":"infrastructure","railClass":"national","mode":"rail","name":"广茂线","nameEn":"Guangmao Line","ref":"0708","usage":"main","status":"operational","color":"#E54848","dataOrigin":"datum-2026-08-01","sourceKey":"way:969734942"}},{"type":"Feature","geometry":{"type":"LineString","coordinates":[[110.9359946,21.6430129],[110.9353772,21.6431893],[110.9349999,21.6432923],[110.9347182,21.6433541],[110.9343235,21.643427],[110.9311457,21.6440686],[110.9308952,21.6441066],[110.9305396,21.6441605],[110.9300714,21.6442316]]},"properties":{"key":"way:969734943@detail:443_86","osmType":"way","osmId":969734943,"sourceRegion":"guangdong","featureType":"infrastructure","railClass":"minor","mode":"rail","name":"未命名","usage":"main","service":"yard","status":"operational","color":"#52636F","dataOrigin":"datum-2026-08-01","sourceKey":"way:969734943"}},{"type":"Feature","geometry":{"type":"LineString","coordinates":[[110.9305396,21.6441605],[110.9297368,21.6443778]]},"properties":{"key":"way:969734944@detail:443_86","osmType":"way","osmId":969734944,"sourceRegion":"guangdong","featureType":"infrastructure","railClass":"minor","mode":"rail","name":"未命名","service":"siding","status":"operational","color":"#52636F","dataOrigin":"datum-2026-08-01","sourceKey":"way:969734944"}},{"type":"Feature","geometry":{"type":"LineString","coordinates":[[110.9191634,21.6463202],[110.919621,21.6462459],[110.9203225,21.646132],[110.9206703,21.6460756],[110.9218835,21.6458777],[110.9225246,21.6457662],[110.9269388,21.6449117],[110.9275075,21.6448021],[110.9279403,21.6447002],[110.9288492,21.6444722],[110.9298092,21.6442313],[110.930034,21.6441748],[110.930891,21.6439594]]},"properties":{"key":"way:969734945@detail:443_86","osmType":"way","osmId":969734945,"sourceRegion":"guangdong","featureType":"infrastructure","railClass":"minor","mode":"rail","name":"未命名","usage":"main","service":"yard","status":"operational","color":"#52636F","dataOrigin":"datum-2026-08-01","sourceKey":"way:969734945"}},{"type":"Feature","geometry":{"type":"LineString","coordinates":[[110.9203225,21.646132],[110.9209793,21.645984],[110.9223503,21.6456738],[110.9226424,21.6456125],[110.9229823,21.64555],[110.9233658,21.6454747],[110.9273514,21.6447106],[110.9283124,21.6445179],[110.9298092,21.6442313]]},"properties":{"key":"way:969734946@detail:443_86","osmType":"way","osmId":969734946,"sourceRegion":"guangdong","featureType":"infrastructure","railClass":"minor","mode":"rail","name":"未命名","usage":"main","service":"yard","status":"operational","color":"#52636F","dataOrigin":"datum-2026-08-01","sourceKey":"way:969734946"}},{"type":"Feature","geometry":{"type":"LineString","coordinates":[[110.9300064,21.6440823],[110.9287897,21.6442503],[110.928174,21.6443312],[110.9276745,21.6444043],[110.9269221,21.6445164],[110.9264423,21.6445921],[110.9259481,21.6446865],[110.9234855,21.6451672],[110.9226816,21.6453412],[110.9223085,21.6454306],[110.9216472,21.6456135],[110.9208491,21.6458343],[110.9203692,21.645967],[110.9197725,21.6461347]]},"properties":{"key":"way:969734947@detail:443_86","osmType":"way","osmId":969734947,"sourceRegion":"guangdong","featureType":"infrastructure","railClass":"minor","mode":"rail","name":"未命名","usage":"main","service":"yard","status":"operational","color":"#52636F","dataOrigin":"datum-2026-08-01","sourceKey":"way:969734947"}},{"type":"Feature","geometry":{"type":"LineString","coordinates":[[110.9181311,21.6464502],[110.9187822,21.646267],[110.9192837,21.6461259],[110.9220012,21.6453745],[110.9223886,21.6452714],[110.9228376,21.645165],[110.9231109,21.6451087],[110.9231923,21.6450934],[110.9235741,21.6450219],[110.9265804,21.6444369],[110.9271644,21.6443373],[110.9287408,21.6441077],[110.9317672,21.6436883]]},"properties":{"key":"way:969734948@detail:443_86","osmType":"way","osmId":969734948,"sourceRegion":"guangdong","featureType":"infrastructure","railClass":"minor","mode":"rail","name":"未命名","usage":"main","service":"yard","status":"operational","color":"#52636F","dataOrigin":"datum-2026-08-01","sourceKey":"way:969734948"}},{"type":"Feature","geometry":{"type":"LineString","coordinates":[[110.928174,21.6443312],[110.9288822,21.6441714]]},"properties":{"key":"way:969734949@detail:443_86","osmType":"way","osmId":969734949,"sourceRegion":"guangdong","featureType":"infrastructure","railClass":"minor","mode":"rail","name":"未命名","usage":"main","service":"crossover","status":"operational","color":"#52636F","dataOrigin":"datum-2026-08-01","sourceKey":"way:969734949"}},{"type":"Feature","geometry":{"type":"LineString","coordinates":[[110.9287897,21.6442503],[110.9276353,21.6444853],[110.9267894,21.6446642],[110.9260617,21.6448083],[110.9234567,21.645295],[110.9223873,21.6454976],[110.9215623,21.6456805],[110.9208491,21.6458343]]},"properties":{"key":"way:969734950@detail:443_86","osmType":"way","osmId":969734950,"sourceRegion":"guangdong","featureType":"infrastructure","railClass":"minor","mode":"rail","name":"未命名","usage":"main","service":"yard","status":"operational","color":"#52636F","dataOrigin":"datum-2026-08-01","sourceKey":"way:969734950"}},{"type":"Feature","geometry":{"type":"LineString","coordinates":[[110.920965,21.6457455],[110.9216472,21.6456135]]},"properties":{"key":"way:969734951@detail:443_86","osmType":"way","osmId":969734951,"sourceRegion":"guangdong","featureType":"infrastructure","railClass":"minor","mode":"rail","name":"未命名","usage":"main","service":"crossover","status":"operational","color":"#52636F","dataOrigin":"datum-2026-08-01","sourceKey":"way:969734951"}},{"type":"Feature","geometry":{"type":"LineString","coordinates":[[110.9288492,21.6444722],[110.9295353,21.6443637]]},"properties":{"key":"way:969734952@detail:443_86","osmType":"way","osmId":969734952,"sourceRegion":"guangdong","featureType":"infrastructure","railClass":"minor","mode":"rail","name":"未命名","usage":"main","service":"crossover","status":"operational","color":"#52636F","dataOrigin":"datum-2026-08-01","sourceKey":"way:969734952"}},{"type":"Feature","geometry":{"type":"LineString","coordinates":[[110.9397102,21.6421492],[110.9390994,21.6423194]]},"properties":{"key":"way:969734953@detail:443_86","osmType":"way","osmId":969734953,"sourceRegion":"guangdong","featureType":"infrastructure","railClass":"minor","mode":"rail","name":"未命名","usage":"main","service":"crossover","status":"operational","color":"#52636F","dataOrigin":"datum-2026-08-01","sourceKey":"way:969734953"}},{"type":"Feature","geometry":{"type":"LineString","coordinates":[[110.937941,21.6425455],[110.9372004,21.6427333]]},"properties":{"key":"way:969734954@detail:443_86","osmType":"way","osmId":969734954,"sourceRegion":"guangdong","featureType":"infrastructure","railClass":"minor","mode":"rail","name":"未命名","usage":"main","service":"crossover","status":"operational","color":"#52636F","dataOrigin":"datum-2026-08-01","sourceKey":"way:969734954"}},{"type":"Feature","geometry":{"type":"LineString","coordinates":[[110.9357513,21.6430089],[110.9365964,21.642895]]},"properties":{"key":"way:969734955@detail:443_86","osmType":"way","osmId":969734955,"sourceRegion":"guangdong","featureType":"infrastructure","railClass":"minor","mode":"rail","name":"未命名","usage":"main","service":"crossover","status":"operational","color":"#52636F","dataOrigin":"datum-2026-08-01","sourceKey":"way:969734955"}},{"type":"Feature","geometry":{"type":"LineString","coordinates":[[110.9340665,21.6433359],[110.9333359,21.6435322]]},"properties":{"key":"way:969734956@detail:443_86","osmType":"way","osmId":969734956,"sourceRegion":"guangdong","featureType":"infrastructure","railClass":"minor","mode":"rail","name":"未命名","usage":"main","service":"crossover","status":"operational","color":"#52636F","dataOrigin":"datum-2026-08-01","sourceKey":"way:969734956"}},{"type":"Feature","geometry":{"type":"LineString","coordinates":[[110.9343349,21.643238],[110.9350079,21.6431523]]},"properties":{"key":"way:969734957@detail:443_86","osmType":"way","osmId":969734957,"sourceRegion":"guangdong","featureType":"infrastructure","railClass":"minor","mode":"rail","name":"未命名","usage":"main","service":"crossover","status":"operational","color":"#52636F","dataOrigin":"datum-2026-08-01","sourceKey":"way:969734957"}},{"type":"Feature","geometry":{"type":"LineString","coordinates":[[110.9336748,21.6433698],[110.93268,21.6435107]]},"properties":{"key":"way:969734958@detail:443_86","osmType":"way","osmId":969734958,"sourceRegion":"guangdong","featureType":"infrastructure","railClass":"minor","mode":"rail","name":"未命名","usage":"main","service":"crossover","status":"operational","color":"#52636F","dataOrigin":"datum-2026-08-01","sourceKey":"way:969734958"}},{"type":"Feature","geometry":{"type":"LineString","coordinates":[[110.9196394,21.6449818],[110.9204617,21.6445767],[110.9209844,21.6443192],[110.9216661,21.6439806]]},"properties":{"key":"way:969734959@detail:443_86","osmType":"way","osmId":969734959,"sourceRegion":"guangdong","featureType":"infrastructure","railClass":"minor","mode":"rail","name":"未命名","usage":"main","service":"yard","status":"operational","color":"#52636F","dataOrigin":"datum-2026-08-01","sourceKey":"way:969734959"}},{"type":"Feature","geometry":{"type":"LineString","coordinates":[[110.9204617,21.6445767],[110.9208816,21.6444264],[110.9211523,21.6443295],[110.9213751,21.6442601]]},"properties":{"key":"way:969734960@detail:443_86","osmType":"way","osmId":969734960,"sourceRegion":"guangdong","featureType":"infrastructure","railClass":"minor","mode":"rail","name":"未命名","usage":"main","service":"yard","status":"operational","color":"#52636F","dataOrigin":"datum-2026-08-01","sourceKey":"way:969734960"}},{"type":"Feature","geometry":{"type":"LineString","coordinates":[[110.9195952,21.645365],[110.9181992,21.6458863]]},"properties":{"key":"way:969734962@detail:443_86","osmType":"way","osmId":969734962,"sourceRegion":"guangdong","featureType":"infrastructure","railClass":"minor","mode":"rail","name":"未命名","usage":"main","service":"yard","status":"operational","color":"#52636F","dataOrigin":"datum-2026-08-01","sourceKey":"way:969734962"}},{"type":"Feature","geometry":{"type":"LineString","coordinates":[[110.9180667,21.6459491],[110.9181992,21.6458863],[110.918551,21.6457193],[110.9186641,21.6456627],[110.9191539,21.6454174],[110.9198849,21.6450512],[110.9211939,21.6443956]]},"properties":{"key":"way:969734963@detail:443_86","osmType":"way","osmId":969734963,"sourceRegion":"guangdong","featureType":"infrastructure","railClass":"minor","mode":"rail","name":"未命名","usage":"main","service":"yard","status":"operational","color":"#52636F","dataOrigin":"datum-2026-08-01","sourceKey":"way:969734963"}},{"type":"Feature","geometry":{"type":"LineString","coordinates":[[110.9186641,21.6456627],[110.9197631,21.6452558],[110.9220501,21.6444068]]},"properties":{"key":"way:969734964@detail:443_86","osmType":"way","osmId":969734964,"sourceRegion":"guangdong","featureType":"infrastructure","railClass":"minor","mode":"rail","name":"未命名","usage":"main","service":"yard","status":"operational","color":"#52636F","dataOrigin":"datum-2026-08-01","sourceKey":"way:969734964"}},{"type":"Feature","geometry":{"type":"LineString","coordinates":[[110.9191539,21.6454174],[110.9208628,21.6447336],[110.9214153,21.6444857]]},"properties":{"key":"way:969734965@detail:443_86","osmType":"way","osmId":969734965,"sourceRegion":"guangdong","featureType":"infrastructure","railClass":"minor","mode":"rail","name":"未命名","usage":"main","service":"yard","status":"operational","color":"#52636F","dataOrigin":"datum-2026-08-01","sourceKey":"way:969734965"}},{"type":"Feature","geometry":{"type":"LineString","coordinates":[[110.9198849,21.6450512],[110.9203518,21.6448865],[110.9205332,21.6448079],[110.9212217,21.6444658]]},"properties":{"key":"way:969734966@detail:443_86","osmType":"way","osmId":969734966,"sourceRegion":"guangdong","featureType":"infrastructure","railClass":"minor","mode":"rail","name":"未命名","usage":"main","service":"yard","status":"operational","color":"#52636F","dataOrigin":"datum-2026-08-01","sourceKey":"way:969734966"}},{"type":"Feature","geometry":{"type":"LineString","coordinates":[[110.9187822,21.646267],[110.9174484,21.6465575],[110.9160554,21.6468642],[110.91443,21.6472221],[110.9135481,21.6474162],[110.9130618,21.6475233],[110.9124621,21.6476582],[110.9120105,21.6477779],[110.9115026,21.6479252],[110.9108304,21.6481275],[110.9103121,21.6483037],[110.9099004,21.648451],[110.909394,21.6486369],[110.9090179,21.6487855],[110.9084509,21.6490318],[110.9083314,21.6490839]]},"properties":{"key":"way:969734967@detail:443_86","osmType":"way","osmId":969734967,"sourceRegion":"guangdong","featureType":"infrastructure","railClass":"minor","mode":"rail","name":"未命名","service":"siding","status":"operational","color":"#52636F","dataOrigin":"datum-2026-08-01","sourceKey":"way:969734967"}},{"type":"Feature","geometry":{"type":"LineString","coordinates":[[110.9215212,21.6461347],[110.9185158,21.6467212],[110.9183228,21.646749],[110.9181361,21.6467652],[110.9179692,21.6467733],[110.9178045,21.6467835],[110.917614,21.6467952],[110.9174758,21.6468058],[110.9173208,21.6468272],[110.9172008,21.6468482]]},"properties":{"key":"way:969734968@detail:443_86","osmType":"way","osmId":969734968,"sourceRegion":"guangdong","featureType":"infrastructure","railClass":"minor","mode":"rail","name":"未命名","service":"siding","status":"operational","color":"#52636F","dataOrigin":"datum-2026-08-01","sourceKey":"way:969734968"}},{"type":"Feature","geometry":{"type":"LineString","coordinates":[[110.9171809,21.6466617],[110.9164513,21.6468643]]},"properties":{"key":"way:969734969@detail:443_86","osmType":"way","osmId":969734969,"sourceRegion":"guangdong","featureType":"infrastructure","railClass":"minor","mode":"rail","name":"未命名","usage":"main","service":"crossover","status":"operational","color":"#52636F","dataOrigin":"datum-2026-08-01","sourceKey":"way:969734969"}},{"type":"Feature","geometry":{"type":"LineString","coordinates":[[110.9196346,21.6466288],[110.9188231,21.6467582],[110.918618,21.6467844],[110.9184892,21.6467941],[110.9183269,21.646797],[110.9178045,21.6467835]]},"properties":{"key":"way:969734970@detail:443_86","osmType":"way","osmId":969734970,"sourceRegion":"guangdong","featureType":"infrastructure","railClass":"minor","mode":"rail","name":"未命名","service":"siding","status":"operational","color":"#52636F","dataOrigin":"datum-2026-08-01","sourceKey":"way:969734970"}},{"type":"Feature","geometry":{"type":"LineString","coordinates":[[110.916646,21.6469675],[110.9171876,21.6468053]]},"properties":{"key":"way:969734972@detail:443_86","osmType":"way","osmId":969734972,"sourceRegion":"guangdong","featureType":"infrastructure","railClass":"minor","mode":"rail","name":"未命名","service":"crossover","status":"operational","color":"#52636F","dataOrigin":"datum-2026-08-01","sourceKey":"way:969734972"}},{"type":"Feature","geometry":{"type":"LineString","coordinates":[[110.9172008,21.6468482],[110.9171378,21.6468592],[110.9169802,21.6468944],[110.916646,21.6469675],[110.9162096,21.647063],[110.9136762,21.6476266]]},"properties":{"key":"way:969734973@detail:443_86","osmType":"way","osmId":969734973,"sourceRegion":"guangdong","featureType":"infrastructure","railClass":"minor","mode":"rail","name":"未命名","service":"siding","status":"operational","color":"#52636F","dataOrigin":"datum-2026-08-01","sourceKey":"way:969734973"}},{"type":"Feature","geometry":{"type":"LineString","coordinates":[[110.9168466,21.646832],[110.916218,21.647017]]},"properties":{"key":"way:969734974@detail:443_86","osmType":"way","osmId":969734974,"sourceRegion":"guangdong","featureType":"infrastructure","railClass":"minor","mode":"rail","name":"未命名","usage":"main","service":"crossover","status":"operational","color":"#52636F","dataOrigin":"datum-2026-08-01","sourceKey":"way:969734974"}},{"type":"Feature","geometry":{"type":"LineString","coordinates":[[110.9174836,21.6466474],[110.9178013,21.646608],[110.91802,21.6465755]]},"properties":{"key":"way:969734975@detail:443_86","osmType":"way","osmId":969734975,"sourceRegion":"guangdong","featureType":"infrastructure","railClass":"minor","mode":"rail","name":"未命名","usage":"main","service":"crossover","status":"operational","color":"#52636F","dataOrigin":"datum-2026-08-01","sourceKey":"way:969734975"}},{"type":"Feature","geometry":{"type":"LineString","coordinates":[[110.9146703,21.6472134],[110.9154044,21.6470969]]},"properties":{"key":"way:969734976@detail:443_86","osmType":"way","osmId":969734976,"sourceRegion":"guangdong","featureType":"infrastructure","railClass":"minor","mode":"rail","name":"未命名","usage":"main","service":"crossover","status":"operational","color":"#52636F","dataOrigin":"datum-2026-08-01","sourceKey":"way:969734976"}},{"type":"Feature","geometry":{"type":"LineString","coordinates":[[110.9135481,21.6474162],[110.9140494,21.6473499]]},"properties":{"key":"way:969734977@detail:443_86","osmType":"way","osmId":969734977,"sourceRegion":"guangdong","featureType":"infrastructure","railClass":"minor","mode":"rail","name":"未命名","service":"crossover","status":"operational","color":"#52636F","dataOrigin":"datum-2026-08-01","sourceKey":"way:969734977"}},{"type":"Feature","geometry":{"type":"LineString","coordinates":[[110.9202652,21.646197],[110.919621,21.6462459]]},"properties":{"key":"way:969734978@detail:443_86","osmType":"way","osmId":969734978,"sourceRegion":"guangdong","featureType":"infrastructure","railClass":"minor","mode":"rail","name":"未命名","usage":"main","service":"crossover","status":"operational","color":"#52636F","dataOrigin":"datum-2026-08-01","sourceKey":"way:969734978"}},{"type":"Feature","geometry":{"type":"LineString","coordinates":[[110.756064,21.5044505],[110.7578046,21.5061005],[110.7580207,21.5063056],[110.7584976,21.5067581],[110.7589255,21.5071641],[110.7600384,21.508196],[110.7601308,21.5082817],[110.7608877,21.5090158],[110.7612749,21.5093913],[110.7617521,21.5098653],[110.7663499,21.5142231],[110.7678438,21.5156258],[110.7685476,21.5162866],[110.7694131,21.5170992]]},"properties":{"key":"way:969969576@detail:443_86","osmType":"way","osmId":969969576,"sourceRegion":"guangdong","featureType":"infrastructure","railClass":"minor","mode":"rail","name":"未命名","usage":"main","service":"yard","highspeed":"yes","status":"operational","color":"#52636F","dataOrigin":"datum-2026-08-01","sourceKey":"way:969969576"}},{"type":"Feature","geometry":{"type":"LineString","coordinates":[[110.7613691,21.5104557],[110.7597985,21.5089171],[110.7596758,21.5087828],[110.7595695,21.508641],[110.7594622,21.5084533],[110.7593828,21.5082677],[110.7592965,21.5079957],[110.7591656,21.5076503],[110.7590862,21.5075046],[110.7589767,21.5073469],[110.758841,21.5071521],[110.7584976,21.5067581]]},"properties":{"key":"way:969969577@detail:443_86","osmType":"way","osmId":969969577,"sourceRegion":"guangdong","featureType":"infrastructure","railClass":"minor","mode":"rail","name":"未命名","usage":"main","service":"yard","status":"operational","color":"#52636F","dataOrigin":"datum-2026-08-01","sourceKey":"way:969969577"}},{"type":"Feature","geometry":{"type":"LineString","coordinates":[[110.7600384,21.508196],[110.759542,21.5076548]]},"properties":{"key":"way:969969578@detail:443_86","osmType":"way","osmId":969969578,"sourceRegion":"guangdong","featureType":"infrastructure","railClass":"minor","mode":"rail","name":"未命名","usage":"main","service":"crossover","highspeed":"yes","status":"operational","color":"#52636F","dataOrigin":"datum-2026-08-01","sourceKey":"way:969969578"}},{"type":"Feature","geometry":{"type":"LineString","coordinates":[[110.7588494,21.5070088],[110.7580207,21.5063056]]},"properties":{"key":"way:969969579@detail:443_86","osmType":"way","osmId":969969579,"sourceRegion":"guangdong","featureType":"infrastructure","railClass":"minor","mode":"rail","name":"未命名","usage":"main","service":"crossover","highspeed":"yes","status":"operational","color":"#52636F","dataOrigin":"datum-2026-08-01","sourceKey":"way:969969579"}},{"type":"Feature","geometry":{"type":"LineString","coordinates":[[110.7678438,21.5156258],[110.7671745,21.5150518],[110.7666856,21.5146652],[110.7662586,21.5143199],[110.7659646,21.5140424],[110.7635429,21.5117512],[110.7630503,21.5113013],[110.7628284,21.5110758],[110.762616,21.5108562],[110.7623409,21.5105762],[110.7618212,21.5100357],[110.761215,21.5093877],[110.7608877,21.5090158]]},"properties":{"key":"way:969969580@detail:443_86","osmType":"way","osmId":969969580,"sourceRegion":"guangdong","featureType":"infrastructure","railClass":"minor","mode":"rail","name":"未命名","usage":"main","service":"yard","highspeed":"yes","status":"operational","color":"#52636F","dataOrigin":"datum-2026-08-01","sourceKey":"way:969969580"}},{"type":"Feature","geometry":{"type":"LineString","coordinates":[[110.7691705,21.5168053],[110.7685476,21.5162866]]},"properties":{"key":"way:969969581@detail:443_86","osmType":"way","osmId":969969581,"sourceRegion":"guangdong","featureType":"infrastructure","railClass":"minor","mode":"rail","name":"未命名","usage":"main","service":"crossover","highspeed":"yes","status":"operational","color":"#52636F","dataOrigin":"datum-2026-08-01","sourceKey":"way:969969581"}},{"type":"Feature","geometry":{"type":"LineString","coordinates":[[110.7686468,21.5162452],[110.7682136,21.5157787],[110.7679486,21.515517],[110.767539,21.5151345],[110.7620972,21.5099855],[110.7617453,21.5096525],[110.7615871,21.5094854],[110.7614121,21.5092699],[110.7611129,21.5089015],[110.7611025,21.5088896],[110.7608309,21.5085792],[110.7606994,21.5084415],[110.7600782,21.5078264]]},"properties":{"key":"way:969969582@detail:443_86","osmType":"way","osmId":969969582,"sourceRegion":"guangdong","featureType":"infrastructure","railClass":"minor","mode":"rail","name":"未命名","usage":"main","service":"yard","highspeed":"yes","status":"operational","color":"#52636F","dataOrigin":"datum-2026-08-01","sourceKey":"way:969969582"}},{"type":"Feature","geometry":{"type":"LineString","coordinates":[[110.7600367,21.5078514],[110.7607697,21.5085843],[110.7611025,21.5088896]]},"properties":{"key":"way:969969583@detail:443_86","osmType":"way","osmId":969969583,"sourceRegion":"guangdong","featureType":"infrastructure","railClass":"minor","mode":"rail","name":"未命名","usage":"main","service":"yard","highspeed":"yes","status":"operational","color":"#52636F","dataOrigin":"datum-2026-08-01","sourceKey":"way:969969583"}},{"type":"Feature","geometry":{"type":"LineString","coordinates":[[110.7619638,21.5098018],[110.7614121,21.5092699]]},"properties":{"key":"way:969969584@detail:443_86","osmType":"way","osmId":969969584,"sourceRegion":"guangdong","featureType":"infrastructure","railClass":"minor","mode":"rail","name":"未命名","usage":"main","service":"yard","highspeed":"yes","status":"operational","color":"#52636F","dataOrigin":"datum-2026-08-01","sourceKey":"way:969969584"}},{"type":"Feature","geometry":{"type":"LineString","coordinates":[[110.7615407,21.5095252],[110.7620972,21.5099855]]},"properties":{"key":"way:969969585@detail:443_86","osmType":"way","osmId":969969585,"sourceRegion":"guangdong","featureType":"infrastructure","railClass":"minor","mode":"rail","name":"未命名","usage":"main","service":"crossover","highspeed":"yes","status":"operational","color":"#52636F","dataOrigin":"datum-2026-08-01","sourceKey":"way:969969585"}},{"type":"Feature","geometry":{"type":"LineString","coordinates":[[110.9223673,21.576515],[110.9233621,21.5750655],[110.9247102,21.5731011]]},"properties":{"key":"way:970221614@detail:443_86","osmType":"way","osmId":970221614,"sourceRegion":"guangdong","featureType":"infrastructure","railClass":"minor","mode":"rail","name":"未命名","service":"spur","status":"operational","color":"#52636F","dataOrigin":"datum-2026-08-01","sourceKey":"way:970221614"}},{"type":"Feature","geometry":{"type":"LineString","coordinates":[[110.9224085,21.5765395],[110.9234048,21.5750877],[110.9247513,21.5731255]]},"properties":{"key":"way:970221615@detail:443_86","osmType":"way","osmId":970221615,"sourceRegion":"guangdong","featureType":"infrastructure","railClass":"minor","mode":"rail","name":"未命名","service":"spur","status":"operational","color":"#52636F","dataOrigin":"datum-2026-08-01","sourceKey":"way:970221615"}},{"type":"Feature","geometry":{"type":"LineString","coordinates":[[110.9224496,21.5765639],[110.9234476,21.5751099],[110.9247924,21.57315]]},"properties":{"key":"way:970221616@detail:443_86","osmType":"way","osmId":970221616,"sourceRegion":"guangdong","featureType":"infrastructure","railClass":"minor","mode":"rail","name":"未命名","service":"spur","status":"operational","color":"#52636F","dataOrigin":"datum-2026-08-01","sourceKey":"way:970221616"}},{"type":"Feature","geometry":{"type":"LineString","coordinates":[[110.9224907,21.5765884],[110.9234902,21.5751319],[110.9248335,21.5731745]]},"properties":{"key":"way:970221617@detail:443_86","osmType":"way","osmId":970221617,"sourceRegion":"guangdong","featureType":"infrastructure","railClass":"minor","mode":"rail","name":"未命名","service":"spur","status":"operational","color":"#52636F","dataOrigin":"datum-2026-08-01","sourceKey":"way:970221617"}},{"type":"Feature","geometry":{"type":"LineString","coordinates":[[110.9225729,21.5766373],[110.9235756,21.5751762],[110.9249157,21.5732234]]},"properties":{"key":"way:970221618@detail:443_86","osmType":"way","osmId":970221618,"sourceRegion":"guangdong","featureType":"infrastructure","railClass":"minor","mode":"rail","name":"未命名","service":"spur","status":"operational","color":"#52636F","dataOrigin":"datum-2026-08-01","sourceKey":"way:970221618"}},{"type":"Feature","geometry":{"type":"LineString","coordinates":[[110.9523015,21.642965],[110.9524206,21.6429957],[110.9525313,21.6430294],[110.9527737,21.6430828],[110.9530762,21.6431399],[110.9535891,21.6432443],[110.9541902,21.6433206],[110.9546034,21.6433692],[110.9550816,21.6434028],[110.9556265,21.6434279],[110.9566065,21.6434309],[110.9583696,21.6434472],[110.9589832,21.6434507]]},"properties":{"key":"way:971284170@detail:443_86","osmType":"way","osmId":971284170,"sourceRegion":"guangdong","featureType":"infrastructure","railClass":"national","mode":"rail","name":"广茂线","nameEn":"Guangmao Line","ref":"0708","operator":"中国铁路广州局集团有限公司","usage":"main","status":"operational","color":"#E54848","dataOrigin":"datum-2026-08-01","sourceKey":"way:971284170"}},{"type":"Feature","geometry":{"type":"LineString","coordinates":[[110.9713673,21.6002501],[110.9456896,21.5948483],[110.9440387,21.5944904],[110.9422339,21.5940777],[110.9406334,21.5937001],[110.9389917,21.5932877],[110.9376394,21.5929116],[110.9362521,21.592503],[110.9157054,21.5863654],[110.9145781,21.5859977],[110.9134626,21.5856233],[110.9120305,21.5851326],[110.9103209,21.5845035],[110.9083939,21.583784],[110.9065258,21.583048],[110.8896163,21.5762462],[110.888101,21.5756645],[110.8864639,21.575061],[110.8850477,21.5745581],[110.8836129,21.5740645],[110.8820259,21.5735853],[110.880609,21.5731727],[110.8789178,21.5727076],[110.8766821,21.5721453],[110.8746266,21.5716837],[110.8727393,21.5713036],[110.8705863,21.5709089],[110.867954,21.5704663],[110.8456303,21.5669414],[110.8421265,21.5663046],[110.8380427,21.5654512],[110.8354542,21.5648423],[110.8328657,21.5642045],[110.8308283,21.5636274],[110.8287376,21.5629502],[110.8265148,21.5621661],[110.8247836,21.5614679],[110.8230593,21.5607436],[110.8212089,21.5599401],[110.8194221,21.5591263],[110.8175314,21.5582286],[110.8158719,21.5573815],[110.8141744,21.5564837],[110.8124051,21.5554887],[110.8109304,21.5545622],[110.8094643,21.5535938],[110.8080204,21.5525611],[110.8065523,21.5514271],[110.7940081,21.5410683],[110.7928112,21.540058],[110.791679,21.5390536],[110.7902993,21.5377817]]},"properties":{"key":"way:1052629862@detail:443_86","osmType":"way","osmId":1052629862,"sourceRegion":"guangdong","featureType":"infrastructure","railClass":"highspeed","mode":"rail","name":"广湛高速线","nameEn":"Guangzhou-Zhanjiang Railway","usage":"main","highspeed":"yes","bridge":"yes","status":"operational","color":"#E54848","dataOrigin":"datum-2026-08-01","sourceKey":"way:1052629862"}},{"type":"Feature","geometry":{"type":"LineString","coordinates":[[110.9942558,21.6050491],[110.9855238,21.6032183],[110.9834271,21.6027787],[110.976229,21.6012695],[110.9739582,21.6007933],[110.9713673,21.6002501]]},"properties":{"key":"way:1052659289@detail:443_86","osmType":"way","osmId":1052659289,"sourceRegion":"guangdong","featureType":"infrastructure","railClass":"highspeed","mode":"rail","name":"广湛高速线","nameEn":"Guangzhou-Zhanjiang Railway","usage":"main","highspeed":"yes","status":"operational","color":"#E54848","dataOrigin":"datum-2026-08-01","sourceKey":"way:1052659289"}},{"type":"Feature","geometry":{"type":"LineString","coordinates":[[110.8787448,21.694625],[110.8791927,21.6949789],[110.8795642,21.6953247],[110.8800376,21.6957602],[110.8802531,21.6960023]]},"properties":{"key":"way:1103200896@detail:443_86","osmType":"way","osmId":1103200896,"sourceRegion":"guangdong","featureType":"infrastructure","railClass":"minor","mode":"rail","name":"未命名","service":"yard","status":"operational","color":"#52636F","dataOrigin":"datum-2026-08-01","sourceKey":"way:1103200896"}},{"type":"Feature","geometry":{"type":"LineString","coordinates":[[110.8776216,21.6935366],[110.8785456,21.6944338],[110.8787448,21.694625]]},"properties":{"key":"way:1103200897@detail:443_86","osmType":"way","osmId":1103200897,"sourceRegion":"guangdong","featureType":"infrastructure","railClass":"minor","mode":"rail","name":"未命名","service":"yard","status":"operational","color":"#52636F","dataOrigin":"datum-2026-08-01","sourceKey":"way:1103200897"}},{"type":"Feature","geometry":{"type":"LineString","coordinates":[[110.8777034,21.6937646],[110.8784357,21.6944014],[110.8787448,21.694625]]},"properties":{"key":"way:1103200898@detail:443_86","osmType":"way","osmId":1103200898,"sourceRegion":"guangdong","featureType":"infrastructure","railClass":"minor","mode":"rail","name":"未命名","service":"yard","status":"operational","color":"#52636F","dataOrigin":"datum-2026-08-01","sourceKey":"way:1103200898"}},{"type":"Feature","geometry":{"type":"LineString","coordinates":[[110.9393072,21.6426407],[110.9391534,21.6426399],[110.9388302,21.6426436],[110.9385196,21.642661]]},"properties":{"key":"way:1112254672@detail:443_86","osmType":"way","osmId":1112254672,"sourceRegion":"guangdong","featureType":"infrastructure","railClass":"minor","mode":"disused","name":"未命名","status":"operational","color":"#52636F","dataOrigin":"datum-2026-08-01","sourceKey":"way:1112254672"}},{"type":"Feature","geometry":{"type":"LineString","coordinates":[[110.9409318,21.6429269],[110.9408518,21.6428958],[110.9405378,21.6428041],[110.9402768,21.642733],[110.9400529,21.6426846],[110.9399266,21.6426602]]},"properties":{"key":"way:1113331922@detail:443_86","osmType":"way","osmId":1113331922,"sourceRegion":"guangdong","featureType":"infrastructure","railClass":"minor","mode":"disused","name":"未命名","status":"operational","color":"#52636F","dataOrigin":"datum-2026-08-01","sourceKey":"way:1113331922"}},{"type":"Feature","geometry":{"type":"LineString","coordinates":[[110.9410405,21.6429639],[110.9409318,21.6429269]]},"properties":{"key":"way:1113331923@detail:443_86","osmType":"way","osmId":1113331923,"sourceRegion":"guangdong","featureType":"infrastructure","railClass":"minor","mode":"abandoned","name":"未命名","status":"operational","color":"#52636F","dataOrigin":"datum-2026-08-01","sourceKey":"way:1113331923"}},{"type":"Feature","geometry":{"type":"LineString","coordinates":[[110.9126815,21.5879428],[110.9131569,21.5874353],[110.9144066,21.5857342],[110.9148118,21.5852874]]},"properties":{"key":"way:1151262498@detail:443_86","osmType":"way","osmId":1151262498,"sourceRegion":"guangdong","featureType":"infrastructure","railClass":"minor","mode":"rail","name":"乙烯工业专线铁路","usage":"industrial","service":"spur","status":"operational","color":"#52636F","dataOrigin":"datum-2026-08-01","sourceKey":"way:1151262498"}},{"type":"Feature","geometry":{"type":"LineString","coordinates":[[110.9120745,21.5885909],[110.9126815,21.5879428]]},"properties":{"key":"way:1151262499@detail:443_86","osmType":"way","osmId":1151262499,"sourceRegion":"guangdong","featureType":"infrastructure","railClass":"minor","mode":"rail","name":"乙烯工业专线铁路","usage":"industrial","service":"spur","bridge":"yes","status":"operational","color":"#52636F","dataOrigin":"datum-2026-08-01","sourceKey":"way:1151262499"}},{"type":"Feature","geometry":{"type":"LineString","coordinates":[[110.9413155,21.6430472],[110.9410405,21.6429639]]},"properties":{"key":"way:1159448745@detail:443_86","osmType":"way","osmId":1159448745,"sourceRegion":"guangdong","featureType":"infrastructure","railClass":"minor","mode":"disused","name":"未命名","status":"operational","color":"#52636F","dataOrigin":"datum-2026-08-01","sourceKey":"way:1159448745"}},{"type":"Feature","geometry":{"type":"LineString","coordinates":[[110.9414343,21.6430858],[110.9413155,21.6430472]]},"properties":{"key":"way:1159448746@detail:443_86","osmType":"way","osmId":1159448746,"sourceRegion":"guangdong","featureType":"infrastructure","railClass":"minor","mode":"abandoned","name":"未命名","status":"operational","color":"#52636F","dataOrigin":"datum-2026-08-01","sourceKey":"way:1159448746"}},{"type":"Feature","geometry":{"type":"LineString","coordinates":[[110.8944059,21.6150852],[110.8944378,21.615016],[110.8947005,21.614612],[110.8950734,21.6142441],[110.8974284,21.6116944],[110.8976215,21.6114288],[110.8980021,21.6107904],[110.8983403,21.610152],[110.8999224,21.6061388]]},"properties":{"key":"way:1160378479@detail:443_86","osmType":"way","osmId":1160378479,"sourceRegion":"guangdong","featureType":"infrastructure","railClass":"minor","mode":"rail","name":"乙烯工业专线铁路","usage":"industrial","service":"spur","status":"operational","color":"#52636F","dataOrigin":"datum-2026-08-01","sourceKey":"way:1160378479"}},{"type":"Feature","geometry":{"type":"LineString","coordinates":[[110.8932028,21.621055],[110.8933407,21.6207131]]},"properties":{"key":"way:1160378480@detail:443_86","osmType":"way","osmId":1160378480,"sourceRegion":"guangdong","featureType":"infrastructure","railClass":"minor","mode":"rail","name":"乙烯工业专线铁路","usage":"industrial","service":"spur","bridge":"yes","status":"operational","color":"#52636F","dataOrigin":"datum-2026-08-01","sourceKey":"way:1160378480"}},{"type":"Feature","geometry":{"type":"LineString","coordinates":[[110.9520599,21.6430768],[110.9524452,21.6432128]]},"properties":{"key":"way:1160489657@detail:443_86","osmType":"way","osmId":1160489657,"sourceRegion":"guangdong","featureType":"infrastructure","railClass":"national","mode":"rail","name":"广茂疏解线","ref":"1721","operator":"中国铁路广州局集团有限公司","usage":"main","bridge":"yes","status":"operational","color":"#E54848","dataOrigin":"datum-2026-08-01","sourceKey":"way:1160489657"}},{"type":"Feature","geometry":{"type":"LineString","coordinates":[[110.9506936,21.6425032],[110.9499814,21.6422081],[110.949539,21.6420262],[110.9490312,21.6418427],[110.948711,21.6417276],[110.9482776,21.6415915],[110.9478961,21.641491],[110.9474648,21.6413903],[110.9470625,21.6413085],[110.946731,21.6412681],[110.9463867,21.6412324],[110.9460323,21.6412207],[110.9456226,21.6412187],[110.9453841,21.6412261],[110.9450864,21.6412527],[110.9447707,21.6412946],[110.9443085,21.6413573],[110.9437765,21.6414528],[110.9429119,21.6416274],[110.9401077,21.6421695],[110.9372004,21.6427333],[110.9368801,21.6427954],[110.9361324,21.6429354],[110.9357513,21.6430089],[110.9350079,21.6431523],[110.9345702,21.6432368]]},"properties":{"key":"way:1160489658@detail:443_86","osmType":"way","osmId":1160489658,"sourceRegion":"guangdong","featureType":"infrastructure","railClass":"highspeed","mode":"rail","name":"深湛线","nameEn":"Shenzhen-Zhanjiang Railway","ref":"3071","operator":"中国铁路广州局集团有限公司","usage":"main","highspeed":"yes","status":"operational","color":"#E54848","dataOrigin":"datum-2026-08-01","sourceKey":"way:1160489658"}},{"type":"Feature","geometry":{"type":"LineString","coordinates":[[110.9524533,21.6431576],[110.9519989,21.6430009]]},"properties":{"key":"way:1160489659@detail:443_86","osmType":"way","osmId":1160489659,"sourceRegion":"guangdong","featureType":"infrastructure","railClass":"highspeed","mode":"rail","name":"深湛线","nameEn":"Shenzhen-Zhanjiang Railway","ref":"3071","operator":"中国铁路广州局集团有限公司","usage":"main","highspeed":"yes","bridge":"yes","status":"operational","color":"#E54848","dataOrigin":"datum-2026-08-01","sourceKey":"way:1160489659"}},{"type":"Feature","geometry":{"type":"LineString","coordinates":[[110.9507042,21.6424578],[110.9505075,21.6423808],[110.9495017,21.6419739],[110.9488823,21.6417404],[110.9483642,21.6415696],[110.9478969,21.6414406],[110.9474486,21.6413368],[110.9470656,21.6412694],[110.9466709,21.641218],[110.9463201,21.6411904],[110.945886,21.6411791],[110.9455885,21.6411753],[110.9450985,21.6412072],[110.9448033,21.6412451],[110.9445,21.6412815],[110.9437908,21.6413976],[110.9428908,21.6415828],[110.9400953,21.6421249],[110.9390994,21.6423194],[110.937941,21.6425455],[110.936841,21.6427603],[110.935834,21.6429479],[110.9345552,21.643194]]},"properties":{"key":"way:1160489660@detail:443_86","osmType":"way","osmId":1160489660,"sourceRegion":"guangdong","featureType":"infrastructure","railClass":"highspeed","mode":"rail","name":"深湛线","nameEn":"Shenzhen-Zhanjiang Railway","ref":"3071","operator":"中国铁路广州局集团有限公司","usage":"main","highspeed":"yes","status":"operational","color":"#E54848","dataOrigin":"datum-2026-08-01","sourceKey":"way:1160489660"}},{"type":"Feature","geometry":{"type":"LineString","coordinates":[[110.9524592,21.6431115],[110.9520062,21.6429514]]},"properties":{"key":"way:1160489661@detail:443_86","osmType":"way","osmId":1160489661,"sourceRegion":"guangdong","featureType":"infrastructure","railClass":"highspeed","mode":"rail","name":"深湛线","nameEn":"Shenzhen-Zhanjiang Railway","ref":"3071","operator":"中国铁路广州局集团有限公司","usage":"main","highspeed":"yes","bridge":"yes","status":"operational","color":"#E54848","dataOrigin":"datum-2026-08-01","sourceKey":"way:1160489661"}},{"type":"Feature","geometry":{"type":"LineString","coordinates":[[110.9515822,21.6427367],[110.9518757,21.642834],[110.9521158,21.6429104]]},"properties":{"key":"way:1160489662@detail:443_86","osmType":"way","osmId":1160489662,"sourceRegion":"guangdong","featureType":"infrastructure","railClass":"national","mode":"rail","name":"广茂线","nameEn":"Guangmao Line","ref":"0708","operator":"中国铁路广州局集团有限公司","usage":"main","status":"operational","color":"#E54848","dataOrigin":"datum-2026-08-01","sourceKey":"way:1160489662"}},{"type":"Feature","geometry":{"type":"LineString","coordinates":[[110.9521158,21.6429104],[110.9523015,21.642965]]},"properties":{"key":"way:1160489663@detail:443_86","osmType":"way","osmId":1160489663,"sourceRegion":"guangdong","featureType":"infrastructure","railClass":"national","mode":"rail","name":"广茂线","nameEn":"Guangmao Line","ref":"0708","operator":"中国铁路广州局集团有限公司","usage":"main","bridge":"yes","status":"operational","color":"#E54848","dataOrigin":"datum-2026-08-01","sourceKey":"way:1160489663"}},{"type":"Feature","geometry":{"type":"LineString","coordinates":[[110.950765,21.6425759],[110.9519094,21.6430237],[110.9520599,21.6430768]]},"properties":{"key":"way:1160489664@detail:443_86","osmType":"way","osmId":1160489664,"sourceRegion":"guangdong","featureType":"infrastructure","railClass":"national","mode":"rail","name":"广茂疏解线","ref":"1721","operator":"中国铁路广州局集团有限公司","usage":"main","status":"operational","color":"#E54848","dataOrigin":"datum-2026-08-01","sourceKey":"way:1160489664"}},{"type":"Feature","geometry":{"type":"LineString","coordinates":[[110.9506839,21.6425442],[110.950765,21.6425759]]},"properties":{"key":"way:1160489665@detail:443_86","osmType":"way","osmId":1160489665,"sourceRegion":"guangdong","featureType":"infrastructure","railClass":"national","mode":"rail","name":"广茂疏解线","ref":"1721","operator":"中国铁路广州局集团有限公司","usage":"main","bridge":"yes","status":"operational","color":"#E54848","dataOrigin":"datum-2026-08-01","sourceKey":"way:1160489665"}},{"type":"Feature","geometry":{"type":"LineString","coordinates":[[110.9519989,21.6430009],[110.9518711,21.6429568],[110.9509666,21.6426163],[110.9507742,21.6425366]]},"properties":{"key":"way:1160489666@detail:443_86","osmType":"way","osmId":1160489666,"sourceRegion":"guangdong","featureType":"infrastructure","railClass":"highspeed","mode":"rail","name":"深湛线","nameEn":"Shenzhen-Zhanjiang Railway","ref":"3071","operator":"中国铁路广州局集团有限公司","usage":"main","highspeed":"yes","status":"operational","color":"#E54848","dataOrigin":"datum-2026-08-01","sourceKey":"way:1160489666"}},{"type":"Feature","geometry":{"type":"LineString","coordinates":[[110.9507742,21.6425366],[110.9506936,21.6425032]]},"properties":{"key":"way:1160489667@detail:443_86","osmType":"way","osmId":1160489667,"sourceRegion":"guangdong","featureType":"infrastructure","railClass":"highspeed","mode":"rail","name":"深湛线","nameEn":"Shenzhen-Zhanjiang Railway","ref":"3071","operator":"中国铁路广州局集团有限公司","usage":"main","highspeed":"yes","bridge":"yes","status":"operational","color":"#E54848","dataOrigin":"datum-2026-08-01","sourceKey":"way:1160489667"}},{"type":"Feature","geometry":{"type":"LineString","coordinates":[[110.9520062,21.6429514],[110.9515903,21.6428044],[110.9507854,21.6424895]]},"properties":{"key":"way:1160489668@detail:443_86","osmType":"way","osmId":1160489668,"sourceRegion":"guangdong","featureType":"infrastructure","railClass":"highspeed","mode":"rail","name":"深湛线","nameEn":"Shenzhen-Zhanjiang Railway","ref":"3071","operator":"中国铁路广州局集团有限公司","usage":"main","highspeed":"yes","status":"operational","color":"#E54848","dataOrigin":"datum-2026-08-01","sourceKey":"way:1160489668"}},{"type":"Feature","geometry":{"type":"LineString","coordinates":[[110.9507854,21.6424895],[110.9507042,21.6424578]]},"properties":{"key":"way:1160489669@detail:443_86","osmType":"way","osmId":1160489669,"sourceRegion":"guangdong","featureType":"infrastructure","railClass":"highspeed","mode":"rail","name":"深湛线","nameEn":"Shenzhen-Zhanjiang Railway","ref":"3071","operator":"中国铁路广州局集团有限公司","usage":"main","highspeed":"yes","bridge":"yes","status":"operational","color":"#E54848","dataOrigin":"datum-2026-08-01","sourceKey":"way:1160489669"}},{"type":"Feature","geometry":{"type":"LineString","coordinates":[[110.9507948,21.6424494],[110.9509579,21.6425167],[110.9513449,21.6426561],[110.9515822,21.6427367]]},"properties":{"key":"way:1160489670@detail:443_86","osmType":"way","osmId":1160489670,"sourceRegion":"guangdong","featureType":"infrastructure","railClass":"national","mode":"rail","name":"广茂线","nameEn":"Guangmao Line","ref":"0708","operator":"中国铁路广州局集团有限公司","usage":"main","status":"operational","color":"#E54848","dataOrigin":"datum-2026-08-01","sourceKey":"way:1160489670"}},{"type":"Feature","geometry":{"type":"LineString","coordinates":[[110.9507141,21.6424162],[110.9507948,21.6424494]]},"properties":{"key":"way:1160489671@detail:443_86","osmType":"way","osmId":1160489671,"sourceRegion":"guangdong","featureType":"infrastructure","railClass":"national","mode":"rail","name":"广茂线","nameEn":"Guangmao Line","ref":"0708","operator":"中国铁路广州局集团有限公司","usage":"main","bridge":"yes","status":"operational","color":"#E54848","dataOrigin":"datum-2026-08-01","sourceKey":"way:1160489671"}},{"type":"Feature","geometry":{"type":"LineString","coordinates":[[110.9990677,21.7067051],[110.9990133,21.7068035],[110.9975746,21.7096247]]},"properties":{"key":"way:1162010970@detail:443_86","osmType":"way","osmId":1162010970,"sourceRegion":"guangdong","featureType":"infrastructure","railClass":"national","mode":"rail","name":"益湛线","ref":"0072","operator":"中国铁路广州局集团有限公司","usage":"main","status":"operational","color":"#E54848","dataOrigin":"datum-2026-08-01","sourceKey":"way:1162010970"}},{"type":"Feature","geometry":{"type":"LineString","coordinates":[[110.9975746,21.7096247],[110.9975239,21.7097258]]},"properties":{"key":"way:1162010971@detail:443_86","osmType":"way","osmId":1162010971,"sourceRegion":"guangdong","featureType":"infrastructure","railClass":"national","mode":"rail","name":"益湛线","ref":"0072","operator":"中国铁路广州局集团有限公司","usage":"main","bridge":"yes","status":"operational","color":"#E54848","dataOrigin":"datum-2026-08-01","sourceKey":"way:1162010971"}},{"type":"Feature","geometry":{"type":"LineString","coordinates":[[110.999529,21.7059422],[110.9991224,21.7065984]]},"properties":{"key":"way:1162010972@detail:443_86","osmType":"way","osmId":1162010972,"sourceRegion":"guangdong","featureType":"infrastructure","railClass":"national","mode":"rail","name":"益湛线","ref":"0072","operator":"中国铁路广州局集团有限公司","usage":"main","status":"operational","color":"#E54848","dataOrigin":"datum-2026-08-01","sourceKey":"way:1162010972"}},{"type":"Feature","geometry":{"type":"LineString","coordinates":[[110.9991224,21.7065984],[110.9990677,21.7067051]]},"properties":{"key":"way:1162010973@detail:443_86","osmType":"way","osmId":1162010973,"sourceRegion":"guangdong","featureType":"infrastructure","railClass":"national","mode":"rail","name":"益湛线","ref":"0072","operator":"中国铁路广州局集团有限公司","usage":"main","bridge":"yes","status":"operational","color":"#E54848","dataOrigin":"datum-2026-08-01","sourceKey":"way:1162010973"}},{"type":"Feature","geometry":{"type":"LineString","coordinates":[[110.9876444,21.6569424],[110.988126,21.6572709],[110.9886002,21.6576263],[110.9888427,21.6578138],[110.9890616,21.6579992],[110.9893706,21.6582605],[110.9915863,21.6602204],[110.9932534,21.6616779],[110.9956949,21.6638331],[110.9964813,21.6644729],[110.9989502,21.6664377],[110.9998074,21.6670787],[111.0,21.66722600070182]]},"properties":{"key":"way:1162365496@detail:443_86","osmType":"way","osmId":1162365496,"sourceRegion":"guangdong","featureType":"infrastructure","railClass":"national","mode":"rail","name":"广茂线","nameEn":"Guangmao Line","ref":"0708","operator":"中国铁路广州局集团有限公司","usage":"main","status":"operational","color":"#E54848","dataOrigin":"datum-2026-08-01","sourceKey":"way:1162365496"}},{"type":"Feature","geometry":{"type":"LineString","coordinates":[[110.8933407,21.6207131],[110.8940434,21.6189544],[110.8940735,21.6169366],[110.8940166,21.6164983],[110.894061,21.6161542],[110.8941273,21.6158151],[110.8943063,21.6153014],[110.894371,21.615161]]},"properties":{"key":"way:1174275157@detail:443_86","osmType":"way","osmId":1174275157,"sourceRegion":"guangdong","featureType":"infrastructure","railClass":"minor","mode":"rail","name":"乙烯工业专线铁路","usage":"industrial","service":"spur","status":"operational","color":"#52636F","dataOrigin":"datum-2026-08-01","sourceKey":"way:1174275157"}},{"type":"Feature","geometry":{"type":"LineString","coordinates":[[110.894371,21.615161],[110.8944059,21.6150852]]},"properties":{"key":"way:1174275158@detail:443_86","osmType":"way","osmId":1174275158,"sourceRegion":"guangdong","featureType":"infrastructure","railClass":"minor","mode":"rail","name":"乙烯工业专线铁路","usage":"industrial","service":"spur","bridge":"yes","status":"operational","color":"#52636F","dataOrigin":"datum-2026-08-01","sourceKey":"way:1174275158"}},{"type":"Feature","geometry":{"type":"LineString","coordinates":[[111.0,21.606233471134022],[110.9942558,21.6050491]]},"properties":{"key":"way:1249493179@detail:443_86","osmType":"way","osmId":1249493179,"sourceRegion":"guangdong","featureType":"infrastructure","railClass":"highspeed","mode":"rail","name":"广湛高速线","nameEn":"Guangzhou-Zhanjiang Railway","usage":"main","highspeed":"yes","bridge":"yes","status":"operational","color":"#E54848","dataOrigin":"datum-2026-08-01","sourceKey":"way:1249493179"}},{"type":"Feature","geometry":{"type":"LineString","coordinates":[[110.7803552,21.5271042],[110.7796379,21.5263307],[110.7788385,21.5255202],[110.7779352,21.5246217],[110.7766741,21.5234191]]},"properties":{"key":"way:1249493180@detail:443_86","osmType":"way","osmId":1249493180,"sourceRegion":"guangdong","featureType":"infrastructure","railClass":"highspeed","mode":"rail","name":"广湛高速线","nameEn":"Guangzhou-Zhanjiang Railway","usage":"main","highspeed":"yes","status":"operational","color":"#E54848","dataOrigin":"datum-2026-08-01","sourceKey":"way:1249493180"}},{"type":"Feature","geometry":{"type":"LineString","coordinates":[[110.7902993,21.5377817],[110.7894995,21.5369969]]},"properties":{"key":"way:1249493181@detail:443_86","osmType":"way","osmId":1249493181,"sourceRegion":"guangdong","featureType":"infrastructure","railClass":"highspeed","mode":"rail","name":"广湛高速线","nameEn":"Guangzhou-Zhanjiang Railway","usage":"main","highspeed":"yes","status":"operational","color":"#E54848","dataOrigin":"datum-2026-08-01","sourceKey":"way:1249493181"}},{"type":"Feature","geometry":{"type":"LineString","coordinates":[[110.7894995,21.5369969],[110.7879336,21.5354267]]},"properties":{"key":"way:1249493182@detail:443_86","osmType":"way","osmId":1249493182,"sourceRegion":"guangdong","featureType":"infrastructure","railClass":"highspeed","mode":"rail","name":"广湛高速线","nameEn":"Guangzhou-Zhanjiang Railway","usage":"main","highspeed":"yes","bridge":"yes","status":"operational","color":"#E54848","dataOrigin":"datum-2026-08-01","sourceKey":"way:1249493182"}},{"type":"Feature","geometry":{"type":"LineString","coordinates":[[110.7879336,21.5354267],[110.7873239,21.5347897]]},"properties":{"key":"way:1249493183@detail:443_86","osmType":"way","osmId":1249493183,"sourceRegion":"guangdong","featureType":"infrastructure","railClass":"highspeed","mode":"rail","name":"广湛高速线","nameEn":"Guangzhou-Zhanjiang Railway","usage":"main","highspeed":"yes","status":"operational","color":"#E54848","dataOrigin":"datum-2026-08-01","sourceKey":"way:1249493183"}},{"type":"Feature","geometry":{"type":"LineString","coordinates":[[110.7873239,21.5347897],[110.7865327,21.5339454]]},"properties":{"key":"way:1249493184@detail:443_86","osmType":"way","osmId":1249493184,"sourceRegion":"guangdong","featureType":"infrastructure","railClass":"highspeed","mode":"rail","name":"广湛高速线","nameEn":"Guangzhou-Zhanjiang Railway","usage":"main","highspeed":"yes","bridge":"yes","status":"operational","color":"#E54848","dataOrigin":"datum-2026-08-01","sourceKey":"way:1249493184"}},{"type":"Feature","geometry":{"type":"LineString","coordinates":[[110.7865327,21.5339454],[110.7858886,21.5332416]]},"properties":{"key":"way:1249493185@detail:443_86","osmType":"way","osmId":1249493185,"sourceRegion":"guangdong","featureType":"infrastructure","railClass":"highspeed","mode":"rail","name":"广湛高速线","nameEn":"Guangzhou-Zhanjiang Railway","usage":"main","highspeed":"yes","status":"operational","color":"#E54848","dataOrigin":"datum-2026-08-01","sourceKey":"way:1249493185"}},{"type":"Feature","geometry":{"type":"LineString","coordinates":[[110.7858886,21.5332416],[110.7850457,21.5323099]]},"properties":{"key":"way:1249493186@detail:443_86","osmType":"way","osmId":1249493186,"sourceRegion":"guangdong","featureType":"infrastructure","railClass":"highspeed","mode":"rail","name":"广湛高速线","nameEn":"Guangzhou-Zhanjiang Railway","usage":"main","highspeed":"yes","bridge":"yes","status":"operational","color":"#E54848","dataOrigin":"datum-2026-08-01","sourceKey":"way:1249493186"}},{"type":"Feature","geometry":{"type":"LineString","coordinates":[[110.7850457,21.5323099],[110.7839611,21.5310994]]},"properties":{"key":"way:1249493187@detail:443_86","osmType":"way","osmId":1249493187,"sourceRegion":"guangdong","featureType":"infrastructure","railClass":"highspeed","mode":"rail","name":"广湛高速线","nameEn":"Guangzhou-Zhanjiang Railway","usage":"main","highspeed":"yes","status":"operational","color":"#E54848","dataOrigin":"datum-2026-08-01","sourceKey":"way:1249493187"}},{"type":"Feature","geometry":{"type":"LineString","coordinates":[[110.7839611,21.5310994],[110.783411,21.5304875]]},"properties":{"key":"way:1249493188@detail:443_86","osmType":"way","osmId":1249493188,"sourceRegion":"guangdong","featureType":"infrastructure","railClass":"highspeed","mode":"rail","name":"广湛高速线","nameEn":"Guangzhou-Zhanjiang Railway","usage":"main","highspeed":"yes","bridge":"yes","status":"operational","color":"#E54848","dataOrigin":"datum-2026-08-01","sourceKey":"way:1249493188"}},{"type":"Feature","geometry":{"type":"LineString","coordinates":[[110.783411,21.5304875],[110.7809981,21.5278099]]},"properties":{"key":"way:1249493189@detail:443_86","osmType":"way","osmId":1249493189,"sourceRegion":"guangdong","featureType":"infrastructure","railClass":"highspeed","mode":"rail","name":"广湛高速线","nameEn":"Guangzhou-Zhanjiang Railway","usage":"main","highspeed":"yes","status":"operational","color":"#E54848","dataOrigin":"datum-2026-08-01","sourceKey":"way:1249493189"}},{"type":"Feature","geometry":{"type":"LineString","coordinates":[[110.7809981,21.5278099],[110.7803552,21.5271042]]},"properties":{"key":"way:1249493190@detail:443_86","osmType":"way","osmId":1249493190,"sourceRegion":"guangdong","featureType":"infrastructure","railClass":"highspeed","mode":"rail","name":"广湛高速线","nameEn":"Guangzhou-Zhanjiang Railway","usage":"main","highspeed":"yes","bridge":"yes","status":"operational","color":"#E54848","dataOrigin":"datum-2026-08-01","sourceKey":"way:1249493190"}},{"type":"Feature","geometry":{"type":"LineString","coordinates":[[110.7742462,21.5211098],[110.7676252,21.5148064],[110.7618543,21.5093003],[110.7568549,21.5045521],[110.7558123,21.5035109],[110.7547816,21.5024934],[110.7537766,21.5014635],[110.7523701238756,21.5]]},"properties":{"key":"way:1249493191@detail:443_86","osmType":"way","osmId":1249493191,"sourceRegion":"guangdong","featureType":"infrastructure","railClass":"highspeed","mode":"rail","name":"广湛高速线","nameEn":"Guangzhou-Zhanjiang Railway","usage":"main","highspeed":"yes","status":"operational","color":"#E54848","dataOrigin":"datum-2026-08-01","sourceKey":"way:1249493191"}},{"type":"Feature","geometry":{"type":"LineString","coordinates":[[110.7766741,21.5234191],[110.7742462,21.5211098]]},"properties":{"key":"way:1249493192@detail:443_86","osmType":"way","osmId":1249493192,"sourceRegion":"guangdong","featureType":"infrastructure","railClass":"highspeed","mode":"rail","name":"广湛高速线","nameEn":"Guangzhou-Zhanjiang Railway","usage":"main","highspeed":"yes","bridge":"yes","status":"operational","color":"#E54848","dataOrigin":"datum-2026-08-01","sourceKey":"way:1249493192"}},{"type":"Feature","geometry":{"type":"LineString","coordinates":[[110.8399589,21.7454501],[110.8401163,21.7452487],[110.8403697,21.7449797],[110.8405307,21.7448455],[110.8408268,21.7446289],[110.841192,21.7443965],[110.8414421,21.7442201],[110.8416373,21.7440713],[110.8418401,21.7438701],[110.841991,21.7437144],[110.8421011,21.7435683],[110.8423532,21.7432282],[110.8425642,21.7429178],[110.8426617,21.7427896],[110.842866,21.7424997],[110.8432131,21.7421469],[110.8433231,21.7420451],[110.8434409,21.7419629],[110.843638,21.7418343],[110.8438364,21.741742],[110.8448002,21.7413928],[110.8449491,21.7413426]]},"properties":{"key":"way:1320348444@detail:443_86","osmType":"way","osmId":1320348444,"sourceRegion":"guangdong","featureType":"infrastructure","railClass":"minor","mode":"narrow_gauge","name":"好心湖小火车","usage":"tourism","status":"operational","color":"#52636F","dataOrigin":"datum-2026-08-01","sourceKey":"way:1320348444"}},{"type":"Feature","geometry":{"type":"LineString","coordinates":[[110.8449491,21.7413426],[110.8452825,21.7412351]]},"properties":{"key":"way:1320348445@detail:443_86","osmType":"way","osmId":1320348445,"sourceRegion":"guangdong","featureType":"infrastructure","railClass":"minor","mode":"narrow_gauge","name":"好心湖小火车","usage":"tourism","bridge":"yes","status":"operational","color":"#52636F","dataOrigin":"datum-2026-08-01","sourceKey":"way:1320348445"}},{"type":"Feature","geometry":{"type":"LineString","coordinates":[[110.8549489,21.7197401],[110.8551005,21.7195906],[110.8553432,21.7193264],[110.8557576,21.7188019],[110.85625,21.718196],[110.8563668,21.7180513],[110.8564359,21.7179734],[110.8565031,21.7179182],[110.8566234,21.7178228],[110.8568102,21.7177085],[110.8572877,21.7174394],[110.8575219,21.7172677],[110.857753,21.7170358],[110.8578824,21.7168583],[110.8581134,21.7164834],[110.8583927,21.7159187],[110.8585006,21.7157784],[110.8586608,21.7156295],[110.8588347,21.7154952],[110.8595352,21.7150939],[110.8601264,21.7147501],[110.8603048,21.7146442],[110.8604362,21.7145495],[110.8605207,21.7144685],[110.8605931,21.7143327],[110.8606279,21.714235],[110.8606587,21.7141503],[110.8606681,21.7140456],[110.8606689,21.7129108],[110.8606694,21.7127442],[110.860768,21.7123991],[110.8608457,21.7122265],[110.8609336,21.712105],[110.86101,21.7120259],[110.8610918,21.711948],[110.8611706,21.7118889],[110.8612736,21.7118241],[110.8613356,21.7117945],[110.861414,21.711759],[110.8614851,21.7117344],[110.8616672,21.7116755],[110.863827,21.711021],[110.8640416,21.7109662],[110.8641905,21.7109363],[110.8643467,21.7109164],[110.8645586,21.710894],[110.8653217,21.7108535],[110.8655537,21.7108385],[110.8657545,21.7108155],[110.8658632,21.7107961],[110.8660737,21.7107525],[110.8661924,21.7107158],[110.8663657,21.7106566],[110.8665394,21.7105843],[110.8667681,21.7104666],[110.8674158,21.7100928],[110.8686697,21.7093764],[110.8691271,21.7091247],[110.8693846,21.7090038],[110.8698137,21.7088618],[110.8701946,21.7087708],[110.8703367,21.7087284],[110.8705071,21.7086736],[110.8723511,21.7079846],[110.8738974,21.7074214],[110.8753082,21.7069429],[110.8755764,21.7068158],[110.8758822,21.7066389],[110.8761558,21.7065367],[110.8763489,21.7064719],[110.8765206,21.7064645],[110.8766802,21.7064919],[110.8770047,21.7066078],[110.8771568,21.7066529],[110.8773047,21.7066735],[110.8784557,21.7067033]]},"properties":{"key":"way:1320392244@detail:443_86","osmType":"way","osmId":1320392244,"sourceRegion":"guangdong","featureType":"infrastructure","railClass":"minor","mode":"narrow_gauge","name":"好心湖小火车","usage":"tourism","status":"operational","color":"#52636F","dataOrigin":"datum-2026-08-01","sourceKey":"way:1320392244"}},{"type":"Feature","geometry":{"type":"LineString","coordinates":[[110.8452825,21.7412351],[110.8453867,21.7412017],[110.8456524,21.7410781],[110.8457395,21.7410258],[110.8458871,21.7408776],[110.8459514,21.7407804],[110.8460468,21.7405531],[110.8460974,21.7404185],[110.8461325,21.7403108],[110.8461673,21.7402485],[110.8462183,21.7401875],[110.8463068,21.7401127],[110.8464047,21.7400155],[110.8465375,21.7398798],[110.8468191,21.7395372],[110.8473078,21.7389785],[110.847483,21.7387703],[110.8476605,21.7385554],[110.8477892,21.7383707],[110.8481185,21.7378579],[110.8484877,21.737256],[110.8487383,21.736908],[110.8488865,21.7367444],[110.8491096,21.7365144]]},"properties":{"key":"way:1348189360@detail:443_86","osmType":"way","osmId":1348189360,"sourceRegion":"guangdong","featureType":"infrastructure","railClass":"minor","mode":"narrow_gauge","name":"好心湖小火车","usage":"tourism","status":"operational","color":"#52636F","dataOrigin":"datum-2026-08-01","sourceKey":"way:1348189360"}},{"type":"Feature","geometry":{"type":"LineString","coordinates":[[110.8491096,21.7365144],[110.8496737,21.7359306],[110.8500136,21.7355222],[110.8501665,21.735288],[110.8502215,21.7351684],[110.8502416,21.735055],[110.850251,21.7349591],[110.8502188,21.7347797],[110.8501826,21.734695],[110.8501397,21.7346177],[110.8500633,21.7345492],[110.849952,21.7344745],[110.8498713,21.7344175],[110.8495215,21.7343474],[110.8492827,21.7343038],[110.8491419,21.7342739],[110.8490078,21.7342228],[110.8488201,21.7341294],[110.8486766,21.734031],[110.8485438,21.7339164],[110.8484191,21.7337793],[110.8483332,21.7336423],[110.8482702,21.7335364],[110.8482085,21.7334006],[110.8477378,21.731826],[110.8477123,21.7317425],[110.8476587,21.7316329],[110.847601,21.7315232],[110.8473851,21.731142],[110.8473462,21.7310573],[110.8472738,21.7308617],[110.8472376,21.7307309],[110.8472121,21.7305702],[110.8471972,21.7304511],[110.8471922,21.7303312],[110.8471973,21.7302114],[110.8472115,21.7300974],[110.8472348,21.7299846],[110.8472671,21.7298738],[110.8473784,21.7295736],[110.8475018,21.7292235],[110.847538,21.729079],[110.84755,21.7289531],[110.8475608,21.7288311],[110.84755,21.7287164],[110.8475286,21.7285807],[110.8472791,21.7275491],[110.8472309,21.7273236],[110.847204,21.7271866],[110.8471893,21.7270184],[110.8471906,21.7268776],[110.8472027,21.7267692],[110.8472223,21.7266666],[110.8472509,21.7265659],[110.8472885,21.7264677],[110.847336,21.7263705],[110.8473923,21.7262773],[110.8474568,21.726189],[110.8475293,21.7261061],[110.847609,21.7260292],[110.8481039,21.7255259],[110.8490427,21.7246201],[110.8499989,21.7236683],[110.851855,21.7218394],[110.8520535,21.7216724],[110.8521929,21.721589],[110.852433,21.7214594],[110.8529285,21.7212152],[110.8532135,21.7210595],[110.8535086,21.7208875],[110.8538854,21.7206359],[110.8541416,21.7204515],[110.8544701,21.7201986],[110.8549489,21.7197401]]},"properties":{"key":"way:1348191123@detail:443_86","osmType":"way","osmId":1348191123,"sourceRegion":"guangdong","featureType":"infrastructure","railClass":"minor","mode":"narrow_gauge","name":"好心湖小火车","usage":"tourism","status":"operational","color":"#52636F","dataOrigin":"datum-2026-08-01","sourceKey":"way:1348191123"}},{"type":"Feature","geometry":{"type":"LineString","coordinates":[[110.8930964,21.7025421],[110.8929629,21.7021895]]},"properties":{"key":"way:1389296148@detail:443_86","osmType":"way","osmId":1389296148,"sourceRegion":"guangdong","featureType":"infrastructure","railClass":"national","mode":"rail","name":"未命名","status":"operational","color":"#E54848","dataOrigin":"datum-2026-08-01","sourceKey":"way:1389296148"}},{"type":"Feature","geometry":{"type":"LineString","coordinates":[[110.9975239,21.7097258],[110.9965166,21.7117319]]},"properties":{"key":"way:1459176742@detail:443_86","osmType":"way","osmId":1459176742,"sourceRegion":"guangdong","featureType":"infrastructure","railClass":"national","mode":"rail","name":"益湛线","ref":"0072","operator":"中国铁路广州局集团有限公司","usage":"main","status":"operational","color":"#E54848","dataOrigin":"datum-2026-08-01","sourceKey":"way:1459176742"}},{"type":"Feature","geometry":{"type":"LineString","coordinates":[[110.9965166,21.7117319],[110.9955488,21.7136594],[110.9946663,21.7154169],[110.9943727,21.7159817],[110.9933794,21.7178929]]},"properties":{"key":"way:1459176743@detail:443_86","osmType":"way","osmId":1459176743,"sourceRegion":"guangdong","featureType":"infrastructure","railClass":"national","mode":"rail","name":"益湛线","ref":"0072","operator":"中国铁路广州局集团有限公司","usage":"main","bridge":"yes","status":"operational","color":"#E54848","dataOrigin":"datum-2026-08-01","sourceKey":"way:1459176743"}},{"type":"Feature","geometry":{"type":"LineString","coordinates":[[111.0,21.6062839628866],[110.9942442,21.6050972]]},"properties":{"key":"way:1462282352@detail:443_86","osmType":"way","osmId":1462282352,"sourceRegion":"guangdong","featureType":"infrastructure","railClass":"highspeed","mode":"rail","name":"广湛高速线","nameEn":"Guangzhou-Zhanjiang Railway","usage":"main","highspeed":"yes","bridge":"yes","status":"operational","color":"#E54848","dataOrigin":"datum-2026-08-01","sourceKey":"way:1462282352"}},{"type":"Feature","geometry":{"type":"LineString","coordinates":[[110.9713556,21.6002982],[110.9456777,21.5948963],[110.9440264,21.5945383],[110.9422211,21.5941255],[110.94062,21.5937478],[110.9389772,21.5933351],[110.9376238,21.5929587],[110.936236,21.59255],[110.9156885,21.5864121],[110.9145603,21.5860441],[110.9134444,21.5856696],[110.9120116,21.5851786],[110.9103013,21.5845493],[110.9083737,21.5838296],[110.9065049,21.5830933],[110.8895957,21.5762916],[110.8880811,21.5757102],[110.8864447,21.5751069],[110.8850291,21.5746042],[110.8835955,21.5741111],[110.8820098,21.5736323],[110.8805936,21.5732199],[110.8789034,21.572755],[110.876669,21.5721931],[110.8746148,21.5717318],[110.8727286,21.5713519],[110.8705765,21.5709573],[110.8679448,21.5705149],[110.8456208,21.5669899],[110.8421156,21.5663528],[110.8380304,21.5654991],[110.8354409,21.56489],[110.8328512,21.5642519],[110.8308119,21.5636743],[110.8287195,21.5629965],[110.8264948,21.5622118],[110.8247621,21.561513],[110.8230372,21.5607884],[110.821186,21.5599846],[110.8193984,21.5591704],[110.8175066,21.5582722],[110.815846,21.5574245],[110.8141476,21.5565262],[110.8123765,21.5555302],[110.8109002,21.5546027],[110.8094328,21.5536335],[110.8079873,21.5525996],[110.8065178,21.5514645],[110.7939727,21.541105],[110.7927751,21.5400941],[110.7916421,21.539089],[110.7902614,21.5378162]]},"properties":{"key":"way:1462282364@detail:443_86","osmType":"way","osmId":1462282364,"sourceRegion":"guangdong","featureType":"infrastructure","railClass":"highspeed","mode":"rail","name":"广湛高速线","nameEn":"Guangzhou-Zhanjiang Railway","usage":"main","highspeed":"yes","bridge":"yes","status":"operational","color":"#E54848","dataOrigin":"datum-2026-08-01","sourceKey":"way:1462282364"}},{"type":"Feature","geometry":{"type":"LineString","coordinates":[[110.9942442,21.6050972],[110.9847435,21.6031052],[110.9741641,21.6008871],[110.9713556,21.6002982]]},"properties":{"key":"way:1462282365@detail:443_86","osmType":"way","osmId":1462282365,"sourceRegion":"guangdong","featureType":"infrastructure","railClass":"highspeed","mode":"rail","name":"广湛高速线","nameEn":"Guangzhou-Zhanjiang Railway","usage":"main","highspeed":"yes","status":"operational","color":"#E54848","dataOrigin":"datum-2026-08-01","sourceKey":"way:1462282365"}},{"type":"Feature","geometry":{"type":"LineString","coordinates":[[110.7833704,21.5305192],[110.7809576,21.5278417]]},"properties":{"key":"way:1462282366@detail:443_86","osmType":"way","osmId":1462282366,"sourceRegion":"guangdong","featureType":"infrastructure","railClass":"highspeed","mode":"rail","name":"广湛高速线","nameEn":"Guangzhou-Zhanjiang Railway","usage":"main","highspeed":"yes","status":"operational","color":"#E54848","dataOrigin":"datum-2026-08-01","sourceKey":"way:1462282366"}},{"type":"Feature","geometry":{"type":"LineString","coordinates":[[110.7858481,21.5332735],[110.7850051,21.5323416]]},"properties":{"key":"way:1462282369@detail:443_86","osmType":"way","osmId":1462282369,"sourceRegion":"guangdong","featureType":"infrastructure","railClass":"highspeed","mode":"rail","name":"广湛高速线","nameEn":"Guangzhou-Zhanjiang Railway","usage":"main","highspeed":"yes","bridge":"yes","status":"operational","color":"#E54848","dataOrigin":"datum-2026-08-01","sourceKey":"way:1462282369"}},{"type":"Feature","geometry":{"type":"LineString","coordinates":[[110.7803149,21.5271362],[110.7795983,21.5263635],[110.7787996,21.5255537],[110.7778969,21.5246558],[110.7766362,21.5234536]]},"properties":{"key":"way:1462282370@detail:443_86","osmType":"way","osmId":1462282370,"sourceRegion":"guangdong","featureType":"infrastructure","railClass":"highspeed","mode":"rail","name":"广湛高速线","nameEn":"Guangzhou-Zhanjiang Railway","usage":"main","highspeed":"yes","status":"operational","color":"#E54848","dataOrigin":"datum-2026-08-01","sourceKey":"way:1462282370"}},{"type":"Feature","geometry":{"type":"LineString","coordinates":[[110.7809576,21.5278417],[110.7803149,21.5271362]]},"properties":{"key":"way:1462282371@detail:443_86","osmType":"way","osmId":1462282371,"sourceRegion":"guangdong","featureType":"infrastructure","railClass":"highspeed","mode":"rail","name":"广湛高速线","nameEn":"Guangzhou-Zhanjiang Railway","usage":"main","highspeed":"yes","bridge":"yes","status":"operational","color":"#E54848","dataOrigin":"datum-2026-08-01","sourceKey":"way:1462282371"}},{"type":"Feature","geometry":{"type":"LineString","coordinates":[[110.7850051,21.5323416],[110.7839204,21.531131]]},"properties":{"key":"way:1462282374@detail:443_86","osmType":"way","osmId":1462282374,"sourceRegion":"guangdong","featureType":"infrastructure","railClass":"highspeed","mode":"rail","name":"广湛高速线","nameEn":"Guangzhou-Zhanjiang Railway","usage":"main","highspeed":"yes","status":"operational","color":"#E54848","dataOrigin":"datum-2026-08-01","sourceKey":"way:1462282374"}},{"type":"Feature","geometry":{"type":"LineString","coordinates":[[110.7902614,21.5378162],[110.7894608,21.5370306]]},"properties":{"key":"way:1462282376@detail:443_86","osmType":"way","osmId":1462282376,"sourceRegion":"guangdong","featureType":"infrastructure","railClass":"highspeed","mode":"rail","name":"广湛高速线","nameEn":"Guangzhou-Zhanjiang Railway","usage":"main","highspeed":"yes","status":"operational","color":"#E54848","dataOrigin":"datum-2026-08-01","sourceKey":"way:1462282376"}},{"type":"Feature","geometry":{"type":"LineString","coordinates":[[110.7742083,21.5211443],[110.7681771,21.5154257],[110.7617654,21.509301],[110.7568165,21.5045861],[110.7557736,21.5035446],[110.7547427,21.5025269],[110.7537372,21.5014965],[110.75229908607595,21.5]]},"properties":{"key":"way:1462282377@detail:443_86","osmType":"way","osmId":1462282377,"sourceRegion":"guangdong","featureType":"infrastructure","railClass":"highspeed","mode":"rail","name":"广湛高速线","nameEn":"Guangzhou-Zhanjiang Railway","usage":"main","highspeed":"yes","status":"operational","color":"#E54848","dataOrigin":"datum-2026-08-01","sourceKey":"way:1462282377"}},{"type":"Feature","geometry":{"type":"LineString","coordinates":[[110.7894608,21.5370306],[110.7878944,21.5354599]]},"properties":{"key":"way:1462282379@detail:443_86","osmType":"way","osmId":1462282379,"sourceRegion":"guangdong","featureType":"infrastructure","railClass":"highspeed","mode":"rail","name":"广湛高速线","nameEn":"Guangzhou-Zhanjiang Railway","usage":"main","highspeed":"yes","bridge":"yes","status":"operational","color":"#E54848","dataOrigin":"datum-2026-08-01","sourceKey":"way:1462282379"}},{"type":"Feature","geometry":{"type":"LineString","coordinates":[[110.7872841,21.5348223],[110.7864925,21.5339776]]},"properties":{"key":"way:1462282381@detail:443_86","osmType":"way","osmId":1462282381,"sourceRegion":"guangdong","featureType":"infrastructure","railClass":"highspeed","mode":"rail","name":"广湛高速线","nameEn":"Guangzhou-Zhanjiang Railway","usage":"main","highspeed":"yes","bridge":"yes","status":"operational","color":"#E54848","dataOrigin":"datum-2026-08-01","sourceKey":"way:1462282381"}},{"type":"Feature","geometry":{"type":"LineString","coordinates":[[110.7839204,21.531131],[110.7833704,21.5305192]]},"properties":{"key":"way:1462282384@detail:443_86","osmType":"way","osmId":1462282384,"sourceRegion":"guangdong","featureType":"infrastructure","railClass":"highspeed","mode":"rail","name":"广湛高速线","nameEn":"Guangzhou-Zhanjiang Railway","usage":"main","highspeed":"yes","bridge":"yes","status":"operational","color":"#E54848","dataOrigin":"datum-2026-08-01","sourceKey":"way:1462282384"}},{"type":"Feature","geometry":{"type":"LineString","coordinates":[[110.7878944,21.5354599],[110.7872841,21.5348223]]},"properties":{"key":"way:1462282385@detail:443_86","osmType":"way","osmId":1462282385,"sourceRegion":"guangdong","featureType":"infrastructure","railClass":"highspeed","mode":"rail","name":"广湛高速线","nameEn":"Guangzhou-Zhanjiang Railway","usage":"main","highspeed":"yes","status":"operational","color":"#E54848","dataOrigin":"datum-2026-08-01","sourceKey":"way:1462282385"}},{"type":"Feature","geometry":{"type":"LineString","coordinates":[[110.7766362,21.5234536],[110.7742083,21.5211443]]},"properties":{"key":"way:1462282387@detail:443_86","osmType":"way","osmId":1462282387,"sourceRegion":"guangdong","featureType":"infrastructure","railClass":"highspeed","mode":"rail","name":"广湛高速线","nameEn":"Guangzhou-Zhanjiang Railway","usage":"main","highspeed":"yes","bridge":"yes","status":"operational","color":"#E54848","dataOrigin":"datum-2026-08-01","sourceKey":"way:1462282387"}},{"type":"Feature","geometry":{"type":"LineString","coordinates":[[110.7864925,21.5339776],[110.7858481,21.5332735]]},"properties":{"key":"way:1462282388@detail:443_86","osmType":"way","osmId":1462282388,"sourceRegion":"guangdong","featureType":"infrastructure","railClass":"highspeed","mode":"rail","name":"广湛高速线","nameEn":"Guangzhou-Zhanjiang Railway","usage":"main","highspeed":"yes","status":"operational","color":"#E54848","dataOrigin":"datum-2026-08-01","sourceKey":"way:1462282388"}},{"type":"Feature","geometry":{"type":"LineString","coordinates":[[110.9833794,21.6029034],[110.9824533,21.6026985],[110.9814813,21.6024905],[110.9804323,21.6022586],[110.9780849,21.6017709],[110.9769992,21.6015493],[110.9760347,21.6013439]]},"properties":{"key":"way:1507484036@detail:443_86","osmType":"way","osmId":1507484036,"sourceRegion":"guangdong","featureType":"infrastructure","railClass":"minor","mode":"rail","name":"未命名","service":"yard","status":"operational","color":"#52636F","dataOrigin":"datum-2026-08-01","sourceKey":"way:1507484036"}},{"type":"Feature","geometry":{"type":"LineString","coordinates":[[110.9847435,21.6031052],[110.9840268,21.6030054],[110.9833794,21.6029034],[110.9831832,21.6028724],[110.9824937,21.602777],[110.9819435,21.6027122],[110.981628,21.602661],[110.981375,21.6026167],[110.9782939,21.6019824],[110.9779088,21.6018767],[110.9773219,21.6016959],[110.9766617,21.6015049],[110.9760347,21.6013439],[110.9759978,21.6013344],[110.9752643,21.6011776],[110.9747251,21.6010411],[110.9741641,21.6008871]]},"properties":{"key":"way:1507484037@detail:443_86","osmType":"way","osmId":1507484037,"sourceRegion":"guangdong","featureType":"infrastructure","railClass":"minor","mode":"rail","name":"未命名","service":"yard","status":"operational","color":"#52636F","dataOrigin":"datum-2026-08-01","sourceKey":"way:1507484037"}},{"type":"Feature","geometry":{"type":"LineString","coordinates":[[110.976229,21.6012695],[110.9769478,21.6013719],[110.9775604,21.601493],[110.9779363,21.6015817],[110.9822351,21.6024854],[110.9827577,21.6025979],[110.9831887,21.6027071],[110.9834271,21.6027787]]},"properties":{"key":"way:1507484038@detail:443_86","osmType":"way","osmId":1507484038,"sourceRegion":"guangdong","featureType":"infrastructure","railClass":"minor","mode":"rail","name":"未命名","service":"yard","status":"operational","color":"#52636F","dataOrigin":"datum-2026-08-01","sourceKey":"way:1507484038"}},{"type":"Feature","geometry":{"type":"LineString","coordinates":[[110.9761931,21.6011486],[110.9769203,21.6012304],[110.9776099,21.6013105],[110.9781601,21.6014197],[110.9790018,21.6015885],[110.9803168,21.6018664],[110.9815198,21.6021222],[110.9824166,21.602337],[110.9830255,21.6025058],[110.9835554,21.6026817]]},"properties":{"key":"way:1507484039@detail:443_86","osmType":"way","osmId":1507484039,"sourceRegion":"guangdong","featureType":"infrastructure","railClass":"minor","mode":"rail","name":"未命名","service":"yard","status":"operational","color":"#52636F","dataOrigin":"datum-2026-08-01","sourceKey":"way:1507484039"}},{"type":"Feature","geometry":{"type":"LineString","coordinates":[[110.9739582,21.6007933],[110.9747838,21.6009184],[110.9756751,21.6010616],[110.9761931,21.6011486],[110.9768525,21.6012594],[110.9777621,21.6013924],[110.9781435,21.601447],[110.9792916,21.6016857],[110.9820645,21.6022927],[110.9828421,21.6024905],[110.9835554,21.6026817],[110.9838728,21.6027667],[110.9848081,21.6030157],[110.9855238,21.6032183]]},"properties":{"key":"way:1507484040@detail:443_86","osmType":"way","osmId":1507484040,"sourceRegion":"guangdong","featureType":"infrastructure","railClass":"minor","mode":"rail","name":"未命名","service":"yard","status":"operational","color":"#52636F","dataOrigin":"datum-2026-08-01","sourceKey":"way:1507484040"}},{"type":"Feature","geometry":{"type":"LineString","coordinates":[[110.7676252,21.5148064],[110.766542,21.513718],[110.7625374,21.5098427],[110.7618543,21.5093003]]},"properties":{"key":"way:1508801263@detail:443_86","osmType":"way","osmId":1508801263,"sourceRegion":"guangdong","featureType":"infrastructure","railClass":"minor","mode":"rail","name":"未命名","service":"yard","status":"operational","color":"#52636F","dataOrigin":"datum-2026-08-01","sourceKey":"way:1508801263"}},{"type":"Feature","geometry":{"type":"LineString","coordinates":[[110.7617654,21.509301],[110.7623148,21.509935],[110.7630363,21.5106013],[110.7676282,21.5149607],[110.7681771,21.5154257]]},"properties":{"key":"way:1508801264@detail:443_86","osmType":"way","osmId":1508801264,"sourceRegion":"guangdong","featureType":"infrastructure","railClass":"minor","mode":"rail","name":"未命名","service":"yard","status":"operational","color":"#52636F","dataOrigin":"datum-2026-08-01","sourceKey":"way:1508801264"}}]}