{"type":"FeatureCollection","features":[{"type":"Feature","geometry":{"type":"Point","coordinates":[112.8497011,23.1882242]},"properties":{"key":"node:3141113475","osmType":"node","osmId":3141113475,"sourceRegion":"guangzhou","featureType":"station","railClass":"station","mode":"station","name":"三水西","nameEn":"Sanshuixi","status":"operational","color":"#126d75","sourceKey":"node:3141113475","stationGroup":"三水西","hasOperationalRail":true,"hasConstructionRail":false}},{"type":"Feature","geometry":{"type":"Point","coordinates":[112.8405188,23.2205097]},"properties":{"key":"node:5652318543","osmType":"node","osmId":5652318543,"sourceRegion":"guangzhou","featureType":"station","railClass":"station","mode":"station","name":"云东海","nameEn":"Yundonghai","status":"operational","color":"#126d75","sourceKey":"node:5652318543","stationGroup":"云东海","hasOperationalRail":true,"hasConstructionRail":false}},{"type":"Feature","geometry":{"type":"Point","coordinates":[112.9660265,23.1563568]},"properties":{"key":"node:6169134981","osmType":"node","osmId":6169134981,"sourceRegion":"guangzhou","featureType":"station","railClass":"station","mode":"station","name":"狮山北","nameEn":"Shishanbei","status":"operational","color":"#126d75","sourceKey":"node:6169134981","stationGroup":"狮山北","hasOperationalRail":true,"hasConstructionRail":false}},{"type":"Feature","geometry":{"type":"Point","coordinates":[112.8948904,23.0135699]},"properties":{"key":"node:7463907644","osmType":"node","osmId":7463907644,"sourceRegion":"guangzhou","featureType":"station","railClass":"station","mode":"station","name":"丹灶","nameEn":"Danzao","status":"operational","color":"#126d75","sourceKey":"node:7463907644","stationGroup":"丹灶","hasOperationalRail":true,"hasConstructionRail":false}},{"type":"Feature","geometry":{"type":"Point","coordinates":[112.8829658,23.162562]},"properties":{"key":"node:8440342293","osmType":"node","osmId":8440342293,"sourceRegion":"guangzhou","featureType":"station","railClass":"station","mode":"station","name":"三水","nameEn":"Sanshui","status":"operational","color":"#126d75","sourceKey":"node:8440342293","stationGroup":"三水","hasOperationalRail":true,"hasConstructionRail":false}},{"type":"Feature","geometry":{"type":"Point","coordinates":[112.9550314,23.1059565]},"properties":{"key":"node:9193526306","osmType":"node","osmId":9193526306,"sourceRegion":"guangzhou","featureType":"station","railClass":"station","mode":"station","name":"小塘西","nameEn":"Xiaotangxi","status":"operational","color":"#126d75","sourceKey":"node:9193526306","stationGroup":"小塘西","hasOperationalRail":true,"hasConstructionRail":false}},{"type":"Feature","geometry":{"type":"Point","coordinates":[112.9740912,23.0918936]},"properties":{"key":"node:9193526307","osmType":"node","osmId":9193526307,"sourceRegion":"guangzhou","featureType":"station","railClass":"station","mode":"station","name":"小塘","nameEn":"Xiaotang","status":"operational","color":"#126d75","sourceKey":"node:9193526307","stationGroup":"小塘","hasOperationalRail":true,"hasConstructionRail":false}},{"type":"Feature","geometry":{"type":"Point","coordinates":[112.9135497,23.187404]},"properties":{"key":"node:9195330012","osmType":"node","osmId":9195330012,"sourceRegion":"guangzhou","featureType":"station","railClass":"station","mode":"station","name":"三水北","nameEn":"Sanshui North","status":"operational","color":"#126d75","sourceKey":"node:9195330012","stationGroup":"三水北","hasOperationalRail":true,"hasConstructionRail":false}},{"type":"Feature","geometry":{"type":"Point","coordinates":[112.9787683,23.1252848]},"properties":{"key":"node:9195330013","osmType":"node","osmId":9195330013,"sourceRegion":"guangzhou","featureType":"station","railClass":"intercity","mode":"station","name":"狮山","nameEn":"Shishan","operator":"广东城际铁路运营有限公司","status":"operational","color":"#126d75","sourceKey":"node:9195330013","stationGroup":"狮山","hasOperationalRail":true,"hasConstructionRail":false}},{"type":"Feature","geometry":{"type":"Point","coordinates":[112.8659875,23.1158845]},"properties":{"key":"node:9527375843","osmType":"node","osmId":9527375843,"sourceRegion":"guangzhou","featureType":"station","railClass":"station","mode":"station","name":"三水南","nameEn":"Sanshuinan","status":"operational","color":"#126d75","sourceKey":"node:9527375843","stationGroup":"三水南","hasOperationalRail":true,"hasConstructionRail":false}},{"type":"Feature","geometry":{"type":"Point","coordinates":[112.7589989,23.0474967]},"properties":{"key":"node:12382150910","osmType":"node","osmId":12382150910,"sourceRegion":"guangzhou","featureType":"station","railClass":"station","mode":"station","name":"金利","status":"operational","color":"#126d75","sourceKey":"node:12382150910","stationGroup":"金利","hasOperationalRail":true,"hasConstructionRail":false}},{"type":"Feature","geometry":{"type":"Point","coordinates":[112.9657809,23.1338012]},"properties":{"key":"node:12509415977","osmType":"node","osmId":12509415977,"sourceRegion":"guangzhou","featureType":"station","railClass":"construction","mode":"subway","name":"大江社村","operator":"佛山市地铁运营有限公司","status":"construction","color":"#126d75","sourceKey":"node:12509415977","stationGroup":"大江社村","hasOperationalRail":false,"hasConstructionRail":true}},{"type":"Feature","geometry":{"type":"Point","coordinates":[112.955636,23.1376258]},"properties":{"key":"node:12509433746","osmType":"node","osmId":12509433746,"sourceRegion":"guangzhou","featureType":"station","railClass":"construction","mode":"subway","name":"新城医院","operator":"佛山市地铁运营有限公司","status":"construction","color":"#126d75","sourceKey":"node:12509433746","stationGroup":"新城医院","hasOperationalRail":false,"hasConstructionRail":true}},{"type":"Feature","geometry":{"type":"Point","coordinates":[112.9357252,23.1468845]},"properties":{"key":"node:12509433759","osmType":"node","osmId":12509433759,"sourceRegion":"guangzhou","featureType":"station","railClass":"construction","mode":"subway","name":"莲子塘","operator":"佛山市地铁运营有限公司","status":"construction","color":"#126d75","sourceKey":"node:12509433759","stationGroup":"莲子塘","hasOperationalRail":false,"hasConstructionRail":true}},{"type":"Feature","geometry":{"type":"LineString","coordinates":[[112.8281166,23.2233533],[112.8288311,23.2228506],[112.8345013,23.2189397],[112.8373704,23.216919],[112.8377493,23.2166126],[112.8382176,23.2161478],[112.838861,23.2154102],[112.8392259,23.2149179],[112.8395437,23.2143842],[112.8398863,23.2137618],[112.840174,23.2130703],[112.8404001,23.2123755],[112.8406781,23.2115306],[112.8423115,23.2059261],[112.8427894,23.2042864],[112.8446591,23.1980096],[112.8462931,23.1941036],[112.8468511,23.1929966],[112.8472261,23.1923896],[112.8476631,23.1918046],[112.8528231,23.1855036],[112.8537945,23.1842929],[112.8599028,23.1766792]]},"properties":{"key":"way:48994426@detail:451_92","osmType":"way","osmId":48994426,"sourceRegion":"guangzhou","featureType":"infrastructure","railClass":"national","mode":"rail","name":"广茂线","nameEn":"Guangmao Line","ref":"0708","operator":"中国铁路广州局集团有限公司","usage":"main","status":"operational","color":"#E54848","sourceKey":"way:48994426"}},{"type":"Feature","geometry":{"type":"LineString","coordinates":[[112.802398,23.2315397],[112.8046475,23.2307846],[112.8150067,23.2274566]]},"properties":{"key":"way:48994428@detail:451_92","osmType":"way","osmId":48994428,"sourceRegion":"guangzhou","featureType":"infrastructure","railClass":"national","mode":"rail","name":"广茂线","nameEn":"Guangmao Line","ref":"0708","operator":"中国铁路广州局集团有限公司","usage":"main","bridge":"yes","status":"operational","color":"#E54848","sourceKey":"way:48994428"}},{"type":"Feature","geometry":{"type":"LineString","coordinates":[[112.8967056,23.1578214],[112.8975819,23.1573501],[112.9018866,23.1550206],[112.9028626,23.1544929]]},"properties":{"key":"way:115978714@detail:451_92","osmType":"way","osmId":115978714,"sourceRegion":"guangzhou","featureType":"infrastructure","railClass":"national","mode":"rail","name":"广茂线","nameEn":"Guangmao Line","ref":"0708","operator":"中国铁路广州局集团有限公司","usage":"main","status":"operational","color":"#E54848","sourceKey":"way:115978714"}},{"type":"Feature","geometry":{"type":"LineString","coordinates":[[112.8950193,23.1587903],[112.8967056,23.1578214]]},"properties":{"key":"way:115978720@detail:451_92","osmType":"way","osmId":115978720,"sourceRegion":"guangzhou","featureType":"infrastructure","railClass":"national","mode":"rail","name":"广茂线","nameEn":"Guangmao Line","ref":"0708","operator":"中国铁路广州局集团有限公司","usage":"main","bridge":"yes","status":"operational","color":"#E54848","sourceKey":"way:115978720"}},{"type":"Feature","geometry":{"type":"LineString","coordinates":[[112.9713017,23.0820833],[112.9739759,23.0837611],[112.9740065,23.0837844],[112.974861,23.0844347],[112.9748905,23.0844637]]},"properties":{"key":"way:203843766@detail:451_92","osmType":"way","osmId":203843766,"sourceRegion":"guangzhou","featureType":"infrastructure","railClass":"minor","mode":"rail","name":"未命名","usage":"branch","service":"spur","status":"operational","color":"#52636f","sourceKey":"way:203843766"}},{"type":"Feature","geometry":{"type":"LineString","coordinates":[[112.9751587,23.0843906],[112.9751944,23.0845094],[112.9752054,23.0845448],[112.9753574,23.0850373],[112.9754457,23.0852885],[112.9755478,23.0856739],[112.9755772,23.0860632],[112.9756335,23.0873438],[112.9756363,23.0877514],[112.9755773,23.0886298],[112.9754967,23.0896459],[112.9754082,23.0900604],[112.9752823,23.0903792],[112.9750704,23.0907369],[112.9746733,23.0911534],[112.9742359,23.09164]]},"properties":{"key":"way:203843772@detail:451_92","osmType":"way","osmId":203843772,"sourceRegion":"guangzhou","featureType":"infrastructure","railClass":"minor","mode":"rail","name":"未命名","usage":"branch","service":"spur","status":"operational","color":"#52636f","sourceKey":"way:203843772"}},{"type":"Feature","geometry":{"type":"LineString","coordinates":[[112.9153478,23.1533612],[112.9156073,23.1554801],[112.9161515,23.1576817],[112.9163605,23.1584227],[112.9165928,23.1590932],[112.9169511,23.1599917],[112.9232525,23.174213]]},"properties":{"key":"way:221302063@detail:451_92","osmType":"way","osmId":221302063,"sourceRegion":"guangzhou","featureType":"infrastructure","railClass":"national","mode":"rail","name":"广珠线","nameEn":"Guangzhu Line","ref":"0710","usage":"main","bridge":"yes","status":"operational","color":"#E54848","sourceKey":"way:221302063"}},{"type":"Feature","geometry":{"type":"LineString","coordinates":[[112.9272499,23.1806348],[112.9276316,23.1810114]]},"properties":{"key":"way:221302064@detail:451_92","osmType":"way","osmId":221302064,"sourceRegion":"guangzhou","featureType":"infrastructure","railClass":"national","mode":"rail","name":"广珠线","nameEn":"Guangzhu Line","ref":"0710","usage":"main","bridge":"yes","status":"operational","color":"#E54848","sourceKey":"way:221302064"}},{"type":"Feature","geometry":{"type":"LineString","coordinates":[[112.9276316,23.1810114],[112.9290151,23.1823139],[112.9324988,23.1855943]]},"properties":{"key":"way:221302065@detail:451_92","osmType":"way","osmId":221302065,"sourceRegion":"guangzhou","featureType":"infrastructure","railClass":"national","mode":"rail","name":"广珠线","nameEn":"Guangzhu Line","ref":"0710","usage":"main","status":"operational","color":"#E54848","sourceKey":"way:221302065"}},{"type":"Feature","geometry":{"type":"LineString","coordinates":[[112.9146212,23.1371339],[112.9153361,23.1390564],[112.9158382,23.1411401],[112.9160656,23.1433973],[112.9159798,23.1453309],[112.9157566,23.1469398],[112.915607,23.1480716]]},"properties":{"key":"way:221306828@detail:451_92","osmType":"way","osmId":221306828,"sourceRegion":"guangzhou","featureType":"infrastructure","railClass":"national","mode":"rail","name":"广珠线","nameEn":"Guangzhu Line","ref":"0710","usage":"main","bridge":"yes","status":"operational","color":"#E54848","sourceKey":"way:221306828"}},{"type":"Feature","geometry":{"type":"LineString","coordinates":[[112.9085833,23.1244446],[112.9090841,23.1249917]]},"properties":{"key":"way:221306829@detail:451_92","osmType":"way","osmId":221306829,"sourceRegion":"guangzhou","featureType":"infrastructure","railClass":"national","mode":"rail","name":"广珠线","nameEn":"Guangzhu Line","ref":"0710","usage":"main","bridge":"yes","status":"operational","color":"#E54848","sourceKey":"way:221306829"}},{"type":"Feature","geometry":{"type":"LineString","coordinates":[[112.9153003,23.1521604],[112.9153478,23.1533612]]},"properties":{"key":"way:221306830@detail:451_92","osmType":"way","osmId":221306830,"sourceRegion":"guangzhou","featureType":"infrastructure","railClass":"national","mode":"rail","name":"广珠线","nameEn":"Guangzhu Line","ref":"0710","usage":"main","bridge":"yes","status":"operational","color":"#E54848","sourceKey":"way:221306830"}},{"type":"Feature","geometry":{"type":"LineString","coordinates":[[112.915607,23.1480716],[112.9154023,23.1495791],[112.9153514,23.1500989],[112.9153003,23.1521604]]},"properties":{"key":"way:221306834@detail:451_92","osmType":"way","osmId":221306834,"sourceRegion":"guangzhou","featureType":"infrastructure","railClass":"national","mode":"rail","name":"广珠线","nameEn":"Guangzhu Line","ref":"0710","usage":"main","bridge":"yes","status":"operational","color":"#E54848","sourceKey":"way:221306834"}},{"type":"Feature","geometry":{"type":"LineString","coordinates":[[112.9090841,23.1249917],[112.9098813,23.1259789],[112.9102421,23.1264968],[112.9104913,23.1268945],[112.9107683,23.1273777],[112.9111283,23.1280098],[112.9130026,23.1326436],[112.9146212,23.1371339]]},"properties":{"key":"way:221306836@detail:451_92","osmType":"way","osmId":221306836,"sourceRegion":"guangzhou","featureType":"infrastructure","railClass":"national","mode":"rail","name":"广珠线","nameEn":"Guangzhu Line","ref":"0710","usage":"main","bridge":"yes","status":"operational","color":"#E54848","sourceKey":"way:221306836"}},{"type":"Feature","geometry":{"type":"LineString","coordinates":[[112.8918611,23.1023372],[112.8917927,23.1031947],[112.8917751,23.1036327],[112.8917701,23.1039008],[112.8917821,23.1041447],[112.8918073,23.1045551],[112.8918467,23.105001],[112.8919111,23.1055385],[112.8919796,23.1060068],[112.8920493,23.106381],[112.8921223,23.106732],[112.8922094,23.1071155],[112.8924334,23.1078846]]},"properties":{"key":"way:221308346@detail:451_92","osmType":"way","osmId":221308346,"sourceRegion":"guangzhou","featureType":"infrastructure","railClass":"national","mode":"rail","name":"广珠线","nameEn":"Guangzhu Line","ref":"0710","usage":"main","bridge":"yes","status":"operational","color":"#E54848","sourceKey":"way:221308346"}},{"type":"Feature","geometry":{"type":"LineString","coordinates":[[112.8930323,23.0980636],[112.8926224,23.0990769],[112.8923092,23.1000009],[112.8920618,23.1009165],[112.8919617,23.1014568],[112.8918965,23.1019135],[112.8918611,23.1023372]]},"properties":{"key":"way:221308349@detail:451_92","osmType":"way","osmId":221308349,"sourceRegion":"guangzhou","featureType":"infrastructure","railClass":"national","mode":"rail","name":"广珠线","nameEn":"Guangzhu Line","ref":"0710","usage":"main","bridge":"yes","status":"operational","color":"#E54848","sourceKey":"way:221308349"}},{"type":"Feature","geometry":{"type":"LineString","coordinates":[[112.9024816,23.0690112],[112.9023297,23.070003],[112.9020883,23.0716025],[112.9018734,23.0731904],[112.9016299,23.074499],[112.9013328,23.0756955],[112.9007804,23.0774162],[112.9000514,23.0795373],[112.8961564,23.0904797]]},"properties":{"key":"way:221311390@detail:451_92","osmType":"way","osmId":221311390,"sourceRegion":"guangzhou","featureType":"infrastructure","railClass":"national","mode":"rail","name":"广珠线","nameEn":"Guangzhu Line","ref":"0710","usage":"main","bridge":"yes","status":"operational","color":"#E54848","sourceKey":"way:221311390"}},{"type":"Feature","geometry":{"type":"LineString","coordinates":[[112.8954615,23.0920951],[112.8951391,23.0928957],[112.8947457,23.0938405],[112.8940474,23.0955092],[112.8930323,23.0980636]]},"properties":{"key":"way:221311391@detail:451_92","osmType":"way","osmId":221311391,"sourceRegion":"guangzhou","featureType":"infrastructure","railClass":"national","mode":"rail","name":"广珠线","nameEn":"Guangzhu Line","ref":"0710","usage":"main","bridge":"yes","status":"operational","color":"#E54848","sourceKey":"way:221311391"}},{"type":"Feature","geometry":{"type":"LineString","coordinates":[[112.8961564,23.0904797],[112.8954615,23.0920951]]},"properties":{"key":"way:221311392@detail:451_92","osmType":"way","osmId":221311392,"sourceRegion":"guangzhou","featureType":"infrastructure","railClass":"national","mode":"rail","name":"广珠线","nameEn":"Guangzhu Line","ref":"0710","usage":"main","bridge":"yes","status":"operational","color":"#E54848","sourceKey":"way:221311392"}},{"type":"Feature","geometry":{"type":"LineString","coordinates":[[112.9024565,23.0657096],[112.9026008,23.0664793],[112.9026305,23.0672823],[112.9026031,23.0681596],[112.9024816,23.0690112]]},"properties":{"key":"way:221311393@detail:451_92","osmType":"way","osmId":221311393,"sourceRegion":"guangzhou","featureType":"infrastructure","railClass":"national","mode":"rail","name":"广珠线","nameEn":"Guangzhu Line","ref":"0710","usage":"main","bridge":"yes","status":"operational","color":"#E54848","sourceKey":"way:221311393"}},{"type":"Feature","geometry":{"type":"LineString","coordinates":[[112.8924334,23.1078846],[112.8928138,23.1089561]]},"properties":{"key":"way:221316980@detail:451_92","osmType":"way","osmId":221316980,"sourceRegion":"guangzhou","featureType":"infrastructure","railClass":"national","mode":"rail","name":"广珠线","nameEn":"Guangzhu Line","ref":"0710","usage":"main","bridge":"yes","status":"operational","color":"#E54848","sourceKey":"way:221316980"}},{"type":"Feature","geometry":{"type":"LineString","coordinates":[[112.8928138,23.1089561],[112.8932388,23.1098634],[112.8933636,23.110136],[112.8936848,23.1106907],[112.8940736,23.1112866],[112.8942987,23.1116083],[112.8945303,23.1119554],[112.8948967,23.1124257],[112.8951064,23.1126921],[112.8957473,23.1133915],[112.8962813,23.1139063],[112.8966642,23.1142434],[112.8971848,23.1146872],[112.8979625,23.1153615],[112.8987968,23.1160453],[112.8997387,23.1168475],[112.9029707,23.1196103],[112.9045126,23.1209108],[112.9054661,23.1217151],[112.9071174,23.1231104],[112.9076962,23.1236007],[112.9085833,23.1244446]]},"properties":{"key":"way:221316981@detail:451_92","osmType":"way","osmId":221316981,"sourceRegion":"guangzhou","featureType":"infrastructure","railClass":"national","mode":"rail","name":"广珠线","nameEn":"Guangzhu Line","ref":"0710","usage":"main","bridge":"yes","status":"operational","color":"#E54848","sourceKey":"way:221316981"}},{"type":"Feature","geometry":{"type":"LineString","coordinates":[[112.835142,23.1298105],[112.8364657,23.1292882]]},"properties":{"key":"way:300783078@detail:451_92","osmType":"way","osmId":300783078,"sourceRegion":"guangzhou","featureType":"infrastructure","railClass":"highspeed","mode":"rail","name":"南广线","nameEn":"Nanguang Line","ref":"3029","usage":"main","highspeed":"yes","status":"operational","color":"#E54848","sourceKey":"way:300783078"}},{"type":"Feature","geometry":{"type":"LineString","coordinates":[[112.8980276,23.1150439],[112.8976296,23.114451],[112.8969611,23.1132579],[112.8964524,23.1125513],[112.8960591,23.1121637],[112.895709,23.1118499],[112.8952609,23.1114178],[112.8949661,23.1112016],[112.8945585,23.1109326],[112.8940621,23.1106585],[112.8933791,23.1103009],[112.892592,23.1098939],[112.891536,23.1093737],[112.890797,23.1089944],[112.8899726,23.10857],[112.8893937,23.1082808],[112.8889764,23.1080638],[112.8884991,23.1078515],[112.8883031,23.1077741],[112.8879726,23.1076599],[112.8877043,23.1075707],[112.8874379,23.1074953],[112.8871443,23.1074231],[112.8867002,23.1073305],[112.8864947,23.1072995],[112.8859583,23.1072314],[112.8854853,23.1072015],[112.8850144,23.1072034],[112.8847148,23.1072173],[112.8844025,23.1072457],[112.8838983,23.1073168],[112.8836081,23.107366],[112.8833089,23.1074236],[112.8832068,23.1074473],[112.8830712,23.1074824],[112.8829753,23.1075096],[112.8828419,23.1075495],[112.8827222,23.1075883],[112.8825809,23.1076411],[112.8823605,23.1077327],[112.8821263,23.1078296],[112.8817885,23.1079881],[112.880767,23.1084781],[112.879207,23.109222],[112.8765287,23.1105249],[112.8758783,23.1108491],[112.8754505,23.1110655],[112.8749808,23.1113076],[112.8735634,23.1120311]]},"properties":{"key":"way:300783631@detail:451_92","osmType":"way","osmId":300783631,"sourceRegion":"guangzhou","featureType":"infrastructure","railClass":"national","mode":"rail","name":"横江联络线","ref":"2736","usage":"main","bridge":"yes","status":"operational","color":"#E54848","sourceKey":"way:300783631"}},{"type":"Feature","geometry":{"type":"LineString","coordinates":[[112.8498671,23.1860792],[112.8524206,23.1853691],[112.8527422,23.185253],[112.8531751,23.1849944]]},"properties":{"key":"way:308824752@detail:451_92","osmType":"way","osmId":308824752,"sourceRegion":"guangzhou","featureType":"infrastructure","railClass":"minor","mode":"rail","name":"未命名","service":"siding","status":"operational","color":"#52636f","sourceKey":"way:308824752"}},{"type":"Feature","geometry":{"type":"LineString","coordinates":[[112.8486708,23.1875585],[112.8511707,23.1868238],[112.8514657,23.1866857],[112.8518843,23.186447]]},"properties":{"key":"way:308824764@detail:451_92","osmType":"way","osmId":308824764,"sourceRegion":"guangzhou","featureType":"infrastructure","railClass":"minor","mode":"rail","name":"未命名","service":"siding","status":"operational","color":"#52636f","sourceKey":"way:308824764"}},{"type":"Feature","geometry":{"type":"LineString","coordinates":[[112.8446591,23.1980096],[112.8452564,23.1961381],[112.8457499,23.1947476],[112.8462515,23.19353],[112.847083,23.1921099],[112.8485609,23.1902408],[112.8500254,23.1886037],[112.8504572,23.1881027],[112.8513391,23.1870796],[112.8518843,23.186447],[112.8524903,23.1857439],[112.8531751,23.1849944],[112.8533325,23.1848364],[112.8537945,23.1842929]]},"properties":{"key":"way:308824766@detail:451_92","osmType":"way","osmId":308824766,"sourceRegion":"guangzhou","featureType":"infrastructure","railClass":"minor","mode":"rail","name":"未命名","service":"siding","status":"operational","color":"#52636f","sourceKey":"way:308824766"}},{"type":"Feature","geometry":{"type":"LineString","coordinates":[[112.849096,23.1886878],[112.849741,23.1884903],[112.8500441,23.1883574],[112.8504572,23.1881027]]},"properties":{"key":"way:308824768@detail:451_92","osmType":"way","osmId":308824768,"sourceRegion":"guangzhou","featureType":"infrastructure","railClass":"minor","mode":"rail","name":"未命名","service":"siding","status":"operational","color":"#52636f","sourceKey":"way:308824768"}},{"type":"Feature","geometry":{"type":"LineString","coordinates":[[112.8491161,23.1868583],[112.8503016,23.1865329],[112.8517154,23.1861369],[112.8520263,23.1859951],[112.8524903,23.1857439]]},"properties":{"key":"way:308824770@detail:451_92","osmType":"way","osmId":308824770,"sourceRegion":"guangzhou","featureType":"infrastructure","railClass":"minor","mode":"rail","name":"未命名","service":"siding","status":"operational","color":"#52636f","sourceKey":"way:308824770"}},{"type":"Feature","geometry":{"type":"LineString","coordinates":[[112.848585,23.1879974],[112.8505645,23.1874451],[112.8509091,23.1873169],[112.8513391,23.1870796]]},"properties":{"key":"way:308824772@detail:451_92","osmType":"way","osmId":308824772,"sourceRegion":"guangzhou","featureType":"infrastructure","railClass":"minor","mode":"rail","name":"未命名","service":"siding","status":"operational","color":"#52636f","sourceKey":"way:308824772"}},{"type":"Feature","geometry":{"type":"LineString","coordinates":[[112.9571392,23.2218325],[112.9577092,23.2220275],[112.958471,23.2222519],[112.959089,23.2224207],[112.9597882,23.2225956],[112.9604674,23.2227336],[112.9609845,23.2228379],[112.9615412,23.2229302],[112.9621198,23.2230066],[112.962596,23.223052],[112.9633374,23.2231046],[112.9641474,23.2231501],[112.9650109,23.2231837],[112.9746436,23.2235333]]},"properties":{"key":"way:379741551@detail:451_92","osmType":"way","osmId":379741551,"sourceRegion":"guangzhou","featureType":"infrastructure","railClass":"national","mode":"rail","name":"广珠线","nameEn":"Guangzhu Line","ref":"0710","usage":"main","bridge":"yes","status":"operational","color":"#E54848","sourceKey":"way:379741551"}},{"type":"Feature","geometry":{"type":"LineString","coordinates":[[112.862522,23.1728565],[112.8626491,23.1725583]]},"properties":{"key":"way:381218340@detail:451_92","osmType":"way","osmId":381218340,"sourceRegion":"guangzhou","featureType":"infrastructure","railClass":"national","mode":"rail","name":"广茂线","nameEn":"Guangmao Line","ref":"0708","operator":"中国铁路广州局集团有限公司","usage":"main","bridge":"yes","status":"operational","color":"#E54848","sourceKey":"way:381218340"}},{"type":"Feature","geometry":{"type":"LineString","coordinates":[[112.8635978,23.1706036],[112.863923,23.16995],[112.864635,23.168993],[112.8650628,23.1686052]]},"properties":{"key":"way:381218341@detail:451_92","osmType":"way","osmId":381218341,"sourceRegion":"guangzhou","featureType":"infrastructure","railClass":"national","mode":"rail","name":"广茂线","nameEn":"Guangmao Line","ref":"0708","operator":"中国铁路广州局集团有限公司","usage":"main","status":"operational","color":"#E54848","sourceKey":"way:381218341"}},{"type":"Feature","geometry":{"type":"LineString","coordinates":[[112.8948122,23.1125516],[112.8956376,23.1134301],[112.8966568,23.1144662],[112.8977729,23.1153457],[112.8989492,23.1162487],[112.8997387,23.1168475]]},"properties":{"key":"way:407489603@detail:451_92","osmType":"way","osmId":407489603,"sourceRegion":"guangzhou","featureType":"infrastructure","railClass":"national","mode":"rail","name":"横江联络线","ref":"2736","usage":"main","bridge":"yes","status":"operational","color":"#E54848","sourceKey":"way:407489603"}},{"type":"Feature","geometry":{"type":"LineString","coordinates":[[112.8980276,23.1150439],[112.8982887,23.1154016],[112.898499,23.1156505],[112.8988925,23.1159868],[112.8997639,23.1168121]]},"properties":{"key":"way:407489604@detail:451_92","osmType":"way","osmId":407489604,"sourceRegion":"guangzhou","featureType":"infrastructure","railClass":"national","mode":"rail","name":"横江联络线","ref":"2736","usage":"main","bridge":"yes","status":"operational","color":"#E54848","sourceKey":"way:407489604"}},{"type":"Feature","geometry":{"type":"LineString","coordinates":[[112.8513175,23.1841453],[112.8522977,23.1833973],[112.8533248,23.1827607],[112.8552487,23.1816764],[112.8556039,23.181528],[112.8559859,23.1813819],[112.8564382,23.1812245],[112.8568163,23.1811153],[112.857278,23.1810026],[112.8581406,23.1808067],[112.8590891,23.1806256],[112.8597871,23.1805428],[112.860469,23.1804922],[112.8609757,23.1804752],[112.861467,23.1804918],[112.8618863,23.1805199],[112.862806,23.1805886],[112.8632099,23.1806463],[112.863927,23.1807762],[112.8649917,23.1810615],[112.8668978,23.1816238],[112.8733169,23.1836025],[112.874316,23.1838817],[112.87503,23.1840667],[112.8755552,23.1841771],[112.8761596,23.1842881],[112.8768372,23.1843683],[112.8776124,23.1844293],[112.880079,23.1845604],[112.883119,23.1845234],[112.8846749,23.1845959],[112.8853307,23.1846773],[112.8859929,23.1847868],[112.886458,23.1849116],[112.886933,23.1851044],[112.8874868,23.185381],[112.8880061,23.1856726],[112.8885987,23.1860272],[112.8907954,23.1873525],[112.891274,23.1876485],[112.8929179,23.1886524],[112.8940678,23.1892732],[112.8944973,23.1894839],[112.8948953,23.1896609],[112.89537,23.1898474],[112.8966916,23.1902937]]},"properties":{"key":"way:408323107@detail:451_92","osmType":"way","osmId":408323107,"sourceRegion":"guangzhou","featureType":"infrastructure","railClass":"intercity","mode":"rail","name":"广肇城际线","nameEn":"Guangzhou–Foshan–Zhaoqing Intercity Railway","ref":"3060","usage":"main","tunnel":"yes","status":"operational","color":"#C97932","sourceKey":"way:408323107"}},{"type":"Feature","geometry":{"type":"LineString","coordinates":[[112.81913460336285,23.25],[112.8217276,23.2478727],[112.8231398,23.246781],[112.8241469,23.2460811],[112.8246646,23.2457693],[112.8251018,23.2455278],[112.8257764,23.2452062],[112.826223,23.2450263],[112.8279544,23.2444488]]},"properties":{"key":"way:408323108@detail:451_92","osmType":"way","osmId":408323108,"sourceRegion":"guangzhou","featureType":"infrastructure","railClass":"intercity","mode":"rail","name":"广肇城际线","nameEn":"Guangzhou–Foshan–Zhaoqing Intercity Railway","ref":"3060","operator":"广东城际铁路运营有限公司","usage":"main","bridge":"viaduct","status":"operational","color":"#C97932","sourceKey":"way:408323108"}},{"type":"Feature","geometry":{"type":"LineString","coordinates":[[113.0,23.078600249346326],[112.9997204,23.0787022],[112.9989479,23.0790045]]},"properties":{"key":"way:416314334@detail:451_92","osmType":"way","osmId":416314334,"sourceRegion":"guangzhou","featureType":"infrastructure","railClass":"highspeed","mode":"rail","name":"南广线","nameEn":"Nanguang Line","ref":"3029","usage":"main","highspeed":"yes","status":"operational","color":"#E54848","sourceKey":"way:416314334"}},{"type":"Feature","geometry":{"type":"LineString","coordinates":[[112.9990015,23.0791251],[112.999783,23.0788259],[113.0,23.07874480748365]]},"properties":{"key":"way:416384409@detail:451_92","osmType":"way","osmId":416384409,"sourceRegion":"guangzhou","featureType":"infrastructure","railClass":"highspeed","mode":"rail","name":"南广线","nameEn":"Nanguang Line","ref":"3029","usage":"main","highspeed":"yes","status":"operational","color":"#E54848","sourceKey":"way:416384409"}},{"type":"Feature","geometry":{"type":"LineString","coordinates":[[112.9187157,23.0972515],[112.9192123,23.0972511],[112.9194572,23.0972482],[112.9197281,23.0972383],[112.9200455,23.0972153],[112.9203965,23.0971828],[112.9209032,23.0971302],[112.9215272,23.0970475],[112.9218498,23.096997],[112.9221301,23.0969523],[112.9224181,23.0968996],[112.9226622,23.0968513],[112.9231243,23.09675],[112.9235125,23.0966583],[112.9238321,23.0965766],[112.924231,23.0964708],[112.924586,23.0963917],[112.9248731,23.0963028],[112.9253424,23.0961498],[112.9256534,23.0960444],[112.9259484,23.0959359],[112.9261818,23.0958488],[112.9264982,23.0957317],[112.9268396,23.095581],[112.9272898,23.0953694],[112.9277081,23.095159],[112.9280236,23.0950025],[112.9282556,23.0948849],[112.9284745,23.0947675],[112.9289359,23.0945075],[112.9292195,23.0943395],[112.9294698,23.0941901],[112.929784,23.0939935],[112.9302266,23.0937048],[112.9304789,23.0935271],[112.9306961,23.0933666],[112.9309239,23.0931915],[112.9312095,23.092973],[112.9314682,23.0927658],[112.9316724,23.0925955],[112.9319518,23.0923527],[112.9321932,23.0921391],[112.9325868,23.0917877],[112.9329999,23.0914077],[112.9333144,23.0911226],[112.9337302,23.0907501],[112.9341486,23.0903701],[112.9344517,23.0901061],[112.9347333,23.0898568],[112.9349459,23.089685],[112.934947,23.0896841],[112.9350203,23.0896249],[112.9353985,23.0893288],[112.935782,23.0890525],[112.9362786,23.0887194],[112.9367787,23.0883818],[112.9369855,23.0882562],[112.9371642,23.0881476],[112.9374922,23.0879517],[112.9379524,23.0876943],[112.9382671,23.0875155],[112.9384897,23.0873922],[112.9387926,23.0872352],[112.9390987,23.0870972],[112.9395607,23.0868844],[112.9400224,23.0866927],[112.940292,23.0865872],[112.9405878,23.0864675],[112.9409593,23.0863281],[112.9415453,23.0861245],[112.9422923,23.0858794],[112.9428531,23.0856875],[112.9435326,23.0854737],[112.944248,23.0852388],[112.9449102,23.0850329],[112.9451842,23.0849328],[112.9454887,23.0848355],[112.9459039,23.0847051],[112.9462675,23.0845947],[112.9464855,23.0845309],[112.946837,23.0844422],[112.9471178,23.0843682],[112.947396,23.0843027],[112.9476834,23.084239],[112.947977,23.0841806],[112.9483115,23.0841047],[112.9486334,23.0840476],[112.9490669,23.0839804],[112.9495924,23.0839123],[112.9501518,23.0838658],[112.9508497,23.0838103],[112.9513259,23.0837887],[112.9516712,23.0837803],[112.9520117,23.0837763],[112.9523026,23.0837828],[112.9524757,23.0837914],[112.9531556,23.0838053],[112.9534712,23.0838237],[112.9538114,23.0838478],[112.954133,23.0838708],[112.9544051,23.0839011],[112.9547916,23.0839563],[112.955264,23.0840237],[112.9555815,23.0840778],[112.9558948,23.0841292],[112.9562266,23.0841896],[112.9566589,23.0842733],[112.9569247,23.0843363],[112.9572157,23.0844097],[112.9575398,23.0844985],[112.9577835,23.0845684],[112.9580268,23.0846439],[112.9584753,23.0847914],[112.9593933,23.085094],[112.9604536,23.0854322],[112.9617935,23.0858727],[112.9670243,23.0875672],[112.9678019,23.0878135],[112.9683593,23.0879861],[112.9687217,23.0880845],[112.9689909,23.0881601],[112.9694238,23.0882662],[112.9697703,23.0883395],[112.970314,23.0884551],[112.9707301,23.0885317],[112.9711217,23.0885819],[112.9714987,23.0886248],[112.9718197,23.0886713],[112.9722039,23.0886973],[112.972626,23.088708],[112.9731702,23.0887087],[112.9736235,23.0887034],[112.9738843,23.0886973],[112.9741719,23.0886863],[112.9744954,23.0886629],[112.9747519,23.08864],[112.975024,23.0886092],[112.9753018,23.0885745],[112.9755511,23.0885536],[112.9758389,23.0885176],[112.97635,23.0884244],[112.976791,23.0883274],[112.9773528,23.0881928],[112.9777728,23.0880852],[112.9781275,23.0879866],[112.9783902,23.0879032],[112.9789075,23.0877273],[112.9793714,23.0875546],[112.9796357,23.0874456],[112.9800098,23.0872746],[112.9803678,23.0871087],[112.9809255,23.0868346],[112.9811898,23.0866884],[112.981575,23.0864776],[112.9823941,23.086045],[112.9829981,23.0857133],[112.9836241,23.0853875],[112.9844215,23.0849784],[112.9847193,23.0848249],[112.9853563,23.0845442],[112.9860101,23.0842733],[112.9871859,23.0838008],[112.9881414,23.0834213],[112.9890261,23.0830671],[112.9898346,23.0827577],[112.9910257,23.0822808],[112.9921359,23.0818438],[112.9934046,23.0813526],[112.9944398,23.0809331],[112.9957738,23.0804079],[112.9964117,23.0801466],[112.9990015,23.0791251]]},"properties":{"key":"way:416389464@detail:451_92","osmType":"way","osmId":416389464,"sourceRegion":"guangzhou","featureType":"infrastructure","railClass":"highspeed","mode":"rail","name":"南广线","nameEn":"Nanguang Line","ref":"3029","usage":"main","highspeed":"yes","bridge":"yes","status":"operational","color":"#E54848","sourceKey":"way:416389464"}},{"type":"Feature","geometry":{"type":"LineString","coordinates":[[112.8737277,23.1123234],[112.8711057,23.113579],[112.8696841,23.1142597],[112.8631311,23.1173974],[112.8618713,23.1180158],[112.8606786,23.1186012],[112.8598087,23.1190283],[112.8579793,23.1199092]]},"properties":{"key":"way:416422375@detail:451_92","osmType":"way","osmId":416422375,"sourceRegion":"guangzhou","featureType":"infrastructure","railClass":"highspeed","mode":"rail","name":"贵广客专线","nameEn":"Guiguang Passenger Line","ref":"3044","usage":"main","highspeed":"yes","status":"operational","color":"#E54848","sourceKey":"way:416422375"}},{"type":"Feature","geometry":{"type":"LineString","coordinates":[[112.9084651,23.0972169],[112.9078519,23.0972858],[112.9074191,23.0973225],[112.9069877,23.0973889],[112.9065991,23.0974553],[112.9060094,23.0975691],[112.905484,23.0976898],[112.9046919,23.0978824],[112.9037806,23.0981381],[112.9028195,23.098433],[112.90198,23.0987109],[112.9012664,23.0989809],[112.9005993,23.099247],[112.8993098,23.0997851],[112.8987058,23.1000644],[112.8972744,23.1007612]]},"properties":{"key":"way:416422379@detail:451_92","osmType":"way","osmId":416422379,"sourceRegion":"guangzhou","featureType":"infrastructure","railClass":"highspeed","mode":"rail","name":"南广线","nameEn":"Nanguang Line","ref":"3029","usage":"main","highspeed":"yes","bridge":"yes","status":"operational","color":"#E54848","sourceKey":"way:416422379"}},{"type":"Feature","geometry":{"type":"LineString","coordinates":[[112.873612,23.1121125],[112.8752629,23.1113115],[112.8809123,23.1085687]]},"properties":{"key":"way:416422382@detail:451_92","osmType":"way","osmId":416422382,"sourceRegion":"guangzhou","featureType":"infrastructure","railClass":"highspeed","mode":"rail","name":"南广线","nameEn":"Nanguang Line","ref":"3029","usage":"main","highspeed":"yes","bridge":"yes","status":"operational","color":"#E54848","sourceKey":"way:416422382"}},{"type":"Feature","geometry":{"type":"LineString","coordinates":[[112.9882078,23.0832497],[112.988914,23.082911],[112.9894526,23.0826767],[112.9901931,23.0823732],[112.9909465,23.0820536],[112.9921007,23.0815943],[112.9930893,23.0812104],[112.9957879,23.0801631],[112.9972647,23.0795701],[112.9974252,23.0795057],[112.9989672,23.0789128]]},"properties":{"key":"way:416510081@detail:451_92","osmType":"way","osmId":416510081,"sourceRegion":"guangzhou","featureType":"infrastructure","railClass":"minor","mode":"rail","name":"佛山西南广发西线","ref":"6705","usage":"branch","bridge":"yes","status":"operational","color":"#52636f","sourceKey":"way:416510081"}},{"type":"Feature","geometry":{"type":"LineString","coordinates":[[112.9989672,23.0789128],[113.0,23.078504383145773]]},"properties":{"key":"way:416510082@detail:451_92","osmType":"way","osmId":416510082,"sourceRegion":"guangzhou","featureType":"infrastructure","railClass":"minor","mode":"rail","name":"佛山西南广发西线","ref":"6705","usage":"branch","status":"operational","color":"#52636f","sourceKey":"way:416510082"}},{"type":"Feature","geometry":{"type":"LineString","coordinates":[[112.9972647,23.0795701],[112.9956986,23.0801103]]},"properties":{"key":"way:416516826@detail:451_92","osmType":"way","osmId":416516826,"sourceRegion":"guangzhou","featureType":"infrastructure","railClass":"minor","mode":"rail","name":"未命名","service":"yard","bridge":"yes","status":"operational","color":"#52636f","sourceKey":"way:416516826"}},{"type":"Feature","geometry":{"type":"LineString","coordinates":[[112.9817041,23.116676],[112.9819923,23.1157234],[112.9822999,23.1147095],[112.9825156,23.1140786],[112.9828125,23.1131946],[112.9829655,23.1127561],[112.9830619,23.1124877],[112.983164,23.1122086],[112.9832657,23.1119645],[112.9833694,23.1117267],[112.9834931,23.1114649],[112.9836326,23.1111852],[112.9837607,23.1109508],[112.9839533,23.1106038],[112.9842111,23.1101799],[112.9845096,23.1097283],[112.9847692,23.1093523],[112.9850259,23.1089899],[112.9851843,23.1087836],[112.9853698,23.1085511],[112.985547,23.1083406],[112.9857915,23.1080492],[112.9859795,23.1078328],[112.9861734,23.1076313],[112.9863981,23.1074184],[112.9867017,23.1071407],[112.9873384,23.1066131],[112.9877082,23.1063252],[112.9880842,23.1060401],[112.9885112,23.1057379],[112.988758,23.1055749],[112.9890133,23.1054107],[112.9892536,23.1052614],[112.9897036,23.1049885],[112.9901089,23.104753],[112.9903147,23.104634],[112.9919424,23.1036661],[112.9927809,23.10317],[112.9932665,23.1028695],[112.9936461,23.1026276],[112.9940526,23.1023413],[112.9944117,23.1020739],[112.994689,23.1018508],[112.9949107,23.1016608],[112.9951111,23.1015001],[112.9953877,23.1012509],[112.9955551,23.101096],[112.9957594,23.1008925],[112.9960925,23.1005442],[112.9963282,23.1002915],[112.9965658,23.100011],[112.9967136,23.0998282],[112.9968324,23.0996742],[112.9970933,23.0993395],[112.9974056,23.0989022],[112.9975878,23.0986333],[112.9978093,23.0982872],[112.9980386,23.0978869],[112.9982804,23.0974426],[112.9984197,23.0971807],[112.9986056,23.0968113],[112.9987937,23.0963959],[112.9989195,23.0960948],[112.9990172,23.0958533],[112.9992948,23.0951496],[112.9995438,23.0944807],[112.9998425,23.0936816],[113.0,23.09325305919959]]},"properties":{"key":"way:417625390@detail:451_92","osmType":"way","osmId":417625390,"sourceRegion":"guangzhou","featureType":"infrastructure","railClass":"intercity","mode":"rail","name":"广肇城际线","nameEn":"Guangzhou–Foshan–Zhaoqing Intercity Railway","ref":"3060","usage":"main","bridge":"yes","status":"operational","color":"#C97932","sourceKey":"way:417625390"}},{"type":"Feature","geometry":{"type":"LineString","coordinates":[[112.9813266,23.1178527],[112.9817041,23.116676]]},"properties":{"key":"way:417625391@detail:451_92","osmType":"way","osmId":417625391,"sourceRegion":"guangzhou","featureType":"infrastructure","railClass":"intercity","mode":"rail","name":"广肇城际线","nameEn":"Guangzhou–Foshan–Zhaoqing Intercity Railway","ref":"3060","usage":"main","status":"operational","color":"#C97932","sourceKey":"way:417625391"}},{"type":"Feature","geometry":{"type":"LineString","coordinates":[[112.9159544,23.186409],[112.9161889,23.1863099],[112.9189671,23.1850856],[112.9196906,23.1847633],[112.9205708,23.1843894],[112.9213485,23.1840503],[112.9223927,23.1835948],[112.9228372,23.1833956],[112.9233539,23.1831503],[112.9239075,23.1828733],[112.9242827,23.1826749],[112.924942,23.1823046],[112.9256716,23.1818601],[112.9265745,23.1813182],[112.9271864,23.1809252],[112.9279911,23.1804412],[112.9288938,23.1798747],[112.929632,23.1794447],[112.930491,23.1789612],[112.9311189,23.1786211],[112.9314974,23.1784147],[112.9328799,23.1777305],[112.9337882,23.177283],[112.9342305,23.1770685],[112.9346012,23.1768757],[112.9351105,23.1766125],[112.9355258,23.1763887],[112.9359149,23.1761661],[112.9363553,23.1759206],[112.9372788,23.1753084],[112.9382079,23.1746693],[112.9391727,23.1740077],[112.939818,23.1735674],[112.9405442,23.1730611],[112.9410353,23.1727299],[112.9417598,23.1722608],[112.9422441,23.1719573],[112.9433373,23.1712844],[112.9454812,23.1700078],[112.9486629,23.1680971],[112.9522928,23.1659636],[112.9537549,23.1650976],[112.9553469,23.1641447],[112.956835,23.1632757],[112.9577817,23.1627231],[112.9582748,23.1624105],[112.9586109,23.1621992],[112.9588779,23.1620263],[112.9592131,23.1618071],[112.9594355,23.161658],[112.9599248,23.1613122],[112.9602954,23.1610301],[112.9604719,23.160896],[112.9614931,23.1600937],[112.961831,23.1598035],[112.9633967,23.1585444],[112.9651969,23.1570779],[112.9660389,23.1563709],[112.9668731,23.1557074],[112.9674282,23.1552055],[112.9680709,23.1546086],[112.9685887,23.1540618],[112.9689366,23.1536722],[112.9697354,23.1527241],[112.9701714,23.1521433],[112.9707825,23.1512808],[112.971355,23.1503079],[112.9717214,23.149625],[112.972051,23.1489739],[112.972349,23.1483004],[112.9726163,23.1476169],[112.9728911,23.1468521],[112.9730597,23.1462628],[112.9732396,23.1456448],[112.9734171,23.1449382],[112.9736762,23.1436373],[112.973887,23.1426316],[112.9753777,23.135705],[112.9755694,23.1349394],[112.9761572,23.1330576],[112.977098,23.1302712],[112.9784839,23.1261914],[112.9787906,23.1252909],[112.9790969,23.1243913],[112.9799799,23.1218406],[112.9805133,23.1202812],[112.9813266,23.1178527]]},"properties":{"key":"way:417625392@detail:451_92","osmType":"way","osmId":417625392,"sourceRegion":"guangzhou","featureType":"infrastructure","railClass":"intercity","mode":"rail","name":"广肇城际线","nameEn":"Guangzhou–Foshan–Zhaoqing Intercity Railway","ref":"3060","operator":"广东城际铁路运营有限公司","usage":"main","bridge":"viaduct","status":"operational","color":"#C97932","sourceKey":"way:417625392"}},{"type":"Feature","geometry":{"type":"LineString","coordinates":[[112.9365821,23.1914773],[112.936682,23.191907],[112.9367911,23.1923174],[112.9368829,23.1926877],[112.9369588,23.193068],[112.9370405,23.1936912],[112.937099,23.1941817],[112.9371199,23.1946098],[112.9371364,23.1950257],[112.9371436,23.1954298],[112.9371306,23.1957143],[112.9371066,23.1960271],[112.9370815,23.1963966],[112.9369858,23.1975732],[112.9369347,23.1982494],[112.9369095,23.1987817],[112.9369002,23.1991658],[112.9368917,23.1995482],[112.9368909,23.199927],[112.9369214,23.2003738],[112.9369488,23.2006662],[112.9369925,23.201134],[112.9370658,23.2015923],[112.9371513,23.2020173],[112.9372744,23.2024752],[112.9374659,23.2031619],[112.9375883,23.2035108],[112.9377213,23.2038635],[112.9378724,23.2042273],[112.9380535,23.2046425],[112.9382815,23.2051012],[112.9385483,23.2055709],[112.9387812,23.2059441],[112.9390234,23.2063182],[112.9393895,23.2068241],[112.9396726,23.2071818]]},"properties":{"key":"way:420553722@detail:451_92","osmType":"way","osmId":420553722,"sourceRegion":"guangzhou","featureType":"infrastructure","railClass":"national","mode":"rail","name":"广珠线","nameEn":"Guangzhu Line","ref":"0710","usage":"main","bridge":"yes","status":"operational","color":"#E54848","sourceKey":"way:420553722"}},{"type":"Feature","geometry":{"type":"LineString","coordinates":[[112.9396726,23.2071818],[112.9400576,23.2076301],[112.9405297,23.2081417],[112.9411141,23.2087366],[112.9419971,23.2096165],[112.9427035,23.2103367],[112.9434859,23.2111256]]},"properties":{"key":"way:420553723@detail:451_92","osmType":"way","osmId":420553723,"sourceRegion":"guangzhou","featureType":"infrastructure","railClass":"national","mode":"rail","name":"广珠线","nameEn":"Guangzhu Line","ref":"0710","usage":"main","status":"operational","color":"#E54848","sourceKey":"way:420553723"}},{"type":"Feature","geometry":{"type":"LineString","coordinates":[[112.9434859,23.2111256],[112.9442803,23.2119393],[112.9448892,23.2125512]]},"properties":{"key":"way:420556266@detail:451_92","osmType":"way","osmId":420556266,"sourceRegion":"guangzhou","featureType":"infrastructure","railClass":"national","mode":"rail","name":"广珠线","nameEn":"Guangzhu Line","ref":"0710","usage":"main","bridge":"yes","status":"operational","color":"#E54848","sourceKey":"way:420556266"}},{"type":"Feature","geometry":{"type":"LineString","coordinates":[[112.9448892,23.2125512],[112.9457232,23.2133861],[112.9465219,23.2142092],[112.9474858,23.2151777],[112.9478074,23.2155131]]},"properties":{"key":"way:420556267@detail:451_92","osmType":"way","osmId":420556267,"sourceRegion":"guangzhou","featureType":"infrastructure","railClass":"national","mode":"rail","name":"广珠线","nameEn":"Guangzhu Line","ref":"0710","usage":"main","status":"operational","color":"#E54848","sourceKey":"way:420556267"}},{"type":"Feature","geometry":{"type":"LineString","coordinates":[[112.9513975,23.2188051],[112.9518793,23.219154],[112.9524414,23.2195145],[112.9530132,23.219872],[112.9536507,23.2202573],[112.9540816,23.2204927],[112.9546954,23.2208031],[112.955276,23.2210764],[112.9558718,23.2213384],[112.9564598,23.2215811],[112.9571392,23.2218325]]},"properties":{"key":"way:420556268@detail:451_92","osmType":"way","osmId":420556268,"sourceRegion":"guangzhou","featureType":"infrastructure","railClass":"national","mode":"rail","name":"广珠线","nameEn":"Guangzhu Line","ref":"0710","usage":"main","bridge":"yes","status":"operational","color":"#E54848","sourceKey":"way:420556268"}},{"type":"Feature","geometry":{"type":"LineString","coordinates":[[112.9746436,23.2235333],[112.9801422,23.2237253],[112.9807581,23.2237607]]},"properties":{"key":"way:420556269@detail:451_92","osmType":"way","osmId":420556269,"sourceRegion":"guangzhou","featureType":"infrastructure","railClass":"national","mode":"rail","name":"广珠线","nameEn":"Guangzhu Line","ref":"0710","usage":"main","status":"operational","color":"#E54848","sourceKey":"way:420556269"}},{"type":"Feature","geometry":{"type":"LineString","coordinates":[[112.9807581,23.2237607],[112.9817326,23.2237946]]},"properties":{"key":"way:420556270@detail:451_92","osmType":"way","osmId":420556270,"sourceRegion":"guangzhou","featureType":"infrastructure","railClass":"national","mode":"rail","name":"广珠线","nameEn":"Guangzhu Line","ref":"0710","usage":"main","bridge":"yes","status":"operational","color":"#E54848","sourceKey":"way:420556270"}},{"type":"Feature","geometry":{"type":"LineString","coordinates":[[112.9817326,23.2237946],[112.9847481,23.2239049]]},"properties":{"key":"way:420556271@detail:451_92","osmType":"way","osmId":420556271,"sourceRegion":"guangzhou","featureType":"infrastructure","railClass":"national","mode":"rail","name":"广珠线","nameEn":"Guangzhu Line","ref":"0710","usage":"main","status":"operational","color":"#E54848","sourceKey":"way:420556271"}},{"type":"Feature","geometry":{"type":"LineString","coordinates":[[112.984882,23.2239098],[112.985958,23.2239492],[112.987087,23.2239864],[112.9883107,23.2240276],[112.9886109,23.2240353],[112.9890166,23.2240345],[112.9893708,23.2240202],[112.9897749,23.2239901],[112.9902067,23.2239449]]},"properties":{"key":"way:420556272@detail:451_92","osmType":"way","osmId":420556272,"sourceRegion":"guangzhou","featureType":"infrastructure","railClass":"national","mode":"rail","name":"广珠线","nameEn":"Guangzhu Line","ref":"0710","usage":"main","status":"operational","color":"#E54848","sourceKey":"way:420556272"}},{"type":"Feature","geometry":{"type":"LineString","coordinates":[[112.9847481,23.2239049],[112.984882,23.2239098]]},"properties":{"key":"way:420556275@detail:451_92","osmType":"way","osmId":420556275,"sourceRegion":"guangzhou","featureType":"infrastructure","railClass":"national","mode":"rail","name":"广珠线","nameEn":"Guangzhu Line","ref":"0710","usage":"main","bridge":"yes","status":"operational","color":"#E54848","sourceKey":"way:420556275"}},{"type":"Feature","geometry":{"type":"LineString","coordinates":[[112.9902067,23.2239449],[112.9903765,23.2239272],[112.9911561,23.2237914],[112.9916019,23.2237038],[112.9921057,23.223579],[112.9927396,23.2233793],[112.9932633,23.2231923],[112.9938721,23.2229407],[112.9943274,23.2227121],[112.9948533,23.2224427],[112.995392,23.2221184],[112.9958994,23.2217772],[112.9963088,23.2214658],[112.9967457,23.2211179],[112.997154,23.2207488],[112.9987414,23.2192363],[112.9992005,23.218829],[112.9996197,23.2184755],[112.999976,23.2181963],[113.0,23.218179527569077]]},"properties":{"key":"way:420556276@detail:451_92","osmType":"way","osmId":420556276,"sourceRegion":"guangzhou","featureType":"infrastructure","railClass":"national","mode":"rail","name":"广珠线","nameEn":"Guangzhu Line","ref":"0710","usage":"main","bridge":"yes","status":"operational","color":"#E54848","sourceKey":"way:420556276"}},{"type":"Feature","geometry":{"type":"LineString","coordinates":[[112.9712409,23.1326046],[112.9780687,23.1316939],[112.986481,23.1305978],[112.9903743,23.129866],[112.9909791,23.129558],[112.9915054,23.1288275],[112.9929297,23.1233011],[112.993089,23.1226831],[112.9931014,23.121743],[112.9933137,23.1203985],[112.9939979,23.1168157],[112.9945412,23.1152314],[112.9946953,23.1148736],[112.9949999,23.114242],[112.9953492,23.113619],[112.9957748,23.1130144],[112.9972222,23.111043],[112.998376,23.110039],[113.0,23.108597251811435]]},"properties":{"key":"way:482231270@detail:451_92","osmType":"way","osmId":482231270,"sourceRegion":"guangzhou","featureType":"infrastructure","railClass":"construction","mode":"construction","name":"佛山地铁4号线","nameEn":"Foshan Metro Line 4","tunnel":"yes","status":"construction","color":"#52636f","sourceKey":"way:482231270"}},{"type":"Feature","geometry":{"type":"LineString","coordinates":[[112.8606786,23.1186012],[112.8614758,23.1182521]]},"properties":{"key":"way:501116089@detail:451_92","osmType":"way","osmId":501116089,"sourceRegion":"guangzhou","featureType":"infrastructure","railClass":"minor","mode":"rail","name":"未命名","service":"crossover","status":"operational","color":"#52636f","sourceKey":"way:501116089"}},{"type":"Feature","geometry":{"type":"LineString","coordinates":[[112.8580161,23.1199459],[112.8599388,23.1190112],[112.8614758,23.1182521],[112.8619764,23.1180048],[112.8625176,23.1177392],[112.8631443,23.1174316],[112.8697016,23.1142954],[112.8704659,23.1139298],[112.8737672,23.1123508]]},"properties":{"key":"way:501116090@detail:451_92","osmType":"way","osmId":501116090,"sourceRegion":"guangzhou","featureType":"infrastructure","railClass":"highspeed","mode":"rail","name":"贵广客专线","nameEn":"Guiguang Passenger Line","ref":"3044","usage":"main","highspeed":"yes","status":"operational","color":"#E54848","sourceKey":"way:501116090"}},{"type":"Feature","geometry":{"type":"LineString","coordinates":[[112.8696841,23.1142597],[112.8693111,23.1144148],[112.8690472,23.1145325],[112.8685406,23.1147658],[112.868026,23.1150059],[112.8636437,23.1171028],[112.8628176,23.1175017],[112.861757,23.11801]]},"properties":{"key":"way:501116091@detail:451_92","osmType":"way","osmId":501116091,"sourceRegion":"guangzhou","featureType":"infrastructure","railClass":"minor","mode":"rail","name":"未命名","service":"siding","status":"operational","color":"#52636f","sourceKey":"way:501116091"}},{"type":"Feature","geometry":{"type":"LineString","coordinates":[[112.8628176,23.1175017],[112.8618713,23.1180158]]},"properties":{"key":"way:501116092@detail:451_92","osmType":"way","osmId":501116092,"sourceRegion":"guangzhou","featureType":"infrastructure","railClass":"minor","mode":"rail","name":"未命名","service":"siding","status":"operational","color":"#52636f","sourceKey":"way:501116092"}},{"type":"Feature","geometry":{"type":"LineString","coordinates":[[112.8625176,23.1177392],[112.8629768,23.1175528],[112.8634979,23.1173159],[112.8680956,23.1151187],[112.8684113,23.1149677],[112.8686691,23.1148447],[112.8689567,23.1146988],[112.8691583,23.1145935],[112.8697016,23.1142954]]},"properties":{"key":"way:501116093@detail:451_92","osmType":"way","osmId":501116093,"sourceRegion":"guangzhou","featureType":"infrastructure","railClass":"minor","mode":"rail","name":"未命名","service":"siding","status":"operational","color":"#52636f","sourceKey":"way:501116093"}},{"type":"Feature","geometry":{"type":"LineString","coordinates":[[112.8704659,23.1139298],[112.8711057,23.113579]]},"properties":{"key":"way:501116094@detail:451_92","osmType":"way","osmId":501116094,"sourceRegion":"guangzhou","featureType":"infrastructure","railClass":"minor","mode":"rail","name":"未命名","service":"crossover","status":"operational","color":"#52636f","sourceKey":"way:501116094"}},{"type":"Feature","geometry":{"type":"LineString","coordinates":[[112.8736371,23.1121602],[112.8750385,23.1115015],[112.8764402,23.1108455],[112.8778706,23.1101677],[112.8807192,23.1088315],[112.88205,23.1081815],[112.8824394,23.1080257],[112.88287,23.1078655],[112.8832513,23.1077354],[112.8835884,23.1076392],[112.8838874,23.1075725],[112.8843137,23.1075036],[112.8848335,23.1074248],[112.8854474,23.1074127],[112.8860311,23.1074361],[112.8865871,23.1074898],[112.8870474,23.1075623],[112.8875695,23.107685],[112.8881141,23.1078371],[112.888761,23.1080792],[112.8893084,23.1083334],[112.8898232,23.1086023],[112.891811,23.1096133],[112.8925588,23.1100405],[112.8927259,23.1101465],[112.8929294,23.1103058],[112.8930553,23.1104188],[112.8932703,23.1106099],[112.8934997,23.1108307],[112.8936441,23.111002],[112.8937138,23.1110686],[112.8938156,23.1111891],[112.8948122,23.1125516]]},"properties":{"key":"way:501119088@detail:451_92","osmType":"way","osmId":501119088,"sourceRegion":"guangzhou","featureType":"infrastructure","railClass":"national","mode":"rail","name":"横江联络线","ref":"2736","usage":"main","bridge":"yes","status":"operational","color":"#E54848","sourceKey":"way:501119088"}},{"type":"Feature","geometry":{"type":"LineString","coordinates":[[112.8808836,23.1085065],[112.8755197,23.1111249],[112.8735855,23.1120662]]},"properties":{"key":"way:501119090@detail:451_92","osmType":"way","osmId":501119090,"sourceRegion":"guangzhou","featureType":"infrastructure","railClass":"highspeed","mode":"rail","name":"南广线","nameEn":"Nanguang Line","ref":"3029","usage":"main","highspeed":"yes","bridge":"yes","status":"operational","color":"#E54848","sourceKey":"way:501119090"}},{"type":"Feature","geometry":{"type":"LineString","coordinates":[[112.8595303,23.1188275],[112.8603344,23.1184794]]},"properties":{"key":"way:501119091@detail:451_92","osmType":"way","osmId":501119091,"sourceRegion":"guangzhou","featureType":"infrastructure","railClass":"minor","mode":"rail","name":"未命名","service":"crossover","status":"operational","color":"#52636f","sourceKey":"way:501119091"}},{"type":"Feature","geometry":{"type":"LineString","coordinates":[[112.8619699,23.1175681],[112.8622015,23.1174601],[112.86955,23.1139488]]},"properties":{"key":"way:501119092@detail:451_92","osmType":"way","osmId":501119092,"sourceRegion":"guangzhou","featureType":"infrastructure","railClass":"national","mode":"rail","name":"横江联络线","ref":"2736","usage":"main","status":"operational","color":"#E54848","sourceKey":"way:501119092"}},{"type":"Feature","geometry":{"type":"LineString","coordinates":[[112.8735855,23.1120662],[112.8706436,23.1134775],[112.8609936,23.1181067],[112.8607583,23.1182196],[112.8595303,23.1188275],[112.8591931,23.1189944],[112.8575996,23.1197571]]},"properties":{"key":"way:501119093@detail:451_92","osmType":"way","osmId":501119093,"sourceRegion":"guangzhou","featureType":"infrastructure","railClass":"highspeed","mode":"rail","name":"南广线","nameEn":"Nanguang Line","ref":"3029","usage":"main","highspeed":"yes","status":"operational","color":"#E54848","sourceKey":"way:501119093"}},{"type":"Feature","geometry":{"type":"LineString","coordinates":[[112.8736371,23.1121602],[112.8696094,23.1140862]]},"properties":{"key":"way:501119094@detail:451_92","osmType":"way","osmId":501119094,"sourceRegion":"guangzhou","featureType":"infrastructure","railClass":"national","mode":"rail","name":"横江联络线","ref":"2736","usage":"main","status":"operational","color":"#E54848","sourceKey":"way:501119094"}},{"type":"Feature","geometry":{"type":"LineString","coordinates":[[112.8619699,23.1175681],[112.8609936,23.1181067]]},"properties":{"key":"way:501119096@detail:451_92","osmType":"way","osmId":501119096,"sourceRegion":"guangzhou","featureType":"infrastructure","railClass":"national","mode":"rail","name":"横江联络线","ref":"2736","usage":"main","status":"operational","color":"#E54848","sourceKey":"way:501119096"}},{"type":"Feature","geometry":{"type":"LineString","coordinates":[[112.8706436,23.1134775],[112.86955,23.1139488]]},"properties":{"key":"way:501119097@detail:451_92","osmType":"way","osmId":501119097,"sourceRegion":"guangzhou","featureType":"infrastructure","railClass":"minor","mode":"rail","name":"未命名","service":"crossover","status":"operational","color":"#52636f","sourceKey":"way:501119097"}},{"type":"Feature","geometry":{"type":"LineString","coordinates":[[112.8696094,23.1140862],[112.870662,23.1135256]]},"properties":{"key":"way:501119098@detail:451_92","osmType":"way","osmId":501119098,"sourceRegion":"guangzhou","featureType":"infrastructure","railClass":"minor","mode":"rail","name":"未命名","service":"crossover","status":"operational","color":"#52636f","sourceKey":"way:501119098"}},{"type":"Feature","geometry":{"type":"LineString","coordinates":[[112.86955,23.1139488],[112.8735634,23.1120311]]},"properties":{"key":"way:501119099@detail:451_92","osmType":"way","osmId":501119099,"sourceRegion":"guangzhou","featureType":"infrastructure","railClass":"national","mode":"rail","name":"横江联络线","ref":"2736","usage":"main","status":"operational","color":"#E54848","sourceKey":"way:501119099"}},{"type":"Feature","geometry":{"type":"LineString","coordinates":[[112.8696094,23.1140862],[112.8624216,23.1175233],[112.8622461,23.1176022],[112.8620598,23.1176843],[112.8618433,23.1177742],[112.8614037,23.1179605]]},"properties":{"key":"way:501119100@detail:451_92","osmType":"way","osmId":501119100,"sourceRegion":"guangzhou","featureType":"infrastructure","railClass":"national","mode":"rail","name":"横江联络线","ref":"2736","usage":"main","status":"operational","color":"#E54848","sourceKey":"way:501119100"}},{"type":"Feature","geometry":{"type":"LineString","coordinates":[[112.8974359,23.1010511],[112.8986677,23.100472],[112.9003233,23.0997258],[112.9011586,23.0993764],[112.9018064,23.0991297],[112.9025287,23.0988673],[112.9032763,23.0986187],[112.9038014,23.0984595],[112.9044228,23.0982636],[112.9050292,23.0980899],[112.9056775,23.0979387],[112.9069044,23.0976774],[112.9072407,23.0976206],[112.9076944,23.097572],[112.9081476,23.097507],[112.9085141,23.0974622]]},"properties":{"key":"way:501122816@detail:451_92","osmType":"way","osmId":501122816,"sourceRegion":"guangzhou","featureType":"infrastructure","railClass":"highspeed","mode":"rail","name":"南广线","nameEn":"Nanguang Line","ref":"3029","usage":"main","highspeed":"yes","bridge":"yes","status":"operational","color":"#E54848","sourceKey":"way:501122816"}},{"type":"Feature","geometry":{"type":"LineString","coordinates":[[112.9989479,23.0790045],[112.9938441,23.0810358],[112.9931087,23.0813256],[112.9920711,23.08173],[112.9912877,23.0820436],[112.9903515,23.0824027],[112.9897784,23.0826305],[112.9892132,23.0828524],[112.9888807,23.0829845],[112.9882078,23.0832497],[112.9879794,23.0833455],[112.9875179,23.083519],[112.9869095,23.0837593],[112.9861808,23.0840517],[112.985583,23.0842938],[112.9852576,23.0844352],[112.9847382,23.08467],[112.984424,23.084825],[112.9837589,23.0851645],[112.9829094,23.0856104],[112.9821571,23.0860223],[112.9813894,23.0864335],[112.9808407,23.086724],[112.9803617,23.0869591],[112.9799605,23.08715],[112.9795507,23.0873275],[112.979106,23.0875131],[112.9788334,23.0876102],[112.9785513,23.0877093],[112.978199,23.0878299],[112.9778827,23.087923],[112.9772643,23.0880829],[112.9765539,23.0882442],[112.9761663,23.0883282],[112.9758815,23.0883681],[112.9755423,23.0884101],[112.9753067,23.0884409],[112.9749473,23.0884908],[112.9746136,23.0885243],[112.9742574,23.0885454],[112.9738574,23.0885666],[112.9733557,23.0885805],[112.9725744,23.0885746],[112.9721697,23.0885622],[112.9718989,23.0885451],[112.9716277,23.0885004],[112.9713194,23.0884689],[112.9710356,23.0884361],[112.9706115,23.088375],[112.9701646,23.0882802],[112.9697675,23.0882034],[112.9693473,23.08811],[112.9689661,23.0880125],[112.9685996,23.0879056],[112.9682862,23.0878169],[112.9679466,23.087716],[112.9671874,23.0874846],[112.9619567,23.0857702],[112.960572,23.085329],[112.9595746,23.0849983],[112.9590747,23.084827],[112.9585364,23.0846613],[112.957958,23.0844815],[112.9573979,23.0843256],[112.9568339,23.084184],[112.9564237,23.084103],[112.9559842,23.0840139],[112.9556186,23.0839326],[112.9552534,23.0838789],[112.9547924,23.0838237],[112.9544693,23.0837775],[112.9542125,23.0837473],[112.9539688,23.0837258],[112.9536263,23.0837032],[112.9532789,23.0836813],[112.9528733,23.0836748],[112.9525552,23.0836484],[112.9522087,23.0836353],[112.9518027,23.0836413],[112.9513968,23.0836421],[112.9507977,23.0836694],[112.9501845,23.083712],[112.9498128,23.0837441],[112.9494533,23.0837833],[112.9491558,23.0838232],[112.9488631,23.0838664],[112.9485845,23.083913],[112.9481681,23.084005],[112.9477552,23.0840836],[112.9472873,23.0841823],[112.946811,23.0842989],[112.9463224,23.0844229],[112.9458875,23.0845524],[112.9455097,23.084667],[112.9450685,23.0848162],[112.943533,23.0853114],[112.9428645,23.085533],[112.9422658,23.0857446],[112.9417536,23.0859228],[112.9413024,23.0860758],[112.9407729,23.0862633],[112.9406232,23.0863189],[112.9404766,23.0863774],[112.9401968,23.0864857],[112.9397162,23.0866862],[112.9394072,23.0868034],[112.9390488,23.0869655],[112.938721,23.0871077],[112.9383653,23.0872904],[112.9380123,23.0874845],[112.9375678,23.0877346],[112.9370518,23.0880408],[112.9368836,23.0881449],[112.9367437,23.0882314],[112.9363717,23.0884655],[112.9360697,23.0886759],[112.9358048,23.0888542],[112.9354415,23.0891085],[112.9351992,23.0892968],[112.9349908,23.0894673],[112.9347861,23.0896305],[112.934786,23.0896306],[112.934785,23.0896314],[112.9347051,23.0896951],[112.9337244,23.0905617],[112.9330206,23.0911898],[112.9326722,23.0915014],[112.9323935,23.0917547],[112.9321547,23.0919706],[112.931963,23.0921408],[112.9316386,23.0924224],[112.9313663,23.0926518],[112.9311658,23.0928189],[112.9308264,23.093088],[112.9306774,23.093203],[112.9305195,23.0933229],[112.9302495,23.0935163],[112.9300164,23.0936733],[112.9296966,23.0938834],[112.9294204,23.0940577],[112.9292062,23.0941898],[112.9290176,23.0943063],[112.9287512,23.0944632],[112.9285639,23.0945669],[112.9283696,23.0946729],[112.9280837,23.0948224],[112.9276983,23.0950113],[112.927219,23.0952528],[112.9268682,23.0954174],[112.9265341,23.0955626],[112.9261854,23.0957076],[112.9259026,23.0958236],[112.9256745,23.0959095],[112.925493,23.0959744],[112.9253279,23.0960325],[112.9249992,23.0961424],[112.924383,23.0963285],[112.9239668,23.0964215],[112.9235938,23.0965217],[112.9233402,23.0965818],[112.9229954,23.0966559],[112.9224203,23.0967686],[112.9219642,23.0968457],[112.9215908,23.0969055],[112.9212999,23.096945],[112.9210275,23.0969807],[112.9206832,23.0970195],[112.92024,23.0970662],[112.9198337,23.097105],[112.9195634,23.0971209],[112.9190894,23.0971299],[112.9187344,23.0971341]]},"properties":{"key":"way:501122817@detail:451_92","osmType":"way","osmId":501122817,"sourceRegion":"guangzhou","featureType":"infrastructure","railClass":"highspeed","mode":"rail","name":"南广线","nameEn":"Nanguang Line","ref":"3029","usage":"main","highspeed":"yes","bridge":"yes","status":"operational","color":"#E54848","sourceKey":"way:501122817"}},{"type":"Feature","geometry":{"type":"LineString","coordinates":[[112.9989689,23.0790482],[112.9983345,23.0792878],[112.9973741,23.0796693],[112.9964579,23.0800263],[112.9954688,23.080432],[112.9946891,23.0807352],[112.9936663,23.0811534],[112.9928742,23.0814631],[112.9920963,23.0817679],[112.9910764,23.0821752],[112.9897971,23.0826729],[112.9888011,23.0830612],[112.9880119,23.0833746],[112.9868292,23.0838394],[112.9863323,23.0840375],[112.9859352,23.0841993],[112.9854711,23.0843866],[112.9852149,23.0845019],[112.9848995,23.0846495],[112.9845877,23.0847943],[112.9842019,23.0849815],[112.9839423,23.0851148],[112.9836454,23.085274],[112.9832869,23.0854547],[112.9829712,23.0856268],[112.982721,23.0857666],[112.9823633,23.0859602],[112.9815715,23.0863856],[112.9807537,23.0868186],[112.9801654,23.0871004],[112.9795902,23.0873564],[112.9790641,23.0875758],[112.9787011,23.0877025],[112.9783574,23.087823],[112.978009,23.0879348],[112.9774735,23.0880768],[112.9765508,23.0882901],[112.9762492,23.0883568],[112.9760013,23.088402],[112.9757532,23.0884382],[112.9751521,23.0885049],[112.9748692,23.0885414],[112.9745301,23.0885694],[112.9742636,23.0885888],[112.973969,23.0886038],[112.9735598,23.0886189],[112.9730688,23.0886232],[112.9726526,23.0886189],[112.9722083,23.088606],[112.971902,23.0885888],[112.9715525,23.0885382],[112.9711456,23.0884952],[112.9707925,23.0884479],[112.9704722,23.0883962],[112.9700433,23.0883014],[112.9696178,23.0882132],[112.9692566,23.0881293],[112.9691028,23.0880929],[112.9688125,23.0880154],[112.9685504,23.08794],[112.967977,23.0877753],[112.9671148,23.0875076],[112.9620724,23.0858563],[112.9613248,23.0856221],[112.9604226,23.085324],[112.959444,23.0850028],[112.9584905,23.0846895],[112.9581104,23.0845722],[112.957815,23.0844857],[112.9573543,23.0843572],[112.9569958,23.0842633],[112.9567391,23.0842027],[112.9564336,23.0841461],[112.9561336,23.0840861],[112.9558373,23.0840254],[112.9556242,23.0839879],[112.9553551,23.0839416],[112.9548181,23.0838687],[112.9543982,23.0838104],[112.9540727,23.0837789],[112.9537233,23.0837528],[112.9534037,23.0837293],[112.9531405,23.0837145],[112.9528692,23.0837058],[112.9525608,23.0837012],[112.9523491,23.0837027],[112.952205,23.0836918],[112.9519435,23.0836936],[112.9515557,23.0837001],[112.9508861,23.0837226],[112.9504346,23.08375],[112.950167,23.0837551],[112.9498648,23.0837841],[112.9495991,23.0838112],[112.9493264,23.0838449],[112.9490821,23.0838824],[112.9487748,23.0839292],[112.9484226,23.0839891],[112.9480886,23.0840629],[112.9477182,23.084134],[112.9473498,23.0842145],[112.9469929,23.0842991],[112.9467682,23.0843614],[112.9463969,23.0844513],[112.9459732,23.0845777],[112.9456672,23.0846734],[112.9453822,23.0847627],[112.9447538,23.0849753],[112.9434808,23.0853837],[112.9422175,23.0858113],[112.9415865,23.0860227],[112.9408399,23.086281],[112.9406389,23.0863558],[112.9404481,23.0864271],[112.940206,23.0865239],[112.939693,23.0867373],[112.9394647,23.0868274],[112.9392264,23.0869338],[112.9390259,23.0870248],[112.9387307,23.0871555],[112.9385462,23.0872491],[112.9383905,23.0873299],[112.938153,23.087462],[112.9378939,23.0876116],[112.9376027,23.0877675],[112.9369949,23.0881327],[112.9369158,23.0881819],[112.9366015,23.0883772],[112.935938,23.0888247],[112.9357006,23.088991],[112.9355234,23.0891149],[112.9353408,23.0892518],[112.93513,23.0894148],[112.9348404,23.0896438],[112.9346976,23.0897604],[112.934391,23.0900293],[112.9340685,23.0903211],[112.9337604,23.090592],[112.9334677,23.0908563],[112.933281,23.0910214],[112.9331158,23.0911668],[112.9326381,23.0915962],[112.932191,23.0920108],[112.9315482,23.0925625],[112.9311962,23.0928565],[112.9308658,23.0931208],[112.9305504,23.0933587],[112.9303616,23.0934975],[112.9302338,23.0935849],[112.9297817,23.0938845],[112.9295329,23.0940466],[112.9290721,23.0943274],[112.9288521,23.0944575],[112.9285249,23.0946412],[112.9281837,23.0948216],[112.9278386,23.094995],[112.9273772,23.0952322],[112.9268026,23.0954972],[112.9263063,23.0957073],[112.9259436,23.0958526],[112.9256994,23.0959451],[112.9254253,23.0960403],[112.9253071,23.0960819],[112.9251639,23.0961291],[112.9249219,23.0962044],[112.924552,23.0963168],[112.9240977,23.0964241],[112.9237924,23.0965084],[112.9235788,23.0965662],[112.9232968,23.0966339],[112.9228479,23.0967314],[112.9224708,23.096809],[112.922162,23.0968635],[112.92167,23.0969411],[112.921345,23.0969857],[112.9211241,23.0970121],[112.9206572,23.0970673],[112.9202585,23.0971104],[112.9200194,23.0971334],[112.9197474,23.097155],[112.9195145,23.0971679],[112.9192816,23.0971737],[112.918729,23.097176]]},"properties":{"key":"way:501160235@detail:451_92","osmType":"way","osmId":501160235,"sourceRegion":"guangzhou","featureType":"infrastructure","railClass":"highspeed","mode":"rail","name":"贵广客专线","nameEn":"Guiguang Passenger Line","ref":"3044","usage":"main","highspeed":"yes","bridge":"yes","status":"operational","color":"#E54848","sourceKey":"way:501160235"}},{"type":"Feature","geometry":{"type":"LineString","coordinates":[[112.9187264,23.097211],[112.9192745,23.097206],[112.9195548,23.097201],[112.9197508,23.0971922],[112.9199685,23.0971759],[112.9202951,23.0971484],[112.9207333,23.0971033],[112.9209755,23.0970758],[112.9213225,23.0970307],[112.9220139,23.0969281],[112.92232,23.0968768],[112.9225187,23.0968392],[112.9228344,23.0967716],[112.9231751,23.0966989],[112.9235565,23.0966069],[112.9238645,23.0965278],[112.9242303,23.0964286],[112.9246241,23.0963391],[112.9249023,23.0962514],[112.9252181,23.0961464],[112.9254697,23.096063],[112.925737,23.095971],[112.9259606,23.0958861],[112.9263232,23.0957409],[112.9268849,23.095507],[112.9272981,23.0953129],[112.9276256,23.0951491],[112.92786,23.0950355],[112.9281414,23.0948946],[112.9284009,23.094758],[112.9286932,23.0945927],[112.9290512,23.0943885],[112.9294811,23.0941311],[112.9299422,23.0938363],[112.9302783,23.093612],[112.930461,23.0934843],[112.9306236,23.0933635],[112.9308768,23.0931708],[112.9312801,23.0928487],[112.9315337,23.0926384],[112.9319116,23.0923152],[112.9323415,23.091937],[112.9326885,23.0916224],[112.9332106,23.0911478],[112.9336061,23.0907927],[112.9337968,23.090623],[112.9342547,23.0902124],[112.9346073,23.0899043],[112.9348164,23.0897234],[112.9348923,23.0896631],[112.9348933,23.0896624],[112.9348934,23.0896623],[112.9350361,23.089549],[112.9353019,23.0893452],[112.9355287,23.0891708],[112.9357308,23.0890273],[112.9359026,23.0889051],[112.9361773,23.0887209],[112.9365697,23.0884576],[112.936948,23.0882198],[112.9371013,23.0881234],[112.9376445,23.0878178],[112.9381053,23.0875505],[112.9383941,23.0873891],[112.938644,23.0872554],[112.9388956,23.0871394],[112.9390561,23.087066],[112.9394902,23.086867],[112.9397011,23.0867842],[112.9402235,23.0865647],[112.9405267,23.0864428],[112.9408599,23.0863179],[112.941352,23.0861433],[112.9422298,23.0858482],[112.9436358,23.0853814],[112.9446242,23.0850696],[112.9454177,23.0848027],[112.9457242,23.0847065],[112.9459258,23.0846432],[112.9461782,23.0845624],[112.9465275,23.0844656],[112.946773,23.0844076],[112.9470069,23.0843438],[112.9472826,23.0842794],[112.9475785,23.0842137],[112.9479693,23.0841344],[112.9483664,23.0840457],[112.9488162,23.0839708],[112.9492946,23.0839015],[112.9496081,23.0838603],[112.950064,23.0838135],[112.9504613,23.0837904],[112.9508033,23.0837688],[112.9515543,23.0837419],[112.952148,23.0837341],[112.9523207,23.083744],[112.9525185,23.0837474],[112.9528682,23.0837534],[112.9532442,23.0837635],[112.9536715,23.0837919],[112.9540683,23.0838185],[112.9543924,23.0838521],[112.9547102,23.0838975],[112.9550557,23.0839528],[112.9554869,23.0840133],[112.9560061,23.0841027],[112.9563655,23.0841714],[112.9567224,23.0842397],[112.9570512,23.0843187],[112.9573184,23.0843891],[112.9575897,23.084462],[112.9578516,23.0845373],[112.9584921,23.0847412],[112.9598218,23.0851742],[112.9610607,23.0855784],[112.9617712,23.0858076],[112.9670954,23.0875423],[112.9677204,23.0877406],[112.9684523,23.0879639],[112.968835,23.0880676],[112.9690973,23.0881361],[112.9693524,23.0881997],[112.969682,23.088273],[112.9700524,23.0883464],[112.9704326,23.0884312],[112.9706931,23.0884736],[112.9709943,23.0885176],[112.9713629,23.08856],[112.9717765,23.088619],[112.9720671,23.0886386],[112.9723879,23.0886549],[112.9727334,23.0886614],[112.9731091,23.0886614],[112.9738143,23.0886549],[112.974066,23.0886435],[112.9744062,23.0886223],[112.9745788,23.0886084],[112.9748758,23.0885799],[112.9751841,23.0885424],[112.9755503,23.0885022],[112.9759499,23.0884529],[112.976306,23.0883877],[112.9766994,23.0883013],[112.9771612,23.0881911],[112.9776184,23.0880802],[112.9779905,23.0879792],[112.9781783,23.0879205],[112.9784707,23.0878259],[112.9789072,23.08767],[112.9794375,23.0874696],[112.9798451,23.0872936],[112.9802704,23.0870996],[112.9807641,23.0868554],[112.98126,23.0865978],[112.9821273,23.086138],[112.9830363,23.0856391],[112.9836245,23.0853392],[112.9838265,23.0852283],[112.9841561,23.0850556],[112.9843604,23.0849529],[112.9845586,23.0848567],[112.9847916,23.0847451],[112.9851334,23.0845852],[112.9854062,23.0844657],[112.985852,23.0842798],[112.9864721,23.0840371],[112.9871167,23.0837755],[112.9879127,23.0834619],[112.9887067,23.0831426],[112.9893103,23.0829164],[112.9904263,23.0824727],[112.9912855,23.0821363],[112.9919715,23.0818588],[112.9927783,23.0815452],[112.9935912,23.0812273],[112.9949664,23.0806716],[112.9957578,23.0803636],[112.9965947,23.0800205],[112.9973845,23.0797111],[112.9986001,23.0792343],[112.9989888,23.0790867]]},"properties":{"key":"way:501160236@detail:451_92","osmType":"way","osmId":501160236,"sourceRegion":"guangzhou","featureType":"infrastructure","railClass":"highspeed","mode":"rail","name":"贵广客专线","nameEn":"Guiguang Passenger Line","ref":"3044","usage":"main","highspeed":"yes","bridge":"yes","status":"operational","color":"#E54848","sourceKey":"way:501160236"}},{"type":"Feature","geometry":{"type":"LineString","coordinates":[[112.9989888,23.0790867],[112.9997615,23.0787834],[113.0,23.078694694535386]]},"properties":{"key":"way:501161333@detail:451_92","osmType":"way","osmId":501161333,"sourceRegion":"guangzhou","featureType":"infrastructure","railClass":"highspeed","mode":"rail","name":"贵广客专线","nameEn":"Guiguang Passenger Line","ref":"3044","usage":"main","highspeed":"yes","status":"operational","color":"#E54848","sourceKey":"way:501161333"}},{"type":"Feature","geometry":{"type":"LineString","coordinates":[[113.0,23.078649912937813],[112.9997409,23.0787427],[112.9989689,23.0790482]]},"properties":{"key":"way:501162859@detail:451_92","osmType":"way","osmId":501162859,"sourceRegion":"guangzhou","featureType":"infrastructure","railClass":"highspeed","mode":"rail","name":"贵广客专线","nameEn":"Guiguang Passenger Line","ref":"3044","usage":"main","highspeed":"yes","status":"operational","color":"#E54848","sourceKey":"way:501162859"}},{"type":"Feature","geometry":{"type":"LineString","coordinates":[[112.8579793,23.1199092],[112.8567528,23.1204934]]},"properties":{"key":"way:578170527@detail:451_92","osmType":"way","osmId":578170527,"sourceRegion":"guangzhou","featureType":"infrastructure","railClass":"highspeed","mode":"rail","name":"贵广客专线","nameEn":"Guiguang Passenger Line","ref":"3044","usage":"main","highspeed":"yes","bridge":"yes","status":"operational","color":"#E54848","sourceKey":"way:578170527"}},{"type":"Feature","geometry":{"type":"LineString","coordinates":[[112.8567528,23.1204934],[112.8554025,23.1211316]]},"properties":{"key":"way:578170528@detail:451_92","osmType":"way","osmId":578170528,"sourceRegion":"guangzhou","featureType":"infrastructure","railClass":"highspeed","mode":"rail","name":"贵广客专线","nameEn":"Guiguang Passenger Line","ref":"3044","usage":"main","highspeed":"yes","status":"operational","color":"#E54848","sourceKey":"way:578170528"}},{"type":"Feature","geometry":{"type":"LineString","coordinates":[[112.8254301,23.1341581],[112.8265024,23.1335896],[112.8270507,23.1333034],[112.8274265,23.1331079]]},"properties":{"key":"way:578170529@detail:451_92","osmType":"way","osmId":578170529,"sourceRegion":"guangzhou","featureType":"infrastructure","railClass":"highspeed","mode":"rail","name":"贵广客专线","nameEn":"Guiguang Passenger Line","ref":"3044","usage":"main","highspeed":"yes","status":"operational","color":"#E54848","sourceKey":"way:578170529"}},{"type":"Feature","geometry":{"type":"LineString","coordinates":[[112.8554025,23.1211316],[112.8531081,23.1222344],[112.8518728,23.1228269],[112.84911,23.1241163],[112.8478635,23.1247001],[112.8470215,23.125092],[112.846421,23.1253718],[112.8459161,23.1255912],[112.8454719,23.1257795],[112.8450194,23.1259707],[112.8445251,23.1261697],[112.843272,23.1266827],[112.8423062,23.1270678],[112.8415322,23.1273669],[112.8411278,23.1275227],[112.8400092,23.1279552],[112.8388714,23.1283919],[112.8380366,23.1287211],[112.8364817,23.1293307]]},"properties":{"key":"way:578170532@detail:451_92","osmType":"way","osmId":578170532,"sourceRegion":"guangzhou","featureType":"infrastructure","railClass":"highspeed","mode":"rail","name":"贵广客专线","nameEn":"Guiguang Passenger Line","ref":"3044","usage":"main","highspeed":"yes","bridge":"yes","status":"operational","color":"#E54848","sourceKey":"way:578170532"}},{"type":"Feature","geometry":{"type":"LineString","coordinates":[[112.8554305,23.1211763],[112.8567777,23.1205368]]},"properties":{"key":"way:578170533@detail:451_92","osmType":"way","osmId":578170533,"sourceRegion":"guangzhou","featureType":"infrastructure","railClass":"highspeed","mode":"rail","name":"贵广客专线","nameEn":"Guiguang Passenger Line","ref":"3044","usage":"main","highspeed":"yes","status":"operational","color":"#E54848","sourceKey":"way:578170533"}},{"type":"Feature","geometry":{"type":"LineString","coordinates":[[112.8567777,23.1205368],[112.8580161,23.1199459]]},"properties":{"key":"way:578170534@detail:451_92","osmType":"way","osmId":578170534,"sourceRegion":"guangzhou","featureType":"infrastructure","railClass":"highspeed","mode":"rail","name":"贵广客专线","nameEn":"Guiguang Passenger Line","ref":"3044","usage":"main","highspeed":"yes","bridge":"yes","status":"operational","color":"#E54848","sourceKey":"way:578170534"}},{"type":"Feature","geometry":{"type":"LineString","coordinates":[[112.8576385,23.1197879],[112.8594952,23.1188922],[112.8603344,23.1184794],[112.8608494,23.118226],[112.8614037,23.1179605],[112.870662,23.1135256],[112.873612,23.1121125]]},"properties":{"key":"way:578171108@detail:451_92","osmType":"way","osmId":578171108,"sourceRegion":"guangzhou","featureType":"infrastructure","railClass":"highspeed","mode":"rail","name":"南广线","nameEn":"Nanguang Line","ref":"3029","usage":"main","highspeed":"yes","status":"operational","color":"#E54848","sourceKey":"way:578171108"}},{"type":"Feature","geometry":{"type":"LineString","coordinates":[[112.8575996,23.1197571],[112.8563491,23.1203557]]},"properties":{"key":"way:578171109@detail:451_92","osmType":"way","osmId":578171109,"sourceRegion":"guangzhou","featureType":"infrastructure","railClass":"highspeed","mode":"rail","name":"南广线","nameEn":"Nanguang Line","ref":"3029","usage":"main","highspeed":"yes","bridge":"yes","status":"operational","color":"#E54848","sourceKey":"way:578171109"}},{"type":"Feature","geometry":{"type":"LineString","coordinates":[[112.8563739,23.120398],[112.8576385,23.1197879]]},"properties":{"key":"way:578171110@detail:451_92","osmType":"way","osmId":578171110,"sourceRegion":"guangzhou","featureType":"infrastructure","railClass":"highspeed","mode":"rail","name":"南广线","nameEn":"Nanguang Line","ref":"3029","usage":"main","highspeed":"yes","bridge":"yes","status":"operational","color":"#E54848","sourceKey":"way:578171110"}},{"type":"Feature","geometry":{"type":"LineString","coordinates":[[112.8563491,23.1203557],[112.855005,23.120999]]},"properties":{"key":"way:578171111@detail:451_92","osmType":"way","osmId":578171111,"sourceRegion":"guangzhou","featureType":"infrastructure","railClass":"highspeed","mode":"rail","name":"南广线","nameEn":"Nanguang Line","ref":"3029","usage":"main","highspeed":"yes","status":"operational","color":"#E54848","sourceKey":"way:578171111"}},{"type":"Feature","geometry":{"type":"LineString","coordinates":[[112.8550314,23.1210457],[112.8563739,23.120398]]},"properties":{"key":"way:578171112@detail:451_92","osmType":"way","osmId":578171112,"sourceRegion":"guangzhou","featureType":"infrastructure","railClass":"highspeed","mode":"rail","name":"南广线","nameEn":"Nanguang Line","ref":"3029","usage":"main","highspeed":"yes","status":"operational","color":"#E54848","sourceKey":"way:578171112"}},{"type":"Feature","geometry":{"type":"LineString","coordinates":[[112.855005,23.120999],[112.8517367,23.1225634],[112.8511405,23.1228474],[112.8500523,23.1233628],[112.8489059,23.1239012],[112.8478285,23.1244134],[112.846743,23.124935],[112.8463136,23.1251439],[112.8460234,23.1252846],[112.8458136,23.1253815],[112.845316,23.1256061],[112.8439968,23.1261856],[112.8429235,23.126653],[112.8417018,23.127182],[112.8401793,23.1277951],[112.8391792,23.128184],[112.8383743,23.1284924],[112.837862,23.1286943],[112.8368314,23.1291],[112.8364472,23.1292551]]},"properties":{"key":"way:578171113@detail:451_92","osmType":"way","osmId":578171113,"sourceRegion":"guangzhou","featureType":"infrastructure","railClass":"highspeed","mode":"rail","name":"南广线","nameEn":"Nanguang Line","ref":"3029","usage":"main","highspeed":"yes","bridge":"yes","status":"operational","color":"#E54848","sourceKey":"way:578171113"}},{"type":"Feature","geometry":{"type":"LineString","coordinates":[[112.8364657,23.1292882],[112.8378142,23.1287547],[112.8385075,23.128484],[112.840054,23.1278919],[112.8412942,23.1273959],[112.8417279,23.1272186],[112.8421157,23.1270544],[112.8437814,23.1263254],[112.8458051,23.1254298],[112.8460579,23.1253115],[112.846509,23.1250941],[112.847189,23.1247632],[112.8517622,23.1225976],[112.8525547,23.1222252],[112.8550314,23.1210457]]},"properties":{"key":"way:578171115@detail:451_92","osmType":"way","osmId":578171115,"sourceRegion":"guangzhou","featureType":"infrastructure","railClass":"highspeed","mode":"rail","name":"南广线","nameEn":"Nanguang Line","ref":"3029","usage":"main","highspeed":"yes","bridge":"yes","status":"operational","color":"#E54848","sourceKey":"way:578171115"}},{"type":"Feature","geometry":{"type":"LineString","coordinates":[[112.8344958,23.1300215],[112.8336787,23.1303449],[112.8325843,23.1307728],[112.8314635,23.1312081]]},"properties":{"key":"way:578693980@detail:451_92","osmType":"way","osmId":578693980,"sourceRegion":"guangzhou","featureType":"infrastructure","railClass":"highspeed","mode":"rail","name":"南广线","nameEn":"Nanguang Line","ref":"3029","usage":"main","highspeed":"yes","status":"operational","color":"#E54848","sourceKey":"way:578693980"}},{"type":"Feature","geometry":{"type":"LineString","coordinates":[[112.8351219,23.1297729],[112.8344958,23.1300215]]},"properties":{"key":"way:578693981@detail:451_92","osmType":"way","osmId":578693981,"sourceRegion":"guangzhou","featureType":"infrastructure","railClass":"highspeed","mode":"rail","name":"南广线","nameEn":"Nanguang Line","ref":"3029","usage":"main","highspeed":"yes","bridge":"yes","status":"operational","color":"#E54848","sourceKey":"way:578693981"}},{"type":"Feature","geometry":{"type":"LineString","coordinates":[[112.8345149,23.1300606],[112.835142,23.1298105]]},"properties":{"key":"way:578693982@detail:451_92","osmType":"way","osmId":578693982,"sourceRegion":"guangzhou","featureType":"infrastructure","railClass":"highspeed","mode":"rail","name":"南广线","nameEn":"Nanguang Line","ref":"3029","usage":"main","highspeed":"yes","bridge":"yes","status":"operational","color":"#E54848","sourceKey":"way:578693982"}},{"type":"Feature","geometry":{"type":"LineString","coordinates":[[112.8364472,23.1292551],[112.8351219,23.1297729]]},"properties":{"key":"way:578693984@detail:451_92","osmType":"way","osmId":578693984,"sourceRegion":"guangzhou","featureType":"infrastructure","railClass":"highspeed","mode":"rail","name":"南广线","nameEn":"Nanguang Line","ref":"3029","usage":"main","highspeed":"yes","status":"operational","color":"#E54848","sourceKey":"way:578693984"}},{"type":"Feature","geometry":{"type":"LineString","coordinates":[[112.8364817,23.1293307],[112.8351626,23.1298527]]},"properties":{"key":"way:578693986@detail:451_92","osmType":"way","osmId":578693986,"sourceRegion":"guangzhou","featureType":"infrastructure","railClass":"highspeed","mode":"rail","name":"贵广客专线","nameEn":"Guiguang Passenger Line","ref":"3044","usage":"main","highspeed":"yes","status":"operational","color":"#E54848","sourceKey":"way:578693986"}},{"type":"Feature","geometry":{"type":"LineString","coordinates":[[112.8345364,23.1300995],[112.8337178,23.1304279],[112.8320635,23.1310833],[112.8315249,23.1312983]]},"properties":{"key":"way:578693988@detail:451_92","osmType":"way","osmId":578693988,"sourceRegion":"guangzhou","featureType":"infrastructure","railClass":"highspeed","mode":"rail","name":"贵广客专线","nameEn":"Guiguang Passenger Line","ref":"3044","usage":"main","highspeed":"yes","status":"operational","color":"#E54848","sourceKey":"way:578693988"}},{"type":"Feature","geometry":{"type":"LineString","coordinates":[[112.8351626,23.1298527],[112.8345364,23.1300995]]},"properties":{"key":"way:578693989@detail:451_92","osmType":"way","osmId":578693989,"sourceRegion":"guangzhou","featureType":"infrastructure","railClass":"highspeed","mode":"rail","name":"贵广客专线","nameEn":"Guiguang Passenger Line","ref":"3044","usage":"main","highspeed":"yes","bridge":"yes","status":"operational","color":"#E54848","sourceKey":"way:578693989"}},{"type":"Feature","geometry":{"type":"LineString","coordinates":[[112.8345601,23.1301373],[112.835181,23.1298922]]},"properties":{"key":"way:578693990@detail:451_92","osmType":"way","osmId":578693990,"sourceRegion":"guangzhou","featureType":"infrastructure","railClass":"highspeed","mode":"rail","name":"贵广客专线","nameEn":"Guiguang Passenger Line","ref":"3044","usage":"main","highspeed":"yes","bridge":"yes","status":"operational","color":"#E54848","sourceKey":"way:578693990"}},{"type":"Feature","geometry":{"type":"LineString","coordinates":[[112.835181,23.1298922],[112.8357249,23.1296793],[112.8365034,23.1293727]]},"properties":{"key":"way:578693991@detail:451_92","osmType":"way","osmId":578693991,"sourceRegion":"guangzhou","featureType":"infrastructure","railClass":"highspeed","mode":"rail","name":"贵广客专线","nameEn":"Guiguang Passenger Line","ref":"3044","usage":"main","highspeed":"yes","status":"operational","color":"#E54848","sourceKey":"way:578693991"}},{"type":"Feature","geometry":{"type":"LineString","coordinates":[[112.8365034,23.1293727],[112.8373958,23.1290175],[112.8381908,23.1287037],[112.8389043,23.128427],[112.8397825,23.1280868],[112.8405447,23.1277951],[112.8413822,23.1274736],[112.8421465,23.1271764],[112.8430084,23.1268305],[112.8438967,23.126466],[112.8443663,23.1262772],[112.8446407,23.1261669],[112.8451326,23.1259632],[112.8458624,23.1256566],[112.8462059,23.1255089],[112.8463807,23.1254304],[112.8465088,23.1253706],[112.84671,23.1252771],[112.8471694,23.1250658],[112.8481878,23.1245891],[112.8491233,23.1241548],[112.8512995,23.1231391],[112.8518941,23.1228601],[112.8525455,23.122552],[112.8531334,23.1222748],[112.8554305,23.1211763]]},"properties":{"key":"way:578693992@detail:451_92","osmType":"way","osmId":578693992,"sourceRegion":"guangzhou","featureType":"infrastructure","railClass":"highspeed","mode":"rail","name":"贵广客专线","nameEn":"Guiguang Passenger Line","ref":"3044","usage":"main","highspeed":"yes","bridge":"yes","status":"operational","color":"#E54848","sourceKey":"way:578693992"}},{"type":"Feature","geometry":{"type":"LineString","coordinates":[[112.8296181,23.1320071],[112.8303231,23.1317161],[112.8309729,23.131453],[112.831494,23.1312535]]},"properties":{"key":"way:578697208@detail:451_92","osmType":"way","osmId":578697208,"sourceRegion":"guangzhou","featureType":"infrastructure","railClass":"highspeed","mode":"rail","name":"南广线","nameEn":"Nanguang Line","ref":"3029","usage":"main","highspeed":"yes","bridge":"yes","status":"operational","color":"#E54848","sourceKey":"way:578697208"}},{"type":"Feature","geometry":{"type":"LineString","coordinates":[[112.8296428,23.1320556],[112.828918,23.1323532]]},"properties":{"key":"way:578697213@detail:451_92","osmType":"way","osmId":578697213,"sourceRegion":"guangzhou","featureType":"infrastructure","railClass":"highspeed","mode":"rail","name":"贵广客专线","nameEn":"Guiguang Passenger Line","ref":"3044","usage":"main","highspeed":"yes","status":"operational","color":"#E54848","sourceKey":"way:578697213"}},{"type":"Feature","geometry":{"type":"LineString","coordinates":[[112.831494,23.1312535],[112.8326181,23.1308105],[112.8345149,23.1300606]]},"properties":{"key":"way:578697217@detail:451_92","osmType":"way","osmId":578697217,"sourceRegion":"guangzhou","featureType":"infrastructure","railClass":"highspeed","mode":"rail","name":"南广线","nameEn":"Nanguang Line","ref":"3029","usage":"main","highspeed":"yes","status":"operational","color":"#E54848","sourceKey":"way:578697217"}},{"type":"Feature","geometry":{"type":"LineString","coordinates":[[112.8315249,23.1312983],[112.8311742,23.1314338],[112.830909,23.1315381],[112.8303164,23.1317755],[112.8296428,23.1320556]]},"properties":{"key":"way:578697220@detail:451_92","osmType":"way","osmId":578697220,"sourceRegion":"guangzhou","featureType":"infrastructure","railClass":"highspeed","mode":"rail","name":"贵广客专线","nameEn":"Guiguang Passenger Line","ref":"3044","usage":"main","highspeed":"yes","bridge":"yes","status":"operational","color":"#E54848","sourceKey":"way:578697220"}},{"type":"Feature","geometry":{"type":"LineString","coordinates":[[112.8295931,23.1319559],[112.8290774,23.1321729],[112.8288753,23.1322572]]},"properties":{"key":"way:578697225@detail:451_92","osmType":"way","osmId":578697225,"sourceRegion":"guangzhou","featureType":"infrastructure","railClass":"highspeed","mode":"rail","name":"南广线","nameEn":"Nanguang Line","ref":"3029","usage":"main","highspeed":"yes","status":"operational","color":"#E54848","sourceKey":"way:578697225"}},{"type":"Feature","geometry":{"type":"LineString","coordinates":[[112.8314635,23.1312081],[112.8308307,23.1314535],[112.8304082,23.1316215],[112.8295931,23.1319559]]},"properties":{"key":"way:578697227@detail:451_92","osmType":"way","osmId":578697227,"sourceRegion":"guangzhou","featureType":"infrastructure","railClass":"highspeed","mode":"rail","name":"南广线","nameEn":"Nanguang Line","ref":"3029","usage":"main","highspeed":"yes","bridge":"yes","status":"operational","color":"#E54848","sourceKey":"way:578697227"}},{"type":"Feature","geometry":{"type":"LineString","coordinates":[[112.8315561,23.1313386],[112.8323706,23.1310145],[112.8332416,23.1306645],[112.8337369,23.1304682],[112.8341577,23.1302999],[112.8345601,23.1301373]]},"properties":{"key":"way:578697229@detail:451_92","osmType":"way","osmId":578697229,"sourceRegion":"guangzhou","featureType":"infrastructure","railClass":"highspeed","mode":"rail","name":"贵广客专线","nameEn":"Guiguang Passenger Line","ref":"3044","usage":"main","highspeed":"yes","status":"operational","color":"#E54848","sourceKey":"way:578697229"}},{"type":"Feature","geometry":{"type":"LineString","coordinates":[[112.829672,23.1321043],[112.8300148,23.1319618],[112.8305925,23.13172],[112.830966,23.1315704],[112.8315561,23.1313386]]},"properties":{"key":"way:578697232@detail:451_92","osmType":"way","osmId":578697232,"sourceRegion":"guangzhou","featureType":"infrastructure","railClass":"highspeed","mode":"rail","name":"贵广客专线","nameEn":"Guiguang Passenger Line","ref":"3044","usage":"main","highspeed":"yes","bridge":"yes","status":"operational","color":"#E54848","sourceKey":"way:578697232"}},{"type":"Feature","geometry":{"type":"LineString","coordinates":[[112.8273966,23.1330689],[112.8267437,23.133411],[112.8260905,23.1337568],[112.8254095,23.1341189]]},"properties":{"key":"way:578697234@detail:451_92","osmType":"way","osmId":578697234,"sourceRegion":"guangzhou","featureType":"infrastructure","railClass":"highspeed","mode":"rail","name":"贵广客专线","nameEn":"Guiguang Passenger Line","ref":"3044","usage":"main","highspeed":"yes","status":"operational","color":"#E54848","sourceKey":"way:578697234"}},{"type":"Feature","geometry":{"type":"LineString","coordinates":[[112.8273705,23.1330239],[112.8276689,23.1328691],[112.8278813,23.1327628],[112.8280458,23.1326808],[112.8282267,23.132594],[112.8284248,23.1325052],[112.8286032,23.1324275],[112.8288961,23.1323055]]},"properties":{"key":"way:578697240@detail:451_92","osmType":"way","osmId":578697240,"sourceRegion":"guangzhou","featureType":"infrastructure","railClass":"highspeed","mode":"rail","name":"南广线","nameEn":"Nanguang Line","ref":"3029","usage":"main","highspeed":"yes","bridge":"yes","status":"operational","color":"#E54848","sourceKey":"way:578697240"}},{"type":"Feature","geometry":{"type":"LineString","coordinates":[[112.828918,23.1323532],[112.8287128,23.132438],[112.8284909,23.1325326],[112.8282698,23.1326312],[112.82802,23.1327529],[112.8277327,23.1328964],[112.8275851,23.1329719],[112.8273966,23.1330689]]},"properties":{"key":"way:578697244@detail:451_92","osmType":"way","osmId":578697244,"sourceRegion":"guangzhou","featureType":"infrastructure","railClass":"highspeed","mode":"rail","name":"贵广客专线","nameEn":"Guiguang Passenger Line","ref":"3044","usage":"main","highspeed":"yes","bridge":"yes","status":"operational","color":"#E54848","sourceKey":"way:578697244"}},{"type":"Feature","geometry":{"type":"LineString","coordinates":[[112.8288961,23.1323055],[112.8296181,23.1320071]]},"properties":{"key":"way:578697249@detail:451_92","osmType":"way","osmId":578697249,"sourceRegion":"guangzhou","featureType":"infrastructure","railClass":"highspeed","mode":"rail","name":"南广线","nameEn":"Nanguang Line","ref":"3029","usage":"main","highspeed":"yes","status":"operational","color":"#E54848","sourceKey":"way:578697249"}},{"type":"Feature","geometry":{"type":"LineString","coordinates":[[112.8273455,23.1329818],[112.8269838,23.1331758],[112.8253547,23.1340457]]},"properties":{"key":"way:578697253@detail:451_92","osmType":"way","osmId":578697253,"sourceRegion":"guangzhou","featureType":"infrastructure","railClass":"highspeed","mode":"rail","name":"南广线","nameEn":"Nanguang Line","ref":"3029","usage":"main","highspeed":"yes","status":"operational","color":"#E54848","sourceKey":"way:578697253"}},{"type":"Feature","geometry":{"type":"LineString","coordinates":[[112.8288753,23.1322572],[112.8285876,23.1323775],[112.8284536,23.1324346],[112.8283102,23.1324979],[112.8281708,23.1325608],[112.8279936,23.132647],[112.8277888,23.1327499],[112.8275794,23.1328588],[112.8273455,23.1329818]]},"properties":{"key":"way:578697255@detail:451_92","osmType":"way","osmId":578697255,"sourceRegion":"guangzhou","featureType":"infrastructure","railClass":"highspeed","mode":"rail","name":"南广线","nameEn":"Nanguang Line","ref":"3029","usage":"main","highspeed":"yes","bridge":"yes","status":"operational","color":"#E54848","sourceKey":"way:578697255"}},{"type":"Feature","geometry":{"type":"LineString","coordinates":[[112.8274265,23.1331079],[112.8277918,23.1329224],[112.8280519,23.1327917],[112.8282784,23.1326838],[112.8284687,23.1325976],[112.8286801,23.1325057],[112.8289426,23.1323973]]},"properties":{"key":"way:578697257@detail:451_92","osmType":"way","osmId":578697257,"sourceRegion":"guangzhou","featureType":"infrastructure","railClass":"highspeed","mode":"rail","name":"贵广客专线","nameEn":"Guiguang Passenger Line","ref":"3044","usage":"main","highspeed":"yes","bridge":"yes","status":"operational","color":"#E54848","sourceKey":"way:578697257"}},{"type":"Feature","geometry":{"type":"LineString","coordinates":[[112.8289426,23.1323973],[112.829672,23.1321043]]},"properties":{"key":"way:578697260@detail:451_92","osmType":"way","osmId":578697260,"sourceRegion":"guangzhou","featureType":"infrastructure","railClass":"highspeed","mode":"rail","name":"贵广客专线","nameEn":"Guiguang Passenger Line","ref":"3044","usage":"main","highspeed":"yes","status":"operational","color":"#E54848","sourceKey":"way:578697260"}},{"type":"Feature","geometry":{"type":"LineString","coordinates":[[112.75,23.19460605686565],[112.7519979,23.1943006],[112.7524708,23.1942217],[112.7529501,23.1941446],[112.7533789,23.1940698],[112.7538321,23.1939875],[112.7542991,23.1938992],[112.7547025,23.1938189],[112.7550302,23.1937507],[112.7553255,23.1936844],[112.7556591,23.1936027],[112.7559818,23.1935253],[112.7563848,23.19342],[112.756782,23.1933137],[112.7573329,23.1931588],[112.7579753,23.1929756],[112.7585697,23.1927968],[112.7592184,23.1925991],[112.7595914,23.1924837],[112.7600939,23.1923164],[112.7607512,23.192095],[112.7611204,23.1919649],[112.7615319,23.1918231],[112.7620626,23.1916377],[112.7623297,23.1915406],[112.7625786,23.1914476],[112.7628692,23.1913356],[112.7632296,23.191199],[112.7637386,23.1910056],[112.7644763,23.1907195],[112.7666241,23.1899061],[112.7708847,23.1882896],[112.7718043,23.1879306],[112.77274,23.1875668],[112.7733758,23.1873133],[112.7743246,23.186924],[112.7746925,23.1867663],[112.7752567,23.18652],[112.7758093,23.1862736],[112.7762133,23.1860875],[112.7766445,23.1858864],[112.7773494,23.1855499],[112.7777587,23.1853411],[112.7781353,23.1851433],[112.7785929,23.1849029],[112.779056,23.1846512],[112.7794951,23.1844044],[112.7801249,23.1840386],[112.7805019,23.183817],[112.7809723,23.183534],[112.781416,23.183256],[112.7819986,23.1828756],[112.7824769,23.1825572],[112.782884,23.182277],[112.7833491,23.1819491],[112.7837588,23.1816583],[112.7841927,23.1813386],[112.7844796,23.1811186],[112.7847039,23.1809492],[112.7849357,23.1807632],[112.7854408,23.1803656],[112.7860104,23.1798899],[112.7867865,23.1792151],[112.7872703,23.1787969],[112.78768,23.1784177],[112.7881226,23.1780003],[112.7883889,23.1777355],[112.7888298,23.1772867],[112.7892667,23.1768527],[112.7896522,23.1764521],[112.7898917,23.1761924],[112.7902618,23.1757904],[112.7906673,23.1753296],[112.7909945,23.1749395],[112.7913575,23.1745034],[112.7917441,23.1740437],[112.7920386,23.1736723],[112.7923928,23.1732138],[112.7925842,23.1729566],[112.7927241,23.1727681],[112.7928858,23.1725455],[112.7933203,23.1719391],[112.7936934,23.1714149],[112.7939411,23.1710708],[112.7942005,23.1706838],[112.7943769,23.1704039],[112.7945597,23.1701201],[112.794756,23.1697824],[112.7950029,23.1693492],[112.7952951,23.1688528],[112.7954467,23.1685841],[112.7956063,23.1682968],[112.7959139,23.1677297],[112.796229,23.1671664],[112.7965409,23.1665968],[112.7966697,23.1663497],[112.7967931,23.1661166],[112.7969945,23.1657332],[112.7971971,23.1653644],[112.797414,23.164968],[112.7977519,23.1643322],[112.7980111,23.1638568],[112.7983015,23.1633235],[112.7986523,23.1626599],[112.7988845,23.1622441],[112.7990809,23.1618826],[112.7991688,23.161721],[112.7992538,23.1615651],[112.7995313,23.1610598],[112.7998937,23.1604246],[112.8002616,23.1597893],[112.8005422,23.1593326],[112.8006622,23.1591296],[112.8008036,23.1588939],[112.800996,23.1585983],[112.8011732,23.1583285],[112.8014173,23.1579643],[112.8016579,23.1576061],[112.8019421,23.1571736],[112.8021561,23.1568741],[112.8024079,23.1565282],[112.8026466,23.1562003],[112.8028968,23.1558656],[112.8032174,23.1554635],[112.803511,23.1550928],[112.803948,23.1545553],[112.8044695,23.1539307],[112.8049121,23.1534037],[112.8051717,23.1530943],[112.8055011,23.1527044],[112.8058261,23.152333],[112.8060336,23.152094],[112.8070422,23.1509546],[112.8083938,23.1494084],[112.8122557,23.1450793],[112.8126835,23.1446058],[112.8131777,23.144027],[112.8136021,23.1435328],[112.8139591,23.1431232],[112.8142493,23.1428017],[112.8144814,23.1425385],[112.8147515,23.1422368],[112.8149589,23.1420206],[112.8155397,23.1414252],[112.8161534,23.1408168],[112.8165467,23.1404372],[112.8168005,23.1401932],[112.8169448,23.1400583],[112.8171197,23.1399],[112.8174415,23.1396168],[112.8178168,23.1392922],[112.8181288,23.1390242],[112.8183601,23.1388249],[112.8185591,23.1386639],[112.8188128,23.1384583],[112.8190158,23.1382994],[112.8192014,23.138159],[112.8194229,23.1379854],[112.8197483,23.1377315],[112.8202322,23.1373482],[112.8205707,23.1370779],[112.8209,23.1368295],[112.8211994,23.1366161],[112.8216944,23.1362752],[112.8222032,23.13594],[112.8225653,23.1357],[112.8228383,23.135524],[112.8230985,23.13536],[112.8232918,23.1352354],[112.8234628,23.1351367],[112.8237177,23.1349856],[112.8241748,23.1347267],[112.8244112,23.134594],[112.8246429,23.134466],[112.8248399,23.134361],[112.8250584,23.1342453],[112.825384,23.1340788]]},"properties":{"key":"way:578712038@detail:451_92","osmType":"way","osmId":578712038,"sourceRegion":"guangzhou","featureType":"infrastructure","railClass":"highspeed","mode":"rail","name":"南广线","nameEn":"Nanguang Line","ref":"3029","usage":"main","highspeed":"yes","bridge":"yes","status":"operational","color":"#E54848","sourceKey":"way:578712038"}},{"type":"Feature","geometry":{"type":"LineString","coordinates":[[112.8253547,23.1340457],[112.8250371,23.1342105],[112.8248549,23.1343042],[112.824638,23.1344192],[112.8244341,23.1345297],[112.8242223,23.1346497],[112.8240506,23.1347486],[112.8238097,23.1348863],[112.8236414,23.1349814],[112.82345,23.1350964],[112.8231999,23.1352512],[112.8229668,23.1354002],[112.8227228,23.135555],[112.8223616,23.1357878],[112.8219601,23.1360547],[112.8216174,23.1362804],[112.8213472,23.1364664],[112.8211527,23.1366013],[112.8209273,23.1367631],[112.820722,23.1369179],[112.820504,23.1370861],[112.8196244,23.1377718],[112.819334,23.1379939],[112.8190137,23.1382396],[112.8187995,23.1384056],[112.8185872,23.1385764],[112.8184385,23.1386936],[112.8182156,23.138884],[112.8179625,23.1391053],[112.817667,23.1393591],[112.8174246,23.1395707],[112.8172334,23.1397399],[112.8170229,23.1399319],[112.8167928,23.1401435],[112.8164831,23.140438],[112.8161434,23.1407651],[112.8158815,23.1410205],[112.8156213,23.1412809],[112.8153276,23.1415803],[112.8150586,23.1418585],[112.8148463,23.1420782],[112.8146958,23.1422409],[112.81448,23.1424834],[112.8142464,23.142747],[112.8139986,23.143022],[112.813811,23.1432335],[112.8136518,23.1434174],[112.8133987,23.1437087],[112.8130979,23.1440634],[112.8126626,23.1445743],[112.8123794,23.14489],[112.8084244,23.1493158],[112.8079006,23.1499162],[112.807437,23.1504532],[112.807083,23.1508502],[112.8067946,23.1511724],[112.8065345,23.1514685],[112.8062637,23.1517809],[112.8059098,23.1521795],[112.8055842,23.1525505],[112.8052999,23.1528776],[112.8049537,23.1532909],[112.804661,23.153628],[112.8042897,23.1540615],[112.8040417,23.1543703],[112.8037413,23.1547414],[112.8034455,23.1551111],[112.8032899,23.1552966],[112.8031482,23.1554708],[112.8029741,23.155689],[112.8028354,23.1558688],[112.8027538,23.1559765],[112.8026229,23.1561564],[112.8024072,23.1564496],[112.8022162,23.1567173],[112.802039,23.1569566],[112.8018896,23.1571705],[112.8017309,23.1574042],[112.8016092,23.1575841],[112.8014366,23.1578504],[112.8012826,23.1580841],[112.8011285,23.1583093],[112.8009899,23.1585232],[112.8007419,23.1589056],[112.8005601,23.159213],[112.8003968,23.1594849],[112.8002011,23.1598107],[112.7999839,23.1601818],[112.7997698,23.1605557],[112.7994709,23.161084],[112.7992198,23.1615386],[112.7989995,23.1619409],[112.7987715,23.162353],[112.7986206,23.1626236],[112.7983202,23.1631901],[112.7979566,23.1638643],[112.79763,23.1644563],[112.7973897,23.1649265],[112.7971155,23.1654279],[112.7967781,23.1660539],[112.7965563,23.1664646],[112.7963883,23.1667734],[112.7962112,23.1670963],[112.7960202,23.1674476],[112.7958553,23.1677563],[112.7956381,23.1681571],[112.7954101,23.1685537],[112.7952145,23.1688936],[112.7951097,23.1690805],[112.7949818,23.1692986],[112.7947862,23.16964],[112.7945983,23.1699615],[112.7944766,23.1701611],[112.794321,23.1704076],[112.7940652,23.1708041],[112.7938773,23.1710789],[112.7935954,23.1714811],[112.7933751,23.1717955],[112.7932241,23.1720079],[112.7930131,23.1723025],[112.7928359,23.1725475],[112.7927234,23.1727019],[112.7925108,23.1729965],[112.7923583,23.1731976],[112.7922413,23.1733491],[112.7920333,23.173614],[112.7919008,23.1737811],[112.791756,23.1739652],[112.7914627,23.1743221],[112.7913216,23.1744892],[112.7910828,23.174771],[112.7908332,23.1750656],[112.7906252,23.1753092],[112.790425,23.1755414],[112.7902247,23.1757694],[112.7900383,23.1759776],[112.7896162,23.1764294],[112.7893096,23.1767551],[112.7889615,23.1771063],[112.7887959,23.1772732],[112.7885987,23.17747],[112.78838,23.177691],[112.7881535,23.1779147],[112.7878608,23.1781951],[112.7875404,23.1784954],[112.7873694,23.178654],[112.7871398,23.1788593],[112.7867301,23.1792134],[112.7863172,23.1795731],[112.7859459,23.1798974],[112.7856209,23.1801707],[112.7853005,23.1804313],[112.7849831,23.1806791],[112.7846827,23.180917],[112.7842283,23.181264],[112.7835412,23.181761],[112.7832531,23.1819678],[112.7829142,23.1822043],[112.7825076,23.1824816],[112.7820794,23.1827695],[112.7818245,23.1829355],[112.7815396,23.1831193],[112.7813255,23.1832559],[112.7809592,23.1834886],[112.7806018,23.1837065],[112.780078,23.1840172],[112.7798214,23.1841669],[112.7795471,23.1843296],[112.779133,23.1845622],[112.7787614,23.1847671],[112.778342,23.1849867],[112.7780022,23.1851657],[112.7776908,23.1853267],[112.777282,23.18553],[112.7767423,23.1857903],[112.7760486,23.1861189],[112.7755584,23.1863466],[112.774886,23.1866378],[112.7744524,23.1868249],[112.7740489,23.1869957],[112.7735663,23.1871931],[112.7728488,23.1874752],[112.7723202,23.1876808],[112.771871,23.1878564],[112.771371,23.1880526],[112.7707042,23.1883067],[112.7697346,23.1886711],[112.7689378,23.1889738],[112.7681455,23.1892806],[112.7673675,23.1895808],[112.7666866,23.18984],[112.7662614,23.1900014],[112.7656298,23.1902379],[112.7643573,23.1907165],[112.7638258,23.1909232],[112.7632466,23.1911456],[112.7628337,23.1913056],[112.7625672,23.1914089],[112.7623285,23.1914996],[112.7620327,23.1916044],[112.7616491,23.1917389],[112.761039,23.1919499],[112.7605091,23.192134],[112.7600808,23.1922784],[112.7596988,23.1924058],[112.7594092,23.1924965],[112.759057,23.1926045],[112.7582589,23.1928452],[112.757841,23.1929678],[112.7573228,23.1931185],[112.756953,23.1932194],[112.7566404,23.1933059],[112.7563637,23.1933804],[112.7559319,23.1934926],[112.7555957,23.1935756],[112.7551639,23.1936748],[112.7548489,23.1937415],[112.7544118,23.1938326],[112.7538633,23.1939416],[112.7535076,23.1940066],[112.7530776,23.1940814],[112.7525644,23.1941677],[112.7520512,23.1942522],[112.750924,23.1944246],[112.7501754,23.1945385],[112.75,23.19456503583691]]},"properties":{"key":"way:578712039@detail:451_92","osmType":"way","osmId":578712039,"sourceRegion":"guangzhou","featureType":"infrastructure","railClass":"highspeed","mode":"rail","name":"南广线","nameEn":"Nanguang Line","ref":"3029","usage":"main","highspeed":"yes","bridge":"yes","status":"operational","color":"#E54848","sourceKey":"way:578712039"}},{"type":"Feature","geometry":{"type":"LineString","coordinates":[[112.825384,23.1340788],[112.8255238,23.1340046],[112.8260922,23.1337077],[112.8264546,23.133514],[112.8273705,23.1330239]]},"properties":{"key":"way:578784303@detail:451_92","osmType":"way","osmId":578784303,"sourceRegion":"guangzhou","featureType":"infrastructure","railClass":"highspeed","mode":"rail","name":"南广线","nameEn":"Nanguang Line","ref":"3029","usage":"main","highspeed":"yes","status":"operational","color":"#E54848","sourceKey":"way:578784303"}},{"type":"Feature","geometry":{"type":"LineString","coordinates":[[112.75,23.194696378215404],[112.750417,23.1946351],[112.7513401,23.1944936],[112.7520025,23.1943876],[112.7525964,23.1942905],[112.7533186,23.1941707],[112.7542652,23.193992],[112.7547417,23.1938977],[112.7551413,23.1938133],[112.7555687,23.193717],[112.7560281,23.1936051],[112.7565089,23.1934813],[112.7569619,23.1933595],[112.7574811,23.1932122],[112.7582653,23.1929805],[112.7588765,23.1927978],[112.7593338,23.1926564],[112.7597739,23.1925169],[112.7601628,23.1923873],[112.7608253,23.1921614],[112.7617185,23.1918491],[112.7621992,23.1916822],[112.7625499,23.1915537],[112.7628932,23.1914253],[112.7632401,23.1912902],[112.7636057,23.19115],[112.7645637,23.1907789],[112.7651031,23.1905703],[112.7658342,23.190295],[112.766688,23.1899735],[112.7675669,23.189643],[112.7711441,23.1882801],[112.7720245,23.1879344],[112.7731891,23.1874787],[112.7736318,23.1873031],[112.7740827,23.1871223],[112.7744673,23.1869613],[112.7749289,23.186759],[112.7755955,23.1864663],[112.7760058,23.1862777],[112.7764375,23.1860774],[112.7769268,23.1858456],[112.7772537,23.1856917],[112.7776127,23.185515],[112.7781105,23.1852596],[112.7784084,23.1851029],[112.778696,23.1849532],[112.7791084,23.1847273],[112.7794065,23.1845594],[112.7796832,23.1843993],[112.7804824,23.1839357],[112.7809017,23.1836821],[112.7812564,23.1834621],[112.7820192,23.182971],[112.7826987,23.1825133],[112.7832735,23.1821165],[112.7838099,23.1817296],[112.784233,23.1814251],[112.7845535,23.1811854],[112.784827,23.1809733],[112.7851176,23.1807396],[112.7855087,23.1804272],[112.7860001,23.1800265],[112.7862929,23.1797751],[112.7866428,23.1794645],[112.7870595,23.1790992],[112.7873885,23.1788065],[112.7876214,23.1785884],[112.7881129,23.1781347],[112.7883159,23.1779402],[112.7888031,23.1774511],[112.7890488,23.1772055],[112.7893459,23.1769069],[112.7897668,23.1764708],[112.7902561,23.1759424],[112.7904997,23.1756654],[112.7909698,23.1751272],[112.7912123,23.1748348],[112.7915094,23.1744852],[112.7918642,23.1740467],[112.7922751,23.1735285],[112.7924584,23.1732929],[112.7926604,23.1730166],[112.7928217,23.1727997],[112.7929711,23.1725968],[112.7932037,23.172269],[112.7933887,23.1720084],[112.7936536,23.1716354],[112.7940033,23.1711266],[112.7941085,23.1709768],[112.7942206,23.1708145],[112.7943241,23.1706584],[112.7944397,23.1704868],[112.7945822,23.1702558],[112.7948012,23.1698859],[112.7952408,23.169132],[112.7956568,23.1684079],[112.7959318,23.1678991],[112.7962832,23.1672607],[112.7965514,23.1667722],[112.7967619,23.1663945],[112.7968179,23.1662899],[112.7969385,23.1660574],[112.7970505,23.1658358],[112.7972084,23.1655533],[112.7974206,23.1651662],[112.7975683,23.1648806],[112.7977024,23.1646293],[112.7978348,23.1643827],[112.7980012,23.1640799],[112.7981319,23.1638395],[112.7982491,23.1636242],[112.798412,23.1633214],[112.7985699,23.1630264],[112.7987363,23.1627111],[112.7989179,23.1623802],[112.7990809,23.1620821],[112.7991539,23.1619494],[112.7992846,23.1617106],[112.7994119,23.1614718],[112.7995732,23.1611815],[112.7997837,23.1608116],[112.8000672,23.1603168],[112.8003134,23.1598954],[112.8004764,23.1596176],[112.800748,23.159168],[112.8009347,23.1588574],[112.8010688,23.1586405],[112.8012267,23.1584064],[112.8014287,23.1581082],[112.8015747,23.1578913],[112.8017615,23.1576119],[112.8019686,23.1572997],[112.8021502,23.157039],[112.8023302,23.1567909],[112.8026239,23.156385],[112.8028344,23.1561041],[112.8030483,23.1558216],[112.8032741,23.1555375],[112.8036849,23.1550318],[112.8040618,23.1545604],[112.8043555,23.1542014],[112.8045032,23.1540266],[112.8046916,23.1538033],[112.8049921,23.1534521],[112.8052196,23.1531837],[112.805498,23.152859],[112.8058816,23.1524235],[112.806211,23.1520458],[112.8063553,23.1518787],[112.8065166,23.1516977],[112.8067355,23.1514495],[112.8069461,23.151206],[112.8073603,23.1507486],[112.8076336,23.1504349],[112.8078831,23.1501508],[112.808092,23.1499073],[112.808496,23.1494437],[112.8087574,23.1491455],[112.8124074,23.1450433],[112.812716,23.1447084],[112.8130216,23.1443697],[112.8132355,23.1441168],[112.813356,23.1439654],[112.8135818,23.1436906],[112.8139468,23.1432785],[112.8142048,23.142996],[112.8144001,23.1427806],[112.8146989,23.1424434],[112.8149807,23.142139],[112.8152387,23.1418705],[112.81549,23.1416051],[112.8156988,23.1413944],[112.8161283,23.1409682],[112.8163608,23.1407465],[112.8167055,23.1404125],[112.8170891,23.140055],[112.8173472,23.1398208],[112.8176171,23.1395835],[112.8181468,23.1391246],[112.8185202,23.1388124],[112.8187409,23.1386329],[112.8191042,23.1383472],[112.819605,23.1379585],[112.82015,23.1375401],[112.8204674,23.1372903],[112.8208019,23.1370296],[112.8212127,23.1367174],[112.8216507,23.1364145],[112.8222092,23.1360399],[112.8226455,23.1357573],[112.8231039,23.135467],[112.8234858,23.1352312],[112.8237286,23.1350814],[112.8240274,23.1349128],[112.824403,23.1347011],[112.824703,23.1345365],[112.824956,23.1344038],[112.8254301,23.1341581]]},"properties":{"key":"way:578925871@detail:451_92","osmType":"way","osmId":578925871,"sourceRegion":"guangzhou","featureType":"infrastructure","railClass":"highspeed","mode":"rail","name":"贵广客专线","nameEn":"Guiguang Passenger Line","ref":"3044","usage":"main","highspeed":"yes","bridge":"yes","status":"operational","color":"#E54848","sourceKey":"way:578925871"}},{"type":"Feature","geometry":{"type":"LineString","coordinates":[[112.8254095,23.1341189],[112.8248567,23.134408],[112.8245141,23.1345905],[112.8240701,23.1348393],[112.8235352,23.1351471],[112.8231028,23.1354179],[112.8227391,23.1356483],[112.822196,23.1360037],[112.8216466,23.1363675],[112.8213951,23.1365403],[112.8211505,23.13671],[112.8209047,23.1368876],[112.8205774,23.1371377],[112.8201309,23.1374938],[112.819485,23.1379985],[112.8189294,23.1384265],[112.8185766,23.1387101],[112.818101,23.139106],[112.817528,23.1396014],[112.817097,23.139986],[112.8166687,23.1403883],[112.8162141,23.1408253],[112.8156993,23.141334],[112.8155014,23.1415347],[112.8153399,23.1416982],[112.8150047,23.1420489],[112.8147062,23.1423667],[112.8144474,23.1426589],[112.8142921,23.1428296],[112.8139166,23.1432414],[112.8137324,23.1434539],[112.8135747,23.1436375],[112.8133638,23.1438928],[112.813224,23.1440596],[112.813013,23.1443077],[112.8128428,23.1445058],[112.812597,23.1447744],[112.8123571,23.1450385],[112.8085626,23.1492941],[112.808259,23.149637],[112.8077897,23.1501796],[112.8075169,23.1504946],[112.8072851,23.1507533],[112.8067476,23.1513624],[112.8062024,23.1519882],[112.8059039,23.1523338],[112.8054773,23.1528135],[112.8051178,23.1532386],[112.8047782,23.1536356],[112.8044068,23.1540739],[112.8040791,23.1544667],[112.8038217,23.1547886],[112.8035684,23.1551049],[112.8032654,23.155477],[112.8030518,23.1557456],[112.8028621,23.1559921],[112.8026061,23.156341],[112.8022807,23.1567824],[112.8021119,23.15702],[112.8019844,23.1572024],[112.8018145,23.1574488],[112.8015993,23.1577755],[112.8014038,23.1580718],[112.801115,23.1585009],[112.8008994,23.1588322],[112.8007077,23.1591495],[112.8004513,23.1595719],[112.8002559,23.1599018],[112.7999986,23.1603369],[112.7997008,23.1608633],[112.7995298,23.1611706],[112.7993797,23.1614405],[112.7992535,23.1616761],[112.7991408,23.1618811],[112.799027,23.1620861],[112.7989335,23.1622611],[112.7987737,23.1625438],[112.7986547,23.1627663],[112.7985281,23.1630013],[112.7983779,23.1632844],[112.7981951,23.1636287],[112.7980934,23.1638134],[112.797959,23.1640662],[112.7978239,23.1643041],[112.7977106,23.1645127],[112.7976147,23.1646935],[112.797505,23.164905],[112.7972771,23.1653264],[112.7970091,23.1658136],[112.7969058,23.1660122],[112.7965718,23.1666456],[112.7961818,23.1673499],[112.7958462,23.1679562],[112.7954645,23.1686549],[112.7952145,23.1690821],[112.7948068,23.1697899],[112.7944772,23.1703402],[112.794315,23.170592],[112.7940959,23.1709186],[112.793508,23.1717668],[112.7931809,23.1722287],[112.7929779,23.1725117],[112.7927934,23.1727723],[112.7925707,23.1730728],[112.7923359,23.1733774],[112.7918179,23.1740317],[112.7916271,23.1742683],[112.7913468,23.1746114],[112.7911537,23.1748421],[112.7908577,23.1751854],[112.790349,23.1757721],[112.7895624,23.1766187],[112.7890052,23.1771837],[112.7887166,23.1774694],[112.7884386,23.1777532],[112.7881841,23.1780039],[112.7879853,23.178192],[112.7877036,23.1784587],[112.7874132,23.1787254],[112.7870631,23.1790424],[112.7866172,23.1794286],[112.7862589,23.1797423],[112.7858844,23.1800641],[112.7856474,23.1802619],[112.7851715,23.1806457],[112.7847888,23.1809541],[112.7844893,23.1811785],[112.7841933,23.1813959],[112.783746,23.1817229],[112.7831507,23.1821446],[112.7825284,23.1825728],[112.7817803,23.1830765],[112.7809633,23.1835936],[112.7805418,23.1838505],[112.7802048,23.1840469],[112.7798593,23.1842471],[112.7793671,23.1845311],[112.7787832,23.1848536],[112.7781915,23.1851703],[112.7777434,23.1854031],[112.7773991,23.1855772],[112.7770864,23.185728],[112.7765757,23.185971],[112.7758946,23.1862851],[112.7749975,23.1866856],[112.7745225,23.1868916],[112.7743083,23.1869821],[112.7740941,23.1870727],[112.773693,23.1872356],[112.7732705,23.1874064],[112.772032,23.1878887],[112.7711359,23.1882357],[112.767564,23.1896021],[112.7666743,23.1899345],[112.7658091,23.1902598],[112.765095,23.1905302],[112.7645717,23.1907297],[112.7638024,23.1910223],[112.7631405,23.1912787],[112.7626745,23.1914609],[112.7621981,23.1916374],[112.7616148,23.1918422],[112.7610774,23.1920291],[112.7603084,23.1922937],[112.7597609,23.192477],[112.7593672,23.1926024],[112.7588742,23.1927546],[112.7582727,23.1929351],[112.757489,23.1931608],[112.7571114,23.1932681],[112.7567211,23.1933754],[112.7561969,23.1935141],[112.7558675,23.1935993],[112.7555274,23.1936824],[112.7550796,23.1937842],[112.7546295,23.1938769],[112.7539295,23.1940133],[112.7535866,23.1940766],[112.7532639,23.1941346],[112.7525873,23.1942504],[112.7520434,23.1943384],[112.7510617,23.194492],[112.7504219,23.1945895],[112.75,23.19465225515929]]},"properties":{"key":"way:578944294@detail:451_92","osmType":"way","osmId":578944294,"sourceRegion":"guangzhou","featureType":"infrastructure","railClass":"highspeed","mode":"rail","name":"贵广客专线","nameEn":"Guiguang Passenger Line","ref":"3044","usage":"main","highspeed":"yes","bridge":"yes","status":"operational","color":"#E54848","sourceKey":"way:578944294"}},{"type":"Feature","geometry":{"type":"LineString","coordinates":[[112.8422905,23.206085],[112.8423115,23.2059261],[112.8423572,23.2055807],[112.842333,23.2052454],[112.8422928,23.2050655],[112.8421721,23.2047228],[112.8420058,23.2044787],[112.8417858,23.2042347],[112.8414318,23.2039734],[112.8409839,23.2037909],[112.8404689,23.2037219],[112.8399712,23.2037659],[112.8385541,23.2039307],[112.837784,23.2040202]]},"properties":{"key":"way:592171343@detail:451_92","osmType":"way","osmId":592171343,"sourceRegion":"guangzhou","featureType":"infrastructure","railClass":"minor","mode":"rail","name":"未命名","service":"yard","status":"operational","color":"#52636f","sourceKey":"way:592171343"}},{"type":"Feature","geometry":{"type":"LineString","coordinates":[[112.8430063,23.2043333],[112.8417745,23.2085246],[112.8417197,23.2087157],[112.841295,23.210193],[112.8412416,23.21027],[112.841177,23.2104001]]},"properties":{"key":"way:592171348@detail:451_92","osmType":"way","osmId":592171348,"sourceRegion":"guangzhou","featureType":"infrastructure","railClass":"minor","mode":"rail","name":"未命名","service":"yard","status":"operational","color":"#52636f","sourceKey":"way:592171348"}},{"type":"Feature","geometry":{"type":"LineString","coordinates":[[112.8413563,23.2251572],[112.8411205,23.2238348]]},"properties":{"key":"way:592171349@detail:451_92","osmType":"way","osmId":592171349,"sourceRegion":"guangzhou","featureType":"infrastructure","railClass":"intercity","mode":"rail","name":"广肇城际线","nameEn":"Guangzhou–Foshan–Zhaoqing Intercity Railway","ref":"3060","operator":"广东城际铁路运营有限公司","usage":"main","status":"operational","color":"#C97932","sourceKey":"way:592171349"}},{"type":"Feature","geometry":{"type":"LineString","coordinates":[[112.8411205,23.2238348],[112.8409556,23.2229094]]},"properties":{"key":"way:592171350@detail:451_92","osmType":"way","osmId":592171350,"sourceRegion":"guangzhou","featureType":"infrastructure","railClass":"intercity","mode":"rail","name":"广肇城际线","nameEn":"Guangzhou–Foshan–Zhaoqing Intercity Railway","ref":"3060","operator":"广东城际铁路运营有限公司","usage":"main","bridge":"yes","status":"operational","color":"#C97932","sourceKey":"way:592171350"}},{"type":"Feature","geometry":{"type":"LineString","coordinates":[[112.8409556,23.2229094],[112.8407751,23.2218973]]},"properties":{"key":"way:592171351@detail:451_92","osmType":"way","osmId":592171351,"sourceRegion":"guangzhou","featureType":"infrastructure","railClass":"intercity","mode":"rail","name":"广肇城际线","nameEn":"Guangzhou–Foshan–Zhaoqing Intercity Railway","ref":"3060","operator":"广东城际铁路运营有限公司","usage":"main","status":"operational","color":"#C97932","sourceKey":"way:592171351"}},{"type":"Feature","geometry":{"type":"LineString","coordinates":[[112.8407751,23.2218973],[112.8405418,23.2205065],[112.8403663,23.2194604],[112.8395907,23.2148994],[112.8392115,23.2122869],[112.8391117,23.2110681],[112.8392091,23.2097057],[112.8393486,23.2085662],[112.8396222,23.2073916],[112.8404655,23.204601],[112.8431199,23.1961183],[112.8433679,23.1953259],[112.843945,23.1937965],[112.8444171,23.1928054],[112.8449977,23.1918426],[112.8457528,23.1907196],[112.8493479,23.186124],[112.850047,23.1853275],[112.8508034,23.1845952],[112.8513175,23.1841453]]},"properties":{"key":"way:592171352@detail:451_92","osmType":"way","osmId":592171352,"sourceRegion":"guangzhou","featureType":"infrastructure","railClass":"intercity","mode":"rail","name":"广肇城际线","nameEn":"Guangzhou–Foshan–Zhaoqing Intercity Railway","ref":"3060","operator":"广东城际铁路运营有限公司","usage":"main","bridge":"yes","status":"operational","color":"#C97932","sourceKey":"way:592171352"}},{"type":"Feature","geometry":{"type":"LineString","coordinates":[[112.8345013,23.2189397],[112.8352035,23.2185522]]},"properties":{"key":"way:592171353@detail:451_92","osmType":"way","osmId":592171353,"sourceRegion":"guangzhou","featureType":"infrastructure","railClass":"minor","mode":"rail","name":"未命名","service":"yard","status":"operational","color":"#52636f","sourceKey":"way:592171353"}},{"type":"Feature","geometry":{"type":"LineString","coordinates":[[112.8358604,23.2180669],[112.8363204,23.2178158],[112.8365561,23.2177217],[112.836881,23.217647],[112.8375396,23.2175596],[112.8390285,23.2173392]]},"properties":{"key":"way:592171354@detail:451_92","osmType":"way","osmId":592171354,"sourceRegion":"guangzhou","featureType":"infrastructure","railClass":"minor","mode":"rail","name":"未命名","service":"yard","status":"operational","color":"#52636f","sourceKey":"way:592171354"}},{"type":"Feature","geometry":{"type":"LineString","coordinates":[[112.8435132,23.2019321],[112.8422905,23.206085],[112.8409329,23.2106959]]},"properties":{"key":"way:592171355@detail:451_92","osmType":"way","osmId":592171355,"sourceRegion":"guangzhou","featureType":"infrastructure","railClass":"minor","mode":"rail","name":"未命名","service":"yard","status":"operational","color":"#52636f","sourceKey":"way:592171355"}},{"type":"Feature","geometry":{"type":"LineString","coordinates":[[112.8430679,23.2043333],[112.8428373,23.2051123],[112.8426871,23.2056251],[112.8419843,23.2081001],[112.8417745,23.2085246]]},"properties":{"key":"way:592171356@detail:451_92","osmType":"way","osmId":592171356,"sourceRegion":"guangzhou","featureType":"infrastructure","railClass":"minor","mode":"rail","name":"未命名","service":"yard","status":"operational","color":"#52636f","sourceKey":"way:592171356"}},{"type":"Feature","geometry":{"type":"LineString","coordinates":[[112.8409707,23.210694],[112.841177,23.2104001],[112.8429607,23.204321]]},"properties":{"key":"way:592171357@detail:451_92","osmType":"way","osmId":592171357,"sourceRegion":"guangzhou","featureType":"infrastructure","railClass":"minor","mode":"rail","name":"未命名","service":"yard","status":"operational","color":"#52636f","sourceKey":"way:592171357"}},{"type":"Feature","geometry":{"type":"LineString","coordinates":[[112.8424644,23.2071239],[112.8421106,23.207721]]},"properties":{"key":"way:592171358@detail:451_92","osmType":"way","osmId":592171358,"sourceRegion":"guangzhou","featureType":"infrastructure","railClass":"minor","mode":"rail","name":"未命名","service":"yard","status":"operational","color":"#52636f","sourceKey":"way:592171358"}},{"type":"Feature","geometry":{"type":"LineString","coordinates":[[112.8421077,23.2087534],[112.8422418,23.2082702],[112.8422499,23.2079892]]},"properties":{"key":"way:592171359@detail:451_92","osmType":"way","osmId":592171359,"sourceRegion":"guangzhou","featureType":"infrastructure","railClass":"minor","mode":"rail","name":"未命名","service":"yard","status":"operational","color":"#52636f","sourceKey":"way:592171359"}},{"type":"Feature","geometry":{"type":"LineString","coordinates":[[112.8423893,23.2076934],[112.842561,23.2070968],[112.84262,23.2068478],[112.8426334,23.2063622],[112.8425532,23.2062049],[112.8426871,23.2056251]]},"properties":{"key":"way:592171360@detail:451_92","osmType":"way","osmId":592171360,"sourceRegion":"guangzhou","featureType":"infrastructure","railClass":"minor","mode":"rail","name":"未命名","service":"yard","status":"operational","color":"#52636f","sourceKey":"way:592171360"}},{"type":"Feature","geometry":{"type":"LineString","coordinates":[[112.8419924,23.2087189],[112.8422901,23.2076884],[112.8424644,23.2071239],[112.8425744,23.206727],[112.8426334,23.2063622]]},"properties":{"key":"way:592171361@detail:451_92","osmType":"way","osmId":592171361,"sourceRegion":"guangzhou","featureType":"infrastructure","railClass":"minor","mode":"rail","name":"未命名","service":"yard","status":"operational","color":"#52636f","sourceKey":"way:592171361"}},{"type":"Feature","geometry":{"type":"LineString","coordinates":[[112.842046,23.208746],[112.8421855,23.2082406],[112.8422499,23.2079892],[112.8422901,23.2076884]]},"properties":{"key":"way:592171362@detail:451_92","osmType":"way","osmId":592171362,"sourceRegion":"guangzhou","featureType":"infrastructure","railClass":"minor","mode":"rail","name":"未命名","service":"yard","status":"operational","color":"#52636f","sourceKey":"way:592171362"}},{"type":"Feature","geometry":{"type":"LineString","coordinates":[[112.8406781,23.2115306],[112.8407588,23.2113645]]},"properties":{"key":"way:592171363@detail:451_92","osmType":"way","osmId":592171363,"sourceRegion":"guangzhou","featureType":"infrastructure","railClass":"national","mode":"rail","name":"未命名","status":"operational","color":"#E54848","sourceKey":"way:592171363"}},{"type":"Feature","geometry":{"type":"LineString","coordinates":[[112.8342088,23.2192255],[112.8352035,23.2185522],[112.8358604,23.2180669],[112.8374275,23.2169971],[112.8377903,23.2166568],[112.8382435,23.2162083],[112.838817,23.2155804],[112.8391083,23.2152013],[112.8392675,23.2149536],[112.8395759,23.2144508],[112.8399326,23.2137778],[112.840233,23.2130925],[112.840512,23.2122544],[112.8407588,23.2113645],[112.8409707,23.210694],[112.8428402,23.2043042]]},"properties":{"key":"way:592171364@detail:451_92","osmType":"way","osmId":592171364,"sourceRegion":"guangzhou","featureType":"infrastructure","railClass":"national","mode":"rail","name":"未命名","status":"operational","color":"#E54848","sourceKey":"way:592171364"}},{"type":"Feature","geometry":{"type":"LineString","coordinates":[[112.8412416,23.21027],[112.8410028,23.2108172],[112.8409036,23.211044],[112.8406649,23.2118969],[112.840512,23.2122544]]},"properties":{"key":"way:592171365@detail:451_92","osmType":"way","osmId":592171365,"sourceRegion":"guangzhou","featureType":"infrastructure","railClass":"minor","mode":"rail","name":"未命名","service":"yard","status":"operational","color":"#52636f","sourceKey":"way:592171365"}},{"type":"Feature","geometry":{"type":"LineString","coordinates":[[112.8410028,23.2108172],[112.8407561,23.2118255],[112.8407158,23.2120498],[112.8406971,23.2122988]]},"properties":{"key":"way:592171366@detail:451_92","osmType":"way","osmId":592171366,"sourceRegion":"guangzhou","featureType":"infrastructure","railClass":"minor","mode":"rail","name":"未命名","service":"yard","status":"operational","color":"#52636f","sourceKey":"way:592171366"}},{"type":"Feature","geometry":{"type":"LineString","coordinates":[[112.8412469,23.2125921],[112.8411557,23.2120251],[112.8411527,23.2120094],[112.8411423,23.2118255],[112.841145,23.2113743]]},"properties":{"key":"way:592171367@detail:451_92","osmType":"way","osmId":592171367,"sourceRegion":"guangzhou","featureType":"infrastructure","railClass":"minor","mode":"rail","name":"未命名","service":"yard","status":"operational","color":"#52636f","sourceKey":"way:592171367"}},{"type":"Feature","geometry":{"type":"LineString","coordinates":[[112.8409741,23.2123029],[112.8410264,23.2120777],[112.8410279,23.2119677],[112.8411235,23.2110859]]},"properties":{"key":"way:592171368@detail:451_92","osmType":"way","osmId":592171368,"sourceRegion":"guangzhou","featureType":"infrastructure","railClass":"minor","mode":"rail","name":"未命名","service":"yard","status":"operational","color":"#52636f","sourceKey":"way:592171368"}},{"type":"Feature","geometry":{"type":"LineString","coordinates":[[112.8411316,23.2106595],[112.8410592,23.2107901],[112.8410109,23.210975],[112.8409189,23.2119679],[112.8409116,23.2120202],[112.8409364,23.2124083]]},"properties":{"key":"way:592171369@detail:451_92","osmType":"way","osmId":592171369,"sourceRegion":"guangzhou","featureType":"infrastructure","railClass":"minor","mode":"rail","name":"未命名","service":"yard","status":"operational","color":"#52636f","sourceKey":"way:592171369"}},{"type":"Feature","geometry":{"type":"LineString","coordinates":[[112.8408821,23.2127868],[112.8409364,23.2124083],[112.8409741,23.2123029],[112.8409832,23.2119727],[112.841086,23.2108838],[112.8411316,23.2106595],[112.8411718,23.2105411]]},"properties":{"key":"way:592171370@detail:451_92","osmType":"way","osmId":592171370,"sourceRegion":"guangzhou","featureType":"infrastructure","railClass":"minor","mode":"rail","name":"未命名","service":"yard","status":"operational","color":"#52636f","sourceKey":"way:592171370"}},{"type":"Feature","geometry":{"type":"LineString","coordinates":[[112.8413381,23.2127326],[112.8412231,23.2120361],[112.8412147,23.2118082],[112.841145,23.2113743],[112.8411235,23.2110859],[112.8411718,23.2105411],[112.8412416,23.21027],[112.8416734,23.208818],[112.8417197,23.2087157],[112.8419523,23.2082017],[112.8421106,23.207721],[112.8425532,23.2062049]]},"properties":{"key":"way:592171371@detail:451_92","osmType":"way","osmId":592171371,"sourceRegion":"guangzhou","featureType":"infrastructure","railClass":"minor","mode":"rail","name":"未命名","service":"yard","status":"operational","color":"#52636f","sourceKey":"way:592171371"}},{"type":"Feature","geometry":{"type":"LineString","coordinates":[[112.8414052,23.2127794],[112.841291,23.2120413],[112.8412818,23.2120276],[112.8412147,23.2118082]]},"properties":{"key":"way:592171372@detail:451_92","osmType":"way","osmId":592171372,"sourceRegion":"guangzhou","featureType":"infrastructure","railClass":"minor","mode":"rail","name":"未命名","service":"yard","status":"operational","color":"#52636f","sourceKey":"way:592171372"}},{"type":"Feature","geometry":{"type":"LineString","coordinates":[[112.8407398,23.2125743],[112.8406971,23.2122988]]},"properties":{"key":"way:592171373@detail:451_92","osmType":"way","osmId":592171373,"sourceRegion":"guangzhou","featureType":"infrastructure","railClass":"minor","mode":"rail","name":"未命名","service":"yard","status":"operational","color":"#52636f","sourceKey":"way:592171373"}},{"type":"Feature","geometry":{"type":"LineString","coordinates":[[112.8892928,23.1612313],[112.8896475,23.1611688]]},"properties":{"key":"way:592171398@detail:451_92","osmType":"way","osmId":592171398,"sourceRegion":"guangzhou","featureType":"infrastructure","railClass":"national","mode":"rail","name":"广茂线","nameEn":"Guangmao Line","ref":"0708","operator":"中国铁路广州局集团有限公司","usage":"main","bridge":"yes","status":"operational","color":"#E54848","sourceKey":"way:592171398"}},{"type":"Feature","geometry":{"type":"LineString","coordinates":[[112.8850703,23.1619766],[112.8875567,23.1615226],[112.8879037,23.1614829],[112.8892928,23.1612313]]},"properties":{"key":"way:592171399@detail:451_92","osmType":"way","osmId":592171399,"sourceRegion":"guangzhou","featureType":"infrastructure","railClass":"national","mode":"rail","name":"广茂线","nameEn":"Guangmao Line","ref":"0708","operator":"中国铁路广州局集团有限公司","usage":"main","status":"operational","color":"#E54848","sourceKey":"way:592171399"}},{"type":"Feature","geometry":{"type":"LineString","coordinates":[[112.8850972,23.1619229],[112.8847663,23.1619847]]},"properties":{"key":"way:592171400@detail:451_92","osmType":"way","osmId":592171400,"sourceRegion":"guangzhou","featureType":"infrastructure","railClass":"minor","mode":"rail","name":"未命名","service":"siding","bridge":"yes","status":"operational","color":"#52636f","sourceKey":"way:592171400"}},{"type":"Feature","geometry":{"type":"LineString","coordinates":[[112.8847375,23.1620374],[112.8850703,23.1619766]]},"properties":{"key":"way:592171401@detail:451_92","osmType":"way","osmId":592171401,"sourceRegion":"guangzhou","featureType":"infrastructure","railClass":"national","mode":"rail","name":"广茂线","nameEn":"Guangmao Line","ref":"0708","operator":"中国铁路广州局集团有限公司","usage":"main","bridge":"yes","status":"operational","color":"#E54848","sourceKey":"way:592171401"}},{"type":"Feature","geometry":{"type":"LineString","coordinates":[[112.885022,23.16209],[112.8846831,23.1621523]]},"properties":{"key":"way:592171402@detail:451_92","osmType":"way","osmId":592171402,"sourceRegion":"guangzhou","featureType":"infrastructure","railClass":"minor","mode":"rail","name":"未命名","service":"siding","bridge":"yes","status":"operational","color":"#52636f","sourceKey":"way:592171402"}},{"type":"Feature","geometry":{"type":"LineString","coordinates":[[112.8846646,23.1621881],[112.8850019,23.1621282]]},"properties":{"key":"way:592171403@detail:451_92","osmType":"way","osmId":592171403,"sourceRegion":"guangzhou","featureType":"infrastructure","railClass":"minor","mode":"rail","name":"未命名","service":"siding","bridge":"yes","status":"operational","color":"#52636f","sourceKey":"way:592171403"}},{"type":"Feature","geometry":{"type":"LineString","coordinates":[[112.8850019,23.1621282],[112.8867048,23.1618259],[112.8871259,23.1617199],[112.887437,23.1616114]]},"properties":{"key":"way:592171404@detail:451_92","osmType":"way","osmId":592171404,"sourceRegion":"guangzhou","featureType":"infrastructure","railClass":"minor","mode":"rail","name":"未命名","service":"siding","status":"operational","color":"#52636f","sourceKey":"way:592171404"}},{"type":"Feature","geometry":{"type":"LineString","coordinates":[[112.8879037,23.1614829],[112.887437,23.1616114],[112.886686,23.161784],[112.885022,23.16209]]},"properties":{"key":"way:592171405@detail:451_92","osmType":"way","osmId":592171405,"sourceRegion":"guangzhou","featureType":"infrastructure","railClass":"minor","mode":"rail","name":"未命名","service":"siding","status":"operational","color":"#52636f","sourceKey":"way:592171405"}},{"type":"Feature","geometry":{"type":"LineString","coordinates":[[112.8896475,23.1611688],[112.8904895,23.1610204],[112.8912002,23.1608173],[112.892009,23.1605433],[112.8925359,23.1603068],[112.8931595,23.1599293],[112.8950193,23.1587903]]},"properties":{"key":"way:592171406@detail:451_92","osmType":"way","osmId":592171406,"sourceRegion":"guangzhou","featureType":"infrastructure","railClass":"national","mode":"rail","name":"广茂线","nameEn":"Guangmao Line","ref":"0708","operator":"中国铁路广州局集团有限公司","usage":"main","status":"operational","color":"#E54848","sourceKey":"way:592171406"}},{"type":"Feature","geometry":{"type":"LineString","coordinates":[[112.8875567,23.1615226],[112.8869891,23.1615818],[112.8866726,23.1616286],[112.8850972,23.1619229]]},"properties":{"key":"way:592171407@detail:451_92","osmType":"way","osmId":592171407,"sourceRegion":"guangzhou","featureType":"infrastructure","railClass":"minor","mode":"rail","name":"未命名","service":"siding","status":"operational","color":"#52636f","sourceKey":"way:592171407"}},{"type":"Feature","geometry":{"type":"LineString","coordinates":[[112.8793448,23.1644103],[112.8800905,23.1641119],[112.8817669,23.1632093],[112.8821692,23.1630047],[112.8825957,23.1628074],[112.8836283,23.162435],[112.8843713,23.1622402],[112.8846646,23.1621881]]},"properties":{"key":"way:592171408@detail:451_92","osmType":"way","osmId":592171408,"sourceRegion":"guangzhou","featureType":"infrastructure","railClass":"minor","mode":"rail","name":"未命名","service":"siding","status":"operational","color":"#52636f","sourceKey":"way:592171408"}},{"type":"Feature","geometry":{"type":"LineString","coordinates":[[112.8846831,23.1621523],[112.8843391,23.1622155],[112.8836176,23.1623956],[112.8825527,23.1627852],[112.8821397,23.1629726],[112.8817481,23.1631724],[112.8800824,23.1640626],[112.8793448,23.1644103],[112.8789976,23.1645448]]},"properties":{"key":"way:592171409@detail:451_92","osmType":"way","osmId":592171409,"sourceRegion":"guangzhou","featureType":"infrastructure","railClass":"minor","mode":"rail","name":"未命名","service":"siding","status":"operational","color":"#52636f","sourceKey":"way:592171409"}},{"type":"Feature","geometry":{"type":"LineString","coordinates":[[112.8847663,23.1619847],[112.8842962,23.1620725],[112.8835317,23.1622723],[112.8824723,23.1626496],[112.8820619,23.1628419],[112.8817078,23.1630195],[112.8809568,23.1634362],[112.8788424,23.1645724],[112.8779501,23.1650342]]},"properties":{"key":"way:592171410@detail:451_92","osmType":"way","osmId":592171410,"sourceRegion":"guangzhou","featureType":"infrastructure","railClass":"minor","mode":"rail","name":"未命名","service":"siding","status":"operational","color":"#52636f","sourceKey":"way:592171410"}},{"type":"Feature","geometry":{"type":"LineString","coordinates":[[112.8776511,23.1652074],[112.8779501,23.1650342],[112.8791141,23.1642574],[112.88012,23.1637247],[112.8804043,23.1636088],[112.8809568,23.1634362]]},"properties":{"key":"way:592171412@detail:451_92","osmType":"way","osmId":592171412,"sourceRegion":"guangzhou","featureType":"infrastructure","railClass":"minor","mode":"rail","name":"未命名","service":"spur","status":"operational","color":"#52636f","sourceKey":"way:592171412"}},{"type":"Feature","geometry":{"type":"LineString","coordinates":[[112.8533325,23.1848364],[112.8565595,23.1806724]]},"properties":{"key":"way:592171428@detail:451_92","osmType":"way","osmId":592171428,"sourceRegion":"guangzhou","featureType":"infrastructure","railClass":"minor","mode":"rail","name":"未命名","service":"siding","status":"operational","color":"#52636f","sourceKey":"way:592171428"}},{"type":"Feature","geometry":{"type":"LineString","coordinates":[[112.878221,23.1637913],[112.8774297,23.1650194],[112.8771803,23.1652536],[112.8769228,23.1654583],[112.876448,23.1657345]]},"properties":{"key":"way:592171457@detail:451_92","osmType":"way","osmId":592171457,"sourceRegion":"guangzhou","featureType":"infrastructure","railClass":"minor","mode":"rail","name":"未命名","service":"spur","status":"operational","color":"#52636f","sourceKey":"way:592171457"}},{"type":"Feature","geometry":{"type":"LineString","coordinates":[[112.8785402,23.1638801],[112.8777167,23.1649898],[112.8774914,23.1652092],[112.8771411,23.1654302]]},"properties":{"key":"way:592171459@detail:451_92","osmType":"way","osmId":592171459,"sourceRegion":"guangzhou","featureType":"infrastructure","railClass":"minor","mode":"rail","name":"未命名","service":"spur","status":"operational","color":"#52636f","sourceKey":"way:592171459"}},{"type":"Feature","geometry":{"type":"LineString","coordinates":[[112.8780225,23.1650514],[112.8776511,23.1652074],[112.8771411,23.1654302],[112.876448,23.1657345],[112.8761342,23.1658701],[112.8754744,23.1661315],[112.874608,23.1663313],[112.872878,23.1665631],[112.8693858,23.1669157],[112.8674278,23.1671154],[112.865231,23.1673398]]},"properties":{"key":"way:592171462@detail:451_92","osmType":"way","osmId":592171462,"sourceRegion":"guangzhou","featureType":"infrastructure","railClass":"minor","mode":"rail","name":"未命名","service":"spur","status":"operational","color":"#52636f","sourceKey":"way:592171462"}},{"type":"Feature","geometry":{"type":"LineString","coordinates":[[112.865231,23.1673398],[112.8650621,23.1673595]]},"properties":{"key":"way:592171465@detail:451_92","osmType":"way","osmId":592171465,"sourceRegion":"guangzhou","featureType":"infrastructure","railClass":"minor","mode":"rail","name":"未命名","service":"spur","bridge":"yes","status":"operational","color":"#52636f","sourceKey":"way:592171465"}},{"type":"Feature","geometry":{"type":"LineString","coordinates":[[112.8330124,23.1672372],[112.834045,23.1671721],[112.8371242,23.1672338],[112.8378295,23.1673224]]},"properties":{"key":"way:592171468@detail:451_92","osmType":"way","osmId":592171468,"sourceRegion":"guangzhou","featureType":"infrastructure","railClass":"minor","mode":"rail","name":"未命名","service":"spur","status":"operational","color":"#52636f","sourceKey":"way:592171468"}},{"type":"Feature","geometry":{"type":"LineString","coordinates":[[112.8560986,23.1677737],[112.8530224,23.1676907],[112.8408741,23.1673976],[112.8407467,23.1673919],[112.8378295,23.1673224],[112.8330124,23.1672372],[112.8321192,23.1672215]]},"properties":{"key":"way:592171471@detail:451_92","osmType":"way","osmId":592171471,"sourceRegion":"guangzhou","featureType":"infrastructure","railClass":"minor","mode":"rail","name":"未命名","service":"spur","status":"operational","color":"#52636f","sourceKey":"way:592171471"}},{"type":"Feature","geometry":{"type":"LineString","coordinates":[[112.8633855,23.1710303],[112.8635978,23.1706036]]},"properties":{"key":"way:592171497@detail:451_92","osmType":"way","osmId":592171497,"sourceRegion":"guangzhou","featureType":"infrastructure","railClass":"national","mode":"rail","name":"广茂线","nameEn":"Guangmao Line","ref":"0708","operator":"中国铁路广州局集团有限公司","usage":"main","bridge":"yes","status":"operational","color":"#E54848","sourceKey":"way:592171497"}},{"type":"Feature","geometry":{"type":"LineString","coordinates":[[112.8626491,23.1725583],[112.8633855,23.1710303]]},"properties":{"key":"way:592171501@detail:451_92","osmType":"way","osmId":592171501,"sourceRegion":"guangzhou","featureType":"infrastructure","railClass":"national","mode":"rail","name":"广茂线","nameEn":"Guangmao Line","ref":"0708","operator":"中国铁路广州局集团有限公司","usage":"main","status":"operational","color":"#E54848","sourceKey":"way:592171501"}},{"type":"Feature","geometry":{"type":"LineString","coordinates":[[112.76650839261146,23.25],[112.7696688,23.2479544]]},"properties":{"key":"way:592176950@detail:451_92","osmType":"way","osmId":592176950,"sourceRegion":"guangzhou","featureType":"infrastructure","railClass":"national","mode":"rail","name":"广茂线","nameEn":"Guangmao Line","ref":"0708","operator":"中国铁路广州局集团有限公司","usage":"main","status":"operational","color":"#E54848","sourceKey":"way:592176950"}},{"type":"Feature","geometry":{"type":"LineString","coordinates":[[112.7699029,23.2477282],[112.7696457,23.2478965]]},"properties":{"key":"way:592176952@detail:451_92","osmType":"way","osmId":592176952,"sourceRegion":"guangzhou","featureType":"infrastructure","railClass":"minor","mode":"rail","name":"未命名","service":"siding","bridge":"yes","status":"operational","color":"#52636f","sourceKey":"way:592176952"}},{"type":"Feature","geometry":{"type":"LineString","coordinates":[[112.7696688,23.2479544],[112.769921,23.2477912]]},"properties":{"key":"way:592176953@detail:451_92","osmType":"way","osmId":592176953,"sourceRegion":"guangzhou","featureType":"infrastructure","railClass":"national","mode":"rail","name":"广茂线","nameEn":"Guangmao Line","ref":"0708","operator":"中国铁路广州局集团有限公司","usage":"main","bridge":"yes","status":"operational","color":"#E54848","sourceKey":"way:592176953"}},{"type":"Feature","geometry":{"type":"LineString","coordinates":[[112.7699396,23.2478516],[112.7696836,23.2480191]]},"properties":{"key":"way:592176954@detail:451_92","osmType":"way","osmId":592176954,"sourceRegion":"guangzhou","featureType":"infrastructure","railClass":"minor","mode":"rail","name":"未命名","service":"siding","bridge":"yes","status":"operational","color":"#52636f","sourceKey":"way:592176954"}},{"type":"Feature","geometry":{"type":"LineString","coordinates":[[112.7719699,23.246465],[112.7715737,23.2467828],[112.7699396,23.2478516]]},"properties":{"key":"way:592176955@detail:451_92","osmType":"way","osmId":592176955,"sourceRegion":"guangzhou","featureType":"infrastructure","railClass":"minor","mode":"rail","name":"未命名","service":"siding","status":"operational","color":"#52636f","sourceKey":"way:592176955"}},{"type":"Feature","geometry":{"type":"LineString","coordinates":[[112.7839395,23.2390488],[112.784538,23.238761],[112.785501,23.238359],[112.786823,23.237883],[112.789233,23.236844],[112.7941123,23.2348983]]},"properties":{"key":"way:592176956@detail:451_92","osmType":"way","osmId":592176956,"sourceRegion":"guangzhou","featureType":"infrastructure","railClass":"national","mode":"rail","name":"广茂线","nameEn":"Guangmao Line","ref":"0708","operator":"中国铁路广州局集团有限公司","usage":"main","bridge":"yes","status":"operational","color":"#E54848","sourceKey":"way:592176956"}},{"type":"Feature","geometry":{"type":"LineString","coordinates":[[112.7696457,23.2478965],[112.76643015442656,23.25]]},"properties":{"key":"way:592176957@detail:451_92","osmType":"way","osmId":592176957,"sourceRegion":"guangzhou","featureType":"infrastructure","railClass":"minor","mode":"rail","name":"未命名","service":"siding","status":"operational","color":"#52636f","sourceKey":"way:592176957"}},{"type":"Feature","geometry":{"type":"LineString","coordinates":[[112.7667427,23.2499427],[112.76668152419451,23.25]]},"properties":{"key":"way:592176962@detail:451_92","osmType":"way","osmId":592176962,"sourceRegion":"guangzhou","featureType":"infrastructure","railClass":"minor","mode":"rail","name":"未命名","service":"siding","status":"operational","color":"#52636f","sourceKey":"way:592176962"}},{"type":"Feature","geometry":{"type":"LineString","coordinates":[[112.7725294,23.2461028],[112.7719653,23.2464008],[112.7717587,23.2465142],[112.7699029,23.2477282]]},"properties":{"key":"way:592176964@detail:451_92","osmType":"way","osmId":592176964,"sourceRegion":"guangzhou","featureType":"infrastructure","railClass":"minor","mode":"rail","name":"未命名","service":"siding","status":"operational","color":"#52636f","sourceKey":"way:592176964"}},{"type":"Feature","geometry":{"type":"LineString","coordinates":[[112.7696836,23.2480191],[112.7667427,23.2499427],[112.76665509523657,23.25]]},"properties":{"key":"way:592176965@detail:451_92","osmType":"way","osmId":592176965,"sourceRegion":"guangzhou","featureType":"infrastructure","railClass":"minor","mode":"rail","name":"未命名","service":"siding","status":"operational","color":"#52636f","sourceKey":"way:592176965"}},{"type":"Feature","geometry":{"type":"LineString","coordinates":[[112.8279363,23.2444138],[112.8262049,23.2449869],[112.8257563,23.2451676],[112.8250791,23.2454905],[112.8246398,23.2457331],[112.8241201,23.2460461],[112.8231108,23.2467476],[112.8216971,23.2478404],[112.81906476210222,23.25]]},"properties":{"key":"way:627398880@detail:451_92","osmType":"way","osmId":627398880,"sourceRegion":"guangzhou","featureType":"infrastructure","railClass":"intercity","mode":"rail","name":"广肇城际线","nameEn":"Guangzhou–Foshan–Zhaoqing Intercity Railway","ref":"3060","operator":"广东城际铁路运营有限公司","usage":"main","bridge":"viaduct","status":"operational","color":"#C97932","sourceKey":"way:627398880"}},{"type":"Feature","geometry":{"type":"LineString","coordinates":[[112.8410746,23.2238417],[112.8413103,23.2251637]]},"properties":{"key":"way:627398881@detail:451_92","osmType":"way","osmId":627398881,"sourceRegion":"guangzhou","featureType":"infrastructure","railClass":"intercity","mode":"rail","name":"广肇城际线","nameEn":"Guangzhou–Foshan–Zhaoqing Intercity Railway","ref":"3060","operator":"广东城际铁路运营有限公司","usage":"main","status":"operational","color":"#C97932","sourceKey":"way:627398881"}},{"type":"Feature","geometry":{"type":"LineString","coordinates":[[112.8409097,23.2229163],[112.8410746,23.2238417]]},"properties":{"key":"way:627398882@detail:451_92","osmType":"way","osmId":627398882,"sourceRegion":"guangzhou","featureType":"infrastructure","railClass":"intercity","mode":"rail","name":"广肇城际线","nameEn":"Guangzhou–Foshan–Zhaoqing Intercity Railway","ref":"3060","operator":"广东城际铁路运营有限公司","usage":"main","bridge":"yes","status":"operational","color":"#C97932","sourceKey":"way:627398882"}},{"type":"Feature","geometry":{"type":"LineString","coordinates":[[112.8407291,23.221904],[112.8409097,23.2229163]]},"properties":{"key":"way:627398883@detail:451_92","osmType":"way","osmId":627398883,"sourceRegion":"guangzhou","featureType":"infrastructure","railClass":"intercity","mode":"rail","name":"广肇城际线","nameEn":"Guangzhou–Foshan–Zhaoqing Intercity Railway","ref":"3060","operator":"广东城际铁路运营有限公司","usage":"main","status":"operational","color":"#C97932","sourceKey":"way:627398883"}},{"type":"Feature","geometry":{"type":"LineString","coordinates":[[112.8512866,23.1841133],[112.8507705,23.184565],[112.850012,23.1852993],[112.8493109,23.1860981],[112.8457141,23.1906958],[112.8449575,23.191821],[112.8443753,23.1927864],[112.8439016,23.1937809],[112.8433235,23.195313],[112.8430808,23.1960887],[112.8404207,23.2045894],[112.839577,23.2073814],[112.8393026,23.2085593],[112.8391627,23.2097019],[112.8390651,23.2110683],[112.8391652,23.2122913],[112.8395446,23.2149055],[112.8403203,23.219467],[112.8404958,23.220513],[112.8407291,23.221904]]},"properties":{"key":"way:627398884@detail:451_92","osmType":"way","osmId":627398884,"sourceRegion":"guangzhou","featureType":"infrastructure","railClass":"intercity","mode":"rail","name":"广肇城际线","nameEn":"Guangzhou–Foshan–Zhaoqing Intercity Railway","ref":"3060","operator":"广东城际铁路运营有限公司","usage":"main","bridge":"yes","status":"operational","color":"#C97932","sourceKey":"way:627398884"}},{"type":"Feature","geometry":{"type":"LineString","coordinates":[[112.8967065,23.1902532],[112.8953872,23.1898076],[112.8949146,23.189622],[112.8945184,23.1894458],[112.8940905,23.1892359],[112.8929426,23.1886161],[112.8912999,23.1876129],[112.8908212,23.1873169],[112.8886242,23.1859914],[112.8880309,23.1856364],[112.88751,23.1853439],[112.8869535,23.185066],[112.886474,23.1848713],[112.8860036,23.1847451],[112.8853379,23.184635],[112.8846792,23.1845533],[112.8831199,23.1844806],[112.88008,23.1845176],[112.8776157,23.1843866],[112.8768422,23.1843258],[112.8761671,23.1842459],[112.8755649,23.1841353],[112.8750415,23.1840252],[112.8743291,23.1838407],[112.8733311,23.1835618],[112.8669123,23.1815832],[112.8650053,23.1810206],[112.863938,23.1807346],[112.863218,23.1806042],[112.8628115,23.1805461],[112.8618899,23.1804773],[112.8614695,23.1804491],[112.8609757,23.1804324],[112.8604663,23.1804495],[112.8597822,23.1805002],[112.8590814,23.1805834],[112.8581303,23.180765],[112.8572664,23.1809612],[112.8568033,23.1810742],[112.856423,23.1811841],[112.8559687,23.1813421],[112.8555853,23.1814888],[112.8552268,23.1816386],[112.8532996,23.1827247],[112.8522698,23.183363],[112.8512866,23.1841133]]},"properties":{"key":"way:627398885@detail:451_92","osmType":"way","osmId":627398885,"sourceRegion":"guangzhou","featureType":"infrastructure","railClass":"intercity","mode":"rail","name":"广肇城际线","nameEn":"Guangzhou–Foshan–Zhaoqing Intercity Railway","ref":"3060","usage":"main","tunnel":"yes","status":"operational","color":"#C97932","sourceKey":"way:627398885"}},{"type":"Feature","geometry":{"type":"LineString","coordinates":[[112.981282,23.1178404],[112.980469,23.120268],[112.9799355,23.1218278],[112.9790524,23.1243787],[112.9787459,23.1252788],[112.9784395,23.1261785],[112.9770536,23.1302585],[112.9761123,23.1330462],[112.9755243,23.1349289],[112.9753323,23.1356957],[112.9738413,23.1426234],[112.9736305,23.1436292],[112.9733715,23.1449299],[112.9731942,23.1456352],[112.9730148,23.1462516],[112.9728466,23.1468395],[112.9725724,23.1476027],[112.9723057,23.1482848],[112.9720083,23.1489568],[112.9716794,23.1496066],[112.9713136,23.1502883],[112.9707422,23.1512594],[112.9701325,23.1521198],[112.969698,23.1526987],[112.9689001,23.1536456],[112.968553,23.1540343],[112.968036,23.1545804],[112.9673965,23.1551742],[112.9668422,23.1556754],[112.9660082,23.1563388],[112.965166,23.1570459],[112.9633661,23.1585122],[112.9618001,23.1597715],[112.9614617,23.1600621],[112.9604416,23.1608636],[112.9602661,23.1609969],[112.9598956,23.1612789],[112.9594071,23.1616241],[112.9591859,23.1617724],[112.958851,23.1619914],[112.9585841,23.1621642],[112.9582482,23.1623754],[112.9577556,23.1626877],[112.9568093,23.16324],[112.9553214,23.1641089],[112.9537296,23.1650617],[112.9522677,23.1659276],[112.9486376,23.1680612],[112.9454558,23.1699719],[112.9433117,23.1712487],[112.9422181,23.1719219],[112.9417333,23.1722256],[112.9410081,23.1726952],[112.9405164,23.1730268],[112.9397901,23.1735332],[112.9391449,23.1739734],[112.9381801,23.174635],[112.9372513,23.1752739],[112.9363296,23.1758849],[112.9358905,23.1761297],[112.9355017,23.1763521],[112.9350873,23.1765754],[112.9345783,23.1768384],[112.9342082,23.177031],[112.9337664,23.1772452],[112.9328579,23.1776928],[112.9314745,23.1783775],[112.9310952,23.1785843],[112.930467,23.1789245],[112.9296074,23.1794084],[112.9288682,23.179839],[112.9279652,23.1804056],[112.9271603,23.1808898],[112.9265485,23.1812828],[112.925646,23.1818244],[112.924917,23.1822685],[112.924259,23.1826381],[112.9238848,23.182836],[112.9233321,23.1831125],[112.9228163,23.1833574],[112.9223725,23.1835563],[112.9213286,23.1840117],[112.9205511,23.1843507],[112.9196707,23.1847246],[112.918947,23.185047],[112.916163,23.1862863],[112.9159424,23.1863802]]},"properties":{"key":"way:627398886@detail:451_92","osmType":"way","osmId":627398886,"sourceRegion":"guangzhou","featureType":"infrastructure","railClass":"intercity","mode":"rail","name":"广肇城际线","nameEn":"Guangzhou–Foshan–Zhaoqing Intercity Railway","ref":"3060","operator":"广东城际铁路运营有限公司","usage":"main","bridge":"viaduct","status":"operational","color":"#C97932","sourceKey":"way:627398886"}},{"type":"Feature","geometry":{"type":"LineString","coordinates":[[112.9816596,23.1166636],[112.981282,23.1178404]]},"properties":{"key":"way:627398887@detail:451_92","osmType":"way","osmId":627398887,"sourceRegion":"guangzhou","featureType":"infrastructure","railClass":"intercity","mode":"rail","name":"广肇城际线","nameEn":"Guangzhou–Foshan–Zhaoqing Intercity Railway","ref":"3060","usage":"main","status":"operational","color":"#C97932","sourceKey":"way:627398887"}},{"type":"Feature","geometry":{"type":"LineString","coordinates":[[113.0,23.093120275354284],[112.9999909,23.0931442],[112.9997985,23.0936678],[112.9994998,23.0944668],[112.9992509,23.0951354],[112.9989735,23.0958385],[112.998876,23.0960797],[112.9987505,23.09638],[112.998563,23.0967941],[112.9983777,23.0971623],[112.9982387,23.0974236],[112.9979972,23.0978673],[112.9977686,23.0982664],[112.997548,23.0986111],[112.9973664,23.0988791],[112.9970549,23.0993153],[112.9967945,23.0996493],[112.996676,23.099803],[112.9965288,23.0999851],[112.9962922,23.1002644],[112.9960574,23.1005161],[112.9957248,23.1008638],[112.9955215,23.1010664],[112.9953549,23.1012205],[112.9950795,23.1014687],[112.9948795,23.101629],[112.9946578,23.101819],[112.9943817,23.1020411],[112.9940238,23.1023077],[112.9936187,23.102593],[112.9932403,23.1028342],[112.9927553,23.1031342],[112.9919172,23.1036301],[112.9902897,23.1045979],[112.9900841,23.1047168],[112.9896784,23.1049525],[112.9892278,23.1052258],[112.9889869,23.1053754],[112.9887311,23.10554],[112.9884834,23.1057036],[112.9880552,23.1060066],[112.9876784,23.1062924],[112.9873078,23.1065809],[112.9866697,23.1071096],[112.986365,23.1073883],[112.9861393,23.1076022],[112.9859439,23.1078052],[112.9857549,23.1080228],[112.9855102,23.1083144],[112.9853326,23.1085253],[112.9851465,23.1087586],[112.9849874,23.1089659],[112.9847301,23.1093291],[112.9844701,23.1097057],[112.9841709,23.1101583],[112.9839123,23.1105836],[112.9837192,23.1109315],[112.9835907,23.1111667],[112.9834506,23.1114474],[112.9833265,23.1117102],[112.9832224,23.1119489],[112.9831202,23.1121941],[112.9830178,23.1124742],[112.9829213,23.1127429],[112.9827681,23.1131817],[112.9824712,23.1140659],[112.9822555,23.1146966],[112.9819479,23.1157106],[112.9816596,23.1166636]]},"properties":{"key":"way:627398888@detail:451_92","osmType":"way","osmId":627398888,"sourceRegion":"guangzhou","featureType":"infrastructure","railClass":"intercity","mode":"rail","name":"广肇城际线","nameEn":"Guangzhou–Foshan–Zhaoqing Intercity Railway","ref":"3060","usage":"main","bridge":"yes","status":"operational","color":"#C97932","sourceKey":"way:627398888"}},{"type":"Feature","geometry":{"type":"LineString","coordinates":[[112.9529392,23.1106128],[112.9529317,23.1098942],[112.9529877,23.1091511],[112.9530104,23.1087414],[112.9531231,23.1083736],[112.9535014,23.1074244],[112.953895,23.106807],[112.954767,23.1057019],[112.9554285,23.1050111],[112.9559392,23.1044777],[112.9567097,23.1034597],[112.957172,23.1027424],[112.9581247,23.1013163],[112.9597499,23.0990998],[112.9606486,23.0979117],[112.9607845,23.0977393],[112.9621923,23.0958351],[112.9634625,23.0939836]]},"properties":{"key":"way:636829491@detail:451_92","osmType":"way","osmId":636829491,"sourceRegion":"guangzhou","featureType":"infrastructure","railClass":"national","mode":"rail","name":"未命名","status":"operational","color":"#E54848","sourceKey":"way:636829491"}},{"type":"Feature","geometry":{"type":"LineString","coordinates":[[112.963228,23.0938436],[112.9616262,23.0961074],[112.9614301,23.0964683],[112.9612666,23.0968377],[112.9607522,23.0977302],[112.9606486,23.0979117]]},"properties":{"key":"way:636829492@detail:451_92","osmType":"way","osmId":636829492,"sourceRegion":"guangzhou","featureType":"infrastructure","railClass":"national","mode":"rail","name":"未命名","status":"operational","color":"#E54848","sourceKey":"way:636829492"}},{"type":"Feature","geometry":{"type":"LineString","coordinates":[[112.9554285,23.1050111],[112.9559849,23.1046169],[112.9566574,23.1037192],[112.9574372,23.1026281],[112.9578762,23.1019924]]},"properties":{"key":"way:636829493@detail:451_92","osmType":"way","osmId":636829493,"sourceRegion":"guangzhou","featureType":"infrastructure","railClass":"national","mode":"rail","name":"未命名","status":"operational","color":"#E54848","sourceKey":"way:636829493"}},{"type":"Feature","geometry":{"type":"LineString","coordinates":[[112.9607767,23.100777],[112.9589727,23.1027184]]},"properties":{"key":"way:636829494@detail:451_92","osmType":"way","osmId":636829494,"sourceRegion":"guangzhou","featureType":"infrastructure","railClass":"national","mode":"rail","name":"未命名","status":"operational","color":"#E54848","sourceKey":"way:636829494"}},{"type":"Feature","geometry":{"type":"LineString","coordinates":[[112.894085,23.0200815],[112.8940938,23.0199324],[112.8940948,23.0197428],[112.894079,23.0195483],[112.894044,23.019338],[112.8939554,23.018855],[112.8938378,23.0182631],[112.8938251,23.0181728],[112.8938124,23.0180589],[112.8938148,23.0178863],[112.8938264,23.0177191],[112.8938476,23.0175978],[112.8952616,23.0109226]]},"properties":{"key":"way:636829503@detail:451_92","osmType":"way","osmId":636829503,"sourceRegion":"guangzhou","featureType":"infrastructure","railClass":"minor","mode":"rail","name":"未命名","service":"yard","status":"operational","color":"#52636f","sourceKey":"way:636829503"}},{"type":"Feature","geometry":{"type":"LineString","coordinates":[[112.8939554,23.018855],[112.8938968,23.0182918],[112.8938806,23.018002],[112.8938882,23.0177718],[112.8939045,23.017614],[112.8939351,23.017431],[112.8944557,23.0150156],[112.8953322,23.010944]]},"properties":{"key":"way:636829506@detail:451_92","osmType":"way","osmId":636829506,"sourceRegion":"guangzhou","featureType":"infrastructure","railClass":"minor","mode":"rail","name":"未命名","service":"spur","status":"operational","color":"#52636f","sourceKey":"way:636829506"}},{"type":"Feature","geometry":{"type":"LineString","coordinates":[[112.8969752,23.0066233],[112.8968243,23.007409]]},"properties":{"key":"way:636829508@detail:451_92","osmType":"way","osmId":636829508,"sourceRegion":"guangzhou","featureType":"infrastructure","railClass":"minor","mode":"rail","name":"未命名","service":"yard","status":"operational","color":"#52636f","sourceKey":"way:636829508"}},{"type":"Feature","geometry":{"type":"LineString","coordinates":[[112.7993676,23.2327907],[112.802398,23.2315397]]},"properties":{"key":"way:643525246@detail:451_92","osmType":"way","osmId":643525246,"sourceRegion":"guangzhou","featureType":"infrastructure","railClass":"national","mode":"rail","name":"广茂线","nameEn":"Guangmao Line","ref":"0708","operator":"中国铁路广州局集团有限公司","usage":"main","status":"operational","color":"#E54848","sourceKey":"way:643525246"}},{"type":"Feature","geometry":{"type":"LineString","coordinates":[[112.7971868,23.2336722],[112.798514,23.233143],[112.7993676,23.2327907]]},"properties":{"key":"way:643525249@detail:451_92","osmType":"way","osmId":643525249,"sourceRegion":"guangzhou","featureType":"infrastructure","railClass":"national","mode":"rail","name":"广茂线","nameEn":"Guangmao Line","ref":"0708","operator":"中国铁路广州局集团有限公司","usage":"main","bridge":"yes","status":"operational","color":"#E54848","sourceKey":"way:643525249"}},{"type":"Feature","geometry":{"type":"LineString","coordinates":[[112.7941123,23.2348983],[112.7971868,23.2336722]]},"properties":{"key":"way:643525252@detail:451_92","osmType":"way","osmId":643525252,"sourceRegion":"guangzhou","featureType":"infrastructure","railClass":"national","mode":"rail","name":"广茂线","nameEn":"Guangmao Line","ref":"0708","operator":"中国铁路广州局集团有限公司","usage":"main","status":"operational","color":"#E54848","sourceKey":"way:643525252"}},{"type":"Feature","geometry":{"type":"LineString","coordinates":[[112.7782148,23.2424446],[112.781543,23.240303],[112.782895,23.239551],[112.7839395,23.2390488]]},"properties":{"key":"way:643525254@detail:451_92","osmType":"way","osmId":643525254,"sourceRegion":"guangzhou","featureType":"infrastructure","railClass":"national","mode":"rail","name":"广茂线","nameEn":"Guangmao Line","ref":"0708","operator":"中国铁路广州局集团有限公司","usage":"main","status":"operational","color":"#E54848","sourceKey":"way:643525254"}},{"type":"Feature","geometry":{"type":"LineString","coordinates":[[112.7771388,23.2431369],[112.7782148,23.2424446]]},"properties":{"key":"way:643525257@detail:451_92","osmType":"way","osmId":643525257,"sourceRegion":"guangzhou","featureType":"infrastructure","railClass":"national","mode":"rail","name":"广茂线","nameEn":"Guangmao Line","ref":"0708","operator":"中国铁路广州局集团有限公司","usage":"main","bridge":"yes","status":"operational","color":"#E54848","sourceKey":"way:643525257"}},{"type":"Feature","geometry":{"type":"LineString","coordinates":[[112.769921,23.2477912],[112.7719699,23.246465],[112.7725294,23.2461028],[112.7771388,23.2431369]]},"properties":{"key":"way:643525259@detail:451_92","osmType":"way","osmId":643525259,"sourceRegion":"guangzhou","featureType":"infrastructure","railClass":"national","mode":"rail","name":"广茂线","nameEn":"Guangmao Line","ref":"0708","operator":"中国铁路广州局集团有限公司","usage":"main","status":"operational","color":"#E54848","sourceKey":"way:643525259"}},{"type":"Feature","geometry":{"type":"LineString","coordinates":[[112.9831172,23.085697],[112.9844188,23.0848685],[112.9849119,23.0845833],[112.9855406,23.0842208]]},"properties":{"key":"way:719987882@detail:451_92","osmType":"way","osmId":719987882,"sourceRegion":"guangzhou","featureType":"infrastructure","railClass":"national","mode":"rail","name":"广茂线","nameEn":"Guangmao Line","ref":"0708","operator":"中国铁路广州局集团有限公司","usage":"main","tunnel":"yes","status":"operational","color":"#E54848","sourceKey":"way:719987882"}},{"type":"Feature","geometry":{"type":"LineString","coordinates":[[112.9855406,23.0842208],[112.985903,23.0840322],[112.9862242,23.0838773],[112.9867926,23.0836116],[112.9870521,23.0834998],[112.9872273,23.0834246],[112.98864,23.0828649],[112.9899514,23.0823437],[112.9917997,23.0815734],[112.9934007,23.0808809],[112.9943159,23.080487],[112.9952376,23.080112],[112.9963234,23.0796949],[112.9973434,23.0793098],[112.9982916,23.0789594],[112.9992244,23.0785967],[113.0,23.07830076311728]]},"properties":{"key":"way:719987883@detail:451_92","osmType":"way","osmId":719987883,"sourceRegion":"guangzhou","featureType":"infrastructure","railClass":"national","mode":"rail","name":"广茂线","nameEn":"Guangmao Line","ref":"0708","operator":"中国铁路广州局集团有限公司","usage":"main","status":"operational","color":"#E54848","sourceKey":"way:719987883"}},{"type":"Feature","geometry":{"type":"LineString","coordinates":[[112.8650628,23.1686052],[112.865373,23.168324]]},"properties":{"key":"way:765626027@detail:451_92","osmType":"way","osmId":765626027,"sourceRegion":"guangzhou","featureType":"infrastructure","railClass":"national","mode":"rail","name":"广茂线","nameEn":"Guangmao Line","ref":"0708","operator":"中国铁路广州局集团有限公司","usage":"main","bridge":"yes","status":"operational","color":"#E54848","sourceKey":"way:765626027"}},{"type":"Feature","geometry":{"type":"LineString","coordinates":[[112.865373,23.168324],[112.865873,23.167976],[112.866753,23.167501],[112.867721,23.167204],[112.869133,23.167004],[112.873243,23.166653],[112.8740017,23.166553],[112.8748092,23.1664052],[112.8753414,23.1662801],[112.8761637,23.1659786],[112.8768718,23.1656574],[112.8776706,23.1652368],[112.8780225,23.1650514],[112.8786359,23.16474],[112.8789976,23.1645448],[112.881706,23.1630826],[112.8821053,23.1628764],[112.8825098,23.162694],[112.8835518,23.1623203],[112.8842431,23.1621277],[112.8847375,23.1620374]]},"properties":{"key":"way:765626028@detail:451_92","osmType":"way","osmId":765626028,"sourceRegion":"guangzhou","featureType":"infrastructure","railClass":"national","mode":"rail","name":"广茂线","nameEn":"Guangmao Line","ref":"0708","operator":"中国铁路广州局集团有限公司","usage":"main","status":"operational","color":"#E54848","sourceKey":"way:765626028"}},{"type":"Feature","geometry":{"type":"LineString","coordinates":[[112.8599028,23.1766792],[112.8605786,23.1759346]]},"properties":{"key":"way:777746173@detail:451_92","osmType":"way","osmId":777746173,"sourceRegion":"guangzhou","featureType":"infrastructure","railClass":"national","mode":"rail","name":"广茂线","nameEn":"Guangmao Line","ref":"0708","operator":"中国铁路广州局集团有限公司","usage":"main","bridge":"yes","status":"operational","color":"#E54848","sourceKey":"way:777746173"}},{"type":"Feature","geometry":{"type":"LineString","coordinates":[[112.8605786,23.1759346],[112.861326,23.175003],[112.861948,23.174013],[112.862522,23.1728565]]},"properties":{"key":"way:777746174@detail:451_92","osmType":"way","osmId":777746174,"sourceRegion":"guangzhou","featureType":"infrastructure","railClass":"national","mode":"rail","name":"广茂线","nameEn":"Guangmao Line","ref":"0708","operator":"中国铁路广州局集团有限公司","usage":"main","status":"operational","color":"#E54848","sourceKey":"way:777746174"}},{"type":"Feature","geometry":{"type":"LineString","coordinates":[[112.8386592,23.2385456],[112.8377327,23.239604],[112.8374544,23.2399093],[112.8370603,23.2402601],[112.8366432,23.2406009],[112.8358112,23.2412382],[112.8346434,23.2419607],[112.8337481,23.2424328],[112.833133,23.2426942],[112.8318552,23.243184],[112.830747,23.243561],[112.8279363,23.2444138]]},"properties":{"key":"way:825393062@detail:451_92","osmType":"way","osmId":825393062,"sourceRegion":"guangzhou","featureType":"infrastructure","railClass":"intercity","mode":"rail","name":"广肇城际线","nameEn":"Guangzhou–Foshan–Zhaoqing Intercity Railway","ref":"3060","operator":"广东城际铁路运营有限公司","usage":"main","bridge":"viaduct","status":"operational","color":"#C97932","sourceKey":"way:825393062"}},{"type":"Feature","geometry":{"type":"LineString","coordinates":[[112.8279544,23.2444488],[112.8307498,23.2436042],[112.8318466,23.2432402],[112.8331535,23.2427328],[112.8337505,23.2424761],[112.8346296,23.2420187],[112.8358353,23.2412682],[112.8366566,23.2406354],[112.8371101,23.2402634],[112.8374833,23.2399348],[112.8377802,23.2396166],[112.8386956,23.2385718]]},"properties":{"key":"way:825393063@detail:451_92","osmType":"way","osmId":825393063,"sourceRegion":"guangzhou","featureType":"infrastructure","railClass":"intercity","mode":"rail","name":"广肇城际线","nameEn":"Guangzhou–Foshan–Zhaoqing Intercity Railway","ref":"3060","operator":"广东城际铁路运营有限公司","usage":"main","bridge":"viaduct","status":"operational","color":"#C97932","sourceKey":"way:825393063"}},{"type":"Feature","geometry":{"type":"LineString","coordinates":[[112.92947,23.1373304],[112.9302906,23.1364097],[112.9344977,23.131552],[112.9375156,23.1280711],[112.9378206,23.1277876],[112.9384106,23.1272391],[112.9397446,23.1261211],[112.9407724,23.1253369],[112.9439856,23.1228851],[112.9499746,23.1181781],[112.9508506,23.1172951],[112.9514344,23.1165656],[112.9515096,23.1164301],[112.9516626,23.1161511],[112.9521416,23.1151661],[112.9524066,23.1144291],[112.9526556,23.1131961],[112.9527464,23.112423],[112.9529392,23.1106128],[112.9530476,23.1098651],[112.9532216,23.1090581],[112.9534276,23.1084161],[112.9537776,23.1076381],[112.9542916,23.1067411],[112.9546996,23.1061881],[112.9554346,23.1053691],[112.9559956,23.1048841],[112.9566046,23.1044331],[112.9589727,23.1027184],[112.9671306,23.0968111],[112.9693476,23.0951281],[112.9701188,23.094641],[112.9702033,23.0945811],[112.9720066,23.0932827],[112.9730669,23.0924738],[112.9742359,23.09164],[112.9745933,23.0913741],[112.9764218,23.090014],[112.9769523,23.089612],[112.9773076,23.0893428],[112.9788612,23.0882906],[112.9800371,23.0875958],[112.9809461,23.0870361],[112.9817355,23.0865962],[112.9818305,23.086522],[112.982325,23.0861829],[112.9829731,23.0857917],[112.9831172,23.085697]]},"properties":{"key":"way:827222903@detail:451_92","osmType":"way","osmId":827222903,"sourceRegion":"guangzhou","featureType":"infrastructure","railClass":"national","mode":"rail","name":"广茂线","nameEn":"Guangmao Line","ref":"0708","operator":"中国铁路广州局集团有限公司","usage":"main","status":"operational","color":"#E54848","sourceKey":"way:827222903"}},{"type":"Feature","geometry":{"type":"LineString","coordinates":[[112.9028626,23.1544929],[112.903133,23.1543461]]},"properties":{"key":"way:827222904@detail:451_92","osmType":"way","osmId":827222904,"sourceRegion":"guangzhou","featureType":"infrastructure","railClass":"national","mode":"rail","name":"广茂线","nameEn":"Guangmao Line","ref":"0708","operator":"中国铁路广州局集团有限公司","usage":"main","bridge":"yes","status":"operational","color":"#E54848","sourceKey":"way:827222904"}},{"type":"Feature","geometry":{"type":"LineString","coordinates":[[112.9187344,23.0971341],[112.9179886,23.0971307],[112.9163793,23.0970981],[112.915059,23.0970686],[112.9141778,23.0970553],[112.9128144,23.0970099],[112.9124955,23.0970036],[112.9121663,23.097003],[112.9115283,23.0970071],[112.9109853,23.0970205],[112.9102864,23.0970539],[112.9092008,23.0971347],[112.9084651,23.0972169]]},"properties":{"key":"way:881587372@detail:451_92","osmType":"way","osmId":881587372,"sourceRegion":"guangzhou","featureType":"infrastructure","railClass":"highspeed","mode":"rail","name":"南广线","nameEn":"Nanguang Line","ref":"3029","usage":"main","highspeed":"yes","bridge":"yes","status":"operational","color":"#E54848","sourceKey":"way:881587372"}},{"type":"Feature","geometry":{"type":"LineString","coordinates":[[112.918729,23.097176],[112.9184359,23.0971742],[112.9179544,23.0971699],[112.9174701,23.0971618],[112.9159877,23.0971334],[112.9148526,23.0971133],[112.9139942,23.0970958],[112.9130162,23.0970705],[112.9125037,23.0970665],[112.9120012,23.0970676],[112.9115208,23.0970782],[112.9110274,23.097095],[112.910184,23.097138],[112.9097067,23.097173],[112.9093166,23.0972055],[112.9089546,23.0972444],[112.9083579,23.0973123],[112.9078773,23.0973716],[112.9072568,23.097442],[112.9066465,23.0975503],[112.9061782,23.0976411],[112.9054271,23.0978057],[112.9047555,23.0979709],[112.9042814,23.0981014],[112.9034951,23.0983292],[112.9025472,23.0986263],[112.9020052,23.0988132],[112.9012709,23.0990868],[112.9006071,23.0993615],[112.899706,23.0997587],[112.8988366,23.1001662],[112.897353,23.1008771]]},"properties":{"key":"way:881587373@detail:451_92","osmType":"way","osmId":881587373,"sourceRegion":"guangzhou","featureType":"infrastructure","railClass":"highspeed","mode":"rail","name":"贵广客专线","nameEn":"Guiguang Passenger Line","ref":"3044","usage":"main","highspeed":"yes","bridge":"yes","status":"operational","color":"#E54848","sourceKey":"way:881587373"}},{"type":"Feature","geometry":{"type":"LineString","coordinates":[[112.8973751,23.1009149],[112.8986308,23.1003183],[112.9000759,23.0996501],[112.9006441,23.0993948],[112.9009321,23.0992754],[112.9012616,23.0991394],[112.90156,23.0990249],[112.9020659,23.0988387],[112.9026237,23.0986454],[112.9032152,23.0984617],[112.904074,23.0982159],[112.9046214,23.0980631],[112.9050625,23.0979486],[112.9056696,23.0978006],[112.9064297,23.0976383],[112.9068072,23.0975728],[112.907226,23.0974951],[112.9077684,23.0974333],[112.9082088,23.0973754],[112.9090366,23.0972814],[112.9099273,23.0972],[112.9104012,23.0971674],[112.9110775,23.0971349],[112.9118011,23.0971132],[112.9124484,23.0971099],[112.9131313,23.0971171],[112.9146004,23.0971485],[112.917468,23.0971997],[112.9186118,23.097211],[112.9187264,23.097211]]},"properties":{"key":"way:881587374@detail:451_92","osmType":"way","osmId":881587374,"sourceRegion":"guangzhou","featureType":"infrastructure","railClass":"highspeed","mode":"rail","name":"贵广客专线","nameEn":"Guiguang Passenger Line","ref":"3044","usage":"main","highspeed":"yes","bridge":"yes","status":"operational","color":"#E54848","sourceKey":"way:881587374"}},{"type":"Feature","geometry":{"type":"LineString","coordinates":[[112.9085141,23.0974622],[112.9097878,23.0973155],[112.9103646,23.0972587],[112.9110092,23.0972247],[112.9123293,23.0971747],[112.9130835,23.0971741],[112.9141793,23.0971853],[112.914689,23.0971954],[112.9160616,23.0972133],[112.9176717,23.0972489],[112.9187157,23.0972515]]},"properties":{"key":"way:881587375@detail:451_92","osmType":"way","osmId":881587375,"sourceRegion":"guangzhou","featureType":"infrastructure","railClass":"highspeed","mode":"rail","name":"南广线","nameEn":"Nanguang Line","ref":"3029","usage":"main","highspeed":"yes","bridge":"yes","status":"operational","color":"#E54848","sourceKey":"way:881587375"}},{"type":"Feature","geometry":{"type":"LineString","coordinates":[[112.897353,23.1008771],[112.8966092,23.1012386],[112.8949328,23.1020548],[112.8935488,23.1027244],[112.8923542,23.1033023],[112.8912581,23.1038279],[112.8860681,23.1062961],[112.8836364,23.1074397],[112.8808055,23.1088541],[112.8757956,23.1113205],[112.8737277,23.1123234]]},"properties":{"key":"way:881587376@detail:451_92","osmType":"way","osmId":881587376,"sourceRegion":"guangzhou","featureType":"infrastructure","railClass":"highspeed","mode":"rail","name":"贵广客专线","nameEn":"Guiguang Passenger Line","ref":"3044","usage":"main","highspeed":"yes","bridge":"yes","status":"operational","color":"#E54848","sourceKey":"way:881587376"}},{"type":"Feature","geometry":{"type":"LineString","coordinates":[[112.8737672,23.1123508],[112.8741822,23.1121528],[112.8756848,23.1114259],[112.8811174,23.108755],[112.8823717,23.1081239],[112.8838116,23.1074176],[112.8855447,23.1065895],[112.886782,23.1060122],[112.8882686,23.1053058],[112.8929931,23.1030483],[112.8942514,23.1024374],[112.8956187,23.101774],[112.8973751,23.1009149]]},"properties":{"key":"way:881587377@detail:451_92","osmType":"way","osmId":881587377,"sourceRegion":"guangzhou","featureType":"infrastructure","railClass":"highspeed","mode":"rail","name":"贵广客专线","nameEn":"Guiguang Passenger Line","ref":"3044","usage":"main","highspeed":"yes","bridge":"yes","status":"operational","color":"#E54848","sourceKey":"way:881587377"}},{"type":"Feature","geometry":{"type":"LineString","coordinates":[[112.8972744,23.1007612],[112.8948142,23.1019631],[112.8935871,23.1025487],[112.8927388,23.1029619],[112.8911238,23.1037342],[112.8887282,23.1048401],[112.8864053,23.1058988],[112.8851604,23.1064345],[112.884286,23.1068429],[112.8830772,23.1074181],[112.8808836,23.1085065]]},"properties":{"key":"way:881587378@detail:451_92","osmType":"way","osmId":881587378,"sourceRegion":"guangzhou","featureType":"infrastructure","railClass":"highspeed","mode":"rail","name":"南广线","nameEn":"Nanguang Line","ref":"3029","usage":"main","highspeed":"yes","bridge":"yes","status":"operational","color":"#E54848","sourceKey":"way:881587378"}},{"type":"Feature","geometry":{"type":"LineString","coordinates":[[112.8809123,23.1085687],[112.8821382,23.1079407],[112.883374,23.1073533],[112.8843932,23.1068739],[112.8851355,23.1065458],[112.8857845,23.1062767],[112.8901787,23.1043861],[112.8913417,23.1038927],[112.8925813,23.1033408],[112.8934491,23.1029601],[112.8974359,23.1010511]]},"properties":{"key":"way:881587379@detail:451_92","osmType":"way","osmId":881587379,"sourceRegion":"guangzhou","featureType":"infrastructure","railClass":"highspeed","mode":"rail","name":"南广线","nameEn":"Nanguang Line","ref":"3029","usage":"main","highspeed":"yes","bridge":"yes","status":"operational","color":"#E54848","sourceKey":"way:881587379"}},{"type":"Feature","geometry":{"type":"LineString","coordinates":[[112.90253,23.0690173],[112.9026518,23.0681632],[112.9026794,23.0672822],[112.9026495,23.0664747],[112.9025042,23.0656999]]},"properties":{"key":"way:904648393@detail:451_92","osmType":"way","osmId":904648393,"sourceRegion":"guangzhou","featureType":"infrastructure","railClass":"national","mode":"rail","name":"广珠线","nameEn":"Guangzhu Line","ref":"0710","usage":"main","bridge":"yes","status":"operational","color":"#E54848","sourceKey":"way:904648393"}},{"type":"Feature","geometry":{"type":"LineString","coordinates":[[112.8962024,23.090495],[112.9000979,23.0795511],[112.9008271,23.0774293],[112.9013801,23.0757069],[112.9016778,23.0745078],[112.9019217,23.073197],[112.9021367,23.0716084],[112.9023781,23.0700092],[112.90253,23.0690173]]},"properties":{"key":"way:904648394@detail:451_92","osmType":"way","osmId":904648394,"sourceRegion":"guangzhou","featureType":"infrastructure","railClass":"national","mode":"rail","name":"广珠线","nameEn":"Guangzhu Line","ref":"0710","usage":"main","bridge":"yes","status":"operational","color":"#E54848","sourceKey":"way:904648394"}},{"type":"Feature","geometry":{"type":"LineString","coordinates":[[112.8955071,23.0921112],[112.8962024,23.090495]]},"properties":{"key":"way:904648395@detail:451_92","osmType":"way","osmId":904648395,"sourceRegion":"guangzhou","featureType":"infrastructure","railClass":"national","mode":"rail","name":"广珠线","nameEn":"Guangzhu Line","ref":"0710","usage":"main","bridge":"yes","status":"operational","color":"#E54848","sourceKey":"way:904648395"}},{"type":"Feature","geometry":{"type":"LineString","coordinates":[[112.8930781,23.0980791],[112.8940931,23.095525],[112.8947913,23.0938566],[112.8951848,23.0929115],[112.8955071,23.0921112]]},"properties":{"key":"way:904648396@detail:451_92","osmType":"way","osmId":904648396,"sourceRegion":"guangzhou","featureType":"infrastructure","railClass":"national","mode":"rail","name":"广珠线","nameEn":"Guangzhu Line","ref":"0710","usage":"main","bridge":"yes","status":"operational","color":"#E54848","sourceKey":"way:904648396"}},{"type":"Feature","geometry":{"type":"LineString","coordinates":[[112.8919098,23.1023406],[112.8919451,23.1019181],[112.89201,23.1014635],[112.8921096,23.1009257],[112.8923563,23.100013],[112.8926686,23.0990914],[112.8930781,23.0980791]]},"properties":{"key":"way:904648397@detail:451_92","osmType":"way","osmId":904648397,"sourceRegion":"guangzhou","featureType":"infrastructure","railClass":"national","mode":"rail","name":"广珠线","nameEn":"Guangzhu Line","ref":"0710","usage":"main","bridge":"yes","status":"operational","color":"#E54848","sourceKey":"way:904648397"}},{"type":"Feature","geometry":{"type":"LineString","coordinates":[[112.8924802,23.1078718],[112.8922569,23.1071051],[112.8921702,23.1067232],[112.8920974,23.106373],[112.8920279,23.106],[112.8919596,23.105533],[112.8918953,23.1049967],[112.891856,23.104552],[112.8918309,23.1041424],[112.891819,23.1039002],[112.8918239,23.1036339],[112.8918415,23.1031972],[112.8919098,23.1023406]]},"properties":{"key":"way:904648398@detail:451_92","osmType":"way","osmId":904648398,"sourceRegion":"guangzhou","featureType":"infrastructure","railClass":"national","mode":"rail","name":"广珠线","nameEn":"Guangzhu Line","ref":"0710","usage":"main","bridge":"yes","status":"operational","color":"#E54848","sourceKey":"way:904648398"}},{"type":"Feature","geometry":{"type":"LineString","coordinates":[[112.8928595,23.1089402],[112.8924802,23.1078718]]},"properties":{"key":"way:904648399@detail:451_92","osmType":"way","osmId":904648399,"sourceRegion":"guangzhou","featureType":"infrastructure","railClass":"national","mode":"rail","name":"广珠线","nameEn":"Guangzhu Line","ref":"0710","usage":"main","bridge":"yes","status":"operational","color":"#E54848","sourceKey":"way:904648399"}},{"type":"Feature","geometry":{"type":"LineString","coordinates":[[112.9086196,23.1244145],[112.9077303,23.1235685],[112.9071505,23.1230773],[112.9054991,23.121682],[112.9030038,23.1195772],[112.8997639,23.1168121],[112.8988364,23.116031],[112.8979959,23.1153287],[112.8972182,23.1146544],[112.8966977,23.1142107],[112.8963159,23.1138746],[112.8957837,23.1133615],[112.8951449,23.1126644],[112.8949363,23.1123994],[112.894571,23.1119305],[112.8943401,23.1115844],[112.8941151,23.1112629],[112.8937273,23.1106686],[112.8934078,23.1101167],[112.8932837,23.1098458],[112.8928595,23.1089402]]},"properties":{"key":"way:904648400@detail:451_92","osmType":"way","osmId":904648400,"sourceRegion":"guangzhou","featureType":"infrastructure","railClass":"national","mode":"rail","name":"广珠线","nameEn":"Guangzhu Line","ref":"0710","usage":"main","bridge":"yes","status":"operational","color":"#E54848","sourceKey":"way:904648400"}},{"type":"Feature","geometry":{"type":"LineString","coordinates":[[112.9091215,23.1249628],[112.9086196,23.1244145]]},"properties":{"key":"way:904648401@detail:451_92","osmType":"way","osmId":904648401,"sourceRegion":"guangzhou","featureType":"infrastructure","railClass":"national","mode":"rail","name":"广珠线","nameEn":"Guangzhu Line","ref":"0710","usage":"main","bridge":"yes","status":"operational","color":"#E54848","sourceKey":"way:904648401"}},{"type":"Feature","geometry":{"type":"LineString","coordinates":[[112.9146675,23.1371196],[112.9130487,23.1326287],[112.911173,23.1279915],[112.9108115,23.1273568],[112.9105341,23.1268728],[112.9102839,23.1264735],[112.9099215,23.1259534],[112.9091215,23.1249628]]},"properties":{"key":"way:904648402@detail:451_92","osmType":"way","osmId":904648402,"sourceRegion":"guangzhou","featureType":"infrastructure","railClass":"national","mode":"rail","name":"广珠线","nameEn":"Guangzhu Line","ref":"0710","usage":"main","bridge":"yes","status":"operational","color":"#E54848","sourceKey":"way:904648402"}},{"type":"Feature","geometry":{"type":"LineString","coordinates":[[112.9156555,23.1480771],[112.9158051,23.1469454],[112.9160285,23.1453347],[112.9161145,23.1433961],[112.9158866,23.1411331],[112.9153832,23.1390442],[112.9146675,23.1371196]]},"properties":{"key":"way:904648404@detail:451_92","osmType":"way","osmId":904648404,"sourceRegion":"guangzhou","featureType":"infrastructure","railClass":"national","mode":"rail","name":"广珠线","nameEn":"Guangzhu Line","ref":"0710","usage":"main","bridge":"yes","status":"operational","color":"#E54848","sourceKey":"way:904648404"}},{"type":"Feature","geometry":{"type":"LineString","coordinates":[[112.9153492,23.1521599],[112.9154053,23.1501161],[112.9154508,23.1495847],[112.9155039,23.1491931],[112.9156555,23.1480771]]},"properties":{"key":"way:904648406@detail:451_92","osmType":"way","osmId":904648406,"sourceRegion":"guangzhou","featureType":"infrastructure","railClass":"national","mode":"rail","name":"广珠线","nameEn":"Guangzhu Line","ref":"0710","usage":"main","bridge":"yes","status":"operational","color":"#E54848","sourceKey":"way:904648406"}},{"type":"Feature","geometry":{"type":"LineString","coordinates":[[112.9153966,23.1533579],[112.9153492,23.1521599]]},"properties":{"key":"way:904648407@detail:451_92","osmType":"way","osmId":904648407,"sourceRegion":"guangzhou","featureType":"infrastructure","railClass":"national","mode":"rail","name":"广珠线","nameEn":"Guangzhu Line","ref":"0710","usage":"main","bridge":"yes","status":"operational","color":"#E54848","sourceKey":"way:904648407"}},{"type":"Feature","geometry":{"type":"LineString","coordinates":[[112.9233022,23.1741947],[112.9169993,23.1599742],[112.916643,23.1590809],[112.9164083,23.158407],[112.9161986,23.1576696],[112.9156555,23.1554726],[112.9153966,23.1533579]]},"properties":{"key":"way:904648408@detail:451_92","osmType":"way","osmId":904648408,"sourceRegion":"guangzhou","featureType":"infrastructure","railClass":"national","mode":"rail","name":"广珠线","nameEn":"Guangzhu Line","ref":"0710","usage":"main","bridge":"yes","status":"operational","color":"#E54848","sourceKey":"way:904648408"}},{"type":"Feature","geometry":{"type":"LineString","coordinates":[[112.9276699,23.180982],[112.9272829,23.180605]]},"properties":{"key":"way:904648413@detail:451_92","osmType":"way","osmId":904648413,"sourceRegion":"guangzhou","featureType":"infrastructure","railClass":"national","mode":"rail","name":"广珠线","nameEn":"Guangzhu Line","ref":"0710","usage":"main","bridge":"yes","status":"operational","color":"#E54848","sourceKey":"way:904648413"}},{"type":"Feature","geometry":{"type":"LineString","coordinates":[[112.9325334,23.1855621],[112.929051,23.1822828],[112.9276699,23.180982]]},"properties":{"key":"way:904648414@detail:451_92","osmType":"way","osmId":904648414,"sourceRegion":"guangzhou","featureType":"infrastructure","railClass":"national","mode":"rail","name":"广珠线","nameEn":"Guangzhu Line","ref":"0710","usage":"main","status":"operational","color":"#E54848","sourceKey":"way:904648414"}},{"type":"Feature","geometry":{"type":"LineString","coordinates":[[112.9397116,23.2071547],[112.9394296,23.2067984],[112.9390648,23.2062943],[112.9388234,23.2059214],[112.9385912,23.2055493],[112.9383254,23.2050815],[112.9380984,23.2046248],[112.9379179,23.2042109],[112.9377672,23.2038481],[112.9376347,23.2034966],[112.9375129,23.2031494],[112.9373218,23.2024642],[112.9371991,23.2020078],[112.937114,23.2015849],[112.9370411,23.2011288],[112.9369975,23.2006624],[112.9369701,23.2003705],[112.9369398,23.1999256],[112.9369406,23.1995487],[112.9369491,23.1991668],[112.9369583,23.1987832],[112.9369835,23.1982519],[112.9370345,23.1975764],[112.9371303,23.1963997],[112.9371554,23.1960301],[112.9371794,23.1957168],[112.9371925,23.1954304],[112.9371853,23.1950245],[112.9371687,23.194608],[112.9371478,23.1941782],[112.9370891,23.1936861],[112.9370071,23.1930613],[112.9369308,23.1926787],[112.9368387,23.1923071],[112.9367293,23.1918955],[112.9366344,23.1914605]]},"properties":{"key":"way:904648415@detail:451_92","osmType":"way","osmId":904648415,"sourceRegion":"guangzhou","featureType":"infrastructure","railClass":"national","mode":"rail","name":"广珠线","nameEn":"Guangzhu Line","ref":"0710","usage":"main","bridge":"yes","status":"operational","color":"#E54848","sourceKey":"way:904648415"}},{"type":"Feature","geometry":{"type":"LineString","coordinates":[[112.9435221,23.2110955],[112.9427397,23.2103065],[112.9420332,23.2095862],[112.9411502,23.2087063],[112.9405665,23.2081121],[112.9400954,23.2076016],[112.9397116,23.2071547]]},"properties":{"key":"way:904648416@detail:451_92","osmType":"way","osmId":904648416,"sourceRegion":"guangzhou","featureType":"infrastructure","railClass":"national","mode":"rail","name":"广珠线","nameEn":"Guangzhu Line","ref":"0710","usage":"main","status":"operational","color":"#E54848","sourceKey":"way:904648416"}},{"type":"Feature","geometry":{"type":"LineString","coordinates":[[112.9449252,23.2125209],[112.9443165,23.2119091],[112.9435221,23.2110955]]},"properties":{"key":"way:904648417@detail:451_92","osmType":"way","osmId":904648417,"sourceRegion":"guangzhou","featureType":"infrastructure","railClass":"national","mode":"rail","name":"广珠线","nameEn":"Guangzhu Line","ref":"0710","usage":"main","bridge":"yes","status":"operational","color":"#E54848","sourceKey":"way:904648417"}},{"type":"Feature","geometry":{"type":"LineString","coordinates":[[112.9478439,23.2154832],[112.9475222,23.2151477],[112.9465582,23.2141791],[112.9457594,23.213356],[112.9449252,23.2125209]]},"properties":{"key":"way:904648418@detail:451_92","osmType":"way","osmId":904648418,"sourceRegion":"guangzhou","featureType":"infrastructure","railClass":"national","mode":"rail","name":"广珠线","nameEn":"Guangzhu Line","ref":"0710","usage":"main","status":"operational","color":"#E54848","sourceKey":"way:904648418"}},{"type":"Feature","geometry":{"type":"LineString","coordinates":[[112.9571569,23.2217906],[112.9564789,23.2215398],[112.9558924,23.2212977],[112.9552977,23.2210361],[112.9547183,23.2207634],[112.9541059,23.2204537],[112.9536766,23.2202192],[112.9530404,23.2198347],[112.9524691,23.2194775],[112.9519085,23.219118],[112.9514784,23.2187883]]},"properties":{"key":"way:904648419@detail:451_92","osmType":"way","osmId":904648419,"sourceRegion":"guangzhou","featureType":"infrastructure","railClass":"national","mode":"rail","name":"广珠线","nameEn":"Guangzhu Line","ref":"0710","usage":"main","bridge":"yes","status":"operational","color":"#E54848","sourceKey":"way:904648419"}},{"type":"Feature","geometry":{"type":"LineString","coordinates":[[112.9746455,23.2234884],[112.9650129,23.2231388],[112.9641499,23.2231052],[112.9633408,23.2230598],[112.9626004,23.2230073],[112.9621258,23.222962],[112.961549,23.2228859],[112.9609941,23.2227939],[112.9604779,23.2226897],[112.9597999,23.222552],[112.9591024,23.2223775],[112.9584854,23.222209],[112.9577252,23.221985],[112.9571569,23.2217906]]},"properties":{"key":"way:904648420@detail:451_92","osmType":"way","osmId":904648420,"sourceRegion":"guangzhou","featureType":"infrastructure","railClass":"national","mode":"rail","name":"广珠线","nameEn":"Guangzhu Line","ref":"0710","usage":"main","bridge":"yes","status":"operational","color":"#E54848","sourceKey":"way:904648420"}},{"type":"Feature","geometry":{"type":"LineString","coordinates":[[112.9807606,23.2237158],[112.9801447,23.2236804],[112.9746455,23.2234884]]},"properties":{"key":"way:904648421@detail:451_92","osmType":"way","osmId":904648421,"sourceRegion":"guangzhou","featureType":"infrastructure","railClass":"national","mode":"rail","name":"广珠线","nameEn":"Guangzhu Line","ref":"0710","usage":"main","status":"operational","color":"#E54848","sourceKey":"way:904648421"}},{"type":"Feature","geometry":{"type":"LineString","coordinates":[[112.9817345,23.2237497],[112.9807606,23.2237158]]},"properties":{"key":"way:904648422@detail:451_92","osmType":"way","osmId":904648422,"sourceRegion":"guangzhou","featureType":"infrastructure","railClass":"national","mode":"rail","name":"广珠线","nameEn":"Guangzhu Line","ref":"0710","usage":"main","bridge":"yes","status":"operational","color":"#E54848","sourceKey":"way:904648422"}},{"type":"Feature","geometry":{"type":"LineString","coordinates":[[112.98475,23.22386],[112.9817345,23.2237497]]},"properties":{"key":"way:904648423@detail:451_92","osmType":"way","osmId":904648423,"sourceRegion":"guangzhou","featureType":"infrastructure","railClass":"national","mode":"rail","name":"广珠线","nameEn":"Guangzhu Line","ref":"0710","usage":"main","status":"operational","color":"#E54848","sourceKey":"way:904648423"}},{"type":"Feature","geometry":{"type":"LineString","coordinates":[[112.9848839,23.2238649],[112.98475,23.22386]]},"properties":{"key":"way:904648424@detail:451_92","osmType":"way","osmId":904648424,"sourceRegion":"guangzhou","featureType":"infrastructure","railClass":"national","mode":"rail","name":"广珠线","nameEn":"Guangzhu Line","ref":"0710","usage":"main","bridge":"yes","status":"operational","color":"#E54848","sourceKey":"way:904648424"}},{"type":"Feature","geometry":{"type":"LineString","coordinates":[[112.9902012,23.2239003],[112.9897702,23.2239454],[112.9893678,23.2239754],[112.9890155,23.2239896],[112.9886115,23.2239904],[112.9883123,23.2239827],[112.9870888,23.2239415],[112.9859598,23.2239043],[112.9848839,23.2238649]]},"properties":{"key":"way:904648425@detail:451_92","osmType":"way","osmId":904648425,"sourceRegion":"guangzhou","featureType":"infrastructure","railClass":"national","mode":"rail","name":"广珠线","nameEn":"Guangzhu Line","ref":"0710","usage":"main","status":"operational","color":"#E54848","sourceKey":"way:904648425"}},{"type":"Feature","geometry":{"type":"LineString","coordinates":[[113.0,23.21812308099505],[112.9999453,23.2181613],[112.9995873,23.2184419],[112.999167,23.2187963],[112.9987068,23.2192045],[112.9971193,23.2207172],[112.9967125,23.2210849],[112.9962772,23.2214315],[112.9958694,23.2217417],[112.9953642,23.2220815],[112.994828,23.2224043],[112.9943038,23.2226728],[112.9938503,23.2229005],[112.9932444,23.2231509],[112.9927228,23.2233371],[112.9920914,23.223536],[112.9915904,23.2236601],[112.9911464,23.2237474],[112.9903692,23.2238828],[112.9902012,23.2239003]]},"properties":{"key":"way:904648428@detail:451_92","osmType":"way","osmId":904648428,"sourceRegion":"guangzhou","featureType":"infrastructure","railClass":"national","mode":"rail","name":"广珠线","nameEn":"Guangzhu Line","ref":"0710","usage":"main","bridge":"yes","status":"operational","color":"#E54848","sourceKey":"way:904648428"}},{"type":"Feature","geometry":{"type":"LineString","coordinates":[[112.8529343,23.1763928],[112.8644118,23.1763414],[112.869265,23.1754652],[112.873766,23.1750179],[112.874796,23.1747306],[112.8827653,23.1712733],[112.8929779,23.1670114],[112.894082,23.1664176],[112.8946604,23.1659971],[112.8952619,23.1654373],[112.8960337,23.1645076],[112.8962885,23.1641239],[112.8966395,23.1633555],[112.8969587,23.1624547],[112.8980712,23.1582915],[112.8981555,23.1579796],[112.8982661,23.1577406],[112.8985045,23.1574523],[112.8987957,23.1572247],[112.9082809,23.1526406],[112.9086199,23.1525416],[112.9089589,23.1524713],[112.9091844,23.1524139],[112.909469,23.152382],[112.9098141,23.1523869],[112.9106394,23.1524693],[112.9144567,23.1529364],[112.9152246,23.1529157],[112.9236779,23.152066]]},"properties":{"key":"way:911862361@detail:451_92","osmType":"way","osmId":911862361,"sourceRegion":"guangzhou","featureType":"infrastructure","railClass":"construction","mode":"construction","name":"佛山地铁4号线","nameEn":"Foshan Metro Line 4","tunnel":"yes","status":"construction","color":"#52636f","sourceKey":"way:911862361"}},{"type":"Feature","geometry":{"type":"LineString","coordinates":[[112.8607809,23.1181227],[112.8619699,23.1175681]]},"properties":{"key":"way:1050536571@detail:451_92","osmType":"way","osmId":1050536571,"sourceRegion":"guangzhou","featureType":"infrastructure","railClass":"minor","mode":"rail","name":"未命名","service":"yard","status":"operational","color":"#52636f","sourceKey":"way:1050536571"}},{"type":"Feature","geometry":{"type":"LineString","coordinates":[[112.8150067,23.2274566],[112.816009,23.2271475]]},"properties":{"key":"way:1058230235@detail:451_92","osmType":"way","osmId":1058230235,"sourceRegion":"guangzhou","featureType":"infrastructure","railClass":"national","mode":"rail","name":"广茂线","nameEn":"Guangmao Line","ref":"0708","operator":"中国铁路广州局集团有限公司","usage":"main","status":"operational","color":"#E54848","sourceKey":"way:1058230235"}},{"type":"Feature","geometry":{"type":"LineString","coordinates":[[112.820039,23.2261812],[112.8203253,23.2261469]]},"properties":{"key":"way:1058230236@detail:451_92","osmType":"way","osmId":1058230236,"sourceRegion":"guangzhou","featureType":"infrastructure","railClass":"national","mode":"rail","name":"广茂线","nameEn":"Guangmao Line","ref":"0708","operator":"中国铁路广州局集团有限公司","usage":"main","bridge":"yes","status":"operational","color":"#E54848","sourceKey":"way:1058230236"}},{"type":"Feature","geometry":{"type":"LineString","coordinates":[[112.8203253,23.2261469],[112.8227611,23.2257066],[112.8243681,23.2253066],[112.8250291,23.2250706],[112.825879,23.2247418],[112.826512,23.2243896]]},"properties":{"key":"way:1058230237@detail:451_92","osmType":"way","osmId":1058230237,"sourceRegion":"guangzhou","featureType":"infrastructure","railClass":"national","mode":"rail","name":"广茂线","nameEn":"Guangmao Line","ref":"0708","operator":"中国铁路广州局集团有限公司","usage":"main","status":"operational","color":"#E54848","sourceKey":"way:1058230237"}},{"type":"Feature","geometry":{"type":"LineString","coordinates":[[112.826512,23.2243896],[112.8281166,23.2233533]]},"properties":{"key":"way:1058230238@detail:451_92","osmType":"way","osmId":1058230238,"sourceRegion":"guangzhou","featureType":"infrastructure","railClass":"national","mode":"rail","name":"广茂线","nameEn":"Guangmao Line","ref":"0708","operator":"中国铁路广州局集团有限公司","usage":"main","bridge":"yes","status":"operational","color":"#E54848","sourceKey":"way:1058230238"}},{"type":"Feature","geometry":{"type":"LineString","coordinates":[[112.9274222,23.1396417],[112.9269538,23.1401161],[112.9268294,23.1402612],[112.9261147,23.1410988],[112.9258052,23.1414252],[112.92544,23.1418032],[112.9251428,23.1420566],[112.9248876,23.1422584],[112.9243587,23.1426178],[112.9239001,23.1429098],[112.9232229,23.143321],[112.9226312,23.1436489],[112.9205739,23.1447831],[112.920428,23.144869],[112.919909,23.1452099]]},"properties":{"key":"way:1069965676@detail:451_92","osmType":"way","osmId":1069965676,"sourceRegion":"guangzhou","featureType":"infrastructure","railClass":"national","mode":"rail","name":"未命名","usage":"main","service":"siding","status":"operational","color":"#E54848","sourceKey":"way:1069965676"}},{"type":"Feature","geometry":{"type":"LineString","coordinates":[[112.9234329,23.1741287],[112.9181832,23.1623512],[112.9179541,23.1617897],[112.9177983,23.1613104],[112.9176749,23.1607802],[112.9175896,23.160284],[112.9175654,23.1597428],[112.9175697,23.1591867],[112.9176036,23.1586473],[112.9176849,23.1581694],[112.9178313,23.1575719],[112.9180077,23.1570874],[112.9182525,23.1565336],[112.9185019,23.1560623],[112.9187601,23.1556457],[112.9193071,23.1548502],[112.9195606,23.1544469],[112.9197555,23.1540474],[112.919894,23.1536583],[112.919997,23.1532148],[112.9200227,23.1527974],[112.920005,23.1523816],[112.9199208,23.1519011],[112.9197105,23.1510966],[112.9195595,23.1506319],[112.9194014,23.150224],[112.9191823,23.149831],[112.9189079,23.1494563],[112.9185684,23.1491002],[112.9181792,23.1487823],[112.9177322,23.1485165]]},"properties":{"key":"way:1069965677@detail:451_92","osmType":"way","osmId":1069965677,"sourceRegion":"guangzhou","featureType":"infrastructure","railClass":"national","mode":"rail","name":"沙狮联络线","usage":"main","bridge":"yes","status":"operational","color":"#E54848","sourceKey":"way:1069965677"}},{"type":"Feature","geometry":{"type":"LineString","coordinates":[[112.9231385,23.1742312],[112.918297,23.1633087],[112.9179191,23.1625118],[112.9166044,23.1598305],[112.916358,23.1592486],[112.9161493,23.1586307],[112.9159855,23.1580343],[112.9158619,23.1574742],[112.9155941,23.1559971],[112.9155058,23.1555838],[112.9153932,23.1551804],[112.9152282,23.154726],[112.9150213,23.1543174],[112.9147878,23.1539458],[112.9145204,23.1535806],[112.9142396,23.1532579],[112.9139557,23.1529919],[112.9136226,23.1527186],[112.913281,23.1524864],[112.9129294,23.1522721],[112.9125569,23.1520827],[112.9121049,23.1519039],[112.9116591,23.1517732],[112.911225,23.1516763],[112.9107262,23.1516134]]},"properties":{"key":"way:1069965678@detail:451_92","osmType":"way","osmId":1069965678,"sourceRegion":"guangzhou","featureType":"infrastructure","railClass":"national","mode":"rail","name":"沙狮联络线","usage":"main","bridge":"yes","status":"operational","color":"#E54848","sourceKey":"way:1069965678"}},{"type":"Feature","geometry":{"type":"LineString","coordinates":[[112.9349117,23.1881208],[112.9352275,23.1885724],[112.9357256,23.1893725],[112.9359558,23.1898366],[112.9363019,23.1905983],[112.93649,23.1911422],[112.9365821,23.1914773]]},"properties":{"key":"way:1072462252@detail:451_92","osmType":"way","osmId":1072462252,"sourceRegion":"guangzhou","featureType":"infrastructure","railClass":"national","mode":"rail","name":"广珠线","nameEn":"Guangzhu Line","ref":"0710","usage":"main","status":"operational","color":"#E54848","sourceKey":"way:1072462252"}},{"type":"Feature","geometry":{"type":"LineString","coordinates":[[112.9366344,23.1914605],[112.9365198,23.1910683],[112.9363469,23.1905924],[112.9360006,23.1898182],[112.9357528,23.1893467],[112.9355438,23.1889949],[112.9352732,23.1885732],[112.9349445,23.1880945]]},"properties":{"key":"way:1072462253@detail:451_92","osmType":"way","osmId":1072462253,"sourceRegion":"guangzhou","featureType":"infrastructure","railClass":"national","mode":"rail","name":"广珠线","nameEn":"Guangzhu Line","ref":"0710","usage":"main","status":"operational","color":"#E54848","sourceKey":"way:1072462253"}},{"type":"Feature","geometry":{"type":"LineString","coordinates":[[112.9324988,23.1855943],[112.9335408,23.1864746],[112.9342918,23.1872833],[112.9349117,23.1881208]]},"properties":{"key":"way:1072462254@detail:451_92","osmType":"way","osmId":1072462254,"sourceRegion":"guangzhou","featureType":"infrastructure","railClass":"national","mode":"rail","name":"广珠线","nameEn":"Guangzhu Line","ref":"0710","usage":"main","bridge":"yes","status":"operational","color":"#E54848","sourceKey":"way:1072462254"}},{"type":"Feature","geometry":{"type":"LineString","coordinates":[[112.9349445,23.1880945],[112.9343311,23.1872564],[112.933577,23.1864443],[112.9325334,23.1855621]]},"properties":{"key":"way:1072462255@detail:451_92","osmType":"way","osmId":1072462255,"sourceRegion":"guangzhou","featureType":"infrastructure","railClass":"national","mode":"rail","name":"广珠线","nameEn":"Guangzhu Line","ref":"0710","usage":"main","bridge":"yes","status":"operational","color":"#E54848","sourceKey":"way:1072462255"}},{"type":"Feature","geometry":{"type":"LineString","coordinates":[[112.9232525,23.174213],[112.9241702,23.1762698],[112.9244382,23.1768371],[112.9247246,23.1773704],[112.9250723,23.1779549],[112.9254379,23.1785096],[112.9258312,23.1790473],[112.9262586,23.1795764],[112.9266967,23.1800722],[112.9272499,23.1806348]]},"properties":{"key":"way:1072462256@detail:451_92","osmType":"way","osmId":1072462256,"sourceRegion":"guangzhou","featureType":"infrastructure","railClass":"national","mode":"rail","name":"广珠线","nameEn":"Guangzhu Line","ref":"0710","usage":"main","status":"operational","color":"#E54848","sourceKey":"way:1072462256"}},{"type":"Feature","geometry":{"type":"LineString","coordinates":[[112.9272829,23.180605],[112.9267378,23.1800467],[112.9262999,23.1795519],[112.9258649,23.1790157],[112.9254705,23.1784771],[112.9251069,23.1779246],[112.9247648,23.1773465],[112.9244804,23.1768201],[112.9242149,23.176251],[112.9233022,23.1741947]]},"properties":{"key":"way:1072462257@detail:451_92","osmType":"way","osmId":1072462257,"sourceRegion":"guangzhou","featureType":"infrastructure","railClass":"national","mode":"rail","name":"广珠线","nameEn":"Guangzhu Line","ref":"0710","usage":"main","status":"operational","color":"#E54848","sourceKey":"way:1072462257"}},{"type":"Feature","geometry":{"type":"LineString","coordinates":[[112.8989492,23.1162487],[112.9000198,23.1171445]]},"properties":{"key":"way:1072640617@detail:451_92","osmType":"way","osmId":1072640617,"sourceRegion":"guangzhou","featureType":"infrastructure","railClass":"national","mode":"rail","name":"未命名","usage":"main","bridge":"yes","status":"operational","color":"#E54848","sourceKey":"way:1072640617"}},{"type":"Feature","geometry":{"type":"LineString","coordinates":[[112.9016783,23.0638448],[112.9018345,23.0640917],[112.902204,23.0648475],[112.9024565,23.0657096]]},"properties":{"key":"way:1072640618@detail:451_92","osmType":"way","osmId":1072640618,"sourceRegion":"guangzhou","featureType":"infrastructure","railClass":"national","mode":"rail","name":"广珠线","nameEn":"Guangzhu Line","ref":"0710","usage":"main","bridge":"yes","status":"operational","color":"#E54848","sourceKey":"way:1072640618"}},{"type":"Feature","geometry":{"type":"LineString","coordinates":[[112.9025042,23.0656999],[112.9022501,23.0648323],[112.901878,23.0640711],[112.901724,23.0638275]]},"properties":{"key":"way:1072640619@detail:451_92","osmType":"way","osmId":1072640619,"sourceRegion":"guangzhou","featureType":"infrastructure","railClass":"national","mode":"rail","name":"广珠线","nameEn":"Guangzhu Line","ref":"0710","usage":"main","bridge":"yes","status":"operational","color":"#E54848","sourceKey":"way:1072640619"}},{"type":"Feature","geometry":{"type":"LineString","coordinates":[[112.901724,23.0638275],[112.9014303,23.0633631],[112.900671,23.0622762],[112.8999162,23.0612095],[112.8996694,23.0608243],[112.8994212,23.0603879],[112.8993066,23.0601469],[112.8992101,23.0599292],[112.8990115,23.0594704],[112.8989159,23.0591948],[112.8988028,23.0587839],[112.8986505,23.0579057],[112.8983897,23.0561528],[112.89832,23.0558437]]},"properties":{"key":"way:1072640620@detail:451_92","osmType":"way","osmId":1072640620,"sourceRegion":"guangzhou","featureType":"infrastructure","railClass":"national","mode":"rail","name":"广珠线","nameEn":"Guangzhu Line","ref":"0710","usage":"main","status":"operational","color":"#E54848","sourceKey":"way:1072640620"}},{"type":"Feature","geometry":{"type":"LineString","coordinates":[[112.8982768,23.0558563],[112.8983416,23.0561606],[112.8986051,23.0579111],[112.8987612,23.0587797],[112.8988708,23.0591987],[112.898966,23.0594688],[112.8991731,23.0599419],[112.8992741,23.0601808],[112.8993777,23.0603961],[112.8996269,23.0608386],[112.8998755,23.0612275],[112.9006294,23.0622998],[112.9013886,23.0633866],[112.9016783,23.0638448]]},"properties":{"key":"way:1072640621@detail:451_92","osmType":"way","osmId":1072640621,"sourceRegion":"guangzhou","featureType":"infrastructure","railClass":"national","mode":"rail","name":"广珠线","nameEn":"Guangzhu Line","ref":"0710","usage":"main","status":"operational","color":"#E54848","sourceKey":"way:1072640621"}},{"type":"Feature","geometry":{"type":"LineString","coordinates":[[112.8928196,23.0472417],[112.8931752,23.0479641],[112.8936347,23.0486836],[112.8944409,23.0497389],[112.8950371,23.0504348],[112.8962096,23.0517536],[112.896827,23.0525251],[112.8973262,23.0532917],[112.8976585,23.0539798],[112.8978828,23.0544921],[112.8980815,23.0550634],[112.8982768,23.0558563]]},"properties":{"key":"way:1072640622@detail:451_92","osmType":"way","osmId":1072640622,"sourceRegion":"guangzhou","featureType":"infrastructure","railClass":"national","mode":"rail","name":"广珠线","nameEn":"Guangzhu Line","ref":"0710","usage":"main","bridge":"yes","status":"operational","color":"#E54848","sourceKey":"way:1072640622"}},{"type":"Feature","geometry":{"type":"LineString","coordinates":[[112.89832,23.0558437],[112.8981287,23.0550517],[112.8979288,23.0544768],[112.8977035,23.0539623],[112.8973696,23.0532709],[112.8968677,23.0525002],[112.8962482,23.051726],[112.8950752,23.0504067],[112.8944801,23.049712],[112.8936758,23.0486593],[112.8932186,23.0479434],[112.892862,23.0472189]]},"properties":{"key":"way:1072640623@detail:451_92","osmType":"way","osmId":1072640623,"sourceRegion":"guangzhou","featureType":"infrastructure","railClass":"national","mode":"rail","name":"广珠线","nameEn":"Guangzhu Line","ref":"0710","usage":"main","bridge":"yes","status":"operational","color":"#E54848","sourceKey":"way:1072640623"}},{"type":"Feature","geometry":{"type":"LineString","coordinates":[[112.892862,23.0472189],[112.8927646,23.047021],[112.8926465,23.0467927],[112.8924916,23.0463953],[112.8923267,23.0458589],[112.8922013,23.0453655],[112.8918772,23.0437375],[112.8917395,23.042918],[112.8915692,23.0416168],[112.8914983,23.0407703],[112.8914837,23.0400092]]},"properties":{"key":"way:1072640624@detail:451_92","osmType":"way","osmId":1072640624,"sourceRegion":"guangzhou","featureType":"infrastructure","railClass":"national","mode":"rail","name":"广珠线","nameEn":"Guangzhu Line","ref":"0710","usage":"main","status":"operational","color":"#E54848","sourceKey":"way:1072640624"}},{"type":"Feature","geometry":{"type":"LineString","coordinates":[[112.8914348,23.0400074],[112.8914495,23.0407724],[112.8915206,23.0416212],[112.8916911,23.0429241],[112.891829,23.0437446],[112.8921581,23.0453656],[112.8922925,23.045873],[112.8924515,23.0464001],[112.8926094,23.0468106],[112.8927197,23.0470387],[112.8928196,23.0472417]]},"properties":{"key":"way:1072640625@detail:451_92","osmType":"way","osmId":1072640625,"sourceRegion":"guangzhou","featureType":"infrastructure","railClass":"national","mode":"rail","name":"广珠线","nameEn":"Guangzhu Line","ref":"0710","usage":"main","status":"operational","color":"#E54848","sourceKey":"way:1072640625"}},{"type":"Feature","geometry":{"type":"LineString","coordinates":[[112.8929984,23.0257124],[112.8929478,23.0260517],[112.8929262,23.0262219],[112.8928725,23.0266571],[112.8928059,23.0272532],[112.8927101,23.0279717],[112.8926392,23.0285529],[112.8923652,23.0311624],[112.891811,23.0357287],[112.8916245,23.0373625],[112.8915527,23.0379351],[112.8914731,23.0387151],[112.8914353,23.0392778],[112.8914312,23.0398194],[112.8914348,23.0400074]]},"properties":{"key":"way:1073234866@detail:451_92","osmType":"way","osmId":1073234866,"sourceRegion":"guangzhou","featureType":"infrastructure","railClass":"national","mode":"rail","name":"广珠线","nameEn":"Guangzhu Line","ref":"0710","usage":"main","bridge":"yes","status":"operational","color":"#E54848","sourceKey":"way:1073234866"}},{"type":"Feature","geometry":{"type":"LineString","coordinates":[[112.8914837,23.0400092],[112.89148,23.0398192],[112.8914841,23.0392793],[112.8915218,23.0387186],[112.8916013,23.0379398],[112.891673,23.0373674],[112.8918596,23.0357335],[112.8924138,23.0311671],[112.8926825,23.0285524],[112.8927587,23.0279763],[112.8928455,23.0272461],[112.8929111,23.0266609],[112.8929656,23.0262322],[112.8929899,23.0260569],[112.8930359,23.0257176]]},"properties":{"key":"way:1073234867@detail:451_92","osmType":"way","osmId":1073234867,"sourceRegion":"guangzhou","featureType":"infrastructure","railClass":"national","mode":"rail","name":"广珠线","nameEn":"Guangzhu Line","ref":"0710","usage":"main","bridge":"yes","status":"operational","color":"#E54848","sourceKey":"way:1073234867"}},{"type":"Feature","geometry":{"type":"LineString","coordinates":[[112.8942126,23.0200937],[112.8943819,23.0192783],[112.8945164,23.0186304],[112.8961328,23.0110275],[112.8964895,23.0093709],[112.8972078,23.0060354],[112.8972664,23.0057783]]},"properties":{"key":"way:1073234868@detail:451_92","osmType":"way","osmId":1073234868,"sourceRegion":"guangzhou","featureType":"infrastructure","railClass":"national","mode":"rail","name":"广珠线","nameEn":"Guangzhu Line","ref":"0710","usage":"main","status":"operational","color":"#E54848","sourceKey":"way:1073234868"}},{"type":"Feature","geometry":{"type":"LineString","coordinates":[[112.897218,23.0057716],[112.8970256,23.0066647],[112.8969516,23.0070062],[112.8960825,23.0110155],[112.8944718,23.0186164],[112.8942136,23.019853],[112.8941654,23.0200838]]},"properties":{"key":"way:1073234869@detail:451_92","osmType":"way","osmId":1073234869,"sourceRegion":"guangzhou","featureType":"infrastructure","railClass":"national","mode":"rail","name":"广珠线","nameEn":"Guangzhu Line","ref":"0710","usage":"main","status":"operational","color":"#E54848","sourceKey":"way:1073234869"}},{"type":"Feature","geometry":{"type":"LineString","coordinates":[[112.8969516,23.0070062],[112.8968243,23.007409],[112.8967264,23.0077185],[112.8966903,23.0078609],[112.8965536,23.0086338],[112.8962135,23.0101783],[112.8960833,23.01077],[112.8953038,23.0145056],[112.8946808,23.0174168],[112.8944359,23.018577],[112.8942728,23.0193497],[112.8941496,23.0199334],[112.8941199,23.0200742]]},"properties":{"key":"way:1073234870@detail:451_92","osmType":"way","osmId":1073234870,"sourceRegion":"guangzhou","featureType":"infrastructure","railClass":"minor","mode":"rail","name":"未命名","service":"yard","status":"operational","color":"#52636f","sourceKey":"way:1073234870"}},{"type":"Feature","geometry":{"type":"LineString","coordinates":[[112.8962913,23.0092113],[112.8959962,23.0105749],[112.8957748,23.0116993],[112.8945656,23.0173492],[112.8942676,23.0187791],[112.8942439,23.0189014],[112.8941903,23.0194339],[112.8941668,23.0197519],[112.8941496,23.0199334]]},"properties":{"key":"way:1073234871@detail:451_92","osmType":"way","osmId":1073234871,"sourceRegion":"guangzhou","featureType":"infrastructure","railClass":"minor","mode":"rail","name":"未命名","service":"yard","status":"operational","color":"#52636f","sourceKey":"way:1073234871"}},{"type":"Feature","geometry":{"type":"LineString","coordinates":[[112.8962135,23.0101783],[112.896097,23.0104979],[112.8960683,23.0106007],[112.8956914,23.012423],[112.89475,23.0168326],[112.8945291,23.0178533],[112.8944985,23.0180236],[112.8944729,23.0181868],[112.8944359,23.018577]]},"properties":{"key":"way:1073234872@detail:451_92","osmType":"way","osmId":1073234872,"sourceRegion":"guangzhou","featureType":"infrastructure","railClass":"minor","mode":"rail","name":"未命名","service":"yard","status":"operational","color":"#52636f","sourceKey":"way:1073234872"}},{"type":"Feature","geometry":{"type":"LineString","coordinates":[[112.8964895,23.0093709],[112.8964587,23.0096778],[112.8964328,23.0098514],[112.8963915,23.0100479],[112.8954104,23.0147532],[112.8945724,23.0186047],[112.8945241,23.018812],[112.8943819,23.0192783]]},"properties":{"key":"way:1073234873@detail:451_92","osmType":"way","osmId":1073234873,"sourceRegion":"guangzhou","featureType":"infrastructure","railClass":"minor","mode":"rail","name":"未命名","service":"yard","status":"operational","color":"#52636f","sourceKey":"way:1073234873"}},{"type":"Feature","geometry":{"type":"LineString","coordinates":[[112.8942728,23.0193497],[112.8942136,23.019853]]},"properties":{"key":"way:1073234874@detail:451_92","osmType":"way","osmId":1073234874,"sourceRegion":"guangzhou","featureType":"infrastructure","railClass":"minor","mode":"rail","name":"未命名","service":"yard","status":"operational","color":"#52636f","sourceKey":"way:1073234874"}},{"type":"Feature","geometry":{"type":"LineString","coordinates":[[112.8944486,23.0175387],[112.8942784,23.0183322],[112.89424,23.0185786],[112.8941933,23.0190152],[112.8941903,23.0194339]]},"properties":{"key":"way:1073234875@detail:451_92","osmType":"way","osmId":1073234875,"sourceRegion":"guangzhou","featureType":"infrastructure","railClass":"minor","mode":"rail","name":"未命名","service":"yard","status":"operational","color":"#52636f","sourceKey":"way:1073234875"}},{"type":"Feature","geometry":{"type":"LineString","coordinates":[[112.8939839,23.021184],[112.8938309,23.0217107]]},"properties":{"key":"way:1073234876@detail:451_92","osmType":"way","osmId":1073234876,"sourceRegion":"guangzhou","featureType":"infrastructure","railClass":"minor","mode":"rail","name":"未命名","service":"yard","status":"operational","color":"#52636f","sourceKey":"way:1073234876"}},{"type":"Feature","geometry":{"type":"LineString","coordinates":[[112.8929047,23.0256621],[112.8929645,23.02532],[112.8930637,23.0248234],[112.8931772,23.0243162],[112.8935915,23.0225402],[112.8938204,23.0215586]]},"properties":{"key":"way:1073234877@detail:451_92","osmType":"way","osmId":1073234877,"sourceRegion":"guangzhou","featureType":"infrastructure","railClass":"minor","mode":"rail","name":"未命名","service":"yard","status":"operational","color":"#52636f","sourceKey":"way:1073234877"}},{"type":"Feature","geometry":{"type":"LineString","coordinates":[[112.8937802,23.0219393],[112.8937039,23.0221753],[112.8935915,23.0225402]]},"properties":{"key":"way:1073234878@detail:451_92","osmType":"way","osmId":1073234878,"sourceRegion":"guangzhou","featureType":"infrastructure","railClass":"minor","mode":"rail","name":"未命名","service":"yard","status":"operational","color":"#52636f","sourceKey":"way:1073234878"}},{"type":"Feature","geometry":{"type":"LineString","coordinates":[[112.8935377,23.022969],[112.8934678,23.0235162]]},"properties":{"key":"way:1073234879@detail:451_92","osmType":"way","osmId":1073234879,"sourceRegion":"guangzhou","featureType":"infrastructure","railClass":"minor","mode":"rail","name":"未命名","service":"yard","status":"operational","color":"#52636f","sourceKey":"way:1073234879"}},{"type":"Feature","geometry":{"type":"LineString","coordinates":[[112.8924854,23.0289815],[112.8925415,23.0284508],[112.8926122,23.0278325],[112.8927573,23.0267491],[112.8928272,23.0261691],[112.8929047,23.0256621]]},"properties":{"key":"way:1073234880@detail:451_92","osmType":"way","osmId":1073234880,"sourceRegion":"guangzhou","featureType":"infrastructure","railClass":"minor","mode":"rail","name":"未命名","service":"yard","bridge":"yes","status":"operational","color":"#52636f","sourceKey":"way:1073234880"}},{"type":"Feature","geometry":{"type":"LineString","coordinates":[[112.8974224,23.0047802],[112.8973116,23.0052913],[112.897218,23.0057716]]},"properties":{"key":"way:1073234881@detail:451_92","osmType":"way","osmId":1073234881,"sourceRegion":"guangzhou","featureType":"infrastructure","railClass":"national","mode":"rail","name":"广珠线","nameEn":"Guangzhu Line","ref":"0710","usage":"main","bridge":"yes","status":"operational","color":"#E54848","sourceKey":"way:1073234881"}},{"type":"Feature","geometry":{"type":"LineString","coordinates":[[112.8972664,23.0057783],[112.8973596,23.0052997],[112.8974629,23.0047893]]},"properties":{"key":"way:1073234882@detail:451_92","osmType":"way","osmId":1073234882,"sourceRegion":"guangzhou","featureType":"infrastructure","railClass":"national","mode":"rail","name":"广珠线","nameEn":"Guangzhu Line","ref":"0710","usage":"main","bridge":"yes","status":"operational","color":"#E54848","sourceKey":"way:1073234882"}},{"type":"Feature","geometry":{"type":"LineString","coordinates":[[112.8974629,23.0047893],[112.8976611,23.0039184],[112.8977786,23.0033679],[112.8978225,23.0030985],[112.8978763,23.0026904],[112.8979376,23.0023141],[112.897991,23.0018774],[112.8980126,23.0015785]]},"properties":{"key":"way:1073234883@detail:451_92","osmType":"way","osmId":1073234883,"sourceRegion":"guangzhou","featureType":"infrastructure","railClass":"national","mode":"rail","name":"广珠线","nameEn":"Guangzhu Line","ref":"0710","usage":"main","status":"operational","color":"#E54848","sourceKey":"way:1073234883"}},{"type":"Feature","geometry":{"type":"LineString","coordinates":[[112.8979672,23.0015772],[112.8979427,23.0018536],[112.8978964,23.0023019],[112.8978353,23.0026767],[112.8977802,23.0030672],[112.897728,23.003363],[112.8976159,23.0038947],[112.8974224,23.0047802]]},"properties":{"key":"way:1073234884@detail:451_92","osmType":"way","osmId":1073234884,"sourceRegion":"guangzhou","featureType":"infrastructure","railClass":"national","mode":"rail","name":"广珠线","nameEn":"Guangzhu Line","ref":"0710","usage":"main","status":"operational","color":"#E54848","sourceKey":"way:1073234884"}},{"type":"Feature","geometry":{"type":"LineString","coordinates":[[112.8980126,23.0015785],[112.89808472473807,23.0]]},"properties":{"key":"way:1073234885@detail:451_92","osmType":"way","osmId":1073234885,"sourceRegion":"guangzhou","featureType":"infrastructure","railClass":"national","mode":"rail","name":"广珠线","nameEn":"Guangzhu Line","ref":"0710","usage":"main","bridge":"yes","status":"operational","color":"#E54848","sourceKey":"way:1073234885"}},{"type":"Feature","geometry":{"type":"LineString","coordinates":[[112.89803873872759,23.0],[112.8979672,23.0015772]]},"properties":{"key":"way:1073234886@detail:451_92","osmType":"way","osmId":1073234886,"sourceRegion":"guangzhou","featureType":"infrastructure","railClass":"national","mode":"rail","name":"广珠线","nameEn":"Guangzhu Line","ref":"0710","usage":"main","bridge":"yes","status":"operational","color":"#E54848","sourceKey":"way:1073234886"}},{"type":"Feature","geometry":{"type":"LineString","coordinates":[[112.89358721000745,23.0],[112.8953044,23.0013887],[112.8972593,23.0027907],[112.8991315,23.0040498],[112.9011925,23.0053182],[112.9032754,23.0064914],[112.9151148,23.0127012],[112.9172177,23.0137696],[112.919476,23.0148415],[112.9260613,23.0178404],[112.9285119,23.0188962],[112.9305024,23.0197217],[112.9329888,23.0207318],[112.9671255,23.0336825],[112.9690608,23.0343779],[112.9710032,23.0350083],[112.989609,23.040491],[112.9919642,23.0410921],[112.9941099,23.0415345],[112.9961774,23.0419222],[112.9984808,23.0422603],[113.0,23.042461954512504]]},"properties":{"key":"way:1074827034@detail:451_92","osmType":"way","osmId":1074827034,"sourceRegion":"guangzhou","featureType":"infrastructure","railClass":"highspeed","mode":"rail","name":"广湛高速线","nameEn":"Guangzhou-Zhanjiang Railway","usage":"main","highspeed":"yes","bridge":"yes","status":"operational","color":"#E54848","sourceKey":"way:1074827034"}},{"type":"Feature","geometry":{"type":"LineString","coordinates":[[112.9159544,23.186409],[112.915635,23.1865729],[112.9151109,23.1868521],[112.9148091,23.1870036],[112.914393,23.1871937],[112.9136171,23.187532],[112.9129091,23.1878376],[112.912607,23.1879572],[112.9123999,23.1880367],[112.9117067,23.1882646],[112.9111652,23.1884527]]},"properties":{"key":"way:1078115664@detail:451_92","osmType":"way","osmId":1078115664,"sourceRegion":"guangzhou","featureType":"infrastructure","railClass":"intercity","mode":"rail","name":"未命名","operator":"广东城际铁路运营有限公司","usage":"main","service":"siding","bridge":"viaduct","status":"operational","color":"#00a6b2","sourceKey":"way:1078115664"}},{"type":"Feature","geometry":{"type":"LineString","coordinates":[[112.9159424,23.1863802],[112.9156287,23.1864885],[112.9152288,23.1866268],[112.9147789,23.1867736],[112.9144981,23.1868593],[112.9142483,23.186943],[112.9134813,23.187274],[112.9126267,23.1876438],[112.9123908,23.1877624],[112.9120536,23.1879502],[112.9116587,23.1881516],[112.9111457,23.1884188]]},"properties":{"key":"way:1078115665@detail:451_92","osmType":"way","osmId":1078115665,"sourceRegion":"guangzhou","featureType":"infrastructure","railClass":"intercity","mode":"rail","name":"未命名","operator":"广东城际铁路运营有限公司","usage":"main","service":"siding","bridge":"viaduct","status":"operational","color":"#00a6b2","sourceKey":"way:1078115665"}},{"type":"Feature","geometry":{"type":"LineString","coordinates":[[112.9508371,23.2183713],[112.9513975,23.2188051]]},"properties":{"key":"way:1202471685@detail:451_92","osmType":"way","osmId":1202471685,"sourceRegion":"guangzhou","featureType":"infrastructure","railClass":"national","mode":"rail","name":"广珠线","nameEn":"Guangzhu Line","ref":"0710","usage":"main","bridge":"yes","status":"operational","color":"#E54848","sourceKey":"way:1202471685"}},{"type":"Feature","geometry":{"type":"LineString","coordinates":[[112.9514784,23.2187883],[112.9509114,23.2183203]]},"properties":{"key":"way:1202471686@detail:451_92","osmType":"way","osmId":1202471686,"sourceRegion":"guangzhou","featureType":"infrastructure","railClass":"national","mode":"rail","name":"广珠线","nameEn":"Guangzhu Line","ref":"0710","usage":"main","bridge":"yes","status":"operational","color":"#E54848","sourceKey":"way:1202471686"}},{"type":"Feature","geometry":{"type":"LineString","coordinates":[[112.9509114,23.2183203],[112.9500714,23.2176633],[112.9496988,23.2173182],[112.9492924,23.2169394],[112.9486353,23.2162871],[112.9478439,23.2154832]]},"properties":{"key":"way:1202471687@detail:451_92","osmType":"way","osmId":1202471687,"sourceRegion":"guangzhou","featureType":"infrastructure","railClass":"national","mode":"rail","name":"广珠线","nameEn":"Guangzhu Line","ref":"0710","usage":"main","bridge":"yes","status":"operational","color":"#E54848","sourceKey":"way:1202471687"}},{"type":"Feature","geometry":{"type":"LineString","coordinates":[[112.9478074,23.2155131],[112.9485992,23.2163174],[112.9492571,23.2169704],[112.9496641,23.2173498],[112.9500378,23.217696],[112.9508371,23.2183713]]},"properties":{"key":"way:1202471688@detail:451_92","osmType":"way","osmId":1202471688,"sourceRegion":"guangzhou","featureType":"infrastructure","railClass":"national","mode":"rail","name":"广珠线","nameEn":"Guangzhu Line","ref":"0710","usage":"main","bridge":"yes","status":"operational","color":"#E54848","sourceKey":"way:1202471688"}},{"type":"Feature","geometry":{"type":"LineString","coordinates":[[112.903133,23.1543461],[112.9089308,23.1511483],[112.9093616,23.1509192],[112.9120063,23.149534],[112.9131988,23.1488035],[112.9138625,23.1484022],[112.9143056,23.1481635],[112.9154649,23.1476063],[112.915875,23.1473967],[112.9198937,23.1452182],[112.919909,23.1452099],[112.9210206,23.144607],[112.9229889,23.1435147],[112.9235972,23.1431746],[112.9239932,23.1429271],[112.9244638,23.1426106],[112.9249903,23.1422302],[112.9253244,23.1419515],[112.9255949,23.1417063],[112.9259599,23.141329],[112.9263158,23.140929],[112.9268035,23.1403567],[112.9274222,23.1396417],[112.9278228,23.1391787],[112.9292773,23.1375467]]},"properties":{"key":"way:1224007709@detail:451_92","osmType":"way","osmId":1224007709,"sourceRegion":"guangzhou","featureType":"infrastructure","railClass":"national","mode":"rail","name":"广茂线","nameEn":"Guangmao Line","ref":"0708","operator":"中国铁路广州局集团有限公司","usage":"main","status":"operational","color":"#E54848","sourceKey":"way:1224007709"}},{"type":"Feature","geometry":{"type":"LineString","coordinates":[[112.9292773,23.1375467],[112.92947,23.1373304]]},"properties":{"key":"way:1224007710@detail:451_92","osmType":"way","osmId":1224007710,"sourceRegion":"guangzhou","featureType":"infrastructure","railClass":"national","mode":"rail","name":"广茂线","nameEn":"Guangmao Line","ref":"0708","operator":"中国铁路广州局集团有限公司","usage":"main","bridge":"yes","status":"operational","color":"#E54848","sourceKey":"way:1224007710"}},{"type":"Feature","geometry":{"type":"LineString","coordinates":[[112.9273842,23.1805438],[112.9267026,23.1797729],[112.9262491,23.1792067],[112.9257721,23.178559],[112.9253319,23.1779107],[112.9249267,23.1772385],[112.9245777,23.1766179],[112.924263,23.1759867],[112.9234329,23.1741287]]},"properties":{"key":"way:1235545430@detail:451_92","osmType":"way","osmId":1235545430,"sourceRegion":"guangzhou","featureType":"infrastructure","railClass":"national","mode":"rail","name":"沙狮联络线","usage":"main","status":"operational","color":"#E54848","sourceKey":"way:1235545430"}},{"type":"Feature","geometry":{"type":"LineString","coordinates":[[112.929051,23.1822828],[112.9277482,23.1809317]]},"properties":{"key":"way:1235545431@detail:451_92","osmType":"way","osmId":1235545431,"sourceRegion":"guangzhou","featureType":"infrastructure","railClass":"national","mode":"rail","name":"沙狮联络线","usage":"main","status":"operational","color":"#E54848","sourceKey":"way:1235545431"}},{"type":"Feature","geometry":{"type":"LineString","coordinates":[[112.9277482,23.1809317],[112.9273842,23.1805438]]},"properties":{"key":"way:1235545432@detail:451_92","osmType":"way","osmId":1235545432,"sourceRegion":"guangzhou","featureType":"infrastructure","railClass":"national","mode":"rail","name":"沙狮联络线","usage":"main","bridge":"yes","status":"operational","color":"#E54848","sourceKey":"way:1235545432"}},{"type":"Feature","geometry":{"type":"LineString","coordinates":[[112.9271496,23.1807053],[112.9266857,23.1802819],[112.9262413,23.1798254],[112.9258765,23.1794078],[112.9255209,23.1789703],[112.9252514,23.1785885],[112.9249511,23.1781246],[112.9247011,23.1776887],[112.9244788,23.1772471],[112.9242705,23.1768148],[112.9231385,23.1742312]]},"properties":{"key":"way:1235545433@detail:451_92","osmType":"way","osmId":1235545433,"sourceRegion":"guangzhou","featureType":"infrastructure","railClass":"national","mode":"rail","name":"沙狮联络线","usage":"main","status":"operational","color":"#E54848","sourceKey":"way:1235545433"}},{"type":"Feature","geometry":{"type":"LineString","coordinates":[[112.9290151,23.1823139],[112.9280793,23.181512],[112.9275517,23.1810598]]},"properties":{"key":"way:1235545434@detail:451_92","osmType":"way","osmId":1235545434,"sourceRegion":"guangzhou","featureType":"infrastructure","railClass":"national","mode":"rail","name":"沙狮联络线","usage":"main","status":"operational","color":"#E54848","sourceKey":"way:1235545434"}},{"type":"Feature","geometry":{"type":"LineString","coordinates":[[112.9275517,23.1810598],[112.9271496,23.1807053]]},"properties":{"key":"way:1235545435@detail:451_92","osmType":"way","osmId":1235545435,"sourceRegion":"guangzhou","featureType":"infrastructure","railClass":"national","mode":"rail","name":"沙狮联络线","usage":"main","bridge":"yes","status":"operational","color":"#E54848","sourceKey":"way:1235545435"}},{"type":"Feature","geometry":{"type":"LineString","coordinates":[[112.9280793,23.181512],[112.9288733,23.1822749]]},"properties":{"key":"way:1235545436@detail:451_92","osmType":"way","osmId":1235545436,"sourceRegion":"guangzhou","featureType":"infrastructure","railClass":"minor","mode":"rail","name":"未命名","service":"siding","status":"operational","color":"#52636f","sourceKey":"way:1235545436"}},{"type":"Feature","geometry":{"type":"LineString","coordinates":[[112.9177322,23.1485165],[112.9173019,23.1483207],[112.9168698,23.1481815],[112.9164271,23.1480944],[112.9159937,23.1480548],[112.9155356,23.1480477],[112.9151105,23.1480978],[112.9147396,23.1481767],[112.9143,23.1483189],[112.913891,23.1485078],[112.9132213,23.1488606],[112.9120063,23.149534]]},"properties":{"key":"way:1235545437@detail:451_92","osmType":"way","osmId":1235545437,"sourceRegion":"guangzhou","featureType":"infrastructure","railClass":"national","mode":"rail","name":"沙狮联络线","usage":"main","status":"operational","color":"#E54848","sourceKey":"way:1235545437"}},{"type":"Feature","geometry":{"type":"LineString","coordinates":[[112.9132213,23.1488606],[112.9122801,23.1494782]]},"properties":{"key":"way:1235545438@detail:451_92","osmType":"way","osmId":1235545438,"sourceRegion":"guangzhou","featureType":"infrastructure","railClass":"minor","mode":"rail","name":"未命名","service":"yard","status":"operational","color":"#52636f","sourceKey":"way:1235545438"}},{"type":"Feature","geometry":{"type":"LineString","coordinates":[[112.9107262,23.1516134],[112.9102428,23.1515889],[112.9097626,23.1516012],[112.9093402,23.1516462],[112.9089392,23.1517179],[112.9085146,23.151828],[112.9081054,23.1519693],[112.9076053,23.1521866],[112.9031612,23.1543917]]},"properties":{"key":"way:1235545439@detail:451_92","osmType":"way","osmId":1235545439,"sourceRegion":"guangzhou","featureType":"infrastructure","railClass":"national","mode":"rail","name":"沙狮联络线","usage":"main","status":"operational","color":"#E54848","sourceKey":"way:1235545439"}},{"type":"Feature","geometry":{"type":"LineString","coordinates":[[112.9750474,23.0846167],[112.9751003,23.0846713],[112.9751207,23.0846911],[112.9751748,23.0847432],[112.9753574,23.0850373]]},"properties":{"key":"way:1272457661@detail:451_92","osmType":"way","osmId":1272457661,"sourceRegion":"guangzhou","featureType":"infrastructure","railClass":"minor","mode":"rail","name":"未命名","usage":"branch","service":"spur","status":"operational","color":"#52636f","sourceKey":"way:1272457661"}},{"type":"Feature","geometry":{"type":"LineString","coordinates":[[112.9748905,23.0844637],[112.9750474,23.0846167]]},"properties":{"key":"way:1272457662@detail:451_92","osmType":"way","osmId":1272457662,"sourceRegion":"guangzhou","featureType":"infrastructure","railClass":"minor","mode":"rail","name":"未命名","usage":"branch","service":"spur","bridge":"yes","status":"operational","color":"#52636f","sourceKey":"way:1272457662"}},{"type":"Feature","geometry":{"type":"LineString","coordinates":[[112.9736864,23.0804873],[112.9746796,23.0831542],[112.9749522,23.0837611],[112.9751237,23.084282]]},"properties":{"key":"way:1272457663@detail:451_92","osmType":"way","osmId":1272457663,"sourceRegion":"guangzhou","featureType":"infrastructure","railClass":"minor","mode":"rail","name":"未命名","usage":"branch","service":"spur","status":"operational","color":"#52636f","sourceKey":"way:1272457663"}},{"type":"Feature","geometry":{"type":"LineString","coordinates":[[112.9751237,23.084282],[112.9751587,23.0843906]]},"properties":{"key":"way:1272457664@detail:451_92","osmType":"way","osmId":1272457664,"sourceRegion":"guangzhou","featureType":"infrastructure","railClass":"minor","mode":"rail","name":"未命名","usage":"branch","service":"spur","bridge":"yes","status":"operational","color":"#52636f","sourceKey":"way:1272457664"}},{"type":"Feature","geometry":{"type":"LineString","coordinates":[[112.8180368,23.226566],[112.820039,23.2261812]]},"properties":{"key":"way:1274558725@detail:451_92","osmType":"way","osmId":1274558725,"sourceRegion":"guangzhou","featureType":"infrastructure","railClass":"national","mode":"rail","name":"广茂线","nameEn":"Guangmao Line","ref":"0708","operator":"中国铁路广州局集团有限公司","usage":"main","status":"operational","color":"#E54848","sourceKey":"way:1274558725"}},{"type":"Feature","geometry":{"type":"LineString","coordinates":[[112.8168579,23.2268666],[112.8175844,23.2266632],[112.8180368,23.226566]]},"properties":{"key":"way:1274558726@detail:451_92","osmType":"way","osmId":1274558726,"sourceRegion":"guangzhou","featureType":"infrastructure","railClass":"national","mode":"rail","name":"广茂线","nameEn":"Guangmao Line","ref":"0708","operator":"中国铁路广州局集团有限公司","usage":"main","bridge":"yes","status":"operational","color":"#E54848","sourceKey":"way:1274558726"}},{"type":"Feature","geometry":{"type":"LineString","coordinates":[[112.8162874,23.2270569],[112.8168579,23.2268666]]},"properties":{"key":"way:1274558802@detail:451_92","osmType":"way","osmId":1274558802,"sourceRegion":"guangzhou","featureType":"infrastructure","railClass":"national","mode":"rail","name":"广茂线","nameEn":"Guangmao Line","ref":"0708","operator":"中国铁路广州局集团有限公司","usage":"main","status":"operational","color":"#E54848","sourceKey":"way:1274558802"}},{"type":"Feature","geometry":{"type":"LineString","coordinates":[[112.816009,23.2271475],[112.8162874,23.2270569]]},"properties":{"key":"way:1274558803@detail:451_92","osmType":"way","osmId":1274558803,"sourceRegion":"guangzhou","featureType":"infrastructure","railClass":"national","mode":"rail","name":"广茂线","nameEn":"Guangmao Line","ref":"0708","operator":"中国铁路广州局集团有限公司","usage":"main","bridge":"yes","status":"operational","color":"#E54848","sourceKey":"way:1274558803"}},{"type":"Feature","geometry":{"type":"LineString","coordinates":[[112.7716269,23.0238135],[112.7704141,23.0259671],[112.7566884,23.0503411],[112.75,23.06255925896447]]},"properties":{"key":"way:1338590486@detail:451_92","osmType":"way","osmId":1338590486,"sourceRegion":"guangzhou","featureType":"infrastructure","railClass":"construction","mode":"construction","name":"珠肇高速线","usage":"main","highspeed":"yes","bridge":"yes","status":"construction","color":"#52636f","sourceKey":"way:1338590486"}},{"type":"Feature","geometry":{"type":"LineString","coordinates":[[112.9712549,23.1326864],[112.9865017,23.1306556],[112.9903849,23.1299047],[112.9910041,23.1295907],[112.9915555,23.1288555],[112.9929992,23.1232419],[112.9931273,23.1225459],[112.993142,23.1217686],[112.9933451,23.1204156],[112.9941032,23.1167799],[112.9945005,23.1155527],[112.9947778,23.1148559],[112.9953529,23.1137064],[112.9957972,23.1131053],[112.9969884,23.1114501],[112.9974996,23.1108375],[113.0,23.10870530563943]]},"properties":{"key":"way:1352079745@detail:451_92","osmType":"way","osmId":1352079745,"sourceRegion":"guangzhou","featureType":"infrastructure","railClass":"construction","mode":"construction","name":"佛山地铁4号线","nameEn":"Foshan Metro Line 4","tunnel":"yes","status":"construction","color":"#52636f","sourceKey":"way:1352079745"}},{"type":"Feature","geometry":{"type":"LineString","coordinates":[[112.8529392,23.1763353],[112.8644039,23.1762314],[112.8668401,23.1758237],[112.86881,23.1754113],[112.8737356,23.1749055],[112.8743914,23.1747426],[112.8754074,23.1743921],[112.8759285,23.1741724],[112.8772641,23.1735936],[112.8929556,23.1669765],[112.894066,23.166383],[112.8946076,23.1659818],[112.8952294,23.1654216],[112.8955052,23.1650857],[112.8960985,23.1643437],[112.8962983,23.1639983],[112.8966764,23.163097],[112.896858,23.1624849],[112.8979688,23.1578746],[112.8980922,23.1576718],[112.8982327,23.15746],[112.8983923,23.1572866],[112.8986063,23.157112],[112.9080477,23.1526233],[112.908618,23.1524149],[112.909088,23.1523042],[112.9095966,23.152259],[112.9100664,23.1522926],[112.9140285,23.1527065],[112.9146763,23.1527527],[112.9152323,23.1527156],[112.9221979,23.152105],[112.9236676,23.1519924]]},"properties":{"key":"way:1352079746@detail:451_92","osmType":"way","osmId":1352079746,"sourceRegion":"guangzhou","featureType":"infrastructure","railClass":"construction","mode":"construction","name":"佛山地铁4号线","nameEn":"Foshan Metro Line 4","tunnel":"yes","status":"construction","color":"#52636f","sourceKey":"way:1352079746"}},{"type":"Feature","geometry":{"type":"LineString","coordinates":[[112.9236676,23.1519924],[112.9271266,23.151665],[112.9276222,23.1515671],[112.9281303,23.1514316],[112.9285148,23.1512884],[112.9287864,23.151176],[112.929167,23.1509673],[112.9357019,23.146867],[112.9417745,23.1430333],[112.9421261,23.1428326],[112.9424539,23.1426679],[112.94334,23.1422532],[112.9437349,23.14212],[112.9442273,23.1420014],[112.9459008,23.1417705],[112.9489526,23.1412582],[112.9493655,23.1411624],[112.9497982,23.1410236],[112.9501316,23.1408932],[112.9504453,23.1407503],[112.9508027,23.1405538],[112.9551199,23.1379288],[112.9561361,23.1373054],[112.9591888,23.13532],[112.9594138,23.1352134],[112.95966,23.1351112],[112.9621355,23.134189],[112.9627805,23.1340114],[112.9632185,23.1339335],[112.9641885,23.133779],[112.965253,23.1337551],[112.9667516,23.1338001],[112.967732,23.1337333],[112.9683868,23.1336342],[112.96885,23.1334923],[112.9693262,23.1333265],[112.9712409,23.1326046]]},"properties":{"key":"way:1352079747@detail:451_92","osmType":"way","osmId":1352079747,"sourceRegion":"guangzhou","featureType":"infrastructure","railClass":"construction","mode":"construction","name":"佛山地铁4号线","nameEn":"Foshan Metro Line 4","bridge":"yes","status":"construction","color":"#52636f","sourceKey":"way:1352079747"}},{"type":"Feature","geometry":{"type":"LineString","coordinates":[[112.9236779,23.152066],[112.9274835,23.151662],[112.9280221,23.1515226],[112.9283473,23.1514219],[112.928647,23.1512938],[112.9291106,23.1510715],[112.9418759,23.143027],[112.9422451,23.1428166],[112.9432876,23.1423313],[112.9437586,23.1421722],[112.9442691,23.1420471],[112.9489679,23.1413024],[112.9493788,23.1412131],[112.9498316,23.1410807],[112.9501564,23.1409517],[112.9505526,23.1407581],[112.9551406,23.137954],[112.9561538,23.1373404],[112.9592247,23.1353754],[112.9594381,23.1352648],[112.9599155,23.1350586],[112.962121,23.1342564],[112.9627121,23.1341003],[112.9632343,23.1340007],[112.9641658,23.1338536],[112.965261,23.1337959],[112.9667433,23.1338432],[112.9677379,23.1337851],[112.9683922,23.1336892],[112.9688527,23.1335569],[112.9693393,23.1334007],[112.9712549,23.1326864]]},"properties":{"key":"way:1352079748@detail:451_92","osmType":"way","osmId":1352079748,"sourceRegion":"guangzhou","featureType":"infrastructure","railClass":"construction","mode":"construction","name":"佛山地铁4号线","nameEn":"Foshan Metro Line 4","bridge":"yes","status":"construction","color":"#52636f","sourceKey":"way:1352079748"}},{"type":"Feature","geometry":{"type":"LineString","coordinates":[[112.7843359,23.0004292],[112.7822602,23.0046084],[112.7759126,23.0160496],[112.7726343,23.0220163]]},"properties":{"key":"way:1365472154@detail:451_92","osmType":"way","osmId":1365472154,"sourceRegion":"guangzhou","featureType":"infrastructure","railClass":"construction","mode":"construction","name":"珠肇高速线","usage":"main","highspeed":"yes","bridge":"yes","status":"construction","color":"#52636f","sourceKey":"way:1365472154"}},{"type":"Feature","geometry":{"type":"LineString","coordinates":[[112.7726343,23.0220163],[112.7716269,23.0238135]]},"properties":{"key":"way:1365472155@detail:451_92","osmType":"way","osmId":1365472155,"sourceRegion":"guangzhou","featureType":"infrastructure","railClass":"construction","mode":"construction","name":"珠肇高速线","usage":"main","highspeed":"yes","tunnel":"yes","status":"construction","color":"#52636f","sourceKey":"way:1365472155"}},{"type":"Feature","geometry":{"type":"LineString","coordinates":[[112.78453388761078,23.0],[112.7843359,23.0004292]]},"properties":{"key":"way:1365472156@detail:451_92","osmType":"way","osmId":1365472156,"sourceRegion":"guangzhou","featureType":"infrastructure","railClass":"construction","mode":"construction","name":"珠肇高速线","usage":"main","highspeed":"yes","status":"construction","color":"#52636f","sourceKey":"way:1365472156"}},{"type":"Feature","geometry":{"type":"LineString","coordinates":[[112.8930359,23.0257176],[112.8931065,23.0252418],[112.8932066,23.0246827],[112.8932913,23.0242914],[112.8934143,23.0237602],[112.8934678,23.0235162],[112.8936507,23.0226825],[112.8937554,23.022221],[112.8939839,23.021184],[112.8940224,23.0210092],[112.8941106,23.0205886]]},"properties":{"key":"way:1431911696@detail:451_92","osmType":"way","osmId":1431911696,"sourceRegion":"guangzhou","featureType":"infrastructure","railClass":"national","mode":"rail","name":"广珠线","nameEn":"Guangzhu Line","ref":"0710","usage":"main","status":"operational","color":"#E54848","sourceKey":"way:1431911696"}},{"type":"Feature","geometry":{"type":"LineString","coordinates":[[112.8941106,23.0205886],[112.8942126,23.0200937]]},"properties":{"key":"way:1431911697@detail:451_92","osmType":"way","osmId":1431911697,"sourceRegion":"guangzhou","featureType":"infrastructure","railClass":"national","mode":"rail","name":"广珠线","nameEn":"Guangzhu Line","ref":"0710","usage":"main","bridge":"yes","status":"operational","color":"#E54848","sourceKey":"way:1431911697"}},{"type":"Feature","geometry":{"type":"LineString","coordinates":[[112.8940632,23.0205804],[112.8939752,23.0209942],[112.8938309,23.0217107],[112.8938087,23.021821],[112.8937802,23.0219393],[112.8936339,23.0225456],[112.8936027,23.0226749],[112.8935377,23.022969],[112.8933605,23.023771],[112.8932107,23.0244122],[112.8931185,23.0248907],[112.8930615,23.0252468],[112.8929984,23.0257124]]},"properties":{"key":"way:1431911698@detail:451_92","osmType":"way","osmId":1431911698,"sourceRegion":"guangzhou","featureType":"infrastructure","railClass":"national","mode":"rail","name":"广珠线","nameEn":"Guangzhu Line","ref":"0710","usage":"main","status":"operational","color":"#E54848","sourceKey":"way:1431911698"}},{"type":"Feature","geometry":{"type":"LineString","coordinates":[[112.8941654,23.0200838],[112.8940632,23.0205804]]},"properties":{"key":"way:1431911699@detail:451_92","osmType":"way","osmId":1431911699,"sourceRegion":"guangzhou","featureType":"infrastructure","railClass":"national","mode":"rail","name":"广珠线","nameEn":"Guangzhu Line","ref":"0710","usage":"main","bridge":"yes","status":"operational","color":"#E54848","sourceKey":"way:1431911699"}},{"type":"Feature","geometry":{"type":"LineString","coordinates":[[112.8940529,23.0203913],[112.8939392,23.0209299],[112.8938204,23.0215586],[112.8937039,23.0221753],[112.8936339,23.0225456]]},"properties":{"key":"way:1431911700@detail:451_92","osmType":"way","osmId":1431911700,"sourceRegion":"guangzhou","featureType":"infrastructure","railClass":"minor","mode":"rail","name":"未命名","service":"yard","status":"operational","color":"#52636f","sourceKey":"way:1431911700"}},{"type":"Feature","geometry":{"type":"LineString","coordinates":[[112.8941199,23.0200742],[112.8940529,23.0203913]]},"properties":{"key":"way:1431911701@detail:451_92","osmType":"way","osmId":1431911701,"sourceRegion":"guangzhou","featureType":"infrastructure","railClass":"minor","mode":"rail","name":"未命名","service":"yard","bridge":"yes","status":"operational","color":"#52636f","sourceKey":"way:1431911701"}},{"type":"Feature","geometry":{"type":"LineString","coordinates":[[112.8940529,23.0203913],[112.894085,23.0200815]]},"properties":{"key":"way:1431911702@detail:451_92","osmType":"way","osmId":1431911702,"sourceRegion":"guangzhou","featureType":"infrastructure","railClass":"minor","mode":"rail","name":"未命名","service":"yard","bridge":"yes","status":"operational","color":"#52636f","sourceKey":"way:1431911702"}},{"type":"Feature","geometry":{"type":"LineString","coordinates":[[112.89371311874179,23.0],[112.895315,23.0013097],[112.8962637,23.0020101],[112.8980983,23.0032663],[112.8991743,23.003982],[112.9004436,23.0047635],[112.9021206,23.0057655],[112.9032302,23.0063845],[112.9059493,23.0078448],[112.9093326,23.0096135],[112.9151658,23.0126543],[112.9174382,23.0138034],[112.9195008,23.0147892],[112.9256307,23.0175635],[112.9272482,23.0182863],[112.9303023,23.0195718],[112.9342103,23.0211338],[112.9374236,23.0223594],[112.9430469,23.0244874],[112.9462855,23.0257097],[112.9520137,23.0278843],[112.9537724,23.0285637],[112.9563488,23.0295228],[112.9593196,23.0306584],[112.962504,23.0318372],[112.9647909,23.0326997],[112.9670742,23.0335889],[112.9689595,23.0342682],[112.9708376,23.034861],[112.9735008,23.0356802],[112.976801,23.0366592],[112.9799419,23.0375683],[112.9827065,23.0383775],[112.9896324,23.0404287],[112.9908627,23.0407317],[112.9917891,23.0409848],[112.9938336,23.0414143],[112.9950856,23.0416674],[112.9966959,23.0419371],[112.9977706,23.042107],[112.999171,23.0422868],[113.0,23.042400030926988]]},"properties":{"key":"way:1432460951@detail:451_92","osmType":"way","osmId":1432460951,"sourceRegion":"guangzhou","featureType":"infrastructure","railClass":"highspeed","mode":"rail","name":"广湛高速线","nameEn":"Guangzhou-Zhanjiang Railway","usage":"main","highspeed":"yes","bridge":"yes","status":"operational","color":"#E54848","sourceKey":"way:1432460951"}},{"type":"Feature","geometry":{"type":"LineString","coordinates":[[112.8966916,23.1902937],[112.8974783,23.1905153],[112.8980502,23.1906646],[112.89919,23.1908946],[112.9002823,23.190993],[112.9011086,23.1910562],[112.9020181,23.1910893],[112.9031155,23.1910229],[112.9034059,23.1909956],[112.9037097,23.1909621],[112.9039757,23.1909234],[112.9042746,23.1908649],[112.9050869,23.19069],[112.9056677,23.1905583],[112.9063372,23.1903694],[112.9065738,23.1902981],[112.907369,23.1900257],[112.9077151,23.1898983],[112.9079689,23.1897926],[112.9084974,23.1895711],[112.9092853,23.1892408],[112.9103766,23.1887891],[112.9111652,23.1884527]]},"properties":{"key":"way:1434130070@detail:451_92","osmType":"way","osmId":1434130070,"sourceRegion":"guangzhou","featureType":"infrastructure","railClass":"intercity","mode":"rail","name":"广肇城际线","nameEn":"Guangzhou–Foshan–Zhaoqing Intercity Railway","ref":"3060","operator":"广东城际铁路运营有限公司","usage":"main","bridge":"viaduct","status":"operational","color":"#C97932","sourceKey":"way:1434130070"}},{"type":"Feature","geometry":{"type":"LineString","coordinates":[[112.9111457,23.1884188],[112.9103609,23.1887515],[112.9092717,23.1892132],[112.9084779,23.1895322],[112.9079496,23.1897537],[112.9076968,23.1898589],[112.9073522,23.1899858],[112.9065584,23.1902577],[112.9063231,23.1903286],[112.9056553,23.1905171],[112.905076,23.1906484],[112.9042644,23.1908232],[112.9039672,23.1908813],[112.9037033,23.1909197],[112.9034008,23.1909531],[112.9031116,23.1909803],[112.9020175,23.1910465],[112.9011115,23.1910135],[112.9002865,23.1909504],[112.8991973,23.1908523],[112.8980616,23.1906231],[112.8974915,23.1904743],[112.8967065,23.1902532]]},"properties":{"key":"way:1434130071@detail:451_92","osmType":"way","osmId":1434130071,"sourceRegion":"guangzhou","featureType":"infrastructure","railClass":"intercity","mode":"rail","name":"广肇城际线","nameEn":"Guangzhou–Foshan–Zhaoqing Intercity Railway","ref":"3060","operator":"广东城际铁路运营有限公司","usage":"main","bridge":"viaduct","status":"operational","color":"#C97932","sourceKey":"way:1434130071"}},{"type":"Feature","geometry":{"type":"LineString","coordinates":[[112.9159424,23.1863802],[112.914619,23.1869383],[112.9135426,23.1873904],[112.912577,23.1877989],[112.9119209,23.1880903],[112.9111457,23.1884188]]},"properties":{"key":"way:1434130072@detail:451_92","osmType":"way","osmId":1434130072,"sourceRegion":"guangzhou","featureType":"infrastructure","railClass":"intercity","mode":"rail","name":"广肇城际线","nameEn":"Guangzhou–Foshan–Zhaoqing Intercity Railway","ref":"3060","operator":"广东城际铁路运营有限公司","usage":"main","bridge":"viaduct","status":"operational","color":"#C97932","sourceKey":"way:1434130072"}},{"type":"Feature","geometry":{"type":"LineString","coordinates":[[112.9111652,23.1884527],[112.9119385,23.1881229],[112.9125918,23.1878237],[112.9135569,23.1874176],[112.9146115,23.1869717],[112.9159544,23.186409]]},"properties":{"key":"way:1434130073@detail:451_92","osmType":"way","osmId":1434130073,"sourceRegion":"guangzhou","featureType":"infrastructure","railClass":"intercity","mode":"rail","name":"广肇城际线","nameEn":"Guangzhou–Foshan–Zhaoqing Intercity Railway","ref":"3060","operator":"广东城际铁路运营有限公司","usage":"main","bridge":"viaduct","status":"operational","color":"#C97932","sourceKey":"way:1434130073"}},{"type":"Feature","geometry":{"type":"LineString","coordinates":[[112.8417336,23.2273046],[112.8413563,23.2251572]]},"properties":{"key":"way:1434652010@detail:451_92","osmType":"way","osmId":1434652010,"sourceRegion":"guangzhou","featureType":"infrastructure","railClass":"intercity","mode":"rail","name":"广肇城际线","nameEn":"Guangzhou–Foshan–Zhaoqing Intercity Railway","ref":"3060","operator":"广东城际铁路运营有限公司","usage":"main","bridge":"viaduct","status":"operational","color":"#C97932","sourceKey":"way:1434652010"}},{"type":"Feature","geometry":{"type":"LineString","coordinates":[[112.8413103,23.2251637],[112.8416844,23.2273165]]},"properties":{"key":"way:1434652011@detail:451_92","osmType":"way","osmId":1434652011,"sourceRegion":"guangzhou","featureType":"infrastructure","railClass":"intercity","mode":"rail","name":"广肇城际线","nameEn":"Guangzhou–Foshan–Zhaoqing Intercity Railway","ref":"3060","operator":"广东城际铁路运营有限公司","usage":"main","bridge":"viaduct","status":"operational","color":"#C97932","sourceKey":"way:1434652011"}},{"type":"Feature","geometry":{"type":"LineString","coordinates":[[112.8416844,23.2273165],[112.8418005,23.2281757]]},"properties":{"key":"way:1434652012@detail:451_92","osmType":"way","osmId":1434652012,"sourceRegion":"guangzhou","featureType":"infrastructure","railClass":"intercity","mode":"rail","name":"广肇城际线","nameEn":"Guangzhou–Foshan–Zhaoqing Intercity Railway","ref":"3060","operator":"广东城际铁路运营有限公司","usage":"main","status":"operational","color":"#C97932","sourceKey":"way:1434652012"}},{"type":"Feature","geometry":{"type":"LineString","coordinates":[[112.841849,23.22817],[112.8417336,23.2273046]]},"properties":{"key":"way:1434652013@detail:451_92","osmType":"way","osmId":1434652013,"sourceRegion":"guangzhou","featureType":"infrastructure","railClass":"intercity","mode":"rail","name":"广肇城际线","nameEn":"Guangzhou–Foshan–Zhaoqing Intercity Railway","ref":"3060","operator":"广东城际铁路运营有限公司","usage":"main","status":"operational","color":"#C97932","sourceKey":"way:1434652013"}},{"type":"Feature","geometry":{"type":"LineString","coordinates":[[112.8419116,23.2288261],[112.841849,23.22817]]},"properties":{"key":"way:1434652014@detail:451_92","osmType":"way","osmId":1434652014,"sourceRegion":"guangzhou","featureType":"infrastructure","railClass":"intercity","mode":"rail","name":"广肇城际线","nameEn":"Guangzhou–Foshan–Zhaoqing Intercity Railway","ref":"3060","operator":"广东城际铁路运营有限公司","usage":"main","bridge":"viaduct","status":"operational","color":"#C97932","sourceKey":"way:1434652014"}},{"type":"Feature","geometry":{"type":"LineString","coordinates":[[112.8418005,23.2281757],[112.8418647,23.2288289]]},"properties":{"key":"way:1434652015@detail:451_92","osmType":"way","osmId":1434652015,"sourceRegion":"guangzhou","featureType":"infrastructure","railClass":"intercity","mode":"rail","name":"广肇城际线","nameEn":"Guangzhou–Foshan–Zhaoqing Intercity Railway","ref":"3060","operator":"广东城际铁路运营有限公司","usage":"main","bridge":"viaduct","status":"operational","color":"#C97932","sourceKey":"way:1434652015"}},{"type":"Feature","geometry":{"type":"LineString","coordinates":[[112.8418647,23.2288289],[112.841899,23.2297581]]},"properties":{"key":"way:1434652016@detail:451_92","osmType":"way","osmId":1434652016,"sourceRegion":"guangzhou","featureType":"infrastructure","railClass":"intercity","mode":"rail","name":"广肇城际线","nameEn":"Guangzhou–Foshan–Zhaoqing Intercity Railway","ref":"3060","operator":"广东城际铁路运营有限公司","usage":"main","status":"operational","color":"#C97932","sourceKey":"way:1434652016"}},{"type":"Feature","geometry":{"type":"LineString","coordinates":[[112.8419412,23.2297557],[112.8419116,23.2288261]]},"properties":{"key":"way:1434652017@detail:451_92","osmType":"way","osmId":1434652017,"sourceRegion":"guangzhou","featureType":"infrastructure","railClass":"intercity","mode":"rail","name":"广肇城际线","nameEn":"Guangzhou–Foshan–Zhaoqing Intercity Railway","ref":"3060","operator":"广东城际铁路运营有限公司","usage":"main","status":"operational","color":"#C97932","sourceKey":"way:1434652017"}},{"type":"Feature","geometry":{"type":"LineString","coordinates":[[112.841899,23.2297581],[112.8418792,23.2304281]]},"properties":{"key":"way:1434652018@detail:451_92","osmType":"way","osmId":1434652018,"sourceRegion":"guangzhou","featureType":"infrastructure","railClass":"intercity","mode":"rail","name":"广肇城际线","nameEn":"Guangzhou–Foshan–Zhaoqing Intercity Railway","ref":"3060","operator":"广东城际铁路运营有限公司","usage":"main","bridge":"viaduct","status":"operational","color":"#C97932","sourceKey":"way:1434652018"}},{"type":"Feature","geometry":{"type":"LineString","coordinates":[[112.8419221,23.2304321],[112.8419412,23.2297557]]},"properties":{"key":"way:1434652019@detail:451_92","osmType":"way","osmId":1434652019,"sourceRegion":"guangzhou","featureType":"infrastructure","railClass":"intercity","mode":"rail","name":"广肇城际线","nameEn":"Guangzhou–Foshan–Zhaoqing Intercity Railway","ref":"3060","operator":"广东城际铁路运营有限公司","usage":"main","bridge":"viaduct","status":"operational","color":"#C97932","sourceKey":"way:1434652019"}},{"type":"Feature","geometry":{"type":"LineString","coordinates":[[112.8416976,23.2324384],[112.8417683,23.2320227],[112.8418362,23.2315257],[112.8418941,23.2309892],[112.8419221,23.2304321]]},"properties":{"key":"way:1434652020@detail:451_92","osmType":"way","osmId":1434652020,"sourceRegion":"guangzhou","featureType":"infrastructure","railClass":"intercity","mode":"rail","name":"广肇城际线","nameEn":"Guangzhou–Foshan–Zhaoqing Intercity Railway","ref":"3060","operator":"广东城际铁路运营有限公司","usage":"main","status":"operational","color":"#C97932","sourceKey":"way:1434652020"}},{"type":"Feature","geometry":{"type":"LineString","coordinates":[[112.8418792,23.2304281],[112.841846,23.2309856],[112.8417828,23.2315156],[112.8417136,23.2320176],[112.8416444,23.2324441]]},"properties":{"key":"way:1434652021@detail:451_92","osmType":"way","osmId":1434652021,"sourceRegion":"guangzhou","featureType":"infrastructure","railClass":"intercity","mode":"rail","name":"广肇城际线","nameEn":"Guangzhou–Foshan–Zhaoqing Intercity Railway","ref":"3060","operator":"广东城际铁路运营有限公司","usage":"main","status":"operational","color":"#C97932","sourceKey":"way:1434652021"}},{"type":"Feature","geometry":{"type":"LineString","coordinates":[[112.8416444,23.2324441],[112.8415254,23.2330613],[112.8414296,23.2334435],[112.8412765,23.2339275],[112.8410979,23.2344201],[112.8408792,23.2349528],[112.8406113,23.2355444],[112.8401253,23.2364888],[112.8398143,23.2370087],[112.8394613,23.237527],[112.8391501,23.2379287]]},"properties":{"key":"way:1434652022@detail:451_92","osmType":"way","osmId":1434652022,"sourceRegion":"guangzhou","featureType":"infrastructure","railClass":"intercity","mode":"rail","name":"广肇城际线","nameEn":"Guangzhou–Foshan–Zhaoqing Intercity Railway","ref":"3060","operator":"广东城际铁路运营有限公司","usage":"main","bridge":"yes","status":"operational","color":"#C97932","sourceKey":"way:1434652022"}},{"type":"Feature","geometry":{"type":"LineString","coordinates":[[112.8391798,23.2379497],[112.8394959,23.2375329],[112.8398391,23.237027],[112.8401558,23.2365011],[112.8406518,23.2355649],[112.8409163,23.2349646],[112.8411384,23.234441],[112.8412959,23.2340097],[112.8414792,23.2334444],[112.8415734,23.2330518],[112.8416976,23.2324384]]},"properties":{"key":"way:1434652023@detail:451_92","osmType":"way","osmId":1434652023,"sourceRegion":"guangzhou","featureType":"infrastructure","railClass":"intercity","mode":"rail","name":"广肇城际线","nameEn":"Guangzhou–Foshan–Zhaoqing Intercity Railway","ref":"3060","operator":"广东城际铁路运营有限公司","usage":"main","bridge":"yes","status":"operational","color":"#C97932","sourceKey":"way:1434652023"}},{"type":"Feature","geometry":{"type":"LineString","coordinates":[[112.8391501,23.2379287],[112.8386592,23.2385456]]},"properties":{"key":"way:1434652024@detail:451_92","osmType":"way","osmId":1434652024,"sourceRegion":"guangzhou","featureType":"infrastructure","railClass":"intercity","mode":"rail","name":"广肇城际线","nameEn":"Guangzhou–Foshan–Zhaoqing Intercity Railway","ref":"3060","operator":"广东城际铁路运营有限公司","usage":"main","status":"operational","color":"#C97932","sourceKey":"way:1434652024"}},{"type":"Feature","geometry":{"type":"LineString","coordinates":[[112.8386956,23.2385718],[112.8391798,23.2379497]]},"properties":{"key":"way:1434652025@detail:451_92","osmType":"way","osmId":1434652025,"sourceRegion":"guangzhou","featureType":"infrastructure","railClass":"intercity","mode":"rail","name":"广肇城际线","nameEn":"Guangzhou–Foshan–Zhaoqing Intercity Railway","ref":"3060","operator":"广东城际铁路运营有限公司","usage":"main","status":"operational","color":"#C97932","sourceKey":"way:1434652025"}},{"type":"Feature","geometry":{"type":"LineString","coordinates":[[112.9131988,23.1488035],[112.9122049,23.1493249]]},"properties":{"key":"way:1487244672@detail:451_92","osmType":"way","osmId":1487244672,"sourceRegion":"guangzhou","featureType":"infrastructure","railClass":"minor","mode":"rail","name":"未命名","service":"yard","status":"operational","color":"#52636f","sourceKey":"way:1487244672"}},{"type":"Feature","geometry":{"type":"LineString","coordinates":[[112.9028827,23.1545277],[112.9018866,23.1550206]]},"properties":{"key":"way:1487244673@detail:451_92","osmType":"way","osmId":1487244673,"sourceRegion":"guangzhou","featureType":"infrastructure","railClass":"national","mode":"rail","name":"沙狮联络线","usage":"main","status":"operational","color":"#E54848","sourceKey":"way:1487244673"}},{"type":"Feature","geometry":{"type":"LineString","coordinates":[[112.9031612,23.1543917],[112.9028827,23.1545277]]},"properties":{"key":"way:1487244674@detail:451_92","osmType":"way","osmId":1487244674,"sourceRegion":"guangzhou","featureType":"infrastructure","railClass":"national","mode":"rail","name":"沙狮联络线","usage":"main","bridge":"yes","status":"operational","color":"#E54848","sourceKey":"way:1487244674"}},{"type":"Feature","geometry":{"type":"MultiLineString","coordinates":[[[112.9817041,23.116676],[112.9819923,23.1157234],[112.9822999,23.1147095],[112.9825156,23.1140786],[112.9828125,23.1131946],[112.9829655,23.1127561],[112.9830619,23.1124877],[112.983164,23.1122086],[112.9832657,23.1119645],[112.9833694,23.1117267],[112.9834931,23.1114649],[112.9836326,23.1111852],[112.9837607,23.1109508],[112.9839533,23.1106038],[112.9842111,23.1101799],[112.9845096,23.1097283],[112.9847692,23.1093523],[112.9850259,23.1089899],[112.9851843,23.1087836],[112.9853698,23.1085511],[112.985547,23.1083406],[112.9857915,23.1080492],[112.9859795,23.1078328],[112.9861734,23.1076313],[112.9863981,23.1074184],[112.9867017,23.1071407],[112.9873384,23.1066131],[112.9877082,23.1063252],[112.9880842,23.1060401],[112.9885112,23.1057379],[112.988758,23.1055749],[112.9890133,23.1054107],[112.9892536,23.1052614],[112.9897036,23.1049885],[112.9901089,23.104753],[112.9903147,23.104634],[112.9919424,23.1036661],[112.9927809,23.10317],[112.9932665,23.1028695],[112.9936461,23.1026276],[112.9940526,23.1023413],[112.9944117,23.1020739],[112.994689,23.1018508],[112.9949107,23.1016608],[112.9951111,23.1015001],[112.9953877,23.1012509],[112.9955551,23.101096],[112.9957594,23.1008925],[112.9960925,23.1005442],[112.9963282,23.1002915],[112.9965658,23.100011],[112.9967136,23.0998282],[112.9968324,23.0996742],[112.9970933,23.0993395],[112.9974056,23.0989022],[112.9975878,23.0986333],[112.9978093,23.0982872],[112.9980386,23.0978869],[112.9982804,23.0974426],[112.9984197,23.0971807],[112.9986056,23.0968113],[112.9987937,23.0963959],[112.9989195,23.0960948],[112.9990172,23.0958533],[112.9992948,23.0951496],[112.9995438,23.0944807],[112.9998425,23.0936816],[113.0,23.09325305919959]],[[112.9813266,23.1178527],[112.9817041,23.116676]],[[112.9159544,23.186409],[112.9161889,23.1863099],[112.9189671,23.1850856],[112.9196906,23.1847633],[112.9205708,23.1843894],[112.9213485,23.1840503],[112.9223927,23.1835948],[112.9228372,23.1833956],[112.9233539,23.1831503],[112.9239075,23.1828733],[112.9242827,23.1826749],[112.924942,23.1823046],[112.9256716,23.1818601],[112.9265745,23.1813182],[112.9271864,23.1809252],[112.9279911,23.1804412],[112.9288938,23.1798747],[112.929632,23.1794447],[112.930491,23.1789612],[112.9311189,23.1786211],[112.9314974,23.1784147],[112.9328799,23.1777305],[112.9337882,23.177283],[112.9342305,23.1770685],[112.9346012,23.1768757],[112.9351105,23.1766125],[112.9355258,23.1763887],[112.9359149,23.1761661],[112.9363553,23.1759206],[112.9372788,23.1753084],[112.9382079,23.1746693],[112.9391727,23.1740077],[112.939818,23.1735674],[112.9405442,23.1730611],[112.9410353,23.1727299],[112.9417598,23.1722608],[112.9422441,23.1719573],[112.9433373,23.1712844],[112.9454812,23.1700078],[112.9486629,23.1680971],[112.9522928,23.1659636],[112.9537549,23.1650976],[112.9553469,23.1641447],[112.956835,23.1632757],[112.9577817,23.1627231],[112.9582748,23.1624105],[112.9586109,23.1621992],[112.9588779,23.1620263],[112.9592131,23.1618071],[112.9594355,23.161658],[112.9599248,23.1613122],[112.9602954,23.1610301],[112.9604719,23.160896],[112.9614931,23.1600937],[112.961831,23.1598035],[112.9633967,23.1585444],[112.9651969,23.1570779],[112.9660389,23.1563709],[112.9668731,23.1557074],[112.9674282,23.1552055],[112.9680709,23.1546086],[112.9685887,23.1540618],[112.9689366,23.1536722],[112.9697354,23.1527241],[112.9701714,23.1521433],[112.9707825,23.1512808],[112.971355,23.1503079],[112.9717214,23.149625],[112.972051,23.1489739],[112.972349,23.1483004],[112.9726163,23.1476169],[112.9728911,23.1468521],[112.9730597,23.1462628],[112.9732396,23.1456448],[112.9734171,23.1449382],[112.9736762,23.1436373],[112.973887,23.1426316],[112.9753777,23.135705],[112.9755694,23.1349394],[112.9761572,23.1330576],[112.977098,23.1302712],[112.9784839,23.1261914],[112.9787906,23.1252909],[112.9790969,23.1243913],[112.9799799,23.1218406],[112.9805133,23.1202812],[112.9813266,23.1178527]],[[112.9111652,23.1884527],[112.9119385,23.1881229],[112.9125918,23.1878237],[112.9135569,23.1874176],[112.9146115,23.1869717],[112.9159544,23.186409]],[[112.8966916,23.1902937],[112.8974783,23.1905153],[112.8980502,23.1906646],[112.89919,23.1908946],[112.9002823,23.190993],[112.9011086,23.1910562],[112.9020181,23.1910893],[112.9031155,23.1910229],[112.9034059,23.1909956],[112.9037097,23.1909621],[112.9039757,23.1909234],[112.9042746,23.1908649],[112.9050869,23.19069],[112.9056677,23.1905583],[112.9063372,23.1903694],[112.9065738,23.1902981],[112.907369,23.1900257],[112.9077151,23.1898983],[112.9079689,23.1897926],[112.9084974,23.1895711],[112.9092853,23.1892408],[112.9103766,23.1887891],[112.9111652,23.1884527]],[[112.8513175,23.1841453],[112.8522977,23.1833973],[112.8533248,23.1827607],[112.8552487,23.1816764],[112.8556039,23.181528],[112.8559859,23.1813819],[112.8564382,23.1812245],[112.8568163,23.1811153],[112.857278,23.1810026],[112.8581406,23.1808067],[112.8590891,23.1806256],[112.8597871,23.1805428],[112.860469,23.1804922],[112.8609757,23.1804752],[112.861467,23.1804918],[112.8618863,23.1805199],[112.862806,23.1805886],[112.8632099,23.1806463],[112.863927,23.1807762],[112.8649917,23.1810615],[112.8668978,23.1816238],[112.8733169,23.1836025],[112.874316,23.1838817],[112.87503,23.1840667],[112.8755552,23.1841771],[112.8761596,23.1842881],[112.8768372,23.1843683],[112.8776124,23.1844293],[112.880079,23.1845604],[112.883119,23.1845234],[112.8846749,23.1845959],[112.8853307,23.1846773],[112.8859929,23.1847868],[112.886458,23.1849116],[112.886933,23.1851044],[112.8874868,23.185381],[112.8880061,23.1856726],[112.8885987,23.1860272],[112.8907954,23.1873525],[112.891274,23.1876485],[112.8929179,23.1886524],[112.8940678,23.1892732],[112.8944973,23.1894839],[112.8948953,23.1896609],[112.89537,23.1898474],[112.8966916,23.1902937]],[[112.8407751,23.2218973],[112.8405418,23.2205065],[112.8403663,23.2194604],[112.8395907,23.2148994],[112.8392115,23.2122869],[112.8391117,23.2110681],[112.8392091,23.2097057],[112.8393486,23.2085662],[112.8396222,23.2073916],[112.8404655,23.204601],[112.8431199,23.1961183],[112.8433679,23.1953259],[112.843945,23.1937965],[112.8444171,23.1928054],[112.8449977,23.1918426],[112.8457528,23.1907196],[112.8493479,23.186124],[112.850047,23.1853275],[112.8508034,23.1845952],[112.8513175,23.1841453]],[[112.8409556,23.2229094],[112.8407751,23.2218973]],[[112.8411205,23.2238348],[112.8409556,23.2229094]],[[112.8413563,23.2251572],[112.8411205,23.2238348]],[[112.8417336,23.2273046],[112.8413563,23.2251572]],[[112.841849,23.22817],[112.8417336,23.2273046]],[[112.8419116,23.2288261],[112.841849,23.22817]],[[112.8419412,23.2297557],[112.8419116,23.2288261]],[[112.8419221,23.2304321],[112.8419412,23.2297557]],[[112.8416976,23.2324384],[112.8417683,23.2320227],[112.8418362,23.2315257],[112.8418941,23.2309892],[112.8419221,23.2304321]],[[112.8391798,23.2379497],[112.8394959,23.2375329],[112.8398391,23.237027],[112.8401558,23.2365011],[112.8406518,23.2355649],[112.8409163,23.2349646],[112.8411384,23.234441],[112.8412959,23.2340097],[112.8414792,23.2334444],[112.8415734,23.2330518],[112.8416976,23.2324384]],[[112.8386956,23.2385718],[112.8391798,23.2379497]],[[112.8279544,23.2444488],[112.8307498,23.2436042],[112.8318466,23.2432402],[112.8331535,23.2427328],[112.8337505,23.2424761],[112.8346296,23.2420187],[112.8358353,23.2412682],[112.8366566,23.2406354],[112.8371101,23.2402634],[112.8374833,23.2399348],[112.8377802,23.2396166],[112.8386956,23.2385718]],[[112.81913460336285,23.25],[112.8217276,23.2478727],[112.8231398,23.246781],[112.8241469,23.2460811],[112.8246646,23.2457693],[112.8251018,23.2455278],[112.8257764,23.2452062],[112.826223,23.2450263],[112.8279544,23.2444488]]]},"properties":{"key":"relation:17641022@detail:451_92","osmType":"relation","osmId":17641022,"sourceRegion":"guangzhou","featureType":"service","railClass":"intercity","mode":"train","name":"广肇-广惠城际快车: 肇庆=>惠州北","nameEn":"Guangzhao - Guanghui Intercity Railway Express:Zhaoqing => Huizhoubei","operator":"广东城际","network":"珠三角城际","status":"operational","color":"#2C956F","sourceKey":"relation:17641022"}},{"type":"Feature","geometry":{"type":"MultiLineString","coordinates":[[[113.0,23.093120275354284],[112.9999909,23.0931442],[112.9997985,23.0936678],[112.9994998,23.0944668],[112.9992509,23.0951354],[112.9989735,23.0958385],[112.998876,23.0960797],[112.9987505,23.09638],[112.998563,23.0967941],[112.9983777,23.0971623],[112.9982387,23.0974236],[112.9979972,23.0978673],[112.9977686,23.0982664],[112.997548,23.0986111],[112.9973664,23.0988791],[112.9970549,23.0993153],[112.9967945,23.0996493],[112.996676,23.099803],[112.9965288,23.0999851],[112.9962922,23.1002644],[112.9960574,23.1005161],[112.9957248,23.1008638],[112.9955215,23.1010664],[112.9953549,23.1012205],[112.9950795,23.1014687],[112.9948795,23.101629],[112.9946578,23.101819],[112.9943817,23.1020411],[112.9940238,23.1023077],[112.9936187,23.102593],[112.9932403,23.1028342],[112.9927553,23.1031342],[112.9919172,23.1036301],[112.9902897,23.1045979],[112.9900841,23.1047168],[112.9896784,23.1049525],[112.9892278,23.1052258],[112.9889869,23.1053754],[112.9887311,23.10554],[112.9884834,23.1057036],[112.9880552,23.1060066],[112.9876784,23.1062924],[112.9873078,23.1065809],[112.9866697,23.1071096],[112.986365,23.1073883],[112.9861393,23.1076022],[112.9859439,23.1078052],[112.9857549,23.1080228],[112.9855102,23.1083144],[112.9853326,23.1085253],[112.9851465,23.1087586],[112.9849874,23.1089659],[112.9847301,23.1093291],[112.9844701,23.1097057],[112.9841709,23.1101583],[112.9839123,23.1105836],[112.9837192,23.1109315],[112.9835907,23.1111667],[112.9834506,23.1114474],[112.9833265,23.1117102],[112.9832224,23.1119489],[112.9831202,23.1121941],[112.9830178,23.1124742],[112.9829213,23.1127429],[112.9827681,23.1131817],[112.9824712,23.1140659],[112.9822555,23.1146966],[112.9819479,23.1157106],[112.9816596,23.1166636]],[[112.9816596,23.1166636],[112.981282,23.1178404]],[[112.981282,23.1178404],[112.980469,23.120268],[112.9799355,23.1218278],[112.9790524,23.1243787],[112.9787459,23.1252788],[112.9784395,23.1261785],[112.9770536,23.1302585],[112.9761123,23.1330462],[112.9755243,23.1349289],[112.9753323,23.1356957],[112.9738413,23.1426234],[112.9736305,23.1436292],[112.9733715,23.1449299],[112.9731942,23.1456352],[112.9730148,23.1462516],[112.9728466,23.1468395],[112.9725724,23.1476027],[112.9723057,23.1482848],[112.9720083,23.1489568],[112.9716794,23.1496066],[112.9713136,23.1502883],[112.9707422,23.1512594],[112.9701325,23.1521198],[112.969698,23.1526987],[112.9689001,23.1536456],[112.968553,23.1540343],[112.968036,23.1545804],[112.9673965,23.1551742],[112.9668422,23.1556754],[112.9660082,23.1563388],[112.965166,23.1570459],[112.9633661,23.1585122],[112.9618001,23.1597715],[112.9614617,23.1600621],[112.9604416,23.1608636],[112.9602661,23.1609969],[112.9598956,23.1612789],[112.9594071,23.1616241],[112.9591859,23.1617724],[112.958851,23.1619914],[112.9585841,23.1621642],[112.9582482,23.1623754],[112.9577556,23.1626877],[112.9568093,23.16324],[112.9553214,23.1641089],[112.9537296,23.1650617],[112.9522677,23.1659276],[112.9486376,23.1680612],[112.9454558,23.1699719],[112.9433117,23.1712487],[112.9422181,23.1719219],[112.9417333,23.1722256],[112.9410081,23.1726952],[112.9405164,23.1730268],[112.9397901,23.1735332],[112.9391449,23.1739734],[112.9381801,23.174635],[112.9372513,23.1752739],[112.9363296,23.1758849],[112.9358905,23.1761297],[112.9355017,23.1763521],[112.9350873,23.1765754],[112.9345783,23.1768384],[112.9342082,23.177031],[112.9337664,23.1772452],[112.9328579,23.1776928],[112.9314745,23.1783775],[112.9310952,23.1785843],[112.930467,23.1789245],[112.9296074,23.1794084],[112.9288682,23.179839],[112.9279652,23.1804056],[112.9271603,23.1808898],[112.9265485,23.1812828],[112.925646,23.1818244],[112.924917,23.1822685],[112.924259,23.1826381],[112.9238848,23.182836],[112.9233321,23.1831125],[112.9228163,23.1833574],[112.9223725,23.1835563],[112.9213286,23.1840117],[112.9205511,23.1843507],[112.9196707,23.1847246],[112.918947,23.185047],[112.916163,23.1862863],[112.9159424,23.1863802]],[[112.9159424,23.1863802],[112.914619,23.1869383],[112.9135426,23.1873904],[112.912577,23.1877989],[112.9119209,23.1880903],[112.9111457,23.1884188]],[[112.9111457,23.1884188],[112.9103609,23.1887515],[112.9092717,23.1892132],[112.9084779,23.1895322],[112.9079496,23.1897537],[112.9076968,23.1898589],[112.9073522,23.1899858],[112.9065584,23.1902577],[112.9063231,23.1903286],[112.9056553,23.1905171],[112.905076,23.1906484],[112.9042644,23.1908232],[112.9039672,23.1908813],[112.9037033,23.1909197],[112.9034008,23.1909531],[112.9031116,23.1909803],[112.9020175,23.1910465],[112.9011115,23.1910135],[112.9002865,23.1909504],[112.8991973,23.1908523],[112.8980616,23.1906231],[112.8974915,23.1904743],[112.8967065,23.1902532]],[[112.8967065,23.1902532],[112.8953872,23.1898076],[112.8949146,23.189622],[112.8945184,23.1894458],[112.8940905,23.1892359],[112.8929426,23.1886161],[112.8912999,23.1876129],[112.8908212,23.1873169],[112.8886242,23.1859914],[112.8880309,23.1856364],[112.88751,23.1853439],[112.8869535,23.185066],[112.886474,23.1848713],[112.8860036,23.1847451],[112.8853379,23.184635],[112.8846792,23.1845533],[112.8831199,23.1844806],[112.88008,23.1845176],[112.8776157,23.1843866],[112.8768422,23.1843258],[112.8761671,23.1842459],[112.8755649,23.1841353],[112.8750415,23.1840252],[112.8743291,23.1838407],[112.8733311,23.1835618],[112.8669123,23.1815832],[112.8650053,23.1810206],[112.863938,23.1807346],[112.863218,23.1806042],[112.8628115,23.1805461],[112.8618899,23.1804773],[112.8614695,23.1804491],[112.8609757,23.1804324],[112.8604663,23.1804495],[112.8597822,23.1805002],[112.8590814,23.1805834],[112.8581303,23.180765],[112.8572664,23.1809612],[112.8568033,23.1810742],[112.856423,23.1811841],[112.8559687,23.1813421],[112.8555853,23.1814888],[112.8552268,23.1816386],[112.8532996,23.1827247],[112.8522698,23.183363],[112.8512866,23.1841133]],[[112.8512866,23.1841133],[112.8507705,23.184565],[112.850012,23.1852993],[112.8493109,23.1860981],[112.8457141,23.1906958],[112.8449575,23.191821],[112.8443753,23.1927864],[112.8439016,23.1937809],[112.8433235,23.195313],[112.8430808,23.1960887],[112.8404207,23.2045894],[112.839577,23.2073814],[112.8393026,23.2085593],[112.8391627,23.2097019],[112.8390651,23.2110683],[112.8391652,23.2122913],[112.8395446,23.2149055],[112.8403203,23.219467],[112.8404958,23.220513],[112.8407291,23.221904]],[[112.8407291,23.221904],[112.8409097,23.2229163]],[[112.8409097,23.2229163],[112.8410746,23.2238417]],[[112.8410746,23.2238417],[112.8413103,23.2251637]],[[112.8413103,23.2251637],[112.8416844,23.2273165]],[[112.8416844,23.2273165],[112.8418005,23.2281757]],[[112.8418005,23.2281757],[112.8418647,23.2288289]],[[112.8418647,23.2288289],[112.841899,23.2297581]],[[112.841899,23.2297581],[112.8418792,23.2304281]],[[112.8418792,23.2304281],[112.841846,23.2309856],[112.8417828,23.2315156],[112.8417136,23.2320176],[112.8416444,23.2324441]],[[112.8416444,23.2324441],[112.8415254,23.2330613],[112.8414296,23.2334435],[112.8412765,23.2339275],[112.8410979,23.2344201],[112.8408792,23.2349528],[112.8406113,23.2355444],[112.8401253,23.2364888],[112.8398143,23.2370087],[112.8394613,23.237527],[112.8391501,23.2379287]],[[112.8391501,23.2379287],[112.8386592,23.2385456]],[[112.8386592,23.2385456],[112.8377327,23.239604],[112.8374544,23.2399093],[112.8370603,23.2402601],[112.8366432,23.2406009],[112.8358112,23.2412382],[112.8346434,23.2419607],[112.8337481,23.2424328],[112.833133,23.2426942],[112.8318552,23.243184],[112.830747,23.243561],[112.8279363,23.2444138]],[[112.8279363,23.2444138],[112.8262049,23.2449869],[112.8257563,23.2451676],[112.8250791,23.2454905],[112.8246398,23.2457331],[112.8241201,23.2460461],[112.8231108,23.2467476],[112.8216971,23.2478404],[112.81906476210222,23.25]]]},"properties":{"key":"relation:17641023@detail:451_92","osmType":"relation","osmId":17641023,"sourceRegion":"guangzhou","featureType":"service","railClass":"intercity","mode":"train","name":"广肇-广惠城际快车: 惠州北=>肇庆","nameEn":"Guangzhao - Guanghui Intercity Railway Express: Huizhoubei => Zhaoqing","operator":"广东城际","network":"珠三角城际","status":"operational","color":"#2C956F","sourceKey":"relation:17641023"}},{"type":"Feature","geometry":{"type":"MultiLineString","coordinates":[[[112.9790394,23.1243374],[112.9784161,23.1261424],[112.9783736,23.12613],[112.9784612,23.1258759],[112.9784022,23.1258587],[112.978859,23.1245343],[112.9789239,23.1245533],[112.9790022,23.1243265],[112.9790394,23.1243374]],[[112.9125309,23.1877108],[112.9125546,23.1877569],[112.9144854,23.1869351],[112.9144633,23.1868881],[112.9142338,23.1869657],[112.9127118,23.1876251],[112.9125309,23.1877108]],[[112.8402867,23.2195792],[112.8403286,23.2195733],[112.8406364,23.2214366],[112.8405883,23.2214433],[112.8405467,23.2211913],[112.8405004,23.2211977],[112.8402783,23.2198504],[112.8403303,23.2198431],[112.8402867,23.2195792]],[[113.0,23.093120275354284],[112.9999909,23.0931442],[112.9997985,23.0936678],[112.9994998,23.0944668],[112.9992509,23.0951354],[112.9989735,23.0958385],[112.998876,23.0960797],[112.9987505,23.09638],[112.998563,23.0967941],[112.9983777,23.0971623],[112.9982387,23.0974236],[112.9979972,23.0978673],[112.9977686,23.0982664],[112.997548,23.0986111],[112.9973664,23.0988791],[112.9970549,23.0993153],[112.9967945,23.0996493],[112.996676,23.099803],[112.9965288,23.0999851],[112.9962922,23.1002644],[112.9960574,23.1005161],[112.9957248,23.1008638],[112.9955215,23.1010664],[112.9953549,23.1012205],[112.9950795,23.1014687],[112.9948795,23.101629],[112.9946578,23.101819],[112.9943817,23.1020411],[112.9940238,23.1023077],[112.9936187,23.102593],[112.9932403,23.1028342],[112.9927553,23.1031342],[112.9919172,23.1036301],[112.9902897,23.1045979],[112.9900841,23.1047168],[112.9896784,23.1049525],[112.9892278,23.1052258],[112.9889869,23.1053754],[112.9887311,23.10554],[112.9884834,23.1057036],[112.9880552,23.1060066],[112.9876784,23.1062924],[112.9873078,23.1065809],[112.9866697,23.1071096],[112.986365,23.1073883],[112.9861393,23.1076022],[112.9859439,23.1078052],[112.9857549,23.1080228],[112.9855102,23.1083144],[112.9853326,23.1085253],[112.9851465,23.1087586],[112.9849874,23.1089659],[112.9847301,23.1093291],[112.9844701,23.1097057],[112.9841709,23.1101583],[112.9839123,23.1105836],[112.9837192,23.1109315],[112.9835907,23.1111667],[112.9834506,23.1114474],[112.9833265,23.1117102],[112.9832224,23.1119489],[112.9831202,23.1121941],[112.9830178,23.1124742],[112.9829213,23.1127429],[112.9827681,23.1131817],[112.9824712,23.1140659],[112.9822555,23.1146966],[112.9819479,23.1157106],[112.9816596,23.1166636]],[[112.9816596,23.1166636],[112.981282,23.1178404]],[[112.981282,23.1178404],[112.980469,23.120268],[112.9799355,23.1218278],[112.9790524,23.1243787],[112.9787459,23.1252788],[112.9784395,23.1261785],[112.9770536,23.1302585],[112.9761123,23.1330462],[112.9755243,23.1349289],[112.9753323,23.1356957],[112.9738413,23.1426234],[112.9736305,23.1436292],[112.9733715,23.1449299],[112.9731942,23.1456352],[112.9730148,23.1462516],[112.9728466,23.1468395],[112.9725724,23.1476027],[112.9723057,23.1482848],[112.9720083,23.1489568],[112.9716794,23.1496066],[112.9713136,23.1502883],[112.9707422,23.1512594],[112.9701325,23.1521198],[112.969698,23.1526987],[112.9689001,23.1536456],[112.968553,23.1540343],[112.968036,23.1545804],[112.9673965,23.1551742],[112.9668422,23.1556754],[112.9660082,23.1563388],[112.965166,23.1570459],[112.9633661,23.1585122],[112.9618001,23.1597715],[112.9614617,23.1600621],[112.9604416,23.1608636],[112.9602661,23.1609969],[112.9598956,23.1612789],[112.9594071,23.1616241],[112.9591859,23.1617724],[112.958851,23.1619914],[112.9585841,23.1621642],[112.9582482,23.1623754],[112.9577556,23.1626877],[112.9568093,23.16324],[112.9553214,23.1641089],[112.9537296,23.1650617],[112.9522677,23.1659276],[112.9486376,23.1680612],[112.9454558,23.1699719],[112.9433117,23.1712487],[112.9422181,23.1719219],[112.9417333,23.1722256],[112.9410081,23.1726952],[112.9405164,23.1730268],[112.9397901,23.1735332],[112.9391449,23.1739734],[112.9381801,23.174635],[112.9372513,23.1752739],[112.9363296,23.1758849],[112.9358905,23.1761297],[112.9355017,23.1763521],[112.9350873,23.1765754],[112.9345783,23.1768384],[112.9342082,23.177031],[112.9337664,23.1772452],[112.9328579,23.1776928],[112.9314745,23.1783775],[112.9310952,23.1785843],[112.930467,23.1789245],[112.9296074,23.1794084],[112.9288682,23.179839],[112.9279652,23.1804056],[112.9271603,23.1808898],[112.9265485,23.1812828],[112.925646,23.1818244],[112.924917,23.1822685],[112.924259,23.1826381],[112.9238848,23.182836],[112.9233321,23.1831125],[112.9228163,23.1833574],[112.9223725,23.1835563],[112.9213286,23.1840117],[112.9205511,23.1843507],[112.9196707,23.1847246],[112.918947,23.185047],[112.916163,23.1862863],[112.9159424,23.1863802]],[[112.9159424,23.1863802],[112.9156287,23.1864885],[112.9152288,23.1866268],[112.9147789,23.1867736],[112.9144981,23.1868593],[112.9142483,23.186943],[112.9134813,23.187274],[112.9126267,23.1876438],[112.9123908,23.1877624],[112.9120536,23.1879502],[112.9116587,23.1881516],[112.9111457,23.1884188]],[[112.9111457,23.1884188],[112.9103609,23.1887515],[112.9092717,23.1892132],[112.9084779,23.1895322],[112.9079496,23.1897537],[112.9076968,23.1898589],[112.9073522,23.1899858],[112.9065584,23.1902577],[112.9063231,23.1903286],[112.9056553,23.1905171],[112.905076,23.1906484],[112.9042644,23.1908232],[112.9039672,23.1908813],[112.9037033,23.1909197],[112.9034008,23.1909531],[112.9031116,23.1909803],[112.9020175,23.1910465],[112.9011115,23.1910135],[112.9002865,23.1909504],[112.8991973,23.1908523],[112.8980616,23.1906231],[112.8974915,23.1904743],[112.8967065,23.1902532]],[[112.8967065,23.1902532],[112.8953872,23.1898076],[112.8949146,23.189622],[112.8945184,23.1894458],[112.8940905,23.1892359],[112.8929426,23.1886161],[112.8912999,23.1876129],[112.8908212,23.1873169],[112.8886242,23.1859914],[112.8880309,23.1856364],[112.88751,23.1853439],[112.8869535,23.185066],[112.886474,23.1848713],[112.8860036,23.1847451],[112.8853379,23.184635],[112.8846792,23.1845533],[112.8831199,23.1844806],[112.88008,23.1845176],[112.8776157,23.1843866],[112.8768422,23.1843258],[112.8761671,23.1842459],[112.8755649,23.1841353],[112.8750415,23.1840252],[112.8743291,23.1838407],[112.8733311,23.1835618],[112.8669123,23.1815832],[112.8650053,23.1810206],[112.863938,23.1807346],[112.863218,23.1806042],[112.8628115,23.1805461],[112.8618899,23.1804773],[112.8614695,23.1804491],[112.8609757,23.1804324],[112.8604663,23.1804495],[112.8597822,23.1805002],[112.8590814,23.1805834],[112.8581303,23.180765],[112.8572664,23.1809612],[112.8568033,23.1810742],[112.856423,23.1811841],[112.8559687,23.1813421],[112.8555853,23.1814888],[112.8552268,23.1816386],[112.8532996,23.1827247],[112.8522698,23.183363],[112.8512866,23.1841133]],[[112.8512866,23.1841133],[112.8507705,23.184565],[112.850012,23.1852993],[112.8493109,23.1860981],[112.8457141,23.1906958],[112.8449575,23.191821],[112.8443753,23.1927864],[112.8439016,23.1937809],[112.8433235,23.195313],[112.8430808,23.1960887],[112.8404207,23.2045894],[112.839577,23.2073814],[112.8393026,23.2085593],[112.8391627,23.2097019],[112.8390651,23.2110683],[112.8391652,23.2122913],[112.8395446,23.2149055],[112.8403203,23.219467],[112.8404958,23.220513],[112.8407291,23.221904]],[[112.8407291,23.221904],[112.8409097,23.2229163]],[[112.8409097,23.2229163],[112.8410746,23.2238417]],[[112.8410746,23.2238417],[112.8413103,23.2251637]],[[112.8413103,23.2251637],[112.8416844,23.2273165]],[[112.8416844,23.2273165],[112.8418005,23.2281757]],[[112.8418005,23.2281757],[112.8418647,23.2288289]],[[112.8418647,23.2288289],[112.841899,23.2297581]],[[112.841899,23.2297581],[112.8418792,23.2304281]],[[112.8418792,23.2304281],[112.841846,23.2309856],[112.8417828,23.2315156],[112.8417136,23.2320176],[112.8416444,23.2324441]],[[112.8416444,23.2324441],[112.8415254,23.2330613],[112.8414296,23.2334435],[112.8412765,23.2339275],[112.8410979,23.2344201],[112.8408792,23.2349528],[112.8406113,23.2355444],[112.8401253,23.2364888],[112.8398143,23.2370087],[112.8394613,23.237527],[112.8391501,23.2379287]],[[112.8391501,23.2379287],[112.8386592,23.2385456]],[[112.8386592,23.2385456],[112.8377327,23.239604],[112.8374544,23.2399093],[112.8370603,23.2402601],[112.8366432,23.2406009],[112.8358112,23.2412382],[112.8346434,23.2419607],[112.8337481,23.2424328],[112.833133,23.2426942],[112.8318552,23.243184],[112.830747,23.243561],[112.8279363,23.2444138]],[[112.8279363,23.2444138],[112.8262049,23.2449869],[112.8257563,23.2451676],[112.8250791,23.2454905],[112.8246398,23.2457331],[112.8241201,23.2460461],[112.8231108,23.2467476],[112.8216971,23.2478404],[112.81906476210222,23.25]],[[112.9652556,23.1569487],[112.9668359,23.1556606],[112.9668079,23.1556316],[112.9665634,23.155831],[112.9665134,23.1557791],[112.9654193,23.1566716],[112.9654639,23.1567178],[112.9652227,23.1569146],[112.9652556,23.1569487]]]},"properties":{"key":"relation:20107347@detail:451_92","osmType":"relation","osmId":20107347,"sourceRegion":"guangzhou","featureType":"service","railClass":"intercity","mode":"train","name":"广州东环-广佛南环-广肇城际：花都=>肇庆","nameEn":"Guangzhou East Ring - Guangzhou-Foshan South Ring - Guangzhou-Zhaoqing ICR Trains: Huadu => Zhaoqing","operator":"广东城际铁路运营有限公司","network":"珠三角城际","status":"operational","color":"#C97932","sourceKey":"relation:20107347"}},{"type":"Feature","geometry":{"type":"Point","coordinates":[112.9660389,23.1563709]},"properties":{"key":"node:4102745065","osmType":"node","osmId":4102745065,"sourceRegion":"guangdong","featureType":"station","railClass":"minor","mode":"stop","name":"狮山北","nameEn":"Shishanbei","status":"operational","color":"#52636F","dataOrigin":"datum-2026-08-01","sourceKey":"node:4102745065","stationGroup":"狮山北","hasOperationalRail":true,"hasConstructionRail":false}},{"type":"Feature","geometry":{"type":"Point","coordinates":[112.9660082,23.1563388]},"properties":{"key":"node:5922621843","osmType":"node","osmId":5922621843,"sourceRegion":"guangdong","featureType":"station","railClass":"minor","mode":"stop","name":"狮山北","nameEn":"Shishanbei","status":"operational","color":"#52636F","dataOrigin":"datum-2026-08-01","sourceKey":"node:5922621843","stationGroup":"狮山北","hasOperationalRail":true,"hasConstructionRail":false}},{"type":"Feature","geometry":{"type":"Point","coordinates":[112.9864888,23.1306159]},"properties":{"key":"node:11367930413","osmType":"node","osmId":11367930413,"sourceRegion":"guangdong","featureType":"station","railClass":"construction","mode":"subway","name":"狮山北","status":"construction","color":"#8A9298","dataOrigin":"datum-2026-08-01","sourceKey":"node:11367930413","stationGroup":"狮山北","hasOperationalRail":false,"hasConstructionRail":true}},{"type":"Feature","geometry":{"type":"Point","coordinates":[112.993136,23.1236184]},"properties":{"key":"node:11891350888","osmType":"node","osmId":11891350888,"sourceRegion":"guangdong","featureType":"station","railClass":"construction","mode":"subway","name":"博爱路","operator":"佛山市轨道交通发展有限公司","status":"construction","color":"#8A9298","dataOrigin":"datum-2026-08-01","sourceKey":"node:11891350888","stationGroup":"博爱路","hasOperationalRail":false,"hasConstructionRail":true}},{"type":"Feature","geometry":{"type":"Point","coordinates":[112.9787459,23.1252788]},"properties":{"key":"node:11934694261","osmType":"node","osmId":11934694261,"sourceRegion":"guangdong","featureType":"station","railClass":"intercity","mode":"stop","name":"狮山","nameEn":"Shishan","operator":"广东城际铁路运营有限公司","status":"operational","color":"#147D92","dataOrigin":"datum-2026-08-01","sourceKey":"node:11934694261","stationGroup":"狮山","hasOperationalRail":true,"hasConstructionRail":false}},{"type":"Feature","geometry":{"type":"Point","coordinates":[112.9787906,23.1252909]},"properties":{"key":"node:11934694262","osmType":"node","osmId":11934694262,"sourceRegion":"guangdong","featureType":"station","railClass":"intercity","mode":"stop","name":"狮山","nameEn":"Shishan","operator":"广东城际铁路运营有限公司","status":"operational","color":"#147D92","dataOrigin":"datum-2026-08-01","sourceKey":"node:11934694262","stationGroup":"狮山","hasOperationalRail":true,"hasConstructionRail":false}},{"type":"Feature","geometry":{"type":"Point","coordinates":[112.9136171,23.187532]},"properties":{"key":"node:11934694263","osmType":"node","osmId":11934694263,"sourceRegion":"guangdong","featureType":"station","railClass":"minor","mode":"stop","name":"三水北","nameEn":"Sanshui North","status":"operational","color":"#52636F","dataOrigin":"datum-2026-08-01","sourceKey":"node:11934694263","stationGroup":"三水北","hasOperationalRail":true,"hasConstructionRail":false}},{"type":"Feature","geometry":{"type":"Point","coordinates":[112.9134813,23.187274]},"properties":{"key":"node:11934694264","osmType":"node","osmId":11934694264,"sourceRegion":"guangdong","featureType":"station","railClass":"minor","mode":"stop","name":"三水北","nameEn":"Sanshui North","status":"operational","color":"#52636F","dataOrigin":"datum-2026-08-01","sourceKey":"node:11934694264","stationGroup":"三水北","hasOperationalRail":true,"hasConstructionRail":false}},{"type":"Feature","geometry":{"type":"Point","coordinates":[112.9135426,23.1873904]},"properties":{"key":"node:11934694265","osmType":"node","osmId":11934694265,"sourceRegion":"guangdong","featureType":"station","railClass":"minor","mode":"stop","name":"三水北","nameEn":"Sanshui North","status":"operational","color":"#52636F","dataOrigin":"datum-2026-08-01","sourceKey":"node:11934694265","stationGroup":"三水北","hasOperationalRail":true,"hasConstructionRail":false}},{"type":"Feature","geometry":{"type":"Point","coordinates":[112.9135569,23.1874176]},"properties":{"key":"node:11934694266","osmType":"node","osmId":11934694266,"sourceRegion":"guangdong","featureType":"station","railClass":"minor","mode":"stop","name":"三水北","nameEn":"Sanshui North","status":"operational","color":"#52636F","dataOrigin":"datum-2026-08-01","sourceKey":"node:11934694266","stationGroup":"三水北","hasOperationalRail":true,"hasConstructionRail":false}},{"type":"Feature","geometry":{"type":"Point","coordinates":[112.8404958,23.220513]},"properties":{"key":"node:11934694267","osmType":"node","osmId":11934694267,"sourceRegion":"guangdong","featureType":"station","railClass":"minor","mode":"stop","name":"云东海","nameEn":"Yundonghai","status":"operational","color":"#52636F","dataOrigin":"datum-2026-08-01","sourceKey":"node:11934694267","stationGroup":"云东海","hasOperationalRail":true,"hasConstructionRail":false}},{"type":"Feature","geometry":{"type":"Point","coordinates":[112.8405418,23.2205065]},"properties":{"key":"node:11934694268","osmType":"node","osmId":11934694268,"sourceRegion":"guangdong","featureType":"station","railClass":"minor","mode":"stop","name":"云东海","nameEn":"Yundonghai","status":"operational","color":"#52636F","dataOrigin":"datum-2026-08-01","sourceKey":"node:11934694268","stationGroup":"云东海","hasOperationalRail":true,"hasConstructionRail":false}},{"type":"Feature","geometry":{"type":"MultiLineString","coordinates":[[[112.81913460336285,23.25],[112.8217276,23.2478727],[112.8231398,23.246781],[112.8241469,23.2460811],[112.8246646,23.2457693],[112.8251018,23.2455278],[112.8257764,23.2452062],[112.826223,23.2450263],[112.8279544,23.2444488]],[[112.8279544,23.2444488],[112.8307498,23.2436042],[112.8318466,23.2432402],[112.8331535,23.2427328],[112.8337505,23.2424761],[112.8346296,23.2420187],[112.8358353,23.2412682],[112.8366566,23.2406354],[112.8371101,23.2402634],[112.8374833,23.2399348],[112.8377802,23.2396166],[112.8386956,23.2385718]],[[112.8386956,23.2385718],[112.8391798,23.2379497]],[[112.8391798,23.2379497],[112.8394959,23.2375329],[112.8398391,23.237027],[112.8401558,23.2365011],[112.8406518,23.2355649],[112.8409163,23.2349646],[112.8411384,23.234441],[112.8412959,23.2340097],[112.8414792,23.2334444],[112.8415734,23.2330518],[112.8416976,23.2324384]],[[112.8416976,23.2324384],[112.8417683,23.2320227],[112.8418362,23.2315257],[112.8418941,23.2309892],[112.8419221,23.2304321]],[[112.8419221,23.2304321],[112.8419412,23.2297557]],[[112.8419412,23.2297557],[112.8419116,23.2288261]],[[112.8419116,23.2288261],[112.841849,23.22817]],[[112.841849,23.22817],[112.8417336,23.2273046]],[[112.8417336,23.2273046],[112.8413563,23.2251572]],[[112.8413563,23.2251572],[112.8411205,23.2238348]],[[112.8411205,23.2238348],[112.8409556,23.2229094]],[[112.8409556,23.2229094],[112.8407751,23.2218973]],[[112.8407751,23.2218973],[112.8405418,23.2205065],[112.8403663,23.2194604],[112.8395907,23.2148994],[112.8392115,23.2122869],[112.8391117,23.2110681],[112.8392091,23.2097057],[112.8393486,23.2085662],[112.8396222,23.2073916],[112.8404655,23.204601],[112.8431199,23.1961183],[112.8433679,23.1953259],[112.843945,23.1937965],[112.8444171,23.1928054],[112.8449977,23.1918426],[112.8457528,23.1907196],[112.8493479,23.186124],[112.850047,23.1853275],[112.8508034,23.1845952],[112.8513175,23.1841453]],[[112.8513175,23.1841453],[112.8522977,23.1833973],[112.8533248,23.1827607],[112.8552487,23.1816764],[112.8556039,23.181528],[112.8559859,23.1813819],[112.8564382,23.1812245],[112.8568163,23.1811153],[112.857278,23.1810026],[112.8581406,23.1808067],[112.8590891,23.1806256],[112.8597871,23.1805428],[112.860469,23.1804922],[112.8609757,23.1804752],[112.861467,23.1804918],[112.8618863,23.1805199],[112.862806,23.1805886],[112.8632099,23.1806463],[112.863927,23.1807762],[112.8649917,23.1810615],[112.8668978,23.1816238],[112.8733169,23.1836025],[112.874316,23.1838817],[112.87503,23.1840667],[112.8755552,23.1841771],[112.8761596,23.1842881],[112.8768372,23.1843683],[112.8776124,23.1844293],[112.880079,23.1845604],[112.883119,23.1845234],[112.8846749,23.1845959],[112.8853307,23.1846773],[112.8859929,23.1847868],[112.886458,23.1849116],[112.886933,23.1851044],[112.8874868,23.185381],[112.8880061,23.1856726],[112.8885987,23.1860272],[112.8907954,23.1873525],[112.891274,23.1876485],[112.8929179,23.1886524],[112.8940678,23.1892732],[112.8944973,23.1894839],[112.8948953,23.1896609],[112.89537,23.1898474],[112.8966916,23.1902937]],[[112.8966916,23.1902937],[112.8974783,23.1905153],[112.8980502,23.1906646],[112.89919,23.1908946],[112.9002823,23.190993],[112.9011086,23.1910562],[112.9020181,23.1910893],[112.9031155,23.1910229],[112.9034059,23.1909956],[112.9037097,23.1909621],[112.9039757,23.1909234],[112.9042746,23.1908649],[112.9050869,23.19069],[112.9056677,23.1905583],[112.9063372,23.1903694],[112.9065738,23.1902981],[112.907369,23.1900257],[112.9077151,23.1898983],[112.9079689,23.1897926],[112.9084974,23.1895711],[112.9092853,23.1892408],[112.9103766,23.1887891],[112.9111652,23.1884527]],[[112.9159544,23.186409],[112.915635,23.1865729],[112.9151109,23.1868521],[112.9148091,23.1870036],[112.914393,23.1871937],[112.9136171,23.187532],[112.9129091,23.1878376],[112.912607,23.1879572],[112.9123999,23.1880367],[112.9117067,23.1882646],[112.9111652,23.1884527]],[[112.9159544,23.186409],[112.9161889,23.1863099],[112.9189671,23.1850856],[112.9196906,23.1847633],[112.9205708,23.1843894],[112.9213485,23.1840503],[112.9223927,23.1835948],[112.9228372,23.1833956],[112.9233539,23.1831503],[112.9239075,23.1828733],[112.9242827,23.1826749],[112.924942,23.1823046],[112.9256716,23.1818601],[112.9265745,23.1813182],[112.9271864,23.1809252],[112.9279911,23.1804412],[112.9288938,23.1798747],[112.929632,23.1794447],[112.930491,23.1789612],[112.9311189,23.1786211],[112.9314974,23.1784147],[112.9328799,23.1777305],[112.9337882,23.177283],[112.9342305,23.1770685],[112.9346012,23.1768757],[112.9351105,23.1766125],[112.9355258,23.1763887],[112.9359149,23.1761661],[112.9363553,23.1759206],[112.9372788,23.1753084],[112.9382079,23.1746693],[112.9391727,23.1740077],[112.939818,23.1735674],[112.9405442,23.1730611],[112.9410353,23.1727299],[112.9417598,23.1722608],[112.9422441,23.1719573],[112.9433373,23.1712844],[112.9454812,23.1700078],[112.9486629,23.1680971],[112.9522928,23.1659636],[112.9537549,23.1650976],[112.9553469,23.1641447],[112.956835,23.1632757],[112.9577817,23.1627231],[112.9582748,23.1624105],[112.9586109,23.1621992],[112.9588779,23.1620263],[112.9592131,23.1618071],[112.9594355,23.161658],[112.9599248,23.1613122],[112.9602954,23.1610301],[112.9604719,23.160896],[112.9614931,23.1600937],[112.961831,23.1598035],[112.9633967,23.1585444],[112.9651969,23.1570779],[112.9660389,23.1563709],[112.9668731,23.1557074],[112.9674282,23.1552055],[112.9680709,23.1546086],[112.9685887,23.1540618],[112.9689366,23.1536722],[112.9697354,23.1527241],[112.9701714,23.1521433],[112.9707825,23.1512808],[112.971355,23.1503079],[112.9717214,23.149625],[112.972051,23.1489739],[112.972349,23.1483004],[112.9726163,23.1476169],[112.9728911,23.1468521],[112.9730597,23.1462628],[112.9732396,23.1456448],[112.9734171,23.1449382],[112.9736762,23.1436373],[112.973887,23.1426316],[112.9753777,23.135705],[112.9755694,23.1349394],[112.9761572,23.1330576],[112.977098,23.1302712],[112.9784839,23.1261914],[112.9787906,23.1252909],[112.9790969,23.1243913],[112.9799799,23.1218406],[112.9805133,23.1202812],[112.9813266,23.1178527]],[[112.9813266,23.1178527],[112.9817041,23.116676]],[[112.9817041,23.116676],[112.9819923,23.1157234],[112.9822999,23.1147095],[112.9825156,23.1140786],[112.9828125,23.1131946],[112.9829655,23.1127561],[112.9830619,23.1124877],[112.983164,23.1122086],[112.9832657,23.1119645],[112.9833694,23.1117267],[112.9834931,23.1114649],[112.9836326,23.1111852],[112.9837607,23.1109508],[112.9839533,23.1106038],[112.9842111,23.1101799],[112.9845096,23.1097283],[112.9847692,23.1093523],[112.9850259,23.1089899],[112.9851843,23.1087836],[112.9853698,23.1085511],[112.985547,23.1083406],[112.9857915,23.1080492],[112.9859795,23.1078328],[112.9861734,23.1076313],[112.9863981,23.1074184],[112.9867017,23.1071407],[112.9873384,23.1066131],[112.9877082,23.1063252],[112.9880842,23.1060401],[112.9885112,23.1057379],[112.988758,23.1055749],[112.9890133,23.1054107],[112.9892536,23.1052614],[112.9897036,23.1049885],[112.9901089,23.104753],[112.9903147,23.104634],[112.9919424,23.1036661],[112.9927809,23.10317],[112.9932665,23.1028695],[112.9936461,23.1026276],[112.9940526,23.1023413],[112.9944117,23.1020739],[112.994689,23.1018508],[112.9949107,23.1016608],[112.9951111,23.1015001],[112.9953877,23.1012509],[112.9955551,23.101096],[112.9957594,23.1008925],[112.9960925,23.1005442],[112.9963282,23.1002915],[112.9965658,23.100011],[112.9967136,23.0998282],[112.9968324,23.0996742],[112.9970933,23.0993395],[112.9974056,23.0989022],[112.9975878,23.0986333],[112.9978093,23.0982872],[112.9980386,23.0978869],[112.9982804,23.0974426],[112.9984197,23.0971807],[112.9986056,23.0968113],[112.9987937,23.0963959],[112.9989195,23.0960948],[112.9990172,23.0958533],[112.9992948,23.0951496],[112.9995438,23.0944807],[112.9998425,23.0936816],[113.0,23.09325305919959]]]},"properties":{"key":"relation:20107348@detail:451_92","osmType":"relation","osmId":20107348,"sourceRegion":"guangdong","featureType":"service","railClass":"intercity","mode":"train","name":"广州东环-广佛南环-广肇城际：肇庆=>花都","nameEn":"Guangzhou East Ring - Guangzhou-Foshan South Ring - Guangzhou-Zhaoqing ICR Trains: Zhaoqing => Huadu","operator":"广东城际铁路运营有限公司","status":"operational","color":"#C97932","dataOrigin":"datum-2026-08-01","sourceKey":"relation:20107348"}}]}