{"type":"FeatureCollection","features":[{"type":"Feature","geometry":{"type":"Point","coordinates":[112.8483653,22.9522329]},"properties":{"key":"node:7097867616","osmType":"node","osmId":7097867616,"sourceRegion":"guangzhou","featureType":"station","railClass":"tram","mode":"tram_stop","name":"智湖","ref":"TGM113","status":"operational","color":"#4CA585","sourceKey":"node:7097867616","stationGroup":"智湖","hasOperationalRail":true,"hasConstructionRail":false}},{"type":"Feature","geometry":{"type":"Point","coordinates":[112.8683453,22.8972732]},"properties":{"key":"node:7097867621","osmType":"node","osmId":7097867621,"sourceRegion":"guangzhou","featureType":"station","railClass":"tram","mode":"tram_stop","name":"沧江路","ref":"TGM104","status":"operational","color":"#4CA585","sourceKey":"node:7097867621","stationGroup":"沧江路","hasOperationalRail":true,"hasConstructionRail":false}},{"type":"Feature","geometry":{"type":"Point","coordinates":[112.9244515,22.762598]},"properties":{"key":"node:7138909238","osmType":"node","osmId":7138909238,"sourceRegion":"guangzhou","featureType":"station","railClass":"station","mode":"station","name":"江门北","nameEn":"Jiangmenbei","status":"operational","color":"#126d75","sourceKey":"node:7138909238","stationGroup":"江门北","hasOperationalRail":true,"hasConstructionRail":false}},{"type":"Feature","geometry":{"type":"Point","coordinates":[112.8663194,22.9003913]},"properties":{"key":"node:7296145080","osmType":"node","osmId":7296145080,"sourceRegion":"guangzhou","featureType":"station","railClass":"tram","mode":"tram_stop","name":"跃华路","ref":"TGM105","status":"operational","color":"#4CA585","sourceKey":"node:7296145080","stationGroup":"跃华路","hasOperationalRail":true,"hasConstructionRail":false}},{"type":"Feature","geometry":{"type":"Point","coordinates":[112.8683742,22.8972707]},"properties":{"key":"node:7296213185","osmType":"node","osmId":7296213185,"sourceRegion":"guangzhou","featureType":"station","railClass":"tram","mode":"tram_stop","name":"沧江路","ref":"TGM104","status":"operational","color":"#4CA585","sourceKey":"node:7296213185","stationGroup":"沧江路","hasOperationalRail":true,"hasConstructionRail":false}},{"type":"Feature","geometry":{"type":"Point","coordinates":[112.8662568,22.9003592]},"properties":{"key":"node:7296213198","osmType":"node","osmId":7296213198,"sourceRegion":"guangzhou","featureType":"station","railClass":"tram","mode":"tram_stop","name":"跃华路","ref":"TGM105","status":"operational","color":"#4CA585","sourceKey":"node:7296213198","stationGroup":"跃华路","hasOperationalRail":true,"hasConstructionRail":false}},{"type":"Feature","geometry":{"type":"Point","coordinates":[112.8660372,22.9008047]},"properties":{"key":"node:7296213229","osmType":"node","osmId":7296213229,"sourceRegion":"guangzhou","featureType":"station","railClass":"tram","mode":"tram_stop","name":"跃华路","status":"operational","color":"#126d75","sourceKey":"node:7296213229","stationGroup":"跃华路","hasOperationalRail":true,"hasConstructionRail":false}},{"type":"Feature","geometry":{"type":"Point","coordinates":[112.8539566,22.9351708]},"properties":{"key":"node:8017830332","osmType":"node","osmId":8017830332,"sourceRegion":"guangzhou","featureType":"station","railClass":"tram","mode":"tram_stop","name":"体育中心","ref":"TGM111","status":"operational","color":"#4CA585","sourceKey":"node:8017830332","stationGroup":"体育中心","hasOperationalRail":true,"hasConstructionRail":false}},{"type":"Feature","geometry":{"type":"Point","coordinates":[112.850983,22.9445894]},"properties":{"key":"node:8017830335","osmType":"node","osmId":8017830335,"sourceRegion":"guangzhou","featureType":"station","railClass":"tram","mode":"tram_stop","name":"阮埇","ref":"TGM112","status":"operational","color":"#4CA585","sourceKey":"node:8017830335","stationGroup":"阮埇","hasOperationalRail":true,"hasConstructionRail":false}},{"type":"Feature","geometry":{"type":"Point","coordinates":[112.7942192,22.8930138]},"properties":{"key":"node:11607169593","osmType":"node","osmId":11607169593,"sourceRegion":"guangzhou","featureType":"station","railClass":"station","mode":"station","name":"高明","status":"operational","color":"#126d75","sourceKey":"node:11607169593","stationGroup":"高明","hasOperationalRail":true,"hasConstructionRail":false}},{"type":"Feature","geometry":{"type":"LineString","coordinates":[[112.9402434,22.9139462],[112.9396139,22.9167964],[112.9390345,22.9194645],[112.9385195,22.9215002],[112.9376708,22.9236277]]},"properties":{"key":"way:221352571@detail:451_91","osmType":"way","osmId":221352571,"sourceRegion":"guangzhou","featureType":"infrastructure","railClass":"national","mode":"rail","name":"广珠线","nameEn":"Guangzhu Line","ref":"0710","usage":"main","status":"operational","color":"#E54848","sourceKey":"way:221352571"}},{"type":"Feature","geometry":{"type":"LineString","coordinates":[[112.9429634,22.9018996],[112.9428786,22.9022807]]},"properties":{"key":"way:221352572@detail:451_91","osmType":"way","osmId":221352572,"sourceRegion":"guangzhou","featureType":"infrastructure","railClass":"national","mode":"rail","name":"广珠线","nameEn":"Guangzhu Line","ref":"0710","usage":"main","bridge":"yes","status":"operational","color":"#E54848","sourceKey":"way:221352572"}},{"type":"Feature","geometry":{"type":"LineString","coordinates":[[112.9370309,22.9251178],[112.9361484,22.9270239],[112.9355181,22.9283095],[112.9348503,22.9292867],[112.9344533,22.92984],[112.9340563,22.9303143],[112.933595,22.9308183],[112.9331444,22.9312333],[112.9325972,22.9317372],[112.9317604,22.9323992],[112.9304514,22.9334268],[112.9297111,22.9340197],[112.9291559,22.9345147],[112.9285632,22.9350967],[112.9280589,22.9356895],[112.9276834,22.9361539],[112.9273615,22.9365689],[112.92675,22.9374581],[112.9260312,22.9386339],[112.9253257,22.9397217],[112.9248108,22.9404232],[112.9243172,22.9410457],[112.9237352,22.9417067],[112.9233376,22.9421023],[112.9228018,22.9426354],[112.9212273,22.9440196],[112.9199586,22.9451548],[112.9179309,22.946953],[112.9162465,22.948514],[112.9154337,22.9493251],[112.9144644,22.9504016],[112.9143582,22.9505195],[112.9115901,22.9537896],[112.9097555,22.9560125],[112.9090367,22.9568917],[112.9083527,22.9579498],[112.9079236,22.9586907],[112.907481,22.9595689],[112.9071591,22.9604185],[112.9069231,22.9611495],[112.9067622,22.9616731],[112.9066012,22.9624733],[112.9060326,22.9656838],[112.9058698,22.9666542],[112.9058288,22.9668989],[112.9056142,22.9677879],[112.9053996,22.9684794],[112.9051958,22.9690523],[112.9051662,22.9691219],[112.9048846,22.9697833],[112.9044689,22.9705943],[112.9039861,22.9714043],[112.9036293,22.9719565],[112.9031063,22.9726786],[112.9021166,22.9738432],[112.9013464,22.974835]]},"properties":{"key":"way:241074012@detail:451_91","osmType":"way","osmId":241074012,"sourceRegion":"guangzhou","featureType":"infrastructure","railClass":"national","mode":"rail","name":"广珠线","nameEn":"Guangzhu Line","ref":"0710","usage":"main","bridge":"yes","status":"operational","color":"#E54848","sourceKey":"way:241074012"}},{"type":"Feature","geometry":{"type":"LineString","coordinates":[[112.9376708,22.9236277],[112.9370309,22.9251178]]},"properties":{"key":"way:241074021@detail:451_91","osmType":"way","osmId":241074021,"sourceRegion":"guangzhou","featureType":"infrastructure","railClass":"national","mode":"rail","name":"广珠线","nameEn":"Guangzhu Line","ref":"0710","usage":"main","bridge":"yes","status":"operational","color":"#E54848","sourceKey":"way:241074021"}},{"type":"Feature","geometry":{"type":"LineString","coordinates":[[112.9219811,22.7724964],[112.9208875,22.7780282]]},"properties":{"key":"way:327405821@detail:451_91","osmType":"way","osmId":327405821,"sourceRegion":"guangzhou","featureType":"infrastructure","railClass":"national","mode":"rail","name":"广珠线","nameEn":"Guangzhu Line","ref":"0710","usage":"main","bridge":"yes","status":"operational","color":"#E54848","sourceKey":"way:327405821"}},{"type":"Feature","geometry":{"type":"LineString","coordinates":[[112.9046249,22.8021236],[112.9043938,22.8026387],[112.9009391,22.8104914],[112.9005078,22.8117899],[112.9003598,22.8134978],[112.9004864,22.8154886],[112.9006817,22.8169789],[112.9016657,22.8194821]]},"properties":{"key":"way:327405822@detail:451_91","osmType":"way","osmId":327405822,"sourceRegion":"guangzhou","featureType":"infrastructure","railClass":"national","mode":"rail","name":"广珠线","nameEn":"Guangzhu Line","ref":"0710","usage":"main","status":"operational","color":"#E54848","sourceKey":"way:327405822"}},{"type":"Feature","geometry":{"type":"LineString","coordinates":[[112.922329,22.7707366],[112.9219811,22.7724964]]},"properties":{"key":"way:327410424@detail:451_91","osmType":"way","osmId":327410424,"sourceRegion":"guangzhou","featureType":"infrastructure","railClass":"national","mode":"rail","name":"广珠线","nameEn":"Guangzhu Line","ref":"0710","usage":"main","status":"operational","color":"#E54848","sourceKey":"way:327410424"}},{"type":"Feature","geometry":{"type":"LineString","coordinates":[[112.9224737,22.7700045],[112.922329,22.7707366]]},"properties":{"key":"way:327410425@detail:451_91","osmType":"way","osmId":327410425,"sourceRegion":"guangzhou","featureType":"infrastructure","railClass":"national","mode":"rail","name":"广珠线","nameEn":"Guangzhu Line","ref":"0710","usage":"main","bridge":"yes","status":"operational","color":"#E54848","sourceKey":"way:327410425"}},{"type":"Feature","geometry":{"type":"LineString","coordinates":[[112.9442327,22.8959055],[112.9441284,22.8966726]]},"properties":{"key":"way:396757313@detail:451_91","osmType":"way","osmId":396757313,"sourceRegion":"guangzhou","featureType":"infrastructure","railClass":"national","mode":"rail","name":"广珠线","nameEn":"Guangzhu Line","ref":"0710","usage":"main","bridge":"yes","status":"operational","color":"#E54848","sourceKey":"way:396757313"}},{"type":"Feature","geometry":{"type":"LineString","coordinates":[[112.9317738,22.8573212],[112.9353551,22.860557],[112.9385759,22.8634902],[112.9412345,22.8658756],[112.9419983,22.8665537],[112.9426607,22.8671896],[112.943273,22.8679516],[112.9439286,22.8689266],[112.9444768,22.8698368],[112.9449108,22.8706497],[112.9452518,22.8714528],[112.9455628,22.8723212],[112.9458141,22.8732228],[112.9459769,22.8739278],[112.9461131,22.8749256],[112.9461552,22.8759424],[112.9461641,22.8769116],[112.945931,22.8792005],[112.9453946,22.8845777],[112.9449482,22.8892242],[112.9444449,22.8938851]]},"properties":{"key":"way:396757314@detail:451_91","osmType":"way","osmId":396757314,"sourceRegion":"guangzhou","featureType":"infrastructure","railClass":"national","mode":"rail","name":"广珠线","nameEn":"Guangzhu Line","ref":"0710","usage":"main","bridge":"viaduct","status":"operational","color":"#E54848","sourceKey":"way:396757314"}},{"type":"Feature","geometry":{"type":"LineString","coordinates":[[112.9444449,22.8938851],[112.9443667,22.8946094],[112.9442327,22.8959055]]},"properties":{"key":"way:396757315@detail:451_91","osmType":"way","osmId":396757315,"sourceRegion":"guangzhou","featureType":"infrastructure","railClass":"national","mode":"rail","name":"广珠线","nameEn":"Guangzhu Line","ref":"0710","usage":"main","status":"operational","color":"#E54848","sourceKey":"way:396757315"}},{"type":"Feature","geometry":{"type":"LineString","coordinates":[[112.9441284,22.8966726],[112.9440355,22.8971492],[112.9439054,22.8977129],[112.9437472,22.8984222]]},"properties":{"key":"way:396757316@detail:451_91","osmType":"way","osmId":396757316,"sourceRegion":"guangzhou","featureType":"infrastructure","railClass":"national","mode":"rail","name":"广珠线","nameEn":"Guangzhu Line","ref":"0710","usage":"main","status":"operational","color":"#E54848","sourceKey":"way:396757316"}},{"type":"Feature","geometry":{"type":"LineString","coordinates":[[112.9403022,22.9136799],[112.9402434,22.9139462]]},"properties":{"key":"way:565595617@detail:451_91","osmType":"way","osmId":565595617,"sourceRegion":"guangzhou","featureType":"infrastructure","railClass":"national","mode":"rail","name":"广珠线","nameEn":"Guangzhu Line","ref":"0710","usage":"main","bridge":"yes","status":"operational","color":"#E54848","sourceKey":"way:565595617"}},{"type":"Feature","geometry":{"type":"LineString","coordinates":[[112.9414888,22.9085924],[112.9406331,22.9121814],[112.9403022,22.9136799]]},"properties":{"key":"way:565595618@detail:451_91","osmType":"way","osmId":565595618,"sourceRegion":"guangzhou","featureType":"infrastructure","railClass":"national","mode":"rail","name":"广珠线","nameEn":"Guangzhu Line","ref":"0710","usage":"main","status":"operational","color":"#E54848","sourceKey":"way:565595618"}},{"type":"Feature","geometry":{"type":"LineString","coordinates":[[112.9415213,22.9084564],[112.9414888,22.9085924]]},"properties":{"key":"way:565595619@detail:451_91","osmType":"way","osmId":565595619,"sourceRegion":"guangzhou","featureType":"infrastructure","railClass":"national","mode":"rail","name":"广珠线","nameEn":"Guangzhu Line","ref":"0710","usage":"main","bridge":"yes","status":"operational","color":"#E54848","sourceKey":"way:565595619"}},{"type":"Feature","geometry":{"type":"LineString","coordinates":[[112.9421759,22.9054892],[112.9416416,22.9079517],[112.9415213,22.9084564]]},"properties":{"key":"way:565595620@detail:451_91","osmType":"way","osmId":565595620,"sourceRegion":"guangzhou","featureType":"infrastructure","railClass":"national","mode":"rail","name":"广珠线","nameEn":"Guangzhu Line","ref":"0710","usage":"main","status":"operational","color":"#E54848","sourceKey":"way:565595620"}},{"type":"Feature","geometry":{"type":"LineString","coordinates":[[112.9422235,22.9052699],[112.9421759,22.9054892]]},"properties":{"key":"way:565595760@detail:451_91","osmType":"way","osmId":565595760,"sourceRegion":"guangzhou","featureType":"infrastructure","railClass":"national","mode":"rail","name":"广珠线","nameEn":"Guangzhu Line","ref":"0710","usage":"main","bridge":"yes","status":"operational","color":"#E54848","sourceKey":"way:565595760"}},{"type":"Feature","geometry":{"type":"LineString","coordinates":[[112.9428786,22.9022807],[112.9422235,22.9052699]]},"properties":{"key":"way:565595761@detail:451_91","osmType":"way","osmId":565595761,"sourceRegion":"guangzhou","featureType":"infrastructure","railClass":"national","mode":"rail","name":"广珠线","nameEn":"Guangzhu Line","ref":"0710","usage":"main","status":"operational","color":"#E54848","sourceKey":"way:565595761"}},{"type":"Feature","geometry":{"type":"LineString","coordinates":[[112.9437121,22.8985648],[112.9429634,22.9018996]]},"properties":{"key":"way:565866181@detail:451_91","osmType":"way","osmId":565866181,"sourceRegion":"guangzhou","featureType":"infrastructure","railClass":"national","mode":"rail","name":"广珠线","nameEn":"Guangzhu Line","ref":"0710","usage":"main","status":"operational","color":"#E54848","sourceKey":"way:565866181"}},{"type":"Feature","geometry":{"type":"LineString","coordinates":[[112.9437472,22.8984222],[112.9437121,22.8985648]]},"properties":{"key":"way:565866182@detail:451_91","osmType":"way","osmId":565866182,"sourceRegion":"guangzhou","featureType":"infrastructure","railClass":"national","mode":"rail","name":"广珠线","nameEn":"Guangzhu Line","ref":"0710","usage":"main","bridge":"yes","status":"operational","color":"#E54848","sourceKey":"way:565866182"}},{"type":"Feature","geometry":{"type":"LineString","coordinates":[[112.9437601,22.8985742],[112.9437956,22.8984313]]},"properties":{"key":"way:565999569@detail:451_91","osmType":"way","osmId":565999569,"sourceRegion":"guangzhou","featureType":"infrastructure","railClass":"national","mode":"rail","name":"广珠线","nameEn":"Guangzhu Line","ref":"0710","usage":"main","bridge":"yes","status":"operational","color":"#E54848","sourceKey":"way:565999569"}},{"type":"Feature","geometry":{"type":"LineString","coordinates":[[112.9441835,22.8966755],[112.9442958,22.8959084]]},"properties":{"key":"way:565999570@detail:451_91","osmType":"way","osmId":565999570,"sourceRegion":"guangzhou","featureType":"infrastructure","railClass":"national","mode":"rail","name":"广珠线","nameEn":"Guangzhu Line","ref":"0710","usage":"main","bridge":"yes","status":"operational","color":"#E54848","sourceKey":"way:565999570"}},{"type":"Feature","geometry":{"type":"LineString","coordinates":[[112.9442958,22.8959084],[112.9444151,22.8946185],[112.9444933,22.8938942]]},"properties":{"key":"way:565999571@detail:451_91","osmType":"way","osmId":565999571,"sourceRegion":"guangzhou","featureType":"infrastructure","railClass":"national","mode":"rail","name":"广珠线","nameEn":"Guangzhu Line","ref":"0710","usage":"main","status":"operational","color":"#E54848","sourceKey":"way:565999571"}},{"type":"Feature","geometry":{"type":"LineString","coordinates":[[112.9437956,22.8984313],[112.9439538,22.897722],[112.9440798,22.8971583],[112.9441835,22.8966755]]},"properties":{"key":"way:565999572@detail:451_91","osmType":"way","osmId":565999572,"sourceRegion":"guangzhou","featureType":"infrastructure","railClass":"national","mode":"rail","name":"广珠线","nameEn":"Guangzhu Line","ref":"0710","usage":"main","status":"operational","color":"#E54848","sourceKey":"way:565999572"}},{"type":"Feature","geometry":{"type":"LineString","coordinates":[[112.9430181,22.9019078],[112.9437601,22.8985742]]},"properties":{"key":"way:565999578@detail:451_91","osmType":"way","osmId":565999578,"sourceRegion":"guangzhou","featureType":"infrastructure","railClass":"national","mode":"rail","name":"广珠线","nameEn":"Guangzhu Line","ref":"0710","usage":"main","status":"operational","color":"#E54848","sourceKey":"way:565999578"}},{"type":"Feature","geometry":{"type":"LineString","coordinates":[[112.9429333,22.9022889],[112.9430181,22.9019078]]},"properties":{"key":"way:565999579@detail:451_91","osmType":"way","osmId":565999579,"sourceRegion":"guangzhou","featureType":"infrastructure","railClass":"national","mode":"rail","name":"广珠线","nameEn":"Guangzhu Line","ref":"0710","usage":"main","bridge":"yes","status":"operational","color":"#E54848","sourceKey":"way:565999579"}},{"type":"Feature","geometry":{"type":"LineString","coordinates":[[112.9422782,22.9052781],[112.9429333,22.9022889]]},"properties":{"key":"way:565999580@detail:451_91","osmType":"way","osmId":565999580,"sourceRegion":"guangzhou","featureType":"infrastructure","railClass":"national","mode":"rail","name":"广珠线","nameEn":"Guangzhu Line","ref":"0710","usage":"main","status":"operational","color":"#E54848","sourceKey":"way:565999580"}},{"type":"Feature","geometry":{"type":"LineString","coordinates":[[112.8244995,22.9077255],[112.8260993,22.907737],[112.8263187,22.9077386],[112.8268975,22.907749],[112.8270219,22.9077463],[112.8274309,22.9077084],[112.8276002,22.9077001]]},"properties":{"key":"way:640798855@detail:451_91","osmType":"way","osmId":640798855,"sourceRegion":"guangzhou","featureType":"infrastructure","railClass":"minor","mode":"rail","name":"未命名","service":"yard","status":"operational","color":"#52636f","sourceKey":"way:640798855"}},{"type":"Feature","geometry":{"type":"LineString","coordinates":[[112.8309599,22.9081039],[112.8308597,22.908103],[112.8291645,22.9080883],[112.8289266,22.9080697],[112.8281991,22.907992],[112.8276769,22.9079321],[112.8273364,22.9078894],[112.8260993,22.907737]]},"properties":{"key":"way:640798856@detail:451_91","osmType":"way","osmId":640798856,"sourceRegion":"guangzhou","featureType":"infrastructure","railClass":"minor","mode":"rail","name":"未命名","service":"yard","status":"operational","color":"#52636f","sourceKey":"way:640798856"}},{"type":"Feature","geometry":{"type":"LineString","coordinates":[[112.8276769,22.9079321],[112.8284333,22.9080692],[112.8286561,22.9081139],[112.8288207,22.9081337],[112.8290717,22.9081422],[112.8308588,22.9081617],[112.8309594,22.9081631]]},"properties":{"key":"way:640798857@detail:451_91","osmType":"way","osmId":640798857,"sourceRegion":"guangzhou","featureType":"infrastructure","railClass":"minor","mode":"rail","name":"未命名","service":"yard","status":"operational","color":"#52636f","sourceKey":"way:640798857"}},{"type":"Feature","geometry":{"type":"LineString","coordinates":[[112.8244968,22.9076775],[112.8270802,22.9076984],[112.8276002,22.9077001],[112.8287678,22.907706],[112.829636,22.9077011],[112.8312931,22.9077143],[112.8314788,22.9077158],[112.8317597,22.9076972],[112.832215,22.9076506],[112.833007,22.9075841],[112.8344895,22.9076008]]},"properties":{"key":"way:640798858@detail:451_91","osmType":"way","osmId":640798858,"sourceRegion":"guangzhou","featureType":"infrastructure","railClass":"minor","mode":"rail","name":"未命名","service":"yard","status":"operational","color":"#52636f","sourceKey":"way:640798858"}},{"type":"Feature","geometry":{"type":"LineString","coordinates":[[112.8270802,22.9076984],[112.8269068,22.9076853],[112.8266314,22.9076576],[112.826408,22.9076197],[112.826254,22.9076009],[112.8260952,22.9075884],[112.8244976,22.9075777]]},"properties":{"key":"way:640798859@detail:451_91","osmType":"way","osmId":640798859,"sourceRegion":"guangzhou","featureType":"infrastructure","railClass":"minor","mode":"rail","name":"未命名","service":"yard","status":"operational","color":"#52636f","sourceKey":"way:640798859"}},{"type":"Feature","geometry":{"type":"LineString","coordinates":[[112.8244976,22.9076311],[112.8264295,22.9076486],[112.8266314,22.9076576]]},"properties":{"key":"way:640798860@detail:451_91","osmType":"way","osmId":640798860,"sourceRegion":"guangzhou","featureType":"infrastructure","railClass":"minor","mode":"rail","name":"未命名","service":"yard","status":"operational","color":"#52636f","sourceKey":"way:640798860"}},{"type":"Feature","geometry":{"type":"LineString","coordinates":[[112.8244967,22.9075198],[112.8296373,22.9075505],[112.8324345,22.9075727],[112.833007,22.9075841]]},"properties":{"key":"way:640798861@detail:451_91","osmType":"way","osmId":640798861,"sourceRegion":"guangzhou","featureType":"infrastructure","railClass":"minor","mode":"rail","name":"未命名","service":"yard","status":"operational","color":"#52636f","sourceKey":"way:640798861"}},{"type":"Feature","geometry":{"type":"LineString","coordinates":[[112.8245007,22.9074559],[112.8274941,22.9074774],[112.8296373,22.9074966],[112.83183,22.9075126],[112.8344902,22.9075358]]},"properties":{"key":"way:640798862@detail:451_91","osmType":"way","osmId":640798862,"sourceRegion":"guangzhou","featureType":"infrastructure","railClass":"minor","mode":"rail","name":"未命名","service":"yard","status":"operational","color":"#52636f","sourceKey":"way:640798862"}},{"type":"Feature","geometry":{"type":"LineString","coordinates":[[112.83183,22.9075126],[112.8324345,22.9075727]]},"properties":{"key":"way:640798863@detail:451_91","osmType":"way","osmId":640798863,"sourceRegion":"guangzhou","featureType":"infrastructure","railClass":"minor","mode":"rail","name":"未命名","service":"yard","status":"operational","color":"#52636f","sourceKey":"way:640798863"}},{"type":"Feature","geometry":{"type":"LineString","coordinates":[[112.9250933,22.7569314],[112.9248618,22.7574421],[112.924795,22.7578203],[112.9246996,22.7584801],[112.9245804,22.7588496],[112.9244278,22.7592674],[112.9239031,22.7599052],[112.9235787,22.7603582],[112.9234166,22.7607409],[112.9233641,22.7609696],[112.922973,22.7630236]]},"properties":{"key":"way:668038336@detail:451_91","osmType":"way","osmId":668038336,"sourceRegion":"guangzhou","featureType":"infrastructure","railClass":"minor","mode":"rail","name":"未命名","service":"yard","status":"operational","color":"#52636f","sourceKey":"way:668038336"}},{"type":"Feature","geometry":{"type":"LineString","coordinates":[[112.905707,22.8256964],[112.9080835,22.8291999]]},"properties":{"key":"way:668038337@detail:451_91","osmType":"way","osmId":668038337,"sourceRegion":"guangzhou","featureType":"infrastructure","railClass":"national","mode":"rail","name":"广珠线","nameEn":"Guangzhu Line","ref":"0710","usage":"main","status":"operational","color":"#E54848","sourceKey":"way:668038337"}},{"type":"Feature","geometry":{"type":"LineString","coordinates":[[112.9039877,22.8231615],[112.9031694,22.821942]]},"properties":{"key":"way:668038338@detail:451_91","osmType":"way","osmId":668038338,"sourceRegion":"guangzhou","featureType":"infrastructure","railClass":"national","mode":"rail","name":"广珠线","nameEn":"Guangzhu Line","ref":"0710","usage":"main","tunnel":"yes","status":"operational","color":"#E54848","sourceKey":"way:668038338"}},{"type":"Feature","geometry":{"type":"LineString","coordinates":[[112.9080835,22.8291999],[112.9136365,22.8373628]]},"properties":{"key":"way:668038339@detail:451_91","osmType":"way","osmId":668038339,"sourceRegion":"guangzhou","featureType":"infrastructure","railClass":"national","mode":"rail","name":"广珠线","nameEn":"Guangzhu Line","ref":"0710","usage":"main","tunnel":"yes","status":"operational","color":"#E54848","sourceKey":"way:668038339"}},{"type":"Feature","geometry":{"type":"LineString","coordinates":[[112.9136365,22.8373628],[112.9141685,22.8381707]]},"properties":{"key":"way:668038340@detail:451_91","osmType":"way","osmId":668038340,"sourceRegion":"guangzhou","featureType":"infrastructure","railClass":"national","mode":"rail","name":"广珠线","nameEn":"Guangzhu Line","ref":"0710","usage":"main","status":"operational","color":"#E54848","sourceKey":"way:668038340"}},{"type":"Feature","geometry":{"type":"LineString","coordinates":[[112.9141685,22.8381707],[112.9153683,22.8399211]]},"properties":{"key":"way:668038341@detail:451_91","osmType":"way","osmId":668038341,"sourceRegion":"guangzhou","featureType":"infrastructure","railClass":"national","mode":"rail","name":"广珠线","nameEn":"Guangzhu Line","ref":"0710","usage":"main","tunnel":"yes","status":"operational","color":"#E54848","sourceKey":"way:668038341"}},{"type":"Feature","geometry":{"type":"LineString","coordinates":[[112.8685256,22.8970321],[112.8683742,22.8972707],[112.8682136,22.8975147]]},"properties":{"key":"way:759803895@detail:451_91","osmType":"way","osmId":759803895,"sourceRegion":"guangzhou","featureType":"infrastructure","railClass":"tram","mode":"tram","name":"高明区现代有轨电车示范线","operator":"佛山地铁","usage":"main","status":"operational","color":"#4CA585","sourceKey":"way:759803895"}},{"type":"Feature","geometry":{"type":"LineString","coordinates":[[112.8501917,22.9477561],[112.8499885,22.9482809],[112.8495465,22.9496832],[112.8492378,22.9506013],[112.8491038,22.9509057],[112.8488978,22.9512849],[112.8488467,22.9513951],[112.8485772,22.9518556],[112.8484895,22.9520196],[112.8483653,22.9522329],[112.8480796,22.9526898],[112.8479454,22.9528825],[112.8479135,22.9529288]]},"properties":{"key":"way:759803898@detail:451_91","osmType":"way","osmId":759803898,"sourceRegion":"guangzhou","featureType":"infrastructure","railClass":"tram","mode":"tram","name":"高明区现代有轨电车示范线","operator":"佛山地铁","usage":"main","status":"operational","color":"#4CA585","sourceKey":"way:759803898"}},{"type":"Feature","geometry":{"type":"LineString","coordinates":[[112.8504758,22.9469292],[112.8501917,22.9477561]]},"properties":{"key":"way:759803899@detail:451_91","osmType":"way","osmId":759803899,"sourceRegion":"guangzhou","featureType":"infrastructure","railClass":"tram","mode":"tram","name":"高明区现代有轨电车示范线","operator":"佛山地铁","usage":"main","bridge":"yes","status":"operational","color":"#4CA585","sourceKey":"way:759803899"}},{"type":"Feature","geometry":{"type":"LineString","coordinates":[[112.847839,22.9528891],[112.8478706,22.9528398],[112.848284,22.9521959],[112.8483885,22.9520246],[112.8485004,22.9518253],[112.8486337,22.951588],[112.8487588,22.9513594],[112.8489878,22.9509409],[112.8491801,22.950573],[112.8493089,22.9502576],[112.8496422,22.9491675],[112.8501307,22.947738]]},"properties":{"key":"way:759803900@detail:451_91","osmType":"way","osmId":759803900,"sourceRegion":"guangzhou","featureType":"infrastructure","railClass":"tram","mode":"tram","name":"高明区现代有轨电车示范线","operator":"佛山地铁","usage":"main","status":"operational","color":"#4CA585","sourceKey":"way:759803900"}},{"type":"Feature","geometry":{"type":"LineString","coordinates":[[112.8503114,22.9468977],[112.850983,22.9445894],[112.8510691,22.944298],[112.8513947,22.9431709],[112.8517075,22.942133],[112.8520673,22.9409059],[112.8525658,22.9392677],[112.8534776,22.9360171],[112.853526,22.9358519],[112.8535856,22.935674],[112.853646,22.9354961],[112.8537798,22.9351088],[112.8541015,22.9341261],[112.8544877,22.9331397],[112.8552588,22.9311903],[112.855677,22.9301683],[112.8557073,22.9300932],[112.8557699,22.9299445],[112.8558165,22.9298232],[112.8559194,22.9295616],[112.8565945,22.9279344],[112.8574278,22.9259446],[112.8578986,22.9248204],[112.8582414,22.9240017],[112.8594631,22.9210491],[112.8595396,22.9208642],[112.8596295,22.9206371],[112.85973,22.9203833],[112.8597892,22.9202358],[112.8598835,22.9199957],[112.8603558,22.9187983],[112.8608944,22.9173801],[112.8611096,22.9168409],[112.8611936,22.9166344],[112.8613128,22.9163413],[112.8614111,22.9160948],[112.8615361,22.9157588],[112.8616709,22.9153928],[112.8618115,22.9150069],[112.862005,22.9144356],[112.8621845,22.9139028],[112.8622635,22.9136482],[112.8625165,22.9127885],[112.8626511,22.9123167],[112.8629777,22.9112091],[112.8633,22.9100794],[112.8634611,22.9095298],[112.863527,22.9093173],[112.8635326,22.9092894],[112.8635923,22.909113],[112.8636596,22.9089026],[112.863691,22.9088151],[112.864123,22.907154],[112.864433,22.905954],[112.8645814,22.9053935],[112.8646671,22.9050813],[112.8646907,22.904973],[112.8648196,22.9045139],[112.8649171,22.9041717],[112.8650007,22.9038875],[112.8652072,22.9032307],[112.8655578,22.902161],[112.8657798,22.9014155],[112.8659362,22.9009647],[112.8659943,22.9008167],[112.8660397,22.9007161],[112.8661004,22.9005908],[112.8661632,22.9004936],[112.8662568,22.9003592],[112.8664102,22.9001276],[112.8672442,22.8988614],[112.8674017,22.8986441],[112.8676407,22.8983114],[112.8679939,22.8977547]]},"properties":{"key":"way:759803903@detail:451_91","osmType":"way","osmId":759803903,"sourceRegion":"guangzhou","featureType":"infrastructure","railClass":"tram","mode":"tram","name":"高明区现代有轨电车示范线","operator":"佛山地铁","usage":"main","status":"operational","color":"#4CA585","sourceKey":"way:759803903"}},{"type":"Feature","geometry":{"type":"LineString","coordinates":[[112.8501307,22.947738],[112.8503114,22.9468977]]},"properties":{"key":"way:759803904@detail:451_91","osmType":"way","osmId":759803904,"sourceRegion":"guangzhou","featureType":"infrastructure","railClass":"tram","mode":"tram","name":"高明区现代有轨电车示范线","operator":"佛山地铁","usage":"main","bridge":"yes","status":"operational","color":"#4CA585","sourceKey":"way:759803904"}},{"type":"Feature","geometry":{"type":"LineString","coordinates":[[112.925843,22.7532962],[112.9255591,22.7541589],[112.9253278,22.7550412],[112.9251667,22.7558879],[112.9251213,22.7562397]]},"properties":{"key":"way:764137782@detail:451_91","osmType":"way","osmId":764137782,"sourceRegion":"guangzhou","featureType":"infrastructure","railClass":"national","mode":"rail","name":"未命名","bridge":"yes","status":"operational","color":"#E54848","sourceKey":"way:764137782"}},{"type":"Feature","geometry":{"type":"LineString","coordinates":[[112.8485004,22.9518253],[112.8486726,22.9516114],[112.8488467,22.9513951]]},"properties":{"key":"way:779604036@detail:451_91","osmType":"way","osmId":779604036,"sourceRegion":"guangzhou","featureType":"infrastructure","railClass":"tram","mode":"tram","name":"未命名","service":"crossover","status":"operational","color":"#8d5ac7","sourceKey":"way:779604036"}},{"type":"Feature","geometry":{"type":"LineString","coordinates":[[112.8487588,22.9513594],[112.8486726,22.9516114],[112.8485772,22.9518556]]},"properties":{"key":"way:779604037@detail:451_91","osmType":"way","osmId":779604037,"sourceRegion":"guangzhou","featureType":"infrastructure","railClass":"tram","mode":"tram","name":"未命名","service":"crossover","status":"operational","color":"#8d5ac7","sourceKey":"way:779604037"}},{"type":"Feature","geometry":{"type":"LineString","coordinates":[[112.8490825,22.951105],[112.8487166,22.9517433],[112.8484895,22.9520196]]},"properties":{"key":"way:779604039@detail:451_91","osmType":"way","osmId":779604039,"sourceRegion":"guangzhou","featureType":"infrastructure","railClass":"tram","mode":"tram","name":"未命名","service":"yard","status":"operational","color":"#8d5ac7","sourceKey":"way:779604039"}},{"type":"Feature","geometry":{"type":"LineString","coordinates":[[112.8488978,22.9512849],[112.849016,22.9511459],[112.8491184,22.9509659],[112.8492288,22.9507512],[112.8493101,22.9505397],[112.8495683,22.9497423],[112.8496029,22.9496824],[112.8496476,22.9496393],[112.8496984,22.949615],[112.8497487,22.949605],[112.8497977,22.9496061],[112.8498611,22.9496168],[112.849924,22.9496375],[112.8499738,22.949662],[112.8500703,22.9497158],[112.8503295,22.9498579],[112.8505208,22.9499521],[112.8506483,22.9500214],[112.8508783,22.9501384],[112.8509354,22.9501675]]},"properties":{"key":"way:779604040@detail:451_91","osmType":"way","osmId":779604040,"sourceRegion":"guangzhou","featureType":"infrastructure","railClass":"tram","mode":"tram","name":"未命名","service":"yard","status":"operational","color":"#8d5ac7","sourceKey":"way:779604040"}},{"type":"Feature","geometry":{"type":"LineString","coordinates":[[112.8490825,22.951105],[112.8491597,22.9509721],[112.8492735,22.9507512],[112.8493691,22.9504929],[112.8495846,22.9498172],[112.8496252,22.9497329],[112.8496606,22.9496872],[112.8497052,22.9496643],[112.8497444,22.9496571],[112.8497829,22.9496574],[112.8498173,22.9496625],[112.8498712,22.9496749],[112.8499594,22.9497127],[112.8500574,22.949763],[112.8504599,22.9499679],[112.8504948,22.949987],[112.850629,22.9500554],[112.8508581,22.9501744],[112.850914,22.9502034]]},"properties":{"key":"way:779604041@detail:451_91","osmType":"way","osmId":779604041,"sourceRegion":"guangzhou","featureType":"infrastructure","railClass":"tram","mode":"tram","name":"未命名","service":"yard","status":"operational","color":"#8d5ac7","sourceKey":"way:779604041"}},{"type":"Feature","geometry":{"type":"LineString","coordinates":[[112.8502709,22.9492789],[112.8501877,22.949558],[112.8501743,22.9496519],[112.8501904,22.9497062],[112.8502146,22.9497482],[112.8503295,22.9498579],[112.8504599,22.9499679]]},"properties":{"key":"way:779604042@detail:451_91","osmType":"way","osmId":779604042,"sourceRegion":"guangzhou","featureType":"infrastructure","railClass":"tram","mode":"tram","name":"未命名","service":"yard","status":"operational","color":"#8d5ac7","sourceKey":"way:779604042"}},{"type":"Feature","geometry":{"type":"LineString","coordinates":[[112.8679939,22.8977547],[112.8682136,22.8975147]]},"properties":{"key":"way:781476661@detail:451_91","osmType":"way","osmId":781476661,"sourceRegion":"guangzhou","featureType":"infrastructure","railClass":"tram","mode":"tram","name":"未命名","service":"crossover","status":"operational","color":"#8d5ac7","sourceKey":"way:781476661"}},{"type":"Feature","geometry":{"type":"LineString","coordinates":[[112.8679939,22.8977547],[112.8684771,22.8970052]]},"properties":{"key":"way:781476667@detail:451_91","osmType":"way","osmId":781476667,"sourceRegion":"guangzhou","featureType":"infrastructure","railClass":"tram","mode":"tram","name":"高明有轨电车","operator":"佛山地铁","usage":"main","service":"yard","status":"operational","color":"#4CA585","sourceKey":"way:781476667"}},{"type":"Feature","geometry":{"type":"LineString","coordinates":[[112.8682136,22.8975147],[112.8679982,22.8978436],[112.8676754,22.8983381],[112.8674406,22.8986634],[112.8672805,22.8988849],[112.8664748,22.9001594],[112.8663194,22.9003913],[112.8662295,22.9005258],[112.866171,22.9006188],[112.8661087,22.9007428],[112.8660622,22.9008433],[112.8660225,22.9009302],[112.8660015,22.9009824],[112.8659662,22.9010877],[112.865923,22.9012217],[112.8658511,22.9014262],[112.8656092,22.902174],[112.8654682,22.9026086],[112.8653032,22.9031088],[112.8650739,22.9038171],[112.8649343,22.9042861],[112.8648248,22.9046674],[112.864731,22.9049918],[112.8647042,22.9050902],[112.8641515,22.9072076],[112.8640439,22.9076305],[112.8639364,22.9080382],[112.8638873,22.9082241],[112.8638426,22.9084023],[112.8638106,22.9085473],[112.8637885,22.9086563],[112.8637644,22.9087882],[112.8637566,22.9088357],[112.8637425,22.9089402],[112.8637047,22.9091576],[112.8636881,22.9093402],[112.8636919,22.9093406],[112.8636761,22.9094288],[112.8636661,22.9094857],[112.8636572,22.909527],[112.8636475,22.9095694],[112.8636434,22.9095873],[112.8636004,22.9097581],[112.8635438,22.9099611],[112.8631764,22.9112542],[112.8630777,22.9115918],[112.862754,22.9127047],[112.862503,22.9135679],[112.8623902,22.9139408],[112.8622956,22.9142339],[112.8621783,22.9145852],[112.8619787,22.9151635],[112.8619134,22.9153446],[112.8618291,22.9155734],[112.8616875,22.9159422],[112.8615493,22.9162904],[112.8613803,22.9166985],[112.8613012,22.9168895],[112.8611161,22.9173575],[112.8605192,22.9188296],[112.860354,22.9192359],[112.8600571,22.9199817],[112.8599335,22.9202881],[112.8598766,22.9204333],[112.8597798,22.9206785],[112.8596134,22.9210969],[112.8595801,22.9211807],[112.8588048,22.9231248],[112.8580499,22.924915],[112.8579269,22.9252066],[112.857602,22.9260099],[112.8567127,22.9282088],[112.8561372,22.9296022],[112.856017,22.9298933],[112.8559788,22.9299986],[112.8559103,22.9301643],[112.8558767,22.9302431],[112.8557086,22.9306689],[112.8546572,22.9331735],[112.8542627,22.9341863],[112.8540573,22.9348285],[112.8539566,22.9351708],[112.8538329,22.9355563],[112.8537734,22.9357327],[112.8537195,22.9359085],[112.8536693,22.9360802],[112.8533647,22.9370691],[112.8526163,22.9396724],[112.8522403,22.9409478],[112.8517064,22.9428143],[112.8515817,22.9432082],[112.8512759,22.9442895],[112.851158,22.944706],[112.8509219,22.9455408],[112.8504758,22.9469292]]},"properties":{"key":"way:781476668@detail:451_91","osmType":"way","osmId":781476668,"sourceRegion":"guangzhou","featureType":"infrastructure","railClass":"tram","mode":"tram","name":"高明区现代有轨电车示范线","operator":"佛山地铁","usage":"main","status":"operational","color":"#4CA585","sourceKey":"way:781476668"}},{"type":"Feature","geometry":{"type":"LineString","coordinates":[[112.9229097,22.8495236],[112.9317738,22.8573212]]},"properties":{"key":"way:825402279@detail:451_91","osmType":"way","osmId":825402279,"sourceRegion":"guangzhou","featureType":"infrastructure","railClass":"national","mode":"rail","name":"广珠线","nameEn":"Guangzhu Line","ref":"0710","usage":"main","bridge":"yes","status":"operational","color":"#E54848","sourceKey":"way:825402279"}},{"type":"Feature","geometry":{"type":"LineString","coordinates":[[112.9153683,22.8399211],[112.9162578,22.841337],[112.9179958,22.8439671],[112.9194335,22.8460038],[112.9205279,22.8472694],[112.9229097,22.8495236]]},"properties":{"key":"way:825402280@detail:451_91","osmType":"way","osmId":825402280,"sourceRegion":"guangzhou","featureType":"infrastructure","railClass":"national","mode":"rail","name":"广珠线","nameEn":"Guangzhu Line","ref":"0710","usage":"main","bridge":"viaduct","status":"operational","color":"#E54848","sourceKey":"way:825402280"}},{"type":"Feature","geometry":{"type":"LineString","coordinates":[[112.9223769,22.7707447],[112.9225216,22.7700126]]},"properties":{"key":"way:904648373@detail:451_91","osmType":"way","osmId":904648373,"sourceRegion":"guangzhou","featureType":"infrastructure","railClass":"national","mode":"rail","name":"广珠线","nameEn":"Guangzhu Line","ref":"0710","usage":"main","bridge":"yes","status":"operational","color":"#E54848","sourceKey":"way:904648373"}},{"type":"Feature","geometry":{"type":"LineString","coordinates":[[112.922029,22.7725045],[112.9222802,22.7712337],[112.9223769,22.7707447]]},"properties":{"key":"way:904648374@detail:451_91","osmType":"way","osmId":904648374,"sourceRegion":"guangzhou","featureType":"infrastructure","railClass":"national","mode":"rail","name":"广珠线","nameEn":"Guangzhu Line","ref":"0710","usage":"main","status":"operational","color":"#E54848","sourceKey":"way:904648374"}},{"type":"Feature","geometry":{"type":"LineString","coordinates":[[112.9209352,22.7780375],[112.922029,22.7725045]]},"properties":{"key":"way:904648375@detail:451_91","osmType":"way","osmId":904648375,"sourceRegion":"guangzhou","featureType":"infrastructure","railClass":"national","mode":"rail","name":"广珠线","nameEn":"Guangzhu Line","ref":"0710","usage":"main","bridge":"yes","status":"operational","color":"#E54848","sourceKey":"way:904648375"}},{"type":"Feature","geometry":{"type":"LineString","coordinates":[[112.9017116,22.8194728],[112.9007294,22.816968],[112.900535,22.8154846],[112.9004086,22.8134983],[112.900556,22.8117984],[112.9009851,22.8105064],[112.9044389,22.8026557],[112.9046647,22.8021524]]},"properties":{"key":"way:904648376@detail:451_91","osmType":"way","osmId":904648376,"sourceRegion":"guangzhou","featureType":"infrastructure","railClass":"national","mode":"rail","name":"广珠线","nameEn":"Guangzhu Line","ref":"0710","usage":"main","status":"operational","color":"#E54848","sourceKey":"way:904648376"}},{"type":"Feature","geometry":{"type":"LineString","coordinates":[[112.904028,22.8231249],[112.9032178,22.8219017]]},"properties":{"key":"way:904648377@detail:451_91","osmType":"way","osmId":904648377,"sourceRegion":"guangzhou","featureType":"infrastructure","railClass":"national","mode":"rail","name":"广珠线","nameEn":"Guangzhu Line","ref":"0710","usage":"main","tunnel":"yes","status":"operational","color":"#E54848","sourceKey":"way:904648377"}},{"type":"Feature","geometry":{"type":"LineString","coordinates":[[112.908125,22.8291763],[112.9057447,22.8256606]]},"properties":{"key":"way:904648378@detail:451_91","osmType":"way","osmId":904648378,"sourceRegion":"guangzhou","featureType":"infrastructure","railClass":"national","mode":"rail","name":"广珠线","nameEn":"Guangzhu Line","ref":"0710","usage":"main","status":"operational","color":"#E54848","sourceKey":"way:904648378"}},{"type":"Feature","geometry":{"type":"LineString","coordinates":[[112.913678,22.8373392],[112.908125,22.8291763]]},"properties":{"key":"way:904648379@detail:451_91","osmType":"way","osmId":904648379,"sourceRegion":"guangzhou","featureType":"infrastructure","railClass":"national","mode":"rail","name":"广珠线","nameEn":"Guangzhu Line","ref":"0710","usage":"main","tunnel":"yes","status":"operational","color":"#E54848","sourceKey":"way:904648379"}},{"type":"Feature","geometry":{"type":"LineString","coordinates":[[112.91421,22.838147],[112.913678,22.8373392]]},"properties":{"key":"way:904648380@detail:451_91","osmType":"way","osmId":904648380,"sourceRegion":"guangzhou","featureType":"infrastructure","railClass":"national","mode":"rail","name":"广珠线","nameEn":"Guangzhu Line","ref":"0710","usage":"main","status":"operational","color":"#E54848","sourceKey":"way:904648380"}},{"type":"Feature","geometry":{"type":"LineString","coordinates":[[112.91541,22.8398978],[112.91421,22.838147]]},"properties":{"key":"way:904648381@detail:451_91","osmType":"way","osmId":904648381,"sourceRegion":"guangzhou","featureType":"infrastructure","railClass":"national","mode":"rail","name":"广珠线","nameEn":"Guangzhu Line","ref":"0710","usage":"main","tunnel":"yes","status":"operational","color":"#E54848","sourceKey":"way:904648381"}},{"type":"Feature","geometry":{"type":"LineString","coordinates":[[112.922944,22.8494917],[112.9205645,22.8472397],[112.9194731,22.8459775],[112.9180371,22.8439432],[112.9162997,22.8413141],[112.91541,22.8398978]]},"properties":{"key":"way:904648382@detail:451_91","osmType":"way","osmId":904648382,"sourceRegion":"guangzhou","featureType":"infrastructure","railClass":"national","mode":"rail","name":"广珠线","nameEn":"Guangzhu Line","ref":"0710","usage":"main","bridge":"viaduct","status":"operational","color":"#E54848","sourceKey":"way:904648382"}},{"type":"Feature","geometry":{"type":"LineString","coordinates":[[112.9318077,22.8572889],[112.922944,22.8494917]]},"properties":{"key":"way:904648383@detail:451_91","osmType":"way","osmId":904648383,"sourceRegion":"guangzhou","featureType":"infrastructure","railClass":"national","mode":"rail","name":"广珠线","nameEn":"Guangzhu Line","ref":"0710","usage":"main","bridge":"yes","status":"operational","color":"#E54848","sourceKey":"way:904648383"}},{"type":"Feature","geometry":{"type":"LineString","coordinates":[[112.9444933,22.8938942],[112.9449967,22.8892284],[112.9454432,22.8845817],[112.9459796,22.8792043],[112.9462219,22.8769418],[112.9462222,22.8759405],[112.9461706,22.8749091],[112.9460143,22.8739207],[112.9458562,22.8732057],[112.9456074,22.8723143],[112.9452898,22.8714121],[112.9449578,22.870639],[112.9445205,22.8698167],[112.9439873,22.8689064],[112.9433125,22.8679249],[112.9427008,22.8671573],[112.9420147,22.8665197],[112.9412696,22.8658444],[112.93861,22.8634581],[112.9353893,22.860525],[112.9318077,22.8572889]]},"properties":{"key":"way:904648384@detail:451_91","osmType":"way","osmId":904648384,"sourceRegion":"guangzhou","featureType":"infrastructure","railClass":"national","mode":"rail","name":"广珠线","nameEn":"Guangzhu Line","ref":"0710","usage":"main","bridge":"viaduct","status":"operational","color":"#E54848","sourceKey":"way:904648384"}},{"type":"Feature","geometry":{"type":"LineString","coordinates":[[112.9422285,22.9054989],[112.9422782,22.9052781]]},"properties":{"key":"way:904648385@detail:451_91","osmType":"way","osmId":904648385,"sourceRegion":"guangzhou","featureType":"infrastructure","railClass":"national","mode":"rail","name":"广珠线","nameEn":"Guangzhu Line","ref":"0710","usage":"main","bridge":"yes","status":"operational","color":"#E54848","sourceKey":"way:904648385"}},{"type":"Feature","geometry":{"type":"LineString","coordinates":[[112.9415737,22.908467],[112.9416095,22.9083169],[112.9416941,22.9079618],[112.9422285,22.9054989]]},"properties":{"key":"way:904648386@detail:451_91","osmType":"way","osmId":904648386,"sourceRegion":"guangzhou","featureType":"infrastructure","railClass":"national","mode":"rail","name":"广珠线","nameEn":"Guangzhu Line","ref":"0710","usage":"main","status":"operational","color":"#E54848","sourceKey":"way:904648386"}},{"type":"Feature","geometry":{"type":"LineString","coordinates":[[112.9415412,22.908603],[112.9415737,22.908467]]},"properties":{"key":"way:904648387@detail:451_91","osmType":"way","osmId":904648387,"sourceRegion":"guangzhou","featureType":"infrastructure","railClass":"national","mode":"rail","name":"广珠线","nameEn":"Guangzhu Line","ref":"0710","usage":"main","bridge":"yes","status":"operational","color":"#E54848","sourceKey":"way:904648387"}},{"type":"Feature","geometry":{"type":"LineString","coordinates":[[112.9403548,22.9136897],[112.9406856,22.9121916],[112.9415412,22.908603]]},"properties":{"key":"way:904648388@detail:451_91","osmType":"way","osmId":904648388,"sourceRegion":"guangzhou","featureType":"infrastructure","railClass":"national","mode":"rail","name":"广珠线","nameEn":"Guangzhu Line","ref":"0710","usage":"main","status":"operational","color":"#E54848","sourceKey":"way:904648388"}},{"type":"Feature","geometry":{"type":"LineString","coordinates":[[112.940296,22.913956],[112.9403548,22.9136897]]},"properties":{"key":"way:904648389@detail:451_91","osmType":"way","osmId":904648389,"sourceRegion":"guangzhou","featureType":"infrastructure","railClass":"national","mode":"rail","name":"广珠线","nameEn":"Guangzhu Line","ref":"0710","usage":"main","bridge":"yes","status":"operational","color":"#E54848","sourceKey":"way:904648389"}},{"type":"Feature","geometry":{"type":"LineString","coordinates":[[112.9377209,22.9236453],[112.938571,22.9215144],[112.9390869,22.919475],[112.9396665,22.9168062],[112.940296,22.913956]]},"properties":{"key":"way:904648390@detail:451_91","osmType":"way","osmId":904648390,"sourceRegion":"guangzhou","featureType":"infrastructure","railClass":"national","mode":"rail","name":"广珠线","nameEn":"Guangzhu Line","ref":"0710","usage":"main","status":"operational","color":"#E54848","sourceKey":"way:904648390"}},{"type":"Feature","geometry":{"type":"LineString","coordinates":[[112.9370808,22.925136],[112.9377209,22.9236453]]},"properties":{"key":"way:904648391@detail:451_91","osmType":"way","osmId":904648391,"sourceRegion":"guangzhou","featureType":"infrastructure","railClass":"national","mode":"rail","name":"广珠线","nameEn":"Guangzhu Line","ref":"0710","usage":"main","bridge":"yes","status":"operational","color":"#E54848","sourceKey":"way:904648391"}},{"type":"Feature","geometry":{"type":"LineString","coordinates":[[112.9013897,22.9748566],[112.9021557,22.9738701],[112.9031459,22.972705],[112.9036706,22.9719805],[112.9040285,22.9714266],[112.9045124,22.9706147],[112.9049295,22.9698011],[112.9052418,22.9690675],[112.9053397,22.9687922],[112.9054463,22.9684926],[112.9056616,22.967799],[112.9058768,22.9669072],[112.9060808,22.9656909],[112.9066493,22.962481],[112.9068098,22.9616833],[112.90697,22.961162],[112.9072056,22.9604323],[112.9075263,22.9595858],[112.9079673,22.9587108],[112.9083953,22.9579719],[112.9090773,22.9569168],[112.9097945,22.9560396],[112.9116288,22.953817],[112.9143963,22.9505477],[112.9154705,22.9493547],[112.9162818,22.9485451],[112.9179652,22.9469851],[112.9199926,22.9451871],[112.9212612,22.944052],[112.9228366,22.942667],[112.9237721,22.9417362],[112.9243559,22.9410731],[112.9248508,22.9404491],[112.9253669,22.9397458],[112.9260735,22.9386565],[112.9267919,22.9374812],[112.927402,22.936594],[112.9277229,22.9361804],[112.9280977,22.9357168],[112.9286003,22.935126],[112.9291907,22.9345463],[112.9297441,22.9340529],[112.9304833,22.9334609],[112.9317922,22.9324334],[112.9326304,22.9317702],[112.9331789,22.9312651],[112.933631,22.9308488],[112.9340943,22.9303425],[112.9344931,22.9298662],[112.9348913,22.9293111],[112.9355612,22.9283308],[112.9361931,22.927042],[112.9370808,22.925136]]},"properties":{"key":"way:904648392@detail:451_91","osmType":"way","osmId":904648392,"sourceRegion":"guangzhou","featureType":"infrastructure","railClass":"national","mode":"rail","name":"广珠线","nameEn":"Guangzhu Line","ref":"0710","usage":"main","bridge":"yes","status":"operational","color":"#E54848","sourceKey":"way:904648392"}},{"type":"Feature","geometry":{"type":"LineString","coordinates":[[112.9251213,22.7562397],[112.9250535,22.7564639],[112.9248618,22.7574421]]},"properties":{"key":"way:940586076@detail:451_91","osmType":"way","osmId":940586076,"sourceRegion":"guangzhou","featureType":"infrastructure","railClass":"national","mode":"rail","name":"未命名","status":"operational","color":"#E54848","sourceKey":"way:940586076"}},{"type":"Feature","geometry":{"type":"LineString","coordinates":[[112.9252305,22.756285],[112.9250933,22.7569314],[112.9250502,22.7571345],[112.9240246,22.7625502],[112.9228873,22.7679122],[112.9224737,22.7700045]]},"properties":{"key":"way:940586077@detail:451_91","osmType":"way","osmId":940586077,"sourceRegion":"guangzhou","featureType":"infrastructure","railClass":"national","mode":"rail","name":"广珠线","nameEn":"Guangzhu Line","ref":"0710","usage":"main","status":"operational","color":"#E54848","sourceKey":"way:940586077"}},{"type":"Feature","geometry":{"type":"LineString","coordinates":[[112.9225216,22.7700126],[112.9229352,22.7679205],[112.9240725,22.7625584],[112.9241545,22.7621256],[112.9250981,22.7571427],[112.9251411,22.75694],[112.925278,22.7562947]]},"properties":{"key":"way:940586078@detail:451_91","osmType":"way","osmId":940586078,"sourceRegion":"guangzhou","featureType":"infrastructure","railClass":"national","mode":"rail","name":"广珠线","nameEn":"Guangzhu Line","ref":"0710","usage":"main","status":"operational","color":"#E54848","sourceKey":"way:940586078"}},{"type":"Feature","geometry":{"type":"LineString","coordinates":[[112.925278,22.7562947],[112.9256767,22.7544156],[112.9262371,22.7529503],[112.9269817,22.7514171],[112.92792458902053,22.75]]},"properties":{"key":"way:940586079@detail:451_91","osmType":"way","osmId":940586079,"sourceRegion":"guangzhou","featureType":"infrastructure","railClass":"national","mode":"rail","name":"广珠线","nameEn":"Guangzhu Line","ref":"0710","usage":"main","bridge":"yes","status":"operational","color":"#E54848","sourceKey":"way:940586079"}},{"type":"Feature","geometry":{"type":"LineString","coordinates":[[112.92786735949936,22.75],[112.9269385,22.7513961],[112.9261918,22.7529336],[112.9256296,22.7544038],[112.9252305,22.756285]]},"properties":{"key":"way:940586080@detail:451_91","osmType":"way","osmId":940586080,"sourceRegion":"guangzhou","featureType":"infrastructure","railClass":"national","mode":"rail","name":"广珠线","nameEn":"Guangzhu Line","ref":"0710","usage":"main","bridge":"yes","status":"operational","color":"#E54848","sourceKey":"way:940586080"}},{"type":"Feature","geometry":{"type":"LineString","coordinates":[[112.9193187,22.782177],[112.9198157,22.7813319],[112.9203974,22.7800604],[112.9207459,22.7787649],[112.9209352,22.7780375]]},"properties":{"key":"way:940586089@detail:451_91","osmType":"way","osmId":940586089,"sourceRegion":"guangzhou","featureType":"infrastructure","railClass":"national","mode":"rail","name":"广珠线","nameEn":"Guangzhu Line","ref":"0710","usage":"main","status":"operational","color":"#E54848","sourceKey":"way:940586089"}},{"type":"Feature","geometry":{"type":"LineString","coordinates":[[112.9208875,22.7780282],[112.9206986,22.7787543],[112.920351,22.7800462],[112.9197717,22.7813124],[112.9192803,22.7821503]]},"properties":{"key":"way:940586090@detail:451_91","osmType":"way","osmId":940586090,"sourceRegion":"guangzhou","featureType":"infrastructure","railClass":"national","mode":"rail","name":"广珠线","nameEn":"Guangzhu Line","ref":"0710","usage":"main","status":"operational","color":"#E54848","sourceKey":"way:940586090"}},{"type":"Feature","geometry":{"type":"LineString","coordinates":[[112.9189956,22.7827294],[112.9193187,22.782177]]},"properties":{"key":"way:940586091@detail:451_91","osmType":"way","osmId":940586091,"sourceRegion":"guangzhou","featureType":"infrastructure","railClass":"national","mode":"rail","name":"广珠线","nameEn":"Guangzhu Line","ref":"0710","usage":"main","bridge":"yes","status":"operational","color":"#E54848","sourceKey":"way:940586091"}},{"type":"Feature","geometry":{"type":"LineString","coordinates":[[112.9192803,22.7821503],[112.9192162,22.7822596],[112.9189617,22.7826935]]},"properties":{"key":"way:940586092@detail:451_91","osmType":"way","osmId":940586092,"sourceRegion":"guangzhou","featureType":"infrastructure","railClass":"national","mode":"rail","name":"广珠线","nameEn":"Guangzhu Line","ref":"0710","usage":"main","bridge":"yes","status":"operational","color":"#E54848","sourceKey":"way:940586092"}},{"type":"Feature","geometry":{"type":"LineString","coordinates":[[112.9189617,22.7826935],[112.9187889,22.7829881],[112.9182696,22.7837062],[112.9171152,22.785006],[112.9157634,22.7863512],[112.9139609,22.7879338],[112.9095406,22.7921871],[112.9090686,22.792741],[112.9086137,22.7933997],[112.9082703,22.7940723],[112.905574,22.8000078],[112.9055366,22.8000911]]},"properties":{"key":"way:940586093@detail:451_91","osmType":"way","osmId":940586093,"sourceRegion":"guangzhou","featureType":"infrastructure","railClass":"national","mode":"rail","name":"广珠线","nameEn":"Guangzhu Line","ref":"0710","usage":"main","status":"operational","color":"#E54848","sourceKey":"way:940586093"}},{"type":"Feature","geometry":{"type":"LineString","coordinates":[[112.9055836,22.8001039],[112.905619,22.8000251],[112.9083148,22.7940906],[112.9086565,22.7934214],[112.9091084,22.792767],[112.9095774,22.7922166],[112.9139953,22.7879656],[112.9157981,22.7863828],[112.917152,22.7850355],[112.9183088,22.783733],[112.9188307,22.7830113],[112.9189956,22.7827294]]},"properties":{"key":"way:940586094@detail:451_91","osmType":"way","osmId":940586094,"sourceRegion":"guangzhou","featureType":"infrastructure","railClass":"national","mode":"rail","name":"广珠线","nameEn":"Guangzhu Line","ref":"0710","usage":"main","status":"operational","color":"#E54848","sourceKey":"way:940586094"}},{"type":"Feature","geometry":{"type":"LineString","coordinates":[[112.9055366,22.8000911],[112.9046249,22.8021236]]},"properties":{"key":"way:940586095@detail:451_91","osmType":"way","osmId":940586095,"sourceRegion":"guangzhou","featureType":"infrastructure","railClass":"national","mode":"rail","name":"广珠线","nameEn":"Guangzhu Line","ref":"0710","usage":"main","bridge":"yes","status":"operational","color":"#E54848","sourceKey":"way:940586095"}},{"type":"Feature","geometry":{"type":"LineString","coordinates":[[112.9046647,22.8021524],[112.9055836,22.8001039]]},"properties":{"key":"way:940586096@detail:451_91","osmType":"way","osmId":940586096,"sourceRegion":"guangzhou","featureType":"infrastructure","railClass":"national","mode":"rail","name":"广珠线","nameEn":"Guangzhu Line","ref":"0710","usage":"main","bridge":"yes","status":"operational","color":"#E54848","sourceKey":"way:940586096"}},{"type":"Feature","geometry":{"type":"LineString","coordinates":[[112.9016657,22.8194821],[112.9019291,22.8199966],[112.9020446,22.8201894],[112.9024383,22.8208039]]},"properties":{"key":"way:940586097@detail:451_91","osmType":"way","osmId":940586097,"sourceRegion":"guangzhou","featureType":"infrastructure","railClass":"national","mode":"rail","name":"广珠线","nameEn":"Guangzhu Line","ref":"0710","usage":"main","bridge":"yes","status":"operational","color":"#E54848","sourceKey":"way:940586097"}},{"type":"Feature","geometry":{"type":"LineString","coordinates":[[112.9024729,22.8207733],[112.9020965,22.8201654],[112.9017116,22.8194728]]},"properties":{"key":"way:940586098@detail:451_91","osmType":"way","osmId":940586098,"sourceRegion":"guangzhou","featureType":"infrastructure","railClass":"national","mode":"rail","name":"广珠线","nameEn":"Guangzhu Line","ref":"0710","usage":"main","bridge":"yes","status":"operational","color":"#E54848","sourceKey":"way:940586098"}},{"type":"Feature","geometry":{"type":"LineString","coordinates":[[112.9032178,22.8219017],[112.9024729,22.8207733]]},"properties":{"key":"way:940586099@detail:451_91","osmType":"way","osmId":940586099,"sourceRegion":"guangzhou","featureType":"infrastructure","railClass":"national","mode":"rail","name":"广珠线","nameEn":"Guangzhu Line","ref":"0710","usage":"main","status":"operational","color":"#E54848","sourceKey":"way:940586099"}},{"type":"Feature","geometry":{"type":"LineString","coordinates":[[112.9024383,22.8208039],[112.9031694,22.821942]]},"properties":{"key":"way:940586100@detail:451_91","osmType":"way","osmId":940586100,"sourceRegion":"guangzhou","featureType":"infrastructure","railClass":"national","mode":"rail","name":"广珠线","nameEn":"Guangzhu Line","ref":"0710","usage":"main","status":"operational","color":"#E54848","sourceKey":"way:940586100"}},{"type":"Feature","geometry":{"type":"LineString","coordinates":[[112.9039877,22.8231615],[112.9045922,22.8240528]]},"properties":{"key":"way:940586101@detail:451_91","osmType":"way","osmId":940586101,"sourceRegion":"guangzhou","featureType":"infrastructure","railClass":"national","mode":"rail","name":"广珠线","nameEn":"Guangzhu Line","ref":"0710","usage":"main","status":"operational","color":"#E54848","sourceKey":"way:940586101"}},{"type":"Feature","geometry":{"type":"LineString","coordinates":[[112.9046398,22.8240287],[112.904028,22.8231249]]},"properties":{"key":"way:940586102@detail:451_91","osmType":"way","osmId":940586102,"sourceRegion":"guangzhou","featureType":"infrastructure","railClass":"national","mode":"rail","name":"广珠线","nameEn":"Guangzhu Line","ref":"0710","usage":"main","status":"operational","color":"#E54848","sourceKey":"way:940586102"}},{"type":"Feature","geometry":{"type":"LineString","coordinates":[[112.9045922,22.8240528],[112.905707,22.8256964]]},"properties":{"key":"way:940586103@detail:451_91","osmType":"way","osmId":940586103,"sourceRegion":"guangzhou","featureType":"infrastructure","railClass":"national","mode":"rail","name":"广珠线","nameEn":"Guangzhu Line","ref":"0710","usage":"main","tunnel":"yes","status":"operational","color":"#E54848","sourceKey":"way:940586103"}},{"type":"Feature","geometry":{"type":"LineString","coordinates":[[112.9057447,22.8256606],[112.9053007,22.8250049],[112.9046398,22.8240287]]},"properties":{"key":"way:940586104@detail:451_91","osmType":"way","osmId":940586104,"sourceRegion":"guangzhou","featureType":"infrastructure","railClass":"national","mode":"rail","name":"广珠线","nameEn":"Guangzhu Line","ref":"0710","usage":"main","tunnel":"yes","status":"operational","color":"#E54848","sourceKey":"way:940586104"}},{"type":"Feature","geometry":{"type":"LineString","coordinates":[[112.8514857,22.9503532],[112.8509807,22.9500914]]},"properties":{"key":"way:979525951@detail:451_91","osmType":"way","osmId":979525951,"sourceRegion":"guangzhou","featureType":"infrastructure","railClass":"tram","mode":"tram","name":"未命名","service":"yard","status":"operational","color":"#8d5ac7","sourceKey":"way:979525951"}},{"type":"Feature","geometry":{"type":"LineString","coordinates":[[112.8514642,22.9503893],[112.8509599,22.9501263]]},"properties":{"key":"way:979525952@detail:451_91","osmType":"way","osmId":979525952,"sourceRegion":"guangzhou","featureType":"infrastructure","railClass":"tram","mode":"tram","name":"未命名","service":"yard","status":"operational","color":"#8d5ac7","sourceKey":"way:979525952"}},{"type":"Feature","geometry":{"type":"LineString","coordinates":[[112.8508803,22.9502598],[112.8516691,22.9506565]]},"properties":{"key":"way:979525953@detail:451_91","osmType":"way","osmId":979525953,"sourceRegion":"guangzhou","featureType":"infrastructure","railClass":"tram","mode":"tram","name":"未命名","service":"yard","status":"operational","color":"#8d5ac7","sourceKey":"way:979525953"}},{"type":"Feature","geometry":{"type":"LineString","coordinates":[[112.8508506,22.9503097],[112.8516374,22.9507075]]},"properties":{"key":"way:979525954@detail:451_91","osmType":"way","osmId":979525954,"sourceRegion":"guangzhou","featureType":"infrastructure","railClass":"tram","mode":"tram","name":"未命名","service":"yard","status":"operational","color":"#8d5ac7","sourceKey":"way:979525954"}},{"type":"Feature","geometry":{"type":"LineString","coordinates":[[112.8512296,22.9509176],[112.8507412,22.950671],[112.8506652,22.9506159],[112.8506288,22.950571],[112.8506243,22.9505596],[112.8506098,22.9505224],[112.8506064,22.9504555],[112.8506378,22.9502396],[112.8506406,22.9501743],[112.8506215,22.9501162],[112.8505831,22.9500586]]},"properties":{"key":"way:979525955@detail:451_91","osmType":"way","osmId":979525955,"sourceRegion":"guangzhou","featureType":"infrastructure","railClass":"tram","mode":"tram","name":"未命名","service":"yard","status":"operational","color":"#8d5ac7","sourceKey":"way:979525955"}},{"type":"Feature","geometry":{"type":"LineString","coordinates":[[112.8510234,22.9504816],[112.8512899,22.9506147]]},"properties":{"key":"way:979525956@detail:451_91","osmType":"way","osmId":979525956,"sourceRegion":"guangzhou","featureType":"infrastructure","railClass":"tram","mode":"tram","name":"未命名","service":"yard","status":"operational","color":"#8d5ac7","sourceKey":"way:979525956"}},{"type":"Feature","geometry":{"type":"LineString","coordinates":[[112.8516492,22.9502344],[112.8511349,22.9499749],[112.8510594,22.9499515],[112.8509726,22.9499359],[112.8508773,22.949929]]},"properties":{"key":"way:979525957@detail:451_91","osmType":"way","osmId":979525957,"sourceRegion":"guangzhou","featureType":"infrastructure","railClass":"tram","mode":"tram","name":"未命名","service":"yard","status":"operational","color":"#8d5ac7","sourceKey":"way:979525957"}},{"type":"Feature","geometry":{"type":"LineString","coordinates":[[112.851372,22.9500254],[112.8511934,22.9499288],[112.8511355,22.9499042],[112.8510772,22.9498916],[112.8510185,22.9498942],[112.8508773,22.949929],[112.8507989,22.9499457],[112.8507474,22.9499654],[112.8506907,22.9499782],[112.8506282,22.9499771],[112.8505208,22.9499521]]},"properties":{"key":"way:979525958@detail:451_91","osmType":"way","osmId":979525958,"sourceRegion":"guangzhou","featureType":"infrastructure","railClass":"tram","mode":"tram","name":"未命名","service":"yard","status":"operational","color":"#8d5ac7","sourceKey":"way:979525958"}},{"type":"Feature","geometry":{"type":"LineString","coordinates":[[112.8517042,22.9501375],[112.8512016,22.9498711],[112.8511665,22.9498556],[112.8511222,22.9498412],[112.8510723,22.949832],[112.8510277,22.949834],[112.8509719,22.9498458],[112.8509122,22.9498709],[112.8507989,22.9499457]]},"properties":{"key":"way:979525959@detail:451_91","osmType":"way","osmId":979525959,"sourceRegion":"guangzhou","featureType":"infrastructure","railClass":"tram","mode":"tram","name":"未命名","service":"yard","status":"operational","color":"#8d5ac7","sourceKey":"way:979525959"}},{"type":"Feature","geometry":{"type":"LineString","coordinates":[[112.89808472473807,23.0],[112.8981587,22.998381]]},"properties":{"key":"way:1073234885@detail:451_91","osmType":"way","osmId":1073234885,"sourceRegion":"guangzhou","featureType":"infrastructure","railClass":"national","mode":"rail","name":"广珠线","nameEn":"Guangzhu Line","ref":"0710","usage":"main","bridge":"yes","status":"operational","color":"#E54848","sourceKey":"way:1073234885"}},{"type":"Feature","geometry":{"type":"LineString","coordinates":[[112.8981125,22.9983738],[112.89803873872759,23.0]]},"properties":{"key":"way:1073234886@detail:451_91","osmType":"way","osmId":1073234886,"sourceRegion":"guangzhou","featureType":"infrastructure","railClass":"national","mode":"rail","name":"广珠线","nameEn":"Guangzhu Line","ref":"0710","usage":"main","bridge":"yes","status":"operational","color":"#E54848","sourceKey":"way:1073234886"}},{"type":"Feature","geometry":{"type":"LineString","coordinates":[[112.8981587,22.998381],[112.8982339,22.9964709],[112.8983355,22.9942591],[112.898341,22.9934721],[112.8983414,22.9925639],[112.8983248,22.9918437],[112.8982555,22.9884739],[112.8982929,22.9853741],[112.8983011,22.9835333],[112.8982972,22.9831659],[112.8983182,22.9827295],[112.8983563,22.9821807],[112.8984103,22.9816898],[112.8984683,22.9812658],[112.8985372,22.9808595],[112.8986239,22.9804816],[112.8988487,22.9796329],[112.8990297,22.979075],[112.899172,22.9787096],[112.899445,22.9780532],[112.8997404,22.9774113],[112.8999099,22.9771013],[112.9000889,22.9767292],[112.9008834,22.9755086],[112.9013897,22.9748566]]},"properties":{"key":"way:1073234887@detail:451_91","osmType":"way","osmId":1073234887,"sourceRegion":"guangzhou","featureType":"infrastructure","railClass":"national","mode":"rail","name":"广珠线","nameEn":"Guangzhu Line","ref":"0710","usage":"main","status":"operational","color":"#E54848","sourceKey":"way:1073234887"}},{"type":"Feature","geometry":{"type":"LineString","coordinates":[[112.9013464,22.974835],[112.9008425,22.9754839],[112.9000459,22.9767077],[112.8998911,22.9770545],[112.8997037,22.9773893],[112.8994087,22.9780192],[112.8991317,22.9787023],[112.8989939,22.9790592],[112.8988014,22.9796216],[112.8985861,22.9804711],[112.8984851,22.9808657],[112.8984188,22.9812645],[112.8983679,22.9816806],[112.8983134,22.9822167],[112.8982748,22.9827305],[112.898259,22.9831444],[112.8982551,22.9835294],[112.8982378,22.9853366],[112.8982084,22.9884851],[112.8982844,22.9918374],[112.8982972,22.9925641],[112.8982954,22.9934833],[112.8982926,22.9942474],[112.8981951,22.9964543],[112.8981125,22.9983738]]},"properties":{"key":"way:1073234888@detail:451_91","osmType":"way","osmId":1073234888,"sourceRegion":"guangzhou","featureType":"infrastructure","railClass":"national","mode":"rail","name":"广珠线","nameEn":"Guangzhu Line","ref":"0710","usage":"main","status":"operational","color":"#E54848","sourceKey":"way:1073234888"}},{"type":"Feature","geometry":{"type":"LineString","coordinates":[[112.8516899,22.9694487],[112.870522,22.9803253],[112.8720775,22.9812711],[112.8739765,22.9825356],[112.8760677,22.9840483],[112.8780434,22.9855785],[112.8798797,22.9871317],[112.89112,22.9978534],[112.893147,22.999644],[112.89358721000745,23.0]]},"properties":{"key":"way:1074827034@detail:451_91","osmType":"way","osmId":1074827034,"sourceRegion":"guangzhou","featureType":"infrastructure","railClass":"highspeed","mode":"rail","name":"广湛高速线","nameEn":"Guangzhou-Zhanjiang Railway","usage":"main","highspeed":"yes","bridge":"yes","status":"operational","color":"#E54848","sourceKey":"way:1074827034"}},{"type":"Feature","geometry":{"type":"LineString","coordinates":[[112.7914855,22.8956613],[112.782801,22.9050136],[112.7817129,22.9061079],[112.7787191,22.908857],[112.7756154,22.9112863],[112.7724671,22.9136014],[112.7695842,22.9154466],[112.7685486,22.9160714],[112.7668896,22.9170723],[112.7642973,22.9185239],[112.7614193,22.9200512],[112.7585336,22.9214843],[112.7558057,22.9227604],[112.7535082,22.9237423],[112.7514002,22.9245724],[112.75,22.9250896168851]]},"properties":{"key":"way:1097489669@detail:451_91","osmType":"way","osmId":1097489669,"sourceRegion":"guangzhou","featureType":"infrastructure","railClass":"construction","mode":"construction","name":"南珠高速线","nameEn":"Nanning-Zhuhai Highspeed Railway","usage":"main","highspeed":"yes","bridge":"yes","status":"construction","color":"#397F9D","sourceKey":"way:1097489669"}},{"type":"Feature","geometry":{"type":"LineString","coordinates":[[112.8199259,22.8632672],[112.8171213,22.8672711]]},"properties":{"key":"way:1097489670@detail:451_91","osmType":"way","osmId":1097489670,"sourceRegion":"guangzhou","featureType":"infrastructure","railClass":"construction","mode":"construction","name":"南珠高速线","nameEn":"Nanning-Zhuhai Highspeed Railway","usage":"main","highspeed":"yes","bridge":"yes","status":"construction","color":"#397F9D","sourceKey":"way:1097489670"}},{"type":"Feature","geometry":{"type":"LineString","coordinates":[[112.75,22.963552426609244],[112.7524692,22.9638023],[112.7557696,22.9640647],[112.7584119,22.9641918],[112.7611423,22.9641645],[112.7638056,22.9640245],[112.7662989,22.9637737],[112.7696025,22.9633711]]},"properties":{"key":"way:1229243326@detail:451_91","osmType":"way","osmId":1229243326,"sourceRegion":"guangzhou","featureType":"infrastructure","railClass":"highspeed","mode":"rail","name":"广湛高速线","nameEn":"Guangzhou-Zhanjiang Railway","usage":"main","highspeed":"yes","tunnel":"yes","status":"operational","color":"#E54848","sourceKey":"way:1229243326"}},{"type":"Feature","geometry":{"type":"LineString","coordinates":[[112.87548543332065,22.75],[112.8694601,22.7537104],[112.8639025,22.7578658],[112.8600616,22.7611306],[112.8560276,22.7655628],[112.8524547,22.7698294],[112.8499618,22.7738953],[112.8472597,22.7783024],[112.8444948,22.7845818],[112.842365,22.7910376],[112.8412432,22.7955551],[112.8378181,22.8069562],[112.833733,22.8296738],[112.8318606,22.837565],[112.8304215,22.842449],[112.8288268,22.8469469],[112.827555,22.8500075],[112.8250299,22.8577788],[112.8224553,22.8611366],[112.8199259,22.8632672]]},"properties":{"key":"way:1248735895@detail:451_91","osmType":"way","osmId":1248735895,"sourceRegion":"guangzhou","featureType":"infrastructure","railClass":"construction","mode":"construction","name":"南珠高速线","nameEn":"Nanning-Zhuhai Highspeed Railway","usage":"main","highspeed":"yes","status":"construction","color":"#397F9D","sourceKey":"way:1248735895"}},{"type":"Feature","geometry":{"type":"LineString","coordinates":[[112.8157684,22.8687725],[112.7963632,22.890306]]},"properties":{"key":"way:1248735896@detail:451_91","osmType":"way","osmId":1248735896,"sourceRegion":"guangzhou","featureType":"infrastructure","railClass":"construction","mode":"construction","name":"南珠高速线","nameEn":"Nanning-Zhuhai Highspeed Railway","usage":"main","highspeed":"yes","bridge":"yes","status":"construction","color":"#397F9D","sourceKey":"way:1248735896"}},{"type":"Feature","geometry":{"type":"LineString","coordinates":[[112.8171213,22.8672711],[112.8157684,22.8687725]]},"properties":{"key":"way:1248735897@detail:451_91","osmType":"way","osmId":1248735897,"sourceRegion":"guangzhou","featureType":"infrastructure","railClass":"construction","mode":"construction","name":"南珠高速线","nameEn":"Nanning-Zhuhai Highspeed Railway","usage":"main","highspeed":"yes","status":"construction","color":"#397F9D","sourceKey":"way:1248735897"}},{"type":"Feature","geometry":{"type":"LineString","coordinates":[[112.7963632,22.890306],[112.7935842,22.8933572]]},"properties":{"key":"way:1248735898@detail:451_91","osmType":"way","osmId":1248735898,"sourceRegion":"guangzhou","featureType":"infrastructure","railClass":"construction","mode":"construction","name":"南珠高速线","nameEn":"Nanning-Zhuhai Highspeed Railway","usage":"main","highspeed":"yes","status":"construction","color":"#397F9D","sourceKey":"way:1248735898"}},{"type":"Feature","geometry":{"type":"LineString","coordinates":[[112.8041139,22.9589208],[112.8060609,22.958712],[112.8080759,22.958553],[112.8102427,22.9584488],[112.8122183,22.958415],[112.8144662,22.958421],[112.8168595,22.958523],[112.8191833,22.9586781],[112.8214669,22.9589054],[112.8231644,22.9591079],[112.8266806,22.9597934],[112.829335,22.9603284],[112.8316847,22.9608821],[112.8347184,22.9618238],[112.8365545,22.962418],[112.8391414,22.9633233],[112.841148,22.9640215]]},"properties":{"key":"way:1249006557@detail:451_91","osmType":"way","osmId":1249006557,"sourceRegion":"guangzhou","featureType":"infrastructure","railClass":"highspeed","mode":"rail","name":"广湛高速线","nameEn":"Guangzhou-Zhanjiang Railway","usage":"main","highspeed":"yes","bridge":"yes","status":"operational","color":"#E54848","sourceKey":"way:1249006557"}},{"type":"Feature","geometry":{"type":"LineString","coordinates":[[112.841148,22.9640215],[112.843175,22.9649017]]},"properties":{"key":"way:1249006558@detail:451_91","osmType":"way","osmId":1249006558,"sourceRegion":"guangzhou","featureType":"infrastructure","railClass":"highspeed","mode":"rail","name":"广湛高速线","nameEn":"Guangzhou-Zhanjiang Railway","usage":"main","highspeed":"yes","tunnel":"yes","status":"operational","color":"#E54848","sourceKey":"way:1249006558"}},{"type":"Feature","geometry":{"type":"LineString","coordinates":[[112.843175,22.9649017],[112.8449104,22.9657626]]},"properties":{"key":"way:1249006559@detail:451_91","osmType":"way","osmId":1249006559,"sourceRegion":"guangzhou","featureType":"infrastructure","railClass":"highspeed","mode":"rail","name":"广湛高速线","nameEn":"Guangzhou-Zhanjiang Railway","usage":"main","highspeed":"yes","status":"operational","color":"#E54848","sourceKey":"way:1249006559"}},{"type":"Feature","geometry":{"type":"LineString","coordinates":[[112.8449104,22.9657626],[112.8516899,22.9694487]]},"properties":{"key":"way:1249006560@detail:451_91","osmType":"way","osmId":1249006560,"sourceRegion":"guangzhou","featureType":"infrastructure","railClass":"highspeed","mode":"rail","name":"广湛高速线","nameEn":"Guangzhou-Zhanjiang Railway","usage":"main","highspeed":"yes","tunnel":"yes","status":"operational","color":"#E54848","sourceKey":"way:1249006560"}},{"type":"Feature","geometry":{"type":"LineString","coordinates":[[112.7936445,22.893399],[112.7964177,22.8903553]]},"properties":{"key":"way:1249006561@detail:451_91","osmType":"way","osmId":1249006561,"sourceRegion":"guangzhou","featureType":"infrastructure","railClass":"construction","mode":"construction","name":"南珠高速线","nameEn":"Nanning-Zhuhai Highspeed Railway","usage":"main","highspeed":"yes","status":"construction","color":"#397F9D","sourceKey":"way:1249006561"}},{"type":"Feature","geometry":{"type":"LineString","coordinates":[[112.7935842,22.8933572],[112.7914177,22.8956039]]},"properties":{"key":"way:1249006562@detail:451_91","osmType":"way","osmId":1249006562,"sourceRegion":"guangzhou","featureType":"infrastructure","railClass":"construction","mode":"construction","name":"珠肇高速线","usage":"main","highspeed":"yes","status":"construction","color":"#52636f","sourceKey":"way:1249006562"}},{"type":"Feature","geometry":{"type":"LineString","coordinates":[[112.7916063,22.8957676],[112.7936445,22.893399]]},"properties":{"key":"way:1249006563@detail:451_91","osmType":"way","osmId":1249006563,"sourceRegion":"guangzhou","featureType":"infrastructure","railClass":"construction","mode":"construction","name":"珠肇高速线","usage":"main","highspeed":"yes","status":"construction","color":"#52636f","sourceKey":"way:1249006563"}},{"type":"Feature","geometry":{"type":"LineString","coordinates":[[112.7914177,22.8956039],[112.7866948,22.9005526],[112.7860529,22.9012602],[112.7854459,22.9019835],[112.784899,22.9026849],[112.7843724,22.9034146],[112.7839203,22.9041319],[112.7833867,22.9050519],[112.7828799,22.9059926],[112.782366,22.9070445],[112.7818963,22.9081064],[112.7814132,22.909228],[112.7801929,22.912325],[112.7796925,22.9137734],[112.7792931,22.9149644],[112.7789215,22.9162581],[112.7764417,22.9256564],[112.7761995,22.9268045],[112.7760526,22.9277442],[112.7759654,22.9286345],[112.7759202,22.9294603],[112.7759226,22.9303113],[112.7759977,22.9311322],[112.776091,22.9319648],[112.7762262,22.9328619],[112.7764129,22.9339145],[112.7766579,22.935051],[112.7769258,22.9361475],[112.7772341,22.9372291],[112.7775834,22.93836],[112.7779997,22.9395423],[112.7784905,22.9407928],[112.7791345,22.9423193],[112.7797035,22.9435405],[112.7803258,22.9447842],[112.7834185,22.9506212],[112.7861593,22.9557937],[112.7866812,22.9568358],[112.7872221,22.9579908],[112.7877629,22.9592982],[112.7882377,22.9606055],[112.7886824,22.9620628],[112.7890024,22.963378],[112.7892915,22.964681],[112.7897475,22.96715],[112.789977,22.9685335],[112.7901451,22.9697821],[112.7902892,22.9710891],[112.7903868,22.972296],[112.7904434,22.9734327],[112.7904385,22.9745967],[112.7904231,22.9758252],[112.790369,22.9771273],[112.7902922,22.9783812],[112.7901894,22.9795599],[112.7900672,22.9808448],[112.7898946,22.9822306],[112.7897134,22.9833801]]},"properties":{"key":"way:1249006564@detail:451_91","osmType":"way","osmId":1249006564,"sourceRegion":"guangzhou","featureType":"infrastructure","railClass":"construction","mode":"construction","name":"珠肇高速线","usage":"main","highspeed":"yes","bridge":"yes","status":"construction","color":"#52636f","sourceKey":"way:1249006564"}},{"type":"Feature","geometry":{"type":"LineString","coordinates":[[112.7828719,22.9050539],[112.7915367,22.8957125]]},"properties":{"key":"way:1249006565@detail:451_91","osmType":"way","osmId":1249006565,"sourceRegion":"guangzhou","featureType":"infrastructure","railClass":"construction","mode":"construction","name":"南珠高速线","nameEn":"Nanning-Zhuhai Highspeed Railway","usage":"main","highspeed":"yes","bridge":"yes","status":"construction","color":"#397F9D","sourceKey":"way:1249006565"}},{"type":"Feature","geometry":{"type":"LineString","coordinates":[[112.78983,22.9671386],[112.7893783,22.9646868],[112.7890938,22.9633537],[112.7887782,22.962053],[112.7883337,22.9605996],[112.7878436,22.959279],[112.787303,22.9579783],[112.7867625,22.9568236],[112.7862364,22.9557684],[112.7834905,22.9505845],[112.7804028,22.944755],[112.7797763,22.9435165],[112.7792135,22.942298],[112.7785709,22.9407639],[112.7780815,22.9395212],[112.7776762,22.9383422],[112.7773203,22.9372041],[112.7770138,22.9361389],[112.7767518,22.9350463],[112.7765047,22.9338946],[112.7763168,22.9328475],[112.7761883,22.931978],[112.7760845,22.9311312],[112.7760139,22.9302999],[112.7760061,22.9294459],[112.7760522,22.9285991],[112.7761373,22.9277538],[112.7762779,22.9268126],[112.7765232,22.9256546],[112.778998,22.9162685],[112.779365,22.9149583],[112.779752,22.9137873],[112.7802643,22.9123477],[112.7805558,22.9116153],[112.7809082,22.9107917],[112.782096,22.908192],[112.7825314,22.9072842],[112.7830521,22.9063072],[112.7834667,22.90557],[112.7840452,22.9046373],[112.7847009,22.9037047],[112.7855109,22.902701],[112.7863209,22.9017328],[112.7870055,22.9009245],[112.7916063,22.8957676]]},"properties":{"key":"way:1249006566@detail:451_91","osmType":"way","osmId":1249006566,"sourceRegion":"guangzhou","featureType":"infrastructure","railClass":"construction","mode":"construction","name":"珠肇高速线","usage":"main","highspeed":"yes","bridge":"yes","status":"construction","color":"#52636f","sourceKey":"way:1249006566"}},{"type":"Feature","geometry":{"type":"LineString","coordinates":[[112.7696085,22.9632517],[112.7661176,22.9636543],[112.7643075,22.9638349],[112.7629878,22.9639417],[112.7614363,22.9640484],[112.7584977,22.9640926],[112.7540736,22.9637923],[112.75,22.96342675214159]]},"properties":{"key":"way:1249006569@detail:451_91","osmType":"way","osmId":1249006569,"sourceRegion":"guangzhou","featureType":"infrastructure","railClass":"highspeed","mode":"rail","name":"广湛高速线","nameEn":"Guangzhou-Zhanjiang Railway","usage":"main","highspeed":"yes","tunnel":"yes","status":"operational","color":"#E54848","sourceKey":"way:1249006569"}},{"type":"Feature","geometry":{"type":"LineString","coordinates":[[112.7834185,22.9506212],[112.7851195,22.9540958],[112.7854368,22.9547289],[112.7857553,22.9553182],[112.7861365,22.9559468],[112.786711,22.9568058],[112.7872512,22.9575154],[112.7877534,22.9580706],[112.7883076,22.9585859],[112.788948,22.9590751],[112.7894486,22.9594062],[112.7900552,22.959751],[112.7905898,22.9600337],[112.7912075,22.960321],[112.7918087,22.9605283],[112.7925005,22.9607062],[112.7931929,22.9607977],[112.793876,22.9608242],[112.7945842,22.9607886],[112.7954234,22.960686]]},"properties":{"key":"way:1249040930@detail:451_91","osmType":"way","osmId":1249040930,"sourceRegion":"guangzhou","featureType":"infrastructure","railClass":"construction","mode":"construction","name":"广湛联络线","usage":"main","highspeed":"yes","bridge":"yes","status":"construction","color":"#52636f","sourceKey":"way:1249040930"}},{"type":"Feature","geometry":{"type":"LineString","coordinates":[[112.7953651,22.9603516],[112.7945708,22.9604006],[112.7938407,22.9604119],[112.7932302,22.9603917],[112.7926239,22.9603451],[112.7920202,22.9602659],[112.7915066,22.9601513],[112.7909889,22.9599801],[112.7903917,22.9597147],[112.7898214,22.9593935],[112.7892965,22.9590211],[112.7888096,22.9586223],[112.7884085,22.9582189],[112.7880034,22.9577675],[112.7876135,22.9573021],[112.7872208,22.9567665],[112.7868331,22.9562124],[112.7863494,22.9554786],[112.7854364,22.9539772],[112.7834905,22.9505845]]},"properties":{"key":"way:1249040931@detail:451_91","osmType":"way","osmId":1249040931,"sourceRegion":"guangzhou","featureType":"infrastructure","railClass":"construction","mode":"construction","name":"广湛联络线","usage":"main","highspeed":"yes","bridge":"yes","status":"construction","color":"#52636f","sourceKey":"way:1249040931"}},{"type":"Feature","geometry":{"type":"LineString","coordinates":[[112.7897134,22.9833801],[112.789206,22.9862303],[112.7886236,22.9888766],[112.7878938,22.9914644],[112.7870862,22.993842],[112.7864597,22.9958252]]},"properties":{"key":"way:1338590485@detail:451_91","osmType":"way","osmId":1338590485,"sourceRegion":"guangzhou","featureType":"infrastructure","railClass":"construction","mode":"construction","name":"珠肇高速线","usage":"main","highspeed":"yes","tunnel":"yes","status":"construction","color":"#52636f","sourceKey":"way:1338590485"}},{"type":"Feature","geometry":{"type":"LineString","coordinates":[[112.7935842,22.8933572],[112.7914855,22.8956613]]},"properties":{"key":"way:1365472152@detail:451_91","osmType":"way","osmId":1365472152,"sourceRegion":"guangzhou","featureType":"infrastructure","railClass":"construction","mode":"construction","name":"南珠高速线","nameEn":"Nanning-Zhuhai Highspeed Railway","usage":"main","highspeed":"yes","status":"construction","color":"#397F9D","sourceKey":"way:1365472152"}},{"type":"Feature","geometry":{"type":"LineString","coordinates":[[112.7915367,22.8957125],[112.7936445,22.893399]]},"properties":{"key":"way:1365472153@detail:451_91","osmType":"way","osmId":1365472153,"sourceRegion":"guangzhou","featureType":"infrastructure","railClass":"construction","mode":"construction","name":"南珠高速线","nameEn":"Nanning-Zhuhai Highspeed Railway","usage":"main","highspeed":"yes","status":"construction","color":"#397F9D","sourceKey":"way:1365472153"}},{"type":"Feature","geometry":{"type":"LineString","coordinates":[[112.7864597,22.9958252],[112.78453388761078,23.0]]},"properties":{"key":"way:1365472156@detail:451_91","osmType":"way","osmId":1365472156,"sourceRegion":"guangzhou","featureType":"infrastructure","railClass":"construction","mode":"construction","name":"珠肇高速线","usage":"main","highspeed":"yes","status":"construction","color":"#52636f","sourceKey":"way:1365472156"}},{"type":"Feature","geometry":{"type":"LineString","coordinates":[[112.8509807,22.9500914],[112.8509621,22.9500827],[112.8509203,22.950064],[112.8508967,22.9500577],[112.8507445,22.9500371],[112.8506483,22.9500214]]},"properties":{"key":"way:1414262258@detail:451_91","osmType":"way","osmId":1414262258,"sourceRegion":"guangzhou","featureType":"infrastructure","railClass":"tram","mode":"tram","name":"未命名","service":"yard","status":"operational","color":"#8d5ac7","sourceKey":"way:1414262258"}},{"type":"Feature","geometry":{"type":"LineString","coordinates":[[112.8509599,22.9501263],[112.8509011,22.9500981],[112.8508324,22.9500652],[112.8507445,22.9500371]]},"properties":{"key":"way:1414262259@detail:451_91","osmType":"way","osmId":1414262259,"sourceRegion":"guangzhou","featureType":"infrastructure","railClass":"tram","mode":"tram","name":"未命名","service":"yard","status":"operational","color":"#8d5ac7","sourceKey":"way:1414262259"}},{"type":"Feature","geometry":{"type":"LineString","coordinates":[[112.8509354,22.9501675],[112.8514425,22.9504257]]},"properties":{"key":"way:1414262260@detail:451_91","osmType":"way","osmId":1414262260,"sourceRegion":"guangzhou","featureType":"infrastructure","railClass":"tram","mode":"tram","name":"未命名","service":"yard","status":"operational","color":"#8d5ac7","sourceKey":"way:1414262260"}},{"type":"Feature","geometry":{"type":"LineString","coordinates":[[112.850914,22.9502034],[112.8514234,22.9504577]]},"properties":{"key":"way:1414262261@detail:451_91","osmType":"way","osmId":1414262261,"sourceRegion":"guangzhou","featureType":"infrastructure","railClass":"tram","mode":"tram","name":"未命名","service":"yard","status":"operational","color":"#8d5ac7","sourceKey":"way:1414262261"}},{"type":"Feature","geometry":{"type":"LineString","coordinates":[[112.850629,22.9500554],[112.8507166,22.9501351],[112.8507714,22.9501913],[112.8508262,22.9502309],[112.8508803,22.9502598]]},"properties":{"key":"way:1414262262@detail:451_91","osmType":"way","osmId":1414262262,"sourceRegion":"guangzhou","featureType":"infrastructure","railClass":"tram","mode":"tram","name":"未命名","service":"yard","status":"operational","color":"#8d5ac7","sourceKey":"way:1414262262"}},{"type":"Feature","geometry":{"type":"LineString","coordinates":[[112.8504948,22.949987],[112.8505831,22.9500586],[112.8506595,22.9501429],[112.8507559,22.9502482],[112.8507983,22.9502805],[112.8508046,22.9502853],[112.8508506,22.9503097]]},"properties":{"key":"way:1414262263@detail:451_91","osmType":"way","osmId":1414262263,"sourceRegion":"guangzhou","featureType":"infrastructure","railClass":"tram","mode":"tram","name":"未命名","service":"yard","status":"operational","color":"#8d5ac7","sourceKey":"way:1414262263"}},{"type":"Feature","geometry":{"type":"LineString","coordinates":[[112.8506595,22.9501429],[112.8507005,22.9502173],[112.8507195,22.9502714],[112.85074,22.950319],[112.8507631,22.950343],[112.8507739,22.9503542],[112.8508117,22.9503748]]},"properties":{"key":"way:1414262264@detail:451_91","osmType":"way","osmId":1414262264,"sourceRegion":"guangzhou","featureType":"infrastructure","railClass":"tram","mode":"tram","name":"未命名","service":"yard","status":"operational","color":"#8d5ac7","sourceKey":"way:1414262264"}},{"type":"Feature","geometry":{"type":"LineString","coordinates":[[112.8508117,22.9503748],[112.8510234,22.9504816]]},"properties":{"key":"way:1414262265@detail:451_91","osmType":"way","osmId":1414262265,"sourceRegion":"guangzhou","featureType":"infrastructure","railClass":"tram","mode":"tram","name":"未命名","service":"yard","status":"operational","color":"#8d5ac7","sourceKey":"way:1414262265"}},{"type":"Feature","geometry":{"type":"LineString","coordinates":[[112.8517651,22.9511967],[112.85149,22.9510529]]},"properties":{"key":"way:1414262266@detail:451_91","osmType":"way","osmId":1414262266,"sourceRegion":"guangzhou","featureType":"infrastructure","railClass":"tram","mode":"tram","name":"未命名","service":"yard","status":"operational","color":"#8d5ac7","sourceKey":"way:1414262266"}},{"type":"Feature","geometry":{"type":"LineString","coordinates":[[112.85149,22.9510529],[112.8512296,22.9509176]]},"properties":{"key":"way:1414262267@detail:451_91","osmType":"way","osmId":1414262267,"sourceRegion":"guangzhou","featureType":"infrastructure","railClass":"tram","mode":"tram","name":"未命名","service":"yard","status":"operational","color":"#8d5ac7","sourceKey":"way:1414262267"}},{"type":"Feature","geometry":{"type":"LineString","coordinates":[[112.8517421,22.950487],[112.8514857,22.9503532]]},"properties":{"key":"way:1414262268@detail:451_91","osmType":"way","osmId":1414262268,"sourceRegion":"guangzhou","featureType":"infrastructure","railClass":"tram","mode":"tram","name":"未命名","service":"yard","status":"operational","color":"#8d5ac7","sourceKey":"way:1414262268"}},{"type":"Feature","geometry":{"type":"LineString","coordinates":[[112.8517212,22.9505235],[112.8514642,22.9503893]]},"properties":{"key":"way:1414262269@detail:451_91","osmType":"way","osmId":1414262269,"sourceRegion":"guangzhou","featureType":"infrastructure","railClass":"tram","mode":"tram","name":"未命名","service":"yard","status":"operational","color":"#8d5ac7","sourceKey":"way:1414262269"}},{"type":"Feature","geometry":{"type":"LineString","coordinates":[[112.8514425,22.9504257],[112.8517005,22.9505569]]},"properties":{"key":"way:1414262270@detail:451_91","osmType":"way","osmId":1414262270,"sourceRegion":"guangzhou","featureType":"infrastructure","railClass":"tram","mode":"tram","name":"未命名","service":"yard","status":"operational","color":"#8d5ac7","sourceKey":"way:1414262270"}},{"type":"Feature","geometry":{"type":"LineString","coordinates":[[112.8514234,22.9504577],[112.8516829,22.950589]]},"properties":{"key":"way:1414262271@detail:451_91","osmType":"way","osmId":1414262271,"sourceRegion":"guangzhou","featureType":"infrastructure","railClass":"tram","mode":"tram","name":"未命名","service":"yard","status":"operational","color":"#8d5ac7","sourceKey":"way:1414262271"}},{"type":"Feature","geometry":{"type":"LineString","coordinates":[[112.8516788,22.9501867],[112.8514564,22.9500704]]},"properties":{"key":"way:1414264470@detail:451_91","osmType":"way","osmId":1414264470,"sourceRegion":"guangzhou","featureType":"infrastructure","railClass":"tram","mode":"tram","name":"未命名","service":"yard","status":"operational","color":"#8d5ac7","sourceKey":"way:1414264470"}},{"type":"Feature","geometry":{"type":"LineString","coordinates":[[112.8514564,22.9500704],[112.851372,22.9500254]]},"properties":{"key":"way:1414264471@detail:451_91","osmType":"way","osmId":1414264471,"sourceRegion":"guangzhou","featureType":"infrastructure","railClass":"tram","mode":"tram","name":"未命名","service":"yard","status":"operational","color":"#8d5ac7","sourceKey":"way:1414264471"}},{"type":"Feature","geometry":{"type":"LineString","coordinates":[[112.8324458,22.9081138],[112.8309599,22.9081039]]},"properties":{"key":"way:1414278446@detail:451_91","osmType":"way","osmId":1414278446,"sourceRegion":"guangzhou","featureType":"infrastructure","railClass":"minor","mode":"rail","name":"未命名","service":"yard","status":"operational","color":"#52636f","sourceKey":"way:1414278446"}},{"type":"Feature","geometry":{"type":"LineString","coordinates":[[112.8309594,22.9081631],[112.8324454,22.9081743]]},"properties":{"key":"way:1414278447@detail:451_91","osmType":"way","osmId":1414278447,"sourceRegion":"guangzhou","featureType":"infrastructure","railClass":"minor","mode":"rail","name":"未命名","service":"yard","status":"operational","color":"#52636f","sourceKey":"way:1414278447"}},{"type":"Feature","geometry":{"type":"LineString","coordinates":[[112.8324454,22.9081743],[112.8327723,22.9081753],[112.8328309,22.9081755]]},"properties":{"key":"way:1414282609@detail:451_91","osmType":"way","osmId":1414282609,"sourceRegion":"guangzhou","featureType":"infrastructure","railClass":"minor","mode":"rail","name":"未命名","service":"yard","status":"operational","color":"#52636f","sourceKey":"way:1414282609"}},{"type":"Feature","geometry":{"type":"LineString","coordinates":[[112.8324458,22.9081138],[112.8327733,22.9081148],[112.8328314,22.908115]]},"properties":{"key":"way:1414282610@detail:451_91","osmType":"way","osmId":1414282610,"sourceRegion":"guangzhou","featureType":"infrastructure","railClass":"minor","mode":"rail","name":"未命名","service":"yard","status":"operational","color":"#52636f","sourceKey":"way:1414282610"}},{"type":"Feature","geometry":{"type":"LineString","coordinates":[[112.8324448,22.9082447],[112.8327711,22.9082478],[112.8328304,22.9082484]]},"properties":{"key":"way:1414282611@detail:451_91","osmType":"way","osmId":1414282611,"sourceRegion":"guangzhou","featureType":"infrastructure","railClass":"minor","mode":"rail","name":"未命名","service":"yard","status":"operational","color":"#52636f","sourceKey":"way:1414282611"}},{"type":"Feature","geometry":{"type":"LineString","coordinates":[[112.8324442,22.9083336],[112.8327696,22.9083368],[112.8328297,22.9083374]]},"properties":{"key":"way:1414282612@detail:451_91","osmType":"way","osmId":1414282612,"sourceRegion":"guangzhou","featureType":"infrastructure","railClass":"minor","mode":"rail","name":"未命名","service":"yard","status":"operational","color":"#52636f","sourceKey":"way:1414282612"}},{"type":"Feature","geometry":{"type":"LineString","coordinates":[[112.8324438,22.908388],[112.8327687,22.9083901],[112.8328294,22.9083905]]},"properties":{"key":"way:1414282613@detail:451_91","osmType":"way","osmId":1414282613,"sourceRegion":"guangzhou","featureType":"infrastructure","railClass":"minor","mode":"rail","name":"未命名","service":"yard","status":"operational","color":"#52636f","sourceKey":"way:1414282613"}},{"type":"Feature","geometry":{"type":"LineString","coordinates":[[112.8328291,22.9084263],[112.8331791,22.9084288]]},"properties":{"key":"way:1414282614@detail:451_91","osmType":"way","osmId":1414282614,"sourceRegion":"guangzhou","featureType":"infrastructure","railClass":"minor","mode":"rail","name":"未命名","service":"yard","bridge":"yes","status":"operational","color":"#52636f","sourceKey":"way:1414282614"}},{"type":"Feature","geometry":{"type":"LineString","coordinates":[[112.8324432,22.9084609],[112.8327675,22.908462],[112.8328288,22.9084622]]},"properties":{"key":"way:1414282615@detail:451_91","osmType":"way","osmId":1414282615,"sourceRegion":"guangzhou","featureType":"infrastructure","railClass":"minor","mode":"rail","name":"未命名","service":"yard","status":"operational","color":"#52636f","sourceKey":"way:1414282615"}},{"type":"Feature","geometry":{"type":"LineString","coordinates":[[112.8324427,22.9085275],[112.8327663,22.9085287],[112.8328284,22.9085289]]},"properties":{"key":"way:1414282616@detail:451_91","osmType":"way","osmId":1414282616,"sourceRegion":"guangzhou","featureType":"infrastructure","railClass":"minor","mode":"rail","name":"未命名","service":"yard","status":"operational","color":"#52636f","sourceKey":"way:1414282616"}},{"type":"Feature","geometry":{"type":"LineString","coordinates":[[112.8324422,22.9086005],[112.8327651,22.9086026],[112.8328278,22.908603]]},"properties":{"key":"way:1414282617@detail:451_91","osmType":"way","osmId":1414282617,"sourceRegion":"guangzhou","featureType":"infrastructure","railClass":"minor","mode":"rail","name":"未命名","service":"yard","status":"operational","color":"#52636f","sourceKey":"way:1414282617"}},{"type":"Feature","geometry":{"type":"LineString","coordinates":[[112.8324417,22.9086647],[112.832764,22.9086668],[112.8328274,22.9086672]]},"properties":{"key":"way:1414282618@detail:451_91","osmType":"way","osmId":1414282618,"sourceRegion":"guangzhou","featureType":"infrastructure","railClass":"minor","mode":"rail","name":"未命名","service":"yard","status":"operational","color":"#52636f","sourceKey":"way:1414282618"}},{"type":"Feature","geometry":{"type":"LineString","coordinates":[[112.8324412,22.9087314],[112.8327629,22.9087335],[112.8328269,22.9087339]]},"properties":{"key":"way:1414282619@detail:451_91","osmType":"way","osmId":1414282619,"sourceRegion":"guangzhou","featureType":"infrastructure","railClass":"minor","mode":"rail","name":"未命名","service":"yard","status":"operational","color":"#52636f","sourceKey":"way:1414282619"}},{"type":"Feature","geometry":{"type":"LineString","coordinates":[[112.8324402,22.9088574],[112.8327607,22.9088606],[112.832826,22.9088612]]},"properties":{"key":"way:1414282620@detail:451_91","osmType":"way","osmId":1414282620,"sourceRegion":"guangzhou","featureType":"infrastructure","railClass":"minor","mode":"rail","name":"未命名","service":"yard","status":"operational","color":"#52636f","sourceKey":"way:1414282620"}},{"type":"Feature","geometry":{"type":"LineString","coordinates":[[112.8331735,22.909191],[112.8332162,22.9091911],[112.833714,22.9091922]]},"properties":{"key":"way:1414282621@detail:451_91","osmType":"way","osmId":1414282621,"sourceRegion":"guangzhou","featureType":"infrastructure","railClass":"minor","mode":"rail","name":"未命名","service":"spur","status":"operational","color":"#52636f","sourceKey":"way:1414282621"}},{"type":"Feature","geometry":{"type":"LineString","coordinates":[[112.8331741,22.9091032],[112.8332163,22.9091034],[112.8338777,22.9091069]]},"properties":{"key":"way:1414282622@detail:451_91","osmType":"way","osmId":1414282622,"sourceRegion":"guangzhou","featureType":"infrastructure","railClass":"minor","mode":"rail","name":"未命名","service":"yard","status":"operational","color":"#52636f","sourceKey":"way:1414282622"}},{"type":"Feature","geometry":{"type":"LineString","coordinates":[[112.8331751,22.9089637],[112.8332166,22.9089639],[112.8338723,22.9089674]]},"properties":{"key":"way:1414282623@detail:451_91","osmType":"way","osmId":1414282623,"sourceRegion":"guangzhou","featureType":"infrastructure","railClass":"minor","mode":"rail","name":"未命名","service":"yard","status":"operational","color":"#52636f","sourceKey":"way:1414282623"}},{"type":"Feature","geometry":{"type":"LineString","coordinates":[[112.8331748,22.9090106],[112.8332165,22.9090108],[112.8338736,22.9090143]]},"properties":{"key":"way:1414282624@detail:451_91","osmType":"way","osmId":1414282624,"sourceRegion":"guangzhou","featureType":"infrastructure","railClass":"minor","mode":"rail","name":"未命名","service":"yard","status":"operational","color":"#52636f","sourceKey":"way:1414282624"}},{"type":"Feature","geometry":{"type":"LineString","coordinates":[[112.8331745,22.9090551],[112.8332164,22.9090554],[112.833875,22.90906]]},"properties":{"key":"way:1414282625@detail:451_91","osmType":"way","osmId":1414282625,"sourceRegion":"guangzhou","featureType":"infrastructure","railClass":"minor","mode":"rail","name":"未命名","service":"yard","status":"operational","color":"#52636f","sourceKey":"way:1414282625"}},{"type":"Feature","geometry":{"type":"LineString","coordinates":[[112.8331818,22.9080742],[112.8332182,22.9080748],[112.8332566,22.9080755]]},"properties":{"key":"way:1414282630@detail:451_91","osmType":"way","osmId":1414282630,"sourceRegion":"guangzhou","featureType":"infrastructure","railClass":"minor","mode":"rail","name":"未命名","service":"yard","status":"operational","color":"#52636f","sourceKey":"way:1414282630"}},{"type":"Feature","geometry":{"type":"LineString","coordinates":[[112.8331822,22.9080186],[112.8332183,22.9080192],[112.8332568,22.9080199]]},"properties":{"key":"way:1414282631@detail:451_91","osmType":"way","osmId":1414282631,"sourceRegion":"guangzhou","featureType":"infrastructure","railClass":"minor","mode":"rail","name":"未命名","service":"yard","status":"operational","color":"#52636f","sourceKey":"way:1414282631"}},{"type":"Feature","geometry":{"type":"LineString","coordinates":[[112.8331759,22.9088661],[112.8332168,22.9088662],[112.833871,22.9088673]]},"properties":{"key":"way:1414282632@detail:451_91","osmType":"way","osmId":1414282632,"sourceRegion":"guangzhou","featureType":"infrastructure","railClass":"minor","mode":"rail","name":"未命名","service":"yard","status":"operational","color":"#52636f","sourceKey":"way:1414282632"}},{"type":"Feature","geometry":{"type":"LineString","coordinates":[[112.8331755,22.9089192],[112.8332167,22.9089193],[112.833871,22.9089204]]},"properties":{"key":"way:1414282633@detail:451_91","osmType":"way","osmId":1414282633,"sourceRegion":"guangzhou","featureType":"infrastructure","railClass":"minor","mode":"rail","name":"未命名","service":"yard","status":"operational","color":"#52636f","sourceKey":"way:1414282633"}},{"type":"Feature","geometry":{"type":"LineString","coordinates":[[112.8328242,22.9091032],[112.8327566,22.909103],[112.8309487,22.9090983]]},"properties":{"key":"way:1414282634@detail:451_91","osmType":"way","osmId":1414282634,"sourceRegion":"guangzhou","featureType":"infrastructure","railClass":"minor","mode":"rail","name":"未命名","service":"yard","status":"operational","color":"#52636f","sourceKey":"way:1414282634"}},{"type":"Feature","geometry":{"type":"LineString","coordinates":[[112.8328252,22.9089635],[112.832759,22.9089631],[112.8309541,22.9089512]]},"properties":{"key":"way:1414282641@detail:451_91","osmType":"way","osmId":1414282641,"sourceRegion":"guangzhou","featureType":"infrastructure","railClass":"minor","mode":"rail","name":"未命名","service":"yard","status":"operational","color":"#52636f","sourceKey":"way:1414282641"}},{"type":"Feature","geometry":{"type":"LineString","coordinates":[[112.8328249,22.909008],[112.8327582,22.9090076],[112.8309527,22.9089957]]},"properties":{"key":"way:1414282642@detail:451_91","osmType":"way","osmId":1414282642,"sourceRegion":"guangzhou","featureType":"infrastructure","railClass":"minor","mode":"rail","name":"未命名","service":"yard","status":"operational","color":"#52636f","sourceKey":"way:1414282642"}},{"type":"Feature","geometry":{"type":"LineString","coordinates":[[112.8328245,22.9090562],[112.8327574,22.9090558],[112.8309501,22.9090451]]},"properties":{"key":"way:1414282643@detail:451_91","osmType":"way","osmId":1414282643,"sourceRegion":"guangzhou","featureType":"infrastructure","railClass":"minor","mode":"rail","name":"未命名","service":"yard","status":"operational","color":"#52636f","sourceKey":"way:1414282643"}},{"type":"Feature","geometry":{"type":"LineString","coordinates":[[112.8331765,22.9087856],[112.8332169,22.9087857],[112.8332541,22.9087857]]},"properties":{"key":"way:1414282644@detail:451_91","osmType":"way","osmId":1414282644,"sourceRegion":"guangzhou","featureType":"infrastructure","railClass":"minor","mode":"rail","name":"未命名","service":"yard","status":"operational","color":"#52636f","sourceKey":"way:1414282644"}},{"type":"Feature","geometry":{"type":"LineString","coordinates":[[112.8331771,22.9087016],[112.8332171,22.9087023],[112.8332544,22.9087029]]},"properties":{"key":"way:1414282645@detail:451_91","osmType":"way","osmId":1414282645,"sourceRegion":"guangzhou","featureType":"infrastructure","railClass":"minor","mode":"rail","name":"未命名","service":"yard","status":"operational","color":"#52636f","sourceKey":"way:1414282645"}},{"type":"Feature","geometry":{"type":"LineString","coordinates":[[112.8331781,22.9085732],[112.8332173,22.9085738],[112.8332548,22.9085744]]},"properties":{"key":"way:1414282646@detail:451_91","osmType":"way","osmId":1414282646,"sourceRegion":"guangzhou","featureType":"infrastructure","railClass":"minor","mode":"rail","name":"未命名","service":"yard","status":"operational","color":"#52636f","sourceKey":"way:1414282646"}},{"type":"Feature","geometry":{"type":"LineString","coordinates":[[112.8331788,22.9084768],[112.8332175,22.9084775],[112.8332551,22.9084781]]},"properties":{"key":"way:1414282647@detail:451_91","osmType":"way","osmId":1414282647,"sourceRegion":"guangzhou","featureType":"infrastructure","railClass":"minor","mode":"rail","name":"未命名","service":"yard","status":"operational","color":"#52636f","sourceKey":"way:1414282647"}},{"type":"Feature","geometry":{"type":"LineString","coordinates":[[112.8331795,22.9083743],[112.8332177,22.9083749],[112.8332555,22.9083755]]},"properties":{"key":"way:1414282648@detail:451_91","osmType":"way","osmId":1414282648,"sourceRegion":"guangzhou","featureType":"infrastructure","railClass":"minor","mode":"rail","name":"未命名","service":"yard","status":"operational","color":"#52636f","sourceKey":"way:1414282648"}},{"type":"Feature","geometry":{"type":"LineString","coordinates":[[112.8331804,22.9082557],[112.8332179,22.9082563],[112.8332559,22.9082569]]},"properties":{"key":"way:1414282649@detail:451_91","osmType":"way","osmId":1414282649,"sourceRegion":"guangzhou","featureType":"infrastructure","railClass":"minor","mode":"rail","name":"未命名","service":"yard","status":"operational","color":"#52636f","sourceKey":"way:1414282649"}},{"type":"Feature","geometry":{"type":"LineString","coordinates":[[112.8331811,22.9081606],[112.8332181,22.9081612],[112.8332563,22.9081618]]},"properties":{"key":"way:1414282650@detail:451_91","osmType":"way","osmId":1414282650,"sourceRegion":"guangzhou","featureType":"infrastructure","railClass":"minor","mode":"rail","name":"未命名","service":"yard","status":"operational","color":"#52636f","sourceKey":"way:1414282650"}},{"type":"Feature","geometry":{"type":"LineString","coordinates":[[112.8324448,22.9082447],[112.8311291,22.9082327]]},"properties":{"key":"way:1414284454@detail:451_91","osmType":"way","osmId":1414284454,"sourceRegion":"guangzhou","featureType":"infrastructure","railClass":"minor","mode":"rail","name":"未命名","service":"yard","status":"operational","color":"#52636f","sourceKey":"way:1414284454"}},{"type":"Feature","geometry":{"type":"LineString","coordinates":[[112.8324442,22.9083336],[112.8311251,22.9083279]]},"properties":{"key":"way:1414284455@detail:451_91","osmType":"way","osmId":1414284455,"sourceRegion":"guangzhou","featureType":"infrastructure","railClass":"minor","mode":"rail","name":"未命名","service":"yard","status":"operational","color":"#52636f","sourceKey":"way:1414284455"}},{"type":"Feature","geometry":{"type":"LineString","coordinates":[[112.8324438,22.908388],[112.8311264,22.9083785]]},"properties":{"key":"way:1414284456@detail:451_91","osmType":"way","osmId":1414284456,"sourceRegion":"guangzhou","featureType":"infrastructure","railClass":"minor","mode":"rail","name":"未命名","service":"yard","status":"operational","color":"#52636f","sourceKey":"way:1414284456"}},{"type":"Feature","geometry":{"type":"LineString","coordinates":[[112.8324432,22.9084609],[112.8311251,22.9084563]]},"properties":{"key":"way:1414284457@detail:451_91","osmType":"way","osmId":1414284457,"sourceRegion":"guangzhou","featureType":"infrastructure","railClass":"minor","mode":"rail","name":"未命名","service":"yard","status":"operational","color":"#52636f","sourceKey":"way:1414284457"}},{"type":"Feature","geometry":{"type":"LineString","coordinates":[[112.8324427,22.9085275],[112.8311251,22.9085181]]},"properties":{"key":"way:1414284458@detail:451_91","osmType":"way","osmId":1414284458,"sourceRegion":"guangzhou","featureType":"infrastructure","railClass":"minor","mode":"rail","name":"未命名","service":"yard","status":"operational","color":"#52636f","sourceKey":"way:1414284458"}},{"type":"Feature","geometry":{"type":"LineString","coordinates":[[112.8324422,22.9086005],[112.8311251,22.9085972]]},"properties":{"key":"way:1414284459@detail:451_91","osmType":"way","osmId":1414284459,"sourceRegion":"guangzhou","featureType":"infrastructure","railClass":"minor","mode":"rail","name":"未命名","service":"yard","status":"operational","color":"#52636f","sourceKey":"way:1414284459"}},{"type":"Feature","geometry":{"type":"LineString","coordinates":[[112.8324417,22.9086647],[112.8311264,22.9086527]]},"properties":{"key":"way:1414284460@detail:451_91","osmType":"way","osmId":1414284460,"sourceRegion":"guangzhou","featureType":"infrastructure","railClass":"minor","mode":"rail","name":"未命名","service":"yard","status":"operational","color":"#52636f","sourceKey":"way:1414284460"}},{"type":"Feature","geometry":{"type":"LineString","coordinates":[[112.8324412,22.9087314],[112.8311224,22.9087269]]},"properties":{"key":"way:1414284461@detail:451_91","osmType":"way","osmId":1414284461,"sourceRegion":"guangzhou","featureType":"infrastructure","railClass":"minor","mode":"rail","name":"未命名","service":"yard","status":"operational","color":"#52636f","sourceKey":"way:1414284461"}},{"type":"Feature","geometry":{"type":"LineString","coordinates":[[112.8324402,22.9088574],[112.8311224,22.9088467]]},"properties":{"key":"way:1414284462@detail:451_91","osmType":"way","osmId":1414284462,"sourceRegion":"guangzhou","featureType":"infrastructure","railClass":"minor","mode":"rail","name":"未命名","service":"yard","status":"operational","color":"#52636f","sourceKey":"way:1414284462"}},{"type":"Feature","geometry":{"type":"LineString","coordinates":[[112.8332541,22.9087857],[112.8338448,22.9087899]]},"properties":{"key":"way:1414284463@detail:451_91","osmType":"way","osmId":1414284463,"sourceRegion":"guangzhou","featureType":"infrastructure","railClass":"minor","mode":"rail","name":"未命名","service":"yard","status":"operational","color":"#52636f","sourceKey":"way:1414284463"}},{"type":"Feature","geometry":{"type":"LineString","coordinates":[[112.8332544,22.9087029],[112.8338435,22.9087059]]},"properties":{"key":"way:1414284464@detail:451_91","osmType":"way","osmId":1414284464,"sourceRegion":"guangzhou","featureType":"infrastructure","railClass":"minor","mode":"rail","name":"未命名","service":"yard","status":"operational","color":"#52636f","sourceKey":"way:1414284464"}},{"type":"Feature","geometry":{"type":"LineString","coordinates":[[112.8332548,22.9085744],[112.8338408,22.9085774]]},"properties":{"key":"way:1414284465@detail:451_91","osmType":"way","osmId":1414284465,"sourceRegion":"guangzhou","featureType":"infrastructure","railClass":"minor","mode":"rail","name":"未命名","service":"yard","status":"operational","color":"#52636f","sourceKey":"way:1414284465"}},{"type":"Feature","geometry":{"type":"LineString","coordinates":[[112.8332551,22.9084781],[112.8338381,22.9084847]]},"properties":{"key":"way:1414284466@detail:451_91","osmType":"way","osmId":1414284466,"sourceRegion":"guangzhou","featureType":"infrastructure","railClass":"minor","mode":"rail","name":"未命名","service":"yard","status":"operational","color":"#52636f","sourceKey":"way:1414284466"}},{"type":"Feature","geometry":{"type":"LineString","coordinates":[[112.8332555,22.9083755],[112.8338368,22.908381]]},"properties":{"key":"way:1414284467@detail:451_91","osmType":"way","osmId":1414284467,"sourceRegion":"guangzhou","featureType":"infrastructure","railClass":"minor","mode":"rail","name":"未命名","service":"yard","status":"operational","color":"#52636f","sourceKey":"way:1414284467"}},{"type":"Feature","geometry":{"type":"LineString","coordinates":[[112.8332559,22.9082569],[112.8338381,22.9082599]]},"properties":{"key":"way:1414284468@detail:451_91","osmType":"way","osmId":1414284468,"sourceRegion":"guangzhou","featureType":"infrastructure","railClass":"minor","mode":"rail","name":"未命名","service":"yard","status":"operational","color":"#52636f","sourceKey":"way:1414284468"}},{"type":"Feature","geometry":{"type":"LineString","coordinates":[[112.8332563,22.9081618],[112.8338395,22.908166]]},"properties":{"key":"way:1414284469@detail:451_91","osmType":"way","osmId":1414284469,"sourceRegion":"guangzhou","featureType":"infrastructure","railClass":"minor","mode":"rail","name":"未命名","service":"yard","status":"operational","color":"#52636f","sourceKey":"way:1414284469"}},{"type":"Feature","geometry":{"type":"LineString","coordinates":[[112.8332566,22.9080755],[112.8338381,22.9080808]]},"properties":{"key":"way:1414284470@detail:451_91","osmType":"way","osmId":1414284470,"sourceRegion":"guangzhou","featureType":"infrastructure","railClass":"minor","mode":"rail","name":"未命名","service":"yard","status":"operational","color":"#52636f","sourceKey":"way:1414284470"}},{"type":"Feature","geometry":{"type":"LineString","coordinates":[[112.8332568,22.9080199],[112.8338408,22.9080227]]},"properties":{"key":"way:1414284471@detail:451_91","osmType":"way","osmId":1414284471,"sourceRegion":"guangzhou","featureType":"infrastructure","railClass":"minor","mode":"rail","name":"未命名","service":"yard","status":"operational","color":"#52636f","sourceKey":"way:1414284471"}},{"type":"Feature","geometry":{"type":"LineString","coordinates":[[112.7696025,22.9633711],[112.802865,22.959057]]},"properties":{"key":"way:1431545562@detail:451_91","osmType":"way","osmId":1431545562,"sourceRegion":"guangzhou","featureType":"infrastructure","railClass":"highspeed","mode":"rail","name":"广湛高速线","nameEn":"Guangzhou-Zhanjiang Railway","usage":"main","highspeed":"yes","bridge":"yes","status":"operational","color":"#E54848","sourceKey":"way:1431545562"}},{"type":"Feature","geometry":{"type":"LineString","coordinates":[[112.802865,22.959057],[112.8041139,22.9589208]]},"properties":{"key":"way:1431545563@detail:451_91","osmType":"way","osmId":1431545563,"sourceRegion":"guangzhou","featureType":"infrastructure","railClass":"highspeed","mode":"rail","name":"广湛高速线","nameEn":"Guangzhou-Zhanjiang Railway","usage":"main","highspeed":"yes","status":"operational","color":"#E54848","sourceKey":"way:1431545563"}},{"type":"Feature","geometry":{"type":"LineString","coordinates":[[112.8028393,22.9589636],[112.7696085,22.9632517]]},"properties":{"key":"way:1432460950@detail:451_91","osmType":"way","osmId":1432460950,"sourceRegion":"guangzhou","featureType":"infrastructure","railClass":"highspeed","mode":"rail","name":"广湛高速线","nameEn":"Guangzhou-Zhanjiang Railway","usage":"main","highspeed":"yes","bridge":"yes","status":"operational","color":"#E54848","sourceKey":"way:1432460950"}},{"type":"Feature","geometry":{"type":"LineString","coordinates":[[112.8517447,22.9693381],[112.8565263,22.9721309],[112.871998,22.9810549],[112.8757624,22.9835933],[112.8791625,22.986342],[112.8903954,22.997045],[112.8913796,22.9979866],[112.8935458,22.9998632],[112.89371311874179,23.0]]},"properties":{"key":"way:1432460951@detail:451_91","osmType":"way","osmId":1432460951,"sourceRegion":"guangzhou","featureType":"infrastructure","railClass":"highspeed","mode":"rail","name":"广湛高速线","nameEn":"Guangzhou-Zhanjiang Railway","usage":"main","highspeed":"yes","bridge":"yes","status":"operational","color":"#E54848","sourceKey":"way:1432460951"}},{"type":"Feature","geometry":{"type":"LineString","coordinates":[[112.8028393,22.9589636],[112.8041008,22.9588243]]},"properties":{"key":"way:1432460952@detail:451_91","osmType":"way","osmId":1432460952,"sourceRegion":"guangzhou","featureType":"infrastructure","railClass":"highspeed","mode":"rail","name":"广湛高速线","nameEn":"Guangzhou-Zhanjiang Railway","usage":"main","highspeed":"yes","status":"operational","color":"#E54848","sourceKey":"way:1432460952"}},{"type":"Feature","geometry":{"type":"LineString","coordinates":[[112.8041008,22.9588243],[112.8062862,22.9586139],[112.8078401,22.9584957],[112.8103703,22.9583691],[112.8132398,22.9583311],[112.8148808,22.9583564],[112.8162971,22.9584324],[112.8173101,22.9584746],[112.8200833,22.9587025],[112.8232186,22.9590233],[112.827525,22.9598314],[112.8292596,22.9601759],[112.8318288,22.9608134],[112.8366296,22.962315],[112.8412029,22.9639198]]},"properties":{"key":"way:1432460953@detail:451_91","osmType":"way","osmId":1432460953,"sourceRegion":"guangzhou","featureType":"infrastructure","railClass":"highspeed","mode":"rail","name":"广湛高速线","nameEn":"Guangzhou-Zhanjiang Railway","usage":"main","highspeed":"yes","bridge":"yes","status":"operational","color":"#E54848","sourceKey":"way:1432460953"}},{"type":"Feature","geometry":{"type":"LineString","coordinates":[[112.8449819,22.9656503],[112.8517447,22.9693381]]},"properties":{"key":"way:1432460954@detail:451_91","osmType":"way","osmId":1432460954,"sourceRegion":"guangzhou","featureType":"infrastructure","railClass":"highspeed","mode":"rail","name":"广湛高速线","nameEn":"Guangzhou-Zhanjiang Railway","usage":"main","highspeed":"yes","tunnel":"yes","status":"operational","color":"#E54848","sourceKey":"way:1432460954"}},{"type":"Feature","geometry":{"type":"LineString","coordinates":[[112.8432465,22.9648114],[112.8449819,22.9656503]]},"properties":{"key":"way:1432460955@detail:451_91","osmType":"way","osmId":1432460955,"sourceRegion":"guangzhou","featureType":"infrastructure","railClass":"highspeed","mode":"rail","name":"广湛高速线","nameEn":"Guangzhou-Zhanjiang Railway","usage":"main","highspeed":"yes","status":"operational","color":"#E54848","sourceKey":"way:1432460955"}},{"type":"Feature","geometry":{"type":"LineString","coordinates":[[112.8412029,22.9639198],[112.8432465,22.9648114]]},"properties":{"key":"way:1432460956@detail:451_91","osmType":"way","osmId":1432460956,"sourceRegion":"guangzhou","featureType":"infrastructure","railClass":"highspeed","mode":"rail","name":"广湛高速线","nameEn":"Guangzhou-Zhanjiang Railway","usage":"main","highspeed":"yes","tunnel":"yes","status":"operational","color":"#E54848","sourceKey":"way:1432460956"}},{"type":"Feature","geometry":{"type":"MultiLineString","coordinates":[[[112.847839,22.9528891],[112.8478706,22.9528398],[112.848284,22.9521959],[112.8483885,22.9520246],[112.8485004,22.9518253],[112.8486337,22.951588],[112.8487588,22.9513594],[112.8489878,22.9509409],[112.8491801,22.950573],[112.8493089,22.9502576],[112.8496422,22.9491675],[112.8501307,22.947738]],[[112.8501307,22.947738],[112.8503114,22.9468977]],[[112.8503114,22.9468977],[112.850983,22.9445894],[112.8510691,22.944298],[112.8513947,22.9431709],[112.8517075,22.942133],[112.8520673,22.9409059],[112.8525658,22.9392677],[112.8534776,22.9360171],[112.853526,22.9358519],[112.8535856,22.935674],[112.853646,22.9354961],[112.8537798,22.9351088],[112.8541015,22.9341261],[112.8544877,22.9331397],[112.8552588,22.9311903],[112.855677,22.9301683],[112.8557073,22.9300932],[112.8557699,22.9299445],[112.8558165,22.9298232],[112.8559194,22.9295616],[112.8565945,22.9279344],[112.8574278,22.9259446],[112.8578986,22.9248204],[112.8582414,22.9240017],[112.8594631,22.9210491],[112.8595396,22.9208642],[112.8596295,22.9206371],[112.85973,22.9203833],[112.8597892,22.9202358],[112.8598835,22.9199957],[112.8603558,22.9187983],[112.8608944,22.9173801],[112.8611096,22.9168409],[112.8611936,22.9166344],[112.8613128,22.9163413],[112.8614111,22.9160948],[112.8615361,22.9157588],[112.8616709,22.9153928],[112.8618115,22.9150069],[112.862005,22.9144356],[112.8621845,22.9139028],[112.8622635,22.9136482],[112.8625165,22.9127885],[112.8626511,22.9123167],[112.8629777,22.9112091],[112.8633,22.9100794],[112.8634611,22.9095298],[112.863527,22.9093173],[112.8635326,22.9092894],[112.8635923,22.909113],[112.8636596,22.9089026],[112.863691,22.9088151],[112.864123,22.907154],[112.864433,22.905954],[112.8645814,22.9053935],[112.8646671,22.9050813],[112.8646907,22.904973],[112.8648196,22.9045139],[112.8649171,22.9041717],[112.8650007,22.9038875],[112.8652072,22.9032307],[112.8655578,22.902161],[112.8657798,22.9014155],[112.8659362,22.9009647],[112.8659943,22.9008167],[112.8660397,22.9007161],[112.8661004,22.9005908],[112.8661632,22.9004936],[112.8662568,22.9003592],[112.8664102,22.9001276],[112.8672442,22.8988614],[112.8674017,22.8986441],[112.8676407,22.8983114],[112.8679939,22.8977547]],[[112.8679939,22.8977547],[112.8682136,22.8975147]],[[112.8685256,22.8970321],[112.8683742,22.8972707],[112.8682136,22.8975147]]]},"properties":{"key":"relation:10519278@detail:451_91","osmType":"relation","osmId":10519278,"sourceRegion":"guangzhou","featureType":"service","railClass":"tram","mode":"tram","name":"有轨 高明区现代有轨电车示范线：智湖 -> 沧江路","nameEn":"Tram Gaoming Tram Line 1:Zhihu -> Cangjianglu","ref":"TGM1","operator":"佛山市轨道交通发展有限公司运营事业总部","status":"operational","color":"#4CA585","sourceKey":"relation:10519278"}},{"type":"Feature","geometry":{"type":"MultiLineString","coordinates":[[[112.8685256,22.8970321],[112.8683742,22.8972707],[112.8682136,22.8975147]],[[112.8682136,22.8975147],[112.8679982,22.8978436],[112.8676754,22.8983381],[112.8674406,22.8986634],[112.8672805,22.8988849],[112.8664748,22.9001594],[112.8663194,22.9003913],[112.8662295,22.9005258],[112.866171,22.9006188],[112.8661087,22.9007428],[112.8660622,22.9008433],[112.8660225,22.9009302],[112.8660015,22.9009824],[112.8659662,22.9010877],[112.865923,22.9012217],[112.8658511,22.9014262],[112.8656092,22.902174],[112.8654682,22.9026086],[112.8653032,22.9031088],[112.8650739,22.9038171],[112.8649343,22.9042861],[112.8648248,22.9046674],[112.864731,22.9049918],[112.8647042,22.9050902],[112.8641515,22.9072076],[112.8640439,22.9076305],[112.8639364,22.9080382],[112.8638873,22.9082241],[112.8638426,22.9084023],[112.8638106,22.9085473],[112.8637885,22.9086563],[112.8637644,22.9087882],[112.8637566,22.9088357],[112.8637425,22.9089402],[112.8637047,22.9091576],[112.8636881,22.9093402],[112.8636919,22.9093406],[112.8636761,22.9094288],[112.8636661,22.9094857],[112.8636572,22.909527],[112.8636475,22.9095694],[112.8636434,22.9095873],[112.8636004,22.9097581],[112.8635438,22.9099611],[112.8631764,22.9112542],[112.8630777,22.9115918],[112.862754,22.9127047],[112.862503,22.9135679],[112.8623902,22.9139408],[112.8622956,22.9142339],[112.8621783,22.9145852],[112.8619787,22.9151635],[112.8619134,22.9153446],[112.8618291,22.9155734],[112.8616875,22.9159422],[112.8615493,22.9162904],[112.8613803,22.9166985],[112.8613012,22.9168895],[112.8611161,22.9173575],[112.8605192,22.9188296],[112.860354,22.9192359],[112.8600571,22.9199817],[112.8599335,22.9202881],[112.8598766,22.9204333],[112.8597798,22.9206785],[112.8596134,22.9210969],[112.8595801,22.9211807],[112.8588048,22.9231248],[112.8580499,22.924915],[112.8579269,22.9252066],[112.857602,22.9260099],[112.8567127,22.9282088],[112.8561372,22.9296022],[112.856017,22.9298933],[112.8559788,22.9299986],[112.8559103,22.9301643],[112.8558767,22.9302431],[112.8557086,22.9306689],[112.8546572,22.9331735],[112.8542627,22.9341863],[112.8540573,22.9348285],[112.8539566,22.9351708],[112.8538329,22.9355563],[112.8537734,22.9357327],[112.8537195,22.9359085],[112.8536693,22.9360802],[112.8533647,22.9370691],[112.8526163,22.9396724],[112.8522403,22.9409478],[112.8517064,22.9428143],[112.8515817,22.9432082],[112.8512759,22.9442895],[112.851158,22.944706],[112.8509219,22.9455408],[112.8504758,22.9469292]],[[112.8504758,22.9469292],[112.8501917,22.9477561]],[[112.8501917,22.9477561],[112.8499885,22.9482809],[112.8495465,22.9496832],[112.8492378,22.9506013],[112.8491038,22.9509057],[112.8488978,22.9512849],[112.8488467,22.9513951],[112.8485772,22.9518556],[112.8484895,22.9520196],[112.8483653,22.9522329],[112.8480796,22.9526898],[112.8479454,22.9528825],[112.8479135,22.9529288]]]},"properties":{"key":"relation:10519279@detail:451_91","osmType":"relation","osmId":10519279,"sourceRegion":"guangzhou","featureType":"service","railClass":"tram","mode":"tram","name":"有轨 高明区现代有轨电车示范线：沧江路 -> 智湖","nameEn":"Tram Gaoming Tram Line 1:Cangjianglu -> Zhihu","ref":"TGM1","operator":"佛山市轨道交通发展有限公司运营事业总部","status":"operational","color":"#4CA585","sourceKey":"relation:10519279"}},{"type":"Feature","geometry":{"type":"Point","coordinates":[112.848284,22.9521959]},"properties":{"key":"node:7097867615","osmType":"node","osmId":7097867615,"sourceRegion":"guangdong","featureType":"station","railClass":"minor","mode":"station","name":"智湖","ref":"TGM113","status":"operational","color":"#4CA585","dataOrigin":"datum-2026-08-01","sourceKey":"node:7097867615","stationGroup":"智湖","hasOperationalRail":true,"hasConstructionRail":false}},{"type":"Feature","geometry":{"type":"Point","coordinates":[112.865923,22.9012217]},"properties":{"key":"node:7296213199","osmType":"node","osmId":7296213199,"sourceRegion":"guangdong","featureType":"station","railClass":"minor","mode":"station","name":"跃华路","ref":"TGM105","status":"operational","color":"#4CA585","dataOrigin":"datum-2026-08-01","sourceKey":"node:7296213199","stationGroup":"跃华路","hasOperationalRail":true,"hasConstructionRail":false}},{"type":"Feature","geometry":{"type":"Point","coordinates":[112.8634611,22.9095298]},"properties":{"key":"node:7296225293","osmType":"node","osmId":7296225293,"sourceRegion":"guangdong","featureType":"station","railClass":"minor","mode":"station","name":"怡乐路","ref":"TGM106","status":"operational","color":"#4CA585","dataOrigin":"datum-2026-08-01","sourceKey":"node:7296225293","stationGroup":"怡乐路","hasOperationalRail":true,"hasConstructionRail":false}},{"type":"Feature","geometry":{"type":"Point","coordinates":[112.8636475,22.9095694]},"properties":{"key":"node:7296225294","osmType":"node","osmId":7296225294,"sourceRegion":"guangdong","featureType":"station","railClass":"minor","mode":"station","name":"怡乐路","ref":"TGM106","status":"operational","color":"#4CA585","dataOrigin":"datum-2026-08-01","sourceKey":"node:7296225294","stationGroup":"怡乐路","hasOperationalRail":true,"hasConstructionRail":false}},{"type":"Feature","geometry":{"type":"Point","coordinates":[112.8611936,22.9166344]},"properties":{"key":"node:7298018494","osmType":"node","osmId":7298018494,"sourceRegion":"guangdong","featureType":"station","railClass":"minor","mode":"station","name":"荷城","ref":"TGM107","status":"operational","color":"#4CA585","dataOrigin":"datum-2026-08-01","sourceKey":"node:7298018494","stationGroup":"荷城","hasOperationalRail":true,"hasConstructionRail":false}},{"type":"Feature","geometry":{"type":"Point","coordinates":[112.8613803,22.9166985]},"properties":{"key":"node:7298018495","osmType":"node","osmId":7298018495,"sourceRegion":"guangdong","featureType":"station","railClass":"minor","mode":"station","name":"荷城","ref":"TGM107","status":"operational","color":"#4CA585","dataOrigin":"datum-2026-08-01","sourceKey":"node:7298018495","stationGroup":"荷城","hasOperationalRail":true,"hasConstructionRail":false}},{"type":"Feature","geometry":{"type":"Point","coordinates":[112.8596134,22.9210969]},"properties":{"key":"node:8017830323","osmType":"node","osmId":8017830323,"sourceRegion":"guangdong","featureType":"station","railClass":"minor","mode":"station","name":"文化中心","ref":"TGM108","status":"operational","color":"#4CA585","dataOrigin":"datum-2026-08-01","sourceKey":"node:8017830323","stationGroup":"文化中心","hasOperationalRail":true,"hasConstructionRail":false}},{"type":"Feature","geometry":{"type":"Point","coordinates":[112.8594631,22.9210491]},"properties":{"key":"node:8017830324","osmType":"node","osmId":8017830324,"sourceRegion":"guangdong","featureType":"station","railClass":"minor","mode":"station","name":"文化中心","ref":"TGM108","status":"operational","color":"#4CA585","dataOrigin":"datum-2026-08-01","sourceKey":"node:8017830324","stationGroup":"文化中心","hasOperationalRail":true,"hasConstructionRail":false}},{"type":"Feature","geometry":{"type":"Point","coordinates":[112.8580499,22.924915]},"properties":{"key":"node:8017830325","osmType":"node","osmId":8017830325,"sourceRegion":"guangdong","featureType":"station","railClass":"minor","mode":"station","name":"明湖公园","ref":"TGM109","status":"operational","color":"#4CA585","dataOrigin":"datum-2026-08-01","sourceKey":"node:8017830325","stationGroup":"明湖公园","hasOperationalRail":true,"hasConstructionRail":false}},{"type":"Feature","geometry":{"type":"Point","coordinates":[112.8578986,22.9248204]},"properties":{"key":"node:8017830326","osmType":"node","osmId":8017830326,"sourceRegion":"guangdong","featureType":"station","railClass":"minor","mode":"station","name":"明湖公园","ref":"TGM109","status":"operational","color":"#4CA585","dataOrigin":"datum-2026-08-01","sourceKey":"node:8017830326","stationGroup":"明湖公园","hasOperationalRail":true,"hasConstructionRail":false}},{"type":"Feature","geometry":{"type":"Point","coordinates":[112.8561372,22.9296022]},"properties":{"key":"node:8017830330","osmType":"node","osmId":8017830330,"sourceRegion":"guangdong","featureType":"station","railClass":"minor","mode":"station","name":"新江路","ref":"TGM110","status":"operational","color":"#4CA585","dataOrigin":"datum-2026-08-01","sourceKey":"node:8017830330","stationGroup":"新江路","hasOperationalRail":true,"hasConstructionRail":false}},{"type":"Feature","geometry":{"type":"Point","coordinates":[112.8559194,22.9295616]},"properties":{"key":"node:8017830331","osmType":"node","osmId":8017830331,"sourceRegion":"guangdong","featureType":"station","railClass":"minor","mode":"station","name":"新江路","ref":"TGM110","status":"operational","color":"#4CA585","dataOrigin":"datum-2026-08-01","sourceKey":"node:8017830331","stationGroup":"新江路","hasOperationalRail":true,"hasConstructionRail":false}},{"type":"Feature","geometry":{"type":"Point","coordinates":[112.8537798,22.9351088]},"properties":{"key":"node:8017830333","osmType":"node","osmId":8017830333,"sourceRegion":"guangdong","featureType":"station","railClass":"minor","mode":"station","name":"体育中心","ref":"TGM111","status":"operational","color":"#4CA585","dataOrigin":"datum-2026-08-01","sourceKey":"node:8017830333","stationGroup":"体育中心","hasOperationalRail":true,"hasConstructionRail":false}},{"type":"Feature","geometry":{"type":"Point","coordinates":[112.851158,22.944706]},"properties":{"key":"node:8017830334","osmType":"node","osmId":8017830334,"sourceRegion":"guangdong","featureType":"station","railClass":"minor","mode":"station","name":"阮埇","ref":"TGM112","status":"operational","color":"#4CA585","dataOrigin":"datum-2026-08-01","sourceKey":"node:8017830334","stationGroup":"阮埇","hasOperationalRail":true,"hasConstructionRail":false}},{"type":"Feature","geometry":{"type":"Point","coordinates":[112.8483338,22.9522046]},"properties":{"key":"node:9054797979","osmType":"node","osmId":9054797979,"sourceRegion":"guangdong","featureType":"station","railClass":"minor","mode":"station","name":"智湖","status":"operational","color":"#4CA585","dataOrigin":"datum-2026-08-01","sourceKey":"node:9054797979","stationGroup":"智湖","hasOperationalRail":true,"hasConstructionRail":false}},{"type":"Feature","geometry":{"type":"Point","coordinates":[112.8511186,22.9444077]},"properties":{"key":"node:9056119711","osmType":"node","osmId":9056119711,"sourceRegion":"guangdong","featureType":"station","railClass":"minor","mode":"station","name":"阮涌","status":"operational","color":"#52636F","dataOrigin":"datum-2026-08-01","sourceKey":"node:9056119711","stationGroup":"阮涌","hasOperationalRail":true,"hasConstructionRail":false}},{"type":"Feature","geometry":{"type":"Point","coordinates":[112.8538464,22.9351399]},"properties":{"key":"node:9056119716","osmType":"node","osmId":9056119716,"sourceRegion":"guangdong","featureType":"station","railClass":"minor","mode":"station","name":"体育中心","status":"operational","color":"#52636F","dataOrigin":"datum-2026-08-01","sourceKey":"node:9056119716","stationGroup":"体育中心","hasOperationalRail":true,"hasConstructionRail":false}},{"type":"Feature","geometry":{"type":"Point","coordinates":[112.8560086,22.9295807]},"properties":{"key":"node:9056154817","osmType":"node","osmId":9056154817,"sourceRegion":"guangdong","featureType":"station","railClass":"minor","mode":"station","name":"新江路","status":"operational","color":"#52636F","dataOrigin":"datum-2026-08-01","sourceKey":"node:9056154817","stationGroup":"新江路","hasOperationalRail":true,"hasConstructionRail":false}},{"type":"Feature","geometry":{"type":"Point","coordinates":[112.857971,22.9248985]},"properties":{"key":"node:9056154820","osmType":"node","osmId":9056154820,"sourceRegion":"guangdong","featureType":"station","railClass":"minor","mode":"station","name":"明湖公园","status":"operational","color":"#52636F","dataOrigin":"datum-2026-08-01","sourceKey":"node:9056154820","stationGroup":"明湖公园","hasOperationalRail":true,"hasConstructionRail":false}},{"type":"Feature","geometry":{"type":"Point","coordinates":[112.8595431,22.9210496]},"properties":{"key":"node:9056154823","osmType":"node","osmId":9056154823,"sourceRegion":"guangdong","featureType":"station","railClass":"minor","mode":"station","name":"文化中心","status":"operational","color":"#52636F","dataOrigin":"datum-2026-08-01","sourceKey":"node:9056154823","stationGroup":"文化中心","hasOperationalRail":true,"hasConstructionRail":false}},{"type":"Feature","geometry":{"type":"Point","coordinates":[112.861287,22.9166736]},"properties":{"key":"node:9056154824","osmType":"node","osmId":9056154824,"sourceRegion":"guangdong","featureType":"station","railClass":"minor","mode":"station","name":"荷城","status":"operational","color":"#52636F","dataOrigin":"datum-2026-08-01","sourceKey":"node:9056154824","stationGroup":"荷城","hasOperationalRail":true,"hasConstructionRail":false}},{"type":"Feature","geometry":{"type":"Point","coordinates":[112.8635513,22.9095589]},"properties":{"key":"node:9056154825","osmType":"node","osmId":9056154825,"sourceRegion":"guangdong","featureType":"station","railClass":"minor","mode":"station","name":"怡乐路","status":"operational","color":"#52636F","dataOrigin":"datum-2026-08-01","sourceKey":"node:9056154825","stationGroup":"怡乐路","hasOperationalRail":true,"hasConstructionRail":false}},{"type":"Feature","geometry":{"type":"LineString","coordinates":[[112.9225216,22.7700126],[112.9225556,22.7697152],[112.9225893,22.7694196]]},"properties":{"key":"way:1529011943@detail:451_91","osmType":"way","osmId":1529011943,"sourceRegion":"guangdong","featureType":"infrastructure","railClass":"national","mode":"rail","name":"未命名","status":"operational","color":"#E54848","dataOrigin":"datum-2026-08-01","sourceKey":"way:1529011943"}},{"type":"Feature","geometry":{"type":"LineString","coordinates":[[112.9224737,22.7700045],[112.9225556,22.7697152],[112.9226379,22.7694241]]},"properties":{"key":"way:1529011944@detail:451_91","osmType":"way","osmId":1529011944,"sourceRegion":"guangdong","featureType":"infrastructure","railClass":"national","mode":"rail","name":"未命名","status":"operational","color":"#E54848","dataOrigin":"datum-2026-08-01","sourceKey":"way:1529011944"}},{"type":"Feature","geometry":{"type":"LineString","coordinates":[[112.9246058,22.7596739],[112.9246607,22.7592604],[112.9247184,22.7588266]]},"properties":{"key":"way:1529011945@detail:451_91","osmType":"way","osmId":1529011945,"sourceRegion":"guangdong","featureType":"infrastructure","railClass":"national","mode":"rail","name":"未命名","status":"operational","color":"#E54848","dataOrigin":"datum-2026-08-01","sourceKey":"way:1529011945"}},{"type":"Feature","geometry":{"type":"LineString","coordinates":[[112.9243511,22.7604422],[112.9245544,22.7596626],[112.9246607,22.7592604],[112.9247739,22.7588323]]},"properties":{"key":"way:1529011946@detail:451_91","osmType":"way","osmId":1529011946,"sourceRegion":"guangdong","featureType":"infrastructure","railClass":"national","mode":"rail","name":"未命名","status":"operational","color":"#E54848","dataOrigin":"datum-2026-08-01","sourceKey":"way:1529011946"}},{"type":"Feature","geometry":{"type":"LineString","coordinates":[[112.9249614,22.7575875],[112.9249991,22.7572553],[112.9250642,22.7566816]]},"properties":{"key":"way:1529011947@detail:451_91","osmType":"way","osmId":1529011947,"sourceRegion":"guangdong","featureType":"infrastructure","railClass":"national","mode":"rail","name":"未命名","status":"operational","color":"#E54848","dataOrigin":"datum-2026-08-01","sourceKey":"way:1529011947"}},{"type":"Feature","geometry":{"type":"LineString","coordinates":[[112.9246137,22.7590609],[112.9247291,22.7584949]]},"properties":{"key":"way:1529011948@detail:451_91","osmType":"way","osmId":1529011948,"sourceRegion":"guangdong","featureType":"infrastructure","railClass":"national","mode":"rail","name":"未命名","status":"operational","color":"#E54848","dataOrigin":"datum-2026-08-01","sourceKey":"way:1529011948"}},{"type":"Feature","geometry":{"type":"LineString","coordinates":[[112.9248919,22.7582416],[112.9249259,22.7579216],[112.9249614,22.7575875]]},"properties":{"key":"way:1529011949@detail:451_91","osmType":"way","osmId":1529011949,"sourceRegion":"guangdong","featureType":"infrastructure","railClass":"national","mode":"rail","name":"未命名","status":"operational","color":"#E54848","dataOrigin":"datum-2026-08-01","sourceKey":"way:1529011949"}},{"type":"Feature","geometry":{"type":"LineString","coordinates":[[112.9248347,22.7582332],[112.9249259,22.7579216],[112.9250202,22.7575989]]},"properties":{"key":"way:1529011950@detail:451_91","osmType":"way","osmId":1529011950,"sourceRegion":"guangdong","featureType":"infrastructure","railClass":"national","mode":"rail","name":"未命名","status":"operational","color":"#E54848","dataOrigin":"datum-2026-08-01","sourceKey":"way:1529011950"}},{"type":"Feature","geometry":{"type":"LineString","coordinates":[[112.9246137,22.7590609],[112.9247822,22.7585009]]},"properties":{"key":"way:1529011951@detail:451_91","osmType":"way","osmId":1529011951,"sourceRegion":"guangdong","featureType":"infrastructure","railClass":"national","mode":"rail","name":"未命名","status":"operational","color":"#E54848","dataOrigin":"datum-2026-08-01","sourceKey":"way:1529011951"}},{"type":"Feature","geometry":{"type":"LineString","coordinates":[[112.9227663,22.7686075],[112.9228424,22.768021],[112.9230194,22.7671578],[112.9240708,22.7619491],[112.9242639,22.7608881],[112.9243511,22.7604422],[112.9244785,22.7597899],[112.9245547,22.7593874],[112.9246137,22.7590609]]},"properties":{"key":"way:1529011952@detail:451_91","osmType":"way","osmId":1529011952,"sourceRegion":"guangdong","featureType":"infrastructure","railClass":"national","mode":"rail","name":"未命名","status":"operational","color":"#E54848","dataOrigin":"datum-2026-08-01","sourceKey":"way:1529011952"}},{"type":"Feature","geometry":{"type":"LineString","coordinates":[[112.922813,22.768625],[112.922997,22.7680346],[112.9240845,22.762572],[112.9244222,22.7608757],[112.9245678,22.7598642]]},"properties":{"key":"way:1529011953@detail:451_91","osmType":"way","osmId":1529011953,"sourceRegion":"guangdong","featureType":"infrastructure","railClass":"national","mode":"rail","name":"未命名","status":"operational","color":"#E54848","dataOrigin":"datum-2026-08-01","sourceKey":"way:1529011953"}},{"type":"Feature","geometry":{"type":"LineString","coordinates":[[112.9244313,22.7597584],[112.9245547,22.7593874]]},"properties":{"key":"way:1529011954@detail:451_91","osmType":"way","osmId":1529011954,"sourceRegion":"guangdong","featureType":"infrastructure","railClass":"national","mode":"rail","name":"未命名","status":"operational","color":"#E54848","dataOrigin":"datum-2026-08-01","sourceKey":"way:1529011954"}},{"type":"Feature","geometry":{"type":"LineString","coordinates":[[112.9227083,22.7685923],[112.9226993,22.7680964],[112.9227431,22.7675733],[112.9227995,22.7672469],[112.9241781,22.7605641],[112.9243831,22.7599019],[112.9244313,22.7597584],[112.9245313,22.7592371],[112.9246286,22.7587832]]},"properties":{"key":"way:1529011955@detail:451_91","osmType":"way","osmId":1529011955,"sourceRegion":"guangdong","featureType":"infrastructure","railClass":"national","mode":"rail","name":"未命名","status":"operational","color":"#E54848","dataOrigin":"datum-2026-08-01","sourceKey":"way:1529011955"}},{"type":"Feature","geometry":{"type":"LineString","coordinates":[[112.9226265,22.7692489],[112.9226653,22.7688891],[112.9227083,22.7685923],[112.9227753,22.7677885],[112.922845,22.7672691],[112.9235692,22.7638709],[112.9241631,22.7609679],[112.9242753,22.7605252],[112.9243328,22.7602981],[112.9244785,22.7597899]]},"properties":{"key":"way:1529011956@detail:451_91","osmType":"way","osmId":1529011956,"sourceRegion":"guangdong","featureType":"infrastructure","railClass":"national","mode":"rail","name":"未命名","status":"operational","color":"#E54848","dataOrigin":"datum-2026-08-01","sourceKey":"way:1529011956"}},{"type":"Feature","geometry":{"type":"LineString","coordinates":[[112.9226653,22.7688891],[112.9226383,22.7685693],[112.9226457,22.768089],[112.9226895,22.7675709],[112.9227512,22.7672345],[112.9240735,22.7606778],[112.9243831,22.7599019]]},"properties":{"key":"way:1529011957@detail:451_91","osmType":"way","osmId":1529011957,"sourceRegion":"guangdong","featureType":"infrastructure","railClass":"national","mode":"rail","name":"未命名","status":"operational","color":"#E54848","dataOrigin":"datum-2026-08-01","sourceKey":"way:1529011957"}}]}