{"type":"FeatureCollection","features":[{"type":"Feature","geometry":{"type":"Point","coordinates":[113.298076,23.3857638]},"properties":{"key":"node:4740080193","osmType":"node","osmId":4740080193,"sourceRegion":"guangzhou","featureType":"station","railClass":"station","mode":"station","name":"白云机场南","nameEn":"Baiyun Airport South","status":"operational","color":"#126d75","sourceKey":"node:4740080193","stationGroup":"白云机场南","hasOperationalRail":true,"hasConstructionRail":false}},{"type":"Feature","geometry":{"type":"Point","coordinates":[113.3147363,23.3671276]},"properties":{"key":"node:4740080195","osmType":"node","osmId":4740080195,"sourceRegion":"guangzhou","featureType":"station","railClass":"station","mode":"station","name":"白云机场东","nameEn":"Baiyun Airport East","status":"operational","color":"#126d75","sourceKey":"node:4740080195","stationGroup":"白云机场东","hasOperationalRail":true,"hasConstructionRail":false}},{"type":"Feature","geometry":{"type":"Point","coordinates":[113.297575,23.3887083]},"properties":{"key":"node:5444544490","osmType":"node","osmId":5444544490,"sourceRegion":"guangzhou","featureType":"station","railClass":"metro","mode":"subway","name":"机场南","nameEn":"Airport South","ref":"329","status":"operational","color":"#126d75","sourceKey":"node:5444544490","stationGroup":"机场南","hasOperationalRail":true,"hasConstructionRail":false}},{"type":"Feature","geometry":{"type":"Point","coordinates":[113.4615955,23.4157329]},"properties":{"key":"node:5589603247","osmType":"node","osmId":5589603247,"sourceRegion":"guangzhou","featureType":"station","railClass":"metro","mode":"subway","name":"新和","nameEn":"Xinhe","ref":"1416","status":"operational","color":"#126d75","sourceKey":"node:5589603247","stationGroup":"新和","hasOperationalRail":true,"hasConstructionRail":false}},{"type":"Feature","geometry":{"type":"Point","coordinates":[113.4821321,23.4016256]},"properties":{"key":"node:5589603248","osmType":"node","osmId":5589603248,"sourceRegion":"guangzhou","featureType":"station","railClass":"metro","mode":"subway","name":"红卫","nameEn":"Hongwei","ref":"1422","status":"operational","color":"#126d75","sourceKey":"node:5589603248","stationGroup":"红卫","hasOperationalRail":true,"hasConstructionRail":false}},{"type":"Feature","geometry":{"type":"Point","coordinates":[113.4899684,23.3798104]},"properties":{"key":"node:5589609094","osmType":"node","osmId":5589609094,"sourceRegion":"guangzhou","featureType":"station","railClass":"metro","mode":"subway","name":"新南","nameEn":"Xinnan","ref":"1423","status":"operational","color":"#126d75","sourceKey":"node:5589609094","stationGroup":"新南","hasOperationalRail":true,"hasConstructionRail":false}},{"type":"Feature","geometry":{"type":"Point","coordinates":[113.2950695,23.2917286]},"properties":{"key":"node:5594584507","osmType":"node","osmId":5594584507,"sourceRegion":"guangzhou","featureType":"station","railClass":"metro","mode":"subway","name":"龙归","nameEn":"Longgui","ref":"326","status":"operational","color":"#126d75","sourceKey":"node:5594584507","stationGroup":"龙归","hasOperationalRail":true,"hasConstructionRail":false}},{"type":"Feature","geometry":{"type":"Point","coordinates":[113.2902319,23.3381892]},"properties":{"key":"node:5594586174","osmType":"node","osmId":5594586174,"sourceRegion":"guangzhou","featureType":"station","railClass":"metro","mode":"subway","name":"人和","nameEn":"Renhe","ref":"326","status":"operational","color":"#126d75","sourceKey":"node:5594586174","stationGroup":"人和","hasOperationalRail":true,"hasConstructionRail":false}},{"type":"Feature","geometry":{"type":"Point","coordinates":[113.2901131,23.3577908]},"properties":{"key":"node:5594587079","osmType":"node","osmId":5594587079,"sourceRegion":"guangzhou","featureType":"station","railClass":"metro","mode":"subway","name":"高增","nameEn":"Gaozeng","ref":"328;911","status":"operational","color":"#126d75","sourceKey":"node:5594587079","stationGroup":"高增","hasOperationalRail":true,"hasConstructionRail":false}},{"type":"Feature","geometry":{"type":"Point","coordinates":[113.2996568,23.3979728]},"properties":{"key":"node:5594592286","osmType":"node","osmId":5594592286,"sourceRegion":"guangzhou","featureType":"station","railClass":"metro","mode":"subway","name":"机场北","nameEn":"Airport North","ref":"330","status":"operational","color":"#126d75","sourceKey":"node:5594592286","stationGroup":"机场北","hasOperationalRail":true,"hasConstructionRail":false}},{"type":"Feature","geometry":{"type":"Point","coordinates":[113.3951068,23.3779275]},"properties":{"key":"node:6496315113","osmType":"node","osmId":6496315113,"sourceRegion":"guangzhou","featureType":"station","railClass":"metro","mode":"subway","name":"钟落潭","nameEn":"Zhongluotan","ref":"1414","operator":"广州地铁集团有限公司","status":"operational","color":"#126d75","sourceKey":"node:6496315113","stationGroup":"钟落潭","hasOperationalRail":true,"hasConstructionRail":false}},{"type":"Feature","geometry":{"type":"Point","coordinates":[113.3629548,23.3512259]},"properties":{"key":"node:6496315114","osmType":"node","osmId":6496315114,"sourceRegion":"guangzhou","featureType":"station","railClass":"metro","mode":"subway","name":"竹料","nameEn":"Zhuliao","ref":"1413","operator":"广州地铁集团有限公司","status":"operational","color":"#126d75","sourceKey":"node:6496315114","stationGroup":"竹料","hasOperationalRail":true,"hasConstructionRail":false}},{"type":"Feature","geometry":{"type":"Point","coordinates":[113.3414188,23.3014239]},"properties":{"key":"node:6496315115","osmType":"node","osmId":6496315115,"sourceRegion":"guangzhou","featureType":"station","railClass":"metro","mode":"subway","name":"太和","nameEn":"Taihe","ref":"1412","operator":"广州地铁集团有限公司","status":"operational","color":"#126d75","sourceKey":"node:6496315115","stationGroup":"太和","hasOperationalRail":true,"hasConstructionRail":false}},{"type":"Feature","geometry":{"type":"Point","coordinates":[113.3180738,23.2800879]},"properties":{"key":"node:6496315116","osmType":"node","osmId":6496315116,"sourceRegion":"guangzhou","featureType":"station","railClass":"metro","mode":"subway","name":"夏良","nameEn":"Xialiang","ref":"1411","operator":"广州地铁集团有限公司","status":"operational","color":"#126d75","sourceKey":"node:6496315116","stationGroup":"夏良","hasOperationalRail":true,"hasConstructionRail":false}},{"type":"Feature","geometry":{"type":"Point","coordinates":[113.4451203,23.3966392]},"properties":{"key":"node:6521403848","osmType":"node","osmId":6521403848,"sourceRegion":"guangzhou","featureType":"station","railClass":"metro","mode":"subway","name":"马沥","nameEn":"Mali","ref":"1415","operator":"广州地铁集团有限公司","status":"operational","color":"#126d75","sourceKey":"node:6521403848","stationGroup":"马沥","hasOperationalRail":true,"hasConstructionRail":false}},{"type":"Feature","geometry":{"type":"Point","coordinates":[113.2574816,23.3749134]},"properties":{"key":"node:9090259808","osmType":"node","osmId":9090259808,"sourceRegion":"guangzhou","featureType":"station","railClass":"metro","mode":"subway","name":"清塘","nameEn":"Qingtang","ref":"910","operator":"广州地铁集团有限公司","status":"operational","color":"#126d75","sourceKey":"node:9090259808","stationGroup":"清塘","hasOperationalRail":true,"hasConstructionRail":false}},{"type":"Feature","geometry":{"type":"Point","coordinates":[113.3126346,23.2537798]},"properties":{"key":"node:9093584932","osmType":"node","osmId":9093584932,"sourceRegion":"guangzhou","featureType":"station","railClass":"metro","mode":"subway","name":"白云东平","nameEn":"Baiyun Dongping","ref":"1410","operator":"广州地铁集团有限公司","status":"operational","color":"#126d75","sourceKey":"node:9093584932","stationGroup":"白云东平","hasOperationalRail":true,"hasConstructionRail":false}},{"type":"Feature","geometry":{"type":"Point","coordinates":[113.4865433,23.4545552]},"properties":{"key":"node:9094389169","osmType":"node","osmId":9094389169,"sourceRegion":"guangzhou","featureType":"station","railClass":"metro","mode":"subway","name":"太平","nameEn":"Taiping","ref":"1417","operator":"广州地铁集团有限公司","status":"operational","color":"#126d75","sourceKey":"node:9094389169","stationGroup":"太平","hasOperationalRail":true,"hasConstructionRail":false}},{"type":"Feature","geometry":{"type":"Point","coordinates":[113.3460465,23.2926408]},"properties":{"key":"node:9198249298","osmType":"node","osmId":9198249298,"sourceRegion":"guangzhou","featureType":"station","railClass":"station","mode":"station","name":"朝亮","status":"operational","color":"#126d75","sourceKey":"node:9198249298","stationGroup":"朝亮","hasOperationalRail":true,"hasConstructionRail":false}},{"type":"Feature","geometry":{"type":"Point","coordinates":[113.300523,23.3975564]},"properties":{"key":"node:9198249305","osmType":"node","osmId":9198249305,"sourceRegion":"guangzhou","featureType":"station","railClass":"station","mode":"station","name":"白云机场北","status":"operational","color":"#126d75","sourceKey":"node:9198249305","stationGroup":"白云机场北","hasOperationalRail":true,"hasConstructionRail":false}},{"type":"Feature","geometry":{"type":"Point","coordinates":[113.2632333,23.4280279]},"properties":{"key":"node:9198249306","osmType":"node","osmId":9198249306,"sourceRegion":"guangzhou","featureType":"station","railClass":"station","mode":"station","name":"花山镇","status":"operational","color":"#126d75","sourceKey":"node:9198249306","stationGroup":"花山镇","hasOperationalRail":true,"hasConstructionRail":false}},{"type":"Feature","geometry":{"type":"Point","coordinates":[113.3649713,23.3136986]},"properties":{"key":"node:12387014249","osmType":"node","osmId":12387014249,"sourceRegion":"guangzhou","featureType":"station","railClass":"station","mode":"station","name":"帽峰山","nameEn":"Maofengshan","status":"operational","color":"#126d75","sourceKey":"node:12387014249","stationGroup":"帽峰山","hasOperationalRail":true,"hasConstructionRail":false}},{"type":"Feature","geometry":{"type":"Point","coordinates":[113.3499583,23.2504281]},"properties":{"key":"node:12712336080","osmType":"node","osmId":12712336080,"sourceRegion":"guangzhou","featureType":"station","railClass":"station","mode":"train","name":"大源","nameEn":"Dayuan","status":"operational","color":"#126d75","sourceKey":"node:12712336080","stationGroup":"大源","hasOperationalRail":true,"hasConstructionRail":false}},{"type":"Feature","geometry":{"type":"Point","coordinates":[113.4928069,23.3781927]},"properties":{"key":"node:12712348631","osmType":"node","osmId":12712348631,"sourceRegion":"guangzhou","featureType":"station","railClass":"construction","mode":"station","name":"九佛（在建）","nameEn":"Jiufo (under construction)","status":"construction","color":"#126d75","sourceKey":"node:12712348631","stationGroup":"九佛在建","hasOperationalRail":false,"hasConstructionRail":true}},{"type":"Feature","geometry":{"type":"Point","coordinates":[113.4392861,23.362105]},"properties":{"key":"node:12712348632","osmType":"node","osmId":12712348632,"sourceRegion":"guangzhou","featureType":"station","railClass":"construction","mode":"station","name":"钟落潭东（在建）","nameEn":"Zhongluotandong","status":"construction","color":"#126d75","sourceKey":"node:12712348632","stationGroup":"钟落潭东在建","hasOperationalRail":false,"hasConstructionRail":true}},{"type":"Feature","geometry":{"type":"Point","coordinates":[113.3608636,23.3504032]},"properties":{"key":"node:12712348633","osmType":"node","osmId":12712348633,"sourceRegion":"guangzhou","featureType":"station","railClass":"station","mode":"station","name":"竹料","nameEn":"Zhuliao","status":"operational","color":"#126d75","sourceKey":"node:12712348633","stationGroup":"竹料","hasOperationalRail":true,"hasConstructionRail":false}},{"type":"Feature","geometry":{"type":"LineString","coordinates":[[113.2900792,23.3578024],[113.2902629,23.3584627],[113.2903153,23.3586511],[113.29054,23.3594706],[113.2906252,23.3597813],[113.2906605,23.3599101],[113.2907025,23.3600755],[113.2907326,23.3602202],[113.2907501,23.3603109],[113.2907646,23.3603997],[113.2907752,23.3604723],[113.2907863,23.3606093],[113.2908017,23.3608349],[113.2908147,23.3611144],[113.290826,23.3614229],[113.2908285,23.3615453],[113.290831,23.3616678],[113.29083,23.3617844],[113.290829,23.3618901],[113.2908225,23.3620558],[113.2908133,23.3621804],[113.290804,23.3622725],[113.2907893,23.3623838],[113.2907667,23.3625239],[113.2907472,23.3626249],[113.2907238,23.3627331],[113.2906975,23.3628519],[113.290678,23.3629254],[113.2906486,23.3630201],[113.2906094,23.3631273],[113.290569,23.3632285],[113.2905116,23.3633527],[113.2904538,23.3634647],[113.2904165,23.3635334],[113.2903554,23.3636302],[113.290278,23.3637346],[113.2901775,23.3638496],[113.2900568,23.3639719],[113.2899097,23.3641024],[113.2897421,23.3642266],[113.2895969,23.364325],[113.2894311,23.3644235],[113.2892149,23.3645392],[113.2890084,23.3646358],[113.2888246,23.3647129],[113.2886228,23.364794],[113.2884691,23.3648496],[113.2881765,23.3649408],[113.2878942,23.3650192],[113.2875688,23.3650954],[113.2869835,23.3652216],[113.2867022,23.3652822],[113.2837947,23.3659462]]},"properties":{"key":"way:184103071@detail:453_93","osmType":"way","osmId":184103071,"sourceRegion":"guangzhou","featureType":"infrastructure","railClass":"metro","mode":"subway","name":"广州地铁9号线","tunnel":"yes","status":"operational","color":"#52636f","sourceKey":"way:184103071"}},{"type":"Feature","geometry":{"type":"LineString","coordinates":[[113.29280505221237,23.25],[113.2940759,23.2500702]]},"properties":{"key":"way:249515936@detail:453_93","osmType":"way","osmId":249515936,"sourceRegion":"guangzhou","featureType":"infrastructure","railClass":"metro","mode":"subway","name":"未命名","service":"yard","status":"operational","color":"#52636f","sourceKey":"way:249515936"}},{"type":"Feature","geometry":{"type":"LineString","coordinates":[[113.3006734,23.401716],[113.3001383,23.3997853],[113.2999128,23.3989737]]},"properties":{"key":"way:264037343@detail:453_93","osmType":"way","osmId":264037343,"sourceRegion":"guangzhou","featureType":"infrastructure","railClass":"metro","mode":"subway","name":"广州地铁3号线北延段","nameEn":"Canton Metro Line 3 North Extension","tunnel":"yes","status":"operational","color":"#52636f","sourceKey":"way:264037343"}},{"type":"Feature","geometry":{"type":"LineString","coordinates":[[113.3558071,23.3301878],[113.3552382,23.3278497],[113.3551811,23.3276017],[113.3551119,23.3273061],[113.3550324,23.3269996],[113.3549676,23.3267519],[113.3549216,23.3265788],[113.3548718,23.3264041],[113.3548176,23.3262271],[113.354599,23.3255906],[113.3544475,23.3252039],[113.3543772,23.3250384],[113.354294,23.3248495],[113.3542114,23.3246687],[113.3541314,23.324498],[113.3540524,23.3243271],[113.353978,23.3241699],[113.3538933,23.3239958],[113.35381,23.3238323],[113.3537268,23.3236681],[113.3536136,23.3234451],[113.3535101,23.3232336],[113.3533833,23.3229734],[113.3532975,23.3227805],[113.3532139,23.3225822],[113.3531454,23.3224192],[113.353067,23.3222152],[113.3529535,23.3219209],[113.3528718,23.3216974],[113.3527683,23.3214034],[113.3526515,23.3210744],[113.3525526,23.3207949],[113.352244,23.3199051],[113.3520779,23.319427],[113.3519095,23.3189489],[113.3517231,23.3184241],[113.351532,23.3179084],[113.351244,23.3171342],[113.3510347,23.3165977],[113.3508545,23.3161485],[113.3507528,23.3158903],[113.3506151,23.315537],[113.3502863,23.3147159],[113.3501638,23.3144147],[113.3500777,23.3141898],[113.3500073,23.3140172],[113.3499409,23.3138646],[113.3498083,23.3135468],[113.3496247,23.3131104],[113.3494001,23.3125756],[113.3492076,23.3121307],[113.3490237,23.3117111],[113.3488662,23.3113545],[113.3487144,23.3110248],[113.348566,23.3106998],[113.348461,23.3104693],[113.3483562,23.3102386],[113.3482155,23.3099328],[113.3480831,23.3096461],[113.3479669,23.3094039],[113.3478538,23.3091765],[113.3477518,23.3089817],[113.3476835,23.308854],[113.3476102,23.3087225],[113.3475233,23.3085747],[113.3474387,23.3084346],[113.3473673,23.308324],[113.3472757,23.3081899],[113.3471785,23.308053],[113.3470698,23.3079022],[113.3469422,23.30773],[113.3467768,23.3075148],[113.3465979,23.3072907],[113.3464399,23.3071025],[113.3462108,23.306832],[113.3458768,23.3064594],[113.3455136,23.3060621],[113.3451132,23.3056226],[113.3444531,23.3049062],[113.3440923,23.3045175],[113.3438184,23.3042288],[113.343387,23.3037612],[113.3427616,23.303066],[113.3424656,23.3027402],[113.3422773,23.3025341]]},"properties":{"key":"way:397191856@detail:453_93","osmType":"way","osmId":397191856,"sourceRegion":"guangzhou","featureType":"infrastructure","railClass":"metro","mode":"subway","name":"广州地铁14号线","nameEn":"Guangzhou Metro Line 14","tunnel":"yes","status":"operational","color":"#52636f","sourceKey":"way:397191856"}},{"type":"Feature","geometry":{"type":"LineString","coordinates":[[113.463569,23.4173472],[113.4642189,23.4178742],[113.4643209,23.4179555],[113.4644111,23.4180243],[113.4645127,23.418096],[113.4646326,23.418175],[113.4647542,23.4182476],[113.4648252,23.4182868],[113.4649019,23.4183276],[113.4650192,23.4183875],[113.4651746,23.4184635],[113.4655654,23.4186387],[113.4657423,23.4187164],[113.4659162,23.4187862],[113.4660725,23.4188396],[113.4662815,23.4189085],[113.4664422,23.4189568],[113.4665968,23.4190015],[113.4667148,23.4190315],[113.4668171,23.4190546],[113.4669456,23.4190818],[113.4670618,23.4191025],[113.4671715,23.4191194],[113.4672965,23.4191374],[113.46741,23.4191524],[113.4675253,23.4191642],[113.4676825,23.4191781],[113.4678782,23.4191946],[113.4682715,23.4192263],[113.4686894,23.4192511],[113.4694949,23.4193047],[113.4704191,23.4193645]]},"properties":{"key":"way:397195810@detail:453_93","osmType":"way","osmId":397195810,"sourceRegion":"guangzhou","featureType":"infrastructure","railClass":"metro","mode":"subway","name":"广州地铁14号线知识城支线","bridge":"yes","status":"operational","color":"#52636f","sourceKey":"way:397195810"}},{"type":"Feature","geometry":{"type":"LineString","coordinates":[[113.4723872,23.4193193],[113.4725349,23.4192943],[113.4727113,23.4192584],[113.4728598,23.4192238],[113.4729639,23.4191992],[113.4730411,23.4191798],[113.4731255,23.4191554],[113.4732071,23.4191289],[113.4732959,23.4190975],[113.4734312,23.4190469],[113.4735908,23.4189819],[113.473745,23.4189134],[113.4739341,23.418823],[113.4741686,23.4187017],[113.4746884,23.4184247],[113.474924,23.4182896],[113.4751102,23.4181797],[113.475317,23.418045],[113.4755497,23.4178832],[113.4757559,23.4177268],[113.4759092,23.417602],[113.4760359,23.417487],[113.4761993,23.417331],[113.4763379,23.4171903],[113.4764585,23.4170564],[113.476579,23.4169128],[113.4767129,23.416752],[113.4768521,23.41657],[113.4769688,23.4164039],[113.4770855,23.4162281],[113.4772016,23.4160435],[113.4773241,23.4158453],[113.4774289,23.415662],[113.477546,23.4154462],[113.4776466,23.4152521],[113.4777507,23.4150417],[113.4779402,23.4146266],[113.4781024,23.4142613],[113.4782606,23.4138896],[113.4783455,23.4136765],[113.478419,23.4134871],[113.4784727,23.4133379],[113.4785319,23.4131704],[113.478599,23.4129781],[113.4787349,23.4125706],[113.4788297,23.4122779],[113.4789095,23.4120214],[113.4789935,23.4117375],[113.4790381,23.4115739],[113.4790827,23.4114103],[113.4791263,23.4112476],[113.4791769,23.4110611],[113.4801568,23.40737],[113.4802367,23.4070749],[113.4803208,23.4067665],[113.4804184,23.4064179],[113.4805684,23.405896],[113.480686,23.4055008],[113.480789,23.4051598],[113.4809244,23.404712],[113.481027,23.4043983],[113.4811431,23.404067],[113.4812803,23.4037007],[113.4813908,23.4034036],[113.4814981,23.4031275],[113.4820696,23.4016054],[113.4823716,23.400801],[113.4846372,23.3947064],[113.4847656,23.3943574],[113.4849128,23.3939549],[113.4850544,23.3935555],[113.4851447,23.3932817],[113.4852211,23.3930336],[113.485318,23.3927099],[113.4854041,23.3923961],[113.4854873,23.3920659],[113.4856134,23.3915531],[113.4857779,23.3909034],[113.4859175,23.3903429],[113.4860893,23.3896541],[113.4862082,23.3891714],[113.4863858,23.3884628],[113.4865145,23.3879451],[113.4866252,23.3875206],[113.4867907,23.3869134],[113.4869045,23.3865113],[113.4870425,23.3860264],[113.4871452,23.3856835],[113.4871983,23.3855114],[113.4872583,23.3853199],[113.4873746,23.3849534],[113.4874886,23.3846224],[113.4875896,23.384352],[113.4877288,23.3839913],[113.4878788,23.383632],[113.4880193,23.3833094],[113.4881562,23.3830154],[113.4882843,23.3827519],[113.4884468,23.3824324],[113.4886081,23.382126],[113.4887931,23.3817853],[113.4890237,23.3813703],[113.489906,23.3797831],[113.4905467,23.3786304],[113.4907918,23.3782114],[113.4910109,23.3778466],[113.4912664,23.3774363],[113.4914848,23.3770919],[113.4916821,23.3767839],[113.4918912,23.3764715],[113.4919925,23.3763297],[113.492102,23.3761836],[113.4922367,23.3760105],[113.4923413,23.3758799],[113.492449,23.3757487],[113.492547,23.3756319],[113.4926291,23.3755394],[113.4926883,23.3754756],[113.4927801,23.3753822],[113.4928582,23.3753049],[113.5,23.36845445260962]]},"properties":{"key":"way:397202832@detail:453_93","osmType":"way","osmId":397202832,"sourceRegion":"guangzhou","featureType":"infrastructure","railClass":"metro","mode":"subway","name":"广州地铁14号线知识城支线","tunnel":"yes","status":"operational","color":"#52636f","sourceKey":"way:397202832"}},{"type":"Feature","geometry":{"type":"LineString","coordinates":[[113.3271473,23.3659062],[113.3262525,23.3659236],[113.3254597,23.365903],[113.3237346,23.3658354],[113.3232008,23.3658326],[113.3223038,23.3658484],[113.3214262,23.3659142],[113.3204298,23.3660377],[113.3199182,23.3661381],[113.3194495,23.3662238],[113.3185416,23.3664048],[113.3162432,23.3668492],[113.3147324,23.3671836],[113.3130003,23.3675669],[113.3115923,23.3679851],[113.3106109,23.3682715],[113.3096853,23.3685517],[113.3090324,23.3687629],[113.3083372,23.3689726],[113.3077999,23.369168],[113.3073142,23.3693685],[113.3068799,23.3695671],[113.3064453,23.3697823],[113.3059928,23.3700478],[113.3054338,23.3704147],[113.3049692,23.3707656],[113.3042539,23.3712939],[113.302793,23.3723882],[113.3017375,23.3731489],[113.3001244,23.3745823],[113.2996728,23.374998],[113.2992949,23.3753955],[113.298974,23.3757453],[113.2988448,23.3759003],[113.2986759,23.3761535],[113.298555,23.3763803],[113.2984354,23.3766057],[113.2982977,23.3769295],[113.2982002,23.3771551],[113.2981371,23.3773262],[113.2979568,23.3778719],[113.297623,23.3789088],[113.2973351,23.379986],[113.2971401,23.3807833],[113.2970736,23.3812132],[113.2970375,23.3815252],[113.2969896,23.3818099],[113.2969739,23.382012],[113.2969725,23.3821535],[113.296991,23.3825027],[113.2970919,23.3829937],[113.2971526,23.3832075],[113.2972653,23.3835723],[113.2974518,23.3840628],[113.2980459,23.3854855],[113.298166,23.3857462],[113.298378,23.3862063],[113.2990959,23.3877858],[113.2995704,23.3888525],[113.2998813,23.3899647],[113.2999879,23.3903343],[113.300055,23.390636],[113.3000804,23.3908567],[113.300088,23.3911831],[113.300086,23.39138],[113.3000698,23.3915796],[113.2999933,23.3920686],[113.2999304,23.3930099],[113.299901,23.3939606],[113.2999589,23.3946589],[113.300037,23.3952958],[113.300242,23.3960918]]},"properties":{"key":"way:481068483@detail:453_93","osmType":"way","osmId":481068483,"sourceRegion":"guangzhou","featureType":"infrastructure","railClass":"intercity","mode":"rail","name":"广州东环城际线","nameEn":"Guangzhou East Ring Intercity Railway","operator":"广东城际铁路运营","usage":"main","tunnel":"yes","status":"operational","color":"#D85757","sourceKey":"way:481068483"}},{"type":"Feature","geometry":{"type":"LineString","coordinates":[[113.2757617,23.4270386],[113.2803834,23.4266405],[113.2824228,23.4264826],[113.2833051,23.4263648],[113.2841048,23.4262223],[113.2846081,23.4261242],[113.286207,23.4257449],[113.2908795,23.4246685],[113.3000195,23.4225909],[113.3009712,23.4223496],[113.3016043,23.4221788],[113.3019696,23.4220714],[113.3023786,23.4219441],[113.3028361,23.4217849],[113.3033371,23.4215783],[113.303601,23.4214448],[113.3038772,23.4212758],[113.3041188,23.4210955],[113.3043537,23.42091],[113.30466,23.4206451],[113.3048806,23.4204198],[113.3050636,23.4202138],[113.3051875,23.4200482],[113.3053203,23.4198626],[113.3054198,23.4196914],[113.3054966,23.4195131],[113.3055902,23.4192486],[113.3056624,23.4189435],[113.305718,23.4184852],[113.3057359,23.4179809],[113.3057151,23.4173036],[113.3056746,23.4168406],[113.3056122,23.4164478],[113.3055108,23.4159728],[113.303925,23.4097845],[113.3035393,23.4083869],[113.3009216,23.3985898]]},"properties":{"key":"way:481068484@detail:453_93","osmType":"way","osmId":481068484,"sourceRegion":"guangzhou","featureType":"infrastructure","railClass":"intercity","mode":"rail","name":"广州东环城际线","nameEn":"Guangzhou East Ring Intercity Railway","operator":"广东城际铁路运营有限公司","usage":"main","tunnel":"yes","status":"operational","color":"#D85757","sourceKey":"way:481068484"}},{"type":"Feature","geometry":{"type":"LineString","coordinates":[[113.300764,23.3986107],[113.302777,23.4061285],[113.3037497,23.4098843],[113.3040391,23.4111074],[113.3046311,23.4133497],[113.3054729,23.4164892],[113.3055258,23.416774],[113.3055928,23.4171257],[113.3056396,23.417578],[113.305669,23.4179149],[113.3056687,23.4184048],[113.3056203,23.4189093],[113.3055,23.4193803],[113.3054068,23.4196255],[113.3053014,23.4198213],[113.3051874,23.419994],[113.3050584,23.4201602],[113.3049194,23.420319],[113.3047139,23.4205304],[113.3044761,23.4207568],[113.3039746,23.4211602],[113.303606,23.421398],[113.3032757,23.4215665],[113.3027897,23.421767],[113.3021975,23.4219668],[113.3016094,23.4221378],[113.3010664,23.4222798],[113.2999748,23.4225513],[113.2978689,23.4230455],[113.2857038,23.4257895],[113.2844461,23.4260839],[113.2835541,23.4262401],[113.2824832,23.4263965],[113.2808106,23.4265129],[113.2794082,23.4266197],[113.2757448,23.4269643]]},"properties":{"key":"way:481180024@detail:453_93","osmType":"way","osmId":481180024,"sourceRegion":"guangzhou","featureType":"infrastructure","railClass":"intercity","mode":"rail","name":"广州东环城际线","nameEn":"Guangzhou East Ring Intercity Railway","operator":"广东城际铁路运营有限公司","usage":"main","tunnel":"yes","status":"operational","color":"#D85757","sourceKey":"way:481180024"}},{"type":"Feature","geometry":{"type":"LineString","coordinates":[[113.25,23.429496310028917],[113.2520941,23.4292282],[113.2533238,23.4291],[113.2538259,23.4290375],[113.2543075,23.42898],[113.2551691,23.4288955],[113.2559436,23.4288077],[113.2567146,23.4287194],[113.2572744,23.4286521],[113.2577657,23.4285946],[113.2582907,23.4285371],[113.2603952,23.4283133]]},"properties":{"key":"way:481180025@detail:453_93","osmType":"way","osmId":481180025,"sourceRegion":"guangzhou","featureType":"infrastructure","railClass":"intercity","mode":"rail","name":"广州东环城际线","nameEn":"Guangzhou East Ring Intercity Railway","operator":"广东城际铁路运营有限公司","usage":"main","tunnel":"yes","status":"operational","color":"#D85757","sourceKey":"way:481180025"}},{"type":"Feature","geometry":{"type":"LineString","coordinates":[[113.2603871,23.4282608],[113.25,23.429442839417263]]},"properties":{"key":"way:481197022@detail:453_93","osmType":"way","osmId":481197022,"sourceRegion":"guangzhou","featureType":"infrastructure","railClass":"intercity","mode":"rail","name":"广州东环城际线","nameEn":"Guangzhou East Ring Intercity Railway","operator":"广东城际铁路运营有限公司","usage":"main","tunnel":"yes","status":"operational","color":"#D85757","sourceKey":"way:481197022"}},{"type":"Feature","geometry":{"type":"LineString","coordinates":[[113.3009896,23.3992573],[113.3009815,23.3990997],[113.3009758,23.3989441],[113.3009216,23.3985898]]},"properties":{"key":"way:481198201@detail:453_93","osmType":"way","osmId":481198201,"sourceRegion":"guangzhou","featureType":"infrastructure","railClass":"intercity","mode":"rail","name":"广州东环城际铁路","nameEn":"Guangzhou East Ring Intercity Railway","operator":"广东城际铁路运营","usage":"main","tunnel":"yes","status":"operational","color":"#D85757","sourceKey":"way:481198201"}},{"type":"Feature","geometry":{"type":"LineString","coordinates":[[113.3271473,23.3659062],[113.3274086,23.365887],[113.3276576,23.3658589],[113.3279536,23.365821],[113.3282927,23.3657524],[113.3287586,23.3656352],[113.3291849,23.3655253],[113.3296191,23.3653822],[113.3300876,23.3652183],[113.3306135,23.3650423],[113.3312147,23.3648372],[113.3317732,23.3646562],[113.3322902,23.3644988],[113.332709,23.3643616],[113.3331793,23.3642073],[113.3341998,23.3638645],[113.335219,23.3634957],[113.3355418,23.3633424],[113.3357527,23.3632295],[113.3359545,23.3631351],[113.3361355,23.3630353],[113.3363807,23.3628856],[113.3368126,23.3625951],[113.3371642,23.3623255],[113.3375011,23.362035],[113.3377171,23.3618066],[113.3378924,23.3616476],[113.3380891,23.361425],[113.3382953,23.3611813],[113.3385384,23.3608907],[113.3389166,23.3604009],[113.3399335,23.3591084],[113.3406793,23.3581497],[113.3411376,23.357557],[113.3419096,23.3565624],[113.3424156,23.3559175],[113.3428907,23.3553239],[113.3433655,23.3548128],[113.3438908,23.3542676],[113.344278,23.3539414],[113.3449282,23.3534694],[113.3452982,23.3532371],[113.3457901,23.3529541],[113.3464781,23.3526492],[113.3475368,23.3522765],[113.3483027,23.3521126],[113.3488265,23.3520145],[113.3496308,23.3518958],[113.3523837,23.3515306]]},"properties":{"key":"way:481233796@detail:453_93","osmType":"way","osmId":481233796,"sourceRegion":"guangzhou","featureType":"infrastructure","railClass":"intercity","mode":"rail","name":"广州东环城际线","nameEn":"Guangzhou East Ring Intercity Railway","operator":"广东城际铁路运营","usage":"main","bridge":"yes","status":"operational","color":"#D85757","sourceKey":"way:481233796"}},{"type":"Feature","geometry":{"type":"LineString","coordinates":[[113.4704191,23.4193645],[113.4706665,23.4193803],[113.4709038,23.4193946],[113.4710764,23.4194046],[113.4712381,23.4194114],[113.4714158,23.4194118],[113.4715617,23.419412],[113.4716809,23.4194075],[113.4717759,23.4193999],[113.4718752,23.4193925],[113.4720204,23.4193751],[113.4722069,23.4193485],[113.4723872,23.4193193]]},"properties":{"key":"way:489973038@detail:453_93","osmType":"way","osmId":489973038,"sourceRegion":"guangzhou","featureType":"infrastructure","railClass":"metro","mode":"subway","name":"广州地铁14号线知识城支线","status":"operational","color":"#52636f","sourceKey":"way:489973038"}},{"type":"Feature","geometry":{"type":"LineString","coordinates":[[113.3182217,23.2809217],[113.3182725,23.2812299],[113.3183219,23.2815289],[113.3184655,23.2823992],[113.3185109,23.2826947],[113.31856,23.283021],[113.3186092,23.283311],[113.3186516,23.283545],[113.3186897,23.2837452]]},"properties":{"key":"way:497199632@detail:453_93","osmType":"way","osmId":497199632,"sourceRegion":"guangzhou","featureType":"infrastructure","railClass":"metro","mode":"subway","name":"未命名","service":"yard","tunnel":"yes","status":"operational","color":"#52636f","sourceKey":"way:497199632"}},{"type":"Feature","geometry":{"type":"LineString","coordinates":[[113.3182567,23.2808081],[113.3182725,23.2812299]]},"properties":{"key":"way:497199633@detail:453_93","osmType":"way","osmId":497199633,"sourceRegion":"guangzhou","featureType":"infrastructure","railClass":"metro","mode":"subway","name":"未命名","service":"yard","tunnel":"yes","status":"operational","color":"#52636f","sourceKey":"way:497199633"}},{"type":"Feature","geometry":{"type":"LineString","coordinates":[[113.3284217,23.2852584],[113.3285694,23.2853895],[113.3288737,23.2856597],[113.3289304,23.2857101],[113.3296304,23.2863314],[113.33038,23.2869961],[113.3305522,23.2871515],[113.3308401,23.2873568],[113.3313011,23.287792],[113.3315146,23.2879988],[113.3317325,23.288218],[113.3320373,23.2885443],[113.3322835,23.2888156],[113.3324607,23.2890244],[113.3326906,23.2893024],[113.3330146,23.2897513],[113.3331979,23.2900085],[113.3333792,23.2902676],[113.3336761,23.2907168],[113.3339549,23.2911371],[113.3342535,23.2915987],[113.335229,23.2931423],[113.3360985,23.2945169],[113.3366921,23.2954465],[113.3375666,23.2968004],[113.3377908,23.2971405],[113.3379855,23.2974204],[113.338237,23.2977692],[113.3385585,23.2982145],[113.3387472,23.2984495],[113.3388737,23.2986019],[113.3390031,23.298753],[113.3391561,23.2989259]]},"properties":{"key":"way:497207422@detail:453_93","osmType":"way","osmId":497207422,"sourceRegion":"guangzhou","featureType":"infrastructure","railClass":"metro","mode":"subway","name":"未命名","service":"yard","tunnel":"yes","status":"operational","color":"#52636f","sourceKey":"way:497207422"}},{"type":"Feature","geometry":{"type":"LineString","coordinates":[[113.3420105,23.3019718],[113.342458,23.3023921]]},"properties":{"key":"way:502714843@detail:453_93","osmType":"way","osmId":502714843,"sourceRegion":"guangzhou","featureType":"infrastructure","railClass":"metro","mode":"subway","name":"未命名","service":"siding","tunnel":"yes","status":"operational","color":"#52636f","sourceKey":"way:502714843"}},{"type":"Feature","geometry":{"type":"LineString","coordinates":[[113.3408291,23.3008723],[113.3403976,23.3004772]]},"properties":{"key":"way:502714844@detail:453_93","osmType":"way","osmId":502714844,"sourceRegion":"guangzhou","featureType":"infrastructure","railClass":"metro","mode":"subway","name":"未命名","service":"siding","tunnel":"yes","status":"operational","color":"#52636f","sourceKey":"way:502714844"}},{"type":"Feature","geometry":{"type":"LineString","coordinates":[[113.28320490789832,23.25],[113.2832028,23.2502019],[113.2832021,23.2504256],[113.2832056,23.2506072],[113.28321,23.2508228],[113.2832136,23.2510688],[113.2832143,23.2512363],[113.2832153,23.251402],[113.2832279,23.2516009],[113.2832435,23.2518062],[113.2832656,23.2520387],[113.2832885,23.2522686],[113.2833089,23.2524123],[113.2833228,23.2524838],[113.2833408,23.2525574],[113.2833658,23.2526354],[113.2833914,23.2527091],[113.2834231,23.2527937],[113.2834658,23.2528991],[113.2835034,23.2529859],[113.2835833,23.2531642],[113.2843619,23.2548993],[113.2849212,23.2561617],[113.2851691,23.2567314],[113.2866456,23.2600808],[113.2867968,23.2604643],[113.2869035,23.2607503],[113.2869946,23.2610102],[113.2870883,23.2612902],[113.2872322,23.2617327],[113.2873919,23.262256],[113.2878837,23.2638834],[113.2880613,23.2644575],[113.2882877,23.2651375],[113.2885006,23.2657378],[113.288685,23.2662354],[113.2889021,23.266759],[113.2891615,23.2673288],[113.2893843,23.2677861],[113.289677,23.2683499],[113.2899631,23.2687863],[113.2902348,23.26914],[113.2905372,23.269497],[113.2908244,23.2697836],[113.2911626,23.2701021],[113.2915529,23.2704344],[113.292888,23.2715046],[113.2933573,23.2718946],[113.2936867,23.2721756],[113.2942737,23.2727158],[113.2947332,23.2731391],[113.2953791,23.2737875],[113.2956713,23.2740964],[113.2958919,23.2743284],[113.2960063,23.2744522],[113.2961405,23.2746048],[113.2962401,23.2747256],[113.2963148,23.2748208],[113.2963758,23.2749062],[113.2964404,23.2750007],[113.296509,23.2751136],[113.2965792,23.2752353],[113.29666,23.2753801],[113.2967599,23.2755594],[113.2968454,23.2757278],[113.296928,23.2759013],[113.297063,23.2762033],[113.2971682,23.2764423],[113.2973238,23.2768199],[113.2973951,23.2770007],[113.2974717,23.2772037],[113.2976476,23.2776712],[113.2977203,23.2778775],[113.2977889,23.2780759],[113.2978369,23.2782355],[113.2978645,23.2783353],[113.2979327,23.27862],[113.298118,23.2794032],[113.2984601,23.2807581],[113.2986916,23.2816537],[113.298934,23.282655],[113.2990342,23.2830758],[113.2990906,23.283329],[113.2991142,23.2834626],[113.2991364,23.2835998],[113.2991629,23.2837959],[113.2991759,23.2839669],[113.2991816,23.2841357],[113.2991807,23.2843136],[113.2991755,23.2844782],[113.2991661,23.2846022],[113.2991478,23.2847714],[113.299133,23.2848716],[113.2991138,23.2849774],[113.2990919,23.2850831],[113.2990655,23.285182],[113.2990323,23.2852928],[113.2989912,23.285404],[113.298947,23.2855204],[113.2988927,23.2856432],[113.2987954,23.285839],[113.2985922,23.2862181],[113.2985648,23.2862664],[113.298479,23.286418],[113.2983646,23.2866091],[113.2981822,23.2869021],[113.2980327,23.2871301],[113.2978868,23.2873448],[113.2977567,23.2875429],[113.2976429,23.2877184],[113.2971692,23.2884792],[113.2970118,23.288732],[113.2955289,23.2911133],[113.2954508,23.2912387],[113.2951269,23.2917582],[113.2947894,23.2922994],[113.2944031,23.2929267],[113.2942422,23.2931856],[113.2941345,23.2933674],[113.2940407,23.2935259],[113.2939388,23.2937013],[113.2938891,23.2937929],[113.2938409,23.2938837],[113.2937895,23.2939909],[113.2937355,23.2941077],[113.2936756,23.2942614],[113.2936327,23.2943838],[113.2935915,23.2945027],[113.2935408,23.2946775],[113.2934841,23.2949039],[113.2934468,23.2950873],[113.2934099,23.2952874],[113.2933581,23.29561],[113.293319,23.2959389],[113.2932878,23.2962135],[113.2932721,23.2963701],[113.293261,23.2964897],[113.2932531,23.2966069],[113.2932457,23.2967293],[113.2932432,23.2968645],[113.2932417,23.2970209],[113.2932464,23.2971368],[113.293251,23.2972273],[113.2932695,23.2975043],[113.293293,23.2977763],[113.2933286,23.2981246],[113.2933704,23.2985169],[113.2934234,23.2989853],[113.2934701,23.2993673],[113.293524,23.2998042],[113.2935833,23.300201],[113.2936688,23.3007065],[113.2937913,23.301407],[113.2940854,23.3030278],[113.2943099,23.304268],[113.2943409,23.3044569],[113.2943674,23.3046602],[113.2943903,23.3048965],[113.2944061,23.3050791],[113.2944189,23.3052575],[113.2944309,23.305445],[113.2944469,23.3057975],[113.2944504,23.305983],[113.2944478,23.3061442],[113.2944418,23.3064651],[113.2944248,23.3071467],[113.2944068,23.3075558],[113.2943826,23.3081093],[113.2943364,23.3091234],[113.2942634,23.3105889],[113.2942247,23.311483],[113.2941982,23.3121755],[113.2941877,23.3124851],[113.2941799,23.3127935],[113.2941788,23.3130397],[113.2941854,23.3132619],[113.2941985,23.3135648],[113.294209,23.3137414],[113.2942221,23.3139057],[113.2942399,23.3140789],[113.2942688,23.3142862],[113.2942984,23.3144781],[113.294319,23.3145974],[113.2943427,23.3147183],[113.2943664,23.314823],[113.2944016,23.3149761],[113.2944437,23.315144],[113.2944958,23.3153387],[113.2945598,23.3155767],[113.2946435,23.315879],[113.2959184,23.3203966],[113.2960221,23.3207847],[113.2960696,23.3209753],[113.296114,23.3211795],[113.2961642,23.3214126],[113.2962105,23.3216417],[113.2962618,23.3219193],[113.2963062,23.3221846],[113.2963384,23.3223918],[113.2963839,23.3227005],[113.2964265,23.3230018],[113.2964908,23.3234979],[113.2965929,23.3243491],[113.2966735,23.3250956],[113.2967012,23.3254345],[113.296716,23.3257056],[113.2967202,23.3258781],[113.2967239,23.3260494],[113.2967239,23.3262144],[113.296719,23.3263577],[113.2967012,23.3266779],[113.2966536,23.3273007],[113.2965855,23.3279477],[113.2965434,23.3282363],[113.2964959,23.3285247],[113.2964335,23.3288364],[113.2963548,23.3291804],[113.2962655,23.3295389],[113.2961987,23.3298026],[113.2961382,23.3300045],[113.296062,23.3302345],[113.2960128,23.3303675],[113.2959726,23.3304725],[113.2959112,23.3306156],[113.295828,23.3307926],[113.2957729,23.3309053],[113.2956638,23.3311316],[113.2955303,23.3313777],[113.2954122,23.3315757],[113.2952895,23.3317788],[113.2951683,23.3319814],[113.2950552,23.332169],[113.2949282,23.3323877],[113.2948201,23.3325647],[113.2947104,23.3327406],[113.2946013,23.3329041],[113.2945205,23.3330238],[113.2944444,23.3331309],[113.2939287,23.3338398],[113.2934475,23.334475],[113.2932627,23.3347129],[113.2924724,23.3357147],[113.2918783,23.3364547],[113.2917938,23.336559],[113.2914809,23.3369297],[113.2913439,23.3370899],[113.2912681,23.3371766],[113.2911576,23.3372982],[113.2910568,23.3374075],[113.290934,23.3375382],[113.2907944,23.3376844],[113.2902815,23.3382273],[113.2898367,23.3386982],[113.2896329,23.3389118],[113.2894634,23.3391015],[113.2893167,23.3392713],[113.2890882,23.3395591],[113.2889449,23.3397514],[113.2888173,23.3399338],[113.2887042,23.3401105],[113.288593,23.3403034],[113.2885103,23.3404737],[113.2884459,23.3406352],[113.2883963,23.3407748],[113.2883527,23.3409207],[113.2883066,23.3410903],[113.2882659,23.3412478],[113.2882227,23.3414274],[113.2881605,23.3417295],[113.2880887,23.3421082],[113.2880437,23.3423731],[113.2880068,23.3426145],[113.2879494,23.343058],[113.2879162,23.3433337],[113.2878921,23.3435727],[113.2878671,23.3439332],[113.2878604,23.3442331],[113.2878661,23.3445602],[113.2878882,23.3449089],[113.2879186,23.3452827],[113.288013,23.3462315],[113.2880525,23.3465418],[113.2881576,23.3472355],[113.2882689,23.3480542],[113.2883384,23.3485235],[113.288458,23.3493188],[113.2885907,23.3501874],[113.2887021,23.3508648],[113.2887703,23.3512769],[113.2888147,23.3515187],[113.2888686,23.3517784],[113.2891726,23.3533546]]},"properties":{"key":"way:532177021@detail:453_93","osmType":"way","osmId":532177021,"sourceRegion":"guangzhou","featureType":"infrastructure","railClass":"metro","mode":"subway","name":"广州地铁3号线北延段","nameEn":"Guangzhou Metro Line 3 North Extension","tunnel":"yes","status":"operational","color":"#52636f","sourceKey":"way:532177021"}},{"type":"Feature","geometry":{"type":"LineString","coordinates":[[113.2957532,23.2906351],[113.2965849,23.2892935],[113.296791,23.288961]]},"properties":{"key":"way:532465516@detail:453_93","osmType":"way","osmId":532465516,"sourceRegion":"guangzhou","featureType":"infrastructure","railClass":"metro","mode":"subway","name":"未命名","service":"yard","tunnel":"yes","status":"operational","color":"#52636f","sourceKey":"way:532465516"}},{"type":"Feature","geometry":{"type":"LineString","coordinates":[[113.2953696,23.2911275],[113.2956435,23.2907819],[113.2956599,23.2907614],[113.2956815,23.2907345],[113.2956982,23.290713],[113.2957163,23.2906887],[113.2957341,23.2906639],[113.2957532,23.2906351]]},"properties":{"key":"way:532465517@detail:453_93","osmType":"way","osmId":532465517,"sourceRegion":"guangzhou","featureType":"infrastructure","railClass":"metro","mode":"subway","name":"未命名","service":"yard","tunnel":"yes","status":"operational","color":"#52636f","sourceKey":"way:532465517"}},{"type":"Feature","geometry":{"type":"LineString","coordinates":[[113.2880156,23.3650616],[113.2869835,23.3652216]]},"properties":{"key":"way:532681195@detail:453_93","osmType":"way","osmId":532681195,"sourceRegion":"guangzhou","featureType":"infrastructure","railClass":"construction","mode":"construction","name":"未命名","tunnel":"yes","status":"construction","color":"#52636f","sourceKey":"way:532681195"}},{"type":"Feature","geometry":{"type":"LineString","coordinates":[[113.2895178,23.3560561],[113.2896048,23.3562796],[113.2897505,23.3566539]]},"properties":{"key":"way:532681196@detail:453_93","osmType":"way","osmId":532681196,"sourceRegion":"guangzhou","featureType":"infrastructure","railClass":"metro","mode":"subway","name":"未命名","service":"crossover","tunnel":"yes","status":"operational","color":"#52636f","sourceKey":"way:532681196"}},{"type":"Feature","geometry":{"type":"LineString","coordinates":[[113.2896607,23.3566749],[113.2896048,23.3562796],[113.2895716,23.3560444]]},"properties":{"key":"way:532681197@detail:453_93","osmType":"way","osmId":532681197,"sourceRegion":"guangzhou","featureType":"infrastructure","railClass":"metro","mode":"subway","name":"未命名","service":"crossover","tunnel":"yes","status":"operational","color":"#52636f","sourceKey":"way:532681197"}},{"type":"Feature","geometry":{"type":"LineString","coordinates":[[113.2899039,23.3571722],[113.2897936,23.3564623]]},"properties":{"key":"way:532681198@detail:453_93","osmType":"way","osmId":532681198,"sourceRegion":"guangzhou","featureType":"infrastructure","railClass":"metro","mode":"subway","name":"未命名","service":"yard","tunnel":"yes","status":"operational","color":"#52636f","sourceKey":"way:532681198"}},{"type":"Feature","geometry":{"type":"LineString","coordinates":[[113.2903349,23.3584448],[113.2905977,23.3591028]]},"properties":{"key":"way:532683861@detail:453_93","osmType":"way","osmId":532683861,"sourceRegion":"guangzhou","featureType":"infrastructure","railClass":"metro","mode":"subway","name":"未命名","service":"yard","tunnel":"yes","status":"operational","color":"#52636f","sourceKey":"way:532683861"}},{"type":"Feature","geometry":{"type":"LineString","coordinates":[[113.2904184,23.3594996],[113.2903417,23.3589884],[113.2902629,23.3584627]]},"properties":{"key":"way:532683862@detail:453_93","osmType":"way","osmId":532683862,"sourceRegion":"guangzhou","featureType":"infrastructure","railClass":"metro","mode":"subway","name":"未命名","service":"crossover","tunnel":"yes","status":"operational","color":"#52636f","sourceKey":"way:532683862"}},{"type":"Feature","geometry":{"type":"LineString","coordinates":[[113.2901361,23.35849],[113.2903417,23.3589884],[113.29054,23.3594706]]},"properties":{"key":"way:532683863@detail:453_93","osmType":"way","osmId":532683863,"sourceRegion":"guangzhou","featureType":"infrastructure","railClass":"metro","mode":"subway","name":"未命名","service":"crossover","tunnel":"yes","status":"operational","color":"#52636f","sourceKey":"way:532683863"}},{"type":"Feature","geometry":{"type":"LineString","coordinates":[[113.2911644,23.3614954],[113.2910545,23.3607696]]},"properties":{"key":"way:532683866@detail:453_93","osmType":"way","osmId":532683866,"sourceRegion":"guangzhou","featureType":"infrastructure","railClass":"metro","mode":"subway","name":"未命名","service":"yard","tunnel":"yes","status":"operational","color":"#52636f","sourceKey":"way:532683866"}},{"type":"Feature","geometry":{"type":"LineString","coordinates":[[113.2965849,23.2892935],[113.29682,23.2887944]]},"properties":{"key":"way:532685001@detail:453_93","osmType":"way","osmId":532685001,"sourceRegion":"guangzhou","featureType":"infrastructure","railClass":"metro","mode":"subway","name":"未命名","service":"yard","tunnel":"yes","status":"operational","color":"#52636f","sourceKey":"way:532685001"}},{"type":"Feature","geometry":{"type":"LineString","coordinates":[[113.2957532,23.2906351],[113.2955289,23.2911133]]},"properties":{"key":"way:532685002@detail:453_93","osmType":"way","osmId":532685002,"sourceRegion":"guangzhou","featureType":"infrastructure","railClass":"metro","mode":"subway","name":"未命名","service":"yard","tunnel":"yes","status":"operational","color":"#52636f","sourceKey":"way:532685002"}},{"type":"Feature","geometry":{"type":"LineString","coordinates":[[113.2891726,23.3533546],[113.2892508,23.3537238],[113.2893176,23.3540307],[113.2893835,23.354315],[113.2894862,23.3547173],[113.2895854,23.3551097],[113.289751,23.3557765],[113.2898387,23.3561269],[113.2900434,23.3569172],[113.2902765,23.3577549],[113.2904582,23.3584081],[113.2906277,23.3590221],[113.291581,23.3624795],[113.2917118,23.3629597],[113.2917781,23.3632516],[113.2918259,23.3635221],[113.2918678,23.3637956],[113.2918918,23.3639694]]},"properties":{"key":"way:532708189@detail:453_93","osmType":"way","osmId":532708189,"sourceRegion":"guangzhou","featureType":"infrastructure","railClass":"metro","mode":"subway","name":"广州地铁3号线北延段","nameEn":"Guangzhou Metro Line 3 North Extension","tunnel":"yes","status":"operational","color":"#52636f","sourceKey":"way:532708189"}},{"type":"Feature","geometry":{"type":"LineString","coordinates":[[113.2890307,23.35338],[113.2888711,23.3525976],[113.2887001,23.3517057],[113.2886263,23.3512898],[113.2885484,23.3508389],[113.288384,23.3498804],[113.288299,23.3493581],[113.2881796,23.3485895],[113.2880144,23.3473871],[113.2879578,23.3469345],[113.2878308,23.3459175],[113.2877842,23.3454468],[113.2877562,23.3451408],[113.2877348,23.3448078],[113.2877228,23.344499],[113.2877247,23.3441759],[113.2877345,23.3438895],[113.2877538,23.3435712],[113.2877831,23.3432588],[113.2878186,23.3429407],[113.2878581,23.3426564],[113.2878999,23.3423718],[113.2879632,23.3419951],[113.2880191,23.3417085],[113.2880952,23.3413584],[113.2881496,23.3411198],[113.288202,23.3409092],[113.2882609,23.3407166],[113.2883205,23.340558],[113.2883844,23.3404064],[113.288452,23.3402701],[113.2885253,23.3401382],[113.288619,23.33999],[113.288747,23.339816],[113.2888274,23.3397041],[113.2889885,23.3394901],[113.28916,23.3392761],[113.2893647,23.3390312],[113.2894389,23.3389442],[113.2895075,23.3388672],[113.2896055,23.3387614],[113.2897359,23.3386235],[113.2901823,23.3381506],[113.2906743,23.3376294],[113.2908448,23.3374477],[113.2909929,23.3372883],[113.2912941,23.3369584],[113.2913878,23.3368519],[113.2914975,23.3367276],[113.2916079,23.3365973],[113.2917436,23.3364342],[113.2922551,23.3357964],[113.2926376,23.335303],[113.2931845,23.3346092],[113.2938207,23.3337964],[113.2938971,23.3336988],[113.2941466,23.3333716],[113.2944489,23.3329561],[113.2945556,23.3328013],[113.2946211,23.3326986],[113.2946682,23.3326226],[113.2947181,23.3325369],[113.2947724,23.3324373],[113.2948563,23.332282],[113.2949867,23.3320428],[113.2951635,23.3317259],[113.2953293,23.3314316],[113.2955331,23.3310702],[113.2956465,23.3308427],[113.2957467,23.3306169],[113.2958498,23.3303684],[113.2959217,23.3301629],[113.2959713,23.3300041],[113.2960583,23.329691],[113.2961285,23.3294257],[113.2962067,23.3290904],[113.2963123,23.3286474],[113.2963836,23.3282768],[113.296446,23.3278376],[113.296494,23.3274387],[113.2965262,23.3270796],[113.2965485,23.326761],[113.296568,23.3264364],[113.2965771,23.326188],[113.2965777,23.3259563],[113.2965713,23.3257207],[113.2965557,23.3254637],[113.2965299,23.3251334],[113.2964497,23.324287],[113.2963913,23.3237881],[113.2963442,23.3234087],[113.296293,23.3229958],[113.2962573,23.3227531],[113.2962183,23.3224923],[113.2961435,23.3220199],[113.29611,23.3218305],[113.2960705,23.321621],[113.2960079,23.3213112],[113.2959612,23.3210777],[113.2959143,23.320874],[113.2958683,23.3206895],[113.2958034,23.320448],[113.2944544,23.3156206],[113.2943709,23.3153058],[113.2942889,23.3149783],[113.2942231,23.3146859],[113.294175,23.3144345],[113.2941357,23.3141838],[113.294109,23.3139589],[113.2940862,23.3137319],[113.2940691,23.3134608],[113.2940599,23.3131844],[113.2940561,23.3129061],[113.2940642,23.3126564],[113.2941071,23.3115285],[113.2941757,23.3101193],[113.2942053,23.3093953],[113.2942597,23.3082455],[113.294295,23.3074397],[113.2943218,23.3068367],[113.2943304,23.3066035],[113.2943394,23.3063466],[113.2943446,23.3062057],[113.2943438,23.305928],[113.2943412,23.305622],[113.2943301,23.3053309],[113.2943181,23.3051576],[113.2942876,23.3048583],[113.294267,23.3046747],[113.2942422,23.3045018],[113.2942098,23.3043059],[113.2941705,23.3040846],[113.2941266,23.3038546],[113.2937563,23.3018887],[113.2935034,23.3004867],[113.2934681,23.3002684],[113.2934329,23.3000416],[113.2933946,23.2997606],[113.2932606,23.2986271],[113.2932308,23.2983736],[113.2932141,23.2982116],[113.293172,23.2977703],[113.2931556,23.2975823],[113.2931407,23.2974035],[113.2931278,23.2971868],[113.29312,23.2970328],[113.2931186,23.2968892],[113.2931246,23.2967263],[113.2931344,23.296576],[113.293151,23.2963886],[113.2931772,23.2961413],[113.2932052,23.2958909],[113.2932376,23.2956685],[113.2932843,23.2953709],[113.2933206,23.2951604],[113.2933616,23.294954],[113.2933905,23.2948219],[113.2934188,23.2947059],[113.2934547,23.2945777],[113.2934905,23.2944551],[113.2935459,23.2942845],[113.2936019,23.2941301],[113.2936627,23.2939812],[113.2937422,23.2938085],[113.2938372,23.2936275],[113.2939433,23.2934417],[113.2940556,23.2932458],[113.2942327,23.2929528],[113.2944564,23.2925914],[113.2946928,23.2922128],[113.2950129,23.2916995],[113.2953696,23.2911275],[113.2964322,23.2894182],[113.29682,23.2887944],[113.2968933,23.2886764],[113.2970639,23.2884038],[113.2971013,23.2883399],[113.2973103,23.2880044],[113.2974797,23.2877341],[113.2976772,23.28743],[113.2980009,23.2869511],[113.2981872,23.2866655],[113.298305,23.2864818],[113.2983938,23.2863375],[113.2984856,23.2861819],[113.2986294,23.2859209],[113.2987141,23.2857648],[113.298797,23.2855996],[113.2988624,23.2854518],[113.2989143,23.2853158],[113.2989626,23.2851639],[113.2989929,23.2850449],[113.2990208,23.28491],[113.2990469,23.284761],[113.2990615,23.2846391],[113.2990725,23.2844969],[113.2990781,23.284336],[113.2990792,23.2841577],[113.2990756,23.2840043],[113.2990691,23.2838777],[113.2990567,23.283754],[113.2990346,23.2836055],[113.2990127,23.283482],[113.2989874,23.2833513],[113.2989531,23.2831884],[113.2989063,23.2829951],[113.2987483,23.2823546],[113.2984626,23.281235],[113.2983425,23.2807818],[113.2981486,23.2800031],[113.2980812,23.2797332],[113.2980243,23.2795065],[113.2978918,23.2789383],[113.2977617,23.2784186],[113.2977071,23.2782209],[113.297605,23.2778962],[113.2975213,23.2776387],[113.2974229,23.2773606],[113.29725,23.2769256],[113.2971093,23.276593],[113.2969265,23.2761865],[113.2967413,23.2757934],[113.2965861,23.2754893],[113.2964841,23.2753086],[113.2963437,23.2750678],[113.2962212,23.2748854],[113.2961088,23.2747327],[113.2960024,23.2746048],[113.2958827,23.2744681],[113.2957852,23.274363],[113.2956926,23.2742668],[113.2952869,23.2738692],[113.2949709,23.2735774],[113.2944894,23.2731256],[113.2941772,23.2728346],[113.2935852,23.2723054],[113.2932616,23.2720371],[113.2928904,23.2717309],[113.2924788,23.2713765],[113.2920156,23.270993],[113.2916602,23.2707073],[113.2912512,23.2703664],[113.2909712,23.2701151],[113.2907392,23.2698895],[113.2904835,23.269634],[113.2902505,23.269382],[113.2900302,23.2691073],[113.2898789,23.2689063],[113.2897036,23.2686448],[113.2895668,23.2684308],[113.2894204,23.268161],[113.2892622,23.2678541],[113.2889765,23.2672622],[113.2887942,23.2668697],[113.2886835,23.2666152],[113.2885737,23.2663573],[113.2884666,23.2660764],[113.2883614,23.2657831],[113.288169,23.2652368],[113.2878903,23.2644095],[113.2875786,23.2634367],[113.2873863,23.2628159],[113.2871748,23.2621219],[113.2870309,23.2616494],[113.2869177,23.2612841],[113.2868247,23.2609904],[113.2867215,23.2606928],[113.2866092,23.2603988],[113.2865597,23.2602791],[113.2864883,23.2601064],[113.286057,23.2591137],[113.284998,23.2566919],[113.2848016,23.2562511],[113.2840188,23.2544876],[113.2837151,23.2538105],[113.283557,23.2534446],[113.2834476,23.2531835],[113.2834055,23.2530762],[113.2833695,23.252984],[113.283326,23.2528619],[113.2832963,23.2527658],[113.2832705,23.2526794],[113.2832481,23.2525859],[113.2832334,23.2525155],[113.2832188,23.2524394],[113.2831999,23.2523305],[113.283176,23.2521643],[113.2831593,23.2520133],[113.2831394,23.2517777],[113.2831213,23.2515517],[113.2831059,23.2512955],[113.2831042,23.2510875],[113.2831007,23.2508256],[113.2830931,23.2504507],[113.2830886,23.2501631],[113.28308938806913,23.25]]},"properties":{"key":"way:532708190@detail:453_93","osmType":"way","osmId":532708190,"sourceRegion":"guangzhou","featureType":"infrastructure","railClass":"metro","mode":"subway","name":"广州地铁3号线北延段","nameEn":"Guangzhou Metro Line 3 North Extension","tunnel":"yes","status":"operational","color":"#52636f","sourceKey":"way:532708190"}},{"type":"Feature","geometry":{"type":"LineString","coordinates":[[113.2977655,23.3893025],[113.2977984,23.3895215],[113.2978325,23.3897489]]},"properties":{"key":"way:532708579@detail:453_93","osmType":"way","osmId":532708579,"sourceRegion":"guangzhou","featureType":"infrastructure","railClass":"metro","mode":"subway","name":"未命名","service":"crossover","tunnel":"yes","status":"operational","color":"#52636f","sourceKey":"way:532708579"}},{"type":"Feature","geometry":{"type":"LineString","coordinates":[[113.2978861,23.3897355],[113.2977984,23.3895215],[113.2977137,23.389315]]},"properties":{"key":"way:532708580@detail:453_93","osmType":"way","osmId":532708580,"sourceRegion":"guangzhou","featureType":"infrastructure","railClass":"metro","mode":"subway","name":"未命名","service":"crossover","tunnel":"yes","status":"operational","color":"#52636f","sourceKey":"way:532708580"}},{"type":"Feature","geometry":{"type":"LineString","coordinates":[[113.2918918,23.3639694],[113.2919073,23.3640818],[113.2923894,23.3680536],[113.2924154,23.3683043],[113.2924358,23.3685294],[113.2924989,23.3691576],[113.2925229,23.3693836],[113.292553,23.3696135],[113.292588,23.3698407],[113.2926313,23.370048],[113.2926825,23.3702673],[113.2927448,23.3705339],[113.2931206,23.3719365],[113.2955341,23.3808414],[113.2968073,23.3856686],[113.2969363,23.3861767],[113.2972165,23.3872597],[113.2974544,23.3881605],[113.2976026,23.3887009],[113.2977655,23.3893025],[113.2978861,23.3897355],[113.2980087,23.3901758],[113.2980683,23.3903967],[113.2981183,23.3905766],[113.2981577,23.3907096],[113.2981869,23.3908021],[113.2982166,23.3908899],[113.2982384,23.3909486],[113.2982687,23.3910264],[113.2983025,23.3911047],[113.2983472,23.3911962],[113.2983758,23.3912507],[113.2984044,23.3913034],[113.2984826,23.3914398],[113.2987097,23.391848],[113.2988074,23.392015],[113.298968,23.3922999],[113.2990824,23.3925242],[113.2991443,23.3926568],[113.2991743,23.3927272],[113.2992071,23.3928099],[113.2992399,23.3929056],[113.2992611,23.3929761],[113.2992782,23.3930448],[113.2993011,23.3931496],[113.2993231,23.3932916],[113.2993359,23.3934185],[113.2993435,23.3935425],[113.2993485,23.3938023],[113.2993467,23.3950801],[113.2993538,23.3959242],[113.299353,23.3960482],[113.2993539,23.3961796],[113.299358,23.3963639],[113.2993627,23.396513],[113.299365,23.3965739],[113.2993697,23.3966525],[113.2993762,23.3967333],[113.2993804,23.3967725],[113.2993866,23.3968208],[113.2993963,23.3968815],[113.299405,23.3969302],[113.299411,23.3969618],[113.2994177,23.3969932],[113.2994249,23.3970266],[113.2994283,23.3970401],[113.2994364,23.3970726],[113.2994837,23.3972625],[113.2996781,23.3979662]]},"properties":{"key":"way:532715540@detail:453_93","osmType":"way","osmId":532715540,"sourceRegion":"guangzhou","featureType":"infrastructure","railClass":"metro","mode":"subway","name":"广州地铁3号线","nameEn":"Guangzhou Metro Line 3","tunnel":"yes","status":"operational","color":"#52636f","sourceKey":"way:532715540"}},{"type":"Feature","geometry":{"type":"LineString","coordinates":[[113.2998573,23.3986152],[113.2998839,23.398789],[113.2999128,23.3989737]]},"properties":{"key":"way:532715543@detail:453_93","osmType":"way","osmId":532715543,"sourceRegion":"guangzhou","featureType":"infrastructure","railClass":"metro","mode":"subway","name":"未命名","service":"crossover","tunnel":"yes","status":"operational","color":"#52636f","sourceKey":"way:532715543"}},{"type":"Feature","geometry":{"type":"LineString","coordinates":[[113.2999549,23.3989643],[113.2998839,23.398789],[113.2998167,23.3986258]]},"properties":{"key":"way:532715544@detail:453_93","osmType":"way","osmId":532715544,"sourceRegion":"guangzhou","featureType":"infrastructure","railClass":"metro","mode":"subway","name":"未命名","service":"crossover","tunnel":"yes","status":"operational","color":"#52636f","sourceKey":"way:532715544"}},{"type":"Feature","geometry":{"type":"LineString","coordinates":[[113.2917459,23.3639843],[113.2917156,23.3637767],[113.2916892,23.3636073],[113.2916227,23.3632674],[113.2915656,23.3630209],[113.2914567,23.3625703],[113.2911644,23.3614954],[113.2905344,23.3591782],[113.2903349,23.3584448],[113.2901513,23.3577841],[113.2899653,23.3571156],[113.2898512,23.3566873],[113.2897936,23.3564623],[113.2897206,23.356177],[113.2893481,23.3547577],[113.2892643,23.3544239],[113.2891994,23.3541676],[113.289142,23.3539088],[113.2890841,23.3536359],[113.2890307,23.35338]]},"properties":{"key":"way:532721248@detail:453_93","osmType":"way","osmId":532721248,"sourceRegion":"guangzhou","featureType":"infrastructure","railClass":"metro","mode":"subway","name":"广州地铁3号线北延段","nameEn":"Guangzhou Metro Line 3 North Extension","tunnel":"yes","status":"operational","color":"#52636f","sourceKey":"way:532721248"}},{"type":"Feature","geometry":{"type":"LineString","coordinates":[[113.2996384,23.3979752],[113.299475,23.3973789],[113.2994682,23.3973537],[113.2994463,23.3972706],[113.2994264,23.3971965],[113.2994014,23.3971027],[113.2993864,23.3970409],[113.2993747,23.3969871],[113.2993608,23.3969115],[113.2993503,23.396854],[113.2993407,23.3967915],[113.2993335,23.3967347],[113.299328,23.3966805],[113.299321,23.3965811],[113.2993141,23.3964396],[113.2993045,23.3962006],[113.2992948,23.3957401],[113.2992847,23.3950681],[113.2992772,23.3943398],[113.2992681,23.3939946],[113.2992591,23.3935856],[113.2992562,23.3934993],[113.2992462,23.3933774],[113.2992346,23.3932731],[113.2992245,23.3931996],[113.2992098,23.3931142],[113.2991842,23.393005],[113.2991575,23.3929078],[113.2991175,23.3927934],[113.299041,23.3926089],[113.2989506,23.3924277],[113.2988472,23.3922168],[113.2987533,23.3920442],[113.298656,23.3918718],[113.2985216,23.391631],[113.2984319,23.3914724],[113.2983617,23.3913472],[113.298312,23.3912527],[113.2982686,23.3911647],[113.2982285,23.3910775],[113.2981874,23.390978],[113.2981466,23.3908653],[113.2981114,23.3907581],[113.2980616,23.3905873],[113.2980152,23.3904178],[113.2979533,23.3901885],[113.2978325,23.3897489],[113.2977502,23.3894496],[113.2977137,23.389315],[113.2975502,23.3887128],[113.2972477,23.3875983],[113.2968688,23.386182],[113.2967357,23.3856882],[113.2964794,23.3847352],[113.2954389,23.3808682],[113.2926297,23.3705995],[113.2925829,23.3704173],[113.2925299,23.370193],[113.2924825,23.3699884],[113.292451,23.3698198],[113.2924216,23.3696108],[113.2924001,23.3694394],[113.2923775,23.3692503],[113.2923587,23.3690588],[113.2923306,23.36879],[113.2922997,23.3684984],[113.2922529,23.3681134],[113.2922243,23.3678587],[113.2917459,23.3639843]]},"properties":{"key":"way:532741982@detail:453_93","osmType":"way","osmId":532741982,"sourceRegion":"guangzhou","featureType":"infrastructure","railClass":"metro","mode":"subway","name":"广州地铁3号线","nameEn":"Guangzhou Metro Line 3","tunnel":"yes","status":"operational","color":"#52636f","sourceKey":"way:532741982"}},{"type":"Feature","geometry":{"type":"LineString","coordinates":[[113.2999549,23.3989643],[113.3007293,23.4017054]]},"properties":{"key":"way:532741983@detail:453_93","osmType":"way","osmId":532741983,"sourceRegion":"guangzhou","featureType":"infrastructure","railClass":"metro","mode":"subway","name":"广州地铁3号线北延段","nameEn":"Canton Metro Line 3 North Extension","tunnel":"yes","status":"operational","color":"#52636f","sourceKey":"way:532741983"}},{"type":"Feature","geometry":{"type":"LineString","coordinates":[[113.2837947,23.3659462],[113.2801603,23.3667761],[113.2789862,23.3670405],[113.2701008,23.3690927],[113.2696378,23.3692135],[113.2691744,23.3693442],[113.2689963,23.369398],[113.2687795,23.3694629],[113.268557,23.369538],[113.268294,23.369635],[113.2680469,23.3697345],[113.2678274,23.3698286],[113.2675887,23.3699378],[113.2672466,23.3700993],[113.2667574,23.3703342],[113.26613,23.3706288],[113.2651157,23.3711128],[113.2641205,23.3716011],[113.2634887,23.3719136],[113.2632026,23.3720567],[113.2629233,23.3721993],[113.2627435,23.3722922],[113.2622847,23.3725307],[113.2589832,23.374245],[113.2587425,23.3743678],[113.258492,23.3744969],[113.2582446,23.3746218],[113.2575221,23.3749752],[113.2568465,23.3753056],[113.2565239,23.375465],[113.2561468,23.3756484],[113.254919,23.3762482],[113.2547336,23.3763388],[113.25,23.378651441265237]]},"properties":{"key":"way:542875872@detail:453_93","osmType":"way","osmId":542875872,"sourceRegion":"guangzhou","featureType":"infrastructure","railClass":"metro","mode":"subway","name":"广州地铁9号线","tunnel":"yes","status":"operational","color":"#52636f","sourceKey":"way:542875872"}},{"type":"Feature","geometry":{"type":"LineString","coordinates":[[113.2837679,23.3658311],[113.2865464,23.3651794],[113.2868798,23.3651017],[113.2871878,23.3650303],[113.2873833,23.3649834],[113.2875957,23.3649293],[113.2878354,23.3648618],[113.2880014,23.3648105],[113.2881818,23.3647529],[113.2883898,23.3646788],[113.2887183,23.3645505],[113.2889229,23.3644637],[113.2891216,23.3643678],[113.2893199,23.3642587],[113.289498,23.3641494],[113.2897086,23.3640012],[113.2899088,23.3638399],[113.290038,23.3637194],[113.2901309,23.3636292],[113.2902103,23.3635348],[113.2902873,23.3634191],[113.2903697,23.3632835],[113.2904376,23.3631467],[113.2904958,23.3630154],[113.290537,23.3628981],[113.290589,23.3627179],[113.2906388,23.362518],[113.2906566,23.362388],[113.2906683,23.3622523],[113.2906847,23.3620047],[113.2906902,23.3618059],[113.2906875,23.3615927],[113.2906813,23.361349],[113.2906742,23.3611399],[113.2906638,23.3609412],[113.2906462,23.3606765],[113.2906348,23.3605207],[113.2906239,23.3604152],[113.290611,23.3603151],[113.2905941,23.3601994],[113.290573,23.3600886],[113.2905417,23.3599482],[113.2905027,23.3598012],[113.2904184,23.3594996],[113.2901361,23.35849],[113.2899533,23.357832]]},"properties":{"key":"way:542875873@detail:453_93","osmType":"way","osmId":542875873,"sourceRegion":"guangzhou","featureType":"infrastructure","railClass":"metro","mode":"subway","name":"广州地铁9号线","tunnel":"yes","status":"operational","color":"#52636f","sourceKey":"way:542875873"}},{"type":"Feature","geometry":{"type":"LineString","coordinates":[[113.5,23.36861589676624],[113.4929856,23.3753066],[113.4928768,23.3754126],[113.4927723,23.3755181],[113.4927066,23.3755888],[113.4926495,23.3756539],[113.4925776,23.3757395],[113.4925073,23.3758272],[113.4924352,23.3759182],[113.4923077,23.3760829],[113.4921374,23.3763148],[113.4920021,23.3765071],[113.4918832,23.3766824],[113.4917518,23.3768879],[113.4915692,23.3771765],[113.491386,23.3774784],[113.4912039,23.3777784],[113.4910544,23.3780298],[113.4909127,23.378267],[113.49078,23.3784941],[113.4906432,23.3787346],[113.4905021,23.3789873],[113.490029,23.3798405],[113.4897105,23.3804151],[113.488953,23.3817814],[113.4888242,23.3820219],[113.4886592,23.3823409],[113.4885059,23.3826502],[113.4883405,23.3830037],[113.4881581,23.3834181],[113.4879785,23.3838537],[113.4878322,23.3842152],[113.4876919,23.3845714],[113.4875917,23.3848393],[113.4874781,23.3851579],[113.4873866,23.3854224],[113.4872628,23.385821],[113.4871505,23.3861949],[113.4870413,23.3865668],[113.4869184,23.3870074],[113.4868087,23.387398],[113.4867103,23.3877773],[113.4856276,23.3922225],[113.4854944,23.3927398],[113.4854094,23.3930513],[113.4853356,23.3933034],[113.4852729,23.3935147],[113.4852053,23.3937265],[113.4850981,23.3940375],[113.4849642,23.3944168],[113.484842,23.3947446],[113.4824794,23.4008886],[113.4821956,23.4016451],[113.4816265,23.4031622],[113.4814486,23.4036308],[113.4813032,23.4040136],[113.4811566,23.404415],[113.4810477,23.4047188],[113.4809301,23.4050653],[113.4808395,23.4053669],[113.4807242,23.4057563],[113.480574,23.4062753],[113.4803994,23.4068847],[113.4803199,23.4071691],[113.4802428,23.4074471],[113.4792667,23.4110872],[113.4791854,23.4113817],[113.4790934,23.4117112],[113.4790262,23.4119304],[113.4789652,23.4121272],[113.4788902,23.4123602],[113.4788065,23.4126129],[113.4787234,23.4128553],[113.4786293,23.4131244],[113.4785438,23.4133695],[113.4784678,23.4135769],[113.4783808,23.4138006],[113.4782826,23.4140434],[113.478163,23.4143288],[113.4780384,23.4146153],[113.4779343,23.4148495],[113.4778433,23.4150491],[113.4777681,23.4152045],[113.477693,23.4153556],[113.4776187,23.4155003],[113.4775435,23.4156423],[113.4774485,23.4158125],[113.4773874,23.4159199],[113.4773204,23.4160327],[113.477231,23.4161768],[113.4771063,23.4163736],[113.4769301,23.4166295],[113.4767449,23.4168692],[113.4765788,23.4170697],[113.4764114,23.4172576],[113.476216,23.4174538],[113.4760631,23.4175968],[113.4758595,23.4177702],[113.4756814,23.4179085],[113.4754801,23.4180512],[113.4752504,23.4182004],[113.4750522,23.4183244],[113.4747942,23.4184704],[113.4745046,23.4186237],[113.4741386,23.4188148],[113.4740093,23.4188819],[113.4738878,23.418941],[113.4737701,23.4189954],[113.4736735,23.4190378],[113.4735619,23.4190834],[113.4734066,23.4191424],[113.4732448,23.4192012],[113.4731405,23.4192356],[113.4730527,23.4192621],[113.4729703,23.4192844],[113.4728956,23.4193031],[113.4728008,23.4193246],[113.4726906,23.4193468],[113.4725923,23.4193648],[113.4725026,23.4193799],[113.4723864,23.4193957]]},"properties":{"key":"way:544565449@detail:453_93","osmType":"way","osmId":544565449,"sourceRegion":"guangzhou","featureType":"infrastructure","railClass":"metro","mode":"subway","name":"广州地铁14号线知识城支线","tunnel":"yes","status":"operational","color":"#52636f","sourceKey":"way:544565449"}},{"type":"Feature","geometry":{"type":"LineString","coordinates":[[113.4723864,23.4193957],[113.472207,23.4194158],[113.4720693,23.4194311],[113.4718931,23.419447],[113.4717273,23.4194584],[113.4715975,23.4194624],[113.4714146,23.4194608],[113.4712278,23.419457],[113.471063,23.4194521],[113.4708763,23.4194426],[113.4706829,23.4194306],[113.4704123,23.419412]]},"properties":{"key":"way:545248200@detail:453_93","osmType":"way","osmId":545248200,"sourceRegion":"guangzhou","featureType":"infrastructure","railClass":"metro","mode":"subway","name":"广州地铁14号线知识城支线","status":"operational","color":"#52636f","sourceKey":"way:545248200"}},{"type":"Feature","geometry":{"type":"LineString","coordinates":[[113.4704123,23.419412],[113.4697796,23.4193672],[113.4689746,23.4193154],[113.468477,23.4192826],[113.4678827,23.4192374],[113.4676558,23.4192182],[113.4675285,23.4192061],[113.4674065,23.4191924],[113.4672512,23.4191729],[113.4671304,23.4191568],[113.4670005,23.4191354],[113.4668694,23.4191101],[113.4667299,23.4190792],[113.4666096,23.4190492],[113.4664746,23.419012],[113.466327,23.418969],[113.4661515,23.4189157],[113.4659435,23.4188431],[113.4657841,23.4187822],[113.4656403,23.4187227],[113.4654778,23.4186524],[113.4653481,23.4185937],[113.465221,23.4185363],[113.4650399,23.4184514],[113.4649164,23.4183893],[113.4648362,23.4183472],[113.4647295,23.4182885],[113.4646325,23.4182293],[113.4645387,23.4181715],[113.4644504,23.418113],[113.4643079,23.4180118],[113.4641873,23.4179158],[113.4641009,23.4178472],[113.4640126,23.4177747],[113.4635435,23.4173789]]},"properties":{"key":"way:545267980@detail:453_93","osmType":"way","osmId":545267980,"sourceRegion":"guangzhou","featureType":"infrastructure","railClass":"metro","mode":"subway","name":"广州地铁14号线知识城支线","bridge":"yes","status":"operational","color":"#52636f","sourceKey":"way:545267980"}},{"type":"Feature","geometry":{"type":"LineString","coordinates":[[113.4587184,23.4133131],[113.4596485,23.4140857],[113.4604076,23.4147164],[113.4606943,23.4149551],[113.4610252,23.4152305]]},"properties":{"key":"way:545267984@detail:453_93","osmType":"way","osmId":545267984,"sourceRegion":"guangzhou","featureType":"infrastructure","railClass":"metro","mode":"subway","name":"广州地铁14号线支线","bridge":"yes","status":"operational","color":"#52636f","sourceKey":"way:545267984"}},{"type":"Feature","geometry":{"type":"LineString","coordinates":[[113.4635435,23.4173789],[113.4628539,23.4168051],[113.4624518,23.4164704],[113.4615816,23.4157463]]},"properties":{"key":"way:545267989@detail:453_93","osmType":"way","osmId":545267989,"sourceRegion":"guangzhou","featureType":"infrastructure","railClass":"metro","mode":"subway","name":"广州地铁14号线知识城支线","bridge":"yes","status":"operational","color":"#52636f","sourceKey":"way:545267989"}},{"type":"Feature","geometry":{"type":"LineString","coordinates":[[113.4624518,23.4164704],[113.4621859,23.4161963]]},"properties":{"key":"way:545267999@detail:453_93","osmType":"way","osmId":545267999,"sourceRegion":"guangzhou","featureType":"infrastructure","railClass":"metro","mode":"subway","name":"未命名","service":"crossover","bridge":"yes","status":"operational","color":"#52636f","sourceKey":"way:545267999"}},{"type":"Feature","geometry":{"type":"LineString","coordinates":[[113.4601715,23.4143505],[113.4610252,23.4152305]]},"properties":{"key":"way:545268000@detail:453_93","osmType":"way","osmId":545268000,"sourceRegion":"guangzhou","featureType":"infrastructure","railClass":"metro","mode":"subway","name":"未命名","service":"crossover","bridge":"yes","status":"operational","color":"#52636f","sourceKey":"way:545268000"}},{"type":"Feature","geometry":{"type":"LineString","coordinates":[[113.4609973,23.4152601],[113.459951,23.4145629]]},"properties":{"key":"way:545268002@detail:453_93","osmType":"way","osmId":545268002,"sourceRegion":"guangzhou","featureType":"infrastructure","railClass":"metro","mode":"subway","name":"未命名","service":"crossover","bridge":"yes","status":"operational","color":"#52636f","sourceKey":"way:545268002"}},{"type":"Feature","geometry":{"type":"LineString","coordinates":[[113.460664,23.4149828],[113.4605359,23.4148497],[113.4604076,23.4147164]]},"properties":{"key":"way:545268004@detail:453_93","osmType":"way","osmId":545268004,"sourceRegion":"guangzhou","featureType":"infrastructure","railClass":"metro","mode":"subway","name":"未命名","service":"crossover","bridge":"yes","status":"operational","color":"#52636f","sourceKey":"way:545268004"}},{"type":"Feature","geometry":{"type":"LineString","coordinates":[[113.4603775,23.4147442],[113.4605359,23.4148497],[113.4606943,23.4149551]]},"properties":{"key":"way:545268006@detail:453_93","osmType":"way","osmId":545268006,"sourceRegion":"guangzhou","featureType":"infrastructure","railClass":"metro","mode":"subway","name":"未命名","service":"crossover","bridge":"yes","status":"operational","color":"#52636f","sourceKey":"way:545268006"}},{"type":"Feature","geometry":{"type":"LineString","coordinates":[[113.4890237,23.3813703],[113.4897105,23.3804151]]},"properties":{"key":"way:549894960@detail:453_93","osmType":"way","osmId":549894960,"sourceRegion":"guangzhou","featureType":"infrastructure","railClass":"metro","mode":"subway","name":"未命名","service":"crossover","tunnel":"yes","status":"operational","color":"#52636f","sourceKey":"way:549894960"}},{"type":"Feature","geometry":{"type":"LineString","coordinates":[[113.2906277,23.3590221],[113.2908962,23.359698]]},"properties":{"key":"way:550861305@detail:453_93","osmType":"way","osmId":550861305,"sourceRegion":"guangzhou","featureType":"infrastructure","railClass":"construction","mode":"construction","name":"未命名","tunnel":"yes","status":"construction","color":"#52636f","sourceKey":"way:550861305"}},{"type":"Feature","geometry":{"type":"LineString","coordinates":[[113.2904582,23.3584081],[113.290498,23.3586688],[113.2905121,23.3587476],[113.2905291,23.3588296],[113.2905461,23.3589043],[113.2905642,23.3589779],[113.2905977,23.3591028],[113.2910545,23.3607696],[113.2911734,23.3612035]]},"properties":{"key":"way:550861306@detail:453_93","osmType":"way","osmId":550861306,"sourceRegion":"guangzhou","featureType":"infrastructure","railClass":"metro","mode":"subway","name":"未命名","service":"yard","tunnel":"yes","status":"operational","color":"#52636f","sourceKey":"way:550861306"}},{"type":"Feature","geometry":{"type":"LineString","coordinates":[[113.25,23.378511712829187],[113.2564111,23.3753701],[113.2574551,23.3748591],[113.2581736,23.3745075],[113.2583667,23.374413],[113.2585641,23.3743139],[113.2588931,23.3741463],[113.2626818,23.3721957],[113.2630374,23.372017],[113.2632644,23.3718994],[113.2635265,23.3717668],[113.263698,23.3716806],[113.2646402,23.371213],[113.2649451,23.3710662],[113.2651986,23.3709471],[113.2655097,23.3708],[113.2659248,23.3706052],[113.2663522,23.3704066],[113.2668372,23.3701767],[113.2672255,23.369992],[113.2675023,23.3698638],[113.2677709,23.3697428],[113.2680246,23.3696323],[113.2682346,23.3695464],[113.2684681,23.3694574],[113.2686774,23.369386],[113.2688961,23.3693142],[113.2691181,23.3692448],[113.2693093,23.3691875],[113.2695737,23.3691135],[113.2698982,23.3690266],[113.2701396,23.3689671],[113.2704362,23.368897],[113.2706751,23.3688389],[113.2727111,23.3683808],[113.2748416,23.3679015],[113.2755171,23.3677438],[113.2760627,23.3676186],[113.2766103,23.3674922],[113.2774021,23.3673125],[113.2781134,23.3671498],[113.2787686,23.3670011],[113.2795355,23.366824],[113.2801436,23.3666813],[113.2837679,23.3658311]]},"properties":{"key":"way:550864019@detail:453_93","osmType":"way","osmId":550864019,"sourceRegion":"guangzhou","featureType":"infrastructure","railClass":"metro","mode":"subway","name":"广州地铁9号线","tunnel":"yes","status":"operational","color":"#52636f","sourceKey":"way:550864019"}},{"type":"Feature","geometry":{"type":"LineString","coordinates":[[113.3558533,23.3301806],[113.3564831,23.3329299],[113.3565258,23.333119],[113.3565567,23.3332487],[113.3565874,23.3333764],[113.3566167,23.3334962],[113.3566446,23.3336079],[113.3566766,23.3337324],[113.3567358,23.3339402]]},"properties":{"key":"way:561816968@detail:453_93","osmType":"way","osmId":561816968,"sourceRegion":"guangzhou","featureType":"infrastructure","railClass":"metro","mode":"subway","name":"广州地铁14号线","nameEn":"Guangzhou Metro Line 14","status":"operational","color":"#52636f","sourceKey":"way:561816968"}},{"type":"Feature","geometry":{"type":"LineString","coordinates":[[113.3121305,23.2530462],[113.3118413,23.2526334]]},"properties":{"key":"way:590232333@detail:453_93","osmType":"way","osmId":590232333,"sourceRegion":"guangzhou","featureType":"infrastructure","railClass":"metro","mode":"subway","name":"未命名","service":"siding","tunnel":"yes","status":"operational","color":"#52636f","sourceKey":"way:590232333"}},{"type":"Feature","geometry":{"type":"LineString","coordinates":[[113.3120214,23.2525001],[113.3121651,23.2528117],[113.3122055,23.2528978],[113.3122323,23.252952],[113.312247,23.2529814],[113.3122589,23.253003],[113.3126871,23.2537525],[113.3130921,23.2544613],[113.3131257,23.2545201]]},"properties":{"key":"way:590232334@detail:453_93","osmType":"way","osmId":590232334,"sourceRegion":"guangzhou","featureType":"infrastructure","railClass":"metro","mode":"subway","name":"广州地铁14号线","service":"siding","tunnel":"yes","status":"operational","color":"#52636f","sourceKey":"way:590232334"}},{"type":"Feature","geometry":{"type":"LineString","coordinates":[[113.3132373,23.2550757],[113.3131475,23.2548766],[113.3131073,23.2547907],[113.3130607,23.2546954],[113.3130268,23.2546262],[113.3129929,23.2545597],[113.3129683,23.2545144],[113.3129413,23.2544655],[113.312567,23.253811],[113.3122031,23.2531748],[113.3121305,23.2530462]]},"properties":{"key":"way:590232335@detail:453_93","osmType":"way","osmId":590232335,"sourceRegion":"guangzhou","featureType":"infrastructure","railClass":"metro","mode":"subway","name":"广州地铁14号线","service":"siding","tunnel":"yes","status":"operational","color":"#52636f","sourceKey":"way:590232335"}},{"type":"Feature","geometry":{"type":"LineString","coordinates":[[113.3131257,23.2545201],[113.3134168,23.2549425]]},"properties":{"key":"way:590232336@detail:453_93","osmType":"way","osmId":590232336,"sourceRegion":"guangzhou","featureType":"infrastructure","railClass":"metro","mode":"subway","name":"未命名","service":"siding","tunnel":"yes","status":"operational","color":"#52636f","sourceKey":"way:590232336"}},{"type":"Feature","geometry":{"type":"LineString","coordinates":[[113.30036411886691,23.25],[113.2997834,23.2501125],[113.2995183,23.2501631],[113.2992617,23.2502124],[113.298995,23.2502628],[113.2985836,23.2503366],[113.2982553,23.2503921],[113.298064,23.2504226],[113.2978764,23.2504513],[113.2975415,23.2504952],[113.2972611,23.2505255],[113.2969784,23.2505517],[113.2967067,23.2505721],[113.2964782,23.2505855],[113.2962367,23.250595],[113.2960146,23.2506004],[113.295774,23.2506037],[113.2955207,23.2506062],[113.2952884,23.2506059],[113.2949942,23.2506038],[113.2947615,23.2505995],[113.2934076,23.2505738],[113.293197,23.2505689],[113.2929352,23.2505612],[113.2925552,23.2505465],[113.2921915,23.2505297],[113.2918335,23.2505086],[113.291317,23.2504775],[113.2907884,23.2504412],[113.290338,23.2504097],[113.2900658,23.2503911],[113.2897981,23.2503722],[113.2894992,23.2503475],[113.2892582,23.2503269],[113.28901,23.2503041],[113.2887378,23.2502769],[113.2884815,23.2502463],[113.2882387,23.2502146],[113.2879931,23.2501786],[113.2877004,23.2501351],[113.2874692,23.2500963],[113.2874464,23.2500919]]},"properties":{"key":"way:590333534@detail:453_93","osmType":"way","osmId":590333534,"sourceRegion":"guangzhou","featureType":"infrastructure","railClass":"metro","mode":"subway","name":"广州地铁14号线","nameEn":"Guangzhou Metro Line 14","tunnel":"yes","status":"operational","color":"#52636f","sourceKey":"way:590333534"}},{"type":"Feature","geometry":{"type":"LineString","coordinates":[[113.28752803629442,23.25],[113.2876794,23.2500269],[113.2879074,23.2500634],[113.2881915,23.2501063],[113.2884661,23.2501439],[113.2886979,23.2501713],[113.288983,23.250202],[113.2892995,23.2502312],[113.2896074,23.2502556],[113.289918,23.2502778],[113.2902124,23.2502983],[113.2906359,23.2503252],[113.2911712,23.2503569],[113.2916695,23.250388],[113.2919819,23.2504049],[113.2923235,23.2504228],[113.2926113,23.2504338],[113.2928979,23.250443],[113.2932108,23.2504525],[113.2947783,23.2504874],[113.2950807,23.2504922],[113.295378,23.2504947],[113.2956439,23.2504966],[113.2958859,23.2504964],[113.2960989,23.2504943],[113.2963506,23.2504864],[113.296625,23.250473],[113.2969192,23.2504533],[113.2972076,23.250427],[113.2974653,23.2503983],[113.2977163,23.2503677],[113.2979831,23.2503338],[113.298239,23.2502934],[113.2985523,23.2502403],[113.2988449,23.2501894],[113.2991376,23.2501359],[113.2994258,23.2500793],[113.2996967,23.2500267],[113.29983266667955,23.25]]},"properties":{"key":"way:590357763@detail:453_93","osmType":"way","osmId":590357763,"sourceRegion":"guangzhou","featureType":"infrastructure","railClass":"metro","mode":"subway","name":"广州地铁14号线","nameEn":"Guangzhou Metro Line 14","tunnel":"yes","status":"operational","color":"#52636f","sourceKey":"way:590357763"}},{"type":"Feature","geometry":{"type":"LineString","coordinates":[[113.3183219,23.2815289],[113.3181226,23.2808268]]},"properties":{"key":"way:590545118@detail:453_93","osmType":"way","osmId":590545118,"sourceRegion":"guangzhou","featureType":"infrastructure","railClass":"metro","mode":"subway","name":"未命名","service":"yard","tunnel":"yes","status":"operational","color":"#52636f","sourceKey":"way:590545118"}},{"type":"Feature","geometry":{"type":"LineString","coordinates":[[113.3400975,23.2999702],[113.3403766,23.3002181],[113.340449,23.3002852],[113.340527,23.3003587],[113.340597,23.3004253],[113.3406727,23.3005057],[113.3409343,23.3007925]]},"properties":{"key":"way:590815606@detail:453_93","osmType":"way","osmId":590815606,"sourceRegion":"guangzhou","featureType":"infrastructure","railClass":"metro","mode":"subway","name":"未命名","service":"yard","tunnel":"yes","status":"operational","color":"#52636f","sourceKey":"way:590815606"}},{"type":"Feature","geometry":{"type":"LineString","coordinates":[[113.3422773,23.3025341],[113.3419036,23.3020485]]},"properties":{"key":"way:590815607@detail:453_93","osmType":"way","osmId":590815607,"sourceRegion":"guangzhou","featureType":"infrastructure","railClass":"metro","mode":"subway","name":"未命名","service":"siding","tunnel":"yes","status":"operational","color":"#52636f","sourceKey":"way:590815607"}},{"type":"Feature","geometry":{"type":"LineString","coordinates":[[113.3405854,23.3003446],[113.3409343,23.3007925]]},"properties":{"key":"way:590815608@detail:453_93","osmType":"way","osmId":590815608,"sourceRegion":"guangzhou","featureType":"infrastructure","railClass":"metro","mode":"subway","name":"未命名","service":"siding","tunnel":"yes","status":"operational","color":"#52636f","sourceKey":"way:590815608"}},{"type":"Feature","geometry":{"type":"LineString","coordinates":[[113.3421393,23.3023058],[113.3419036,23.3020485]]},"properties":{"key":"way:590815609@detail:453_93","osmType":"way","osmId":590815609,"sourceRegion":"guangzhou","featureType":"infrastructure","railClass":"metro","mode":"subway","name":"广州地铁14号线（侧线）","service":"siding","tunnel":"yes","status":"operational","color":"#52636f","sourceKey":"way:590815609"}},{"type":"Feature","geometry":{"type":"LineString","coordinates":[[113.3408291,23.3008723],[113.3407496,23.300783],[113.3407061,23.3007319],[113.3406719,23.3006896],[113.3406264,23.3006302],[113.3405774,23.3005647],[113.3405125,23.3004759],[113.3403162,23.3002081]]},"properties":{"key":"way:590815610@detail:453_93","osmType":"way","osmId":590815610,"sourceRegion":"guangzhou","featureType":"infrastructure","railClass":"metro","mode":"subway","name":"未命名","service":"yard","tunnel":"yes","status":"operational","color":"#52636f","sourceKey":"way:590815610"}},{"type":"Feature","geometry":{"type":"LineString","coordinates":[[113.3409343,23.3007925],[113.3409757,23.300838],[113.3414725,23.3013824],[113.3419947,23.3019545],[113.3420105,23.3019718]]},"properties":{"key":"way:590815611@detail:453_93","osmType":"way","osmId":590815611,"sourceRegion":"guangzhou","featureType":"infrastructure","railClass":"metro","mode":"subway","name":"广州地铁14号线（侧线）","service":"siding","tunnel":"yes","status":"operational","color":"#52636f","sourceKey":"way:590815611"}},{"type":"Feature","geometry":{"type":"LineString","coordinates":[[113.3391561,23.2989259],[113.3393577,23.2991482],[113.3398076,23.299647],[113.339932,23.2997901],[113.3400975,23.2999702],[113.3403162,23.3002081],[113.3404216,23.3003232],[113.3405271,23.3004384]]},"properties":{"key":"way:590815612@detail:453_93","osmType":"way","osmId":590815612,"sourceRegion":"guangzhou","featureType":"infrastructure","railClass":"metro","mode":"subway","name":"未命名","service":"yard","tunnel":"yes","status":"operational","color":"#52636f","sourceKey":"way:590815612"}},{"type":"Feature","geometry":{"type":"LineString","coordinates":[[113.31003912179676,23.25],[113.3100723,23.250022],[113.3101933,23.2501062],[113.3103431,23.250221],[113.3104727,23.250327],[113.3105704,23.2504105],[113.3106942,23.2505283],[113.3108171,23.25065],[113.3109188,23.2507622],[113.3110157,23.2508813],[113.3111038,23.2509911],[113.311181,23.2510974],[113.3112704,23.2512334],[113.311364,23.251372],[113.3114575,23.2515252],[113.3115446,23.2516749],[113.3116533,23.2518613],[113.3117899,23.2520935],[113.3118954,23.2522797],[113.3120214,23.2525001]]},"properties":{"key":"way:590817395@detail:453_93","osmType":"way","osmId":590817395,"sourceRegion":"guangzhou","featureType":"infrastructure","railClass":"metro","mode":"subway","name":"广州地铁14号线","nameEn":"Guangzhou Metro Line 14","tunnel":"yes","status":"operational","color":"#52636f","sourceKey":"way:590817395"}},{"type":"Feature","geometry":{"type":"LineString","coordinates":[[113.3186897,23.2837452],[113.3187415,23.2839649],[113.3187991,23.2841553],[113.318883,23.2844016],[113.3189954,23.2846776],[113.3190904,23.2848913],[113.3191818,23.285097],[113.3192495,23.2852405],[113.3194574,23.2856704],[113.319678,23.2860896],[113.3198717,23.2864464],[113.3200117,23.2866937],[113.3201822,23.2869812],[113.32031,23.2871878],[113.3204792,23.2874545],[113.3206488,23.2876906],[113.3208557,23.2879403],[113.3210784,23.288179],[113.3212136,23.2883127],[113.3213325,23.2884233],[113.3214844,23.2885503],[113.3217012,23.2887087],[113.3218643,23.288835],[113.3220384,23.2889547],[113.3222826,23.289114],[113.3227043,23.289381],[113.3232241,23.2897111],[113.3239186,23.2901454],[113.3245716,23.2904418],[113.3252184,23.2906166],[113.3257209,23.290671],[113.3261833,23.2906944],[113.3265614,23.2906982],[113.3268686,23.2906624],[113.3273312,23.2905916],[113.3277198,23.2905094],[113.328289,23.2903142],[113.3288363,23.2901185],[113.3292455,23.2899514],[113.3295957,23.2897745],[113.3298707,23.2896724],[113.3301957,23.2894505],[113.3303781,23.2892803],[113.3304942,23.2891669],[113.3306278,23.2890187],[113.330807,23.2887414],[113.3309008,23.2885055],[113.3309365,23.2881877],[113.3309103,23.2878638],[113.3308756,23.287733],[113.3308316,23.2876022],[113.3307098,23.2874249],[113.3306188,23.2873131],[113.3305072,23.2871999],[113.3302878,23.2870151],[113.3300273,23.2867626],[113.3295973,23.2863765],[113.3288963,23.2857531],[113.3288278,23.2856921],[113.3285347,23.2854315],[113.3283844,23.2852978]]},"properties":{"key":"way:590922011@detail:453_93","osmType":"way","osmId":590922011,"sourceRegion":"guangzhou","featureType":"infrastructure","railClass":"metro","mode":"subway","name":"出入段线","service":"yard","tunnel":"yes","status":"operational","color":"#52636f","sourceKey":"way:590922011"}},{"type":"Feature","geometry":{"type":"LineString","coordinates":[[113.3932631,23.3763205],[113.3944027,23.3771606],[113.3944721,23.3772131],[113.3945398,23.3772643],[113.3946096,23.377317],[113.394681,23.3773726],[113.3947458,23.3774242],[113.3952047,23.3778185],[113.3956561,23.3782063],[113.3957074,23.3782519],[113.3957531,23.3782933],[113.3958185,23.378354],[113.3958747,23.3784078],[113.395935,23.3784673],[113.3959979,23.3785308],[113.3961299,23.3786676],[113.3969775,23.3795109]]},"properties":{"key":"way:591198228@detail:453_93","osmType":"way","osmId":591198228,"sourceRegion":"guangzhou","featureType":"infrastructure","railClass":"metro","mode":"subway","name":"广州地铁14号线（侧线）","nameEn":"Guangzhou Metro Line 14","service":"siding","bridge":"yes","status":"operational","color":"#52636f","sourceKey":"way:591198228"}},{"type":"Feature","geometry":{"type":"LineString","coordinates":[[113.3969375,23.3795384],[113.3959669,23.3788193],[113.3958628,23.3787437],[113.3957772,23.378682],[113.3957112,23.3786348],[113.3956557,23.3785947],[113.3956035,23.3785551],[113.3955558,23.3785175],[113.3955141,23.3784838],[113.3954779,23.378453],[113.3954405,23.3784212],[113.3949877,23.3780325],[113.3945226,23.3776332],[113.3944674,23.3775846],[113.3944088,23.377532],[113.3943517,23.3774764],[113.3942834,23.3774087],[113.3942182,23.3773428],[113.3932261,23.3763506]]},"properties":{"key":"way:591198229@detail:453_93","osmType":"way","osmId":591198229,"sourceRegion":"guangzhou","featureType":"infrastructure","railClass":"metro","mode":"subway","name":"广州地铁14号线（侧线）","nameEn":"Guangzhou Metro Line 14","service":"siding","bridge":"yes","status":"operational","color":"#52636f","sourceKey":"way:591198229"}},{"type":"Feature","geometry":{"type":"LineString","coordinates":[[113.3957005,23.378414],[113.3959625,23.378701]]},"properties":{"key":"way:591201724@detail:453_93","osmType":"way","osmId":591201724,"sourceRegion":"guangzhou","featureType":"infrastructure","railClass":"metro","mode":"subway","name":"未命名","service":"crossover","bridge":"yes","status":"operational","color":"#52636f","sourceKey":"way:591201724"}},{"type":"Feature","geometry":{"type":"LineString","coordinates":[[113.4454979,23.3973072],[113.4457248,23.3975939]]},"properties":{"key":"way:591361007@detail:453_93","osmType":"way","osmId":591361007,"sourceRegion":"guangzhou","featureType":"infrastructure","railClass":"metro","mode":"subway","name":"未命名","service":"crossover","bridge":"yes","status":"operational","color":"#52636f","sourceKey":"way:591361007"}},{"type":"Feature","geometry":{"type":"LineString","coordinates":[[113.44741,23.4002211],[113.4471936,23.3998785],[113.4471246,23.3997666],[113.4470459,23.399641],[113.4469845,23.3995427],[113.4469302,23.3994565],[113.4468606,23.3993456],[113.4467628,23.3991877],[113.4466584,23.3990192],[113.4461962,23.3982732],[113.4459553,23.3978813]]},"properties":{"key":"way:591361008@detail:453_93","osmType":"way","osmId":591361008,"sourceRegion":"guangzhou","featureType":"infrastructure","railClass":"metro","mode":"subway","name":"未命名","service":"yard","bridge":"yes","status":"operational","color":"#52636f","sourceKey":"way:591361008"}},{"type":"Feature","geometry":{"type":"LineString","coordinates":[[113.4461962,23.3982732],[113.4458504,23.3977988]]},"properties":{"key":"way:591361009@detail:453_93","osmType":"way","osmId":591361009,"sourceRegion":"guangzhou","featureType":"infrastructure","railClass":"metro","mode":"subway","name":"未命名","service":"yard","bridge":"yes","status":"operational","color":"#52636f","sourceKey":"way:591361009"}},{"type":"Feature","geometry":{"type":"LineString","coordinates":[[113.4471936,23.3998785],[113.4474557,23.4003858]]},"properties":{"key":"way:591361010@detail:453_93","osmType":"way","osmId":591361010,"sourceRegion":"guangzhou","featureType":"infrastructure","railClass":"metro","mode":"subway","name":"未命名","service":"yard","bridge":"yes","status":"operational","color":"#52636f","sourceKey":"way:591361010"}},{"type":"Feature","geometry":{"type":"LineString","coordinates":[[113.4867331,23.4552733],[113.4867678,23.4556462]]},"properties":{"key":"way:591493911@detail:453_93","osmType":"way","osmId":591493911,"sourceRegion":"guangzhou","featureType":"infrastructure","railClass":"metro","mode":"subway","name":"未命名","service":"crossover","bridge":"yes","status":"operational","color":"#52636f","sourceKey":"way:591493911"}},{"type":"Feature","geometry":{"type":"LineString","coordinates":[[113.3120214,23.2525001],[113.3122653,23.252927],[113.313212,23.254584],[113.3134168,23.2549425]]},"properties":{"key":"way:591971365@detail:453_93","osmType":"way","osmId":591971365,"sourceRegion":"guangzhou","featureType":"infrastructure","railClass":"metro","mode":"subway","name":"广州地铁14号线","nameEn":"Guangzhou Metro Line 14","tunnel":"yes","status":"operational","color":"#52636f","sourceKey":"way:591971365"}},{"type":"Feature","geometry":{"type":"LineString","coordinates":[[113.3134168,23.2549425],[113.3136352,23.2553246],[113.3137716,23.2555612],[113.3168225,23.2610016],[113.3169113,23.2611649],[113.3170033,23.2613373],[113.3171465,23.2616204],[113.3172695,23.2618768],[113.3174035,23.262172],[113.3175409,23.2624999],[113.3176568,23.2627968],[113.3177385,23.2630123],[113.3178186,23.263233],[113.3178798,23.2634121],[113.3179361,23.2635909],[113.3179928,23.263773],[113.3181118,23.2641784],[113.3182045,23.2645212],[113.3182936,23.2648641],[113.3184011,23.2653031],[113.3185016,23.2657184],[113.3185789,23.2660454],[113.3186506,23.2663527],[113.3188056,23.2670157],[113.3189091,23.2674642],[113.318966,23.2677003],[113.3190206,23.2679355],[113.3191634,23.2685737],[113.3192231,23.2688522],[113.3192552,23.2690158],[113.3192873,23.2691832],[113.319321,23.2693749],[113.3193449,23.2695337],[113.3193675,23.2696973],[113.3193881,23.2698796],[113.3194113,23.2700898],[113.3194217,23.2702772],[113.3194311,23.2704863],[113.3194329,23.2705989],[113.3194303,23.2707017],[113.3194224,23.2708144],[113.3194116,23.2709222],[113.3193905,23.2710731],[113.3193659,23.2712225],[113.3193293,23.2714044],[113.3192889,23.2716031],[113.3192667,23.2717122],[113.3192418,23.2718263],[113.319204,23.2719844],[113.319165,23.2721376],[113.3191169,23.2723111],[113.3190718,23.2724754],[113.3190126,23.2726907],[113.3189663,23.272854],[113.3189242,23.2730068],[113.3182753,23.275453],[113.3182061,23.2757322],[113.3181455,23.2759924],[113.3180859,23.2762588],[113.3180416,23.2764787],[113.3179934,23.2767367],[113.3179523,23.2770065],[113.3179288,23.277212],[113.3179156,23.2774152],[113.3179095,23.2775823],[113.3179089,23.277818],[113.3179121,23.2780498],[113.3179213,23.2782913],[113.317937,23.2785122],[113.3179518,23.2787057],[113.3179634,23.2788588],[113.3179751,23.2789893],[113.3179878,23.2791055],[113.3180027,23.2792171],[113.3180267,23.2793599],[113.3181407,23.280078],[113.3182567,23.2808081],[113.3185101,23.2823755],[113.3185682,23.2827314],[113.3186266,23.2830772],[113.3186675,23.2833213],[113.318709,23.2835568],[113.3187578,23.2838096],[113.3187848,23.2839516],[113.318819,23.2841001],[113.3188642,23.2842778],[113.3189136,23.2844531],[113.3189583,23.2846062],[113.3190412,23.2848636],[113.3191578,23.2851979],[113.3192968,23.2855721],[113.3194237,23.285901],[113.319539,23.2861761],[113.3196706,23.2864657],[113.3198201,23.2867656],[113.3199805,23.2870754],[113.3201505,23.2873754],[113.3202994,23.2876251],[113.3204327,23.2878294],[113.3205738,23.2880277],[113.3206744,23.2881573],[113.3207887,23.2882898],[113.3209304,23.2884326],[113.3210695,23.2885664],[113.3212588,23.2887386],[113.3214756,23.2889258],[113.32171,23.2891203],[113.3220497,23.2893827],[113.3223603,23.2895944],[113.3226458,23.2897747],[113.3230188,23.2899906],[113.3232932,23.2901332],[113.3235526,23.2902583],[113.3238526,23.2903942],[113.3241643,23.2905247],[113.3245367,23.2906694],[113.3248518,23.2907874],[113.3252188,23.2909215],[113.3255361,23.2910381],[113.3259664,23.2911903],[113.3263645,23.2913354],[113.3267899,23.2914874],[113.3281818,23.2919834],[113.3286383,23.2921497],[113.3293401,23.2924001],[113.3300011,23.2926547],[113.330532,23.2928613],[113.3309991,23.2930564],[113.3314288,23.2932372],[113.3318383,23.2934099],[113.332241,23.2935826],[113.3325794,23.2937387],[113.3329981,23.293934],[113.3333913,23.294119],[113.3337323,23.2942863],[113.3340476,23.2944517],[113.3343625,23.2946237],[113.3347295,23.2948395],[113.3350534,23.2950426],[113.3353482,23.2952467],[113.3356736,23.295489],[113.3361059,23.2958297],[113.3364025,23.2960816],[113.3367822,23.2964264],[113.3372271,23.2968325],[113.3375385,23.2971239],[113.3378538,23.2974154],[113.3381636,23.2977143],[113.3384126,23.2979791],[113.3386516,23.2982471],[113.3389177,23.298533],[113.3391686,23.2988048],[113.3394877,23.2991377],[113.3399905,23.2996926],[113.3405854,23.3003446]]},"properties":{"key":"way:591971366@detail:453_93","osmType":"way","osmId":591971366,"sourceRegion":"guangzhou","featureType":"infrastructure","railClass":"metro","mode":"subway","name":"广州地铁14号线","nameEn":"Guangzhou Metro Line 14","tunnel":"yes","status":"operational","color":"#52636f","sourceKey":"way:591971366"}},{"type":"Feature","geometry":{"type":"LineString","coordinates":[[113.3131257,23.2545201],[113.3133492,23.2549097]]},"properties":{"key":"way:591971367@detail:453_93","osmType":"way","osmId":591971367,"sourceRegion":"guangzhou","featureType":"infrastructure","railClass":"metro","mode":"subway","name":"广州地铁14号线（侧线）","service":"siding","tunnel":"yes","status":"operational","color":"#52636f","sourceKey":"way:591971367"}},{"type":"Feature","geometry":{"type":"LineString","coordinates":[[113.3121305,23.2530462],[113.3119804,23.2527806]]},"properties":{"key":"way:591971368@detail:453_93","osmType":"way","osmId":591971368,"sourceRegion":"guangzhou","featureType":"infrastructure","railClass":"metro","mode":"subway","name":"广州地铁14号线（侧线）","service":"siding","tunnel":"yes","status":"operational","color":"#52636f","sourceKey":"way:591971368"}},{"type":"Feature","geometry":{"type":"LineString","coordinates":[[113.3132373,23.2550757],[113.3118413,23.2526334]]},"properties":{"key":"way:591971369@detail:453_93","osmType":"way","osmId":591971369,"sourceRegion":"guangzhou","featureType":"infrastructure","railClass":"metro","mode":"subway","name":"广州地铁14号线","nameEn":"Guangzhou Metro Line 14","tunnel":"yes","status":"operational","color":"#52636f","sourceKey":"way:591971369"}},{"type":"Feature","geometry":{"type":"LineString","coordinates":[[113.3405854,23.3003446],[113.342458,23.3023921]]},"properties":{"key":"way:591971370@detail:453_93","osmType":"way","osmId":591971370,"sourceRegion":"guangzhou","featureType":"infrastructure","railClass":"metro","mode":"subway","name":"广州地铁14号线","tunnel":"yes","status":"operational","color":"#52636f","sourceKey":"way:591971370"}},{"type":"Feature","geometry":{"type":"LineString","coordinates":[[113.3422773,23.3025341],[113.3403976,23.3004772]]},"properties":{"key":"way:591971372@detail:453_93","osmType":"way","osmId":591971372,"sourceRegion":"guangzhou","featureType":"infrastructure","railClass":"metro","mode":"subway","name":"广州地铁14号线","tunnel":"yes","status":"operational","color":"#52636f","sourceKey":"way:591971372"}},{"type":"Feature","geometry":{"type":"LineString","coordinates":[[113.3403976,23.3004772],[113.3397869,23.2998089],[113.3387851,23.2987283],[113.3385786,23.2985151],[113.3382483,23.29818],[113.3379063,23.2978308],[113.3376153,23.2975356],[113.3373104,23.2972343],[113.3370103,23.296946],[113.3365966,23.2965649],[113.3363223,23.2963222],[113.3360499,23.2960839],[113.3356653,23.2957525],[113.3354535,23.2955831],[113.3352358,23.2954207],[113.3350322,23.2952805],[113.3348267,23.2951418],[113.3346188,23.2950134],[113.3343683,23.2948632],[113.3341171,23.2947177],[113.3338253,23.2945609],[113.3335325,23.2944104],[113.3331683,23.2942261],[113.3323111,23.2938057],[113.3320096,23.2936649],[113.3317002,23.2935271],[113.3313665,23.2933791],[113.3309688,23.2932072],[113.3306626,23.2930747],[113.3303379,23.2929418],[113.3299961,23.2928046],[113.3296674,23.2926748],[113.3294182,23.2925806],[113.329156,23.2924809],[113.3288702,23.2923764],[113.3285518,23.2922614],[113.3281432,23.2921156],[113.3266299,23.2915803],[113.3262929,23.2914619],[113.3258543,23.2913123],[113.3255023,23.291191],[113.3251008,23.2910507],[113.3247633,23.2909257],[113.3243882,23.2907882],[113.3240685,23.2906683],[113.3237933,23.2905553],[113.3235352,23.2904463],[113.3232552,23.2903121],[113.3230011,23.2901813],[113.3227656,23.2900529],[113.3224827,23.2898864],[113.3221969,23.2897054],[113.3219575,23.2895386],[113.3217013,23.2893482],[113.3214282,23.2891319],[113.3211889,23.2889293],[113.3209957,23.2887513],[113.3208181,23.2885692],[113.3206811,23.2884196],[113.3205519,23.2882751],[113.3204062,23.2880867],[113.3202776,23.2879002],[113.3201348,23.2876695],[113.3200057,23.2874434],[113.3198969,23.2872483],[113.319775,23.2870026],[113.3196377,23.2867155],[113.3195015,23.2864361],[113.3194011,23.2862129],[113.3193078,23.2859943],[113.3191839,23.2856911],[113.3190721,23.2854084],[113.3189676,23.2851183],[113.3188842,23.2848784],[113.3188238,23.2846849],[113.3187474,23.2844186],[113.3187105,23.2842781],[113.3186706,23.2841128],[113.3186145,23.2838429],[113.3185709,23.2836207],[113.3185311,23.283389],[113.3184844,23.2831033],[113.3184413,23.2828161],[113.318383,23.2824482],[113.3181226,23.2808268],[113.3180063,23.2800965],[113.317893,23.2793855],[113.3178699,23.2792145],[113.3178528,23.2790611],[113.317832,23.2788728],[113.3178126,23.2786857],[113.317797,23.2784913],[113.31778,23.2782664],[113.3177716,23.2780953],[113.3177619,23.2778663],[113.3177617,23.2776644],[113.3177671,23.2774838],[113.3177782,23.2772938],[113.3177892,23.2771544],[113.3178032,23.2770217],[113.3178254,23.2768599],[113.3178588,23.2766568],[113.3178916,23.2764762],[113.3179265,23.2762979],[113.3179566,23.2761561],[113.3179904,23.2760053],[113.3180277,23.2758454],[113.3180623,23.2756972],[113.3181092,23.2755111],[113.3181309,23.2754292],[113.318656,23.273446],[113.3187682,23.2730221],[113.3189178,23.272455],[113.3189933,23.2721765],[113.3190484,23.2719659],[113.3190852,23.2718094],[113.3191192,23.271656],[113.3191475,23.2715307],[113.3191816,23.2713577],[113.3192124,23.2712095],[113.319238,23.2710462],[113.3192641,23.2708571],[113.3192856,23.2706801],[113.3192935,23.2705298],[113.3192954,23.2703931],[113.3192952,23.2702707],[113.3192892,23.2701317],[113.3192796,23.2700123],[113.319263,23.2698671],[113.3192452,23.2697335],[113.319228,23.2696071],[113.3192006,23.2694373],[113.3191814,23.2693165],[113.3191621,23.2692145],[113.3191395,23.2690948],[113.3191118,23.268966],[113.3190785,23.2688175],[113.3190368,23.2686367],[113.318885,23.2679974],[113.3187744,23.2675471],[113.3186165,23.2668867],[113.3184184,23.2660607],[113.3183465,23.2657425],[113.3182461,23.2653319],[113.3181349,23.2648843],[113.3180496,23.2645591],[113.3179549,23.2642019],[113.3178396,23.2638142],[113.3177799,23.26363],[113.3177201,23.2634592],[113.3176556,23.2632784],[113.3175731,23.2630563],[113.3174912,23.2628415],[113.3173671,23.2625507],[113.3172217,23.2622255],[113.3170897,23.26195],[113.3169596,23.2617004],[113.3168108,23.2614288],[113.3167143,23.2612564],[113.3134575,23.2554609],[113.3132373,23.2550757]]},"properties":{"key":"way:591971373@detail:453_93","osmType":"way","osmId":591971373,"sourceRegion":"guangzhou","featureType":"infrastructure","railClass":"metro","mode":"subway","name":"广州地铁14号线","nameEn":"Guangzhou Metro Line 14","tunnel":"yes","status":"operational","color":"#52636f","sourceKey":"way:591971373"}},{"type":"Feature","geometry":{"type":"LineString","coordinates":[[113.3420105,23.3019718],[113.3422404,23.3022239]]},"properties":{"key":"way:591971374@detail:453_93","osmType":"way","osmId":591971374,"sourceRegion":"guangzhou","featureType":"infrastructure","railClass":"metro","mode":"subway","name":"广州地铁14号线（侧线）","service":"siding","tunnel":"yes","status":"operational","color":"#52636f","sourceKey":"way:591971374"}},{"type":"Feature","geometry":{"type":"LineString","coordinates":[[113.3419036,23.3020485],[113.3418859,23.3020292],[113.3413687,23.3014629],[113.3408659,23.3009126],[113.3408291,23.3008723]]},"properties":{"key":"way:591971375@detail:453_93","osmType":"way","osmId":591971375,"sourceRegion":"guangzhou","featureType":"infrastructure","railClass":"metro","mode":"subway","name":"广州地铁14号线（侧线）","service":"siding","tunnel":"yes","status":"operational","color":"#52636f","sourceKey":"way:591971375"}},{"type":"Feature","geometry":{"type":"LineString","coordinates":[[113.4870428,23.4568523],[113.4866924,23.4557457],[113.4866564,23.4556326],[113.4866264,23.4555383],[113.4866019,23.4554628],[113.4865823,23.4553985],[113.486563,23.4553355],[113.4865486,23.4552823],[113.4865359,23.4552331],[113.486525,23.4551883],[113.4865143,23.4551425],[113.4863874,23.4545857],[113.486257,23.454014],[113.4862424,23.4539451],[113.4862273,23.4538712],[113.4862155,23.4537955],[113.486202,23.4537042],[113.48619,23.4536159],[113.4860001,23.4522845]]},"properties":{"key":"way:596118747@detail:453_93","osmType":"way","osmId":596118747,"sourceRegion":"guangzhou","featureType":"infrastructure","railClass":"metro","mode":"subway","name":"广州地铁14号线（侧线）","service":"siding","bridge":"yes","status":"operational","color":"#52636f","sourceKey":"way:596118747"}},{"type":"Feature","geometry":{"type":"LineString","coordinates":[[113.486048,23.452276],[113.4864402,23.4534965],[113.4864614,23.4535659],[113.4864851,23.4536455],[113.4865083,23.4537231],[113.4865322,23.4538031],[113.4865556,23.4538862],[113.4865725,23.4539637],[113.4867004,23.454525],[113.4868277,23.4550834],[113.4868418,23.4551472],[113.4868531,23.4552051],[113.4868685,23.4552893],[113.4868805,23.455363],[113.4868924,23.4554435],[113.486904,23.4555286],[113.4869272,23.4557107],[113.4870914,23.456845]]},"properties":{"key":"way:596118748@detail:453_93","osmType":"way","osmId":596118748,"sourceRegion":"guangzhou","featureType":"infrastructure","railClass":"metro","mode":"subway","name":"广州地铁14号线（侧线）","service":"siding","bridge":"yes","status":"operational","color":"#52636f","sourceKey":"way:596118748"}},{"type":"Feature","geometry":{"type":"LineString","coordinates":[[113.3118413,23.2526334],[113.3117184,23.2524184],[113.3115854,23.2521952],[113.311451,23.2519705],[113.311341,23.2517848],[113.3112445,23.2516303],[113.3111044,23.2514099],[113.3109458,23.2511724],[113.3108052,23.2509817],[113.3106801,23.2508281],[113.3105534,23.2506764],[113.31044,23.2505589],[113.3103185,23.2504501],[113.3102085,23.2503601],[113.3100712,23.2502527],[113.3099282,23.2501473],[113.3097759,23.2500461],[113.30969458047394,23.25]]},"properties":{"key":"way:598082986@detail:453_93","osmType":"way","osmId":598082986,"sourceRegion":"guangzhou","featureType":"infrastructure","railClass":"metro","mode":"subway","name":"广州地铁14号线","nameEn":"Guangzhou Metro Line 14","tunnel":"yes","status":"operational","color":"#52636f","sourceKey":"way:598082986"}},{"type":"Feature","geometry":{"type":"LineString","coordinates":[[113.3567358,23.3339402],[113.3568037,23.3341606],[113.3568685,23.3343622],[113.3569364,23.3345582],[113.3570195,23.3348058],[113.3571135,23.3350703],[113.3571828,23.3352556],[113.3572962,23.3355534],[113.3574236,23.3358621],[113.3576682,23.3364039],[113.3578135,23.3367196],[113.3579885,23.3371007],[113.3582896,23.3377309],[113.3585686,23.3383302],[113.3588096,23.338859],[113.3589075,23.3390746],[113.3589828,23.3392452],[113.3591359,23.3396096],[113.3592436,23.3398775],[113.3593975,23.3402714],[113.3595046,23.3405535],[113.3596054,23.3408232],[113.3597428,23.3412143],[113.3598428,23.3415276],[113.3599285,23.3417919],[113.3601104,23.342383],[113.3602434,23.3428246],[113.3604102,23.3433984],[113.3605148,23.343755],[113.3606489,23.3442028],[113.3608034,23.3447125],[113.360951,23.345219],[113.3611391,23.3458532],[113.3612218,23.3461326],[113.3613172,23.3464704],[113.3615031,23.3471662],[113.3616505,23.3477342],[113.3617892,23.3482834],[113.3618729,23.3486008],[113.3619197,23.3487693],[113.3619793,23.3489665],[113.3620346,23.3491389],[113.3620917,23.3492953],[113.3621508,23.3494512],[113.3621885,23.3495455],[113.3622664,23.3497238],[113.3623285,23.3498642],[113.3624227,23.3500728],[113.3625031,23.3502455],[113.3625779,23.3503963],[113.3626527,23.3505514],[113.3627125,23.350677],[113.3629745,23.3512188],[113.3632724,23.351835],[113.3634108,23.3521155],[113.3635614,23.3524255],[113.3638283,23.3529703],[113.3640024,23.3533326],[113.36417,23.3536801],[113.3643212,23.3539931],[113.364481,23.3543297],[113.3647245,23.3548479],[113.3648725,23.3551676],[113.3650102,23.3554637],[113.3651043,23.3556625],[113.3652057,23.355878],[113.3653335,23.356145],[113.3654034,23.356296],[113.3654781,23.3564528],[113.3655507,23.356601],[113.3656205,23.3567444],[113.3656988,23.3568992],[113.3657837,23.3570616],[113.3658615,23.3572108],[113.3659132,23.3573066],[113.3659683,23.3574011],[113.3660754,23.3575745],[113.3661607,23.3577045],[113.3662586,23.3578472],[113.36636,23.3579871],[113.366441,23.3580943],[113.3665264,23.3581949],[113.3666819,23.3583714],[113.366854,23.358554],[113.3670516,23.3587551],[113.3672817,23.35898],[113.3676775,23.3593499],[113.3683989,23.3600302],[113.3687562,23.3603646],[113.3689806,23.3605734],[113.3691501,23.3607291],[113.3693519,23.360914],[113.3696434,23.3611679],[113.3698262,23.3613174],[113.3699785,23.3614395],[113.3701831,23.3615968],[113.3703965,23.361753],[113.370647,23.3619303],[113.3708681,23.3620872],[113.3710551,23.3622148],[113.371334,23.3624031],[113.3719488,23.3628053],[113.3723049,23.3630338],[113.3730144,23.3634892],[113.3732458,23.3636333],[113.3734323,23.3637469],[113.3736939,23.3639018],[113.37421,23.3641969],[113.3743739,23.3642892],[113.3745079,23.3643615],[113.3746604,23.3644418],[113.3748339,23.3645311],[113.3749922,23.3646123],[113.3751827,23.3647077],[113.3753644,23.3647991],[113.3761199,23.3651684],[113.3766589,23.3654354],[113.3775159,23.3658509],[113.3796942,23.3669108],[113.3802876,23.3672067],[113.3809044,23.3675139],[113.3815586,23.3678352],[113.3817526,23.3679329],[113.3824962,23.3683049],[113.3833009,23.3687027],[113.3839049,23.3689987],[113.3842274,23.3691583],[113.3843827,23.3692364],[113.38459,23.3693447],[113.3847787,23.3694446],[113.3849206,23.3695214],[113.3850908,23.3696159],[113.385283,23.3697261],[113.3854731,23.3698418],[113.3856803,23.3699708],[113.3858572,23.3700857],[113.3859624,23.370156],[113.3860697,23.3702315],[113.3861901,23.3703212],[113.3863035,23.3704064],[113.3864886,23.370556],[113.3867027,23.3707341],[113.3869584,23.3709533],[113.3874754,23.3713986],[113.3877399,23.3716149],[113.3895546,23.3731495],[113.3902132,23.3737135],[113.3907236,23.3741539],[113.3909218,23.3743243],[113.3911886,23.3745524],[113.3920167,23.3752524],[113.3922389,23.3754418],[113.3924365,23.3756111],[113.3925826,23.3757359],[113.3931462,23.37622],[113.3932631,23.3763205]]},"properties":{"key":"way:598082987@detail:453_93","osmType":"way","osmId":598082987,"sourceRegion":"guangzhou","featureType":"infrastructure","railClass":"metro","mode":"subway","name":"广州地铁14号线","nameEn":"Guangzhou Metro Line 14","bridge":"yes","status":"operational","color":"#52636f","sourceKey":"way:598082987"}},{"type":"Feature","geometry":{"type":"LineString","coordinates":[[113.356688,23.3339473],[113.3566566,23.3338339],[113.356625,23.3337298],[113.3565886,23.3335997],[113.3565549,23.3334698],[113.3565151,23.3333099],[113.3564651,23.3331007],[113.3564286,23.3329478],[113.35639,23.3327752],[113.3559709,23.3309198],[113.3559313,23.3307436],[113.3558959,23.3305841],[113.3558071,23.3301878]]},"properties":{"key":"way:598082988@detail:453_93","osmType":"way","osmId":598082988,"sourceRegion":"guangzhou","featureType":"infrastructure","railClass":"metro","mode":"subway","name":"广州地铁14号线","nameEn":"Guangzhou Metro Line 14","status":"operational","color":"#52636f","sourceKey":"way:598082988"}},{"type":"Feature","geometry":{"type":"LineString","coordinates":[[113.2528945,23.3198955],[113.2531053,23.3197827],[113.2543968,23.3190197],[113.2547114,23.3188221],[113.2551144,23.3185626],[113.2554434,23.3183245],[113.2559055,23.3179502],[113.256334,23.3175536],[113.2566447,23.3172028],[113.2567638,23.3170634],[113.2570615,23.3166952],[113.2575058,23.3160502],[113.2589878,23.3135287],[113.2593541,23.3129005],[113.2596856,23.3123536],[113.2599507,23.3119563],[113.2602848,23.3114966],[113.260599,23.3111049],[113.2608865,23.3107898],[113.261246,23.3104261],[113.2615759,23.3101092],[113.2619843,23.3097587],[113.2623578,23.30946],[113.2627816,23.3091644],[113.2631593,23.3089101],[113.2634777,23.3087121],[113.2638041,23.308524],[113.2644387,23.3082003],[113.2662005,23.3074352],[113.2669522,23.3071215],[113.2681025,23.3066442],[113.269222,23.3062432],[113.2697839,23.3060732],[113.270341,23.3059326],[113.271181,23.3057491],[113.2718896,23.305626],[113.2722529,23.3055796],[113.2728556,23.3055128],[113.2740952,23.3054325],[113.2805363,23.3050387],[113.2815386,23.3049884],[113.2826151,23.3049373],[113.2833611,23.3049145],[113.2848719,23.3048666],[113.2907252,23.3046843],[113.291801,23.3046546],[113.2922476,23.3046411],[113.2926575,23.304611],[113.2929842,23.3045833],[113.2933314,23.3045438],[113.2936891,23.3044827],[113.2940187,23.3044226],[113.294404,23.3043369],[113.2946477,23.3042736],[113.2949076,23.304197],[113.2952462,23.3040919],[113.2955922,23.3039649],[113.2960563,23.3037649],[113.296542,23.3035469],[113.2969628,23.3033483],[113.3029908,23.3003042],[113.3047013,23.2994411]]},"properties":{"key":"way:663524159@detail:453_93","osmType":"way","osmId":663524159,"sourceRegion":"guangzhou","featureType":"infrastructure","railClass":"national","mode":"rail","name":"广石铁路","usage":"main","bridge":"yes","status":"operational","color":"#E54848","sourceKey":"way:663524159"}},{"type":"Feature","geometry":{"type":"LineString","coordinates":[[113.4230444,23.3527915],[113.4217839,23.3512021],[113.4210739,23.3504305],[113.4202218,23.3495789],[113.4193653,23.3488248],[113.4183582,23.3480058],[113.4169576,23.3471343],[113.4154623,23.3462759],[113.4139554,23.3454473],[113.412595,23.3447677],[113.4111672,23.3441326],[113.409399,23.3433775],[113.4085685,23.3430202]]},"properties":{"key":"way:663540086@detail:453_93","osmType":"way","osmId":663540086,"sourceRegion":"guangzhou","featureType":"infrastructure","railClass":"construction","mode":"construction","name":"穗深城际线","nameEn":"Guangzhou-Shenzhen Intercity Railway","ref":"0702","usage":"main","tunnel":"yes","status":"construction","color":"#7456A6","sourceKey":"way:663540086"}},{"type":"Feature","geometry":{"type":"LineString","coordinates":[[113.3271557,23.2954221],[113.3275456,23.2954149],[113.3281132,23.2953846],[113.3285845,23.2953274],[113.3290169,23.2952584],[113.3293916,23.2951853],[113.3298423,23.2950709],[113.3303444,23.2949269],[113.3308374,23.2947651],[113.3321607,23.2942643],[113.3329148,23.2940027],[113.3335021,23.2938086],[113.3338344,23.2937124],[113.334336,23.293604],[113.3349095,23.2935074],[113.3353557,23.2934551],[113.3360059,23.293396],[113.3372672,23.2933296],[113.337863,23.2932819],[113.3398005,23.2931678]]},"properties":{"key":"way:667941307@detail:453_93","osmType":"way","osmId":667941307,"sourceRegion":"guangzhou","featureType":"infrastructure","railClass":"national","mode":"rail","name":"广石铁路","usage":"main","bridge":"yes","status":"operational","color":"#E54848","sourceKey":"way:667941307"}},{"type":"Feature","geometry":{"type":"LineString","coordinates":[[113.3932631,23.3763205],[113.3946485,23.3775105],[113.3951124,23.3779089],[113.3957005,23.378414],[113.3960359,23.3787021],[113.3969775,23.3795109]]},"properties":{"key":"way:671766038@detail:453_93","osmType":"way","osmId":671766038,"sourceRegion":"guangzhou","featureType":"infrastructure","railClass":"metro","mode":"subway","name":"广州地铁14号线","nameEn":"Guangzhou Metro Line 14","bridge":"yes","status":"operational","color":"#52636f","sourceKey":"way:671766038"}},{"type":"Feature","geometry":{"type":"LineString","coordinates":[[113.3969375,23.3795384],[113.3959625,23.378701],[113.3950792,23.3779423],[113.3932261,23.3763506]]},"properties":{"key":"way:671766041@detail:453_93","osmType":"way","osmId":671766041,"sourceRegion":"guangzhou","featureType":"infrastructure","railClass":"metro","mode":"subway","name":"广州地铁14号线","nameEn":"Guangzhou Metro Line 14","bridge":"yes","status":"operational","color":"#52636f","sourceKey":"way:671766041"}},{"type":"Feature","geometry":{"type":"LineString","coordinates":[[113.4616106,23.4157176],[113.4621859,23.4161963],[113.463569,23.4173472]]},"properties":{"key":"way:671768552@detail:453_93","osmType":"way","osmId":671768552,"sourceRegion":"guangzhou","featureType":"infrastructure","railClass":"metro","mode":"subway","name":"广州地铁14号线知识城支线","bridge":"yes","status":"operational","color":"#52636f","sourceKey":"way:671768552"}},{"type":"Feature","geometry":{"type":"LineString","coordinates":[[113.4609973,23.4152601],[113.460664,23.4149828],[113.4603775,23.4147442],[113.4596206,23.4141154],[113.4586923,23.4133423]]},"properties":{"key":"way:671768553@detail:453_93","osmType":"way","osmId":671768553,"sourceRegion":"guangzhou","featureType":"infrastructure","railClass":"metro","mode":"subway","name":"广州地铁14号线支线","bridge":"yes","status":"operational","color":"#52636f","sourceKey":"way:671768553"}},{"type":"Feature","geometry":{"type":"LineString","coordinates":[[113.2874464,23.2500919],[113.2872539,23.2500547],[113.2870385,23.2500083],[113.2870019480769,23.25]]},"properties":{"key":"way:684899063@detail:453_93","osmType":"way","osmId":684899063,"sourceRegion":"guangzhou","featureType":"infrastructure","railClass":"metro","mode":"subway","name":"广州地铁14号线","nameEn":"Guangzhou Metro Line 14","tunnel":"yes","status":"operational","color":"#52636f","sourceKey":"way:684899063"}},{"type":"Feature","geometry":{"type":"LineString","coordinates":[[113.342458,23.3023921],[113.3426066,23.3025547],[113.3427509,23.3027149],[113.3429014,23.3028808],[113.343172,23.3031808],[113.3435356,23.3035795],[113.3437725,23.3038382],[113.3440327,23.3041297],[113.3442594,23.3043717],[113.3445839,23.3047207],[113.3448514,23.3050043],[113.3450872,23.3052496],[113.3453712,23.3055595],[113.3456012,23.3058081],[113.3458715,23.3061106],[113.3461783,23.3064557],[113.3463966,23.3067048],[113.346579,23.3069253],[113.3467565,23.307143],[113.3469202,23.3073547],[113.3470092,23.3074726],[113.3471158,23.3076206],[113.3471648,23.3076899],[113.3472337,23.3077874],[113.3473911,23.3080289],[113.3475484,23.3082741],[113.3476838,23.3084998],[113.3477993,23.3087019],[113.3478947,23.3088798],[113.3479729,23.3090323],[113.3480573,23.3091974],[113.3481566,23.3093965],[113.3482991,23.3096877],[113.3483568,23.309808],[113.3484256,23.3099514],[113.34852,23.3101577],[113.3486267,23.3103946],[113.348756,23.3106852],[113.3488935,23.3109878],[113.3490193,23.311273],[113.3491287,23.3115226],[113.3492462,23.3117905],[113.3493754,23.3120934],[113.3495056,23.3124084],[113.3496331,23.3127277],[113.3498004,23.3131377],[113.3499204,23.313436],[113.3500385,23.3137205],[113.3501549,23.3140107],[113.3502933,23.3143607],[113.3504193,23.3146739],[113.3507767,23.3155724],[113.3509222,23.3159346],[113.3511377,23.31649],[113.3513401,23.3170174],[113.3515176,23.3174871],[113.3517055,23.3180005],[113.3518744,23.3184726],[113.3520386,23.3189517],[113.3521839,23.3193638],[113.3523305,23.3197994],[113.3525269,23.3203757],[113.352669,23.3207768],[113.3528113,23.3211788],[113.3529825,23.3216506],[113.3531369,23.3220667],[113.3532255,23.3222939],[113.3533122,23.3225058],[113.3534185,23.3227459],[113.3535168,23.322959],[113.3536089,23.3231541],[113.3537331,23.3234008],[113.353845,23.3236193],[113.3539432,23.3238135],[113.3540465,23.3240168],[113.3541275,23.3241758],[113.3542194,23.3243705],[113.3543211,23.3245907],[113.3544143,23.324802],[113.3544958,23.3249854],[113.3545752,23.3251605],[113.3546497,23.3253403],[113.3547117,23.325503],[113.3549512,23.3262481],[113.3550025,23.3264224],[113.3550544,23.3266169],[113.3551052,23.3268266],[113.355158,23.3270556],[113.3552104,23.3272888],[113.3553125,23.327777],[113.3558533,23.3301806]]},"properties":{"key":"way:685860345@detail:453_93","osmType":"way","osmId":685860345,"sourceRegion":"guangzhou","featureType":"infrastructure","railClass":"metro","mode":"subway","name":"广州地铁14号线","nameEn":"Guangzhou Metro Line 14","tunnel":"yes","status":"operational","color":"#52636f","sourceKey":"way:685860345"}},{"type":"Feature","geometry":{"type":"LineString","coordinates":[[113.3523445,23.3513467],[113.3499944,23.3516161],[113.3492459,23.3516974],[113.348782,23.3517554],[113.3482228,23.3518448],[113.3476927,23.3519604],[113.3471805,23.352107],[113.3467557,23.3522534],[113.346265,23.3524689],[113.3456926,23.352784],[113.3451104,23.3531517],[113.3446369,23.3534836],[113.3444108,23.3536774],[113.3438444,23.3541205],[113.343147,23.3549036],[113.3423826,23.3558664],[113.3402556,23.358612],[113.3384854,23.3608823],[113.3379435,23.3615028],[113.3378638,23.3615791],[113.33768,23.361773],[113.3374668,23.3619737],[113.3372529,23.3621701],[113.3371416,23.3622778],[113.3368009,23.3625468],[113.336361,23.3628324],[113.3361143,23.3629802],[113.3359158,23.363091],[113.3357361,23.3631919],[113.3355188,23.3633003],[113.3352077,23.3634381],[113.3341777,23.3638075],[113.3331639,23.3641571],[113.3327084,23.3643076],[113.332268,23.3644575],[113.3317584,23.3646053],[113.3312597,23.3647666],[113.3311951,23.3647875],[113.3305977,23.3649921],[113.3300686,23.3651667],[113.3296072,23.3653193],[113.3291727,23.3654621],[113.3287382,23.3655803],[113.3283359,23.3656887],[113.3279765,23.3657625],[113.3276492,23.3658118],[113.3274078,23.3658413],[113.327145,23.3658536]]},"properties":{"key":"way:736856536@detail:453_93","osmType":"way","osmId":736856536,"sourceRegion":"guangzhou","featureType":"infrastructure","railClass":"intercity","mode":"rail","name":"广州东环城际线","nameEn":"Guangzhou East Ring Intercity Railway","operator":"广东城际铁路运营","usage":"main","bridge":"yes","status":"operational","color":"#D85757","sourceKey":"way:736856536"}},{"type":"Feature","geometry":{"type":"LineString","coordinates":[[113.3932261,23.3763506],[113.393114,23.3762543],[113.3925666,23.3757841],[113.3923996,23.3756401],[113.391988,23.3752874],[113.3914786,23.3748624],[113.3911894,23.3746154],[113.3906958,23.3741929],[113.3901731,23.3737408],[113.3895442,23.3732043],[113.389173,23.3728932],[113.3889811,23.3727284],[113.3887967,23.3725703],[113.388485,23.3723044],[113.3881197,23.3719956],[113.3877158,23.3716542],[113.387408,23.3713932],[113.3869938,23.3710369],[113.3867129,23.370793],[113.3864501,23.3705757],[113.3862764,23.3704386],[113.3861787,23.370364],[113.3860654,23.3702801],[113.3859374,23.3701893],[113.3857964,23.3700947],[113.3856539,23.3700007],[113.385458,23.3698787],[113.3853247,23.3697982],[113.3851931,23.3697199],[113.3850564,23.3696418],[113.3849157,23.3695629],[113.3847612,23.3694805],[113.3845701,23.3693791],[113.3843624,23.3692732],[113.3842046,23.369194],[113.3838801,23.3690341],[113.3832774,23.3687361],[113.3824749,23.3683375],[113.3817299,23.367964],[113.3808831,23.3675475],[113.3802692,23.3672475],[113.3796738,23.3669543],[113.3775396,23.3659143],[113.3761986,23.3652533],[113.3755098,23.3649103],[113.3749823,23.364648],[113.3747944,23.3645523],[113.3746028,23.3644544],[113.3743962,23.3643445],[113.3741831,23.3642264],[113.3739557,23.3641001],[113.3736468,23.3639238],[113.3733809,23.3637652],[113.3731602,23.3636297],[113.3728631,23.3634438],[113.3718993,23.3628275],[113.371562,23.3626068],[113.3713138,23.3624424],[113.3710314,23.3622503],[113.3708689,23.3621399],[113.3706258,23.361971],[113.3703697,23.3617871],[113.3701561,23.3616328],[113.369972,23.361491],[113.3698005,23.3613565],[113.3696216,23.3612107],[113.369474,23.3610857],[113.3693386,23.3609661],[113.369127,23.3607742],[113.3689632,23.3606215],[113.368398,23.3600922],[113.3680901,23.3598047],[113.3676368,23.3593798],[113.3672414,23.3590099],[113.3670174,23.358795],[113.3668978,23.3586749],[113.3667681,23.3585398],[113.3666224,23.358387],[113.3665364,23.3582926],[113.3664616,23.3582072],[113.3663819,23.3581116],[113.3663031,23.3580107],[113.3662447,23.3579299],[113.3661709,23.3578245],[113.3660976,23.3577134],[113.3660055,23.3575678],[113.3659354,23.3574521],[113.3658736,23.3573483],[113.3657953,23.3572048],[113.365693,23.3570086],[113.3655857,23.3567988],[113.3654987,23.3566148],[113.3654092,23.3564275],[113.3650546,23.3556705],[113.3647729,23.3550707],[113.3645887,23.3546805],[113.3642762,23.3540226],[113.3640517,23.3535599],[113.3639457,23.3533391],[113.3638413,23.3531214],[113.3636904,23.3528097],[113.3633682,23.3521346],[113.3632343,23.351857],[113.3629337,23.3512352],[113.3626745,23.3506989],[113.3626103,23.3505643],[113.3625216,23.3503909],[113.3624536,23.3502539],[113.3623712,23.3500845],[113.3622773,23.3498806],[113.3622127,23.3497385],[113.3621348,23.3495598],[113.3620945,23.3494598],[113.3620388,23.3493086],[113.361985,23.3491518],[113.3619269,23.3489722],[113.3618697,23.3487814],[113.3618204,23.3486063],[113.3617356,23.348291],[113.3615944,23.3477493],[113.3614473,23.3471729],[113.3612631,23.3464706],[113.3611723,23.34614],[113.3610935,23.3458681],[113.3609065,23.3452267],[113.3607486,23.3446894],[113.3606027,23.3442099],[113.3604731,23.3437658],[113.3603657,23.3434095],[113.3601886,23.3428279],[113.3600532,23.3423849],[113.3599311,23.3419936],[113.3597958,23.3415715],[113.3596317,23.3410682],[113.359545,23.3408196],[113.3594498,23.3405636],[113.3593423,23.3402848],[113.359221,23.3399691],[113.3590806,23.3396197],[113.3589843,23.3393941],[113.358904,23.3392094],[113.358761,23.3388841],[113.3585174,23.3383543],[113.3582398,23.3377504],[113.357937,23.3371138],[113.3576286,23.3364466],[113.3574101,23.3359605],[113.3572501,23.3355833],[113.3571336,23.3352827],[113.3570198,23.334969],[113.3569396,23.3347315],[113.3568663,23.3345084],[113.3568111,23.3343449],[113.3567559,23.3341728],[113.356688,23.3339473]]},"properties":{"key":"way:775655454@detail:453_93","osmType":"way","osmId":775655454,"sourceRegion":"guangzhou","featureType":"infrastructure","railClass":"metro","mode":"subway","name":"广州地铁14号线","nameEn":"Guangzhou Metro Line 14","bridge":"yes","status":"operational","color":"#52636f","sourceKey":"way:775655454"}},{"type":"Feature","geometry":{"type":"LineString","coordinates":[[113.5,23.473221624546802],[113.4989876,23.4726894],[113.4975035,23.4719191],[113.4966776,23.4714904],[113.4963814,23.4713375],[113.4961143,23.4711958],[113.495689,23.4709647],[113.4955684,23.4708983],[113.4954552,23.4708267],[113.495332,23.4707457],[113.4951994,23.4706502],[113.4950685,23.4705474],[113.4949392,23.4704388],[113.4947877,23.4703048],[113.4946645,23.4701889],[113.494521,23.4700427],[113.4944309,23.469945],[113.4943501,23.4698522],[113.4942779,23.4697612],[113.4941872,23.4696377],[113.4941165,23.4695364],[113.4940576,23.4694448],[113.493981,23.469317],[113.493911,23.4691898],[113.4938385,23.4690464],[113.4936778,23.4687263],[113.4934832,23.4683223],[113.4932404,23.4678138],[113.4929895,23.4672798],[113.4927387,23.466748],[113.4925186,23.4663008],[113.4923198,23.4658797],[113.4921447,23.4655106],[113.4919861,23.465172],[113.4918335,23.4648612],[113.4916541,23.4644894],[113.4915575,23.4643025],[113.4913485,23.4639071],[113.4911704,23.4635855],[113.4909926,23.4633111],[113.490887,23.4631612],[113.4905953,23.4627314]]},"properties":{"key":"way:776677043@detail:453_93","osmType":"way","osmId":776677043,"sourceRegion":"guangzhou","featureType":"infrastructure","railClass":"metro","mode":"subway","name":"广州地铁14号线","nameEn":"Guangzhou Metro Line 14","bridge":"yes","status":"operational","color":"#52636f","sourceKey":"way:776677043"}},{"type":"Feature","geometry":{"type":"LineString","coordinates":[[113.4842086,23.4441661],[113.4840033,23.4433068],[113.4839676,23.4431637],[113.4839379,23.4430467],[113.4839008,23.4428979],[113.4838387,23.442674],[113.4837803,23.442482],[113.4837372,23.4423492],[113.4836866,23.4422025],[113.4836249,23.4420421],[113.4835619,23.4418848],[113.4835126,23.4417688],[113.4834378,23.44161],[113.4833727,23.4414832],[113.4832997,23.4413446],[113.4832028,23.4411716],[113.4831289,23.4410441],[113.4830477,23.4409103],[113.4829576,23.4407698],[113.4828681,23.4406372],[113.4827686,23.4405041],[113.4826612,23.440368],[113.4825422,23.4402241],[113.4824357,23.4401036],[113.4823573,23.440017],[113.4822769,23.4399301],[113.4821468,23.4397879],[113.4819989,23.4396344],[113.4818417,23.4394808],[113.4816674,23.4393128],[113.4811764,23.4388528],[113.4808754,23.4385609],[113.4803429,23.4380518],[113.4801658,23.4378847],[113.4799835,23.4377138],[113.479689,23.4374442],[113.4794863,23.4372605],[113.4793732,23.4371585],[113.4791956,23.4369989],[113.4790015,23.4368249],[113.4788101,23.4366577],[113.478638,23.4365118],[113.4784971,23.4363938],[113.4783644,23.4362848],[113.4782,23.4361517],[113.4779757,23.4359729],[113.4776139,23.4356872],[113.4772487,23.4353999],[113.4769325,23.4351513],[113.4764025,23.4347228],[113.4760689,23.4344434],[113.4758168,23.4342219],[113.4756839,23.4341007],[113.4755811,23.4340015],[113.4754747,23.4338925],[113.4753533,23.4337597],[113.4752348,23.4336159],[113.4750924,23.4334278],[113.4749596,23.4332443],[113.4748547,23.4330949],[113.4747169,23.4328818],[113.4745994,23.432694],[113.4744585,23.4324621],[113.4743496,23.4322736],[113.4741669,23.4319623],[113.4740722,23.4317978],[113.4738682,23.4314349],[113.4736849,23.4311116],[113.4734979,23.4307863],[113.472893,23.4297089],[113.4725327,23.429081],[113.4720886,23.4283136],[113.471615,23.4274947],[113.4712922,23.4269469],[113.4710723,23.4265673],[113.4707754,23.4260545],[113.4704073,23.4254073],[113.4700371,23.4247555],[113.4698268,23.4243778],[113.4696389,23.4240413],[113.469476,23.4237474],[113.4693044,23.4234514],[113.4690783,23.4230617],[113.4688858,23.4227268],[113.4686214,23.4222612],[113.4684766,23.4220094],[113.4683738,23.421838],[113.4682362,23.4216378],[113.4681072,23.4214704],[113.4679225,23.421236],[113.4678114,23.4211068],[113.4677178,23.420998],[113.4676392,23.4209122],[113.4675668,23.4208339],[113.4674938,23.4207571],[113.4674102,23.4206721],[113.4672988,23.4205641],[113.4671271,23.4204025],[113.4670188,23.4203024],[113.4668345,23.4201351],[113.4666321,23.4199564],[113.4664542,23.4198065],[113.466344,23.4197134],[113.4656371,23.4191316],[113.4652591,23.418826],[113.4650618,23.4186726],[113.4648519,23.4185154],[113.4646314,23.4183528],[113.4643449,23.4181366],[113.4641108,23.4179629],[113.4638837,23.4177908],[113.4636071,23.4175787],[113.4631507,23.4172219],[113.4629711,23.4170759],[113.4614871,23.4158411],[113.459951,23.4145629],[113.4585902,23.4134305],[113.4583193,23.4132054],[113.4575004,23.4125285],[113.4571498,23.4122353],[113.4561045,23.4113825],[113.4558928,23.411212],[113.4557232,23.4110769],[113.4555283,23.410923],[113.4553553,23.4107868],[113.4551685,23.4106367],[113.4550015,23.4104949],[113.4548478,23.4103606],[113.4547102,23.410241],[113.4545838,23.4101213],[113.4544764,23.4100129],[113.454343,23.4098722],[113.4542128,23.4097284],[113.4541323,23.4096329],[113.4540456,23.4095236],[113.4538846,23.4093194],[113.453592,23.4089523],[113.4531856,23.4084309],[113.4527259,23.4078348],[113.4523298,23.4073263],[113.4519258,23.4068025],[113.4515841,23.4063605],[113.4508814,23.405451],[113.4503479,23.404763],[113.4500363,23.4043638],[113.4498619,23.4041404],[113.4496314,23.4038448],[113.4493881,23.4035216],[113.4492418,23.4033179],[113.4490457,23.40304],[113.4488639,23.4027739],[113.4486181,23.4023986],[113.4484332,23.4021195],[113.4481809,23.401713],[113.4480089,23.4014252],[113.4477827,23.4010417],[113.4473702,23.4003608],[113.4471774,23.4000511],[113.4454979,23.3973072],[113.445458,23.3972421],[113.445101,23.3966462],[113.4447932,23.3961322],[113.444734,23.3960351],[113.4446654,23.3959257],[113.4445908,23.3958091],[113.4443657,23.3954518],[113.4442733,23.3953087],[113.4441918,23.3951843],[113.4441177,23.3950744],[113.4440458,23.3949727],[113.443975,23.3948787],[113.4439007,23.3947809],[113.4438048,23.3946664],[113.4437064,23.3945513],[113.4436097,23.3944459],[113.4434992,23.394325],[113.4433696,23.3941945],[113.4432436,23.3940666],[113.4431445,23.3939723],[113.4429314,23.3937805],[113.4428183,23.3936841],[113.4427015,23.3935868],[113.4425665,23.3934801],[113.4424433,23.3933878],[113.4423178,23.3932972],[113.4421371,23.3931759],[113.4420285,23.3931057],[113.441885,23.3930166],[113.4417416,23.3929315],[113.4416017,23.3928519],[113.4414886,23.3927904],[113.4413561,23.3927207],[113.4411666,23.3926288],[113.4410151,23.3925569],[113.4408286,23.3924751],[113.4406888,23.3924171],[113.4405166,23.3923486],[113.4403563,23.3922891],[113.4401641,23.3922198],[113.4399503,23.3921458],[113.4396827,23.3920557],[113.439416,23.3919682],[113.4391566,23.3918841],[113.438808,23.391774],[113.4383957,23.3916469],[113.438072,23.3915482],[113.4376238,23.3914091],[113.4373496,23.3913206],[113.4370935,23.3912358],[113.4368586,23.3911551],[113.4366452,23.391076],[113.4364635,23.3910071],[113.4363172,23.3909481],[113.4361847,23.3908919],[113.4359306,23.3907813],[113.4357705,23.3907092],[113.4356147,23.3906364],[113.4354568,23.3905638],[113.4352049,23.3904426],[113.434332,23.3900182],[113.4337163,23.3897183],[113.4332037,23.3894685],[113.4324394,23.389102],[113.4315524,23.3886749],[113.4312466,23.3885291],[113.4310085,23.3884156],[113.4304357,23.3881392],[113.4300048,23.387931],[113.4297641,23.3878187],[113.429563,23.387725],[113.4294142,23.3876557],[113.4292928,23.3876021],[113.4291665,23.3875503],[113.4290964,23.3875234],[113.4290031,23.3874885],[113.4288895,23.3874493],[113.4288153,23.3874257],[113.4287422,23.387403],[113.4286238,23.3873688],[113.4285066,23.3873373],[113.4283386,23.3872953],[113.4281508,23.3872528],[113.4280512,23.3872334],[113.4279514,23.3872151],[113.4277874,23.3871887],[113.4276787,23.3871736],[113.4275389,23.3871568],[113.427421,23.3871435],[113.4272861,23.3871297],[113.4270565,23.3871139],[113.4269266,23.3871066],[113.4268023,23.3871008],[113.4264203,23.387086],[113.4254479,23.3870648],[113.423656,23.3870251],[113.4230595,23.3870107],[113.4219468,23.3869863],[113.4214194,23.3869754],[113.4206658,23.3869608],[113.4201284,23.3869495],[113.4198636,23.3869421],[113.4195981,23.3869307],[113.4194235,23.386923],[113.4192387,23.3869107],[113.4190623,23.3868972],[113.4188251,23.3868751],[113.4186196,23.3868534],[113.41845,23.3868312],[113.4182966,23.3868087],[113.4181406,23.3867811],[113.4180006,23.386754],[113.4178697,23.3867271],[113.4177011,23.3866916],[113.4175487,23.3866571],[113.4173345,23.3866073],[113.4170582,23.3865404],[113.4167524,23.3864633]]},"properties":{"key":"way:783034777@detail:453_93","osmType":"way","osmId":783034777,"sourceRegion":"guangzhou","featureType":"infrastructure","railClass":"metro","mode":"subway","name":"广州地铁14号线","nameEn":"Guangzhou Metro Line 14","bridge":"yes","status":"operational","color":"#52636f","sourceKey":"way:783034777"}},{"type":"Feature","geometry":{"type":"LineString","coordinates":[[113.4167653,23.386423],[113.4170532,23.386497],[113.417328,23.3865644],[113.4175939,23.3866275],[113.4177936,23.3866712],[113.4179459,23.3867042],[113.4180964,23.3867341],[113.4182488,23.3867621],[113.4183895,23.3867845],[113.4185542,23.3868066],[113.4187385,23.3868299],[113.4190004,23.3868555],[113.4190658,23.386861],[113.4192824,23.3868793],[113.4194415,23.38689],[113.4195854,23.3868968],[113.4197122,23.3869026],[113.4198623,23.3869076],[113.4201282,23.3869165],[113.4205589,23.3869255],[113.421215,23.3869384],[113.4217446,23.3869493],[113.4222987,23.3869608],[113.4230484,23.3869759],[113.4236571,23.3869899],[113.4254484,23.3870311],[113.426423,23.3870529],[113.4268037,23.3870658],[113.4269279,23.3870715],[113.4270761,23.3870794],[113.4271823,23.3870855],[113.4272817,23.3870935],[113.427421,23.3871062],[113.4275437,23.3871193],[113.4276854,23.3871369],[113.4277991,23.3871538],[113.4278895,23.3871689],[113.4279729,23.3871826],[113.428066,23.3871994],[113.4281749,23.3872218],[113.4282831,23.3872452],[113.4283978,23.3872723],[113.4285233,23.3873038],[113.4286362,23.3873334],[113.4287503,23.3873669],[113.4288983,23.387414],[113.4289965,23.3874479],[113.4291077,23.3874872],[113.4291863,23.3875179],[113.4293061,23.3875666],[113.4294279,23.3876195],[113.4295915,23.3876955],[113.4297799,23.3877834],[113.4300234,23.3878975],[113.4304511,23.3881054],[113.4310262,23.3883824],[113.4312639,23.3884956],[113.4315642,23.3886375],[113.4324586,23.3890698],[113.4328401,23.3892507],[113.433283,23.3894659],[113.4337679,23.3897024],[113.4343479,23.3899855],[113.4346888,23.3901512],[113.4352214,23.3904095],[113.4354749,23.3905309],[113.435606,23.3905927],[113.4357904,23.3906775],[113.4359438,23.3907468],[113.4362003,23.3908596],[113.4363301,23.3909135],[113.4364851,23.3909767],[113.4366566,23.3910424],[113.4368663,23.3911195],[113.4371099,23.3912031],[113.4373585,23.3912845],[113.4376355,23.3913737],[113.4380868,23.3915127],[113.4384043,23.3916112],[113.4388191,23.391742],[113.4391606,23.3918509],[113.4394635,23.3919489],[113.4396914,23.3920233],[113.4399487,23.3921105],[113.4401527,23.3921798],[113.4403532,23.3922516],[113.4405271,23.3923164],[113.4407023,23.3923847],[113.4408432,23.3924438],[113.4410275,23.3925253],[113.4411837,23.3925965],[113.4413436,23.3926753],[113.4414497,23.3927302],[113.4415601,23.3927891],[113.4416726,23.3928503],[113.4418219,23.3929354],[113.4419721,23.3930253],[113.4420966,23.3931021],[113.4422196,23.3931827],[113.4423418,23.3932671],[113.4424678,23.3933581],[113.4425908,23.3934515],[113.4427257,23.3935596],[113.4428352,23.3936522],[113.4429485,23.3937477],[113.4430677,23.3938535],[113.4431789,23.3939518],[113.4432649,23.3940343],[113.4433563,23.3941229],[113.4435025,23.394267],[113.4436076,23.3943779],[113.4437359,23.3945217],[113.4438396,23.394643],[113.4439299,23.394753],[113.4440027,23.3948447],[113.4440813,23.3949518],[113.4441507,23.3950496],[113.4442253,23.3951605],[113.4443109,23.3952891],[113.4444058,23.3954378],[113.4446374,23.3958007],[113.4447137,23.3959214],[113.4447765,23.3960221],[113.444829,23.3961074],[113.4451402,23.3966267],[113.4454939,23.3972172],[113.4457248,23.3975939],[113.4458504,23.3977988],[113.4461777,23.3983327],[113.4468331,23.3993848],[113.4469664,23.3996015],[113.4472352,23.4000302],[113.4474557,23.4003858],[113.4475846,23.4005987],[113.4478329,23.401009],[113.4480617,23.4014009],[113.448229,23.4016785],[113.448355,23.4018862],[113.4485542,23.4022008],[113.4487742,23.4025275],[113.4490067,23.4028777],[113.4491902,23.4031494],[113.4493596,23.4033925],[113.4495817,23.4036955],[113.4498545,23.4040548],[113.4501031,23.4043749],[113.4503841,23.404734],[113.450921,23.405421],[113.4511958,23.4057778],[113.451467,23.4061278],[113.4518395,23.4066129],[113.4521403,23.4070023],[113.4525046,23.4074709],[113.4532294,23.4084097],[113.4537692,23.4091009],[113.4540027,23.4093979],[113.4541206,23.4095443],[113.4542546,23.4097056],[113.4543809,23.4098496],[113.4545155,23.4099918],[113.4546662,23.4101342],[113.4549209,23.4103517],[113.4551986,23.4105856],[113.4555135,23.410834],[113.4558307,23.4110823],[113.4560818,23.4112689],[113.4563976,23.4114985],[113.4576621,23.4124094],[113.4581363,23.4127501],[113.4584471,23.4129767],[113.4587577,23.413204],[113.4590307,23.4134144],[113.459284,23.413612],[113.4601715,23.4143505],[113.4617025,23.4156245],[113.4635524,23.4171639],[113.4638763,23.4174418],[113.4643404,23.4178685],[113.4645855,23.4181087],[113.4653339,23.4187884],[113.4655534,23.418987],[113.4659091,23.4192907],[113.4661675,23.4195066],[113.4663971,23.4196996],[113.4666816,23.4199373],[113.4668799,23.4201118],[113.4670764,23.4202889],[113.4672424,23.420443],[113.4673489,23.4205423],[113.4674739,23.4206655],[113.4675539,23.420748],[113.4676516,23.420854],[113.4677034,23.4209107],[113.4677634,23.4209772],[113.4678262,23.4210499],[113.4679036,23.421144],[113.4679978,23.4212575],[113.4680867,23.4213695],[113.4681759,23.4214836],[113.4682658,23.4216016],[113.4683035,23.4216521],[113.4683399,23.4217026],[113.4684026,23.4217936],[113.4684521,23.421872],[113.4685139,23.4219734],[113.4686616,23.4222336],[113.4691262,23.4230366],[113.4693569,23.4234383],[113.46953,23.4237411],[113.4698788,23.42437],[113.4700856,23.4247357],[113.4704613,23.4253964],[113.4708198,23.4260222],[113.4711242,23.4265468],[113.4713425,23.426927],[113.4716318,23.4274244],[113.472136,23.4282978],[113.472581,23.4290662],[113.4729245,23.4296873],[113.4735724,23.4308245],[113.4737911,23.4312127],[113.474006,23.4315886],[113.4742076,23.4319386],[113.4744136,23.4322897],[113.4745939,23.4325953],[113.4746737,23.4327239],[113.4747675,23.4328782],[113.4748721,23.4330415],[113.4749571,23.4331656],[113.4750527,23.4332982],[113.4751497,23.4334315],[113.4752757,23.4335978],[113.4753498,23.4336888],[113.4754129,23.4337602],[113.4754982,23.4338549],[113.4756132,23.4339709],[113.4757239,23.4340789],[113.475851,23.4341942],[113.4759722,23.4342999],[113.4760984,23.4344103],[113.4764283,23.4346905],[113.4769614,23.435121],[113.477277,23.4353708],[113.477651,23.4356618],[113.4780077,23.4359437],[113.4782303,23.4361214],[113.4783912,23.4362516],[113.4785213,23.4363574],[113.4786703,23.436483],[113.4788455,23.4366322],[113.4790314,23.4367929],[113.4792301,23.4369684],[113.4793957,23.4371167],[113.4795219,23.4372301],[113.4797184,23.4374087],[113.4800146,23.4376823],[113.4801956,23.4378516],[113.4803756,23.438021],[113.4805367,23.4381745],[113.4809082,23.4385285],[113.4812101,23.4388209],[113.4817279,23.4393152],[113.4818843,23.4394668],[113.4820118,23.4395895],[113.4821154,23.4396952],[113.4822062,23.4397887],[113.4822981,23.4398872],[113.4823833,23.43998],[113.4824692,23.4400747],[113.4825772,23.440198],[113.4826979,23.4403426],[113.4828054,23.4404782],[113.4829072,23.4406169],[113.4830019,23.4407551],[113.4830909,23.440894],[113.4831744,23.4410254],[113.483247,23.4411478],[113.4833519,23.4413379],[113.4834172,23.4414621],[113.483483,23.4415932],[113.4835169,23.4416695],[113.4835508,23.4417458],[113.4836051,23.4418728],[113.4836668,23.4420261],[113.4837279,23.4421872],[113.4837804,23.4423405],[113.4838231,23.4424733],[113.4838794,23.4426646],[113.4839404,23.4428898],[113.4839773,23.4430377],[113.4840083,23.4431617],[113.4840437,23.443306],[113.4842457,23.4441589]]},"properties":{"key":"way:807531822@detail:453_93","osmType":"way","osmId":807531822,"sourceRegion":"guangzhou","featureType":"infrastructure","railClass":"metro","mode":"subway","name":"广州地铁14号线","nameEn":"Guangzhou Metro Line 14","bridge":"yes","status":"operational","color":"#52636f","sourceKey":"way:807531822"}},{"type":"Feature","geometry":{"type":"LineString","coordinates":[[113.4842457,23.4441589],[113.4844021,23.4449201],[113.4846199,23.4458884],[113.4848301,23.4468419],[113.4851243,23.4481444],[113.4854096,23.4493944],[113.4855692,23.4501048],[113.4857103,23.4507895],[113.4859397,23.4518204],[113.4859704,23.4519519],[113.4859949,23.452053],[113.486048,23.452276],[113.4860842,23.4524282],[113.486438,23.4539797],[113.4865682,23.4545502],[113.4867331,23.4552733],[113.4868271,23.4556858],[113.4870914,23.456845],[113.4871288,23.4570088],[113.4871669,23.4571691],[113.4872112,23.4573587],[113.4872574,23.4575474],[113.487302,23.4577141],[113.487345,23.4578711],[113.4873818,23.4579897],[113.4874186,23.458103],[113.4874617,23.4582285],[113.4875124,23.4583588],[113.4875772,23.4585166],[113.4876342,23.4586505],[113.4877164,23.4588305],[113.4878137,23.4590336],[113.4878901,23.4591848],[113.4879426,23.4592783],[113.4879996,23.4593785],[113.4880734,23.4595015],[113.4881554,23.459634],[113.4882516,23.4597848],[113.4883173,23.4598831],[113.4884058,23.4600032],[113.4885182,23.4601518],[113.4886309,23.460298],[113.4887601,23.4604615],[113.4890493,23.46081],[113.4894584,23.4612926],[113.4897567,23.4616413],[113.4899263,23.4618399],[113.4900421,23.4619767],[113.490168,23.4621249],[113.4902649,23.4622387],[113.4903939,23.4623928],[113.4905206,23.4625461],[113.4906485,23.4627026]]},"properties":{"key":"way:807535037@detail:453_93","osmType":"way","osmId":807535037,"sourceRegion":"guangzhou","featureType":"infrastructure","railClass":"metro","mode":"subway","name":"广州地铁14号线","nameEn":"Guangzhou Metro Line 14","bridge":"yes","status":"operational","color":"#52636f","sourceKey":"way:807535037"}},{"type":"Feature","geometry":{"type":"LineString","coordinates":[[113.4905953,23.4627314],[113.4904736,23.4625779],[113.4903453,23.4624245],[113.4902464,23.4623032],[113.4901287,23.4621665],[113.4900073,23.4620275],[113.4898712,23.4618659],[113.4897403,23.4617119],[113.4894166,23.4613271],[113.4890319,23.4608751],[113.4888879,23.4606998],[113.4887624,23.4605459],[113.4886419,23.4603964],[113.4885611,23.4602947],[113.4884681,23.4601743],[113.4883549,23.4600206],[113.4882675,23.4598954],[113.48819,23.4597816],[113.4880878,23.4596197],[113.4880259,23.459521],[113.4879527,23.4594005],[113.4878766,23.4592703],[113.4878208,23.4591676],[113.4877602,23.4590519],[113.487656,23.4588345],[113.4875709,23.4586423],[113.4874692,23.4584043],[113.4874089,23.4582445],[113.4873475,23.4580745],[113.4873085,23.4579407],[113.487273,23.4578146],[113.4872362,23.4576805],[113.4871993,23.4575274],[113.4871596,23.4573607],[113.4871157,23.4571708],[113.4870819,23.4570237],[113.4870428,23.4568523],[113.4867678,23.4556462],[113.48652,23.45456],[113.4860359,23.4524373],[113.4860001,23.4522845],[113.4859488,23.4520656],[113.4859259,23.4519686],[113.4859029,23.4518648],[113.4858485,23.4516179],[113.4856981,23.4509316],[113.4855228,23.450112],[113.485364,23.4494015],[113.4850796,23.4481388],[113.4842086,23.4441661]]},"properties":{"key":"way:808277366@detail:453_93","osmType":"way","osmId":808277366,"sourceRegion":"guangzhou","featureType":"infrastructure","railClass":"metro","mode":"subway","name":"广州地铁14号线","nameEn":"Guangzhou Metro Line 14","bridge":"yes","status":"operational","color":"#52636f","sourceKey":"way:808277366"}},{"type":"Feature","geometry":{"type":"LineString","coordinates":[[113.4906485,23.4627026],[113.4910696,23.4633202],[113.4911295,23.4634125],[113.4912107,23.4635487],[113.4913696,23.4638304],[113.4915695,23.4642062],[113.4917063,23.4644767],[113.4918797,23.4648428],[113.4920628,23.4652263],[113.4923171,23.4657685],[113.4925662,23.4662853],[113.4928754,23.4669318],[113.4932417,23.4677067],[113.4936735,23.4686074],[113.4938411,23.4689423],[113.4939387,23.4691329],[113.4939799,23.4692124],[113.4940257,23.4692925],[113.4940852,23.4693928],[113.4941458,23.4694926],[113.4941898,23.4695555],[113.4942736,23.4696713],[113.4943457,23.4697674],[113.4944213,23.4698606],[113.4945014,23.4699501],[113.4946067,23.47006],[113.4947347,23.4701856],[113.494851,23.4702917],[113.4949694,23.4703948],[113.4951063,23.4705072],[113.4952223,23.4705987],[113.4953366,23.4706821],[113.4954577,23.4707648],[113.4955569,23.4708306],[113.4956549,23.4708905],[113.4957996,23.4709691],[113.4962246,23.4711993],[113.4964656,23.4713263],[113.496712,23.4714559],[113.4986715,23.4724778],[113.4990595,23.4726791],[113.4994401,23.4728778],[113.499806,23.4730706],[113.5,23.473172588766015]]},"properties":{"key":"way:808277367@detail:453_93","osmType":"way","osmId":808277367,"sourceRegion":"guangzhou","featureType":"infrastructure","railClass":"metro","mode":"subway","name":"广州地铁14号线","nameEn":"Guangzhou Metro Line 14","bridge":"yes","status":"operational","color":"#52636f","sourceKey":"way:808277367"}},{"type":"Feature","geometry":{"type":"LineString","coordinates":[[113.3572384,23.2827921],[113.3579496,23.2809003],[113.3582312,23.280163],[113.3586029,23.2794602],[113.3590598,23.2788012],[113.3594089,23.2783905],[113.3597911,23.2780055],[113.3604217,23.2774811],[113.3611136,23.2770265],[113.3616044,23.2767653],[113.3621155,23.2765393],[113.3626439,23.2763499],[113.3652162,23.2755694],[113.3696083,23.2741544],[113.3719172,23.2734309],[113.3725302,23.2732639],[113.3732735,23.2730347],[113.4697234,23.2509264],[113.4707571,23.2507715],[113.4718556,23.2506712],[113.4726895,23.2506108],[113.4751153,23.2505525]]},"properties":{"key":"way:825408279@detail:453_93","osmType":"way","osmId":825408279,"sourceRegion":"guangzhou","featureType":"infrastructure","railClass":"national","mode":"rail","name":"广石铁路","usage":"main","tunnel":"yes","status":"operational","color":"#E54848","sourceKey":"way:825408279"}},{"type":"Feature","geometry":{"type":"LineString","coordinates":[[113.3491635,23.3592979],[113.349485,23.3594438],[113.3499759,23.3595867],[113.3504056,23.3596643],[113.3510129,23.3596215],[113.3515816,23.3594704],[113.3523024,23.3592744],[113.3530068,23.3589025],[113.3536717,23.3584754],[113.3539105,23.3582919],[113.3540751,23.3581004],[113.3541049,23.3577367],[113.3574593,23.3564233],[113.3586084,23.3588214],[113.3578935,23.3590832],[113.3578037,23.3592403],[113.356071,23.3599375],[113.3558055,23.3598546],[113.3538072,23.3606873],[113.352318,23.3613195],[113.3522816,23.361748],[113.3513999,23.3621614],[113.3507216,23.3615186],[113.3500177,23.3606597],[113.3496375,23.3602756],[113.348864,23.3596664],[113.3491635,23.3592979]]},"properties":{"key":"way:830570767@detail:453_93","osmType":"way","osmId":830570767,"sourceRegion":"guangzhou","featureType":"infrastructure","railClass":"national","mode":"rail","name":"竹料存车场","nameEn":"Zhuliao Stable Yard","status":"operational","color":"#E54848","sourceKey":"way:830570767"}},{"type":"Feature","geometry":{"type":"LineString","coordinates":[[113.25,23.33620799516249],[113.2505125,23.3361446],[113.252742,23.3361059],[113.2621717,23.3362588],[113.2652645,23.3360246],[113.267366,23.3356592],[113.2696403,23.3349217],[113.2713458,23.3340214],[113.272685,23.332863],[113.273857,23.3311801],[113.274843,23.3293196],[113.275246,23.3278315],[113.2754057,23.3258054],[113.2754369,23.3242909],[113.2754612,23.3210243],[113.2755415,23.3157692],[113.2755299,23.3153701],[113.275491,23.3149143],[113.2754031,23.3142888],[113.2753014,23.3137236],[113.2750752,23.3127307],[113.2740163,23.3083369],[113.273918,23.307833],[113.2738358,23.3073074],[113.2737419,23.3065076],[113.2737172,23.3060257],[113.2737153,23.3053022],[113.2740435,23.3008798],[113.2740817,23.2998877],[113.274104,23.2980148],[113.2741748,23.2913565],[113.2742788,23.2837568],[113.2743538,23.2789175],[113.2743837,23.2744546],[113.2743689,23.2716261],[113.2743553,23.269033],[113.2743366,23.2654734],[113.2743201,23.2630923],[113.2743012,23.2589402],[113.2743529,23.2586925],[113.2744466,23.2584386],[113.2745801,23.2582046],[113.274732,23.2580127],[113.2749413,23.2577295],[113.2751398,23.2575097],[113.2752732,23.2573664],[113.2754228,23.2572224],[113.275548,23.2571244],[113.2756904,23.2570079],[113.2758445,23.2568941],[113.2759848,23.2568016],[113.276216,23.2566501],[113.2763671,23.2565728],[113.2765404,23.2564917],[113.2767017,23.2564482],[113.2769469,23.2564105],[113.2861797,23.2553165],[113.3110107,23.25311],[113.3112735,23.2530748],[113.3115073,23.2530162],[113.3118054,23.2529232],[113.3120478,23.2528218],[113.312337,23.25269],[113.3147619,23.2515062],[113.3151281,23.2513562],[113.3155563,23.2512086],[113.3191304,23.250024],[113.3192224923077,23.25]]},"properties":{"key":"way:832161623@detail:453_93","osmType":"way","osmId":832161623,"sourceRegion":"guangzhou","featureType":"infrastructure","railClass":"construction","mode":"construction","name":"广州地铁18号线","nameEn":"Guangzhou Metro Line 18","usage":"main","tunnel":"yes","status":"construction","color":"#52636f","sourceKey":"way:832161623"}},{"type":"Feature","geometry":{"type":"LineString","coordinates":[[113.2889473,23.3390198],[113.2896978,23.3397634],[113.2902243,23.3402339],[113.2917252,23.3411641],[113.2931076,23.3418819],[113.2955327,23.3431896],[113.2975064,23.3442601],[113.3000041,23.3454647],[113.3014562,23.3461574],[113.3056127,23.3481899],[113.3070448,23.3488948],[113.308149,23.3493127],[113.3088799,23.34956],[113.3096088,23.3497266],[113.3106302,23.3499332],[113.3154513,23.3507686],[113.3167645,23.3510088],[113.3177114,23.3513036],[113.3184415,23.3516256],[113.3193447,23.3521835],[113.3199076,23.3526614],[113.3209933,23.3535749],[113.3217617,23.354534],[113.3222511,23.3551319],[113.3226514,23.3557479],[113.3232191,23.3570033],[113.323737,23.358273],[113.323961,23.3592057],[113.3241194,23.3601937],[113.324148,23.3611253],[113.3240935,23.3615589],[113.3239939,23.3620063],[113.3236676,23.3627478],[113.3232577,23.363317],[113.32294,23.3637454],[113.3224004,23.3642899],[113.3218012,23.364818],[113.3211448,23.3651942],[113.3198199,23.3655999],[113.3184505,23.3659602],[113.3169352,23.3663339],[113.3119428,23.3674216],[113.3091196,23.3680841],[113.3063648,23.3687988],[113.3055318,23.369042],[113.3049928,23.3692474],[113.3044257,23.36948],[113.3018593,23.3705267],[113.3010733,23.3708024],[113.2999211,23.3711431],[113.2955075,23.3721454],[113.2949425,23.3723164],[113.2946393,23.3724278],[113.2943825,23.3725989],[113.294172,23.3728351],[113.2940348,23.3730659],[113.2938534,23.3735217],[113.2937776,23.3738936],[113.293717,23.3743635],[113.293746,23.3749573],[113.2938302,23.3753787],[113.294245,23.3768928],[113.2949625,23.3795081],[113.2952206,23.3804495],[113.2953736,23.381081],[113.2955234,23.3816811],[113.2956246,23.382228],[113.295753,23.383028],[113.2958248,23.3836702],[113.2958742,23.3853269],[113.2959426,23.3884764],[113.296062,23.389845],[113.2961924,23.3908099],[113.2965233,23.3938191],[113.2967044,23.3948262]]},"properties":{"key":"way:833936949@detail:453_93","osmType":"way","osmId":833936949,"sourceRegion":"guangzhou","featureType":"infrastructure","railClass":"construction","mode":"construction","name":"广州地铁22号线","nameEn":"Guangzhou Metro Line 22","usage":"main","tunnel":"yes","status":"construction","color":"#52636f","sourceKey":"way:833936949"}},{"type":"Feature","geometry":{"type":"LineString","coordinates":[[113.32141956969994,23.25],[113.3198173,23.2502497],[113.3195097,23.2502891],[113.3192024,23.2503611],[113.3157034,23.2516312],[113.3153931,23.2517548],[113.3149846,23.2519233],[113.3125785,23.2530539],[113.3122651,23.2531951],[113.3120155,23.2532994],[113.3116566,23.2534243],[113.3113753,23.2534907],[113.3110676,23.253527],[113.2905667,23.2552936],[113.2862402,23.2555714],[113.2770957,23.2566072],[113.2768873,23.2566321],[113.2766927,23.2566714],[113.2765127,23.2567216],[113.2763362,23.2567931],[113.2761674,23.2568785],[113.2759925,23.2569777],[113.2758214,23.2570975],[113.2756884,23.2571927],[113.2755642,23.2572905],[113.2753743,23.2574542],[113.27525,23.2575848],[113.2750603,23.2578003],[113.2749255,23.2579841],[113.2748078,23.2581644],[113.274681,23.2583428],[113.2745812,23.2584904],[113.2744916,23.2587027],[113.2744354,23.2589399],[113.274504,23.263123],[113.2745165,23.2654751],[113.2745267,23.2691394],[113.2745333,23.271504],[113.2745416,23.274485],[113.2744587,23.2819191],[113.2743486,23.2896553]]},"properties":{"key":"way:885878226@detail:453_93","osmType":"way","osmId":885878226,"sourceRegion":"guangzhou","featureType":"infrastructure","railClass":"construction","mode":"construction","name":"广州地铁18号线","nameEn":"Guangzhou Metro Line 18","usage":"main","tunnel":"yes","status":"construction","color":"#52636f","sourceKey":"way:885878226"}},{"type":"Feature","geometry":{"type":"LineString","coordinates":[[113.2969305,23.396263],[113.2967252,23.3954164],[113.2966481,23.3950893],[113.2965922,23.3948323],[113.2963918,23.3938214],[113.2963771,23.3936803],[113.2961077,23.3910881],[113.295979,23.390166],[113.2958756,23.3888957],[113.295821,23.3878993],[113.295772,23.3866815],[113.2957231,23.3849036],[113.2956889,23.3837908],[113.2956388,23.3829289],[113.2956189,23.3827157],[113.2955865,23.3825108],[113.2955247,23.3822059],[113.2954299,23.3817147],[113.2953018,23.3811914],[113.2948172,23.3794947],[113.2941866,23.377297],[113.293623,23.3752308],[113.2935676,23.3748597],[113.2935702,23.3743951],[113.2936044,23.3738964],[113.293716,23.3733161],[113.2938355,23.3729752],[113.2941138,23.3726099],[113.2944608,23.3722923],[113.2948755,23.372027],[113.2952156,23.3718626],[113.2956485,23.3717148],[113.3009323,23.3704942],[113.3015399,23.3703074],[113.3020653,23.3701127],[113.3042907,23.3693338],[113.3049697,23.3690537],[113.3058509,23.3687655],[113.3090434,23.3680088],[113.3121219,23.3673304],[113.3168805,23.3662902],[113.3207905,23.3652337],[113.3211667,23.365108],[113.3217437,23.3647845],[113.3221818,23.3643541],[113.3227601,23.3637256],[113.3232914,23.363043],[113.3237955,23.3621086],[113.3239836,23.3613973],[113.3239807,23.3605243],[113.3239001,23.3596849],[113.3236348,23.3585072],[113.323075,23.3570013],[113.3224238,23.3557269],[113.3218152,23.354784],[113.3208302,23.3536462],[113.3194585,23.3524264],[113.3186735,23.3519059],[113.317731,23.3514456],[113.3166852,23.3511036],[113.3150229,23.3507772],[113.309704,23.3498653],[113.3085781,23.3495764],[113.3071209,23.3490537],[113.3058234,23.3484608],[113.3010848,23.3460868],[113.2983279,23.3448167],[113.2902779,23.3404824],[113.2896697,23.3401151],[113.2889067,23.3393656],[113.2887503,23.339212]]},"properties":{"key":"way:885878227@detail:453_93","osmType":"way","osmId":885878227,"sourceRegion":"guangzhou","featureType":"infrastructure","railClass":"construction","mode":"construction","name":"广州地铁22号线","nameEn":"Guangzhou Metro Line 22","usage":"main","tunnel":"yes","status":"construction","color":"#52636f","sourceKey":"way:885878227"}},{"type":"Feature","geometry":{"type":"LineString","coordinates":[[113.4758469,23.2505312],[113.4806182,23.2502611],[113.48470040872462,23.25]]},"properties":{"key":"way:939310555@detail:453_93","osmType":"way","osmId":939310555,"sourceRegion":"guangzhou","featureType":"infrastructure","railClass":"national","mode":"rail","name":"广石铁路","usage":"main","tunnel":"yes","status":"operational","color":"#E54848","sourceKey":"way:939310555"}},{"type":"Feature","geometry":{"type":"LineString","coordinates":[[113.4751153,23.2505525],[113.4758469,23.2505312]]},"properties":{"key":"way:939310556@detail:453_93","osmType":"way","osmId":939310556,"sourceRegion":"guangzhou","featureType":"infrastructure","railClass":"national","mode":"rail","name":"广石铁路","usage":"main","bridge":"yes","status":"operational","color":"#E54848","sourceKey":"way:939310556"}},{"type":"Feature","geometry":{"type":"LineString","coordinates":[[113.300764,23.3986107],[113.3009107,23.3989562],[113.3009815,23.3990997],[113.3010515,23.3992461]]},"properties":{"key":"way:942922513@detail:453_93","osmType":"way","osmId":942922513,"sourceRegion":"guangzhou","featureType":"infrastructure","railClass":"intercity","mode":"rail","name":"广州东环城际铁路","nameEn":"Guangzhou East Ring Intercity Railway","operator":"广东城际铁路运营","usage":"main","tunnel":"yes","status":"operational","color":"#D85757","sourceKey":"way:942922513"}},{"type":"Feature","geometry":{"type":"LineString","coordinates":[[113.3009107,23.3989562],[113.3009896,23.3992573],[113.301343,23.4005415]]},"properties":{"key":"way:942922514@detail:453_93","osmType":"way","osmId":942922514,"sourceRegion":"guangzhou","featureType":"infrastructure","railClass":"intercity","mode":"rail","name":"广州东环城际铁路","nameEn":"Guangzhou East Ring Intercity Railway","operator":"广东城际铁路运营","usage":"main","tunnel":"yes","status":"operational","color":"#D85757","sourceKey":"way:942922514"}},{"type":"Feature","geometry":{"type":"LineString","coordinates":[[113.3013991,23.4005307],[113.3010515,23.3992461],[113.3009758,23.3989441]]},"properties":{"key":"way:942922515@detail:453_93","osmType":"way","osmId":942922515,"sourceRegion":"guangzhou","featureType":"infrastructure","railClass":"intercity","mode":"rail","name":"广州东环城际铁路","nameEn":"Guangzhou East Ring Intercity Railway","operator":"广东城际铁路运营","usage":"main","tunnel":"yes","status":"operational","color":"#D85757","sourceKey":"way:942922515"}},{"type":"Feature","geometry":{"type":"LineString","coordinates":[[113.300242,23.3960918],[113.3005975,23.3974703],[113.300819,23.398251],[113.3009216,23.3985898]]},"properties":{"key":"way:942922516@detail:453_93","osmType":"way","osmId":942922516,"sourceRegion":"guangzhou","featureType":"infrastructure","railClass":"intercity","mode":"rail","name":"广州东环城际线","nameEn":"Guangzhou East Ring Intercity Railway","operator":"广东城际铁路运营","usage":"main","tunnel":"yes","status":"operational","color":"#D85757","sourceKey":"way:942922516"}},{"type":"Feature","geometry":{"type":"LineString","coordinates":[[113.3000589,23.3961445],[113.3004462,23.3975095],[113.300764,23.3986107]]},"properties":{"key":"way:942922517@detail:453_93","osmType":"way","osmId":942922517,"sourceRegion":"guangzhou","featureType":"infrastructure","railClass":"intercity","mode":"rail","name":"广州东环城际线","nameEn":"Guangzhou East Ring Intercity Railway","operator":"广东城际铁路运营","usage":"main","tunnel":"yes","status":"operational","color":"#D85757","sourceKey":"way:942922517"}},{"type":"Feature","geometry":{"type":"LineString","coordinates":[[113.3506118,23.2528478],[113.3509666,23.2539159],[113.3526431,23.2588911],[113.354129,23.2641772],[113.3548041,23.2670225],[113.3551777,23.2685969],[113.3629356,23.3080345],[113.3630455,23.3085459],[113.3631429,23.3089933],[113.3633125,23.3095956],[113.3634677,23.3101225],[113.3636084,23.3104937],[113.3638848,23.3111992],[113.3641446,23.3118189],[113.3646401,23.3129975],[113.3649379,23.3137246],[113.3652752,23.3145481]]},"properties":{"key":"way:961956492@detail:453_93","osmType":"way","osmId":961956492,"sourceRegion":"guangzhou","featureType":"infrastructure","railClass":"intercity","mode":"rail","name":"广州东环城际线","nameEn":"Guangzhou East Ring Intercity Railway","operator":"广东城际运营","usage":"main","tunnel":"yes","status":"operational","color":"#D85757","sourceKey":"way:961956492"}},{"type":"Feature","geometry":{"type":"LineString","coordinates":[[113.3653508,23.314531],[113.3650061,23.313699],[113.3647101,23.3129717],[113.3637612,23.3106621],[113.3635974,23.3101884],[113.3634335,23.3096366],[113.3632089,23.3087475],[113.3631209,23.30831],[113.3630511,23.3079226],[113.3630026,23.3075993],[113.3628024,23.3058163],[113.3624383,23.3031744],[113.3620475,23.3009657],[113.3613374,23.2973912],[113.3603603,23.2934764],[113.3596077,23.2896749],[113.3584027,23.2841841],[113.3573952,23.2788963],[113.3562449,23.2728426],[113.3548854,23.2662012],[113.3534311,23.2610443],[113.3526118,23.2580665],[113.3514343,23.2546977],[113.3508092,23.2528073]]},"properties":{"key":"way:961956493@detail:453_93","osmType":"way","osmId":961956493,"sourceRegion":"guangzhou","featureType":"infrastructure","railClass":"intercity","mode":"rail","name":"广州东环城际线","nameEn":"Guangzhou East Ring Intercity Railway","operator":"广东城际运营","usage":"main","tunnel":"yes","status":"operational","color":"#D85757","sourceKey":"way:961956493"}},{"type":"Feature","geometry":{"type":"LineString","coordinates":[[113.3652752,23.3145481],[113.3655822,23.3152364],[113.3663753,23.3171965],[113.3666171,23.3178227],[113.3667687,23.3182602],[113.3668733,23.3186711],[113.3669888,23.3191318],[113.3670827,23.3196261],[113.3671548,23.3200967],[113.3672126,23.3205772],[113.3672378,23.3208986],[113.3672631,23.3214626],[113.3672703,23.321837],[113.3672667,23.3220325],[113.3672378,23.3238441],[113.3672017,23.3260923],[113.3672054,23.3269224],[113.3672378,23.3278773],[113.3672893,23.3285042],[113.3674756,23.3294358],[113.3677624,23.3305123],[113.3681572,23.3316787],[113.3684616,23.3323456],[113.3688832,23.3330639],[113.3693412,23.3337887],[113.3697451,23.3343268],[113.3705733,23.3355168]]},"properties":{"key":"way:961956494@detail:453_93","osmType":"way","osmId":961956494,"sourceRegion":"guangzhou","featureType":"infrastructure","railClass":"intercity","mode":"rail","name":"广州东环城际线","nameEn":"Guangzhou East Ring Intercity Railway","operator":"广东城际运营","usage":"main","tunnel":"yes","status":"operational","color":"#D85757","sourceKey":"way:961956494"}},{"type":"Feature","geometry":{"type":"LineString","coordinates":[[113.3706211,23.3354812],[113.3695256,23.3339125],[113.3692646,23.3335279],[113.3688944,23.33294],[113.3684878,23.332249],[113.368245,23.3317196],[113.3680174,23.3310731],[113.3677322,23.3301619],[113.3674875,23.3292508],[113.3674086,23.3288802],[113.3673479,23.3284845],[113.3673175,23.3281445],[113.3672932,23.3277628],[113.367275,23.3272082],[113.367269,23.3268571],[113.3672629,23.3263054],[113.3672993,23.3240594],[113.3673297,23.3223039],[113.3673327,23.321872],[113.3673327,23.3214958],[113.3673236,23.3211558],[113.3672872,23.3207183],[113.3672477,23.3203365],[113.3671749,23.3198683],[113.3670869,23.3193277],[113.3670232,23.3190017],[113.3669382,23.3186673],[113.3668502,23.3183189],[113.3667409,23.3179818],[113.3666408,23.3176752],[113.3664405,23.3171123],[113.3662979,23.316764],[113.3661037,23.3163153],[113.3658579,23.3157345],[113.3656273,23.3151799],[113.3653508,23.314531]]},"properties":{"key":"way:961956496@detail:453_93","osmType":"way","osmId":961956496,"sourceRegion":"guangzhou","featureType":"infrastructure","railClass":"intercity","mode":"rail","name":"广州东环城际线","nameEn":"Guangzhou East Ring Intercity Railway","operator":"广东城际运营","usage":"main","tunnel":"yes","status":"operational","color":"#D85757","sourceKey":"way:961956496"}},{"type":"Feature","geometry":{"type":"LineString","coordinates":[[113.3705733,23.3355168],[113.3712676,23.3365028],[113.3724188,23.338103],[113.3729767,23.3388903],[113.3734603,23.3395761],[113.3736803,23.3399275],[113.373867,23.3402886],[113.3740237,23.3406196],[113.3741417,23.3409672],[113.3742146,23.3412371],[113.3742683,23.3414873],[113.3743241,23.3418057],[113.3743563,23.3420618],[113.3743713,23.3423218],[113.3743756,23.3425243],[113.3743713,23.3427686],[113.3743498,23.3430365],[113.3743284,23.3432419],[113.374279,23.3435295],[113.3742275,23.3437687],[113.3741546,23.3440583],[113.3740838,23.344273],[113.3740008,23.3444842],[113.3738795,23.3447837],[113.3737141,23.3450863],[113.3735745,23.3453231],[113.3733899,23.345614],[113.3731836,23.3458745],[113.3729936,23.3461042],[113.3727918,23.3463257],[113.3725703,23.3465305],[113.3723197,23.3467416],[113.3720739,23.3469352],[113.3717811,23.3471414],[113.3715854,23.347257],[113.37134,23.3473904],[113.3710851,23.3475255],[113.3708651,23.3476216],[113.3706163,23.3477359],[113.3703219,23.3478376],[113.3688225,23.3483206],[113.3674111,23.3487802],[113.3661977,23.349169],[113.3660426,23.3492187],[113.3650546,23.3495366],[113.3644977,23.3496927],[113.3640274,23.3498013],[113.3639147,23.349824]]},"properties":{"key":"way:961956497@detail:453_93","osmType":"way","osmId":961956497,"sourceRegion":"guangzhou","featureType":"infrastructure","railClass":"intercity","mode":"rail","name":"广州东环城际线","nameEn":"Guangzhou East Ring Intercity Railway","operator":"广东城际铁路运营有限公司","usage":"main","bridge":"viaduct","status":"operational","color":"#D85757","sourceKey":"way:961956497"}},{"type":"Feature","geometry":{"type":"LineString","coordinates":[[113.3620293,23.3502427],[113.3617289,23.3502775],[113.3595778,23.3505392],[113.3585201,23.3506718],[113.3578877,23.3507526],[113.3575087,23.350801],[113.3568158,23.3508855],[113.3565519,23.350918],[113.3559291,23.3509948],[113.3552326,23.3510743],[113.3540973,23.3512035],[113.3533763,23.3512914],[113.352368,23.3514131]]},"properties":{"key":"way:961956502@detail:453_93","osmType":"way","osmId":961956502,"sourceRegion":"guangzhou","featureType":"infrastructure","railClass":"intercity","mode":"rail","name":"穗深城际线","nameEn":"Guangzhou-Shenzhen Intercity Railway","ref":"0702","operator":"广东城际铁路运营有限公司","usage":"main","bridge":"yes","status":"operational","color":"#7456A6","sourceKey":"way:961956502"}},{"type":"Feature","geometry":{"type":"LineString","coordinates":[[113.3523717,23.35146],[113.3514127,23.3515694],[113.350385,23.3516878],[113.3489031,23.3518722],[113.3485012,23.3519313],[113.3481295,23.3520108],[113.3479324,23.3520675],[113.3477205,23.3521413],[113.3474525,23.3522512],[113.3471683,23.3524092],[113.3468658,23.3526119],[113.3466196,23.3527946],[113.3464043,23.3529823],[113.3460865,23.3533491],[113.3458955,23.3536016],[113.3457255,23.3539012],[113.3456211,23.3541372],[113.3455118,23.3544483],[113.3454452,23.3546789],[113.3454103,23.3548283],[113.3453672,23.3551383],[113.3453545,23.3554135],[113.3453649,23.3556692],[113.345402,23.3559964],[113.3454698,23.3563072],[113.3455791,23.3566022],[113.345679,23.3568341],[113.3458537,23.3571625],[113.3460479,23.3574441],[113.346205,23.3576401],[113.3464099,23.3578547],[113.3466455,23.3580698],[113.3468987,23.3582629],[113.3472119,23.3584546]]},"properties":{"key":"way:961956503@detail:453_93","osmType":"way","osmId":961956503,"sourceRegion":"guangzhou","featureType":"infrastructure","railClass":"minor","mode":"rail","name":"未命名","service":"yard","bridge":"yes","status":"operational","color":"#52636f","sourceKey":"way:961956503"}},{"type":"Feature","geometry":{"type":"LineString","coordinates":[[113.3523445,23.3513467],[113.3538744,23.3511654],[113.354391,23.3511034],[113.3552036,23.3510059],[113.3553649,23.3509874],[113.3565441,23.3508522],[113.357359,23.3507576],[113.3577152,23.3507103],[113.3581401,23.3506335],[113.3593717,23.3504426],[113.3597043,23.3503953],[113.3608303,23.3502573],[113.3620528,23.3501074]]},"properties":{"key":"way:961956504@detail:453_93","osmType":"way","osmId":961956504,"sourceRegion":"guangzhou","featureType":"infrastructure","railClass":"intercity","mode":"rail","name":"广州东环城际线","nameEn":"Guangzhou East Ring Intercity Railway","operator":"广东城际铁路运营有限公司","usage":"main","bridge":"viaduct","status":"operational","color":"#D85757","sourceKey":"way:961956504"}},{"type":"Feature","geometry":{"type":"LineString","coordinates":[[113.3639442,23.3499496],[113.3645521,23.3497685],[113.365062,23.3496128],[113.3657711,23.3493862],[113.366222,23.3492414],[113.367116,23.3489542],[113.3674056,23.3488612],[113.3681601,23.3486107],[113.3694789,23.3481899],[113.3696742,23.3481281],[113.3698129,23.3480843],[113.3703275,23.3479179],[113.3730486,23.3470731],[113.3745759,23.3466293],[113.3752426,23.3464546],[113.3759808,23.3462622],[113.3776306,23.3458595],[113.3846789,23.3441516],[113.3854136,23.3439773],[113.3866742,23.3436876],[113.3873235,23.3435492],[113.3879563,23.3434385],[113.3882496,23.3434012],[113.3918514,23.342922],[113.3941515,23.3425962],[113.3965729,23.3422577],[113.3969872,23.3421805],[113.3978652,23.342073],[113.3983894,23.3419892]]},"properties":{"key":"way:961956505@detail:453_93","osmType":"way","osmId":961956505,"sourceRegion":"guangzhou","featureType":"infrastructure","railClass":"construction","mode":"construction","name":"穗深城际线","nameEn":"Guangzhou-Shenzhen Intercity Railway","ref":"0702","usage":"main","bridge":"yes","status":"construction","color":"#7456A6","sourceKey":"way:961956505"}},{"type":"Feature","geometry":{"type":"LineString","coordinates":[[113.3583982,23.3507356],[113.3578877,23.3507526]]},"properties":{"key":"way:961956506@detail:453_93","osmType":"way","osmId":961956506,"sourceRegion":"guangzhou","featureType":"infrastructure","railClass":"intercity","mode":"rail","name":"广州东环城际线","nameEn":"Guangzhou East Ring Intercity Railway","operator":"广东城际铁路运营有限公司","usage":"main","service":"crossover","bridge":"viaduct","status":"operational","color":"#D85757","sourceKey":"way:961956506"}},{"type":"Feature","geometry":{"type":"LineString","coordinates":[[113.3565519,23.350918],[113.3553649,23.3509874]]},"properties":{"key":"way:961956507@detail:453_93","osmType":"way","osmId":961956507,"sourceRegion":"guangzhou","featureType":"infrastructure","railClass":"intercity","mode":"rail","name":"广州东环城际线","nameEn":"Guangzhou East Ring Intercity Railway","operator":"广东城际铁路运营有限公司","usage":"main","service":"crossover","bridge":"viaduct","status":"operational","color":"#D85757","sourceKey":"way:961956507"}},{"type":"Feature","geometry":{"type":"LineString","coordinates":[[113.3523837,23.3515306],[113.3536787,23.3513737],[113.3544216,23.3512794],[113.355165,23.3511862],[113.3553955,23.3511572],[113.3568473,23.3509953],[113.3572234,23.350955],[113.3580636,23.3508448],[113.3587012,23.3508015],[113.3591981,23.3507652],[113.3595362,23.3507429],[113.3597556,23.3507125],[113.3608861,23.3505721],[113.3619588,23.3504389],[113.3620821,23.3504194]]},"properties":{"key":"way:961956508@detail:453_93","osmType":"way","osmId":961956508,"sourceRegion":"guangzhou","featureType":"infrastructure","railClass":"intercity","mode":"rail","name":"广州东环城际线","nameEn":"Guangzhou East Ring Intercity Railway","operator":"广东城际铁路运营有限公司","usage":"main","bridge":"viaduct","status":"operational","color":"#D85757","sourceKey":"way:961956508"}},{"type":"Feature","geometry":{"type":"LineString","coordinates":[[113.3684303,23.3486578],[113.3700471,23.3481944],[113.370566,23.3480467],[113.3709665,23.3479074],[113.3714733,23.3476957],[113.3717185,23.3475811],[113.3720796,23.3473833],[113.3723436,23.3472162],[113.3727199,23.3469348],[113.3730506,23.3466617],[113.3733875,23.3462995],[113.373612,23.3460376],[113.3738369,23.3457175],[113.3740615,23.3453358],[113.3742466,23.3450015],[113.3743771,23.3446783],[113.3745075,23.3443411],[113.3746016,23.3439873],[113.3746653,23.3436613],[113.3747018,23.343352],[113.3747291,23.3431162],[113.3747382,23.342793],[113.3747048,23.3424447],[113.3746562,23.3420658],[113.3745902,23.341677],[113.3744702,23.3412764],[113.3743554,23.340939],[113.374238,23.3406664],[113.3740594,23.3403501],[113.3738119,23.3399588],[113.373521,23.3395441],[113.3730208,23.3388717],[113.3717405,23.3370996],[113.3706211,23.3354812]]},"properties":{"key":"way:961956509@detail:453_93","osmType":"way","osmId":961956509,"sourceRegion":"guangzhou","featureType":"infrastructure","railClass":"intercity","mode":"rail","name":"广州东环城际线","nameEn":"Guangzhou East Ring Intercity Railway","operator":"广东城际铁路运营有限公司","bridge":"yes","status":"operational","color":"#D85757","sourceKey":"way:961956509"}},{"type":"Feature","geometry":{"type":"LineString","coordinates":[[113.3565566,23.3509637],[113.3553955,23.3511572]]},"properties":{"key":"way:961956510@detail:453_93","osmType":"way","osmId":961956510,"sourceRegion":"guangzhou","featureType":"infrastructure","railClass":"intercity","mode":"rail","name":"广州东环城际线","nameEn":"Guangzhou East Ring Intercity Railway","operator":"广东城际铁路运营有限公司","usage":"main","service":"crossover","bridge":"viaduct","status":"operational","color":"#D85757","sourceKey":"way:961956510"}},{"type":"Feature","geometry":{"type":"LineString","coordinates":[[113.3533835,23.3513373],[113.3544216,23.3512794]]},"properties":{"key":"way:961956511@detail:453_93","osmType":"way","osmId":961956511,"sourceRegion":"guangzhou","featureType":"infrastructure","railClass":"construction","mode":"construction","name":"未命名","bridge":"yes","status":"construction","color":"#52636f","sourceKey":"way:961956511"}},{"type":"Feature","geometry":{"type":"LineString","coordinates":[[113.3533763,23.3512914],[113.354391,23.3511034]]},"properties":{"key":"way:961956512@detail:453_93","osmType":"way","osmId":961956512,"sourceRegion":"guangzhou","featureType":"infrastructure","railClass":"construction","mode":"construction","name":"未命名","bridge":"yes","status":"construction","color":"#52636f","sourceKey":"way:961956512"}},{"type":"Feature","geometry":{"type":"LineString","coordinates":[[113.440555,23.3624912],[113.4419518,23.362888],[113.4440791,23.3634923],[113.444664,23.3636417],[113.4451374,23.3637519],[113.4459978,23.3639335],[113.4465943,23.3640373],[113.447152,23.3641265],[113.4484915,23.3643005],[113.4526046,23.3648387],[113.453205,23.3649301],[113.4535231,23.3649792],[113.4538274,23.3650371],[113.4541949,23.3651129],[113.4545293,23.3651824],[113.4548838,23.3652687],[113.4553514,23.365386],[113.455895,23.3655474],[113.4563019,23.3656708],[113.4566627,23.3657908],[113.4571188,23.3659524],[113.4579739,23.3662665],[113.4864253,23.3769832],[113.4869732,23.3771735],[113.4872573,23.3772645],[113.4875775,23.3773604],[113.4879551,23.3774674],[113.4882333,23.3775363],[113.4886623,23.3776386],[113.4890072,23.3777136],[113.4894167,23.3777875],[113.4898543,23.3778653],[113.4902754,23.3779248],[113.4914046,23.3780589],[113.5,23.37901187316158]]},"properties":{"key":"way:967859722@detail:453_93","osmType":"way","osmId":967859722,"sourceRegion":"guangzhou","featureType":"infrastructure","railClass":"construction","mode":"construction","name":"穗深城际线","nameEn":"Guangzhou-Shenzhen Intercity Railway","ref":"0702","usage":"main","bridge":"yes","status":"construction","color":"#7456A6","sourceKey":"way:967859722"}},{"type":"Feature","geometry":{"type":"LineString","coordinates":[[113.5,23.378975838936924],[113.4914039,23.3780267],[113.4904632,23.3779111],[113.490077,23.3778597],[113.4896476,23.3777902],[113.4893632,23.3777426],[113.4889157,23.3776532],[113.4885404,23.377572],[113.4881687,23.3774859],[113.487898,23.377413],[113.4876526,23.3773435],[113.4872276,23.3772159],[113.4868346,23.3770835],[113.4865348,23.3769863],[113.48627,23.3768876],[113.4858441,23.376731],[113.4580506,23.3662578],[113.4572817,23.3659704],[113.4569793,23.3658591],[113.4567484,23.3657818],[113.456594,23.3657268],[113.4562739,23.3656146],[113.4558777,23.3654926],[113.4555617,23.3654056],[113.455291,23.3653307],[113.4546925,23.3651818],[113.4543391,23.3651026],[113.4540306,23.3650386],[113.4533571,23.3649176],[113.4529459,23.3648482],[113.4526469,23.364807],[113.4522698,23.3647538],[113.4479836,23.3642009],[113.4475513,23.3641489],[113.4472593,23.3641053],[113.4469772,23.3640653],[113.4466822,23.364018],[113.4464204,23.3639737],[113.4459519,23.3638862],[113.4457298,23.3638448],[113.4452354,23.3637365],[113.4449815,23.3636805],[113.4447501,23.3636276],[113.4445407,23.3635746],[113.4442408,23.3634979],[113.4440549,23.3634456],[113.4438569,23.3633934],[113.4428986,23.3631235],[113.4419605,23.3628565],[113.4405669,23.362458]]},"properties":{"key":"way:967859730@detail:453_93","osmType":"way","osmId":967859730,"sourceRegion":"guangzhou","featureType":"infrastructure","railClass":"construction","mode":"construction","name":"穗深城际线","nameEn":"Guangzhou-Shenzhen Intercity Railway","ref":"0702","usage":"main","bridge":"yes","status":"construction","color":"#7456A6","sourceKey":"way:967859730"}},{"type":"Feature","geometry":{"type":"LineString","coordinates":[[113.4405396,23.3625351],[113.4404288,23.3625032],[113.4380165,23.3618177]]},"properties":{"key":"way:967859796@detail:453_93","osmType":"way","osmId":967859796,"sourceRegion":"guangzhou","featureType":"infrastructure","railClass":"construction","mode":"construction","name":"未命名","service":"yard","status":"construction","color":"#52636f","sourceKey":"way:967859796"}},{"type":"Feature","geometry":{"type":"LineString","coordinates":[[113.4419518,23.362888],[113.4414312,23.3627586],[113.4410767,23.3626803],[113.440788,23.3626066],[113.4405396,23.3625351]]},"properties":{"key":"way:967859797@detail:453_93","osmType":"way","osmId":967859797,"sourceRegion":"guangzhou","featureType":"infrastructure","railClass":"construction","mode":"construction","name":"未命名","service":"yard","bridge":"yes","status":"construction","color":"#52636f","sourceKey":"way:967859797"}},{"type":"Feature","geometry":{"type":"LineString","coordinates":[[113.4231014,23.3528678],[113.4244304,23.3545982],[113.4248352,23.3551034],[113.4251439,23.3554704],[113.425521,23.3558899],[113.4258992,23.3562895],[113.4262859,23.356655],[113.426529,23.3568766],[113.4268204,23.3571383],[113.4272389,23.3574893],[113.4276913,23.3578431],[113.4280512,23.3580954],[113.4285266,23.3584144],[113.4290293,23.3587244],[113.4293215,23.3588892],[113.4295803,23.359029],[113.4300817,23.3592822],[113.4303823,23.359416],[113.4306369,23.3595263],[113.4310201,23.359683],[113.4315316,23.3598765],[113.4319439,23.3600169],[113.4323965,23.3601623],[113.4329171,23.3603153],[113.4336421,23.360526],[113.4348543,23.3608721],[113.4362884,23.3612732],[113.4380317,23.3617709]]},"properties":{"key":"way:967859798@detail:453_93","osmType":"way","osmId":967859798,"sourceRegion":"guangzhou","featureType":"infrastructure","railClass":"construction","mode":"construction","name":"穗深城际线","nameEn":"Guangzhou-Shenzhen Intercity Railway","ref":"0702","usage":"main","bridge":"yes","status":"construction","color":"#7456A6","sourceKey":"way:967859798"}},{"type":"Feature","geometry":{"type":"LineString","coordinates":[[113.4380317,23.3617709],[113.4404203,23.362453],[113.440555,23.3624912]]},"properties":{"key":"way:967859799@detail:453_93","osmType":"way","osmId":967859799,"sourceRegion":"guangzhou","featureType":"infrastructure","railClass":"construction","mode":"construction","name":"穗深城际线","nameEn":"Guangzhou-Shenzhen Intercity Railway","ref":"0702","usage":"main","status":"construction","color":"#7456A6","sourceKey":"way:967859799"}},{"type":"Feature","geometry":{"type":"LineString","coordinates":[[113.4380165,23.3618177],[113.4379064,23.3617864],[113.4374345,23.3616527],[113.437103,23.361547],[113.4366052,23.3613807],[113.4362884,23.3612732]]},"properties":{"key":"way:967859800@detail:453_93","osmType":"way","osmId":967859800,"sourceRegion":"guangzhou","featureType":"infrastructure","railClass":"construction","mode":"construction","name":"未命名","service":"yard","bridge":"yes","status":"construction","color":"#52636f","sourceKey":"way:967859800"}},{"type":"Feature","geometry":{"type":"LineString","coordinates":[[113.4405838,23.3624115],[113.4405767,23.3624095],[113.438057,23.3616905]]},"properties":{"key":"way:967859805@detail:453_93","osmType":"way","osmId":967859805,"sourceRegion":"guangzhou","featureType":"infrastructure","railClass":"construction","mode":"construction","name":"未命名","usage":"branch","service":"yard","status":"construction","color":"#52636f","sourceKey":"way:967859805"}},{"type":"Feature","geometry":{"type":"LineString","coordinates":[[113.4380429,23.3617364],[113.4362957,23.3612445],[113.4336074,23.3604795],[113.4330408,23.3603161],[113.4325183,23.360165],[113.4321923,23.3600637],[113.4318945,23.3599623],[113.4316602,23.359881],[113.4312252,23.3597265],[113.4308953,23.3595954],[113.4306361,23.3594872],[113.4304208,23.359394],[113.4301441,23.3592686],[113.4299348,23.3591674],[113.4297369,23.3590699],[113.4295067,23.3589476],[113.4292823,23.3588246],[113.4290395,23.3586893],[113.4287931,23.3585392],[113.4285454,23.3583834],[113.428216,23.3581576],[113.4277431,23.3578312],[113.4275207,23.3576559],[113.4270742,23.3573045],[113.4267535,23.3570216],[113.4263356,23.3566452],[113.4261362,23.3564633],[113.4259319,23.3562564],[113.4256123,23.3559358],[113.4254175,23.3557198],[113.4250794,23.35534],[113.4245441,23.3546871],[113.4231404,23.3528462]]},"properties":{"key":"way:967859806@detail:453_93","osmType":"way","osmId":967859806,"sourceRegion":"guangzhou","featureType":"infrastructure","railClass":"construction","mode":"construction","name":"穗深城际线","nameEn":"Guangzhou-Shenzhen Intercity Railway","ref":"0702","usage":"main","bridge":"yes","status":"construction","color":"#7456A6","sourceKey":"way:967859806"}},{"type":"Feature","geometry":{"type":"LineString","coordinates":[[113.4405669,23.362458],[113.4380429,23.3617364]]},"properties":{"key":"way:967859807@detail:453_93","osmType":"way","osmId":967859807,"sourceRegion":"guangzhou","featureType":"infrastructure","railClass":"construction","mode":"construction","name":"穗深城际线","nameEn":"Guangzhou-Shenzhen Intercity Railway","ref":"0702","usage":"main","status":"construction","color":"#7456A6","sourceKey":"way:967859807"}},{"type":"Feature","geometry":{"type":"LineString","coordinates":[[113.4419605,23.3628565],[113.4415337,23.3627219],[113.4413302,23.3626505],[113.4409876,23.3625337],[113.4408319,23.3624821],[113.4405838,23.3624115]]},"properties":{"key":"way:967859808@detail:453_93","osmType":"way","osmId":967859808,"sourceRegion":"guangzhou","featureType":"infrastructure","railClass":"construction","mode":"construction","name":"未命名","usage":"branch","service":"yard","bridge":"yes","status":"construction","color":"#52636f","sourceKey":"way:967859808"}},{"type":"Feature","geometry":{"type":"LineString","coordinates":[[113.438057,23.3616905],[113.43775,23.3616029],[113.4374823,23.3615335],[113.4372279,23.3614648],[113.4368139,23.3613707],[113.4366091,23.3613213],[113.4362957,23.3612445]]},"properties":{"key":"way:967859809@detail:453_93","osmType":"way","osmId":967859809,"sourceRegion":"guangzhou","featureType":"infrastructure","railClass":"construction","mode":"construction","name":"未命名","usage":"branch","service":"yard","bridge":"yes","status":"construction","color":"#52636f","sourceKey":"way:967859809"}},{"type":"Feature","geometry":{"type":"LineString","coordinates":[[113.4380751,23.361913],[113.4380958,23.3618512],[113.4401004,23.3624209],[113.4400787,23.3624857],[113.4396934,23.3623768],[113.4396645,23.3624629],[113.4392827,23.362355],[113.439279,23.3623659],[113.4387544,23.3622178],[113.4387574,23.362209],[113.4384499,23.3621221],[113.4384815,23.3620279],[113.4380751,23.361913]]},"properties":{"key":"way:967859813@detail:453_93","osmType":"way","osmId":967859813,"sourceRegion":"guangzhou","featureType":"infrastructure","railClass":"construction","mode":"construction","name":"未命名","status":"construction","color":"#52636f","sourceKey":"way:967859813"}},{"type":"Feature","geometry":{"type":"LineString","coordinates":[[113.438917,23.361746],[113.4389999,23.3617694],[113.4393852,23.3618769],[113.4394516,23.3618957],[113.4394443,23.3619172],[113.4398078,23.36202],[113.4397775,23.3621101],[113.4401677,23.3622204],[113.4401498,23.3622737],[113.4381461,23.3617013],[113.4381616,23.3616552],[113.4385591,23.3617675],[113.4385915,23.3616707],[113.4389119,23.3617613],[113.438917,23.361746]]},"properties":{"key":"way:967859814@detail:453_93","osmType":"way","osmId":967859814,"sourceRegion":"guangzhou","featureType":"infrastructure","railClass":"construction","mode":"construction","name":"未命名","status":"construction","color":"#52636f","sourceKey":"way:967859814"}},{"type":"Feature","geometry":{"type":"LineString","coordinates":[[113.4230444,23.3527915],[113.4231014,23.3528678]]},"properties":{"key":"way:967859817@detail:453_93","osmType":"way","osmId":967859817,"sourceRegion":"guangzhou","featureType":"infrastructure","railClass":"construction","mode":"construction","name":"穗深城际线","nameEn":"Guangzhou-Shenzhen Intercity Railway","ref":"0702","usage":"main","status":"construction","color":"#7456A6","sourceKey":"way:967859817"}},{"type":"Feature","geometry":{"type":"LineString","coordinates":[[113.423083,23.3527709],[113.4222213,23.3516682],[113.4216865,23.3509859],[113.4212311,23.3505076],[113.4206948,23.3499703],[113.4198282,23.3491502],[113.4190199,23.3484723],[113.4184652,23.3479992],[113.4174839,23.3473923],[113.4165087,23.3467964],[113.4142141,23.3455085],[113.412756,23.3447676],[113.4115199,23.3442147],[113.4085812,23.3429914]]},"properties":{"key":"way:967859818@detail:453_93","osmType":"way","osmId":967859818,"sourceRegion":"guangzhou","featureType":"infrastructure","railClass":"construction","mode":"construction","name":"穗深城际线","nameEn":"Guangzhou-Shenzhen Intercity Railway","ref":"0702","usage":"main","tunnel":"yes","status":"construction","color":"#7456A6","sourceKey":"way:967859818"}},{"type":"Feature","geometry":{"type":"LineString","coordinates":[[113.4085812,23.3429914],[113.4082235,23.3428385],[113.4077191,23.3426326],[113.4073555,23.3425035],[113.4070682,23.3424043],[113.4070276,23.3423918]]},"properties":{"key":"way:967859819@detail:453_93","osmType":"way","osmId":967859819,"sourceRegion":"guangzhou","featureType":"infrastructure","railClass":"construction","mode":"construction","name":"穗深城际线","nameEn":"Guangzhou-Shenzhen Intercity Railway","ref":"0702","usage":"main","status":"construction","color":"#7456A6","sourceKey":"way:967859819"}},{"type":"Feature","geometry":{"type":"LineString","coordinates":[[113.4231404,23.3528462],[113.4231236,23.3528242],[113.4231046,23.3527993],[113.423083,23.3527709]]},"properties":{"key":"way:967859820@detail:453_93","osmType":"way","osmId":967859820,"sourceRegion":"guangzhou","featureType":"infrastructure","railClass":"construction","mode":"construction","name":"穗深城际线","nameEn":"Guangzhou-Shenzhen Intercity Railway","ref":"0702","usage":"main","status":"construction","color":"#7456A6","sourceKey":"way:967859820"}},{"type":"Feature","geometry":{"type":"LineString","coordinates":[[113.4085685,23.3430202],[113.407882,23.3427374],[113.4075534,23.3426109],[113.4072048,23.342489],[113.407015,23.3424289]]},"properties":{"key":"way:967859821@detail:453_93","osmType":"way","osmId":967859821,"sourceRegion":"guangzhou","featureType":"infrastructure","railClass":"construction","mode":"construction","name":"穗深城际线","nameEn":"Guangzhou-Shenzhen Intercity Railway","ref":"0702","usage":"main","status":"construction","color":"#7456A6","sourceKey":"way:967859821"}},{"type":"Feature","geometry":{"type":"LineString","coordinates":[[113.4070276,23.3423918],[113.4068319,23.3423316],[113.4063889,23.342205],[113.4060782,23.3421202],[113.4055449,23.3419821],[113.405002,23.341867],[113.4045554,23.341792],[113.4040943,23.3417204],[113.4036042,23.3416576],[113.4032378,23.3416198],[113.4030349,23.3416115],[113.4027366,23.3416045],[113.4024385,23.3416131],[113.4007159,23.3416843],[113.4002793,23.3417141],[113.3998898,23.3417424],[113.3993656,23.3417937],[113.3992646,23.3418055]]},"properties":{"key":"way:967859822@detail:453_93","osmType":"way","osmId":967859822,"sourceRegion":"guangzhou","featureType":"infrastructure","railClass":"construction","mode":"construction","name":"穗深城际线","nameEn":"Guangzhou-Shenzhen Intercity Railway","ref":"0702","usage":"main","bridge":"yes","status":"construction","color":"#7456A6","sourceKey":"way:967859822"}},{"type":"Feature","geometry":{"type":"LineString","coordinates":[[113.3992646,23.3418055],[113.3983858,23.341948]]},"properties":{"key":"way:967859823@detail:453_93","osmType":"way","osmId":967859823,"sourceRegion":"guangzhou","featureType":"infrastructure","railClass":"construction","mode":"construction","name":"穗深城际线","nameEn":"Guangzhou-Shenzhen Intercity Railway","ref":"0702","usage":"main","status":"construction","color":"#7456A6","sourceKey":"way:967859823"}},{"type":"Feature","geometry":{"type":"LineString","coordinates":[[113.407015,23.3424289],[113.4068119,23.3423646],[113.4064553,23.3422607],[113.4059646,23.3421257],[113.405384,23.3419914],[113.4048418,23.3418824],[113.4041641,23.3417673],[113.4036438,23.341704],[113.4031529,23.3416671],[113.4027338,23.341657],[113.4017469,23.3416879],[113.40119,23.3417085],[113.4006386,23.3417339],[113.4001358,23.3417743],[113.3996434,23.3418144],[113.3992727,23.3418499]]},"properties":{"key":"way:967859824@detail:453_93","osmType":"way","osmId":967859824,"sourceRegion":"guangzhou","featureType":"infrastructure","railClass":"construction","mode":"construction","name":"穗深城际线","nameEn":"Guangzhou-Shenzhen Intercity Railway","ref":"0702","usage":"main","bridge":"yes","status":"construction","color":"#7456A6","sourceKey":"way:967859824"}},{"type":"Feature","geometry":{"type":"LineString","coordinates":[[113.3992727,23.3418499],[113.3992095,23.3418581],[113.3983894,23.3419892]]},"properties":{"key":"way:967859825@detail:453_93","osmType":"way","osmId":967859825,"sourceRegion":"guangzhou","featureType":"infrastructure","railClass":"construction","mode":"construction","name":"穗深城际线","nameEn":"Guangzhou-Shenzhen Intercity Railway","ref":"0702","usage":"main","status":"construction","color":"#7456A6","sourceKey":"way:967859825"}},{"type":"Feature","geometry":{"type":"LineString","coordinates":[[113.3983858,23.341948],[113.3982183,23.3419752],[113.3976056,23.342069],[113.3970651,23.3421471],[113.390126,23.3431146],[113.3882191,23.3433501],[113.3877581,23.3434238],[113.3873011,23.3435046],[113.3866588,23.3436434],[113.3855249,23.3439039],[113.384179,23.3442306],[113.3761606,23.3461769],[113.3753674,23.3463786],[113.374669,23.3465611],[113.3741656,23.3467044],[113.3728844,23.3470771],[113.3704887,23.3478289],[113.3692929,23.3482036],[113.3688527,23.3483505],[113.3685816,23.348437],[113.3680145,23.3486179],[113.3656086,23.3494024],[113.3652461,23.3495185]]},"properties":{"key":"way:967859826@detail:453_93","osmType":"way","osmId":967859826,"sourceRegion":"guangzhou","featureType":"infrastructure","railClass":"construction","mode":"construction","name":"穗深城际线","nameEn":"Guangzhou-Shenzhen Intercity Railway","ref":"0702","usage":"main","bridge":"yes","status":"construction","color":"#7456A6","sourceKey":"way:967859826"}},{"type":"Feature","geometry":{"type":"LineString","coordinates":[[113.3523717,23.35146],[113.3533835,23.3513373],[113.3536234,23.3513082],[113.3551934,23.3511243],[113.3563057,23.3509962],[113.3565566,23.3509637],[113.35743,23.3508583],[113.3581866,23.3507635],[113.3583982,23.3507356],[113.3593891,23.3506047],[113.3620372,23.3502824]]},"properties":{"key":"way:967859827@detail:453_93","osmType":"way","osmId":967859827,"sourceRegion":"guangzhou","featureType":"infrastructure","railClass":"intercity","mode":"rail","name":"穗深城际线","nameEn":"Guangzhou-Shenzhen Intercity Railway","ref":"0702","operator":"广东城际铁路运营有限公司","usage":"main","bridge":"yes","status":"operational","color":"#7456A6","sourceKey":"way:967859827"}},{"type":"Feature","geometry":{"type":"LineString","coordinates":[[113.3652781,23.3495984],[113.365582,23.3494906],[113.3659649,23.3493427],[113.366222,23.3492414]]},"properties":{"key":"way:967859828@detail:453_93","osmType":"way","osmId":967859828,"sourceRegion":"guangzhou","featureType":"infrastructure","railClass":"construction","mode":"construction","name":"未命名","service":"crossover","bridge":"yes","status":"construction","color":"#52636f","sourceKey":"way:967859828"}},{"type":"Feature","geometry":{"type":"LineString","coordinates":[[113.3652461,23.3495185],[113.3655112,23.3494156],[113.3658799,23.3492812],[113.3661977,23.349169]]},"properties":{"key":"way:967859829@detail:453_93","osmType":"way","osmId":967859829,"sourceRegion":"guangzhou","featureType":"infrastructure","railClass":"intercity","mode":"rail","name":"广州东环城际线","nameEn":"Guangzhou East Ring Intercity Railway","operator":"广东城际铁路运营有限公司","usage":"main","service":"crossover","bridge":"viaduct","status":"operational","color":"#D85757","sourceKey":"way:967859829"}},{"type":"Feature","geometry":{"type":"LineString","coordinates":[[113.367116,23.3489542],[113.3674028,23.3488471],[113.3677569,23.348715],[113.3680145,23.3486179]]},"properties":{"key":"way:967859830@detail:453_93","osmType":"way","osmId":967859830,"sourceRegion":"guangzhou","featureType":"infrastructure","railClass":"construction","mode":"construction","name":"未命名","service":"crossover","bridge":"yes","status":"construction","color":"#52636f","sourceKey":"way:967859830"}},{"type":"Feature","geometry":{"type":"LineString","coordinates":[[113.3685816,23.348437],[113.3688675,23.3483601],[113.3694043,23.3482013],[113.3696742,23.3481281]]},"properties":{"key":"way:967859831@detail:453_93","osmType":"way","osmId":967859831,"sourceRegion":"guangzhou","featureType":"infrastructure","railClass":"construction","mode":"construction","name":"未命名","service":"crossover","bridge":"yes","status":"construction","color":"#52636f","sourceKey":"way:967859831"}},{"type":"Feature","geometry":{"type":"LineString","coordinates":[[113.3487866,23.3593251],[113.3491308,23.3594863]]},"properties":{"key":"way:967859832@detail:453_93","osmType":"way","osmId":967859832,"sourceRegion":"guangzhou","featureType":"infrastructure","railClass":"minor","mode":"rail","name":"未命名","service":"yard","bridge":"yes","status":"operational","color":"#52636f","sourceKey":"way:967859832"}},{"type":"Feature","geometry":{"type":"LineString","coordinates":[[113.3472119,23.3584546],[113.3472697,23.3584867],[113.3481842,23.3590118],[113.3484162,23.359145]]},"properties":{"key":"way:967859833@detail:453_93","osmType":"way","osmId":967859833,"sourceRegion":"guangzhou","featureType":"infrastructure","railClass":"minor","mode":"rail","name":"未命名","service":"yard","status":"operational","color":"#52636f","sourceKey":"way:967859833"}},{"type":"Feature","geometry":{"type":"LineString","coordinates":[[113.352368,23.3514131],[113.3487924,23.3518393],[113.3485299,23.3518873],[113.3482834,23.3519403],[113.3480196,23.3520037],[113.3477729,23.3520847],[113.347579,23.3521581],[113.3473905,23.3522384],[113.3471888,23.3523408],[113.347014,23.3524502],[113.3467887,23.3526137],[113.3465666,23.3527802],[113.3463718,23.3529608],[113.3461804,23.353167],[113.3459044,23.3535141],[113.3457845,23.3536924],[113.3456844,23.3538666],[113.3456373,23.3539627],[113.3455706,23.3541173],[113.3454335,23.3545455],[113.3453776,23.3547642],[113.3453397,23.3550044],[113.3453178,23.3551423],[113.3453095,23.3554251],[113.3453219,23.3556675],[113.345348,23.3558714],[113.3453859,23.3561202],[113.345431,23.3563355],[113.3455311,23.3566214],[113.3456706,23.3569267],[113.3458112,23.3571814],[113.34597,23.3574257],[113.3461333,23.3576324],[113.3463758,23.3578924],[113.3466161,23.3581091],[113.3468565,23.3582903],[113.3470603,23.3584223],[113.3471767,23.358489]]},"properties":{"key":"way:967859834@detail:453_93","osmType":"way","osmId":967859834,"sourceRegion":"guangzhou","featureType":"infrastructure","railClass":"minor","mode":"rail","name":"未命名","service":"yard","bridge":"yes","status":"operational","color":"#52636f","sourceKey":"way:967859834"}},{"type":"Feature","geometry":{"type":"LineString","coordinates":[[113.3490659,23.3595498],[113.3490746,23.3595545],[113.3492935,23.3596778],[113.3497894,23.3599572],[113.3503146,23.3602635],[113.3504929,23.3603509],[113.3507381,23.3604532],[113.3509488,23.3605239],[113.3511514,23.3605834],[113.3514898,23.3606486],[113.3517554,23.3606781],[113.351999,23.3606807],[113.3521752,23.3606794],[113.3524145,23.3606636],[113.3526494,23.3606228],[113.3528904,23.3605727],[113.3530555,23.3605306],[113.3532832,23.3604488],[113.3535639,23.3603355],[113.3538272,23.3602282],[113.3541735,23.3600872],[113.3547807,23.3598397],[113.3553261,23.3596121],[113.3558407,23.3594052],[113.3582175,23.358433]]},"properties":{"key":"way:967859835@detail:453_93","osmType":"way","osmId":967859835,"sourceRegion":"guangzhou","featureType":"infrastructure","railClass":"minor","mode":"rail","name":"未命名","service":"yard","status":"operational","color":"#52636f","sourceKey":"way:967859835"}},{"type":"Feature","geometry":{"type":"LineString","coordinates":[[113.3471767,23.358489],[113.3476139,23.3587395],[113.3481372,23.3590292],[113.3483903,23.359174]]},"properties":{"key":"way:967859836@detail:453_93","osmType":"way","osmId":967859836,"sourceRegion":"guangzhou","featureType":"infrastructure","railClass":"minor","mode":"rail","name":"未命名","service":"yard","status":"operational","color":"#52636f","sourceKey":"way:967859836"}},{"type":"Feature","geometry":{"type":"LineString","coordinates":[[113.3485281,23.3592556],[113.3487005,23.3593525],[113.3487205,23.3593637]]},"properties":{"key":"way:967859837@detail:453_93","osmType":"way","osmId":967859837,"sourceRegion":"guangzhou","featureType":"infrastructure","railClass":"minor","mode":"rail","name":"未命名","service":"yard","status":"operational","color":"#52636f","sourceKey":"way:967859837"}},{"type":"Feature","geometry":{"type":"LineString","coordinates":[[113.3483903,23.359174],[113.3485281,23.3592556]]},"properties":{"key":"way:967859838@detail:453_93","osmType":"way","osmId":967859838,"sourceRegion":"guangzhou","featureType":"infrastructure","railClass":"minor","mode":"rail","name":"未命名","service":"yard","bridge":"yes","status":"operational","color":"#52636f","sourceKey":"way:967859838"}},{"type":"Feature","geometry":{"type":"LineString","coordinates":[[113.3485683,23.3592228],[113.3487153,23.3592945]]},"properties":{"key":"way:967859839@detail:453_93","osmType":"way","osmId":967859839,"sourceRegion":"guangzhou","featureType":"infrastructure","railClass":"minor","mode":"rail","name":"未命名","service":"yard","status":"operational","color":"#52636f","sourceKey":"way:967859839"}},{"type":"Feature","geometry":{"type":"LineString","coordinates":[[113.3484162,23.359145],[113.3485683,23.3592228]]},"properties":{"key":"way:967859840@detail:453_93","osmType":"way","osmId":967859840,"sourceRegion":"guangzhou","featureType":"infrastructure","railClass":"minor","mode":"rail","name":"未命名","service":"yard","bridge":"yes","status":"operational","color":"#52636f","sourceKey":"way:967859840"}},{"type":"Feature","geometry":{"type":"LineString","coordinates":[[113.27409574577219,23.25],[113.2741786,23.250626],[113.2742649,23.2514272],[113.2745733,23.2587418]]},"properties":{"key":"way:970344581@detail:453_93","osmType":"way","osmId":970344581,"sourceRegion":"guangzhou","featureType":"infrastructure","railClass":"construction","mode":"construction","name":"广州地铁22号线","nameEn":"Guangzhou Metro Line 22","usage":"main","tunnel":"yes","status":"construction","color":"#52636f","sourceKey":"way:970344581"}},{"type":"Feature","geometry":{"type":"LineString","coordinates":[[113.3249457,23.2823293],[113.3256823,23.2831468],[113.326604,23.2841733],[113.3266228,23.2841928],[113.3267156,23.2842844],[113.3268347,23.2843595],[113.3270868,23.2844839]]},"properties":{"key":"way:973413166@detail:453_93","osmType":"way","osmId":973413166,"sourceRegion":"guangzhou","featureType":"infrastructure","railClass":"metro","mode":"subway","name":"未命名","service":"yard","tunnel":"yes","status":"operational","color":"#52636f","sourceKey":"way:973413166"}},{"type":"Feature","geometry":{"type":"LineString","coordinates":[[113.3249878,23.2822999],[113.3257176,23.2831193],[113.3266418,23.2841409],[113.326663,23.2841616],[113.3267366,23.2842372],[113.3268814,23.2843552],[113.3270868,23.2844839],[113.3273973,23.2846174]]},"properties":{"key":"way:973413167@detail:453_93","osmType":"way","osmId":973413167,"sourceRegion":"guangzhou","featureType":"infrastructure","railClass":"metro","mode":"subway","name":"未命名","service":"yard","tunnel":"yes","status":"operational","color":"#52636f","sourceKey":"way:973413167"}},{"type":"Feature","geometry":{"type":"LineString","coordinates":[[113.3250364,23.282261],[113.3257735,23.2830757],[113.3266981,23.2840917],[113.3267214,23.2841152],[113.3268183,23.2842115],[113.3269467,23.2843359],[113.3271055,23.284456],[113.32736,23.2845997],[113.3273973,23.2846174],[113.3277795,23.2847992]]},"properties":{"key":"way:973413168@detail:453_93","osmType":"way","osmId":973413168,"sourceRegion":"guangzhou","featureType":"infrastructure","railClass":"metro","mode":"subway","name":"未命名","service":"yard","tunnel":"yes","status":"operational","color":"#52636f","sourceKey":"way:973413168"}},{"type":"Feature","geometry":{"type":"LineString","coordinates":[[113.3250718,23.2822363],[113.3258121,23.2830455],[113.3267381,23.2840568],[113.3267611,23.2840821],[113.3268382,23.2841592],[113.3269079,23.2842251],[113.3269897,23.2842934],[113.3271387,23.2843948]]},"properties":{"key":"way:973413169@detail:453_93","osmType":"way","osmId":973413169,"sourceRegion":"guangzhou","featureType":"infrastructure","railClass":"metro","mode":"subway","name":"未命名","service":"yard","tunnel":"yes","status":"operational","color":"#52636f","sourceKey":"way:973413169"}},{"type":"Feature","geometry":{"type":"LineString","coordinates":[[113.3251099,23.282207],[113.325855,23.283012],[113.3267876,23.2840194],[113.3268107,23.2840425],[113.3268938,23.2841313],[113.3270059,23.2842685],[113.3271387,23.2843948],[113.3275102,23.2845978]]},"properties":{"key":"way:973413170@detail:453_93","osmType":"way","osmId":973413170,"sourceRegion":"guangzhou","featureType":"infrastructure","railClass":"metro","mode":"subway","name":"未命名","service":"yard","tunnel":"yes","status":"operational","color":"#52636f","sourceKey":"way:973413170"}},{"type":"Feature","geometry":{"type":"LineString","coordinates":[[113.3251562,23.2821678],[113.3259062,23.282972],[113.3268406,23.2839739],[113.3268639,23.284002],[113.326991,23.2841534],[113.3271042,23.2842709],[113.3272244,23.2843753],[113.3274105,23.2845257],[113.3275102,23.2845978],[113.3276071,23.2846679],[113.3277795,23.2847992],[113.327921,23.2849069],[113.3282953,23.2852206],[113.3283844,23.2852978]]},"properties":{"key":"way:973413171@detail:453_93","osmType":"way","osmId":973413171,"sourceRegion":"guangzhou","featureType":"infrastructure","railClass":"metro","mode":"subway","name":"未命名","service":"yard","tunnel":"yes","status":"operational","color":"#52636f","sourceKey":"way:973413171"}},{"type":"Feature","geometry":{"type":"LineString","coordinates":[[113.3251983,23.2821344],[113.3259484,23.2829391],[113.3268832,23.2839419],[113.3269048,23.2839685],[113.3269878,23.2840707],[113.3270739,23.2841719],[113.3271795,23.2842765],[113.3273829,23.2844477],[113.3278125,23.2847653],[113.3279636,23.2848793],[113.3280431,23.2849443],[113.3284217,23.2852584]]},"properties":{"key":"way:973413172@detail:453_93","osmType":"way","osmId":973413172,"sourceRegion":"guangzhou","featureType":"infrastructure","railClass":"metro","mode":"subway","name":"未命名","service":"yard","tunnel":"yes","status":"operational","color":"#52636f","sourceKey":"way:973413172"}},{"type":"Feature","geometry":{"type":"LineString","coordinates":[[113.325242,23.282102],[113.3259926,23.2829046],[113.3269326,23.2839097],[113.32695,23.2839339],[113.3270285,23.2840318],[113.3271318,23.2841649],[113.3271988,23.2842446],[113.3273829,23.2844477]]},"properties":{"key":"way:973413173@detail:453_93","osmType":"way","osmId":973413173,"sourceRegion":"guangzhou","featureType":"infrastructure","railClass":"metro","mode":"subway","name":"未命名","service":"yard","tunnel":"yes","status":"operational","color":"#52636f","sourceKey":"way:973413173"}},{"type":"Feature","geometry":{"type":"LineString","coordinates":[[113.3252835,23.2820648],[113.3260367,23.2828701],[113.3269759,23.2838743],[113.3269975,23.2838992],[113.3270352,23.2839505],[113.3271036,23.2840663],[113.3271988,23.2842446]]},"properties":{"key":"way:973413174@detail:453_93","osmType":"way","osmId":973413174,"sourceRegion":"guangzhou","featureType":"infrastructure","railClass":"metro","mode":"subway","name":"未命名","service":"yard","tunnel":"yes","status":"operational","color":"#52636f","sourceKey":"way:973413174"}},{"type":"Feature","geometry":{"type":"LineString","coordinates":[[113.3278125,23.2847653],[113.3275531,23.2845186],[113.3274627,23.2844204],[113.3273857,23.2843296],[113.3273734,23.2843141],[113.3272245,23.2840924],[113.3271092,23.2839359],[113.3270464,23.2838576],[113.3270254,23.2838326],[113.3261401,23.2828866]]},"properties":{"key":"way:973413175@detail:453_93","osmType":"way","osmId":973413175,"sourceRegion":"guangzhou","featureType":"infrastructure","railClass":"metro","mode":"subway","name":"未命名","service":"yard","tunnel":"yes","status":"operational","color":"#52636f","sourceKey":"way:973413175"}},{"type":"Feature","geometry":{"type":"LineString","coordinates":[[113.3262037,23.2828425],[113.3270818,23.2837879],[113.3271014,23.2838152],[113.3271519,23.2838745],[113.3272283,23.2839915],[113.3273128,23.2841775],[113.3273857,23.2843296]]},"properties":{"key":"way:973413176@detail:453_93","osmType":"way","osmId":973413176,"sourceRegion":"guangzhou","featureType":"infrastructure","railClass":"metro","mode":"subway","name":"未命名","service":"yard","tunnel":"yes","status":"operational","color":"#52636f","sourceKey":"way:973413176"}},{"type":"Feature","geometry":{"type":"LineString","coordinates":[[113.3267067,23.2832994],[113.3271304,23.2837552],[113.3271492,23.2837812],[113.3272203,23.2838609],[113.3272913,23.283973],[113.3273758,23.2841504],[113.3274053,23.2842398],[113.3274482,23.2843414],[113.3274951,23.2844288],[113.3275531,23.2845186]]},"properties":{"key":"way:973413177@detail:453_93","osmType":"way","osmId":973413177,"sourceRegion":"guangzhou","featureType":"infrastructure","railClass":"metro","mode":"subway","name":"未命名","service":"yard","tunnel":"yes","status":"operational","color":"#52636f","sourceKey":"way:973413177"}},{"type":"Feature","geometry":{"type":"LineString","coordinates":[[113.3280431,23.2849443],[113.3274781,23.2842204]]},"properties":{"key":"way:973413178@detail:453_93","osmType":"way","osmId":973413178,"sourceRegion":"guangzhou","featureType":"infrastructure","railClass":"metro","mode":"subway","name":"未命名","service":"yard","tunnel":"yes","status":"operational","color":"#52636f","sourceKey":"way:973413178"}},{"type":"Feature","geometry":{"type":"LineString","coordinates":[[113.3267707,23.2843903],[113.3277647,23.2848758],[113.3279121,23.2849635],[113.3279549,23.2849999],[113.3283441,23.2853313],[113.3290401,23.2859497],[113.3291363,23.2860356],[113.3295271,23.2863844],[113.3301476,23.2869656],[113.3304453,23.2872122]]},"properties":{"key":"way:973413179@detail:453_93","osmType":"way","osmId":973413179,"sourceRegion":"guangzhou","featureType":"infrastructure","railClass":"metro","mode":"subway","name":"未命名","service":"yard","tunnel":"yes","status":"operational","color":"#52636f","sourceKey":"way:973413179"}},{"type":"Feature","geometry":{"type":"LineString","coordinates":[[113.3279549,23.2849999],[113.3282953,23.2852206]]},"properties":{"key":"way:973413180@detail:453_93","osmType":"way","osmId":973413180,"sourceRegion":"guangzhou","featureType":"infrastructure","railClass":"metro","mode":"subway","name":"未命名","service":"yard","tunnel":"yes","status":"operational","color":"#52636f","sourceKey":"way:973413180"}},{"type":"Feature","geometry":{"type":"LineString","coordinates":[[113.3285347,23.2854315],[113.3287005,23.2855431],[113.3288737,23.2856597]]},"properties":{"key":"way:973413181@detail:453_93","osmType":"way","osmId":973413181,"sourceRegion":"guangzhou","featureType":"infrastructure","railClass":"metro","mode":"subway","name":"未命名","service":"yard","tunnel":"yes","status":"operational","color":"#52636f","sourceKey":"way:973413181"}},{"type":"Feature","geometry":{"type":"LineString","coordinates":[[113.3285694,23.2853895],[113.3287005,23.2855431],[113.3288278,23.2856921]]},"properties":{"key":"way:973413182@detail:453_93","osmType":"way","osmId":973413182,"sourceRegion":"guangzhou","featureType":"infrastructure","railClass":"metro","mode":"subway","name":"未命名","service":"yard","tunnel":"yes","status":"operational","color":"#52636f","sourceKey":"way:973413182"}},{"type":"Feature","geometry":{"type":"LineString","coordinates":[[113.3288963,23.2857531],[113.3291363,23.2860356]]},"properties":{"key":"way:973413183@detail:453_93","osmType":"way","osmId":973413183,"sourceRegion":"guangzhou","featureType":"infrastructure","railClass":"metro","mode":"subway","name":"未命名","service":"yard","tunnel":"yes","status":"operational","color":"#52636f","sourceKey":"way:973413183"}},{"type":"Feature","geometry":{"type":"LineString","coordinates":[[113.3289304,23.2857101],[113.3292424,23.2859167],[113.3293838,23.2860249],[113.3297846,23.2863931],[113.3306729,23.2871085]]},"properties":{"key":"way:973413184@detail:453_93","osmType":"way","osmId":973413184,"sourceRegion":"guangzhou","featureType":"infrastructure","railClass":"metro","mode":"subway","name":"未命名","service":"yard","tunnel":"yes","status":"operational","color":"#52636f","sourceKey":"way:973413184"}},{"type":"Feature","geometry":{"type":"LineString","coordinates":[[113.2999128,23.3989737],[113.2998453,23.3987304],[113.2998167,23.3986258],[113.2996384,23.3979752]]},"properties":{"key":"way:981465755@detail:453_93","osmType":"way","osmId":981465755,"sourceRegion":"guangzhou","featureType":"infrastructure","railClass":"metro","mode":"subway","name":"广州地铁3号线","nameEn":"Guangzhou Metro Line 3","tunnel":"yes","status":"operational","color":"#52636f","sourceKey":"way:981465755"}},{"type":"Feature","geometry":{"type":"LineString","coordinates":[[113.2996781,23.3979662],[113.2998573,23.3986152],[113.2998859,23.3987187],[113.2999549,23.3989643]]},"properties":{"key":"way:981465756@detail:453_93","osmType":"way","osmId":981465756,"sourceRegion":"guangzhou","featureType":"infrastructure","railClass":"metro","mode":"subway","name":"广州地铁3号线","nameEn":"Guangzhou Metro Line 3","tunnel":"yes","status":"operational","color":"#52636f","sourceKey":"way:981465756"}},{"type":"Feature","geometry":{"type":"LineString","coordinates":[[113.2890987,23.3543254],[113.2895716,23.3560444],[113.2896211,23.3562186],[113.2896454,23.3563055],[113.2896638,23.3563701],[113.2896823,23.3564298],[113.2897505,23.3566539],[113.2898143,23.3568624],[113.2898497,23.3569784],[113.2898748,23.3570635],[113.2899039,23.3571722],[113.2900792,23.3578024]]},"properties":{"key":"way:983116082@detail:453_93","osmType":"way","osmId":983116082,"sourceRegion":"guangzhou","featureType":"infrastructure","railClass":"metro","mode":"subway","name":"广州地铁9号线","tunnel":"yes","status":"operational","color":"#52636f","sourceKey":"way:983116082"}},{"type":"Feature","geometry":{"type":"LineString","coordinates":[[113.2899533,23.357832],[113.2897728,23.3571822],[113.2897287,23.3570148],[113.2897108,23.356943],[113.289694,23.3568602],[113.2896772,23.35677],[113.2896607,23.3566749],[113.2896455,23.3565866],[113.2896306,23.3565057],[113.2896165,23.3564406],[113.2895967,23.3563537],[113.2895649,23.3562287],[113.2895178,23.3560561],[113.2890489,23.3543402]]},"properties":{"key":"way:983116083@detail:453_93","osmType":"way","osmId":983116083,"sourceRegion":"guangzhou","featureType":"infrastructure","railClass":"metro","mode":"subway","name":"广州地铁9号线","tunnel":"yes","status":"operational","color":"#52636f","sourceKey":"way:983116083"}},{"type":"Feature","geometry":{"type":"LineString","coordinates":[[113.4610252,23.4152305],[113.4616106,23.4157176]]},"properties":{"key":"way:983519617@detail:453_93","osmType":"way","osmId":983519617,"sourceRegion":"guangzhou","featureType":"infrastructure","railClass":"metro","mode":"subway","name":"广州地铁14号线知识城支线","bridge":"yes","status":"operational","color":"#52636f","sourceKey":"way:983519617"}},{"type":"Feature","geometry":{"type":"LineString","coordinates":[[113.4615816,23.4157463],[113.4609973,23.4152601]]},"properties":{"key":"way:983519618@detail:453_93","osmType":"way","osmId":983519618,"sourceRegion":"guangzhou","featureType":"infrastructure","railClass":"metro","mode":"subway","name":"广州地铁14号线知识城支线","bridge":"yes","status":"operational","color":"#52636f","sourceKey":"way:983519618"}},{"type":"Feature","geometry":{"type":"LineString","coordinates":[[113.25,23.321488067517084],[113.2501964,23.3213745],[113.2510979,23.3208644],[113.2528645,23.3198572]]},"properties":{"key":"way:1021152581@detail:453_93","osmType":"way","osmId":1021152581,"sourceRegion":"guangzhou","featureType":"infrastructure","railClass":"national","mode":"rail","name":"广石铁路","usage":"main","status":"operational","color":"#E54848","sourceKey":"way:1021152581"}},{"type":"Feature","geometry":{"type":"LineString","coordinates":[[113.25,23.32151110947027],[113.2501964,23.3213745]]},"properties":{"key":"way:1021152598@detail:453_93","osmType":"way","osmId":1021152598,"sourceRegion":"guangzhou","featureType":"infrastructure","railClass":"minor","mode":"rail","name":"未命名","service":"crossover","status":"operational","color":"#52636f","sourceKey":"way:1021152598"}},{"type":"Feature","geometry":{"type":"LineString","coordinates":[[113.2528645,23.3198572],[113.2532006,23.3196677],[113.2536217,23.3194275],[113.2543557,23.318998],[113.2550191,23.3185775],[113.2552666,23.3184041],[113.255515,23.3182176],[113.2557702,23.3180079],[113.2560461,23.3177719],[113.2562156,23.3176123],[113.256413,23.3174133],[113.2566076,23.3171922],[113.2568124,23.3169581],[113.2570265,23.3166803],[113.2571478,23.3165177],[113.2573109,23.3162797],[113.2575649,23.3158751],[113.2591549,23.3131734],[113.2593456,23.3128478],[113.2594961,23.3125771],[113.2596855,23.3122807],[113.2598443,23.3120443],[113.2600653,23.311723],[113.260237,23.3115004],[113.2604382,23.3112503],[113.2605975,23.3110622],[113.2607598,23.3108713],[113.2609298,23.3106985],[113.2611762,23.3104381],[113.2614009,23.3102291],[113.2616345,23.3100131],[113.261888,23.3097945],[113.2620857,23.3096258],[113.2624044,23.3093786],[113.2626898,23.3091688],[113.2630573,23.3089317],[113.2634159,23.3087103],[113.2638587,23.308457],[113.2642644,23.3082414],[113.2644596,23.3081477],[113.2648911,23.3079556],[113.2667589,23.3071592],[113.268903,23.306309],[113.2692054,23.3062094],[113.2695639,23.3061028],[113.2699747,23.3059868],[113.2704846,23.305856],[113.2709628,23.3057483],[113.2714427,23.3056588],[113.2719166,23.3055865],[113.2722846,23.3055348],[113.2727286,23.3054902],[113.273143,23.3054519],[113.2743016,23.3053791],[113.2802082,23.3050288],[113.2809519,23.3049857],[113.282178,23.3049171],[113.2828772,23.3048937],[113.2841163,23.3048537],[113.2901278,23.3046645],[113.2917407,23.3046185],[113.2920305,23.3046066],[113.292384,23.3045913],[113.2927457,23.3045671],[113.2929869,23.3045496],[113.2932676,23.3045214],[113.2934615,23.3044957],[113.2936925,23.3044465],[113.2940121,23.304386],[113.2943738,23.304304],[113.2946481,23.3042352],[113.2948678,23.3041773],[113.2951087,23.3041044],[113.2953228,23.3040355],[113.2956073,23.3039288],[113.2962121,23.303657],[113.2969902,23.3032931],[113.2977941,23.3028888],[113.3046813,23.2994099]]},"properties":{"key":"way:1021152601@detail:453_93","osmType":"way","osmId":1021152601,"sourceRegion":"guangzhou","featureType":"infrastructure","railClass":"national","mode":"rail","name":"广石铁路","usage":"main","bridge":"yes","status":"operational","color":"#E54848","sourceKey":"way:1021152601"}},{"type":"Feature","geometry":{"type":"LineString","coordinates":[[113.25,23.3215442734306],[113.2527908,23.3199509],[113.2528945,23.3198955]]},"properties":{"key":"way:1021152602@detail:453_93","osmType":"way","osmId":1021152602,"sourceRegion":"guangzhou","featureType":"infrastructure","railClass":"national","mode":"rail","name":"广石铁路","usage":"main","status":"operational","color":"#E54848","sourceKey":"way:1021152602"}},{"type":"Feature","geometry":{"type":"LineString","coordinates":[[113.3124264,23.2957696],[113.3125378,23.2957347],[113.3129059,23.2956399],[113.3132957,23.2955491],[113.3138122,23.2954472],[113.3142194,23.2953784],[113.3147411,23.2953125],[113.3151658,23.2952818],[113.3157708,23.2952595],[113.3163188,23.2952605],[113.3177646,23.29527],[113.3190385,23.2952916],[113.3250515,23.2954009],[113.3256293,23.2954096],[113.3271557,23.2954221]]},"properties":{"key":"way:1021152603@detail:453_93","osmType":"way","osmId":1021152603,"sourceRegion":"guangzhou","featureType":"infrastructure","railClass":"national","mode":"rail","name":"广石铁路","usage":"main","status":"operational","color":"#E54848","sourceKey":"way:1021152603"}},{"type":"Feature","geometry":{"type":"LineString","coordinates":[[113.3046813,23.2994099],[113.3075394,23.2979699]]},"properties":{"key":"way:1021152604@detail:453_93","osmType":"way","osmId":1021152604,"sourceRegion":"guangzhou","featureType":"infrastructure","railClass":"national","mode":"rail","name":"广石铁路","usage":"main","status":"operational","color":"#E54848","sourceKey":"way:1021152604"}},{"type":"Feature","geometry":{"type":"LineString","coordinates":[[113.3047013,23.2994411],[113.304752,23.2994155],[113.3075587,23.2979994]]},"properties":{"key":"way:1021152605@detail:453_93","osmType":"way","osmId":1021152605,"sourceRegion":"guangzhou","featureType":"infrastructure","railClass":"national","mode":"rail","name":"广石铁路","usage":"main","status":"operational","color":"#E54848","sourceKey":"way:1021152605"}},{"type":"Feature","geometry":{"type":"LineString","coordinates":[[113.3075394,23.2979699],[113.309596,23.296938]]},"properties":{"key":"way:1021152606@detail:453_93","osmType":"way","osmId":1021152606,"sourceRegion":"guangzhou","featureType":"infrastructure","railClass":"national","mode":"rail","name":"广石铁路","usage":"main","bridge":"yes","status":"operational","color":"#E54848","sourceKey":"way:1021152606"}},{"type":"Feature","geometry":{"type":"LineString","coordinates":[[113.3075587,23.2979994],[113.3079904,23.2977816],[113.3096203,23.296968]]},"properties":{"key":"way:1021152607@detail:453_93","osmType":"way","osmId":1021152607,"sourceRegion":"guangzhou","featureType":"infrastructure","railClass":"national","mode":"rail","name":"广石铁路","usage":"main","bridge":"yes","status":"operational","color":"#E54848","sourceKey":"way:1021152607"}},{"type":"Feature","geometry":{"type":"LineString","coordinates":[[113.309596,23.296938],[113.3106742,23.2963971],[113.3109749,23.2962587],[113.3112283,23.2961556],[113.3114482,23.2960662],[113.3117774,23.2959457],[113.3121,23.2958334]]},"properties":{"key":"way:1021152608@detail:453_93","osmType":"way","osmId":1021152608,"sourceRegion":"guangzhou","featureType":"infrastructure","railClass":"national","mode":"rail","name":"广石铁路","usage":"main","status":"operational","color":"#E54848","sourceKey":"way:1021152608"}},{"type":"Feature","geometry":{"type":"LineString","coordinates":[[113.3096203,23.296968],[113.3106989,23.2964296],[113.3109674,23.2963083],[113.3113185,23.2961568],[113.3116049,23.2960406],[113.3119784,23.2959121],[113.3120936,23.2958752]]},"properties":{"key":"way:1021152609@detail:453_93","osmType":"way","osmId":1021152609,"sourceRegion":"guangzhou","featureType":"infrastructure","railClass":"national","mode":"rail","name":"广石铁路","usage":"main","status":"operational","color":"#E54848","sourceKey":"way:1021152609"}},{"type":"Feature","geometry":{"type":"LineString","coordinates":[[113.3120936,23.2958752],[113.3122812,23.295815],[113.3124264,23.2957696]]},"properties":{"key":"way:1021152610@detail:453_93","osmType":"way","osmId":1021152610,"sourceRegion":"guangzhou","featureType":"infrastructure","railClass":"national","mode":"rail","name":"广石铁路","usage":"main","bridge":"yes","status":"operational","color":"#E54848","sourceKey":"way:1021152610"}},{"type":"Feature","geometry":{"type":"LineString","coordinates":[[113.3124247,23.2957297],[113.3126683,23.2956662],[113.3130229,23.2955711],[113.3133385,23.2955001],[113.3137452,23.2954192],[113.3140934,23.2953596],[113.3145157,23.2953016],[113.3150333,23.295259],[113.315414,23.2952324],[113.3158399,23.2952175],[113.3168244,23.2952193],[113.3240987,23.2953365],[113.3247268,23.2953519],[113.3251866,23.2953616],[113.3255887,23.2953713],[113.3260956,23.2953773],[113.3266478,23.2953788],[113.3269968,23.2953774],[113.3271561,23.295378]]},"properties":{"key":"way:1021152611@detail:453_93","osmType":"way","osmId":1021152611,"sourceRegion":"guangzhou","featureType":"infrastructure","railClass":"national","mode":"rail","name":"广石铁路","usage":"main","status":"operational","color":"#E54848","sourceKey":"way:1021152611"}},{"type":"Feature","geometry":{"type":"LineString","coordinates":[[113.3121,23.2958334],[113.3122699,23.2957776],[113.3124247,23.2957297]]},"properties":{"key":"way:1021152612@detail:453_93","osmType":"way","osmId":1021152612,"sourceRegion":"guangzhou","featureType":"infrastructure","railClass":"national","mode":"rail","name":"广石铁路","usage":"main","bridge":"yes","status":"operational","color":"#E54848","sourceKey":"way:1021152612"}},{"type":"Feature","geometry":{"type":"LineString","coordinates":[[113.3271561,23.295378],[113.3274185,23.295379],[113.3276566,23.2953724],[113.3279759,23.2953591],[113.3283368,23.2953243],[113.3285899,23.2952894],[113.3288431,23.2952481],[113.3291263,23.2952047],[113.329416,23.2951456],[113.3298435,23.2950412],[113.3302956,23.2949047],[113.3305976,23.2947988],[113.3308783,23.2947078],[113.3313001,23.2945545],[113.3315903,23.2944504],[113.332003,23.2942971],[113.3326596,23.2940497],[113.3329249,23.2939525],[113.3331674,23.2938751],[113.3337214,23.2937093],[113.3341462,23.2936104],[113.3347077,23.2934925],[113.3350076,23.2934541],[113.3352959,23.2934225],[113.3356138,23.2933849],[113.336473,23.2933306],[113.3374792,23.2932774],[113.33836,23.2932154],[113.3397934,23.293128]]},"properties":{"key":"way:1021152613@detail:453_93","osmType":"way","osmId":1021152613,"sourceRegion":"guangzhou","featureType":"infrastructure","railClass":"national","mode":"rail","name":"广石铁路","usage":"main","bridge":"yes","status":"operational","color":"#E54848","sourceKey":"way:1021152613"}},{"type":"Feature","geometry":{"type":"LineString","coordinates":[[113.3562185,23.2842747],[113.3566743,23.283659],[113.3568101,23.2834883],[113.3570337,23.2831688],[113.3571339,23.2830081],[113.3572384,23.2827921]]},"properties":{"key":"way:1021420882@detail:453_93","osmType":"way","osmId":1021420882,"sourceRegion":"guangzhou","featureType":"infrastructure","railClass":"national","mode":"rail","name":"广石铁路","usage":"main","status":"operational","color":"#E54848","sourceKey":"way:1021420882"}},{"type":"Feature","geometry":{"type":"LineString","coordinates":[[113.3529746,23.2878627],[113.3531914,23.2876968],[113.3538238,23.2871867],[113.3540388,23.2869687],[113.3542198,23.2867875],[113.3544388,23.2865541],[113.3546866,23.2862644],[113.3549357,23.2859487],[113.35522,23.2855811],[113.3562185,23.2842747]]},"properties":{"key":"way:1021420883@detail:453_93","osmType":"way","osmId":1021420883,"sourceRegion":"guangzhou","featureType":"infrastructure","railClass":"national","mode":"rail","name":"广石铁路","usage":"main","bridge":"yes","status":"operational","color":"#E54848","sourceKey":"way:1021420883"}},{"type":"Feature","geometry":{"type":"LineString","coordinates":[[113.3480082,23.2916082],[113.3482243,23.2914795],[113.3486424,23.2912155],[113.3489817,23.2909719],[113.3495053,23.2905663],[113.3501513,23.2900629],[113.3506527,23.2896722],[113.3513238,23.2891492],[113.3529746,23.2878627]]},"properties":{"key":"way:1021420884@detail:453_93","osmType":"way","osmId":1021420884,"sourceRegion":"guangzhou","featureType":"infrastructure","railClass":"national","mode":"rail","name":"广石铁路","usage":"main","status":"operational","color":"#E54848","sourceKey":"way:1021420884"}},{"type":"Feature","geometry":{"type":"LineString","coordinates":[[113.3472731,23.291996],[113.3474514,23.2919072],[113.3477968,23.2917281],[113.3480082,23.2916082]]},"properties":{"key":"way:1021420885@detail:453_93","osmType":"way","osmId":1021420885,"sourceRegion":"guangzhou","featureType":"infrastructure","railClass":"national","mode":"rail","name":"广石铁路","usage":"main","bridge":"yes","status":"operational","color":"#E54848","sourceKey":"way:1021420885"}},{"type":"Feature","geometry":{"type":"LineString","coordinates":[[113.3398005,23.2931678],[113.3402474,23.2931425],[113.3406299,23.2931198],[113.3418468,23.2930475],[113.342277,23.293022],[113.3427776,23.292994],[113.3434702,23.2929536],[113.3438962,23.2929161],[113.3442932,23.2928653],[113.3445612,23.2928271],[113.3449035,23.2927634],[113.3452313,23.2926931],[113.3455949,23.2925987],[113.3458558,23.2925246],[113.3461571,23.2924262],[113.3464573,23.2923268],[113.34682,23.2921843],[113.3470425,23.2920969],[113.3472731,23.291996]]},"properties":{"key":"way:1021420886@detail:453_93","osmType":"way","osmId":1021420886,"sourceRegion":"guangzhou","featureType":"infrastructure","railClass":"national","mode":"rail","name":"广石铁路","usage":"main","status":"operational","color":"#E54848","sourceKey":"way:1021420886"}},{"type":"Feature","geometry":{"type":"LineString","coordinates":[[113.3397934,23.293128],[113.3411306,23.2930487],[113.3417045,23.2930147],[113.3427482,23.2929529],[113.3430757,23.2929318],[113.3433841,23.2929119],[113.3437199,23.292884],[113.3440521,23.2928544],[113.3443611,23.2928085],[113.3446489,23.2927636],[113.3448901,23.2927195],[113.3452021,23.2926523],[113.3454731,23.2925875],[113.3456876,23.292528],[113.3461106,23.2924017],[113.3463859,23.2922996],[113.3467337,23.292174],[113.3470416,23.2920443],[113.3472469,23.2919522]]},"properties":{"key":"way:1021420887@detail:453_93","osmType":"way","osmId":1021420887,"sourceRegion":"guangzhou","featureType":"infrastructure","railClass":"national","mode":"rail","name":"广石铁路","usage":"main","status":"operational","color":"#E54848","sourceKey":"way:1021420887"}},{"type":"Feature","geometry":{"type":"LineString","coordinates":[[113.3479828,23.2915605],[113.348183,23.2914448],[113.3485006,23.2912418],[113.348781,23.2910585],[113.3490008,23.2909007],[113.3491924,23.2907516],[113.3494156,23.2905821],[113.3497594,23.2903107],[113.3504854,23.2897476],[113.3507997,23.2895039],[113.352946,23.2878391]]},"properties":{"key":"way:1021420888@detail:453_93","osmType":"way","osmId":1021420888,"sourceRegion":"guangzhou","featureType":"infrastructure","railClass":"national","mode":"rail","name":"广石铁路","usage":"main","status":"operational","color":"#E54848","sourceKey":"way:1021420888"}},{"type":"Feature","geometry":{"type":"LineString","coordinates":[[113.3472469,23.2919522],[113.3474684,23.2918411],[113.3477774,23.2916705],[113.3479828,23.2915605]]},"properties":{"key":"way:1021420889@detail:453_93","osmType":"way","osmId":1021420889,"sourceRegion":"guangzhou","featureType":"infrastructure","railClass":"national","mode":"rail","name":"广石铁路","usage":"main","bridge":"yes","status":"operational","color":"#E54848","sourceKey":"way:1021420889"}},{"type":"Feature","geometry":{"type":"LineString","coordinates":[[113.352946,23.2878391],[113.353181,23.2876573],[113.3534503,23.2874326],[113.3538129,23.2871409],[113.3540817,23.2868659],[113.3543199,23.2866109],[113.3545703,23.2863335],[113.3548833,23.2859518],[113.356182,23.2842504]]},"properties":{"key":"way:1021420890@detail:453_93","osmType":"way","osmId":1021420890,"sourceRegion":"guangzhou","featureType":"infrastructure","railClass":"national","mode":"rail","name":"广石铁路","usage":"main","bridge":"yes","status":"operational","color":"#E54848","sourceKey":"way:1021420890"}},{"type":"Feature","geometry":{"type":"LineString","coordinates":[[113.347221,23.2919121],[113.3471696,23.2919344],[113.3467827,23.2921003],[113.3465117,23.2922043],[113.3462705,23.2922899],[113.3459378,23.2924048],[113.3456207,23.2925009],[113.3454186,23.2925488],[113.3450575,23.292638],[113.3447752,23.2926952],[113.3445254,23.292737],[113.3442932,23.2927734],[113.344024,23.292805],[113.3437778,23.2928268],[113.3434795,23.2928574],[113.3431309,23.2928827],[113.3423165,23.2929313],[113.3421541,23.2929424],[113.3418886,23.2929821],[113.3417045,23.2930147]]},"properties":{"key":"way:1021420891@detail:453_93","osmType":"way","osmId":1021420891,"sourceRegion":"guangzhou","featureType":"infrastructure","railClass":"national","mode":"rail","name":"未命名","usage":"main","service":"yard","status":"operational","color":"#E54848","sourceKey":"way:1021420891"}},{"type":"Feature","geometry":{"type":"LineString","coordinates":[[113.3504854,23.2897476],[113.3501053,23.2899988],[113.3499465,23.2901151],[113.3496608,23.2903362],[113.3489978,23.2908379],[113.3486676,23.2910815],[113.3484535,23.291221],[113.3481486,23.2914165],[113.3479579,23.2915215]]},"properties":{"key":"way:1021420892@detail:453_93","osmType":"way","osmId":1021420892,"sourceRegion":"guangzhou","featureType":"infrastructure","railClass":"national","mode":"rail","name":"未命名","usage":"main","service":"yard","status":"operational","color":"#E54848","sourceKey":"way:1021420892"}},{"type":"Feature","geometry":{"type":"LineString","coordinates":[[113.3479579,23.2915215],[113.3478424,23.2915911],[113.3475186,23.2917678],[113.347221,23.2919121]]},"properties":{"key":"way:1021420893@detail:453_93","osmType":"way","osmId":1021420893,"sourceRegion":"guangzhou","featureType":"infrastructure","railClass":"national","mode":"rail","name":"未命名","usage":"main","service":"yard","bridge":"yes","status":"operational","color":"#E54848","sourceKey":"way:1021420893"}},{"type":"Feature","geometry":{"type":"LineString","coordinates":[[113.3406299,23.2931198],[113.3411306,23.2930487]]},"properties":{"key":"way:1021420894@detail:453_93","osmType":"way","osmId":1021420894,"sourceRegion":"guangzhou","featureType":"infrastructure","railClass":"national","mode":"rail","name":"未命名","usage":"main","service":"crossover","status":"operational","color":"#E54848","sourceKey":"way:1021420894"}},{"type":"Feature","geometry":{"type":"LineString","coordinates":[[113.3507997,23.2895039],[113.3513238,23.2891492]]},"properties":{"key":"way:1021420895@detail:453_93","osmType":"way","osmId":1021420895,"sourceRegion":"guangzhou","featureType":"infrastructure","railClass":"national","mode":"rail","name":"未命名","usage":"main","service":"crossover","status":"operational","color":"#E54848","sourceKey":"way:1021420895"}},{"type":"Feature","geometry":{"type":"LineString","coordinates":[[113.3418468,23.2930475],[113.3422798,23.2930551],[113.342493,23.2930558],[113.3426607,23.2930509],[113.3430744,23.2930296],[113.3436631,23.2929878],[113.3439832,23.2929599],[113.3443452,23.292914],[113.3448236,23.2928296],[113.3451438,23.2927649],[113.345436,23.2926946],[113.345911,23.292564],[113.3462363,23.2924597],[113.3465128,23.2923646],[113.3467552,23.2922721],[113.346995,23.2921701],[113.3472889,23.2920328]]},"properties":{"key":"way:1021420896@detail:453_93","osmType":"way","osmId":1021420896,"sourceRegion":"guangzhou","featureType":"infrastructure","railClass":"national","mode":"rail","name":"未命名","usage":"main","service":"yard","status":"operational","color":"#E54848","sourceKey":"way:1021420896"}},{"type":"Feature","geometry":{"type":"LineString","coordinates":[[113.3480409,23.2916413],[113.3482201,23.2915459],[113.3483725,23.2914483],[113.3485956,23.2913054],[113.3488313,23.2911462],[113.3490502,23.2909875],[113.3492455,23.2908338],[113.3497082,23.2904786],[113.3501477,23.290138],[113.3502507,23.2900484],[113.3503816,23.2899331],[113.3506527,23.2896722]]},"properties":{"key":"way:1021420897@detail:453_93","osmType":"way","osmId":1021420897,"sourceRegion":"guangzhou","featureType":"infrastructure","railClass":"national","mode":"rail","name":"未命名","usage":"main","service":"yard","status":"operational","color":"#E54848","sourceKey":"way:1021420897"}},{"type":"Feature","geometry":{"type":"LineString","coordinates":[[113.3472889,23.2920328],[113.3474815,23.2919402],[113.3477711,23.2917888],[113.3480409,23.2916413]]},"properties":{"key":"way:1021420898@detail:453_93","osmType":"way","osmId":1021420898,"sourceRegion":"guangzhou","featureType":"infrastructure","railClass":"national","mode":"rail","name":"未命名","usage":"main","service":"yard","bridge":"yes","status":"operational","color":"#E54848","sourceKey":"way:1021420898"}},{"type":"Feature","geometry":{"type":"LineString","coordinates":[[113.4751133,23.2505187],[113.4728387,23.2505536],[113.4719365,23.25061],[113.4707745,23.25073],[113.469627,23.2508926],[113.4679459,23.2512702],[113.4665254,23.2515975],[113.4291945,23.2601513],[113.3763603,23.2722867],[113.3734883,23.2729382],[113.372656,23.2731578],[113.3718242,23.2734157],[113.3696113,23.2741072],[113.3633489,23.2760918],[113.3626344,23.2763075],[113.3621904,23.2764528],[113.3615956,23.2767194],[113.3611278,23.276956],[113.3605098,23.2773423],[113.3601467,23.2776441],[113.3596776,23.2780287],[113.3593203,23.2783999],[113.3589414,23.2788872],[113.3585326,23.2794531],[113.3583438,23.2797882],[113.3581592,23.2802179],[113.3574451,23.2820565],[113.3572918,23.2825415],[113.3572055,23.2827648]]},"properties":{"key":"way:1021420899@detail:453_93","osmType":"way","osmId":1021420899,"sourceRegion":"guangzhou","featureType":"infrastructure","railClass":"national","mode":"rail","name":"广石铁路","usage":"main","tunnel":"yes","status":"operational","color":"#E54848","sourceKey":"way:1021420899"}},{"type":"Feature","geometry":{"type":"LineString","coordinates":[[113.356182,23.2842504],[113.3565752,23.2837416],[113.3568301,23.2833876],[113.3569679,23.2832061],[113.3570866,23.2830175],[113.3571708,23.282844],[113.3572055,23.2827648]]},"properties":{"key":"way:1021420900@detail:453_93","osmType":"way","osmId":1021420900,"sourceRegion":"guangzhou","featureType":"infrastructure","railClass":"national","mode":"rail","name":"广石铁路","usage":"main","status":"operational","color":"#E54848","sourceKey":"way:1021420900"}},{"type":"Feature","geometry":{"type":"LineString","coordinates":[[113.48374811727649,23.25],[113.4758407,23.2505019]]},"properties":{"key":"way:1021441261@detail:453_93","osmType":"way","osmId":1021441261,"sourceRegion":"guangzhou","featureType":"infrastructure","railClass":"national","mode":"rail","name":"广石铁路","usage":"main","tunnel":"yes","status":"operational","color":"#E54848","sourceKey":"way:1021441261"}},{"type":"Feature","geometry":{"type":"LineString","coordinates":[[113.4758407,23.2505019],[113.4755538,23.2505085],[113.4751133,23.2505187]]},"properties":{"key":"way:1021441262@detail:453_93","osmType":"way","osmId":1021441262,"sourceRegion":"guangzhou","featureType":"infrastructure","railClass":"national","mode":"rail","name":"广石铁路","usage":"main","bridge":"yes","status":"operational","color":"#E54848","sourceKey":"way:1021441262"}},{"type":"Feature","geometry":{"type":"LineString","coordinates":[[113.3481372,23.3590292],[113.3483927,23.3591494],[113.3484078,23.3591565]]},"properties":{"key":"way:1039504833@detail:453_93","osmType":"way","osmId":1039504833,"sourceRegion":"guangzhou","featureType":"infrastructure","railClass":"minor","mode":"rail","name":"未命名","service":"yard","status":"operational","color":"#52636f","sourceKey":"way:1039504833"}},{"type":"Feature","geometry":{"type":"LineString","coordinates":[[113.3484078,23.3591565],[113.3485615,23.3592255]]},"properties":{"key":"way:1039504834@detail:453_93","osmType":"way","osmId":1039504834,"sourceRegion":"guangzhou","featureType":"infrastructure","railClass":"minor","mode":"rail","name":"未命名","service":"yard","bridge":"yes","status":"operational","color":"#52636f","sourceKey":"way:1039504834"}},{"type":"Feature","geometry":{"type":"LineString","coordinates":[[113.3485615,23.3592255],[113.3487153,23.3592945],[113.3487866,23.3593251]]},"properties":{"key":"way:1039504835@detail:453_93","osmType":"way","osmId":1039504835,"sourceRegion":"guangzhou","featureType":"infrastructure","railClass":"minor","mode":"rail","name":"未命名","service":"yard","status":"operational","color":"#52636f","sourceKey":"way:1039504835"}},{"type":"Feature","geometry":{"type":"LineString","coordinates":[[113.3484076,23.3591592],[113.3483927,23.3591494],[113.3481842,23.3590118]]},"properties":{"key":"way:1039504836@detail:453_93","osmType":"way","osmId":1039504836,"sourceRegion":"guangzhou","featureType":"infrastructure","railClass":"minor","mode":"rail","name":"未命名","service":"yard","status":"operational","color":"#52636f","sourceKey":"way:1039504836"}},{"type":"Feature","geometry":{"type":"LineString","coordinates":[[113.3487005,23.3593525],[113.3485393,23.3592461]]},"properties":{"key":"way:1039504837@detail:453_93","osmType":"way","osmId":1039504837,"sourceRegion":"guangzhou","featureType":"infrastructure","railClass":"minor","mode":"rail","name":"未命名","service":"yard","status":"operational","color":"#52636f","sourceKey":"way:1039504837"}},{"type":"Feature","geometry":{"type":"LineString","coordinates":[[113.3485393,23.3592461],[113.3484076,23.3591592]]},"properties":{"key":"way:1039504838@detail:453_93","osmType":"way","osmId":1039504838,"sourceRegion":"guangzhou","featureType":"infrastructure","railClass":"minor","mode":"rail","name":"未命名","service":"yard","bridge":"yes","status":"operational","color":"#52636f","sourceKey":"way:1039504838"}},{"type":"Feature","geometry":{"type":"LineString","coordinates":[[113.3487205,23.3593637],[113.3490659,23.3595498]]},"properties":{"key":"way:1039504839@detail:453_93","osmType":"way","osmId":1039504839,"sourceRegion":"guangzhou","featureType":"infrastructure","railClass":"minor","mode":"rail","name":"未命名","service":"yard","bridge":"yes","status":"operational","color":"#52636f","sourceKey":"way:1039504839"}},{"type":"Feature","geometry":{"type":"LineString","coordinates":[[113.3520598,23.3617137],[113.3504208,23.3605311],[113.3497426,23.3600374],[113.3496172,23.3599461],[113.3494123,23.3597983],[113.3490746,23.3595545]]},"properties":{"key":"way:1039504840@detail:453_93","osmType":"way","osmId":1039504840,"sourceRegion":"guangzhou","featureType":"infrastructure","railClass":"minor","mode":"rail","name":"未命名","service":"yard","status":"operational","color":"#52636f","sourceKey":"way:1039504840"}},{"type":"Feature","geometry":{"type":"LineString","coordinates":[[113.3490316,23.3595795],[113.3486904,23.3593835]]},"properties":{"key":"way:1039504841@detail:453_93","osmType":"way","osmId":1039504841,"sourceRegion":"guangzhou","featureType":"infrastructure","railClass":"minor","mode":"rail","name":"未命名","service":"yard","bridge":"yes","status":"operational","color":"#52636f","sourceKey":"way:1039504841"}},{"type":"Feature","geometry":{"type":"LineString","coordinates":[[113.3494123,23.3597983],[113.3490316,23.3595795]]},"properties":{"key":"way:1039504842@detail:453_93","osmType":"way","osmId":1039504842,"sourceRegion":"guangzhou","featureType":"infrastructure","railClass":"minor","mode":"rail","name":"未命名","service":"yard","status":"operational","color":"#52636f","sourceKey":"way:1039504842"}},{"type":"Feature","geometry":{"type":"LineString","coordinates":[[113.3486904,23.3593835],[113.3486243,23.3593455]]},"properties":{"key":"way:1039504843@detail:453_93","osmType":"way","osmId":1039504843,"sourceRegion":"guangzhou","featureType":"infrastructure","railClass":"minor","mode":"rail","name":"未命名","service":"yard","status":"operational","color":"#52636f","sourceKey":"way:1039504843"}},{"type":"Feature","geometry":{"type":"LineString","coordinates":[[113.3516162,23.3616065],[113.3514299,23.361472],[113.3508874,23.3610804],[113.3506692,23.3609115],[113.3505725,23.3608248],[113.3504765,23.3607312],[113.3502958,23.3605487],[113.3499782,23.3602436],[113.3499564,23.3602226],[113.3497426,23.3600374]]},"properties":{"key":"way:1039504844@detail:453_93","osmType":"way","osmId":1039504844,"sourceRegion":"guangzhou","featureType":"infrastructure","railClass":"minor","mode":"rail","name":"未命名","service":"yard","status":"operational","color":"#52636f","sourceKey":"way:1039504844"}},{"type":"Feature","geometry":{"type":"LineString","coordinates":[[113.3515897,23.3616374],[113.3510472,23.3612458],[113.350772,23.3610439],[113.3506612,23.3609621],[113.3505708,23.3608813],[113.3504768,23.3608006],[113.3504009,23.3607088],[113.3499782,23.3602436]]},"properties":{"key":"way:1039504845@detail:453_93","osmType":"way","osmId":1039504845,"sourceRegion":"guangzhou","featureType":"infrastructure","railClass":"minor","mode":"rail","name":"未命名","service":"yard","status":"operational","color":"#52636f","sourceKey":"way:1039504845"}},{"type":"Feature","geometry":{"type":"LineString","coordinates":[[113.3542283,23.3601003],[113.3549723,23.3599303],[113.3553188,23.3598484],[113.3556146,23.3597573],[113.3559482,23.3596351],[113.3582805,23.3586955]]},"properties":{"key":"way:1039504846@detail:453_93","osmType":"way","osmId":1039504846,"sourceRegion":"guangzhou","featureType":"infrastructure","railClass":"minor","mode":"rail","name":"未命名","service":"yard","status":"operational","color":"#52636f","sourceKey":"way:1039504846"}},{"type":"Feature","geometry":{"type":"LineString","coordinates":[[113.3545861,23.3599861],[113.3552481,23.3598209],[113.3554338,23.3597756],[113.355594,23.3597271],[113.3559076,23.3596133],[113.358255,23.3586457]]},"properties":{"key":"way:1039504847@detail:453_93","osmType":"way","osmId":1039504847,"sourceRegion":"guangzhou","featureType":"infrastructure","railClass":"minor","mode":"rail","name":"未命名","service":"yard","status":"operational","color":"#52636f","sourceKey":"way:1039504847"}},{"type":"Feature","geometry":{"type":"LineString","coordinates":[[113.3538272,23.3602282],[113.3542283,23.3601003],[113.3545861,23.3599861],[113.3551455,23.3598077],[113.3555493,23.3596731],[113.3558453,23.3595745],[113.3582448,23.3585988]]},"properties":{"key":"way:1039504848@detail:453_93","osmType":"way","osmId":1039504848,"sourceRegion":"guangzhou","featureType":"infrastructure","railClass":"minor","mode":"rail","name":"未命名","service":"yard","status":"operational","color":"#52636f","sourceKey":"way:1039504848"}},{"type":"Feature","geometry":{"type":"LineString","coordinates":[[113.3541735,23.3600872],[113.3546445,23.3599283],[113.3548597,23.3598586],[113.3555456,23.3596363],[113.3558236,23.3595381],[113.3582652,23.3585315]]},"properties":{"key":"way:1039504849@detail:453_93","osmType":"way","osmId":1039504849,"sourceRegion":"guangzhou","featureType":"infrastructure","railClass":"minor","mode":"rail","name":"未命名","service":"yard","status":"operational","color":"#52636f","sourceKey":"way:1039504849"}},{"type":"Feature","geometry":{"type":"LineString","coordinates":[[113.3548597,23.3598586],[113.3551938,23.3597294],[113.3558658,23.359459],[113.3582345,23.3584831]]},"properties":{"key":"way:1039504850@detail:453_93","osmType":"way","osmId":1039504850,"sourceRegion":"guangzhou","featureType":"infrastructure","railClass":"minor","mode":"rail","name":"未命名","service":"yard","status":"operational","color":"#52636f","sourceKey":"way:1039504850"}},{"type":"Feature","geometry":{"type":"LineString","coordinates":[[113.3539942,23.3597926],[113.3542854,23.3597205],[113.3550665,23.3595321],[113.3553663,23.3594586],[113.3557583,23.3593244],[113.3581159,23.3583513]]},"properties":{"key":"way:1039504851@detail:453_93","osmType":"way","osmId":1039504851,"sourceRegion":"guangzhou","featureType":"infrastructure","railClass":"minor","mode":"rail","name":"未命名","service":"yard","status":"operational","color":"#52636f","sourceKey":"way:1039504851"}},{"type":"Feature","geometry":{"type":"LineString","coordinates":[[113.3545399,23.3596166],[113.3552433,23.3594457],[113.3554969,23.3593681],[113.3557524,23.3592724],[113.3580956,23.3583085]]},"properties":{"key":"way:1039504852@detail:453_93","osmType":"way","osmId":1039504852,"sourceRegion":"guangzhou","featureType":"infrastructure","railClass":"minor","mode":"rail","name":"未命名","service":"yard","status":"operational","color":"#52636f","sourceKey":"way:1039504852"}},{"type":"Feature","geometry":{"type":"LineString","coordinates":[[113.3536284,23.3599097],[113.3539942,23.3597926],[113.354368,23.3596729],[113.3545399,23.3596166],[113.3550708,23.3594429],[113.3553945,23.3593428],[113.3556945,23.3592427],[113.3580693,23.3582658]]},"properties":{"key":"way:1039504853@detail:453_93","osmType":"way","osmId":1039504853,"sourceRegion":"guangzhou","featureType":"infrastructure","railClass":"minor","mode":"rail","name":"未命名","service":"yard","status":"operational","color":"#52636f","sourceKey":"way:1039504853"}},{"type":"Feature","geometry":{"type":"LineString","coordinates":[[113.35409,23.3597228],[113.354632,23.3595407],[113.354736,23.3595081],[113.3554428,23.3592863],[113.3556702,23.3592035],[113.3580429,23.3582248]]},"properties":{"key":"way:1039504854@detail:453_93","osmType":"way","osmId":1039504854,"sourceRegion":"guangzhou","featureType":"infrastructure","railClass":"minor","mode":"rail","name":"未命名","service":"yard","status":"operational","color":"#52636f","sourceKey":"way:1039504854"}},{"type":"Feature","geometry":{"type":"LineString","coordinates":[[113.354736,23.3595081],[113.3552898,23.3592885],[113.355652,23.3591459],[113.3580186,23.3581746]]},"properties":{"key":"way:1039504855@detail:453_93","osmType":"way","osmId":1039504855,"sourceRegion":"guangzhou","featureType":"infrastructure","railClass":"minor","mode":"rail","name":"未命名","service":"yard","status":"operational","color":"#52636f","sourceKey":"way:1039504855"}},{"type":"Feature","geometry":{"type":"LineString","coordinates":[[113.3492935,23.3596778],[113.3503048,23.3601598],[113.3505614,23.3602538],[113.3508108,23.3603257],[113.3510815,23.3603846],[113.3513519,23.3604108],[113.3515819,23.3604233],[113.3517762,23.3604217],[113.3519537,23.360414],[113.352151,23.360392],[113.3523367,23.3603607],[113.3525292,23.3603138],[113.3528189,23.3602293],[113.3531351,23.3601065],[113.3536284,23.3599097],[113.353926,23.3597909],[113.35409,23.3597228],[113.3548008,23.3594279],[113.355245,23.3592411],[113.355602,23.3590979],[113.3579882,23.3581169]]},"properties":{"key":"way:1039504856@detail:453_93","osmType":"way","osmId":1039504856,"sourceRegion":"guangzhou","featureType":"infrastructure","railClass":"minor","mode":"rail","name":"未命名","service":"yard","status":"operational","color":"#52636f","sourceKey":"way:1039504856"}},{"type":"Feature","geometry":{"type":"LineString","coordinates":[[113.349484,23.3596512],[113.3501098,23.3598879],[113.3502962,23.3599456],[113.3504928,23.3599921],[113.3507703,23.3600423],[113.3509518,23.3600654],[113.3511319,23.3600766],[113.3513608,23.3600748],[113.3516303,23.3600618],[113.3518768,23.3600212],[113.3520353,23.3599884],[113.3522687,23.359929],[113.3525328,23.3598429],[113.3530024,23.3596536],[113.3533421,23.359513],[113.3538619,23.3592979],[113.3546077,23.3589893],[113.3554001,23.3586635],[113.3577977,23.3576918]]},"properties":{"key":"way:1039504857@detail:453_93","osmType":"way","osmId":1039504857,"sourceRegion":"guangzhou","featureType":"infrastructure","railClass":"minor","mode":"rail","name":"未命名","service":"yard","status":"operational","color":"#52636f","sourceKey":"way:1039504857"}},{"type":"Feature","geometry":{"type":"LineString","coordinates":[[113.3545734,23.3589349],[113.355404,23.358593],[113.3577673,23.3576323]]},"properties":{"key":"way:1039504858@detail:453_93","osmType":"way","osmId":1039504858,"sourceRegion":"guangzhou","featureType":"infrastructure","railClass":"minor","mode":"rail","name":"未命名","service":"yard","status":"operational","color":"#52636f","sourceKey":"way:1039504858"}},{"type":"Feature","geometry":{"type":"LineString","coordinates":[[113.3538619,23.3592979],[113.3542905,23.3590794],[113.3545734,23.3589349],[113.3551781,23.3586259],[113.3554379,23.3585155],[113.357745,23.3575876]]},"properties":{"key":"way:1039504859@detail:453_93","osmType":"way","osmId":1039504859,"sourceRegion":"guangzhou","featureType":"infrastructure","railClass":"minor","mode":"rail","name":"未命名","service":"yard","status":"operational","color":"#52636f","sourceKey":"way:1039504859"}},{"type":"Feature","geometry":{"type":"LineString","coordinates":[[113.3533421,23.359513],[113.3538326,23.3592674],[113.3547773,23.3587836],[113.3551726,23.358588],[113.3554099,23.358488],[113.3577187,23.3575523]]},"properties":{"key":"way:1039504860@detail:453_93","osmType":"way","osmId":1039504860,"sourceRegion":"guangzhou","featureType":"infrastructure","railClass":"minor","mode":"rail","name":"未命名","service":"yard","status":"operational","color":"#52636f","sourceKey":"way:1039504860"}},{"type":"Feature","geometry":{"type":"LineString","coordinates":[[113.3539334,23.3596371],[113.35418,23.3594827],[113.3549007,23.3590408],[113.3550769,23.3589382],[113.3552975,23.3588303],[113.3554843,23.3587422],[113.3578261,23.3577941]]},"properties":{"key":"way:1039504861@detail:453_93","osmType":"way","osmId":1039504861,"sourceRegion":"guangzhou","featureType":"infrastructure","railClass":"minor","mode":"rail","name":"未命名","service":"yard","status":"operational","color":"#52636f","sourceKey":"way:1039504861"}},{"type":"Feature","geometry":{"type":"LineString","coordinates":[[113.3543498,23.3594218],[113.3550353,23.3589987],[113.3552846,23.3588672],[113.355526,23.3587571],[113.3578463,23.3578183]]},"properties":{"key":"way:1039504862@detail:453_93","osmType":"way","osmId":1039504862,"sourceRegion":"guangzhou","featureType":"infrastructure","railClass":"minor","mode":"rail","name":"未命名","service":"yard","status":"operational","color":"#52636f","sourceKey":"way:1039504862"}},{"type":"Feature","geometry":{"type":"LineString","coordinates":[[113.3535818,23.3598149],[113.3539025,23.3596531],[113.3539334,23.3596371],[113.3542913,23.3594515],[113.3543498,23.3594218],[113.355196,23.3589932],[113.35546,23.3588665],[113.3556552,23.3587886],[113.3578686,23.3578983]]},"properties":{"key":"way:1039504863@detail:453_93","osmType":"way","osmId":1039504863,"sourceRegion":"guangzhou","featureType":"infrastructure","railClass":"minor","mode":"rail","name":"未命名","service":"yard","status":"operational","color":"#52636f","sourceKey":"way:1039504863"}},{"type":"Feature","geometry":{"type":"LineString","coordinates":[[113.3540153,23.3596357],[113.3545895,23.3593402],[113.3550948,23.3590803],[113.3553912,23.3589348],[113.3556616,23.3588178],[113.3578848,23.357928]]},"properties":{"key":"way:1039504864@detail:453_93","osmType":"way","osmId":1039504864,"sourceRegion":"guangzhou","featureType":"infrastructure","railClass":"minor","mode":"rail","name":"未命名","service":"yard","status":"operational","color":"#52636f","sourceKey":"way:1039504864"}},{"type":"Feature","geometry":{"type":"LineString","coordinates":[[113.3545895,23.3593402],[113.3555315,23.3589498],[113.3579233,23.3579727]]},"properties":{"key":"way:1039504865@detail:453_93","osmType":"way","osmId":1039504865,"sourceRegion":"guangzhou","featureType":"infrastructure","railClass":"minor","mode":"rail","name":"未命名","service":"yard","status":"operational","color":"#52636f","sourceKey":"way:1039504865"}},{"type":"Feature","geometry":{"type":"LineString","coordinates":[[113.3491308,23.3594863],[113.349484,23.3596512],[113.3502357,23.3600022],[113.3504506,23.360089],[113.3506741,23.36016],[113.3508804,23.3602219],[113.3511838,23.3602793],[113.3513519,23.3602997],[113.3516599,23.3603035],[113.3519659,23.3602978],[113.3522576,23.3602606],[113.3525271,23.360201],[113.3527763,23.3601359],[113.3531271,23.360003],[113.3535818,23.3598149],[113.3540153,23.3596357],[113.354797,23.3593123],[113.3555688,23.3589942],[113.3579679,23.3580303]]},"properties":{"key":"way:1039504866@detail:453_93","osmType":"way","osmId":1039504866,"sourceRegion":"guangzhou","featureType":"infrastructure","railClass":"minor","mode":"rail","name":"未命名","service":"yard","status":"operational","color":"#52636f","sourceKey":"way:1039504866"}},{"type":"Feature","geometry":{"type":"LineString","coordinates":[[113.2860175,23.3365142],[113.2865134,23.336947],[113.2886975,23.3388065],[113.2889473,23.3390198]]},"properties":{"key":"way:1057518928@detail:453_93","osmType":"way","osmId":1057518928,"sourceRegion":"guangzhou","featureType":"infrastructure","railClass":"construction","mode":"construction","name":"广州地铁22号线","nameEn":"Guangzhou Metro Line 22","usage":"main","tunnel":"yes","status":"construction","color":"#52636f","sourceKey":"way:1057518928"}},{"type":"Feature","geometry":{"type":"LineString","coordinates":[[113.2887503,23.339212],[113.2885038,23.3390014],[113.2858005,23.3366922],[113.285354,23.3363161]]},"properties":{"key":"way:1057518929@detail:453_93","osmType":"way","osmId":1057518929,"sourceRegion":"guangzhou","featureType":"infrastructure","railClass":"construction","mode":"construction","name":"广州地铁22号线","nameEn":"Guangzhou Metro Line 22","usage":"main","tunnel":"yes","status":"construction","color":"#52636f","sourceKey":"way:1057518929"}},{"type":"Feature","geometry":{"type":"LineString","coordinates":[[113.288164,23.3384233],[113.287308,23.3376921],[113.2864594,23.336955],[113.2860175,23.3365142]]},"properties":{"key":"way:1057518930@detail:453_93","osmType":"way","osmId":1057518930,"sourceRegion":"guangzhou","featureType":"infrastructure","railClass":"construction","mode":"construction","name":"广州地铁22号线","nameEn":"Guangzhou Metro Line 22","usage":"main","service":"siding","tunnel":"yes","status":"construction","color":"#52636f","sourceKey":"way:1057518930"}},{"type":"Feature","geometry":{"type":"LineString","coordinates":[[113.2853696,23.3362904],[113.286334,23.3370753]]},"properties":{"key":"way:1057518931@detail:453_93","osmType":"way","osmId":1057518931,"sourceRegion":"guangzhou","featureType":"infrastructure","railClass":"construction","mode":"construction","name":"未命名","service":"siding","tunnel":"yes","status":"construction","color":"#52636f","sourceKey":"way:1057518931"}},{"type":"Feature","geometry":{"type":"LineString","coordinates":[[113.286334,23.3370753],[113.2858005,23.3366922]]},"properties":{"key":"way:1057518932@detail:453_93","osmType":"way","osmId":1057518932,"sourceRegion":"guangzhou","featureType":"infrastructure","railClass":"construction","mode":"construction","name":"广州地铁22号线","nameEn":"Guangzhou Metro Line 22","usage":"main","service":"siding","tunnel":"yes","status":"construction","color":"#52636f","sourceKey":"way:1057518932"}},{"type":"Feature","geometry":{"type":"LineString","coordinates":[[113.286334,23.3370753],[113.2871903,23.3378068],[113.2880461,23.3385378],[113.288076,23.3385648],[113.2881036,23.3385907],[113.2881517,23.3386381],[113.288207,23.3386949],[113.2885038,23.3390014]]},"properties":{"key":"way:1057518933@detail:453_93","osmType":"way","osmId":1057518933,"sourceRegion":"guangzhou","featureType":"infrastructure","railClass":"construction","mode":"construction","name":"广州地铁22号线","nameEn":"Guangzhou Metro Line 22","usage":"main","service":"siding","tunnel":"yes","status":"construction","color":"#52636f","sourceKey":"way:1057518933"}},{"type":"Feature","geometry":{"type":"LineString","coordinates":[[113.2885435,23.3387475],[113.288164,23.3384233]]},"properties":{"key":"way:1057518934@detail:453_93","osmType":"way","osmId":1057518934,"sourceRegion":"guangzhou","featureType":"infrastructure","railClass":"construction","mode":"construction","name":"未命名","service":"siding","tunnel":"yes","status":"construction","color":"#52636f","sourceKey":"way:1057518934"}},{"type":"Feature","geometry":{"type":"LineString","coordinates":[[113.288164,23.3384233],[113.2886975,23.3388065]]},"properties":{"key":"way:1057518935@detail:453_93","osmType":"way","osmId":1057518935,"sourceRegion":"guangzhou","featureType":"infrastructure","railClass":"construction","mode":"construction","name":"广州地铁22号线","nameEn":"Guangzhou Metro Line 22","usage":"main","service":"siding","tunnel":"yes","status":"construction","color":"#52636f","sourceKey":"way:1057518935"}},{"type":"Feature","geometry":{"type":"LineString","coordinates":[[113.2865324,23.3372239],[113.2878769,23.3383683],[113.287923,23.3383226],[113.2865786,23.3371782],[113.2865324,23.3372239]]},"properties":{"key":"way:1057518936@detail:453_93","osmType":"way","osmId":1057518936,"sourceRegion":"guangzhou","featureType":"infrastructure","railClass":"construction","mode":"construction","name":"未命名","status":"construction","color":"#52636f","sourceKey":"way:1057518936"}},{"type":"Feature","geometry":{"type":"LineString","coordinates":[[113.2865786,23.3371782],[113.287923,23.3383226],[113.2879691,23.3382769],[113.2866247,23.3371325],[113.2865786,23.3371782]]},"properties":{"key":"way:1057518937@detail:453_93","osmType":"way","osmId":1057518937,"sourceRegion":"guangzhou","featureType":"infrastructure","railClass":"construction","mode":"construction","name":"未命名","status":"construction","color":"#52636f","sourceKey":"way:1057518937"}},{"type":"Feature","geometry":{"type":"LineString","coordinates":[[113.2864635,23.3372818],[113.2878199,23.3384379],[113.2880395,23.3382208],[113.2866831,23.3370646],[113.2864635,23.3372818]]},"properties":{"key":"way:1057518938@detail:453_93","osmType":"way","osmId":1057518938,"sourceRegion":"guangzhou","featureType":"infrastructure","railClass":"construction","mode":"construction","name":"芳白城际（22号线）人和站（建设中）","status":"construction","color":"#CD5228","sourceKey":"way:1057518938"}},{"type":"Feature","geometry":{"type":"LineString","coordinates":[[113.2745733,23.2587418],[113.2746473,23.2639345],[113.2746597,23.2654765],[113.274722,23.2732243],[113.2744222,23.3001944],[113.2743403,23.3015659],[113.2740847,23.304349],[113.2740201,23.3055019],[113.2740134,23.3060892],[113.2740634,23.3067977],[113.2741647,23.3075886],[113.2755458,23.3134389],[113.2756639,23.3140528],[113.2757506,23.3145901],[113.2757989,23.3150975],[113.2757974,23.3157902],[113.275715,23.323338],[113.2757394,23.3247463],[113.275869,23.3262032],[113.2760724,23.3272845],[113.2763386,23.3281316],[113.2766706,23.3289537],[113.2774169,23.3303172],[113.2778948,23.3310881],[113.2784429,23.3318414],[113.2789722,23.3323129],[113.2800804,23.3329553],[113.2824095,23.334351],[113.2840848,23.3353055],[113.2846095,23.3356164],[113.2860175,23.3365142]]},"properties":{"key":"way:1057518940@detail:453_93","osmType":"way","osmId":1057518940,"sourceRegion":"guangzhou","featureType":"infrastructure","railClass":"construction","mode":"construction","name":"广州地铁22号线","nameEn":"Guangzhou Metro Line 22","usage":"main","tunnel":"yes","status":"construction","color":"#52636f","sourceKey":"way:1057518940"}},{"type":"Feature","geometry":{"type":"LineString","coordinates":[[113.285354,23.3363161],[113.2852602,23.3362499],[113.2850696,23.3361294],[113.2823474,23.3346817],[113.2793278,23.3329523],[113.2786521,23.3324165],[113.2780003,23.3317994],[113.2774385,23.3311016],[113.2765817,23.3300304],[113.2759499,23.32893],[113.2755577,23.327903],[113.2753191,23.3267906],[113.2752158,23.3256491],[113.2752139,23.322233],[113.2753464,23.3157762],[113.275336,23.3152203],[113.2752982,23.3147934],[113.2751967,23.3141426],[113.2750562,23.3132484],[113.2746382,23.3117003],[113.2738399,23.3085143],[113.2736921,23.3077154],[113.2735806,23.3067853],[113.2735383,23.3060331],[113.2735621,23.3051132],[113.2736624,23.3035701],[113.2738691,23.3006125],[113.2739019,23.2997158],[113.2739108,23.2984333],[113.2739957,23.2913098],[113.2741727,23.2776258],[113.274198,23.2744138],[113.2742176,23.2661835],[113.274207,23.2654722],[113.2741716,23.2631018],[113.2741533,23.258761],[113.2742018,23.2572413],[113.2741609,23.2559189],[113.27395,23.2513131],[113.273871,23.2503487],[113.27381061823331,23.25]]},"properties":{"key":"way:1057518941@detail:453_93","osmType":"way","osmId":1057518941,"sourceRegion":"guangzhou","featureType":"infrastructure","railClass":"construction","mode":"construction","name":"广州地铁22号线","nameEn":"Guangzhou Metro Line 22","usage":"main","tunnel":"yes","status":"construction","color":"#52636f","sourceKey":"way:1057518941"}},{"type":"Feature","geometry":{"type":"LineString","coordinates":[[113.2978085,23.3996962],[113.2976068,23.3989944],[113.2973626,23.398105],[113.2972136,23.397562],[113.297161,23.3973594],[113.2970868,23.3970595],[113.2970273,23.396784],[113.2969857,23.3965885],[113.2969542,23.3964175],[113.2969305,23.396263]]},"properties":{"key":"way:1057518944@detail:453_93","osmType":"way","osmId":1057518944,"sourceRegion":"guangzhou","featureType":"infrastructure","railClass":"construction","mode":"construction","name":"广州地铁22号线","nameEn":"Guangzhou Metro Line 22","usage":"main","tunnel":"yes","status":"construction","color":"#52636f","sourceKey":"way:1057518944"}},{"type":"Feature","geometry":{"type":"LineString","coordinates":[[113.2968112,23.3953992],[113.2970201,23.3962418],[113.2970516,23.3963691],[113.2972323,23.3970267],[113.2975184,23.3980693],[113.2977613,23.3989539],[113.2979617,23.3996576]]},"properties":{"key":"way:1057518945@detail:453_93","osmType":"way","osmId":1057518945,"sourceRegion":"guangzhou","featureType":"infrastructure","railClass":"construction","mode":"construction","name":"广州地铁22号线","nameEn":"Guangzhou Metro Line 22","usage":"main","tunnel":"yes","status":"construction","color":"#52636f","sourceKey":"way:1057518945"}},{"type":"Feature","geometry":{"type":"LineString","coordinates":[[113.297306,23.3972386],[113.2971289,23.3972794],[113.2971218,23.397281],[113.2975762,23.3989374],[113.29776,23.3988948],[113.2977042,23.3986913],[113.297306,23.3972386]]},"properties":{"key":"way:1057518946@detail:453_93","osmType":"way","osmId":1057518946,"sourceRegion":"guangzhou","featureType":"infrastructure","railClass":"construction","mode":"construction","name":"22号线机场北站（建设中）","status":"construction","color":"#52636f","sourceKey":"way:1057518946"}},{"type":"Feature","geometry":{"type":"LineString","coordinates":[[113.2971595,23.3972803],[113.2971776,23.3973547],[113.297229,23.3975581],[113.2976038,23.3989213],[113.2976657,23.3989071],[113.2972149,23.3972672],[113.2971595,23.3972803]]},"properties":{"key":"way:1057518947@detail:453_93","osmType":"way","osmId":1057518947,"sourceRegion":"guangzhou","featureType":"infrastructure","railClass":"construction","mode":"construction","name":"2站台","ref":"2","operator":"广州地铁集团有限公司","status":"construction","color":"#52636f","sourceKey":"way:1057518947"}},{"type":"Feature","geometry":{"type":"LineString","coordinates":[[113.2972149,23.3972672],[113.2976657,23.3989071],[113.2977273,23.3988927],[113.2972767,23.3972528],[113.2972149,23.3972672]]},"properties":{"key":"way:1057518948@detail:453_93","osmType":"way","osmId":1057518948,"sourceRegion":"guangzhou","featureType":"infrastructure","railClass":"construction","mode":"construction","name":"1站台","ref":"1","operator":"广州地铁集团有限公司","status":"construction","color":"#52636f","sourceKey":"way:1057518948"}},{"type":"Feature","geometry":{"type":"LineString","coordinates":[[113.2980828,23.3999708],[113.3009846,23.4109775]]},"properties":{"key":"way:1057518949@detail:453_93","osmType":"way","osmId":1057518949,"sourceRegion":"guangzhou","featureType":"infrastructure","railClass":"construction","mode":"construction","name":"广州地铁22号线","nameEn":"Guangzhou Metro Line 22","usage":"main","tunnel":"yes","status":"construction","color":"#52636f","sourceKey":"way:1057518949"}},{"type":"Feature","geometry":{"type":"LineString","coordinates":[[113.3008391,23.411007],[113.2976407,23.3989463]]},"properties":{"key":"way:1057518950@detail:453_93","osmType":"way","osmId":1057518950,"sourceRegion":"guangzhou","featureType":"infrastructure","railClass":"construction","mode":"construction","name":"广州地铁22号线","nameEn":"Guangzhou Metro Line 22","usage":"main","tunnel":"yes","status":"construction","color":"#52636f","sourceKey":"way:1057518950"}},{"type":"Feature","geometry":{"type":"LineString","coordinates":[[113.2967252,23.3954164],[113.2968693,23.3958198],[113.2970201,23.3962418]]},"properties":{"key":"way:1057518951@detail:453_93","osmType":"way","osmId":1057518951,"sourceRegion":"guangzhou","featureType":"infrastructure","railClass":"construction","mode":"construction","name":"未命名","service":"crossover","tunnel":"yes","status":"construction","color":"#52636f","sourceKey":"way:1057518951"}},{"type":"Feature","geometry":{"type":"LineString","coordinates":[[113.2969305,23.396263],[113.2968693,23.3958198],[113.2968112,23.3953992]]},"properties":{"key":"way:1057518952@detail:453_93","osmType":"way","osmId":1057518952,"sourceRegion":"guangzhou","featureType":"infrastructure","railClass":"construction","mode":"construction","name":"未命名","service":"siding","tunnel":"yes","status":"construction","color":"#52636f","sourceKey":"way:1057518952"}},{"type":"Feature","geometry":{"type":"LineString","coordinates":[[113.2968112,23.3953992],[113.2967044,23.3948262]]},"properties":{"key":"way:1057518953@detail:453_93","osmType":"way","osmId":1057518953,"sourceRegion":"guangzhou","featureType":"infrastructure","railClass":"construction","mode":"construction","name":"广州地铁22号线","nameEn":"Guangzhou Metro Line 22","usage":"main","tunnel":"yes","status":"construction","color":"#52636f","sourceKey":"way:1057518953"}},{"type":"Feature","geometry":{"type":"LineString","coordinates":[[113.2864594,23.336955],[113.2861551,23.3367042],[113.2853696,23.3362904]]},"properties":{"key":"way:1323499305@detail:453_93","osmType":"way","osmId":1323499305,"sourceRegion":"guangzhou","featureType":"infrastructure","railClass":"construction","mode":"construction","name":"未命名","tunnel":"yes","status":"construction","color":"#52636f","sourceKey":"way:1323499305"}},{"type":"Feature","geometry":{"type":"LineString","coordinates":[[113.2743553,23.269033],[113.2744446,23.2692828],[113.2744455,23.2694121],[113.2744588,23.2713188],[113.2744609,23.2714572],[113.2744652,23.2717373]]},"properties":{"key":"way:1323499306@detail:453_93","osmType":"way","osmId":1323499306,"sourceRegion":"guangzhou","featureType":"infrastructure","railClass":"construction","mode":"construction","name":"未命名","tunnel":"yes","status":"construction","color":"#52636f","sourceKey":"way:1323499306"}},{"type":"Feature","geometry":{"type":"LineString","coordinates":[[113.2745267,23.2691394],[113.2744455,23.2694121]]},"properties":{"key":"way:1323499307@detail:453_93","osmType":"way","osmId":1323499307,"sourceRegion":"guangzhou","featureType":"infrastructure","railClass":"construction","mode":"construction","name":"未命名","tunnel":"yes","status":"construction","color":"#52636f","sourceKey":"way:1323499307"}},{"type":"Feature","geometry":{"type":"LineString","coordinates":[[113.2745333,23.271504],[113.2744588,23.2713188]]},"properties":{"key":"way:1323499308@detail:453_93","osmType":"way","osmId":1323499308,"sourceRegion":"guangzhou","featureType":"infrastructure","railClass":"construction","mode":"construction","name":"未命名","tunnel":"yes","status":"construction","color":"#52636f","sourceKey":"way:1323499308"}},{"type":"Feature","geometry":{"type":"LineString","coordinates":[[113.2744609,23.2714572],[113.2743689,23.2716261]]},"properties":{"key":"way:1323499309@detail:453_93","osmType":"way","osmId":1323499309,"sourceRegion":"guangzhou","featureType":"infrastructure","railClass":"construction","mode":"construction","name":"未命名","tunnel":"yes","status":"construction","color":"#52636f","sourceKey":"way:1323499309"}},{"type":"Feature","geometry":{"type":"LineString","coordinates":[[113.3122447,23.253122],[113.3125418,23.252982],[113.3149428,23.2518581],[113.3153931,23.2517548]]},"properties":{"key":"way:1323499312@detail:453_93","osmType":"way","osmId":1323499312,"sourceRegion":"guangzhou","featureType":"infrastructure","railClass":"construction","mode":"construction","name":"未命名","service":"siding","tunnel":"yes","status":"construction","color":"#52636f","sourceKey":"way:1323499312"}},{"type":"Feature","geometry":{"type":"LineString","coordinates":[[113.3125418,23.252982],[113.3122651,23.2531951]]},"properties":{"key":"way:1323499313@detail:453_93","osmType":"way","osmId":1323499313,"sourceRegion":"guangzhou","featureType":"infrastructure","railClass":"construction","mode":"construction","name":"未命名","service":"siding","tunnel":"yes","status":"construction","color":"#52636f","sourceKey":"way:1323499313"}},{"type":"Feature","geometry":{"type":"LineString","coordinates":[[113.3120478,23.2528218],[113.3123697,23.252742],[113.3147886,23.2516073],[113.3151797,23.2514467]]},"properties":{"key":"way:1323499315@detail:453_93","osmType":"way","osmId":1323499315,"sourceRegion":"guangzhou","featureType":"infrastructure","railClass":"construction","mode":"construction","name":"未命名","service":"siding","tunnel":"yes","status":"construction","color":"#52636f","sourceKey":"way:1323499315"}},{"type":"Feature","geometry":{"type":"LineString","coordinates":[[113.3147886,23.2516073],[113.3151281,23.2513562]]},"properties":{"key":"way:1323499316@detail:453_93","osmType":"way","osmId":1323499316,"sourceRegion":"guangzhou","featureType":"infrastructure","railClass":"construction","mode":"construction","name":"未命名","service":"siding","tunnel":"yes","status":"construction","color":"#52636f","sourceKey":"way:1323499316"}},{"type":"Feature","geometry":{"type":"LineString","coordinates":[[113.285174,23.3361312],[113.2853696,23.3362904]]},"properties":{"key":"way:1327866388@detail:453_93","osmType":"way","osmId":1327866388,"sourceRegion":"guangzhou","featureType":"infrastructure","railClass":"construction","mode":"construction","name":"未命名","service":"siding","tunnel":"yes","status":"construction","color":"#52636f","sourceKey":"way:1327866388"}},{"type":"Feature","geometry":{"type":"LineString","coordinates":[[113.327145,23.3658536],[113.3262414,23.3658707],[113.3254827,23.3658533],[113.3237614,23.365752],[113.3231839,23.3657484],[113.3225855,23.365753],[113.3216351,23.3658219],[113.3207823,23.3658978],[113.3203014,23.3659771],[113.319318,23.3661454],[113.3181968,23.3663749],[113.3169228,23.3666113],[113.3162011,23.3667422],[113.3158483,23.3668153],[113.3146958,23.367064],[113.3130031,23.3674292],[113.3115458,23.3678812],[113.3097555,23.3683736],[113.308603,23.3687311],[113.3076972,23.3690187],[113.3070716,23.369234],[113.3065888,23.3694638],[113.3056023,23.3701043],[113.3045514,23.3708096],[113.3031635,23.3718289],[113.3016714,23.3730392],[113.300338,23.374236],[113.2993218,23.3751824],[113.298722,23.3758877],[113.2984543,23.3763472],[113.2982164,23.3768659],[113.2977702,23.3779853],[113.2973011,23.379479],[113.2970086,23.3807697],[113.2968682,23.3818215],[113.2968545,23.3824116],[113.296971,23.3829423],[113.2973977,23.3840984],[113.2977068,23.3851093],[113.2980274,23.3857757],[113.298432,23.3866167],[113.2995153,23.3890124],[113.2996069,23.3894267],[113.299886,23.3902759],[113.3000099,23.3909857],[113.2999752,23.3914088],[113.2999157,23.3920548],[113.2998662,23.3926372],[113.299772,23.3934789],[113.2997373,23.3940385],[113.2997422,23.3944934],[113.2998857,23.3954311],[113.3000589,23.3961445]]},"properties":{"key":"way:1349719331@detail:453_93","osmType":"way","osmId":1349719331,"sourceRegion":"guangzhou","featureType":"infrastructure","railClass":"intercity","mode":"rail","name":"广州东环城际线","nameEn":"Guangzhou East Ring Intercity Railway","operator":"广东城际铁路运营","usage":"main","tunnel":"yes","status":"operational","color":"#D85757","sourceKey":"way:1349719331"}},{"type":"Feature","geometry":{"type":"LineString","coordinates":[[113.2667291,23.3498008],[113.2679729,23.3508047],[113.2691681,23.3515679],[113.2704728,23.3522772],[113.2715035,23.3527017],[113.2728312,23.3531013],[113.2849811,23.3552322],[113.2863376,23.3555652],[113.2876499,23.355975],[113.2891715,23.3565337],[113.2903373,23.3571407],[113.2913573,23.3579186],[113.2926106,23.3589699],[113.2933836,23.3597838],[113.2967635,23.3644001],[113.2974507,23.3651891],[113.2982531,23.3659823],[113.2991815,23.3667935],[113.3000297,23.3674129],[113.3006424,23.3677791],[113.3014635,23.3680645],[113.3020628,23.3682103],[113.3028202,23.3683714],[113.3036964,23.3684565],[113.30463,23.3684534],[113.3052473,23.3684024],[113.3058606,23.3683196],[113.3065704,23.3682011],[113.308299,23.3678136],[113.310277,23.3673703],[113.3188976,23.3653399],[113.3211255,23.3648398],[113.3222204,23.364594],[113.3234023,23.3643287]]},"properties":{"key":"way:1349719333@detail:453_93","osmType":"way","osmId":1349719333,"sourceRegion":"guangzhou","featureType":"infrastructure","railClass":"construction","mode":"construction","name":"广河高速线","nameEn":"Guangzhou-Heyuan High Speed Line","usage":"main","highspeed":"yes","tunnel":"yes","status":"construction","color":"#52636f","sourceKey":"way:1349719333"}},{"type":"Feature","geometry":{"type":"LineString","coordinates":[[113.3233912,23.3642701],[113.3231794,23.3643188],[113.3201084,23.365024],[113.3188844,23.3653022],[113.3169373,23.3657481],[113.310262,23.3673283],[113.3072288,23.3680137],[113.3065751,23.3681614],[113.3058568,23.3682817],[113.3052726,23.3683547],[113.3044923,23.368398],[113.3037247,23.3683832],[113.3028138,23.3682939],[113.3020609,23.3681408],[113.301476,23.3679783],[113.3006092,23.367645],[113.300086,23.3673644],[113.29953,23.3669437],[113.2987862,23.3663712],[113.29814,23.3657781],[113.2974112,23.3650608],[113.2968176,23.3643779],[113.2934198,23.3597253],[113.2926254,23.358933],[113.2913971,23.3578998],[113.2903551,23.3571028],[113.2891901,23.3564882],[113.2876519,23.3559118],[113.2862671,23.3554758],[113.2849995,23.3551712],[113.2728516,23.3530582],[113.2715535,23.3526666],[113.2705054,23.3522263],[113.2690836,23.3514643],[113.2679684,23.3507522],[113.2667732,23.3497651]]},"properties":{"key":"way:1349719334@detail:453_93","osmType":"way","osmId":1349719334,"sourceRegion":"guangzhou","featureType":"infrastructure","railClass":"construction","mode":"construction","name":"广河高速线","nameEn":"Guangzhou-Heyuan High Speed Line","usage":"main","highspeed":"yes","tunnel":"yes","status":"construction","color":"#52636f","sourceKey":"way:1349719334"}},{"type":"Feature","geometry":{"type":"LineString","coordinates":[[113.2949543,23.3605843],[113.2960693,23.3622429],[113.2966218,23.3629795],[113.2970275,23.3634746],[113.2976132,23.364149],[113.2980247,23.3645995],[113.2985501,23.3651001],[113.2990508,23.3655597],[113.2994374,23.3658691],[113.2998736,23.3661968],[113.3003941,23.3665517],[113.3010467,23.3669219],[113.3015559,23.3671675],[113.3022248,23.3673894],[113.303058,23.3675505],[113.303866,23.3676552],[113.3046492,23.3676961],[113.3054374,23.3677007],[113.3061958,23.3676597],[113.3070682,23.3675323],[113.3085851,23.3672274],[113.3123227,23.3663719],[113.3172524,23.3652828],[113.321602,23.364232],[113.32331,23.3638093]]},"properties":{"key":"way:1349719335@detail:453_93","osmType":"way","osmId":1349719335,"sourceRegion":"guangzhou","featureType":"infrastructure","railClass":"construction","mode":"construction","name":"广中澳高铁","usage":"main","tunnel":"yes","status":"construction","color":"#52636f","sourceKey":"way:1349719335"}},{"type":"Feature","geometry":{"type":"LineString","coordinates":[[113.3232755,23.363738],[113.3214329,23.3641777],[113.3184146,23.3648641],[113.3145978,23.365747],[113.3117728,23.3663884],[113.3084293,23.3671402],[113.3074469,23.3673503],[113.306627,23.3674914],[113.3060348,23.3675855],[113.3053964,23.3676246],[113.3049217,23.3676246],[113.3041968,23.3675691],[113.3036358,23.3674978],[113.3030144,23.3674106],[113.3022721,23.3672839],[113.3018563,23.3671518],[113.3017111,23.3671056],[113.3012149,23.3668877],[113.3008135,23.3666699],[113.3000886,23.3661945],[113.2994801,23.3657389],[113.2988242,23.3651804],[113.2981423,23.3645426],[113.2975857,23.3639682],[113.2971584,23.3635007],[113.2967787,23.3630412],[113.2962695,23.3623202],[113.2957258,23.3615239],[113.2950353,23.3605295]]},"properties":{"key":"way:1349719336@detail:453_93","osmType":"way","osmId":1349719336,"sourceRegion":"guangzhou","featureType":"infrastructure","railClass":"construction","mode":"construction","name":"广中澳高铁","usage":"main","tunnel":"yes","status":"construction","color":"#52636f","sourceKey":"way:1349719336"}},{"type":"Feature","geometry":{"type":"LineString","coordinates":[[113.3639657,23.3499896],[113.3646612,23.3497851],[113.3652781,23.3495984],[113.3653305,23.3495825],[113.3662972,23.3492732],[113.3671234,23.3490197],[113.367708,23.3488572],[113.3684303,23.3486578]]},"properties":{"key":"way:1350014050@detail:453_93","osmType":"way","osmId":1350014050,"sourceRegion":"guangzhou","featureType":"infrastructure","railClass":"intercity","mode":"rail","name":"广州东环城际线","nameEn":"Guangzhou East Ring Intercity Railway","operator":"广东城际铁路运营有限公司","usage":"main","bridge":"viaduct","status":"operational","color":"#D85757","sourceKey":"way:1350014050"}},{"type":"Feature","geometry":{"type":"LineString","coordinates":[[113.3620821,23.3504194],[113.3623505,23.3503768],[113.362626,23.3503312],[113.3631175,23.3502187],[113.3635392,23.3501191],[113.3638165,23.3500335],[113.3639657,23.3499896]]},"properties":{"key":"way:1350014051@detail:453_93","osmType":"way","osmId":1350014051,"sourceRegion":"guangzhou","featureType":"infrastructure","railClass":"intercity","mode":"rail","name":"广州东环城际线","nameEn":"Guangzhou East Ring Intercity Railway","operator":"广东城际铁路运营有限公司","usage":"main","bridge":"viaduct","status":"operational","color":"#D85757","sourceKey":"way:1350014051"}},{"type":"Feature","geometry":{"type":"LineString","coordinates":[[113.3620372,23.3502824],[113.3626985,23.3501968],[113.3630616,23.3501423],[113.3632269,23.3501144],[113.3634725,23.3500651],[113.3636816,23.3500141],[113.3639442,23.3499496]]},"properties":{"key":"way:1350014052@detail:453_93","osmType":"way","osmId":1350014052,"sourceRegion":"guangzhou","featureType":"infrastructure","railClass":"construction","mode":"construction","name":"穗深城际线","nameEn":"Guangzhou-Shenzhen Intercity Railway","ref":"0702","usage":"main","bridge":"yes","status":"construction","color":"#7456A6","sourceKey":"way:1350014052"}},{"type":"Feature","geometry":{"type":"LineString","coordinates":[[113.3652461,23.3495185],[113.3639279,23.3499105],[113.3636681,23.349981],[113.3633413,23.3500557],[113.3631125,23.3501003],[113.3627141,23.3501599],[113.3623297,23.3502079],[113.3620293,23.3502427]]},"properties":{"key":"way:1350014053@detail:453_93","osmType":"way","osmId":1350014053,"sourceRegion":"guangzhou","featureType":"infrastructure","railClass":"intercity","mode":"rail","name":"穗深城际线","nameEn":"Guangzhou-Shenzhen Intercity Railway","ref":"0702","operator":"广东城际铁路运营有限公司","usage":"main","bridge":"yes","status":"operational","color":"#7456A6","sourceKey":"way:1350014053"}},{"type":"Feature","geometry":{"type":"LineString","coordinates":[[113.3639147,23.349824],[113.3635778,23.3498919],[113.3630923,23.3499657],[113.3626811,23.350027],[113.3621182,23.350098],[113.3620528,23.3501074]]},"properties":{"key":"way:1350014054@detail:453_93","osmType":"way","osmId":1350014054,"sourceRegion":"guangzhou","featureType":"infrastructure","railClass":"intercity","mode":"rail","name":"广州东环城际线","nameEn":"Guangzhou East Ring Intercity Railway","operator":"广东城际铁路运营有限公司","usage":"main","bridge":"viaduct","status":"operational","color":"#D85757","sourceKey":"way:1350014054"}},{"type":"Feature","geometry":{"type":"LineString","coordinates":[[113.414954,23.3859346],[113.4154749,23.3860774],[113.4164831,23.386349],[113.4167653,23.386423]]},"properties":{"key":"way:1350019394@detail:453_93","osmType":"way","osmId":1350019394,"sourceRegion":"guangzhou","featureType":"infrastructure","railClass":"metro","mode":"subway","name":"广州地铁14号线","nameEn":"Guangzhou Metro Line 14","bridge":"yes","status":"operational","color":"#52636f","sourceKey":"way:1350019394"}},{"type":"Feature","geometry":{"type":"LineString","coordinates":[[113.4167524,23.3864633],[113.4164691,23.3863876],[113.4154602,23.386117],[113.4149441,23.3859743]]},"properties":{"key":"way:1350019395@detail:453_93","osmType":"way","osmId":1350019395,"sourceRegion":"guangzhou","featureType":"infrastructure","railClass":"metro","mode":"subway","name":"广州地铁14号线","nameEn":"Guangzhou Metro Line 14","bridge":"yes","status":"operational","color":"#52636f","sourceKey":"way:1350019395"}},{"type":"Feature","geometry":{"type":"LineString","coordinates":[[113.3969775,23.3795109],[113.3972074,23.3797084],[113.3973829,23.3798598],[113.3977432,23.3801609],[113.3978865,23.3802784],[113.3980459,23.3804054],[113.398178,23.3805069],[113.398314,23.3806065],[113.3984576,23.3807062],[113.3986023,23.380803],[113.3987505,23.3808966],[113.3989268,23.3810051],[113.3991048,23.3811098],[113.3993799,23.3812662],[113.3996083,23.3813926],[113.3998402,23.3815152],[113.4000245,23.3816085],[113.4002157,23.3817033],[113.4004434,23.3818102],[113.4006265,23.3818915],[113.4008416,23.38198],[113.4010078,23.382044],[113.4012084,23.3821182],[113.4014128,23.3821891],[113.4016186,23.3822569],[113.4018272,23.3823201],[113.4020142,23.3823755],[113.4021849,23.3824247],[113.4023187,23.3824627],[113.4025564,23.3825282],[113.40324,23.3827192],[113.4035346,23.3828002],[113.4038497,23.3828825],[113.404305,23.3830091],[113.4052337,23.3832612],[113.4055027,23.3833341],[113.4058284,23.3834217],[113.4061807,23.3835167],[113.4074772,23.383879],[113.4132375,23.3854659],[113.4136818,23.3855873],[113.414116,23.3857057],[113.414954,23.3859346]]},"properties":{"key":"way:1350019396@detail:453_93","osmType":"way","osmId":1350019396,"sourceRegion":"guangzhou","featureType":"infrastructure","railClass":"metro","mode":"subway","name":"广州地铁14号线","nameEn":"Guangzhou Metro Line 14","bridge":"yes","status":"operational","color":"#52636f","sourceKey":"way:1350019396"}},{"type":"Feature","geometry":{"type":"LineString","coordinates":[[113.4149441,23.3859743],[113.4141048,23.3857446],[113.4128569,23.3854009],[113.4074637,23.3839185],[113.4061629,23.3835571],[113.4041419,23.383007],[113.4038224,23.3829189],[113.4034028,23.382806],[113.4030652,23.382713],[113.4027867,23.382636],[113.4025087,23.382559],[113.4022942,23.3824982],[113.4021664,23.3824621],[113.4020102,23.3824167],[113.4018186,23.3823613],[113.4016062,23.3822961],[113.4013921,23.3822256],[113.4011946,23.3821562],[113.400992,23.3820802],[113.4008254,23.382017],[113.4006204,23.3819332],[113.4004679,23.381866],[113.4003053,23.3817923],[113.4001325,23.3817096],[113.3999523,23.3816204],[113.3997566,23.3815193],[113.3995547,23.3814124],[113.39934,23.3812919],[113.3991196,23.3811668],[113.3989062,23.3810435],[113.3987288,23.3809363],[113.3985893,23.3808472],[113.3984275,23.380742],[113.3982873,23.3806423],[113.3981684,23.3805549],[113.3980482,23.3804653],[113.3978875,23.380339],[113.3977684,23.3802426],[113.3973633,23.3799026],[113.3971915,23.3797566],[113.3969375,23.3795384]]},"properties":{"key":"way:1350019397@detail:453_93","osmType":"way","osmId":1350019397,"sourceRegion":"guangzhou","featureType":"infrastructure","railClass":"metro","mode":"subway","name":"广州地铁14号线","nameEn":"Guangzhou Metro Line 14","bridge":"yes","status":"operational","color":"#52636f","sourceKey":"way:1350019397"}},{"type":"Feature","geometry":{"type":"LineString","coordinates":[[113.2743486,23.2896553],[113.2742666,23.2954124],[113.2742448,23.2981066],[113.2742233,23.2995051],[113.2741534,23.3011956],[113.273977,23.3031675],[113.2738853,23.3046395],[113.2738617,23.3050881],[113.2738134,23.3060027],[113.2738374,23.3065356],[113.2739042,23.30711],[113.2740484,23.3079664],[113.2742537,23.308852],[113.2753461,23.3133885],[113.2754389,23.3137903],[113.2755245,23.3142911],[113.2755858,23.3148609],[113.2756234,23.3153881],[113.2756286,23.3157793],[113.2755268,23.321036],[113.2755491,23.3243892],[113.2755275,23.3258719],[113.2753573,23.3282293],[113.274999,23.3295992],[113.2739922,23.3314377],[113.2728643,23.3329967],[113.2711863,23.3343903],[113.269278,23.3353534],[113.2668095,23.3360407],[113.264526,23.3363729],[113.2621338,23.3365038],[113.2506589,23.3364781],[113.25,23.336558525899033]]},"properties":{"key":"way:1423949636@detail:453_93","osmType":"way","osmId":1423949636,"sourceRegion":"guangzhou","featureType":"infrastructure","railClass":"construction","mode":"construction","name":"广州地铁18号线","nameEn":"Guangzhou Metro Line 18","usage":"main","tunnel":"yes","status":"construction","color":"#52636f","sourceKey":"way:1423949636"}},{"type":"Feature","geometry":{"type":"LineString","coordinates":[[113.2662152,23.4277535],[113.265577,23.4277817],[113.2633599,23.4279784],[113.2611638,23.4281708],[113.2603871,23.4282608]]},"properties":{"key":"way:1431934604@detail:453_93","osmType":"way","osmId":1431934604,"sourceRegion":"guangzhou","featureType":"infrastructure","railClass":"intercity","mode":"rail","name":"广州东环城际线","nameEn":"Guangzhou East Ring Intercity Railway","operator":"广东城际铁路运营有限公司","service":"siding","tunnel":"yes","status":"operational","color":"#D85757","sourceKey":"way:1431934604"}},{"type":"Feature","geometry":{"type":"LineString","coordinates":[[113.2603952,23.4283133],[113.2607042,23.4283027],[113.2609801,23.4282873],[113.2633805,23.4280957],[113.2654988,23.4279012],[113.2657927,23.4278649],[113.2662133,23.4277985]]},"properties":{"key":"way:1431934605@detail:453_93","osmType":"way","osmId":1431934605,"sourceRegion":"guangzhou","featureType":"infrastructure","railClass":"intercity","mode":"rail","name":"广州东环城际线","nameEn":"Guangzhou East Ring Intercity Railway","operator":"广东城际铁路运营有限公司","service":"siding","tunnel":"yes","status":"operational","color":"#D85757","sourceKey":"way:1431934605"}},{"type":"Feature","geometry":{"type":"LineString","coordinates":[[113.2662133,23.4277985],[113.2730419,23.4272832],[113.2737524,23.427215],[113.2757617,23.4270386]]},"properties":{"key":"way:1431934606@detail:453_93","osmType":"way","osmId":1431934606,"sourceRegion":"guangzhou","featureType":"infrastructure","railClass":"intercity","mode":"rail","name":"广州东环城际线","nameEn":"Guangzhou East Ring Intercity Railway","operator":"广东城际铁路运营有限公司","usage":"main","tunnel":"yes","status":"operational","color":"#D85757","sourceKey":"way:1431934606"}},{"type":"Feature","geometry":{"type":"LineString","coordinates":[[113.2757448,23.4269643],[113.2719043,23.4272792],[113.2662152,23.4277535]]},"properties":{"key":"way:1431934607@detail:453_93","osmType":"way","osmId":1431934607,"sourceRegion":"guangzhou","featureType":"infrastructure","railClass":"intercity","mode":"rail","name":"广州东环城际线","nameEn":"Guangzhou East Ring Intercity Railway","operator":"广东城际铁路运营有限公司","usage":"main","tunnel":"yes","status":"operational","color":"#D85757","sourceKey":"way:1431934607"}},{"type":"Feature","geometry":{"type":"LineString","coordinates":[[113.2662152,23.4277535],[113.2633659,23.4280157],[113.2603871,23.4282608]]},"properties":{"key":"way:1431934608@detail:453_93","osmType":"way","osmId":1431934608,"sourceRegion":"guangzhou","featureType":"infrastructure","railClass":"intercity","mode":"rail","name":"广州东环城际线","nameEn":"Guangzhou East Ring Intercity Railway","operator":"广东城际铁路运营有限公司","usage":"main","tunnel":"yes","status":"operational","color":"#D85757","sourceKey":"way:1431934608"}},{"type":"Feature","geometry":{"type":"LineString","coordinates":[[113.2603952,23.4283133],[113.2622629,23.4281438],[113.263371,23.4280553],[113.2662133,23.4277985]]},"properties":{"key":"way:1431934609@detail:453_93","osmType":"way","osmId":1431934609,"sourceRegion":"guangzhou","featureType":"infrastructure","railClass":"intercity","mode":"rail","name":"广州东环城际线","nameEn":"Guangzhou East Ring Intercity Railway","operator":"广东城际铁路运营有限公司","usage":"main","tunnel":"yes","status":"operational","color":"#D85757","sourceKey":"way:1431934609"}},{"type":"Feature","geometry":{"type":"LineString","coordinates":[[113.34969510851583,23.25],[113.349849,23.2504781],[113.3506118,23.2528478]]},"properties":{"key":"way:1434060609@detail:453_93","osmType":"way","osmId":1434060609,"sourceRegion":"guangzhou","featureType":"infrastructure","railClass":"intercity","mode":"rail","name":"广州东环城际线","nameEn":"Guangzhou East Ring Intercity Railway","usage":"main","tunnel":"yes","status":"operational","color":"#D85757","sourceKey":"way:1434060609"}},{"type":"Feature","geometry":{"type":"LineString","coordinates":[[113.3508092,23.2528073],[113.3500373,23.2504244],[113.34989982685677,23.25]]},"properties":{"key":"way:1434060610@detail:453_93","osmType":"way","osmId":1434060610,"sourceRegion":"guangzhou","featureType":"infrastructure","railClass":"intercity","mode":"rail","name":"广州东环城际线","nameEn":"Guangzhou East Ring Intercity Railway","operator":"广东城际铁路运营有限公司","usage":"main","tunnel":"yes","status":"operational","color":"#D85757","sourceKey":"way:1434060610"}},{"type":"Feature","geometry":{"type":"LineString","coordinates":[[113.25,23.337534073455462],[113.2547237,23.3407789],[113.2622342,23.3461093],[113.2667732,23.3497651]]},"properties":{"key":"way:1511346536@detail:453_93","osmType":"way","osmId":1511346536,"sourceRegion":"guangzhou","featureType":"infrastructure","railClass":"construction","mode":"construction","name":"广河高速线","nameEn":"Guangzhou-Heyuan High Speed Line","usage":"main","highspeed":"yes","bridge":"viaduct","status":"construction","color":"#52636f","sourceKey":"way:1511346536"}},{"type":"Feature","geometry":{"type":"LineString","coordinates":[[113.25,23.337601710815516],[113.2546754,23.3408215],[113.2621394,23.3461107],[113.2667291,23.3498008]]},"properties":{"key":"way:1511346537@detail:453_93","osmType":"way","osmId":1511346537,"sourceRegion":"guangzhou","featureType":"infrastructure","railClass":"construction","mode":"construction","name":"广河高速线","nameEn":"Guangzhou-Heyuan High Speed Line","usage":"main","highspeed":"yes","bridge":"viaduct","status":"construction","color":"#52636f","sourceKey":"way:1511346537"}},{"type":"Feature","geometry":{"type":"LineString","coordinates":[[113.3109324,23.3672433],[113.3116946,23.3670777],[113.3166668,23.3658959],[113.3178637,23.3655992]]},"properties":{"key":"way:1511346538@detail:453_93","osmType":"way","osmId":1511346538,"sourceRegion":"guangzhou","featureType":"infrastructure","railClass":"construction","mode":"construction","name":"未命名","service":"siding","tunnel":"yes","status":"construction","color":"#52636f","sourceKey":"way:1511346538"}},{"type":"Feature","geometry":{"type":"LineString","coordinates":[[113.310277,23.3673703],[113.3109324,23.3672433],[113.3127995,23.3669079],[113.3167217,23.3659999],[113.3178637,23.3655992],[113.3188976,23.3653399]]},"properties":{"key":"way:1511346539@detail:453_93","osmType":"way","osmId":1511346539,"sourceRegion":"guangzhou","featureType":"infrastructure","railClass":"construction","mode":"construction","name":"未命名","service":"siding","tunnel":"yes","status":"construction","color":"#52636f","sourceKey":"way:1511346539"}},{"type":"Feature","geometry":{"type":"LineString","coordinates":[[113.3188844,23.3653022],[113.3178418,23.3654914],[113.3163426,23.3657188],[113.3124221,23.3666331],[113.3109129,23.3671385],[113.310262,23.3673283]]},"properties":{"key":"way:1511346540@detail:453_93","osmType":"way","osmId":1511346540,"sourceRegion":"guangzhou","featureType":"infrastructure","railClass":"construction","mode":"construction","name":"未命名","service":"siding","tunnel":"yes","status":"construction","color":"#52636f","sourceKey":"way:1511346540"}},{"type":"Feature","geometry":{"type":"LineString","coordinates":[[113.3178418,23.3654914],[113.3169666,23.3656944],[113.3124698,23.3667529],[113.3109129,23.3671385]]},"properties":{"key":"way:1511346541@detail:453_93","osmType":"way","osmId":1511346541,"sourceRegion":"guangzhou","featureType":"infrastructure","railClass":"construction","mode":"construction","name":"未命名","service":"siding","tunnel":"yes","status":"construction","color":"#52636f","sourceKey":"way:1511346541"}},{"type":"Feature","geometry":{"type":"LineString","coordinates":[[113.3072288,23.3680137],[113.308299,23.3678136]]},"properties":{"key":"way:1511346542@detail:453_93","osmType":"way","osmId":1511346542,"sourceRegion":"guangzhou","featureType":"infrastructure","railClass":"construction","mode":"construction","name":"未命名","service":"crossover","tunnel":"yes","status":"construction","color":"#52636f","sourceKey":"way:1511346542"}},{"type":"Feature","geometry":{"type":"LineString","coordinates":[[113.3201084,23.365024],[113.3211255,23.3648398]]},"properties":{"key":"way:1511346543@detail:453_93","osmType":"way","osmId":1511346543,"sourceRegion":"guangzhou","featureType":"infrastructure","railClass":"construction","mode":"construction","name":"未命名","service":"crossover","tunnel":"yes","status":"construction","color":"#52636f","sourceKey":"way:1511346543"}},{"type":"Feature","geometry":{"type":"LineString","coordinates":[[113.3222204,23.364594],[113.3231794,23.3643188]]},"properties":{"key":"way:1511346544@detail:453_93","osmType":"way","osmId":1511346544,"sourceRegion":"guangzhou","featureType":"infrastructure","railClass":"construction","mode":"construction","name":"未命名","service":"crossover","tunnel":"yes","status":"construction","color":"#52636f","sourceKey":"way:1511346544"}},{"type":"Feature","geometry":{"type":"MultiLineString","coordinates":[[[113.5,23.36861589676624],[113.4929856,23.3753066],[113.4928768,23.3754126],[113.4927723,23.3755181],[113.4927066,23.3755888],[113.4926495,23.3756539],[113.4925776,23.3757395],[113.4925073,23.3758272],[113.4924352,23.3759182],[113.4923077,23.3760829],[113.4921374,23.3763148],[113.4920021,23.3765071],[113.4918832,23.3766824],[113.4917518,23.3768879],[113.4915692,23.3771765],[113.491386,23.3774784],[113.4912039,23.3777784],[113.4910544,23.3780298],[113.4909127,23.378267],[113.49078,23.3784941],[113.4906432,23.3787346],[113.4905021,23.3789873],[113.490029,23.3798405],[113.4897105,23.3804151],[113.488953,23.3817814],[113.4888242,23.3820219],[113.4886592,23.3823409],[113.4885059,23.3826502],[113.4883405,23.3830037],[113.4881581,23.3834181],[113.4879785,23.3838537],[113.4878322,23.3842152],[113.4876919,23.3845714],[113.4875917,23.3848393],[113.4874781,23.3851579],[113.4873866,23.3854224],[113.4872628,23.385821],[113.4871505,23.3861949],[113.4870413,23.3865668],[113.4869184,23.3870074],[113.4868087,23.387398],[113.4867103,23.3877773],[113.4856276,23.3922225],[113.4854944,23.3927398],[113.4854094,23.3930513],[113.4853356,23.3933034],[113.4852729,23.3935147],[113.4852053,23.3937265],[113.4850981,23.3940375],[113.4849642,23.3944168],[113.484842,23.3947446],[113.4824794,23.4008886],[113.4821956,23.4016451],[113.4816265,23.4031622],[113.4814486,23.4036308],[113.4813032,23.4040136],[113.4811566,23.404415],[113.4810477,23.4047188],[113.4809301,23.4050653],[113.4808395,23.4053669],[113.4807242,23.4057563],[113.480574,23.4062753],[113.4803994,23.4068847],[113.4803199,23.4071691],[113.4802428,23.4074471],[113.4792667,23.4110872],[113.4791854,23.4113817],[113.4790934,23.4117112],[113.4790262,23.4119304],[113.4789652,23.4121272],[113.4788902,23.4123602],[113.4788065,23.4126129],[113.4787234,23.4128553],[113.4786293,23.4131244],[113.4785438,23.4133695],[113.4784678,23.4135769],[113.4783808,23.4138006],[113.4782826,23.4140434],[113.478163,23.4143288],[113.4780384,23.4146153],[113.4779343,23.4148495],[113.4778433,23.4150491],[113.4777681,23.4152045],[113.477693,23.4153556],[113.4776187,23.4155003],[113.4775435,23.4156423],[113.4774485,23.4158125],[113.4773874,23.4159199],[113.4773204,23.4160327],[113.477231,23.4161768],[113.4771063,23.4163736],[113.4769301,23.4166295],[113.4767449,23.4168692],[113.4765788,23.4170697],[113.4764114,23.4172576],[113.476216,23.4174538],[113.4760631,23.4175968],[113.4758595,23.4177702],[113.4756814,23.4179085],[113.4754801,23.4180512],[113.4752504,23.4182004],[113.4750522,23.4183244],[113.4747942,23.4184704],[113.4745046,23.4186237],[113.4741386,23.4188148],[113.4740093,23.4188819],[113.4738878,23.418941],[113.4737701,23.4189954],[113.4736735,23.4190378],[113.4735619,23.4190834],[113.4734066,23.4191424],[113.4732448,23.4192012],[113.4731405,23.4192356],[113.4730527,23.4192621],[113.4729703,23.4192844],[113.4728956,23.4193031],[113.4728008,23.4193246],[113.4726906,23.4193468],[113.4725923,23.4193648],[113.4725026,23.4193799],[113.4723864,23.4193957]],[[113.4723864,23.4193957],[113.472207,23.4194158],[113.4720693,23.4194311],[113.4718931,23.419447],[113.4717273,23.4194584],[113.4715975,23.4194624],[113.4714146,23.4194608],[113.4712278,23.419457],[113.471063,23.4194521],[113.4708763,23.4194426],[113.4706829,23.4194306],[113.4704123,23.419412]],[[113.4704123,23.419412],[113.4697796,23.4193672],[113.4689746,23.4193154],[113.468477,23.4192826],[113.4678827,23.4192374],[113.4676558,23.4192182],[113.4675285,23.4192061],[113.4674065,23.4191924],[113.4672512,23.4191729],[113.4671304,23.4191568],[113.4670005,23.4191354],[113.4668694,23.4191101],[113.4667299,23.4190792],[113.4666096,23.4190492],[113.4664746,23.419012],[113.466327,23.418969],[113.4661515,23.4189157],[113.4659435,23.4188431],[113.4657841,23.4187822],[113.4656403,23.4187227],[113.4654778,23.4186524],[113.4653481,23.4185937],[113.465221,23.4185363],[113.4650399,23.4184514],[113.4649164,23.4183893],[113.4648362,23.4183472],[113.4647295,23.4182885],[113.4646325,23.4182293],[113.4645387,23.4181715],[113.4644504,23.418113],[113.4643079,23.4180118],[113.4641873,23.4179158],[113.4641009,23.4178472],[113.4640126,23.4177747],[113.4635435,23.4173789]],[[113.4635435,23.4173789],[113.4628539,23.4168051],[113.4624518,23.4164704],[113.4615816,23.4157463]]]},"properties":{"key":"relation:6728311@detail:453_93","osmType":"relation","osmId":6728311,"sourceRegion":"guangzhou","featureType":"service","railClass":"metro","mode":"subway","name":"地铁 14号线知识城支线：镇龙 -> 新和","nameEn":"Subway Line 14 Knowledge City Line:Zhenlong -> Xinhe","operator":"广州地铁集团有限公司","network":"广州地铁","status":"operational","color":"#81312F","sourceKey":"relation:6728311"}},{"type":"Feature","geometry":{"type":"MultiLineString","coordinates":[[[113.25,23.378511712829187],[113.2564111,23.3753701],[113.2574551,23.3748591],[113.2581736,23.3745075],[113.2583667,23.374413],[113.2585641,23.3743139],[113.2588931,23.3741463],[113.2626818,23.3721957],[113.2630374,23.372017],[113.2632644,23.3718994],[113.2635265,23.3717668],[113.263698,23.3716806],[113.2646402,23.371213],[113.2649451,23.3710662],[113.2651986,23.3709471],[113.2655097,23.3708],[113.2659248,23.3706052],[113.2663522,23.3704066],[113.2668372,23.3701767],[113.2672255,23.369992],[113.2675023,23.3698638],[113.2677709,23.3697428],[113.2680246,23.3696323],[113.2682346,23.3695464],[113.2684681,23.3694574],[113.2686774,23.369386],[113.2688961,23.3693142],[113.2691181,23.3692448],[113.2693093,23.3691875],[113.2695737,23.3691135],[113.2698982,23.3690266],[113.2701396,23.3689671],[113.2704362,23.368897],[113.2706751,23.3688389],[113.2727111,23.3683808],[113.2748416,23.3679015],[113.2755171,23.3677438],[113.2760627,23.3676186],[113.2766103,23.3674922],[113.2774021,23.3673125],[113.2781134,23.3671498],[113.2787686,23.3670011],[113.2795355,23.366824],[113.2801436,23.3666813],[113.2837679,23.3658311]],[[113.2837679,23.3658311],[113.2865464,23.3651794],[113.2868798,23.3651017],[113.2871878,23.3650303],[113.2873833,23.3649834],[113.2875957,23.3649293],[113.2878354,23.3648618],[113.2880014,23.3648105],[113.2881818,23.3647529],[113.2883898,23.3646788],[113.2887183,23.3645505],[113.2889229,23.3644637],[113.2891216,23.3643678],[113.2893199,23.3642587],[113.289498,23.3641494],[113.2897086,23.3640012],[113.2899088,23.3638399],[113.290038,23.3637194],[113.2901309,23.3636292],[113.2902103,23.3635348],[113.2902873,23.3634191],[113.2903697,23.3632835],[113.2904376,23.3631467],[113.2904958,23.3630154],[113.290537,23.3628981],[113.290589,23.3627179],[113.2906388,23.362518],[113.2906566,23.362388],[113.2906683,23.3622523],[113.2906847,23.3620047],[113.2906902,23.3618059],[113.2906875,23.3615927],[113.2906813,23.361349],[113.2906742,23.3611399],[113.2906638,23.3609412],[113.2906462,23.3606765],[113.2906348,23.3605207],[113.2906239,23.3604152],[113.290611,23.3603151],[113.2905941,23.3601994],[113.290573,23.3600886],[113.2905417,23.3599482],[113.2905027,23.3598012],[113.2904184,23.3594996],[113.2901361,23.35849],[113.2899533,23.357832]]]},"properties":{"key":"relation:7935591@detail:453_93","osmType":"relation","osmId":7935591,"sourceRegion":"guangzhou","featureType":"service","railClass":"metro","mode":"subway","name":"地铁 9号线：飞鹅岭 -> 高增","nameEn":"Subway Line 9:Fei'eling -> Gaozeng","ref":"9","operator":"广州地铁集团有限公司","network":"广州地铁","status":"operational","color":"#71cc98","sourceKey":"relation:7935591"}},{"type":"Feature","geometry":{"type":"MultiLineString","coordinates":[[[113.28752803629442,23.25],[113.2876794,23.2500269],[113.2879074,23.2500634],[113.2881915,23.2501063],[113.2884661,23.2501439],[113.2886979,23.2501713],[113.288983,23.250202],[113.2892995,23.2502312],[113.2896074,23.2502556],[113.289918,23.2502778],[113.2902124,23.2502983],[113.2906359,23.2503252],[113.2911712,23.2503569],[113.2916695,23.250388],[113.2919819,23.2504049],[113.2923235,23.2504228],[113.2926113,23.2504338],[113.2928979,23.250443],[113.2932108,23.2504525],[113.2947783,23.2504874],[113.2950807,23.2504922],[113.295378,23.2504947],[113.2956439,23.2504966],[113.2958859,23.2504964],[113.2960989,23.2504943],[113.2963506,23.2504864],[113.296625,23.250473],[113.2969192,23.2504533],[113.2972076,23.250427],[113.2974653,23.2503983],[113.2977163,23.2503677],[113.2979831,23.2503338],[113.298239,23.2502934],[113.2985523,23.2502403],[113.2988449,23.2501894],[113.2991376,23.2501359],[113.2994258,23.2500793],[113.2996967,23.2500267],[113.29983266667955,23.25]],[[113.31003912179676,23.25],[113.3100723,23.250022],[113.3101933,23.2501062],[113.3103431,23.250221],[113.3104727,23.250327],[113.3105704,23.2504105],[113.3106942,23.2505283],[113.3108171,23.25065],[113.3109188,23.2507622],[113.3110157,23.2508813],[113.3111038,23.2509911],[113.311181,23.2510974],[113.3112704,23.2512334],[113.311364,23.251372],[113.3114575,23.2515252],[113.3115446,23.2516749],[113.3116533,23.2518613],[113.3117899,23.2520935],[113.3118954,23.2522797],[113.3120214,23.2525001]],[[113.3120214,23.2525001],[113.3121651,23.2528117],[113.3122055,23.2528978],[113.3122323,23.252952],[113.312247,23.2529814],[113.3122589,23.253003],[113.3126871,23.2537525],[113.3130921,23.2544613],[113.3131257,23.2545201]],[[113.3131257,23.2545201],[113.3134168,23.2549425]],[[113.3134168,23.2549425],[113.3136352,23.2553246],[113.3137716,23.2555612],[113.3168225,23.2610016],[113.3169113,23.2611649],[113.3170033,23.2613373],[113.3171465,23.2616204],[113.3172695,23.2618768],[113.3174035,23.262172],[113.3175409,23.2624999],[113.3176568,23.2627968],[113.3177385,23.2630123],[113.3178186,23.263233],[113.3178798,23.2634121],[113.3179361,23.2635909],[113.3179928,23.263773],[113.3181118,23.2641784],[113.3182045,23.2645212],[113.3182936,23.2648641],[113.3184011,23.2653031],[113.3185016,23.2657184],[113.3185789,23.2660454],[113.3186506,23.2663527],[113.3188056,23.2670157],[113.3189091,23.2674642],[113.318966,23.2677003],[113.3190206,23.2679355],[113.3191634,23.2685737],[113.3192231,23.2688522],[113.3192552,23.2690158],[113.3192873,23.2691832],[113.319321,23.2693749],[113.3193449,23.2695337],[113.3193675,23.2696973],[113.3193881,23.2698796],[113.3194113,23.2700898],[113.3194217,23.2702772],[113.3194311,23.2704863],[113.3194329,23.2705989],[113.3194303,23.2707017],[113.3194224,23.2708144],[113.3194116,23.2709222],[113.3193905,23.2710731],[113.3193659,23.2712225],[113.3193293,23.2714044],[113.3192889,23.2716031],[113.3192667,23.2717122],[113.3192418,23.2718263],[113.319204,23.2719844],[113.319165,23.2721376],[113.3191169,23.2723111],[113.3190718,23.2724754],[113.3190126,23.2726907],[113.3189663,23.272854],[113.3189242,23.2730068],[113.3182753,23.275453],[113.3182061,23.2757322],[113.3181455,23.2759924],[113.3180859,23.2762588],[113.3180416,23.2764787],[113.3179934,23.2767367],[113.3179523,23.2770065],[113.3179288,23.277212],[113.3179156,23.2774152],[113.3179095,23.2775823],[113.3179089,23.277818],[113.3179121,23.2780498],[113.3179213,23.2782913],[113.317937,23.2785122],[113.3179518,23.2787057],[113.3179634,23.2788588],[113.3179751,23.2789893],[113.3179878,23.2791055],[113.3180027,23.2792171],[113.3180267,23.2793599],[113.3181407,23.280078],[113.3182567,23.2808081],[113.3185101,23.2823755],[113.3185682,23.2827314],[113.3186266,23.2830772],[113.3186675,23.2833213],[113.318709,23.2835568],[113.3187578,23.2838096],[113.3187848,23.2839516],[113.318819,23.2841001],[113.3188642,23.2842778],[113.3189136,23.2844531],[113.3189583,23.2846062],[113.3190412,23.2848636],[113.3191578,23.2851979],[113.3192968,23.2855721],[113.3194237,23.285901],[113.319539,23.2861761],[113.3196706,23.2864657],[113.3198201,23.2867656],[113.3199805,23.2870754],[113.3201505,23.2873754],[113.3202994,23.2876251],[113.3204327,23.2878294],[113.3205738,23.2880277],[113.3206744,23.2881573],[113.3207887,23.2882898],[113.3209304,23.2884326],[113.3210695,23.2885664],[113.3212588,23.2887386],[113.3214756,23.2889258],[113.32171,23.2891203],[113.3220497,23.2893827],[113.3223603,23.2895944],[113.3226458,23.2897747],[113.3230188,23.2899906],[113.3232932,23.2901332],[113.3235526,23.2902583],[113.3238526,23.2903942],[113.3241643,23.2905247],[113.3245367,23.2906694],[113.3248518,23.2907874],[113.3252188,23.2909215],[113.3255361,23.2910381],[113.3259664,23.2911903],[113.3263645,23.2913354],[113.3267899,23.2914874],[113.3281818,23.2919834],[113.3286383,23.2921497],[113.3293401,23.2924001],[113.3300011,23.2926547],[113.330532,23.2928613],[113.3309991,23.2930564],[113.3314288,23.2932372],[113.3318383,23.2934099],[113.332241,23.2935826],[113.3325794,23.2937387],[113.3329981,23.293934],[113.3333913,23.294119],[113.3337323,23.2942863],[113.3340476,23.2944517],[113.3343625,23.2946237],[113.3347295,23.2948395],[113.3350534,23.2950426],[113.3353482,23.2952467],[113.3356736,23.295489],[113.3361059,23.2958297],[113.3364025,23.2960816],[113.3367822,23.2964264],[113.3372271,23.2968325],[113.3375385,23.2971239],[113.3378538,23.2974154],[113.3381636,23.2977143],[113.3384126,23.2979791],[113.3386516,23.2982471],[113.3389177,23.298533],[113.3391686,23.2988048],[113.3394877,23.2991377],[113.3399905,23.2996926],[113.3405854,23.3003446]],[[113.3405854,23.3003446],[113.3409343,23.3007925]],[[113.3409343,23.3007925],[113.3409757,23.300838],[113.3414725,23.3013824],[113.3419947,23.3019545],[113.3420105,23.3019718]],[[113.3420105,23.3019718],[113.342458,23.3023921]],[[113.342458,23.3023921],[113.3426066,23.3025547],[113.3427509,23.3027149],[113.3429014,23.3028808],[113.343172,23.3031808],[113.3435356,23.3035795],[113.3437725,23.3038382],[113.3440327,23.3041297],[113.3442594,23.3043717],[113.3445839,23.3047207],[113.3448514,23.3050043],[113.3450872,23.3052496],[113.3453712,23.3055595],[113.3456012,23.3058081],[113.3458715,23.3061106],[113.3461783,23.3064557],[113.3463966,23.3067048],[113.346579,23.3069253],[113.3467565,23.307143],[113.3469202,23.3073547],[113.3470092,23.3074726],[113.3471158,23.3076206],[113.3471648,23.3076899],[113.3472337,23.3077874],[113.3473911,23.3080289],[113.3475484,23.3082741],[113.3476838,23.3084998],[113.3477993,23.3087019],[113.3478947,23.3088798],[113.3479729,23.3090323],[113.3480573,23.3091974],[113.3481566,23.3093965],[113.3482991,23.3096877],[113.3483568,23.309808],[113.3484256,23.3099514],[113.34852,23.3101577],[113.3486267,23.3103946],[113.348756,23.3106852],[113.3488935,23.3109878],[113.3490193,23.311273],[113.3491287,23.3115226],[113.3492462,23.3117905],[113.3493754,23.3120934],[113.3495056,23.3124084],[113.3496331,23.3127277],[113.3498004,23.3131377],[113.3499204,23.313436],[113.3500385,23.3137205],[113.3501549,23.3140107],[113.3502933,23.3143607],[113.3504193,23.3146739],[113.3507767,23.3155724],[113.3509222,23.3159346],[113.3511377,23.31649],[113.3513401,23.3170174],[113.3515176,23.3174871],[113.3517055,23.3180005],[113.3518744,23.3184726],[113.3520386,23.3189517],[113.3521839,23.3193638],[113.3523305,23.3197994],[113.3525269,23.3203757],[113.352669,23.3207768],[113.3528113,23.3211788],[113.3529825,23.3216506],[113.3531369,23.3220667],[113.3532255,23.3222939],[113.3533122,23.3225058],[113.3534185,23.3227459],[113.3535168,23.322959],[113.3536089,23.3231541],[113.3537331,23.3234008],[113.353845,23.3236193],[113.3539432,23.3238135],[113.3540465,23.3240168],[113.3541275,23.3241758],[113.3542194,23.3243705],[113.3543211,23.3245907],[113.3544143,23.324802],[113.3544958,23.3249854],[113.3545752,23.3251605],[113.3546497,23.3253403],[113.3547117,23.325503],[113.3549512,23.3262481],[113.3550025,23.3264224],[113.3550544,23.3266169],[113.3551052,23.3268266],[113.355158,23.3270556],[113.3552104,23.3272888],[113.3553125,23.327777],[113.3558533,23.3301806]],[[113.3558533,23.3301806],[113.3564831,23.3329299],[113.3565258,23.333119],[113.3565567,23.3332487],[113.3565874,23.3333764],[113.3566167,23.3334962],[113.3566446,23.3336079],[113.3566766,23.3337324],[113.3567358,23.3339402]],[[113.3567358,23.3339402],[113.3568037,23.3341606],[113.3568685,23.3343622],[113.3569364,23.3345582],[113.3570195,23.3348058],[113.3571135,23.3350703],[113.3571828,23.3352556],[113.3572962,23.3355534],[113.3574236,23.3358621],[113.3576682,23.3364039],[113.3578135,23.3367196],[113.3579885,23.3371007],[113.3582896,23.3377309],[113.3585686,23.3383302],[113.3588096,23.338859],[113.3589075,23.3390746],[113.3589828,23.3392452],[113.3591359,23.3396096],[113.3592436,23.3398775],[113.3593975,23.3402714],[113.3595046,23.3405535],[113.3596054,23.3408232],[113.3597428,23.3412143],[113.3598428,23.3415276],[113.3599285,23.3417919],[113.3601104,23.342383],[113.3602434,23.3428246],[113.3604102,23.3433984],[113.3605148,23.343755],[113.3606489,23.3442028],[113.3608034,23.3447125],[113.360951,23.345219],[113.3611391,23.3458532],[113.3612218,23.3461326],[113.3613172,23.3464704],[113.3615031,23.3471662],[113.3616505,23.3477342],[113.3617892,23.3482834],[113.3618729,23.3486008],[113.3619197,23.3487693],[113.3619793,23.3489665],[113.3620346,23.3491389],[113.3620917,23.3492953],[113.3621508,23.3494512],[113.3621885,23.3495455],[113.3622664,23.3497238],[113.3623285,23.3498642],[113.3624227,23.3500728],[113.3625031,23.3502455],[113.3625779,23.3503963],[113.3626527,23.3505514],[113.3627125,23.350677],[113.3629745,23.3512188],[113.3632724,23.351835],[113.3634108,23.3521155],[113.3635614,23.3524255],[113.3638283,23.3529703],[113.3640024,23.3533326],[113.36417,23.3536801],[113.3643212,23.3539931],[113.364481,23.3543297],[113.3647245,23.3548479],[113.3648725,23.3551676],[113.3650102,23.3554637],[113.3651043,23.3556625],[113.3652057,23.355878],[113.3653335,23.356145],[113.3654034,23.356296],[113.3654781,23.3564528],[113.3655507,23.356601],[113.3656205,23.3567444],[113.3656988,23.3568992],[113.3657837,23.3570616],[113.3658615,23.3572108],[113.3659132,23.3573066],[113.3659683,23.3574011],[113.3660754,23.3575745],[113.3661607,23.3577045],[113.3662586,23.3578472],[113.36636,23.3579871],[113.366441,23.3580943],[113.3665264,23.3581949],[113.3666819,23.3583714],[113.366854,23.358554],[113.3670516,23.3587551],[113.3672817,23.35898],[113.3676775,23.3593499],[113.3683989,23.3600302],[113.3687562,23.3603646],[113.3689806,23.3605734],[113.3691501,23.3607291],[113.3693519,23.360914],[113.3696434,23.3611679],[113.3698262,23.3613174],[113.3699785,23.3614395],[113.3701831,23.3615968],[113.3703965,23.361753],[113.370647,23.3619303],[113.3708681,23.3620872],[113.3710551,23.3622148],[113.371334,23.3624031],[113.3719488,23.3628053],[113.3723049,23.3630338],[113.3730144,23.3634892],[113.3732458,23.3636333],[113.3734323,23.3637469],[113.3736939,23.3639018],[113.37421,23.3641969],[113.3743739,23.3642892],[113.3745079,23.3643615],[113.3746604,23.3644418],[113.3748339,23.3645311],[113.3749922,23.3646123],[113.3751827,23.3647077],[113.3753644,23.3647991],[113.3761199,23.3651684],[113.3766589,23.3654354],[113.3775159,23.3658509],[113.3796942,23.3669108],[113.3802876,23.3672067],[113.3809044,23.3675139],[113.3815586,23.3678352],[113.3817526,23.3679329],[113.3824962,23.3683049],[113.3833009,23.3687027],[113.3839049,23.3689987],[113.3842274,23.3691583],[113.3843827,23.3692364],[113.38459,23.3693447],[113.3847787,23.3694446],[113.3849206,23.3695214],[113.3850908,23.3696159],[113.385283,23.3697261],[113.3854731,23.3698418],[113.3856803,23.3699708],[113.3858572,23.3700857],[113.3859624,23.370156],[113.3860697,23.3702315],[113.3861901,23.3703212],[113.3863035,23.3704064],[113.3864886,23.370556],[113.3867027,23.3707341],[113.3869584,23.3709533],[113.3874754,23.3713986],[113.3877399,23.3716149],[113.3895546,23.3731495],[113.3902132,23.3737135],[113.3907236,23.3741539],[113.3909218,23.3743243],[113.3911886,23.3745524],[113.3920167,23.3752524],[113.3922389,23.3754418],[113.3924365,23.3756111],[113.3925826,23.3757359],[113.3931462,23.37622],[113.3932631,23.3763205]],[[113.3932631,23.3763205],[113.3944027,23.3771606],[113.3944721,23.3772131],[113.3945398,23.3772643],[113.3946096,23.377317],[113.394681,23.3773726],[113.3947458,23.3774242],[113.3952047,23.3778185],[113.3956561,23.3782063],[113.3957074,23.3782519],[113.3957531,23.3782933],[113.3958185,23.378354],[113.3958747,23.3784078],[113.395935,23.3784673],[113.3959979,23.3785308],[113.3961299,23.3786676],[113.3969775,23.3795109]],[[113.3969775,23.3795109],[113.3972074,23.3797084],[113.3973829,23.3798598],[113.3977432,23.3801609],[113.3978865,23.3802784],[113.3980459,23.3804054],[113.398178,23.3805069],[113.398314,23.3806065],[113.3984576,23.3807062],[113.3986023,23.380803],[113.3987505,23.3808966],[113.3989268,23.3810051],[113.3991048,23.3811098],[113.3993799,23.3812662],[113.3996083,23.3813926],[113.3998402,23.3815152],[113.4000245,23.3816085],[113.4002157,23.3817033],[113.4004434,23.3818102],[113.4006265,23.3818915],[113.4008416,23.38198],[113.4010078,23.382044],[113.4012084,23.3821182],[113.4014128,23.3821891],[113.4016186,23.3822569],[113.4018272,23.3823201],[113.4020142,23.3823755],[113.4021849,23.3824247],[113.4023187,23.3824627],[113.4025564,23.3825282],[113.40324,23.3827192],[113.4035346,23.3828002],[113.4038497,23.3828825],[113.404305,23.3830091],[113.4052337,23.3832612],[113.4055027,23.3833341],[113.4058284,23.3834217],[113.4061807,23.3835167],[113.4074772,23.383879],[113.4132375,23.3854659],[113.4136818,23.3855873],[113.414116,23.3857057],[113.414954,23.3859346]],[[113.414954,23.3859346],[113.4154749,23.3860774],[113.4164831,23.386349],[113.4167653,23.386423]],[[113.4167653,23.386423],[113.4170532,23.386497],[113.417328,23.3865644],[113.4175939,23.3866275],[113.4177936,23.3866712],[113.4179459,23.3867042],[113.4180964,23.3867341],[113.4182488,23.3867621],[113.4183895,23.3867845],[113.4185542,23.3868066],[113.4187385,23.3868299],[113.4190004,23.3868555],[113.4190658,23.386861],[113.4192824,23.3868793],[113.4194415,23.38689],[113.4195854,23.3868968],[113.4197122,23.3869026],[113.4198623,23.3869076],[113.4201282,23.3869165],[113.4205589,23.3869255],[113.421215,23.3869384],[113.4217446,23.3869493],[113.4222987,23.3869608],[113.4230484,23.3869759],[113.4236571,23.3869899],[113.4254484,23.3870311],[113.426423,23.3870529],[113.4268037,23.3870658],[113.4269279,23.3870715],[113.4270761,23.3870794],[113.4271823,23.3870855],[113.4272817,23.3870935],[113.427421,23.3871062],[113.4275437,23.3871193],[113.4276854,23.3871369],[113.4277991,23.3871538],[113.4278895,23.3871689],[113.4279729,23.3871826],[113.428066,23.3871994],[113.4281749,23.3872218],[113.4282831,23.3872452],[113.4283978,23.3872723],[113.4285233,23.3873038],[113.4286362,23.3873334],[113.4287503,23.3873669],[113.4288983,23.387414],[113.4289965,23.3874479],[113.4291077,23.3874872],[113.4291863,23.3875179],[113.4293061,23.3875666],[113.4294279,23.3876195],[113.4295915,23.3876955],[113.4297799,23.3877834],[113.4300234,23.3878975],[113.4304511,23.3881054],[113.4310262,23.3883824],[113.4312639,23.3884956],[113.4315642,23.3886375],[113.4324586,23.3890698],[113.4328401,23.3892507],[113.433283,23.3894659],[113.4337679,23.3897024],[113.4343479,23.3899855],[113.4346888,23.3901512],[113.4352214,23.3904095],[113.4354749,23.3905309],[113.435606,23.3905927],[113.4357904,23.3906775],[113.4359438,23.3907468],[113.4362003,23.3908596],[113.4363301,23.3909135],[113.4364851,23.3909767],[113.4366566,23.3910424],[113.4368663,23.3911195],[113.4371099,23.3912031],[113.4373585,23.3912845],[113.4376355,23.3913737],[113.4380868,23.3915127],[113.4384043,23.3916112],[113.4388191,23.391742],[113.4391606,23.3918509],[113.4394635,23.3919489],[113.4396914,23.3920233],[113.4399487,23.3921105],[113.4401527,23.3921798],[113.4403532,23.3922516],[113.4405271,23.3923164],[113.4407023,23.3923847],[113.4408432,23.3924438],[113.4410275,23.3925253],[113.4411837,23.3925965],[113.4413436,23.3926753],[113.4414497,23.3927302],[113.4415601,23.3927891],[113.4416726,23.3928503],[113.4418219,23.3929354],[113.4419721,23.3930253],[113.4420966,23.3931021],[113.4422196,23.3931827],[113.4423418,23.3932671],[113.4424678,23.3933581],[113.4425908,23.3934515],[113.4427257,23.3935596],[113.4428352,23.3936522],[113.4429485,23.3937477],[113.4430677,23.3938535],[113.4431789,23.3939518],[113.4432649,23.3940343],[113.4433563,23.3941229],[113.4435025,23.394267],[113.4436076,23.3943779],[113.4437359,23.3945217],[113.4438396,23.394643],[113.4439299,23.394753],[113.4440027,23.3948447],[113.4440813,23.3949518],[113.4441507,23.3950496],[113.4442253,23.3951605],[113.4443109,23.3952891],[113.4444058,23.3954378],[113.4446374,23.3958007],[113.4447137,23.3959214],[113.4447765,23.3960221],[113.444829,23.3961074],[113.4451402,23.3966267],[113.4454939,23.3972172],[113.4457248,23.3975939],[113.4458504,23.3977988],[113.4461777,23.3983327],[113.4468331,23.3993848],[113.4469664,23.3996015],[113.4472352,23.4000302],[113.4474557,23.4003858],[113.4475846,23.4005987],[113.4478329,23.401009],[113.4480617,23.4014009],[113.448229,23.4016785],[113.448355,23.4018862],[113.4485542,23.4022008],[113.4487742,23.4025275],[113.4490067,23.4028777],[113.4491902,23.4031494],[113.4493596,23.4033925],[113.4495817,23.4036955],[113.4498545,23.4040548],[113.4501031,23.4043749],[113.4503841,23.404734],[113.450921,23.405421],[113.4511958,23.4057778],[113.451467,23.4061278],[113.4518395,23.4066129],[113.4521403,23.4070023],[113.4525046,23.4074709],[113.4532294,23.4084097],[113.4537692,23.4091009],[113.4540027,23.4093979],[113.4541206,23.4095443],[113.4542546,23.4097056],[113.4543809,23.4098496],[113.4545155,23.4099918],[113.4546662,23.4101342],[113.4549209,23.4103517],[113.4551986,23.4105856],[113.4555135,23.410834],[113.4558307,23.4110823],[113.4560818,23.4112689],[113.4563976,23.4114985],[113.4576621,23.4124094],[113.4581363,23.4127501],[113.4584471,23.4129767],[113.4587577,23.413204],[113.4590307,23.4134144],[113.459284,23.413612],[113.4601715,23.4143505],[113.4617025,23.4156245],[113.4635524,23.4171639],[113.4638763,23.4174418],[113.4643404,23.4178685],[113.4645855,23.4181087],[113.4653339,23.4187884],[113.4655534,23.418987],[113.4659091,23.4192907],[113.4661675,23.4195066],[113.4663971,23.4196996],[113.4666816,23.4199373],[113.4668799,23.4201118],[113.4670764,23.4202889],[113.4672424,23.420443],[113.4673489,23.4205423],[113.4674739,23.4206655],[113.4675539,23.420748],[113.4676516,23.420854],[113.4677034,23.4209107],[113.4677634,23.4209772],[113.4678262,23.4210499],[113.4679036,23.421144],[113.4679978,23.4212575],[113.4680867,23.4213695],[113.4681759,23.4214836],[113.4682658,23.4216016],[113.4683035,23.4216521],[113.4683399,23.4217026],[113.4684026,23.4217936],[113.4684521,23.421872],[113.4685139,23.4219734],[113.4686616,23.4222336],[113.4691262,23.4230366],[113.4693569,23.4234383],[113.46953,23.4237411],[113.4698788,23.42437],[113.4700856,23.4247357],[113.4704613,23.4253964],[113.4708198,23.4260222],[113.4711242,23.4265468],[113.4713425,23.426927],[113.4716318,23.4274244],[113.472136,23.4282978],[113.472581,23.4290662],[113.4729245,23.4296873],[113.4735724,23.4308245],[113.4737911,23.4312127],[113.474006,23.4315886],[113.4742076,23.4319386],[113.4744136,23.4322897],[113.4745939,23.4325953],[113.4746737,23.4327239],[113.4747675,23.4328782],[113.4748721,23.4330415],[113.4749571,23.4331656],[113.4750527,23.4332982],[113.4751497,23.4334315],[113.4752757,23.4335978],[113.4753498,23.4336888],[113.4754129,23.4337602],[113.4754982,23.4338549],[113.4756132,23.4339709],[113.4757239,23.4340789],[113.475851,23.4341942],[113.4759722,23.4342999],[113.4760984,23.4344103],[113.4764283,23.4346905],[113.4769614,23.435121],[113.477277,23.4353708],[113.477651,23.4356618],[113.4780077,23.4359437],[113.4782303,23.4361214],[113.4783912,23.4362516],[113.4785213,23.4363574],[113.4786703,23.436483],[113.4788455,23.4366322],[113.4790314,23.4367929],[113.4792301,23.4369684],[113.4793957,23.4371167],[113.4795219,23.4372301],[113.4797184,23.4374087],[113.4800146,23.4376823],[113.4801956,23.4378516],[113.4803756,23.438021],[113.4805367,23.4381745],[113.4809082,23.4385285],[113.4812101,23.4388209],[113.4817279,23.4393152],[113.4818843,23.4394668],[113.4820118,23.4395895],[113.4821154,23.4396952],[113.4822062,23.4397887],[113.4822981,23.4398872],[113.4823833,23.43998],[113.4824692,23.4400747],[113.4825772,23.440198],[113.4826979,23.4403426],[113.4828054,23.4404782],[113.4829072,23.4406169],[113.4830019,23.4407551],[113.4830909,23.440894],[113.4831744,23.4410254],[113.483247,23.4411478],[113.4833519,23.4413379],[113.4834172,23.4414621],[113.483483,23.4415932],[113.4835169,23.4416695],[113.4835508,23.4417458],[113.4836051,23.4418728],[113.4836668,23.4420261],[113.4837279,23.4421872],[113.4837804,23.4423405],[113.4838231,23.4424733],[113.4838794,23.4426646],[113.4839404,23.4428898],[113.4839773,23.4430377],[113.4840083,23.4431617],[113.4840437,23.443306],[113.4842457,23.4441589]],[[113.4842457,23.4441589],[113.4844021,23.4449201],[113.4846199,23.4458884],[113.4848301,23.4468419],[113.4851243,23.4481444],[113.4854096,23.4493944],[113.4855692,23.4501048],[113.4857103,23.4507895],[113.4859397,23.4518204],[113.4859704,23.4519519],[113.4859949,23.452053],[113.486048,23.452276],[113.4860842,23.4524282],[113.486438,23.4539797],[113.4865682,23.4545502],[113.4867331,23.4552733],[113.4868271,23.4556858],[113.4870914,23.456845],[113.4871288,23.4570088],[113.4871669,23.4571691],[113.4872112,23.4573587],[113.4872574,23.4575474],[113.487302,23.4577141],[113.487345,23.4578711],[113.4873818,23.4579897],[113.4874186,23.458103],[113.4874617,23.4582285],[113.4875124,23.4583588],[113.4875772,23.4585166],[113.4876342,23.4586505],[113.4877164,23.4588305],[113.4878137,23.4590336],[113.4878901,23.4591848],[113.4879426,23.4592783],[113.4879996,23.4593785],[113.4880734,23.4595015],[113.4881554,23.459634],[113.4882516,23.4597848],[113.4883173,23.4598831],[113.4884058,23.4600032],[113.4885182,23.4601518],[113.4886309,23.460298],[113.4887601,23.4604615],[113.4890493,23.46081],[113.4894584,23.4612926],[113.4897567,23.4616413],[113.4899263,23.4618399],[113.4900421,23.4619767],[113.490168,23.4621249],[113.4902649,23.4622387],[113.4903939,23.4623928],[113.4905206,23.4625461],[113.4906485,23.4627026]],[[113.4906485,23.4627026],[113.4910696,23.4633202],[113.4911295,23.4634125],[113.4912107,23.4635487],[113.4913696,23.4638304],[113.4915695,23.4642062],[113.4917063,23.4644767],[113.4918797,23.4648428],[113.4920628,23.4652263],[113.4923171,23.4657685],[113.4925662,23.4662853],[113.4928754,23.4669318],[113.4932417,23.4677067],[113.4936735,23.4686074],[113.4938411,23.4689423],[113.4939387,23.4691329],[113.4939799,23.4692124],[113.4940257,23.4692925],[113.4940852,23.4693928],[113.4941458,23.4694926],[113.4941898,23.4695555],[113.4942736,23.4696713],[113.4943457,23.4697674],[113.4944213,23.4698606],[113.4945014,23.4699501],[113.4946067,23.47006],[113.4947347,23.4701856],[113.494851,23.4702917],[113.4949694,23.4703948],[113.4951063,23.4705072],[113.4952223,23.4705987],[113.4953366,23.4706821],[113.4954577,23.4707648],[113.4955569,23.4708306],[113.4956549,23.4708905],[113.4957996,23.4709691],[113.4962246,23.4711993],[113.4964656,23.4713263],[113.496712,23.4714559],[113.4986715,23.4724778],[113.4990595,23.4726791],[113.4994401,23.4728778],[113.499806,23.4730706],[113.5,23.473172588766015]]]},"properties":{"key":"relation:8338723@detail:453_93","osmType":"relation","osmId":8338723,"sourceRegion":"guangzhou","featureType":"service","railClass":"metro","mode":"subway","name":"地铁 14号线：乐嘉路 → 东风","nameEn":"Metro Line 14:Lejia Road → Dongfeng","operator":"广州地铁集团有限公司","network":"广州地铁","status":"operational","color":"#81312F","sourceKey":"relation:8338723"}},{"type":"Feature","geometry":{"type":"MultiLineString","coordinates":[[[113.5,23.473221624546802],[113.4989876,23.4726894],[113.4975035,23.4719191],[113.4966776,23.4714904],[113.4963814,23.4713375],[113.4961143,23.4711958],[113.495689,23.4709647],[113.4955684,23.4708983],[113.4954552,23.4708267],[113.495332,23.4707457],[113.4951994,23.4706502],[113.4950685,23.4705474],[113.4949392,23.4704388],[113.4947877,23.4703048],[113.4946645,23.4701889],[113.494521,23.4700427],[113.4944309,23.469945],[113.4943501,23.4698522],[113.4942779,23.4697612],[113.4941872,23.4696377],[113.4941165,23.4695364],[113.4940576,23.4694448],[113.493981,23.469317],[113.493911,23.4691898],[113.4938385,23.4690464],[113.4936778,23.4687263],[113.4934832,23.4683223],[113.4932404,23.4678138],[113.4929895,23.4672798],[113.4927387,23.466748],[113.4925186,23.4663008],[113.4923198,23.4658797],[113.4921447,23.4655106],[113.4919861,23.465172],[113.4918335,23.4648612],[113.4916541,23.4644894],[113.4915575,23.4643025],[113.4913485,23.4639071],[113.4911704,23.4635855],[113.4909926,23.4633111],[113.490887,23.4631612],[113.4905953,23.4627314]],[[113.4905953,23.4627314],[113.4904736,23.4625779],[113.4903453,23.4624245],[113.4902464,23.4623032],[113.4901287,23.4621665],[113.4900073,23.4620275],[113.4898712,23.4618659],[113.4897403,23.4617119],[113.4894166,23.4613271],[113.4890319,23.4608751],[113.4888879,23.4606998],[113.4887624,23.4605459],[113.4886419,23.4603964],[113.4885611,23.4602947],[113.4884681,23.4601743],[113.4883549,23.4600206],[113.4882675,23.4598954],[113.48819,23.4597816],[113.4880878,23.4596197],[113.4880259,23.459521],[113.4879527,23.4594005],[113.4878766,23.4592703],[113.4878208,23.4591676],[113.4877602,23.4590519],[113.487656,23.4588345],[113.4875709,23.4586423],[113.4874692,23.4584043],[113.4874089,23.4582445],[113.4873475,23.4580745],[113.4873085,23.4579407],[113.487273,23.4578146],[113.4872362,23.4576805],[113.4871993,23.4575274],[113.4871596,23.4573607],[113.4871157,23.4571708],[113.4870819,23.4570237],[113.4870428,23.4568523],[113.4867678,23.4556462],[113.48652,23.45456],[113.4860359,23.4524373],[113.4860001,23.4522845],[113.4859488,23.4520656],[113.4859259,23.4519686],[113.4859029,23.4518648],[113.4858485,23.4516179],[113.4856981,23.4509316],[113.4855228,23.450112],[113.485364,23.4494015],[113.4850796,23.4481388],[113.4842086,23.4441661]],[[113.4842086,23.4441661],[113.4840033,23.4433068],[113.4839676,23.4431637],[113.4839379,23.4430467],[113.4839008,23.4428979],[113.4838387,23.442674],[113.4837803,23.442482],[113.4837372,23.4423492],[113.4836866,23.4422025],[113.4836249,23.4420421],[113.4835619,23.4418848],[113.4835126,23.4417688],[113.4834378,23.44161],[113.4833727,23.4414832],[113.4832997,23.4413446],[113.4832028,23.4411716],[113.4831289,23.4410441],[113.4830477,23.4409103],[113.4829576,23.4407698],[113.4828681,23.4406372],[113.4827686,23.4405041],[113.4826612,23.440368],[113.4825422,23.4402241],[113.4824357,23.4401036],[113.4823573,23.440017],[113.4822769,23.4399301],[113.4821468,23.4397879],[113.4819989,23.4396344],[113.4818417,23.4394808],[113.4816674,23.4393128],[113.4811764,23.4388528],[113.4808754,23.4385609],[113.4803429,23.4380518],[113.4801658,23.4378847],[113.4799835,23.4377138],[113.479689,23.4374442],[113.4794863,23.4372605],[113.4793732,23.4371585],[113.4791956,23.4369989],[113.4790015,23.4368249],[113.4788101,23.4366577],[113.478638,23.4365118],[113.4784971,23.4363938],[113.4783644,23.4362848],[113.4782,23.4361517],[113.4779757,23.4359729],[113.4776139,23.4356872],[113.4772487,23.4353999],[113.4769325,23.4351513],[113.4764025,23.4347228],[113.4760689,23.4344434],[113.4758168,23.4342219],[113.4756839,23.4341007],[113.4755811,23.4340015],[113.4754747,23.4338925],[113.4753533,23.4337597],[113.4752348,23.4336159],[113.4750924,23.4334278],[113.4749596,23.4332443],[113.4748547,23.4330949],[113.4747169,23.4328818],[113.4745994,23.432694],[113.4744585,23.4324621],[113.4743496,23.4322736],[113.4741669,23.4319623],[113.4740722,23.4317978],[113.4738682,23.4314349],[113.4736849,23.4311116],[113.4734979,23.4307863],[113.472893,23.4297089],[113.4725327,23.429081],[113.4720886,23.4283136],[113.471615,23.4274947],[113.4712922,23.4269469],[113.4710723,23.4265673],[113.4707754,23.4260545],[113.4704073,23.4254073],[113.4700371,23.4247555],[113.4698268,23.4243778],[113.4696389,23.4240413],[113.469476,23.4237474],[113.4693044,23.4234514],[113.4690783,23.4230617],[113.4688858,23.4227268],[113.4686214,23.4222612],[113.4684766,23.4220094],[113.4683738,23.421838],[113.4682362,23.4216378],[113.4681072,23.4214704],[113.4679225,23.421236],[113.4678114,23.4211068],[113.4677178,23.420998],[113.4676392,23.4209122],[113.4675668,23.4208339],[113.4674938,23.4207571],[113.4674102,23.4206721],[113.4672988,23.4205641],[113.4671271,23.4204025],[113.4670188,23.4203024],[113.4668345,23.4201351],[113.4666321,23.4199564],[113.4664542,23.4198065],[113.466344,23.4197134],[113.4656371,23.4191316],[113.4652591,23.418826],[113.4650618,23.4186726],[113.4648519,23.4185154],[113.4646314,23.4183528],[113.4643449,23.4181366],[113.4641108,23.4179629],[113.4638837,23.4177908],[113.4636071,23.4175787],[113.4631507,23.4172219],[113.4629711,23.4170759],[113.4614871,23.4158411],[113.459951,23.4145629],[113.4585902,23.4134305],[113.4583193,23.4132054],[113.4575004,23.4125285],[113.4571498,23.4122353],[113.4561045,23.4113825],[113.4558928,23.411212],[113.4557232,23.4110769],[113.4555283,23.410923],[113.4553553,23.4107868],[113.4551685,23.4106367],[113.4550015,23.4104949],[113.4548478,23.4103606],[113.4547102,23.410241],[113.4545838,23.4101213],[113.4544764,23.4100129],[113.454343,23.4098722],[113.4542128,23.4097284],[113.4541323,23.4096329],[113.4540456,23.4095236],[113.4538846,23.4093194],[113.453592,23.4089523],[113.4531856,23.4084309],[113.4527259,23.4078348],[113.4523298,23.4073263],[113.4519258,23.4068025],[113.4515841,23.4063605],[113.4508814,23.405451],[113.4503479,23.404763],[113.4500363,23.4043638],[113.4498619,23.4041404],[113.4496314,23.4038448],[113.4493881,23.4035216],[113.4492418,23.4033179],[113.4490457,23.40304],[113.4488639,23.4027739],[113.4486181,23.4023986],[113.4484332,23.4021195],[113.4481809,23.401713],[113.4480089,23.4014252],[113.4477827,23.4010417],[113.4473702,23.4003608],[113.4471774,23.4000511],[113.4454979,23.3973072],[113.445458,23.3972421],[113.445101,23.3966462],[113.4447932,23.3961322],[113.444734,23.3960351],[113.4446654,23.3959257],[113.4445908,23.3958091],[113.4443657,23.3954518],[113.4442733,23.3953087],[113.4441918,23.3951843],[113.4441177,23.3950744],[113.4440458,23.3949727],[113.443975,23.3948787],[113.4439007,23.3947809],[113.4438048,23.3946664],[113.4437064,23.3945513],[113.4436097,23.3944459],[113.4434992,23.394325],[113.4433696,23.3941945],[113.4432436,23.3940666],[113.4431445,23.3939723],[113.4429314,23.3937805],[113.4428183,23.3936841],[113.4427015,23.3935868],[113.4425665,23.3934801],[113.4424433,23.3933878],[113.4423178,23.3932972],[113.4421371,23.3931759],[113.4420285,23.3931057],[113.441885,23.3930166],[113.4417416,23.3929315],[113.4416017,23.3928519],[113.4414886,23.3927904],[113.4413561,23.3927207],[113.4411666,23.3926288],[113.4410151,23.3925569],[113.4408286,23.3924751],[113.4406888,23.3924171],[113.4405166,23.3923486],[113.4403563,23.3922891],[113.4401641,23.3922198],[113.4399503,23.3921458],[113.4396827,23.3920557],[113.439416,23.3919682],[113.4391566,23.3918841],[113.438808,23.391774],[113.4383957,23.3916469],[113.438072,23.3915482],[113.4376238,23.3914091],[113.4373496,23.3913206],[113.4370935,23.3912358],[113.4368586,23.3911551],[113.4366452,23.391076],[113.4364635,23.3910071],[113.4363172,23.3909481],[113.4361847,23.3908919],[113.4359306,23.3907813],[113.4357705,23.3907092],[113.4356147,23.3906364],[113.4354568,23.3905638],[113.4352049,23.3904426],[113.434332,23.3900182],[113.4337163,23.3897183],[113.4332037,23.3894685],[113.4324394,23.389102],[113.4315524,23.3886749],[113.4312466,23.3885291],[113.4310085,23.3884156],[113.4304357,23.3881392],[113.4300048,23.387931],[113.4297641,23.3878187],[113.429563,23.387725],[113.4294142,23.3876557],[113.4292928,23.3876021],[113.4291665,23.3875503],[113.4290964,23.3875234],[113.4290031,23.3874885],[113.4288895,23.3874493],[113.4288153,23.3874257],[113.4287422,23.387403],[113.4286238,23.3873688],[113.4285066,23.3873373],[113.4283386,23.3872953],[113.4281508,23.3872528],[113.4280512,23.3872334],[113.4279514,23.3872151],[113.4277874,23.3871887],[113.4276787,23.3871736],[113.4275389,23.3871568],[113.427421,23.3871435],[113.4272861,23.3871297],[113.4270565,23.3871139],[113.4269266,23.3871066],[113.4268023,23.3871008],[113.4264203,23.387086],[113.4254479,23.3870648],[113.423656,23.3870251],[113.4230595,23.3870107],[113.4219468,23.3869863],[113.4214194,23.3869754],[113.4206658,23.3869608],[113.4201284,23.3869495],[113.4198636,23.3869421],[113.4195981,23.3869307],[113.4194235,23.386923],[113.4192387,23.3869107],[113.4190623,23.3868972],[113.4188251,23.3868751],[113.4186196,23.3868534],[113.41845,23.3868312],[113.4182966,23.3868087],[113.4181406,23.3867811],[113.4180006,23.386754],[113.4178697,23.3867271],[113.4177011,23.3866916],[113.4175487,23.3866571],[113.4173345,23.3866073],[113.4170582,23.3865404],[113.4167524,23.3864633]],[[113.4167524,23.3864633],[113.4164691,23.3863876],[113.4154602,23.386117],[113.4149441,23.3859743]],[[113.4149441,23.3859743],[113.4141048,23.3857446],[113.4128569,23.3854009],[113.4074637,23.3839185],[113.4061629,23.3835571],[113.4041419,23.383007],[113.4038224,23.3829189],[113.4034028,23.382806],[113.4030652,23.382713],[113.4027867,23.382636],[113.4025087,23.382559],[113.4022942,23.3824982],[113.4021664,23.3824621],[113.4020102,23.3824167],[113.4018186,23.3823613],[113.4016062,23.3822961],[113.4013921,23.3822256],[113.4011946,23.3821562],[113.400992,23.3820802],[113.4008254,23.382017],[113.4006204,23.3819332],[113.4004679,23.381866],[113.4003053,23.3817923],[113.4001325,23.3817096],[113.3999523,23.3816204],[113.3997566,23.3815193],[113.3995547,23.3814124],[113.39934,23.3812919],[113.3991196,23.3811668],[113.3989062,23.3810435],[113.3987288,23.3809363],[113.3985893,23.3808472],[113.3984275,23.380742],[113.3982873,23.3806423],[113.3981684,23.3805549],[113.3980482,23.3804653],[113.3978875,23.380339],[113.3977684,23.3802426],[113.3973633,23.3799026],[113.3971915,23.3797566],[113.3969375,23.3795384]],[[113.3969375,23.3795384],[113.3959669,23.3788193],[113.3958628,23.3787437],[113.3957772,23.378682],[113.3957112,23.3786348],[113.3956557,23.3785947],[113.3956035,23.3785551],[113.3955558,23.3785175],[113.3955141,23.3784838],[113.3954779,23.378453],[113.3954405,23.3784212],[113.3949877,23.3780325],[113.3945226,23.3776332],[113.3944674,23.3775846],[113.3944088,23.377532],[113.3943517,23.3774764],[113.3942834,23.3774087],[113.3942182,23.3773428],[113.3932261,23.3763506]],[[113.3932261,23.3763506],[113.393114,23.3762543],[113.3925666,23.3757841],[113.3923996,23.3756401],[113.391988,23.3752874],[113.3914786,23.3748624],[113.3911894,23.3746154],[113.3906958,23.3741929],[113.3901731,23.3737408],[113.3895442,23.3732043],[113.389173,23.3728932],[113.3889811,23.3727284],[113.3887967,23.3725703],[113.388485,23.3723044],[113.3881197,23.3719956],[113.3877158,23.3716542],[113.387408,23.3713932],[113.3869938,23.3710369],[113.3867129,23.370793],[113.3864501,23.3705757],[113.3862764,23.3704386],[113.3861787,23.370364],[113.3860654,23.3702801],[113.3859374,23.3701893],[113.3857964,23.3700947],[113.3856539,23.3700007],[113.385458,23.3698787],[113.3853247,23.3697982],[113.3851931,23.3697199],[113.3850564,23.3696418],[113.3849157,23.3695629],[113.3847612,23.3694805],[113.3845701,23.3693791],[113.3843624,23.3692732],[113.3842046,23.369194],[113.3838801,23.3690341],[113.3832774,23.3687361],[113.3824749,23.3683375],[113.3817299,23.367964],[113.3808831,23.3675475],[113.3802692,23.3672475],[113.3796738,23.3669543],[113.3775396,23.3659143],[113.3761986,23.3652533],[113.3755098,23.3649103],[113.3749823,23.364648],[113.3747944,23.3645523],[113.3746028,23.3644544],[113.3743962,23.3643445],[113.3741831,23.3642264],[113.3739557,23.3641001],[113.3736468,23.3639238],[113.3733809,23.3637652],[113.3731602,23.3636297],[113.3728631,23.3634438],[113.3718993,23.3628275],[113.371562,23.3626068],[113.3713138,23.3624424],[113.3710314,23.3622503],[113.3708689,23.3621399],[113.3706258,23.361971],[113.3703697,23.3617871],[113.3701561,23.3616328],[113.369972,23.361491],[113.3698005,23.3613565],[113.3696216,23.3612107],[113.369474,23.3610857],[113.3693386,23.3609661],[113.369127,23.3607742],[113.3689632,23.3606215],[113.368398,23.3600922],[113.3680901,23.3598047],[113.3676368,23.3593798],[113.3672414,23.3590099],[113.3670174,23.358795],[113.3668978,23.3586749],[113.3667681,23.3585398],[113.3666224,23.358387],[113.3665364,23.3582926],[113.3664616,23.3582072],[113.3663819,23.3581116],[113.3663031,23.3580107],[113.3662447,23.3579299],[113.3661709,23.3578245],[113.3660976,23.3577134],[113.3660055,23.3575678],[113.3659354,23.3574521],[113.3658736,23.3573483],[113.3657953,23.3572048],[113.365693,23.3570086],[113.3655857,23.3567988],[113.3654987,23.3566148],[113.3654092,23.3564275],[113.3650546,23.3556705],[113.3647729,23.3550707],[113.3645887,23.3546805],[113.3642762,23.3540226],[113.3640517,23.3535599],[113.3639457,23.3533391],[113.3638413,23.3531214],[113.3636904,23.3528097],[113.3633682,23.3521346],[113.3632343,23.351857],[113.3629337,23.3512352],[113.3626745,23.3506989],[113.3626103,23.3505643],[113.3625216,23.3503909],[113.3624536,23.3502539],[113.3623712,23.3500845],[113.3622773,23.3498806],[113.3622127,23.3497385],[113.3621348,23.3495598],[113.3620945,23.3494598],[113.3620388,23.3493086],[113.361985,23.3491518],[113.3619269,23.3489722],[113.3618697,23.3487814],[113.3618204,23.3486063],[113.3617356,23.348291],[113.3615944,23.3477493],[113.3614473,23.3471729],[113.3612631,23.3464706],[113.3611723,23.34614],[113.3610935,23.3458681],[113.3609065,23.3452267],[113.3607486,23.3446894],[113.3606027,23.3442099],[113.3604731,23.3437658],[113.3603657,23.3434095],[113.3601886,23.3428279],[113.3600532,23.3423849],[113.3599311,23.3419936],[113.3597958,23.3415715],[113.3596317,23.3410682],[113.359545,23.3408196],[113.3594498,23.3405636],[113.3593423,23.3402848],[113.359221,23.3399691],[113.3590806,23.3396197],[113.3589843,23.3393941],[113.358904,23.3392094],[113.358761,23.3388841],[113.3585174,23.3383543],[113.3582398,23.3377504],[113.357937,23.3371138],[113.3576286,23.3364466],[113.3574101,23.3359605],[113.3572501,23.3355833],[113.3571336,23.3352827],[113.3570198,23.334969],[113.3569396,23.3347315],[113.3568663,23.3345084],[113.3568111,23.3343449],[113.3567559,23.3341728],[113.356688,23.3339473]],[[113.356688,23.3339473],[113.3566566,23.3338339],[113.356625,23.3337298],[113.3565886,23.3335997],[113.3565549,23.3334698],[113.3565151,23.3333099],[113.3564651,23.3331007],[113.3564286,23.3329478],[113.35639,23.3327752],[113.3559709,23.3309198],[113.3559313,23.3307436],[113.3558959,23.3305841],[113.3558071,23.3301878]],[[113.3558071,23.3301878],[113.3552382,23.3278497],[113.3551811,23.3276017],[113.3551119,23.3273061],[113.3550324,23.3269996],[113.3549676,23.3267519],[113.3549216,23.3265788],[113.3548718,23.3264041],[113.3548176,23.3262271],[113.354599,23.3255906],[113.3544475,23.3252039],[113.3543772,23.3250384],[113.354294,23.3248495],[113.3542114,23.3246687],[113.3541314,23.324498],[113.3540524,23.3243271],[113.353978,23.3241699],[113.3538933,23.3239958],[113.35381,23.3238323],[113.3537268,23.3236681],[113.3536136,23.3234451],[113.3535101,23.3232336],[113.3533833,23.3229734],[113.3532975,23.3227805],[113.3532139,23.3225822],[113.3531454,23.3224192],[113.353067,23.3222152],[113.3529535,23.3219209],[113.3528718,23.3216974],[113.3527683,23.3214034],[113.3526515,23.3210744],[113.3525526,23.3207949],[113.352244,23.3199051],[113.3520779,23.319427],[113.3519095,23.3189489],[113.3517231,23.3184241],[113.351532,23.3179084],[113.351244,23.3171342],[113.3510347,23.3165977],[113.3508545,23.3161485],[113.3507528,23.3158903],[113.3506151,23.315537],[113.3502863,23.3147159],[113.3501638,23.3144147],[113.3500777,23.3141898],[113.3500073,23.3140172],[113.3499409,23.3138646],[113.3498083,23.3135468],[113.3496247,23.3131104],[113.3494001,23.3125756],[113.3492076,23.3121307],[113.3490237,23.3117111],[113.3488662,23.3113545],[113.3487144,23.3110248],[113.348566,23.3106998],[113.348461,23.3104693],[113.3483562,23.3102386],[113.3482155,23.3099328],[113.3480831,23.3096461],[113.3479669,23.3094039],[113.3478538,23.3091765],[113.3477518,23.3089817],[113.3476835,23.308854],[113.3476102,23.3087225],[113.3475233,23.3085747],[113.3474387,23.3084346],[113.3473673,23.308324],[113.3472757,23.3081899],[113.3471785,23.308053],[113.3470698,23.3079022],[113.3469422,23.30773],[113.3467768,23.3075148],[113.3465979,23.3072907],[113.3464399,23.3071025],[113.3462108,23.306832],[113.3458768,23.3064594],[113.3455136,23.3060621],[113.3451132,23.3056226],[113.3444531,23.3049062],[113.3440923,23.3045175],[113.3438184,23.3042288],[113.343387,23.3037612],[113.3427616,23.303066],[113.3424656,23.3027402],[113.3422773,23.3025341]],[[113.3422773,23.3025341],[113.3419036,23.3020485]],[[113.3419036,23.3020485],[113.3418859,23.3020292],[113.3413687,23.3014629],[113.3408659,23.3009126],[113.3408291,23.3008723]],[[113.3408291,23.3008723],[113.3403976,23.3004772]],[[113.3403976,23.3004772],[113.3397869,23.2998089],[113.3387851,23.2987283],[113.3385786,23.2985151],[113.3382483,23.29818],[113.3379063,23.2978308],[113.3376153,23.2975356],[113.3373104,23.2972343],[113.3370103,23.296946],[113.3365966,23.2965649],[113.3363223,23.2963222],[113.3360499,23.2960839],[113.3356653,23.2957525],[113.3354535,23.2955831],[113.3352358,23.2954207],[113.3350322,23.2952805],[113.3348267,23.2951418],[113.3346188,23.2950134],[113.3343683,23.2948632],[113.3341171,23.2947177],[113.3338253,23.2945609],[113.3335325,23.2944104],[113.3331683,23.2942261],[113.3323111,23.2938057],[113.3320096,23.2936649],[113.3317002,23.2935271],[113.3313665,23.2933791],[113.3309688,23.2932072],[113.3306626,23.2930747],[113.3303379,23.2929418],[113.3299961,23.2928046],[113.3296674,23.2926748],[113.3294182,23.2925806],[113.329156,23.2924809],[113.3288702,23.2923764],[113.3285518,23.2922614],[113.3281432,23.2921156],[113.3266299,23.2915803],[113.3262929,23.2914619],[113.3258543,23.2913123],[113.3255023,23.291191],[113.3251008,23.2910507],[113.3247633,23.2909257],[113.3243882,23.2907882],[113.3240685,23.2906683],[113.3237933,23.2905553],[113.3235352,23.2904463],[113.3232552,23.2903121],[113.3230011,23.2901813],[113.3227656,23.2900529],[113.3224827,23.2898864],[113.3221969,23.2897054],[113.3219575,23.2895386],[113.3217013,23.2893482],[113.3214282,23.2891319],[113.3211889,23.2889293],[113.3209957,23.2887513],[113.3208181,23.2885692],[113.3206811,23.2884196],[113.3205519,23.2882751],[113.3204062,23.2880867],[113.3202776,23.2879002],[113.3201348,23.2876695],[113.3200057,23.2874434],[113.3198969,23.2872483],[113.319775,23.2870026],[113.3196377,23.2867155],[113.3195015,23.2864361],[113.3194011,23.2862129],[113.3193078,23.2859943],[113.3191839,23.2856911],[113.3190721,23.2854084],[113.3189676,23.2851183],[113.3188842,23.2848784],[113.3188238,23.2846849],[113.3187474,23.2844186],[113.3187105,23.2842781],[113.3186706,23.2841128],[113.3186145,23.2838429],[113.3185709,23.2836207],[113.3185311,23.283389],[113.3184844,23.2831033],[113.3184413,23.2828161],[113.318383,23.2824482],[113.3181226,23.2808268],[113.3180063,23.2800965],[113.317893,23.2793855],[113.3178699,23.2792145],[113.3178528,23.2790611],[113.317832,23.2788728],[113.3178126,23.2786857],[113.317797,23.2784913],[113.31778,23.2782664],[113.3177716,23.2780953],[113.3177619,23.2778663],[113.3177617,23.2776644],[113.3177671,23.2774838],[113.3177782,23.2772938],[113.3177892,23.2771544],[113.3178032,23.2770217],[113.3178254,23.2768599],[113.3178588,23.2766568],[113.3178916,23.2764762],[113.3179265,23.2762979],[113.3179566,23.2761561],[113.3179904,23.2760053],[113.3180277,23.2758454],[113.3180623,23.2756972],[113.3181092,23.2755111],[113.3181309,23.2754292],[113.318656,23.273446],[113.3187682,23.2730221],[113.3189178,23.272455],[113.3189933,23.2721765],[113.3190484,23.2719659],[113.3190852,23.2718094],[113.3191192,23.271656],[113.3191475,23.2715307],[113.3191816,23.2713577],[113.3192124,23.2712095],[113.319238,23.2710462],[113.3192641,23.2708571],[113.3192856,23.2706801],[113.3192935,23.2705298],[113.3192954,23.2703931],[113.3192952,23.2702707],[113.3192892,23.2701317],[113.3192796,23.2700123],[113.319263,23.2698671],[113.3192452,23.2697335],[113.319228,23.2696071],[113.3192006,23.2694373],[113.3191814,23.2693165],[113.3191621,23.2692145],[113.3191395,23.2690948],[113.3191118,23.268966],[113.3190785,23.2688175],[113.3190368,23.2686367],[113.318885,23.2679974],[113.3187744,23.2675471],[113.3186165,23.2668867],[113.3184184,23.2660607],[113.3183465,23.2657425],[113.3182461,23.2653319],[113.3181349,23.2648843],[113.3180496,23.2645591],[113.3179549,23.2642019],[113.3178396,23.2638142],[113.3177799,23.26363],[113.3177201,23.2634592],[113.3176556,23.2632784],[113.3175731,23.2630563],[113.3174912,23.2628415],[113.3173671,23.2625507],[113.3172217,23.2622255],[113.3170897,23.26195],[113.3169596,23.2617004],[113.3168108,23.2614288],[113.3167143,23.2612564],[113.3134575,23.2554609],[113.3132373,23.2550757]],[[113.3132373,23.2550757],[113.3131475,23.2548766],[113.3131073,23.2547907],[113.3130607,23.2546954],[113.3130268,23.2546262],[113.3129929,23.2545597],[113.3129683,23.2545144],[113.3129413,23.2544655],[113.312567,23.253811],[113.3122031,23.2531748],[113.3121305,23.2530462]],[[113.3121305,23.2530462],[113.3118413,23.2526334]],[[113.3118413,23.2526334],[113.3117184,23.2524184],[113.3115854,23.2521952],[113.311451,23.2519705],[113.311341,23.2517848],[113.3112445,23.2516303],[113.3111044,23.2514099],[113.3109458,23.2511724],[113.3108052,23.2509817],[113.3106801,23.2508281],[113.3105534,23.2506764],[113.31044,23.2505589],[113.3103185,23.2504501],[113.3102085,23.2503601],[113.3100712,23.2502527],[113.3099282,23.2501473],[113.3097759,23.2500461],[113.30969458047394,23.25]],[[113.30036411886691,23.25],[113.2997834,23.2501125],[113.2995183,23.2501631],[113.2992617,23.2502124],[113.298995,23.2502628],[113.2985836,23.2503366],[113.2982553,23.2503921],[113.298064,23.2504226],[113.2978764,23.2504513],[113.2975415,23.2504952],[113.2972611,23.2505255],[113.2969784,23.2505517],[113.2967067,23.2505721],[113.2964782,23.2505855],[113.2962367,23.250595],[113.2960146,23.2506004],[113.295774,23.2506037],[113.2955207,23.2506062],[113.2952884,23.2506059],[113.2949942,23.2506038],[113.2947615,23.2505995],[113.2934076,23.2505738],[113.293197,23.2505689],[113.2929352,23.2505612],[113.2925552,23.2505465],[113.2921915,23.2505297],[113.2918335,23.2505086],[113.291317,23.2504775],[113.2907884,23.2504412],[113.290338,23.2504097],[113.2900658,23.2503911],[113.2897981,23.2503722],[113.2894992,23.2503475],[113.2892582,23.2503269],[113.28901,23.2503041],[113.2887378,23.2502769],[113.2884815,23.2502463],[113.2882387,23.2502146],[113.2879931,23.2501786],[113.2877004,23.2501351],[113.2874692,23.2500963],[113.2874464,23.2500919]],[[113.2874464,23.2500919],[113.2872539,23.2500547],[113.2870385,23.2500083],[113.2870019480769,23.25]]]},"properties":{"key":"relation:8338724@detail:453_93","osmType":"relation","osmId":8338724,"sourceRegion":"guangzhou","featureType":"service","railClass":"metro","mode":"subway","name":"地铁 14号线：东风 → 乐嘉路","nameEn":"Metro Line 14:Dongfeng → Lejia Road","ref":"14","operator":"广州地铁集团有限公司","network":"广州地铁","status":"operational","color":"#81312F","sourceKey":"relation:8338724"}},{"type":"Feature","geometry":{"type":"MultiLineString","coordinates":[[[113.28752803629442,23.25],[113.2876794,23.2500269],[113.2879074,23.2500634],[113.2881915,23.2501063],[113.2884661,23.2501439],[113.2886979,23.2501713],[113.288983,23.250202],[113.2892995,23.2502312],[113.2896074,23.2502556],[113.289918,23.2502778],[113.2902124,23.2502983],[113.2906359,23.2503252],[113.2911712,23.2503569],[113.2916695,23.250388],[113.2919819,23.2504049],[113.2923235,23.2504228],[113.2926113,23.2504338],[113.2928979,23.250443],[113.2932108,23.2504525],[113.2947783,23.2504874],[113.2950807,23.2504922],[113.295378,23.2504947],[113.2956439,23.2504966],[113.2958859,23.2504964],[113.2960989,23.2504943],[113.2963506,23.2504864],[113.296625,23.250473],[113.2969192,23.2504533],[113.2972076,23.250427],[113.2974653,23.2503983],[113.2977163,23.2503677],[113.2979831,23.2503338],[113.298239,23.2502934],[113.2985523,23.2502403],[113.2988449,23.2501894],[113.2991376,23.2501359],[113.2994258,23.2500793],[113.2996967,23.2500267],[113.29983266667955,23.25]],[[113.31003912179676,23.25],[113.3100723,23.250022],[113.3101933,23.2501062],[113.3103431,23.250221],[113.3104727,23.250327],[113.3105704,23.2504105],[113.3106942,23.2505283],[113.3108171,23.25065],[113.3109188,23.2507622],[113.3110157,23.2508813],[113.3111038,23.2509911],[113.311181,23.2510974],[113.3112704,23.2512334],[113.311364,23.251372],[113.3114575,23.2515252],[113.3115446,23.2516749],[113.3116533,23.2518613],[113.3117899,23.2520935],[113.3118954,23.2522797],[113.3120214,23.2525001]],[[113.3120214,23.2525001],[113.3121651,23.2528117],[113.3122055,23.2528978],[113.3122323,23.252952],[113.312247,23.2529814],[113.3122589,23.253003],[113.3126871,23.2537525],[113.3130921,23.2544613],[113.3131257,23.2545201]],[[113.3131257,23.2545201],[113.3134168,23.2549425]],[[113.3134168,23.2549425],[113.3136352,23.2553246],[113.3137716,23.2555612],[113.3168225,23.2610016],[113.3169113,23.2611649],[113.3170033,23.2613373],[113.3171465,23.2616204],[113.3172695,23.2618768],[113.3174035,23.262172],[113.3175409,23.2624999],[113.3176568,23.2627968],[113.3177385,23.2630123],[113.3178186,23.263233],[113.3178798,23.2634121],[113.3179361,23.2635909],[113.3179928,23.263773],[113.3181118,23.2641784],[113.3182045,23.2645212],[113.3182936,23.2648641],[113.3184011,23.2653031],[113.3185016,23.2657184],[113.3185789,23.2660454],[113.3186506,23.2663527],[113.3188056,23.2670157],[113.3189091,23.2674642],[113.318966,23.2677003],[113.3190206,23.2679355],[113.3191634,23.2685737],[113.3192231,23.2688522],[113.3192552,23.2690158],[113.3192873,23.2691832],[113.319321,23.2693749],[113.3193449,23.2695337],[113.3193675,23.2696973],[113.3193881,23.2698796],[113.3194113,23.2700898],[113.3194217,23.2702772],[113.3194311,23.2704863],[113.3194329,23.2705989],[113.3194303,23.2707017],[113.3194224,23.2708144],[113.3194116,23.2709222],[113.3193905,23.2710731],[113.3193659,23.2712225],[113.3193293,23.2714044],[113.3192889,23.2716031],[113.3192667,23.2717122],[113.3192418,23.2718263],[113.319204,23.2719844],[113.319165,23.2721376],[113.3191169,23.2723111],[113.3190718,23.2724754],[113.3190126,23.2726907],[113.3189663,23.272854],[113.3189242,23.2730068],[113.3182753,23.275453],[113.3182061,23.2757322],[113.3181455,23.2759924],[113.3180859,23.2762588],[113.3180416,23.2764787],[113.3179934,23.2767367],[113.3179523,23.2770065],[113.3179288,23.277212],[113.3179156,23.2774152],[113.3179095,23.2775823],[113.3179089,23.277818],[113.3179121,23.2780498],[113.3179213,23.2782913],[113.317937,23.2785122],[113.3179518,23.2787057],[113.3179634,23.2788588],[113.3179751,23.2789893],[113.3179878,23.2791055],[113.3180027,23.2792171],[113.3180267,23.2793599],[113.3181407,23.280078],[113.3182567,23.2808081],[113.3185101,23.2823755],[113.3185682,23.2827314],[113.3186266,23.2830772],[113.3186675,23.2833213],[113.318709,23.2835568],[113.3187578,23.2838096],[113.3187848,23.2839516],[113.318819,23.2841001],[113.3188642,23.2842778],[113.3189136,23.2844531],[113.3189583,23.2846062],[113.3190412,23.2848636],[113.3191578,23.2851979],[113.3192968,23.2855721],[113.3194237,23.285901],[113.319539,23.2861761],[113.3196706,23.2864657],[113.3198201,23.2867656],[113.3199805,23.2870754],[113.3201505,23.2873754],[113.3202994,23.2876251],[113.3204327,23.2878294],[113.3205738,23.2880277],[113.3206744,23.2881573],[113.3207887,23.2882898],[113.3209304,23.2884326],[113.3210695,23.2885664],[113.3212588,23.2887386],[113.3214756,23.2889258],[113.32171,23.2891203],[113.3220497,23.2893827],[113.3223603,23.2895944],[113.3226458,23.2897747],[113.3230188,23.2899906],[113.3232932,23.2901332],[113.3235526,23.2902583],[113.3238526,23.2903942],[113.3241643,23.2905247],[113.3245367,23.2906694],[113.3248518,23.2907874],[113.3252188,23.2909215],[113.3255361,23.2910381],[113.3259664,23.2911903],[113.3263645,23.2913354],[113.3267899,23.2914874],[113.3281818,23.2919834],[113.3286383,23.2921497],[113.3293401,23.2924001],[113.3300011,23.2926547],[113.330532,23.2928613],[113.3309991,23.2930564],[113.3314288,23.2932372],[113.3318383,23.2934099],[113.332241,23.2935826],[113.3325794,23.2937387],[113.3329981,23.293934],[113.3333913,23.294119],[113.3337323,23.2942863],[113.3340476,23.2944517],[113.3343625,23.2946237],[113.3347295,23.2948395],[113.3350534,23.2950426],[113.3353482,23.2952467],[113.3356736,23.295489],[113.3361059,23.2958297],[113.3364025,23.2960816],[113.3367822,23.2964264],[113.3372271,23.2968325],[113.3375385,23.2971239],[113.3378538,23.2974154],[113.3381636,23.2977143],[113.3384126,23.2979791],[113.3386516,23.2982471],[113.3389177,23.298533],[113.3391686,23.2988048],[113.3394877,23.2991377],[113.3399905,23.2996926],[113.3405854,23.3003446]],[[113.3405854,23.3003446],[113.342458,23.3023921]],[[113.342458,23.3023921],[113.3426066,23.3025547],[113.3427509,23.3027149],[113.3429014,23.3028808],[113.343172,23.3031808],[113.3435356,23.3035795],[113.3437725,23.3038382],[113.3440327,23.3041297],[113.3442594,23.3043717],[113.3445839,23.3047207],[113.3448514,23.3050043],[113.3450872,23.3052496],[113.3453712,23.3055595],[113.3456012,23.3058081],[113.3458715,23.3061106],[113.3461783,23.3064557],[113.3463966,23.3067048],[113.346579,23.3069253],[113.3467565,23.307143],[113.3469202,23.3073547],[113.3470092,23.3074726],[113.3471158,23.3076206],[113.3471648,23.3076899],[113.3472337,23.3077874],[113.3473911,23.3080289],[113.3475484,23.3082741],[113.3476838,23.3084998],[113.3477993,23.3087019],[113.3478947,23.3088798],[113.3479729,23.3090323],[113.3480573,23.3091974],[113.3481566,23.3093965],[113.3482991,23.3096877],[113.3483568,23.309808],[113.3484256,23.3099514],[113.34852,23.3101577],[113.3486267,23.3103946],[113.348756,23.3106852],[113.3488935,23.3109878],[113.3490193,23.311273],[113.3491287,23.3115226],[113.3492462,23.3117905],[113.3493754,23.3120934],[113.3495056,23.3124084],[113.3496331,23.3127277],[113.3498004,23.3131377],[113.3499204,23.313436],[113.3500385,23.3137205],[113.3501549,23.3140107],[113.3502933,23.3143607],[113.3504193,23.3146739],[113.3507767,23.3155724],[113.3509222,23.3159346],[113.3511377,23.31649],[113.3513401,23.3170174],[113.3515176,23.3174871],[113.3517055,23.3180005],[113.3518744,23.3184726],[113.3520386,23.3189517],[113.3521839,23.3193638],[113.3523305,23.3197994],[113.3525269,23.3203757],[113.352669,23.3207768],[113.3528113,23.3211788],[113.3529825,23.3216506],[113.3531369,23.3220667],[113.3532255,23.3222939],[113.3533122,23.3225058],[113.3534185,23.3227459],[113.3535168,23.322959],[113.3536089,23.3231541],[113.3537331,23.3234008],[113.353845,23.3236193],[113.3539432,23.3238135],[113.3540465,23.3240168],[113.3541275,23.3241758],[113.3542194,23.3243705],[113.3543211,23.3245907],[113.3544143,23.324802],[113.3544958,23.3249854],[113.3545752,23.3251605],[113.3546497,23.3253403],[113.3547117,23.325503],[113.3549512,23.3262481],[113.3550025,23.3264224],[113.3550544,23.3266169],[113.3551052,23.3268266],[113.355158,23.3270556],[113.3552104,23.3272888],[113.3553125,23.327777],[113.3558533,23.3301806]],[[113.3558533,23.3301806],[113.3564831,23.3329299],[113.3565258,23.333119],[113.3565567,23.3332487],[113.3565874,23.3333764],[113.3566167,23.3334962],[113.3566446,23.3336079],[113.3566766,23.3337324],[113.3567358,23.3339402]],[[113.3567358,23.3339402],[113.3568037,23.3341606],[113.3568685,23.3343622],[113.3569364,23.3345582],[113.3570195,23.3348058],[113.3571135,23.3350703],[113.3571828,23.3352556],[113.3572962,23.3355534],[113.3574236,23.3358621],[113.3576682,23.3364039],[113.3578135,23.3367196],[113.3579885,23.3371007],[113.3582896,23.3377309],[113.3585686,23.3383302],[113.3588096,23.338859],[113.3589075,23.3390746],[113.3589828,23.3392452],[113.3591359,23.3396096],[113.3592436,23.3398775],[113.3593975,23.3402714],[113.3595046,23.3405535],[113.3596054,23.3408232],[113.3597428,23.3412143],[113.3598428,23.3415276],[113.3599285,23.3417919],[113.3601104,23.342383],[113.3602434,23.3428246],[113.3604102,23.3433984],[113.3605148,23.343755],[113.3606489,23.3442028],[113.3608034,23.3447125],[113.360951,23.345219],[113.3611391,23.3458532],[113.3612218,23.3461326],[113.3613172,23.3464704],[113.3615031,23.3471662],[113.3616505,23.3477342],[113.3617892,23.3482834],[113.3618729,23.3486008],[113.3619197,23.3487693],[113.3619793,23.3489665],[113.3620346,23.3491389],[113.3620917,23.3492953],[113.3621508,23.3494512],[113.3621885,23.3495455],[113.3622664,23.3497238],[113.3623285,23.3498642],[113.3624227,23.3500728],[113.3625031,23.3502455],[113.3625779,23.3503963],[113.3626527,23.3505514],[113.3627125,23.350677],[113.3629745,23.3512188],[113.3632724,23.351835],[113.3634108,23.3521155],[113.3635614,23.3524255],[113.3638283,23.3529703],[113.3640024,23.3533326],[113.36417,23.3536801],[113.3643212,23.3539931],[113.364481,23.3543297],[113.3647245,23.3548479],[113.3648725,23.3551676],[113.3650102,23.3554637],[113.3651043,23.3556625],[113.3652057,23.355878],[113.3653335,23.356145],[113.3654034,23.356296],[113.3654781,23.3564528],[113.3655507,23.356601],[113.3656205,23.3567444],[113.3656988,23.3568992],[113.3657837,23.3570616],[113.3658615,23.3572108],[113.3659132,23.3573066],[113.3659683,23.3574011],[113.3660754,23.3575745],[113.3661607,23.3577045],[113.3662586,23.3578472],[113.36636,23.3579871],[113.366441,23.3580943],[113.3665264,23.3581949],[113.3666819,23.3583714],[113.366854,23.358554],[113.3670516,23.3587551],[113.3672817,23.35898],[113.3676775,23.3593499],[113.3683989,23.3600302],[113.3687562,23.3603646],[113.3689806,23.3605734],[113.3691501,23.3607291],[113.3693519,23.360914],[113.3696434,23.3611679],[113.3698262,23.3613174],[113.3699785,23.3614395],[113.3701831,23.3615968],[113.3703965,23.361753],[113.370647,23.3619303],[113.3708681,23.3620872],[113.3710551,23.3622148],[113.371334,23.3624031],[113.3719488,23.3628053],[113.3723049,23.3630338],[113.3730144,23.3634892],[113.3732458,23.3636333],[113.3734323,23.3637469],[113.3736939,23.3639018],[113.37421,23.3641969],[113.3743739,23.3642892],[113.3745079,23.3643615],[113.3746604,23.3644418],[113.3748339,23.3645311],[113.3749922,23.3646123],[113.3751827,23.3647077],[113.3753644,23.3647991],[113.3761199,23.3651684],[113.3766589,23.3654354],[113.3775159,23.3658509],[113.3796942,23.3669108],[113.3802876,23.3672067],[113.3809044,23.3675139],[113.3815586,23.3678352],[113.3817526,23.3679329],[113.3824962,23.3683049],[113.3833009,23.3687027],[113.3839049,23.3689987],[113.3842274,23.3691583],[113.3843827,23.3692364],[113.38459,23.3693447],[113.3847787,23.3694446],[113.3849206,23.3695214],[113.3850908,23.3696159],[113.385283,23.3697261],[113.3854731,23.3698418],[113.3856803,23.3699708],[113.3858572,23.3700857],[113.3859624,23.370156],[113.3860697,23.3702315],[113.3861901,23.3703212],[113.3863035,23.3704064],[113.3864886,23.370556],[113.3867027,23.3707341],[113.3869584,23.3709533],[113.3874754,23.3713986],[113.3877399,23.3716149],[113.3895546,23.3731495],[113.3902132,23.3737135],[113.3907236,23.3741539],[113.3909218,23.3743243],[113.3911886,23.3745524],[113.3920167,23.3752524],[113.3922389,23.3754418],[113.3924365,23.3756111],[113.3925826,23.3757359],[113.3931462,23.37622],[113.3932631,23.3763205]],[[113.3932631,23.3763205],[113.3946485,23.3775105],[113.3951124,23.3779089],[113.3957005,23.378414],[113.3960359,23.3787021],[113.3969775,23.3795109]],[[113.3969775,23.3795109],[113.3972074,23.3797084],[113.3973829,23.3798598],[113.3977432,23.3801609],[113.3978865,23.3802784],[113.3980459,23.3804054],[113.398178,23.3805069],[113.398314,23.3806065],[113.3984576,23.3807062],[113.3986023,23.380803],[113.3987505,23.3808966],[113.3989268,23.3810051],[113.3991048,23.3811098],[113.3993799,23.3812662],[113.3996083,23.3813926],[113.3998402,23.3815152],[113.4000245,23.3816085],[113.4002157,23.3817033],[113.4004434,23.3818102],[113.4006265,23.3818915],[113.4008416,23.38198],[113.4010078,23.382044],[113.4012084,23.3821182],[113.4014128,23.3821891],[113.4016186,23.3822569],[113.4018272,23.3823201],[113.4020142,23.3823755],[113.4021849,23.3824247],[113.4023187,23.3824627],[113.4025564,23.3825282],[113.40324,23.3827192],[113.4035346,23.3828002],[113.4038497,23.3828825],[113.404305,23.3830091],[113.4052337,23.3832612],[113.4055027,23.3833341],[113.4058284,23.3834217],[113.4061807,23.3835167],[113.4074772,23.383879],[113.4132375,23.3854659],[113.4136818,23.3855873],[113.414116,23.3857057],[113.414954,23.3859346]],[[113.414954,23.3859346],[113.4154749,23.3860774],[113.4164831,23.386349],[113.4167653,23.386423]],[[113.4167653,23.386423],[113.4170532,23.386497],[113.417328,23.3865644],[113.4175939,23.3866275],[113.4177936,23.3866712],[113.4179459,23.3867042],[113.4180964,23.3867341],[113.4182488,23.3867621],[113.4183895,23.3867845],[113.4185542,23.3868066],[113.4187385,23.3868299],[113.4190004,23.3868555],[113.4190658,23.386861],[113.4192824,23.3868793],[113.4194415,23.38689],[113.4195854,23.3868968],[113.4197122,23.3869026],[113.4198623,23.3869076],[113.4201282,23.3869165],[113.4205589,23.3869255],[113.421215,23.3869384],[113.4217446,23.3869493],[113.4222987,23.3869608],[113.4230484,23.3869759],[113.4236571,23.3869899],[113.4254484,23.3870311],[113.426423,23.3870529],[113.4268037,23.3870658],[113.4269279,23.3870715],[113.4270761,23.3870794],[113.4271823,23.3870855],[113.4272817,23.3870935],[113.427421,23.3871062],[113.4275437,23.3871193],[113.4276854,23.3871369],[113.4277991,23.3871538],[113.4278895,23.3871689],[113.4279729,23.3871826],[113.428066,23.3871994],[113.4281749,23.3872218],[113.4282831,23.3872452],[113.4283978,23.3872723],[113.4285233,23.3873038],[113.4286362,23.3873334],[113.4287503,23.3873669],[113.4288983,23.387414],[113.4289965,23.3874479],[113.4291077,23.3874872],[113.4291863,23.3875179],[113.4293061,23.3875666],[113.4294279,23.3876195],[113.4295915,23.3876955],[113.4297799,23.3877834],[113.4300234,23.3878975],[113.4304511,23.3881054],[113.4310262,23.3883824],[113.4312639,23.3884956],[113.4315642,23.3886375],[113.4324586,23.3890698],[113.4328401,23.3892507],[113.433283,23.3894659],[113.4337679,23.3897024],[113.4343479,23.3899855],[113.4346888,23.3901512],[113.4352214,23.3904095],[113.4354749,23.3905309],[113.435606,23.3905927],[113.4357904,23.3906775],[113.4359438,23.3907468],[113.4362003,23.3908596],[113.4363301,23.3909135],[113.4364851,23.3909767],[113.4366566,23.3910424],[113.4368663,23.3911195],[113.4371099,23.3912031],[113.4373585,23.3912845],[113.4376355,23.3913737],[113.4380868,23.3915127],[113.4384043,23.3916112],[113.4388191,23.391742],[113.4391606,23.3918509],[113.4394635,23.3919489],[113.4396914,23.3920233],[113.4399487,23.3921105],[113.4401527,23.3921798],[113.4403532,23.3922516],[113.4405271,23.3923164],[113.4407023,23.3923847],[113.4408432,23.3924438],[113.4410275,23.3925253],[113.4411837,23.3925965],[113.4413436,23.3926753],[113.4414497,23.3927302],[113.4415601,23.3927891],[113.4416726,23.3928503],[113.4418219,23.3929354],[113.4419721,23.3930253],[113.4420966,23.3931021],[113.4422196,23.3931827],[113.4423418,23.3932671],[113.4424678,23.3933581],[113.4425908,23.3934515],[113.4427257,23.3935596],[113.4428352,23.3936522],[113.4429485,23.3937477],[113.4430677,23.3938535],[113.4431789,23.3939518],[113.4432649,23.3940343],[113.4433563,23.3941229],[113.4435025,23.394267],[113.4436076,23.3943779],[113.4437359,23.3945217],[113.4438396,23.394643],[113.4439299,23.394753],[113.4440027,23.3948447],[113.4440813,23.3949518],[113.4441507,23.3950496],[113.4442253,23.3951605],[113.4443109,23.3952891],[113.4444058,23.3954378],[113.4446374,23.3958007],[113.4447137,23.3959214],[113.4447765,23.3960221],[113.444829,23.3961074],[113.4451402,23.3966267],[113.4454939,23.3972172],[113.4457248,23.3975939],[113.4458504,23.3977988],[113.4461777,23.3983327],[113.4468331,23.3993848],[113.4469664,23.3996015],[113.4472352,23.4000302],[113.4474557,23.4003858],[113.4475846,23.4005987],[113.4478329,23.401009],[113.4480617,23.4014009],[113.448229,23.4016785],[113.448355,23.4018862],[113.4485542,23.4022008],[113.4487742,23.4025275],[113.4490067,23.4028777],[113.4491902,23.4031494],[113.4493596,23.4033925],[113.4495817,23.4036955],[113.4498545,23.4040548],[113.4501031,23.4043749],[113.4503841,23.404734],[113.450921,23.405421],[113.4511958,23.4057778],[113.451467,23.4061278],[113.4518395,23.4066129],[113.4521403,23.4070023],[113.4525046,23.4074709],[113.4532294,23.4084097],[113.4537692,23.4091009],[113.4540027,23.4093979],[113.4541206,23.4095443],[113.4542546,23.4097056],[113.4543809,23.4098496],[113.4545155,23.4099918],[113.4546662,23.4101342],[113.4549209,23.4103517],[113.4551986,23.4105856],[113.4555135,23.410834],[113.4558307,23.4110823],[113.4560818,23.4112689],[113.4563976,23.4114985],[113.4576621,23.4124094],[113.4581363,23.4127501],[113.4584471,23.4129767],[113.4587577,23.413204],[113.4590307,23.4134144],[113.459284,23.413612],[113.4601715,23.4143505],[113.4617025,23.4156245],[113.4635524,23.4171639],[113.4638763,23.4174418],[113.4643404,23.4178685],[113.4645855,23.4181087],[113.4653339,23.4187884],[113.4655534,23.418987],[113.4659091,23.4192907],[113.4661675,23.4195066],[113.4663971,23.4196996],[113.4666816,23.4199373],[113.4668799,23.4201118],[113.4670764,23.4202889],[113.4672424,23.420443],[113.4673489,23.4205423],[113.4674739,23.4206655],[113.4675539,23.420748],[113.4676516,23.420854],[113.4677034,23.4209107],[113.4677634,23.4209772],[113.4678262,23.4210499],[113.4679036,23.421144],[113.4679978,23.4212575],[113.4680867,23.4213695],[113.4681759,23.4214836],[113.4682658,23.4216016],[113.4683035,23.4216521],[113.4683399,23.4217026],[113.4684026,23.4217936],[113.4684521,23.421872],[113.4685139,23.4219734],[113.4686616,23.4222336],[113.4691262,23.4230366],[113.4693569,23.4234383],[113.46953,23.4237411],[113.4698788,23.42437],[113.4700856,23.4247357],[113.4704613,23.4253964],[113.4708198,23.4260222],[113.4711242,23.4265468],[113.4713425,23.426927],[113.4716318,23.4274244],[113.472136,23.4282978],[113.472581,23.4290662],[113.4729245,23.4296873],[113.4735724,23.4308245],[113.4737911,23.4312127],[113.474006,23.4315886],[113.4742076,23.4319386],[113.4744136,23.4322897],[113.4745939,23.4325953],[113.4746737,23.4327239],[113.4747675,23.4328782],[113.4748721,23.4330415],[113.4749571,23.4331656],[113.4750527,23.4332982],[113.4751497,23.4334315],[113.4752757,23.4335978],[113.4753498,23.4336888],[113.4754129,23.4337602],[113.4754982,23.4338549],[113.4756132,23.4339709],[113.4757239,23.4340789],[113.475851,23.4341942],[113.4759722,23.4342999],[113.4760984,23.4344103],[113.4764283,23.4346905],[113.4769614,23.435121],[113.477277,23.4353708],[113.477651,23.4356618],[113.4780077,23.4359437],[113.4782303,23.4361214],[113.4783912,23.4362516],[113.4785213,23.4363574],[113.4786703,23.436483],[113.4788455,23.4366322],[113.4790314,23.4367929],[113.4792301,23.4369684],[113.4793957,23.4371167],[113.4795219,23.4372301],[113.4797184,23.4374087],[113.4800146,23.4376823],[113.4801956,23.4378516],[113.4803756,23.438021],[113.4805367,23.4381745],[113.4809082,23.4385285],[113.4812101,23.4388209],[113.4817279,23.4393152],[113.4818843,23.4394668],[113.4820118,23.4395895],[113.4821154,23.4396952],[113.4822062,23.4397887],[113.4822981,23.4398872],[113.4823833,23.43998],[113.4824692,23.4400747],[113.4825772,23.440198],[113.4826979,23.4403426],[113.4828054,23.4404782],[113.4829072,23.4406169],[113.4830019,23.4407551],[113.4830909,23.440894],[113.4831744,23.4410254],[113.483247,23.4411478],[113.4833519,23.4413379],[113.4834172,23.4414621],[113.483483,23.4415932],[113.4835169,23.4416695],[113.4835508,23.4417458],[113.4836051,23.4418728],[113.4836668,23.4420261],[113.4837279,23.4421872],[113.4837804,23.4423405],[113.4838231,23.4424733],[113.4838794,23.4426646],[113.4839404,23.4428898],[113.4839773,23.4430377],[113.4840083,23.4431617],[113.4840437,23.443306],[113.4842457,23.4441589]],[[113.4842457,23.4441589],[113.4844021,23.4449201],[113.4846199,23.4458884],[113.4848301,23.4468419],[113.4851243,23.4481444],[113.4854096,23.4493944],[113.4855692,23.4501048],[113.4857103,23.4507895],[113.4859397,23.4518204],[113.4859704,23.4519519],[113.4859949,23.452053],[113.486048,23.452276],[113.4860842,23.4524282],[113.486438,23.4539797],[113.4865682,23.4545502],[113.4867331,23.4552733],[113.4868271,23.4556858],[113.4870914,23.456845],[113.4871288,23.4570088],[113.4871669,23.4571691],[113.4872112,23.4573587],[113.4872574,23.4575474],[113.487302,23.4577141],[113.487345,23.4578711],[113.4873818,23.4579897],[113.4874186,23.458103],[113.4874617,23.4582285],[113.4875124,23.4583588],[113.4875772,23.4585166],[113.4876342,23.4586505],[113.4877164,23.4588305],[113.4878137,23.4590336],[113.4878901,23.4591848],[113.4879426,23.4592783],[113.4879996,23.4593785],[113.4880734,23.4595015],[113.4881554,23.459634],[113.4882516,23.4597848],[113.4883173,23.4598831],[113.4884058,23.4600032],[113.4885182,23.4601518],[113.4886309,23.460298],[113.4887601,23.4604615],[113.4890493,23.46081],[113.4894584,23.4612926],[113.4897567,23.4616413],[113.4899263,23.4618399],[113.4900421,23.4619767],[113.490168,23.4621249],[113.4902649,23.4622387],[113.4903939,23.4623928],[113.4905206,23.4625461],[113.4906485,23.4627026]],[[113.4906485,23.4627026],[113.4910696,23.4633202],[113.4911295,23.4634125],[113.4912107,23.4635487],[113.4913696,23.4638304],[113.4915695,23.4642062],[113.4917063,23.4644767],[113.4918797,23.4648428],[113.4920628,23.4652263],[113.4923171,23.4657685],[113.4925662,23.4662853],[113.4928754,23.4669318],[113.4932417,23.4677067],[113.4936735,23.4686074],[113.4938411,23.4689423],[113.4939387,23.4691329],[113.4939799,23.4692124],[113.4940257,23.4692925],[113.4940852,23.4693928],[113.4941458,23.4694926],[113.4941898,23.4695555],[113.4942736,23.4696713],[113.4943457,23.4697674],[113.4944213,23.4698606],[113.4945014,23.4699501],[113.4946067,23.47006],[113.4947347,23.4701856],[113.494851,23.4702917],[113.4949694,23.4703948],[113.4951063,23.4705072],[113.4952223,23.4705987],[113.4953366,23.4706821],[113.4954577,23.4707648],[113.4955569,23.4708306],[113.4956549,23.4708905],[113.4957996,23.4709691],[113.4962246,23.4711993],[113.4964656,23.4713263],[113.496712,23.4714559],[113.4986715,23.4724778],[113.4990595,23.4726791],[113.4994401,23.4728778],[113.499806,23.4730706],[113.5,23.473172588766015]]]},"properties":{"key":"relation:8338725@detail:453_93","osmType":"relation","osmId":8338725,"sourceRegion":"guangzhou","featureType":"service","railClass":"metro","mode":"subway","name":"地铁 14号线快车：乐嘉路 → 东风","nameEn":"Metro Line 14 Express:Jiahewanggang → Dongfeng","operator":"广州地铁集团有限公司","network":"广州地铁","status":"operational","color":"#81312F","sourceKey":"relation:8338725"}},{"type":"Feature","geometry":{"type":"MultiLineString","coordinates":[[[113.5,23.473221624546802],[113.4989876,23.4726894],[113.4975035,23.4719191],[113.4966776,23.4714904],[113.4963814,23.4713375],[113.4961143,23.4711958],[113.495689,23.4709647],[113.4955684,23.4708983],[113.4954552,23.4708267],[113.495332,23.4707457],[113.4951994,23.4706502],[113.4950685,23.4705474],[113.4949392,23.4704388],[113.4947877,23.4703048],[113.4946645,23.4701889],[113.494521,23.4700427],[113.4944309,23.469945],[113.4943501,23.4698522],[113.4942779,23.4697612],[113.4941872,23.4696377],[113.4941165,23.4695364],[113.4940576,23.4694448],[113.493981,23.469317],[113.493911,23.4691898],[113.4938385,23.4690464],[113.4936778,23.4687263],[113.4934832,23.4683223],[113.4932404,23.4678138],[113.4929895,23.4672798],[113.4927387,23.466748],[113.4925186,23.4663008],[113.4923198,23.4658797],[113.4921447,23.4655106],[113.4919861,23.465172],[113.4918335,23.4648612],[113.4916541,23.4644894],[113.4915575,23.4643025],[113.4913485,23.4639071],[113.4911704,23.4635855],[113.4909926,23.4633111],[113.490887,23.4631612],[113.4905953,23.4627314]],[[113.4905953,23.4627314],[113.4904736,23.4625779],[113.4903453,23.4624245],[113.4902464,23.4623032],[113.4901287,23.4621665],[113.4900073,23.4620275],[113.4898712,23.4618659],[113.4897403,23.4617119],[113.4894166,23.4613271],[113.4890319,23.4608751],[113.4888879,23.4606998],[113.4887624,23.4605459],[113.4886419,23.4603964],[113.4885611,23.4602947],[113.4884681,23.4601743],[113.4883549,23.4600206],[113.4882675,23.4598954],[113.48819,23.4597816],[113.4880878,23.4596197],[113.4880259,23.459521],[113.4879527,23.4594005],[113.4878766,23.4592703],[113.4878208,23.4591676],[113.4877602,23.4590519],[113.487656,23.4588345],[113.4875709,23.4586423],[113.4874692,23.4584043],[113.4874089,23.4582445],[113.4873475,23.4580745],[113.4873085,23.4579407],[113.487273,23.4578146],[113.4872362,23.4576805],[113.4871993,23.4575274],[113.4871596,23.4573607],[113.4871157,23.4571708],[113.4870819,23.4570237],[113.4870428,23.4568523],[113.4867678,23.4556462],[113.48652,23.45456],[113.4860359,23.4524373],[113.4860001,23.4522845],[113.4859488,23.4520656],[113.4859259,23.4519686],[113.4859029,23.4518648],[113.4858485,23.4516179],[113.4856981,23.4509316],[113.4855228,23.450112],[113.485364,23.4494015],[113.4850796,23.4481388],[113.4842086,23.4441661]],[[113.4842086,23.4441661],[113.4840033,23.4433068],[113.4839676,23.4431637],[113.4839379,23.4430467],[113.4839008,23.4428979],[113.4838387,23.442674],[113.4837803,23.442482],[113.4837372,23.4423492],[113.4836866,23.4422025],[113.4836249,23.4420421],[113.4835619,23.4418848],[113.4835126,23.4417688],[113.4834378,23.44161],[113.4833727,23.4414832],[113.4832997,23.4413446],[113.4832028,23.4411716],[113.4831289,23.4410441],[113.4830477,23.4409103],[113.4829576,23.4407698],[113.4828681,23.4406372],[113.4827686,23.4405041],[113.4826612,23.440368],[113.4825422,23.4402241],[113.4824357,23.4401036],[113.4823573,23.440017],[113.4822769,23.4399301],[113.4821468,23.4397879],[113.4819989,23.4396344],[113.4818417,23.4394808],[113.4816674,23.4393128],[113.4811764,23.4388528],[113.4808754,23.4385609],[113.4803429,23.4380518],[113.4801658,23.4378847],[113.4799835,23.4377138],[113.479689,23.4374442],[113.4794863,23.4372605],[113.4793732,23.4371585],[113.4791956,23.4369989],[113.4790015,23.4368249],[113.4788101,23.4366577],[113.478638,23.4365118],[113.4784971,23.4363938],[113.4783644,23.4362848],[113.4782,23.4361517],[113.4779757,23.4359729],[113.4776139,23.4356872],[113.4772487,23.4353999],[113.4769325,23.4351513],[113.4764025,23.4347228],[113.4760689,23.4344434],[113.4758168,23.4342219],[113.4756839,23.4341007],[113.4755811,23.4340015],[113.4754747,23.4338925],[113.4753533,23.4337597],[113.4752348,23.4336159],[113.4750924,23.4334278],[113.4749596,23.4332443],[113.4748547,23.4330949],[113.4747169,23.4328818],[113.4745994,23.432694],[113.4744585,23.4324621],[113.4743496,23.4322736],[113.4741669,23.4319623],[113.4740722,23.4317978],[113.4738682,23.4314349],[113.4736849,23.4311116],[113.4734979,23.4307863],[113.472893,23.4297089],[113.4725327,23.429081],[113.4720886,23.4283136],[113.471615,23.4274947],[113.4712922,23.4269469],[113.4710723,23.4265673],[113.4707754,23.4260545],[113.4704073,23.4254073],[113.4700371,23.4247555],[113.4698268,23.4243778],[113.4696389,23.4240413],[113.469476,23.4237474],[113.4693044,23.4234514],[113.4690783,23.4230617],[113.4688858,23.4227268],[113.4686214,23.4222612],[113.4684766,23.4220094],[113.4683738,23.421838],[113.4682362,23.4216378],[113.4681072,23.4214704],[113.4679225,23.421236],[113.4678114,23.4211068],[113.4677178,23.420998],[113.4676392,23.4209122],[113.4675668,23.4208339],[113.4674938,23.4207571],[113.4674102,23.4206721],[113.4672988,23.4205641],[113.4671271,23.4204025],[113.4670188,23.4203024],[113.4668345,23.4201351],[113.4666321,23.4199564],[113.4664542,23.4198065],[113.466344,23.4197134],[113.4656371,23.4191316],[113.4652591,23.418826],[113.4650618,23.4186726],[113.4648519,23.4185154],[113.4646314,23.4183528],[113.4643449,23.4181366],[113.4641108,23.4179629],[113.4638837,23.4177908],[113.4636071,23.4175787],[113.4631507,23.4172219],[113.4629711,23.4170759],[113.4614871,23.4158411],[113.459951,23.4145629],[113.4585902,23.4134305],[113.4583193,23.4132054],[113.4575004,23.4125285],[113.4571498,23.4122353],[113.4561045,23.4113825],[113.4558928,23.411212],[113.4557232,23.4110769],[113.4555283,23.410923],[113.4553553,23.4107868],[113.4551685,23.4106367],[113.4550015,23.4104949],[113.4548478,23.4103606],[113.4547102,23.410241],[113.4545838,23.4101213],[113.4544764,23.4100129],[113.454343,23.4098722],[113.4542128,23.4097284],[113.4541323,23.4096329],[113.4540456,23.4095236],[113.4538846,23.4093194],[113.453592,23.4089523],[113.4531856,23.4084309],[113.4527259,23.4078348],[113.4523298,23.4073263],[113.4519258,23.4068025],[113.4515841,23.4063605],[113.4508814,23.405451],[113.4503479,23.404763],[113.4500363,23.4043638],[113.4498619,23.4041404],[113.4496314,23.4038448],[113.4493881,23.4035216],[113.4492418,23.4033179],[113.4490457,23.40304],[113.4488639,23.4027739],[113.4486181,23.4023986],[113.4484332,23.4021195],[113.4481809,23.401713],[113.4480089,23.4014252],[113.4477827,23.4010417],[113.4473702,23.4003608],[113.4471774,23.4000511],[113.4454979,23.3973072],[113.445458,23.3972421],[113.445101,23.3966462],[113.4447932,23.3961322],[113.444734,23.3960351],[113.4446654,23.3959257],[113.4445908,23.3958091],[113.4443657,23.3954518],[113.4442733,23.3953087],[113.4441918,23.3951843],[113.4441177,23.3950744],[113.4440458,23.3949727],[113.443975,23.3948787],[113.4439007,23.3947809],[113.4438048,23.3946664],[113.4437064,23.3945513],[113.4436097,23.3944459],[113.4434992,23.394325],[113.4433696,23.3941945],[113.4432436,23.3940666],[113.4431445,23.3939723],[113.4429314,23.3937805],[113.4428183,23.3936841],[113.4427015,23.3935868],[113.4425665,23.3934801],[113.4424433,23.3933878],[113.4423178,23.3932972],[113.4421371,23.3931759],[113.4420285,23.3931057],[113.441885,23.3930166],[113.4417416,23.3929315],[113.4416017,23.3928519],[113.4414886,23.3927904],[113.4413561,23.3927207],[113.4411666,23.3926288],[113.4410151,23.3925569],[113.4408286,23.3924751],[113.4406888,23.3924171],[113.4405166,23.3923486],[113.4403563,23.3922891],[113.4401641,23.3922198],[113.4399503,23.3921458],[113.4396827,23.3920557],[113.439416,23.3919682],[113.4391566,23.3918841],[113.438808,23.391774],[113.4383957,23.3916469],[113.438072,23.3915482],[113.4376238,23.3914091],[113.4373496,23.3913206],[113.4370935,23.3912358],[113.4368586,23.3911551],[113.4366452,23.391076],[113.4364635,23.3910071],[113.4363172,23.3909481],[113.4361847,23.3908919],[113.4359306,23.3907813],[113.4357705,23.3907092],[113.4356147,23.3906364],[113.4354568,23.3905638],[113.4352049,23.3904426],[113.434332,23.3900182],[113.4337163,23.3897183],[113.4332037,23.3894685],[113.4324394,23.389102],[113.4315524,23.3886749],[113.4312466,23.3885291],[113.4310085,23.3884156],[113.4304357,23.3881392],[113.4300048,23.387931],[113.4297641,23.3878187],[113.429563,23.387725],[113.4294142,23.3876557],[113.4292928,23.3876021],[113.4291665,23.3875503],[113.4290964,23.3875234],[113.4290031,23.3874885],[113.4288895,23.3874493],[113.4288153,23.3874257],[113.4287422,23.387403],[113.4286238,23.3873688],[113.4285066,23.3873373],[113.4283386,23.3872953],[113.4281508,23.3872528],[113.4280512,23.3872334],[113.4279514,23.3872151],[113.4277874,23.3871887],[113.4276787,23.3871736],[113.4275389,23.3871568],[113.427421,23.3871435],[113.4272861,23.3871297],[113.4270565,23.3871139],[113.4269266,23.3871066],[113.4268023,23.3871008],[113.4264203,23.387086],[113.4254479,23.3870648],[113.423656,23.3870251],[113.4230595,23.3870107],[113.4219468,23.3869863],[113.4214194,23.3869754],[113.4206658,23.3869608],[113.4201284,23.3869495],[113.4198636,23.3869421],[113.4195981,23.3869307],[113.4194235,23.386923],[113.4192387,23.3869107],[113.4190623,23.3868972],[113.4188251,23.3868751],[113.4186196,23.3868534],[113.41845,23.3868312],[113.4182966,23.3868087],[113.4181406,23.3867811],[113.4180006,23.386754],[113.4178697,23.3867271],[113.4177011,23.3866916],[113.4175487,23.3866571],[113.4173345,23.3866073],[113.4170582,23.3865404],[113.4167524,23.3864633]],[[113.4167524,23.3864633],[113.4164691,23.3863876],[113.4154602,23.386117],[113.4149441,23.3859743]],[[113.4149441,23.3859743],[113.4141048,23.3857446],[113.4128569,23.3854009],[113.4074637,23.3839185],[113.4061629,23.3835571],[113.4041419,23.383007],[113.4038224,23.3829189],[113.4034028,23.382806],[113.4030652,23.382713],[113.4027867,23.382636],[113.4025087,23.382559],[113.4022942,23.3824982],[113.4021664,23.3824621],[113.4020102,23.3824167],[113.4018186,23.3823613],[113.4016062,23.3822961],[113.4013921,23.3822256],[113.4011946,23.3821562],[113.400992,23.3820802],[113.4008254,23.382017],[113.4006204,23.3819332],[113.4004679,23.381866],[113.4003053,23.3817923],[113.4001325,23.3817096],[113.3999523,23.3816204],[113.3997566,23.3815193],[113.3995547,23.3814124],[113.39934,23.3812919],[113.3991196,23.3811668],[113.3989062,23.3810435],[113.3987288,23.3809363],[113.3985893,23.3808472],[113.3984275,23.380742],[113.3982873,23.3806423],[113.3981684,23.3805549],[113.3980482,23.3804653],[113.3978875,23.380339],[113.3977684,23.3802426],[113.3973633,23.3799026],[113.3971915,23.3797566],[113.3969375,23.3795384]],[[113.3969375,23.3795384],[113.3959625,23.378701],[113.3950792,23.3779423],[113.3932261,23.3763506]],[[113.3932261,23.3763506],[113.393114,23.3762543],[113.3925666,23.3757841],[113.3923996,23.3756401],[113.391988,23.3752874],[113.3914786,23.3748624],[113.3911894,23.3746154],[113.3906958,23.3741929],[113.3901731,23.3737408],[113.3895442,23.3732043],[113.389173,23.3728932],[113.3889811,23.3727284],[113.3887967,23.3725703],[113.388485,23.3723044],[113.3881197,23.3719956],[113.3877158,23.3716542],[113.387408,23.3713932],[113.3869938,23.3710369],[113.3867129,23.370793],[113.3864501,23.3705757],[113.3862764,23.3704386],[113.3861787,23.370364],[113.3860654,23.3702801],[113.3859374,23.3701893],[113.3857964,23.3700947],[113.3856539,23.3700007],[113.385458,23.3698787],[113.3853247,23.3697982],[113.3851931,23.3697199],[113.3850564,23.3696418],[113.3849157,23.3695629],[113.3847612,23.3694805],[113.3845701,23.3693791],[113.3843624,23.3692732],[113.3842046,23.369194],[113.3838801,23.3690341],[113.3832774,23.3687361],[113.3824749,23.3683375],[113.3817299,23.367964],[113.3808831,23.3675475],[113.3802692,23.3672475],[113.3796738,23.3669543],[113.3775396,23.3659143],[113.3761986,23.3652533],[113.3755098,23.3649103],[113.3749823,23.364648],[113.3747944,23.3645523],[113.3746028,23.3644544],[113.3743962,23.3643445],[113.3741831,23.3642264],[113.3739557,23.3641001],[113.3736468,23.3639238],[113.3733809,23.3637652],[113.3731602,23.3636297],[113.3728631,23.3634438],[113.3718993,23.3628275],[113.371562,23.3626068],[113.3713138,23.3624424],[113.3710314,23.3622503],[113.3708689,23.3621399],[113.3706258,23.361971],[113.3703697,23.3617871],[113.3701561,23.3616328],[113.369972,23.361491],[113.3698005,23.3613565],[113.3696216,23.3612107],[113.369474,23.3610857],[113.3693386,23.3609661],[113.369127,23.3607742],[113.3689632,23.3606215],[113.368398,23.3600922],[113.3680901,23.3598047],[113.3676368,23.3593798],[113.3672414,23.3590099],[113.3670174,23.358795],[113.3668978,23.3586749],[113.3667681,23.3585398],[113.3666224,23.358387],[113.3665364,23.3582926],[113.3664616,23.3582072],[113.3663819,23.3581116],[113.3663031,23.3580107],[113.3662447,23.3579299],[113.3661709,23.3578245],[113.3660976,23.3577134],[113.3660055,23.3575678],[113.3659354,23.3574521],[113.3658736,23.3573483],[113.3657953,23.3572048],[113.365693,23.3570086],[113.3655857,23.3567988],[113.3654987,23.3566148],[113.3654092,23.3564275],[113.3650546,23.3556705],[113.3647729,23.3550707],[113.3645887,23.3546805],[113.3642762,23.3540226],[113.3640517,23.3535599],[113.3639457,23.3533391],[113.3638413,23.3531214],[113.3636904,23.3528097],[113.3633682,23.3521346],[113.3632343,23.351857],[113.3629337,23.3512352],[113.3626745,23.3506989],[113.3626103,23.3505643],[113.3625216,23.3503909],[113.3624536,23.3502539],[113.3623712,23.3500845],[113.3622773,23.3498806],[113.3622127,23.3497385],[113.3621348,23.3495598],[113.3620945,23.3494598],[113.3620388,23.3493086],[113.361985,23.3491518],[113.3619269,23.3489722],[113.3618697,23.3487814],[113.3618204,23.3486063],[113.3617356,23.348291],[113.3615944,23.3477493],[113.3614473,23.3471729],[113.3612631,23.3464706],[113.3611723,23.34614],[113.3610935,23.3458681],[113.3609065,23.3452267],[113.3607486,23.3446894],[113.3606027,23.3442099],[113.3604731,23.3437658],[113.3603657,23.3434095],[113.3601886,23.3428279],[113.3600532,23.3423849],[113.3599311,23.3419936],[113.3597958,23.3415715],[113.3596317,23.3410682],[113.359545,23.3408196],[113.3594498,23.3405636],[113.3593423,23.3402848],[113.359221,23.3399691],[113.3590806,23.3396197],[113.3589843,23.3393941],[113.358904,23.3392094],[113.358761,23.3388841],[113.3585174,23.3383543],[113.3582398,23.3377504],[113.357937,23.3371138],[113.3576286,23.3364466],[113.3574101,23.3359605],[113.3572501,23.3355833],[113.3571336,23.3352827],[113.3570198,23.334969],[113.3569396,23.3347315],[113.3568663,23.3345084],[113.3568111,23.3343449],[113.3567559,23.3341728],[113.356688,23.3339473]],[[113.356688,23.3339473],[113.3566566,23.3338339],[113.356625,23.3337298],[113.3565886,23.3335997],[113.3565549,23.3334698],[113.3565151,23.3333099],[113.3564651,23.3331007],[113.3564286,23.3329478],[113.35639,23.3327752],[113.3559709,23.3309198],[113.3559313,23.3307436],[113.3558959,23.3305841],[113.3558071,23.3301878]],[[113.3558071,23.3301878],[113.3552382,23.3278497],[113.3551811,23.3276017],[113.3551119,23.3273061],[113.3550324,23.3269996],[113.3549676,23.3267519],[113.3549216,23.3265788],[113.3548718,23.3264041],[113.3548176,23.3262271],[113.354599,23.3255906],[113.3544475,23.3252039],[113.3543772,23.3250384],[113.354294,23.3248495],[113.3542114,23.3246687],[113.3541314,23.324498],[113.3540524,23.3243271],[113.353978,23.3241699],[113.3538933,23.3239958],[113.35381,23.3238323],[113.3537268,23.3236681],[113.3536136,23.3234451],[113.3535101,23.3232336],[113.3533833,23.3229734],[113.3532975,23.3227805],[113.3532139,23.3225822],[113.3531454,23.3224192],[113.353067,23.3222152],[113.3529535,23.3219209],[113.3528718,23.3216974],[113.3527683,23.3214034],[113.3526515,23.3210744],[113.3525526,23.3207949],[113.352244,23.3199051],[113.3520779,23.319427],[113.3519095,23.3189489],[113.3517231,23.3184241],[113.351532,23.3179084],[113.351244,23.3171342],[113.3510347,23.3165977],[113.3508545,23.3161485],[113.3507528,23.3158903],[113.3506151,23.315537],[113.3502863,23.3147159],[113.3501638,23.3144147],[113.3500777,23.3141898],[113.3500073,23.3140172],[113.3499409,23.3138646],[113.3498083,23.3135468],[113.3496247,23.3131104],[113.3494001,23.3125756],[113.3492076,23.3121307],[113.3490237,23.3117111],[113.3488662,23.3113545],[113.3487144,23.3110248],[113.348566,23.3106998],[113.348461,23.3104693],[113.3483562,23.3102386],[113.3482155,23.3099328],[113.3480831,23.3096461],[113.3479669,23.3094039],[113.3478538,23.3091765],[113.3477518,23.3089817],[113.3476835,23.308854],[113.3476102,23.3087225],[113.3475233,23.3085747],[113.3474387,23.3084346],[113.3473673,23.308324],[113.3472757,23.3081899],[113.3471785,23.308053],[113.3470698,23.3079022],[113.3469422,23.30773],[113.3467768,23.3075148],[113.3465979,23.3072907],[113.3464399,23.3071025],[113.3462108,23.306832],[113.3458768,23.3064594],[113.3455136,23.3060621],[113.3451132,23.3056226],[113.3444531,23.3049062],[113.3440923,23.3045175],[113.3438184,23.3042288],[113.343387,23.3037612],[113.3427616,23.303066],[113.3424656,23.3027402],[113.3422773,23.3025341]],[[113.3422773,23.3025341],[113.3403976,23.3004772]],[[113.3403976,23.3004772],[113.3397869,23.2998089],[113.3387851,23.2987283],[113.3385786,23.2985151],[113.3382483,23.29818],[113.3379063,23.2978308],[113.3376153,23.2975356],[113.3373104,23.2972343],[113.3370103,23.296946],[113.3365966,23.2965649],[113.3363223,23.2963222],[113.3360499,23.2960839],[113.3356653,23.2957525],[113.3354535,23.2955831],[113.3352358,23.2954207],[113.3350322,23.2952805],[113.3348267,23.2951418],[113.3346188,23.2950134],[113.3343683,23.2948632],[113.3341171,23.2947177],[113.3338253,23.2945609],[113.3335325,23.2944104],[113.3331683,23.2942261],[113.3323111,23.2938057],[113.3320096,23.2936649],[113.3317002,23.2935271],[113.3313665,23.2933791],[113.3309688,23.2932072],[113.3306626,23.2930747],[113.3303379,23.2929418],[113.3299961,23.2928046],[113.3296674,23.2926748],[113.3294182,23.2925806],[113.329156,23.2924809],[113.3288702,23.2923764],[113.3285518,23.2922614],[113.3281432,23.2921156],[113.3266299,23.2915803],[113.3262929,23.2914619],[113.3258543,23.2913123],[113.3255023,23.291191],[113.3251008,23.2910507],[113.3247633,23.2909257],[113.3243882,23.2907882],[113.3240685,23.2906683],[113.3237933,23.2905553],[113.3235352,23.2904463],[113.3232552,23.2903121],[113.3230011,23.2901813],[113.3227656,23.2900529],[113.3224827,23.2898864],[113.3221969,23.2897054],[113.3219575,23.2895386],[113.3217013,23.2893482],[113.3214282,23.2891319],[113.3211889,23.2889293],[113.3209957,23.2887513],[113.3208181,23.2885692],[113.3206811,23.2884196],[113.3205519,23.2882751],[113.3204062,23.2880867],[113.3202776,23.2879002],[113.3201348,23.2876695],[113.3200057,23.2874434],[113.3198969,23.2872483],[113.319775,23.2870026],[113.3196377,23.2867155],[113.3195015,23.2864361],[113.3194011,23.2862129],[113.3193078,23.2859943],[113.3191839,23.2856911],[113.3190721,23.2854084],[113.3189676,23.2851183],[113.3188842,23.2848784],[113.3188238,23.2846849],[113.3187474,23.2844186],[113.3187105,23.2842781],[113.3186706,23.2841128],[113.3186145,23.2838429],[113.3185709,23.2836207],[113.3185311,23.283389],[113.3184844,23.2831033],[113.3184413,23.2828161],[113.318383,23.2824482],[113.3181226,23.2808268],[113.3180063,23.2800965],[113.317893,23.2793855],[113.3178699,23.2792145],[113.3178528,23.2790611],[113.317832,23.2788728],[113.3178126,23.2786857],[113.317797,23.2784913],[113.31778,23.2782664],[113.3177716,23.2780953],[113.3177619,23.2778663],[113.3177617,23.2776644],[113.3177671,23.2774838],[113.3177782,23.2772938],[113.3177892,23.2771544],[113.3178032,23.2770217],[113.3178254,23.2768599],[113.3178588,23.2766568],[113.3178916,23.2764762],[113.3179265,23.2762979],[113.3179566,23.2761561],[113.3179904,23.2760053],[113.3180277,23.2758454],[113.3180623,23.2756972],[113.3181092,23.2755111],[113.3181309,23.2754292],[113.318656,23.273446],[113.3187682,23.2730221],[113.3189178,23.272455],[113.3189933,23.2721765],[113.3190484,23.2719659],[113.3190852,23.2718094],[113.3191192,23.271656],[113.3191475,23.2715307],[113.3191816,23.2713577],[113.3192124,23.2712095],[113.319238,23.2710462],[113.3192641,23.2708571],[113.3192856,23.2706801],[113.3192935,23.2705298],[113.3192954,23.2703931],[113.3192952,23.2702707],[113.3192892,23.2701317],[113.3192796,23.2700123],[113.319263,23.2698671],[113.3192452,23.2697335],[113.319228,23.2696071],[113.3192006,23.2694373],[113.3191814,23.2693165],[113.3191621,23.2692145],[113.3191395,23.2690948],[113.3191118,23.268966],[113.3190785,23.2688175],[113.3190368,23.2686367],[113.318885,23.2679974],[113.3187744,23.2675471],[113.3186165,23.2668867],[113.3184184,23.2660607],[113.3183465,23.2657425],[113.3182461,23.2653319],[113.3181349,23.2648843],[113.3180496,23.2645591],[113.3179549,23.2642019],[113.3178396,23.2638142],[113.3177799,23.26363],[113.3177201,23.2634592],[113.3176556,23.2632784],[113.3175731,23.2630563],[113.3174912,23.2628415],[113.3173671,23.2625507],[113.3172217,23.2622255],[113.3170897,23.26195],[113.3169596,23.2617004],[113.3168108,23.2614288],[113.3167143,23.2612564],[113.3134575,23.2554609],[113.3132373,23.2550757]],[[113.3132373,23.2550757],[113.3131475,23.2548766],[113.3131073,23.2547907],[113.3130607,23.2546954],[113.3130268,23.2546262],[113.3129929,23.2545597],[113.3129683,23.2545144],[113.3129413,23.2544655],[113.312567,23.253811],[113.3122031,23.2531748],[113.3121305,23.2530462]],[[113.3121305,23.2530462],[113.3118413,23.2526334]],[[113.3118413,23.2526334],[113.3117184,23.2524184],[113.3115854,23.2521952],[113.311451,23.2519705],[113.311341,23.2517848],[113.3112445,23.2516303],[113.3111044,23.2514099],[113.3109458,23.2511724],[113.3108052,23.2509817],[113.3106801,23.2508281],[113.3105534,23.2506764],[113.31044,23.2505589],[113.3103185,23.2504501],[113.3102085,23.2503601],[113.3100712,23.2502527],[113.3099282,23.2501473],[113.3097759,23.2500461],[113.30969458047394,23.25]],[[113.30036411886691,23.25],[113.2997834,23.2501125],[113.2995183,23.2501631],[113.2992617,23.2502124],[113.298995,23.2502628],[113.2985836,23.2503366],[113.2982553,23.2503921],[113.298064,23.2504226],[113.2978764,23.2504513],[113.2975415,23.2504952],[113.2972611,23.2505255],[113.2969784,23.2505517],[113.2967067,23.2505721],[113.2964782,23.2505855],[113.2962367,23.250595],[113.2960146,23.2506004],[113.295774,23.2506037],[113.2955207,23.2506062],[113.2952884,23.2506059],[113.2949942,23.2506038],[113.2947615,23.2505995],[113.2934076,23.2505738],[113.293197,23.2505689],[113.2929352,23.2505612],[113.2925552,23.2505465],[113.2921915,23.2505297],[113.2918335,23.2505086],[113.291317,23.2504775],[113.2907884,23.2504412],[113.290338,23.2504097],[113.2900658,23.2503911],[113.2897981,23.2503722],[113.2894992,23.2503475],[113.2892582,23.2503269],[113.28901,23.2503041],[113.2887378,23.2502769],[113.2884815,23.2502463],[113.2882387,23.2502146],[113.2879931,23.2501786],[113.2877004,23.2501351],[113.2874692,23.2500963],[113.2874464,23.2500919]],[[113.2874464,23.2500919],[113.2872539,23.2500547],[113.2870385,23.2500083],[113.2870019480769,23.25]]]},"properties":{"key":"relation:8338726@detail:453_93","osmType":"relation","osmId":8338726,"sourceRegion":"guangzhou","featureType":"service","railClass":"metro","mode":"subway","name":"地铁 14号线快车：东风 → 乐嘉路","nameEn":"Metro Line 14 Express:Dongfeng → Lejia Road","operator":"广州地铁集团有限公司","network":"广州地铁","status":"operational","color":"#81312F","sourceKey":"relation:8338726"}},{"type":"Feature","geometry":{"type":"MultiLineString","coordinates":[[[113.4616106,23.4157176],[113.4621859,23.4161963],[113.463569,23.4173472]],[[113.463569,23.4173472],[113.4642189,23.4178742],[113.4643209,23.4179555],[113.4644111,23.4180243],[113.4645127,23.418096],[113.4646326,23.418175],[113.4647542,23.4182476],[113.4648252,23.4182868],[113.4649019,23.4183276],[113.4650192,23.4183875],[113.4651746,23.4184635],[113.4655654,23.4186387],[113.4657423,23.4187164],[113.4659162,23.4187862],[113.4660725,23.4188396],[113.4662815,23.4189085],[113.4664422,23.4189568],[113.4665968,23.4190015],[113.4667148,23.4190315],[113.4668171,23.4190546],[113.4669456,23.4190818],[113.4670618,23.4191025],[113.4671715,23.4191194],[113.4672965,23.4191374],[113.46741,23.4191524],[113.4675253,23.4191642],[113.4676825,23.4191781],[113.4678782,23.4191946],[113.4682715,23.4192263],[113.4686894,23.4192511],[113.4694949,23.4193047],[113.4704191,23.4193645]],[[113.4704191,23.4193645],[113.4706665,23.4193803],[113.4709038,23.4193946],[113.4710764,23.4194046],[113.4712381,23.4194114],[113.4714158,23.4194118],[113.4715617,23.419412],[113.4716809,23.4194075],[113.4717759,23.4193999],[113.4718752,23.4193925],[113.4720204,23.4193751],[113.4722069,23.4193485],[113.4723872,23.4193193]],[[113.4723872,23.4193193],[113.4725349,23.4192943],[113.4727113,23.4192584],[113.4728598,23.4192238],[113.4729639,23.4191992],[113.4730411,23.4191798],[113.4731255,23.4191554],[113.4732071,23.4191289],[113.4732959,23.4190975],[113.4734312,23.4190469],[113.4735908,23.4189819],[113.473745,23.4189134],[113.4739341,23.418823],[113.4741686,23.4187017],[113.4746884,23.4184247],[113.474924,23.4182896],[113.4751102,23.4181797],[113.475317,23.418045],[113.4755497,23.4178832],[113.4757559,23.4177268],[113.4759092,23.417602],[113.4760359,23.417487],[113.4761993,23.417331],[113.4763379,23.4171903],[113.4764585,23.4170564],[113.476579,23.4169128],[113.4767129,23.416752],[113.4768521,23.41657],[113.4769688,23.4164039],[113.4770855,23.4162281],[113.4772016,23.4160435],[113.4773241,23.4158453],[113.4774289,23.415662],[113.477546,23.4154462],[113.4776466,23.4152521],[113.4777507,23.4150417],[113.4779402,23.4146266],[113.4781024,23.4142613],[113.4782606,23.4138896],[113.4783455,23.4136765],[113.478419,23.4134871],[113.4784727,23.4133379],[113.4785319,23.4131704],[113.478599,23.4129781],[113.4787349,23.4125706],[113.4788297,23.4122779],[113.4789095,23.4120214],[113.4789935,23.4117375],[113.4790381,23.4115739],[113.4790827,23.4114103],[113.4791263,23.4112476],[113.4791769,23.4110611],[113.4801568,23.40737],[113.4802367,23.4070749],[113.4803208,23.4067665],[113.4804184,23.4064179],[113.4805684,23.405896],[113.480686,23.4055008],[113.480789,23.4051598],[113.4809244,23.404712],[113.481027,23.4043983],[113.4811431,23.404067],[113.4812803,23.4037007],[113.4813908,23.4034036],[113.4814981,23.4031275],[113.4820696,23.4016054],[113.4823716,23.400801],[113.4846372,23.3947064],[113.4847656,23.3943574],[113.4849128,23.3939549],[113.4850544,23.3935555],[113.4851447,23.3932817],[113.4852211,23.3930336],[113.485318,23.3927099],[113.4854041,23.3923961],[113.4854873,23.3920659],[113.4856134,23.3915531],[113.4857779,23.3909034],[113.4859175,23.3903429],[113.4860893,23.3896541],[113.4862082,23.3891714],[113.4863858,23.3884628],[113.4865145,23.3879451],[113.4866252,23.3875206],[113.4867907,23.3869134],[113.4869045,23.3865113],[113.4870425,23.3860264],[113.4871452,23.3856835],[113.4871983,23.3855114],[113.4872583,23.3853199],[113.4873746,23.3849534],[113.4874886,23.3846224],[113.4875896,23.384352],[113.4877288,23.3839913],[113.4878788,23.383632],[113.4880193,23.3833094],[113.4881562,23.3830154],[113.4882843,23.3827519],[113.4884468,23.3824324],[113.4886081,23.382126],[113.4887931,23.3817853],[113.4890237,23.3813703],[113.489906,23.3797831],[113.4905467,23.3786304],[113.4907918,23.3782114],[113.4910109,23.3778466],[113.4912664,23.3774363],[113.4914848,23.3770919],[113.4916821,23.3767839],[113.4918912,23.3764715],[113.4919925,23.3763297],[113.492102,23.3761836],[113.4922367,23.3760105],[113.4923413,23.3758799],[113.492449,23.3757487],[113.492547,23.3756319],[113.4926291,23.3755394],[113.4926883,23.3754756],[113.4927801,23.3753822],[113.4928582,23.3753049],[113.5,23.36845445260962]]]},"properties":{"key":"relation:8378350@detail:453_93","osmType":"relation","osmId":8378350,"sourceRegion":"guangzhou","featureType":"service","railClass":"metro","mode":"subway","name":"地铁 14号线知识城支线：新和 -> 镇龙","nameEn":"Subway Line 14 Knowledge City Line:Xinhe -> Zhenlong","operator":"广州地铁集团有限公司","network":"广州地铁","status":"operational","color":"#81312F","sourceKey":"relation:8378350"}},{"type":"Feature","geometry":{"type":"MultiLineString","coordinates":[[[113.2996384,23.3979752],[113.299475,23.3973789],[113.2994682,23.3973537],[113.2994463,23.3972706],[113.2994264,23.3971965],[113.2994014,23.3971027],[113.2993864,23.3970409],[113.2993747,23.3969871],[113.2993608,23.3969115],[113.2993503,23.396854],[113.2993407,23.3967915],[113.2993335,23.3967347],[113.299328,23.3966805],[113.299321,23.3965811],[113.2993141,23.3964396],[113.2993045,23.3962006],[113.2992948,23.3957401],[113.2992847,23.3950681],[113.2992772,23.3943398],[113.2992681,23.3939946],[113.2992591,23.3935856],[113.2992562,23.3934993],[113.2992462,23.3933774],[113.2992346,23.3932731],[113.2992245,23.3931996],[113.2992098,23.3931142],[113.2991842,23.393005],[113.2991575,23.3929078],[113.2991175,23.3927934],[113.299041,23.3926089],[113.2989506,23.3924277],[113.2988472,23.3922168],[113.2987533,23.3920442],[113.298656,23.3918718],[113.2985216,23.391631],[113.2984319,23.3914724],[113.2983617,23.3913472],[113.298312,23.3912527],[113.2982686,23.3911647],[113.2982285,23.3910775],[113.2981874,23.390978],[113.2981466,23.3908653],[113.2981114,23.3907581],[113.2980616,23.3905873],[113.2980152,23.3904178],[113.2979533,23.3901885],[113.2978325,23.3897489],[113.2977502,23.3894496],[113.2977137,23.389315],[113.2975502,23.3887128],[113.2972477,23.3875983],[113.2968688,23.386182],[113.2967357,23.3856882],[113.2964794,23.3847352],[113.2954389,23.3808682],[113.2926297,23.3705995],[113.2925829,23.3704173],[113.2925299,23.370193],[113.2924825,23.3699884],[113.292451,23.3698198],[113.2924216,23.3696108],[113.2924001,23.3694394],[113.2923775,23.3692503],[113.2923587,23.3690588],[113.2923306,23.36879],[113.2922997,23.3684984],[113.2922529,23.3681134],[113.2922243,23.3678587],[113.2917459,23.3639843]],[[113.2917459,23.3639843],[113.2917156,23.3637767],[113.2916892,23.3636073],[113.2916227,23.3632674],[113.2915656,23.3630209],[113.2914567,23.3625703],[113.2911644,23.3614954],[113.2905344,23.3591782],[113.2903349,23.3584448],[113.2901513,23.3577841],[113.2899653,23.3571156],[113.2898512,23.3566873],[113.2897936,23.3564623],[113.2897206,23.356177],[113.2893481,23.3547577],[113.2892643,23.3544239],[113.2891994,23.3541676],[113.289142,23.3539088],[113.2890841,23.3536359],[113.2890307,23.35338]],[[113.2890307,23.35338],[113.2888711,23.3525976],[113.2887001,23.3517057],[113.2886263,23.3512898],[113.2885484,23.3508389],[113.288384,23.3498804],[113.288299,23.3493581],[113.2881796,23.3485895],[113.2880144,23.3473871],[113.2879578,23.3469345],[113.2878308,23.3459175],[113.2877842,23.3454468],[113.2877562,23.3451408],[113.2877348,23.3448078],[113.2877228,23.344499],[113.2877247,23.3441759],[113.2877345,23.3438895],[113.2877538,23.3435712],[113.2877831,23.3432588],[113.2878186,23.3429407],[113.2878581,23.3426564],[113.2878999,23.3423718],[113.2879632,23.3419951],[113.2880191,23.3417085],[113.2880952,23.3413584],[113.2881496,23.3411198],[113.288202,23.3409092],[113.2882609,23.3407166],[113.2883205,23.340558],[113.2883844,23.3404064],[113.288452,23.3402701],[113.2885253,23.3401382],[113.288619,23.33999],[113.288747,23.339816],[113.2888274,23.3397041],[113.2889885,23.3394901],[113.28916,23.3392761],[113.2893647,23.3390312],[113.2894389,23.3389442],[113.2895075,23.3388672],[113.2896055,23.3387614],[113.2897359,23.3386235],[113.2901823,23.3381506],[113.2906743,23.3376294],[113.2908448,23.3374477],[113.2909929,23.3372883],[113.2912941,23.3369584],[113.2913878,23.3368519],[113.2914975,23.3367276],[113.2916079,23.3365973],[113.2917436,23.3364342],[113.2922551,23.3357964],[113.2926376,23.335303],[113.2931845,23.3346092],[113.2938207,23.3337964],[113.2938971,23.3336988],[113.2941466,23.3333716],[113.2944489,23.3329561],[113.2945556,23.3328013],[113.2946211,23.3326986],[113.2946682,23.3326226],[113.2947181,23.3325369],[113.2947724,23.3324373],[113.2948563,23.332282],[113.2949867,23.3320428],[113.2951635,23.3317259],[113.2953293,23.3314316],[113.2955331,23.3310702],[113.2956465,23.3308427],[113.2957467,23.3306169],[113.2958498,23.3303684],[113.2959217,23.3301629],[113.2959713,23.3300041],[113.2960583,23.329691],[113.2961285,23.3294257],[113.2962067,23.3290904],[113.2963123,23.3286474],[113.2963836,23.3282768],[113.296446,23.3278376],[113.296494,23.3274387],[113.2965262,23.3270796],[113.2965485,23.326761],[113.296568,23.3264364],[113.2965771,23.326188],[113.2965777,23.3259563],[113.2965713,23.3257207],[113.2965557,23.3254637],[113.2965299,23.3251334],[113.2964497,23.324287],[113.2963913,23.3237881],[113.2963442,23.3234087],[113.296293,23.3229958],[113.2962573,23.3227531],[113.2962183,23.3224923],[113.2961435,23.3220199],[113.29611,23.3218305],[113.2960705,23.321621],[113.2960079,23.3213112],[113.2959612,23.3210777],[113.2959143,23.320874],[113.2958683,23.3206895],[113.2958034,23.320448],[113.2944544,23.3156206],[113.2943709,23.3153058],[113.2942889,23.3149783],[113.2942231,23.3146859],[113.294175,23.3144345],[113.2941357,23.3141838],[113.294109,23.3139589],[113.2940862,23.3137319],[113.2940691,23.3134608],[113.2940599,23.3131844],[113.2940561,23.3129061],[113.2940642,23.3126564],[113.2941071,23.3115285],[113.2941757,23.3101193],[113.2942053,23.3093953],[113.2942597,23.3082455],[113.294295,23.3074397],[113.2943218,23.3068367],[113.2943304,23.3066035],[113.2943394,23.3063466],[113.2943446,23.3062057],[113.2943438,23.305928],[113.2943412,23.305622],[113.2943301,23.3053309],[113.2943181,23.3051576],[113.2942876,23.3048583],[113.294267,23.3046747],[113.2942422,23.3045018],[113.2942098,23.3043059],[113.2941705,23.3040846],[113.2941266,23.3038546],[113.2937563,23.3018887],[113.2935034,23.3004867],[113.2934681,23.3002684],[113.2934329,23.3000416],[113.2933946,23.2997606],[113.2932606,23.2986271],[113.2932308,23.2983736],[113.2932141,23.2982116],[113.293172,23.2977703],[113.2931556,23.2975823],[113.2931407,23.2974035],[113.2931278,23.2971868],[113.29312,23.2970328],[113.2931186,23.2968892],[113.2931246,23.2967263],[113.2931344,23.296576],[113.293151,23.2963886],[113.2931772,23.2961413],[113.2932052,23.2958909],[113.2932376,23.2956685],[113.2932843,23.2953709],[113.2933206,23.2951604],[113.2933616,23.294954],[113.2933905,23.2948219],[113.2934188,23.2947059],[113.2934547,23.2945777],[113.2934905,23.2944551],[113.2935459,23.2942845],[113.2936019,23.2941301],[113.2936627,23.2939812],[113.2937422,23.2938085],[113.2938372,23.2936275],[113.2939433,23.2934417],[113.2940556,23.2932458],[113.2942327,23.2929528],[113.2944564,23.2925914],[113.2946928,23.2922128],[113.2950129,23.2916995],[113.2953696,23.2911275],[113.2964322,23.2894182],[113.29682,23.2887944],[113.2968933,23.2886764],[113.2970639,23.2884038],[113.2971013,23.2883399],[113.2973103,23.2880044],[113.2974797,23.2877341],[113.2976772,23.28743],[113.2980009,23.2869511],[113.2981872,23.2866655],[113.298305,23.2864818],[113.2983938,23.2863375],[113.2984856,23.2861819],[113.2986294,23.2859209],[113.2987141,23.2857648],[113.298797,23.2855996],[113.2988624,23.2854518],[113.2989143,23.2853158],[113.2989626,23.2851639],[113.2989929,23.2850449],[113.2990208,23.28491],[113.2990469,23.284761],[113.2990615,23.2846391],[113.2990725,23.2844969],[113.2990781,23.284336],[113.2990792,23.2841577],[113.2990756,23.2840043],[113.2990691,23.2838777],[113.2990567,23.283754],[113.2990346,23.2836055],[113.2990127,23.283482],[113.2989874,23.2833513],[113.2989531,23.2831884],[113.2989063,23.2829951],[113.2987483,23.2823546],[113.2984626,23.281235],[113.2983425,23.2807818],[113.2981486,23.2800031],[113.2980812,23.2797332],[113.2980243,23.2795065],[113.2978918,23.2789383],[113.2977617,23.2784186],[113.2977071,23.2782209],[113.297605,23.2778962],[113.2975213,23.2776387],[113.2974229,23.2773606],[113.29725,23.2769256],[113.2971093,23.276593],[113.2969265,23.2761865],[113.2967413,23.2757934],[113.2965861,23.2754893],[113.2964841,23.2753086],[113.2963437,23.2750678],[113.2962212,23.2748854],[113.2961088,23.2747327],[113.2960024,23.2746048],[113.2958827,23.2744681],[113.2957852,23.274363],[113.2956926,23.2742668],[113.2952869,23.2738692],[113.2949709,23.2735774],[113.2944894,23.2731256],[113.2941772,23.2728346],[113.2935852,23.2723054],[113.2932616,23.2720371],[113.2928904,23.2717309],[113.2924788,23.2713765],[113.2920156,23.270993],[113.2916602,23.2707073],[113.2912512,23.2703664],[113.2909712,23.2701151],[113.2907392,23.2698895],[113.2904835,23.269634],[113.2902505,23.269382],[113.2900302,23.2691073],[113.2898789,23.2689063],[113.2897036,23.2686448],[113.2895668,23.2684308],[113.2894204,23.268161],[113.2892622,23.2678541],[113.2889765,23.2672622],[113.2887942,23.2668697],[113.2886835,23.2666152],[113.2885737,23.2663573],[113.2884666,23.2660764],[113.2883614,23.2657831],[113.288169,23.2652368],[113.2878903,23.2644095],[113.2875786,23.2634367],[113.2873863,23.2628159],[113.2871748,23.2621219],[113.2870309,23.2616494],[113.2869177,23.2612841],[113.2868247,23.2609904],[113.2867215,23.2606928],[113.2866092,23.2603988],[113.2865597,23.2602791],[113.2864883,23.2601064],[113.286057,23.2591137],[113.284998,23.2566919],[113.2848016,23.2562511],[113.2840188,23.2544876],[113.2837151,23.2538105],[113.283557,23.2534446],[113.2834476,23.2531835],[113.2834055,23.2530762],[113.2833695,23.252984],[113.283326,23.2528619],[113.2832963,23.2527658],[113.2832705,23.2526794],[113.2832481,23.2525859],[113.2832334,23.2525155],[113.2832188,23.2524394],[113.2831999,23.2523305],[113.283176,23.2521643],[113.2831593,23.2520133],[113.2831394,23.2517777],[113.2831213,23.2515517],[113.2831059,23.2512955],[113.2831042,23.2510875],[113.2831007,23.2508256],[113.2830931,23.2504507],[113.2830886,23.2501631],[113.28308938806913,23.25]]]},"properties":{"key":"relation:9841061@detail:453_93","osmType":"relation","osmId":9841061,"sourceRegion":"guangzhou","featureType":"service","railClass":"metro","mode":"subway","name":"地铁 3号线：机场北→ 海傍","nameEn":"Metro Line 3: Airport N. → Haibang","ref":"3","operator":"广州地铁集团有限公司","network":"广州地铁","status":"operational","color":"#ECA154","sourceKey":"relation:9841061"}},{"type":"Feature","geometry":{"type":"MultiLineString","coordinates":[[[113.28320490789832,23.25],[113.2832028,23.2502019],[113.2832021,23.2504256],[113.2832056,23.2506072],[113.28321,23.2508228],[113.2832136,23.2510688],[113.2832143,23.2512363],[113.2832153,23.251402],[113.2832279,23.2516009],[113.2832435,23.2518062],[113.2832656,23.2520387],[113.2832885,23.2522686],[113.2833089,23.2524123],[113.2833228,23.2524838],[113.2833408,23.2525574],[113.2833658,23.2526354],[113.2833914,23.2527091],[113.2834231,23.2527937],[113.2834658,23.2528991],[113.2835034,23.2529859],[113.2835833,23.2531642],[113.2843619,23.2548993],[113.2849212,23.2561617],[113.2851691,23.2567314],[113.2866456,23.2600808],[113.2867968,23.2604643],[113.2869035,23.2607503],[113.2869946,23.2610102],[113.2870883,23.2612902],[113.2872322,23.2617327],[113.2873919,23.262256],[113.2878837,23.2638834],[113.2880613,23.2644575],[113.2882877,23.2651375],[113.2885006,23.2657378],[113.288685,23.2662354],[113.2889021,23.266759],[113.2891615,23.2673288],[113.2893843,23.2677861],[113.289677,23.2683499],[113.2899631,23.2687863],[113.2902348,23.26914],[113.2905372,23.269497],[113.2908244,23.2697836],[113.2911626,23.2701021],[113.2915529,23.2704344],[113.292888,23.2715046],[113.2933573,23.2718946],[113.2936867,23.2721756],[113.2942737,23.2727158],[113.2947332,23.2731391],[113.2953791,23.2737875],[113.2956713,23.2740964],[113.2958919,23.2743284],[113.2960063,23.2744522],[113.2961405,23.2746048],[113.2962401,23.2747256],[113.2963148,23.2748208],[113.2963758,23.2749062],[113.2964404,23.2750007],[113.296509,23.2751136],[113.2965792,23.2752353],[113.29666,23.2753801],[113.2967599,23.2755594],[113.2968454,23.2757278],[113.296928,23.2759013],[113.297063,23.2762033],[113.2971682,23.2764423],[113.2973238,23.2768199],[113.2973951,23.2770007],[113.2974717,23.2772037],[113.2976476,23.2776712],[113.2977203,23.2778775],[113.2977889,23.2780759],[113.2978369,23.2782355],[113.2978645,23.2783353],[113.2979327,23.27862],[113.298118,23.2794032],[113.2984601,23.2807581],[113.2986916,23.2816537],[113.298934,23.282655],[113.2990342,23.2830758],[113.2990906,23.283329],[113.2991142,23.2834626],[113.2991364,23.2835998],[113.2991629,23.2837959],[113.2991759,23.2839669],[113.2991816,23.2841357],[113.2991807,23.2843136],[113.2991755,23.2844782],[113.2991661,23.2846022],[113.2991478,23.2847714],[113.299133,23.2848716],[113.2991138,23.2849774],[113.2990919,23.2850831],[113.2990655,23.285182],[113.2990323,23.2852928],[113.2989912,23.285404],[113.298947,23.2855204],[113.2988927,23.2856432],[113.2987954,23.285839],[113.2985922,23.2862181],[113.2985648,23.2862664],[113.298479,23.286418],[113.2983646,23.2866091],[113.2981822,23.2869021],[113.2980327,23.2871301],[113.2978868,23.2873448],[113.2977567,23.2875429],[113.2976429,23.2877184],[113.2971692,23.2884792],[113.2970118,23.288732],[113.2955289,23.2911133],[113.2954508,23.2912387],[113.2951269,23.2917582],[113.2947894,23.2922994],[113.2944031,23.2929267],[113.2942422,23.2931856],[113.2941345,23.2933674],[113.2940407,23.2935259],[113.2939388,23.2937013],[113.2938891,23.2937929],[113.2938409,23.2938837],[113.2937895,23.2939909],[113.2937355,23.2941077],[113.2936756,23.2942614],[113.2936327,23.2943838],[113.2935915,23.2945027],[113.2935408,23.2946775],[113.2934841,23.2949039],[113.2934468,23.2950873],[113.2934099,23.2952874],[113.2933581,23.29561],[113.293319,23.2959389],[113.2932878,23.2962135],[113.2932721,23.2963701],[113.293261,23.2964897],[113.2932531,23.2966069],[113.2932457,23.2967293],[113.2932432,23.2968645],[113.2932417,23.2970209],[113.2932464,23.2971368],[113.293251,23.2972273],[113.2932695,23.2975043],[113.293293,23.2977763],[113.2933286,23.2981246],[113.2933704,23.2985169],[113.2934234,23.2989853],[113.2934701,23.2993673],[113.293524,23.2998042],[113.2935833,23.300201],[113.2936688,23.3007065],[113.2937913,23.301407],[113.2940854,23.3030278],[113.2943099,23.304268],[113.2943409,23.3044569],[113.2943674,23.3046602],[113.2943903,23.3048965],[113.2944061,23.3050791],[113.2944189,23.3052575],[113.2944309,23.305445],[113.2944469,23.3057975],[113.2944504,23.305983],[113.2944478,23.3061442],[113.2944418,23.3064651],[113.2944248,23.3071467],[113.2944068,23.3075558],[113.2943826,23.3081093],[113.2943364,23.3091234],[113.2942634,23.3105889],[113.2942247,23.311483],[113.2941982,23.3121755],[113.2941877,23.3124851],[113.2941799,23.3127935],[113.2941788,23.3130397],[113.2941854,23.3132619],[113.2941985,23.3135648],[113.294209,23.3137414],[113.2942221,23.3139057],[113.2942399,23.3140789],[113.2942688,23.3142862],[113.2942984,23.3144781],[113.294319,23.3145974],[113.2943427,23.3147183],[113.2943664,23.314823],[113.2944016,23.3149761],[113.2944437,23.315144],[113.2944958,23.3153387],[113.2945598,23.3155767],[113.2946435,23.315879],[113.2959184,23.3203966],[113.2960221,23.3207847],[113.2960696,23.3209753],[113.296114,23.3211795],[113.2961642,23.3214126],[113.2962105,23.3216417],[113.2962618,23.3219193],[113.2963062,23.3221846],[113.2963384,23.3223918],[113.2963839,23.3227005],[113.2964265,23.3230018],[113.2964908,23.3234979],[113.2965929,23.3243491],[113.2966735,23.3250956],[113.2967012,23.3254345],[113.296716,23.3257056],[113.2967202,23.3258781],[113.2967239,23.3260494],[113.2967239,23.3262144],[113.296719,23.3263577],[113.2967012,23.3266779],[113.2966536,23.3273007],[113.2965855,23.3279477],[113.2965434,23.3282363],[113.2964959,23.3285247],[113.2964335,23.3288364],[113.2963548,23.3291804],[113.2962655,23.3295389],[113.2961987,23.3298026],[113.2961382,23.3300045],[113.296062,23.3302345],[113.2960128,23.3303675],[113.2959726,23.3304725],[113.2959112,23.3306156],[113.295828,23.3307926],[113.2957729,23.3309053],[113.2956638,23.3311316],[113.2955303,23.3313777],[113.2954122,23.3315757],[113.2952895,23.3317788],[113.2951683,23.3319814],[113.2950552,23.332169],[113.2949282,23.3323877],[113.2948201,23.3325647],[113.2947104,23.3327406],[113.2946013,23.3329041],[113.2945205,23.3330238],[113.2944444,23.3331309],[113.2939287,23.3338398],[113.2934475,23.334475],[113.2932627,23.3347129],[113.2924724,23.3357147],[113.2918783,23.3364547],[113.2917938,23.336559],[113.2914809,23.3369297],[113.2913439,23.3370899],[113.2912681,23.3371766],[113.2911576,23.3372982],[113.2910568,23.3374075],[113.290934,23.3375382],[113.2907944,23.3376844],[113.2902815,23.3382273],[113.2898367,23.3386982],[113.2896329,23.3389118],[113.2894634,23.3391015],[113.2893167,23.3392713],[113.2890882,23.3395591],[113.2889449,23.3397514],[113.2888173,23.3399338],[113.2887042,23.3401105],[113.288593,23.3403034],[113.2885103,23.3404737],[113.2884459,23.3406352],[113.2883963,23.3407748],[113.2883527,23.3409207],[113.2883066,23.3410903],[113.2882659,23.3412478],[113.2882227,23.3414274],[113.2881605,23.3417295],[113.2880887,23.3421082],[113.2880437,23.3423731],[113.2880068,23.3426145],[113.2879494,23.343058],[113.2879162,23.3433337],[113.2878921,23.3435727],[113.2878671,23.3439332],[113.2878604,23.3442331],[113.2878661,23.3445602],[113.2878882,23.3449089],[113.2879186,23.3452827],[113.288013,23.3462315],[113.2880525,23.3465418],[113.2881576,23.3472355],[113.2882689,23.3480542],[113.2883384,23.3485235],[113.288458,23.3493188],[113.2885907,23.3501874],[113.2887021,23.3508648],[113.2887703,23.3512769],[113.2888147,23.3515187],[113.2888686,23.3517784],[113.2891726,23.3533546]],[[113.2891726,23.3533546],[113.2892508,23.3537238],[113.2893176,23.3540307],[113.2893835,23.354315],[113.2894862,23.3547173],[113.2895854,23.3551097],[113.289751,23.3557765],[113.2898387,23.3561269],[113.2900434,23.3569172],[113.2902765,23.3577549],[113.2904582,23.3584081],[113.2906277,23.3590221],[113.291581,23.3624795],[113.2917118,23.3629597],[113.2917781,23.3632516],[113.2918259,23.3635221],[113.2918678,23.3637956],[113.2918918,23.3639694]],[[113.2918918,23.3639694],[113.2919073,23.3640818],[113.2923894,23.3680536],[113.2924154,23.3683043],[113.2924358,23.3685294],[113.2924989,23.3691576],[113.2925229,23.3693836],[113.292553,23.3696135],[113.292588,23.3698407],[113.2926313,23.370048],[113.2926825,23.3702673],[113.2927448,23.3705339],[113.2931206,23.3719365],[113.2955341,23.3808414],[113.2968073,23.3856686],[113.2969363,23.3861767],[113.2972165,23.3872597],[113.2974544,23.3881605],[113.2976026,23.3887009],[113.2977655,23.3893025],[113.2978861,23.3897355],[113.2980087,23.3901758],[113.2980683,23.3903967],[113.2981183,23.3905766],[113.2981577,23.3907096],[113.2981869,23.3908021],[113.2982166,23.3908899],[113.2982384,23.3909486],[113.2982687,23.3910264],[113.2983025,23.3911047],[113.2983472,23.3911962],[113.2983758,23.3912507],[113.2984044,23.3913034],[113.2984826,23.3914398],[113.2987097,23.391848],[113.2988074,23.392015],[113.298968,23.3922999],[113.2990824,23.3925242],[113.2991443,23.3926568],[113.2991743,23.3927272],[113.2992071,23.3928099],[113.2992399,23.3929056],[113.2992611,23.3929761],[113.2992782,23.3930448],[113.2993011,23.3931496],[113.2993231,23.3932916],[113.2993359,23.3934185],[113.2993435,23.3935425],[113.2993485,23.3938023],[113.2993467,23.3950801],[113.2993538,23.3959242],[113.299353,23.3960482],[113.2993539,23.3961796],[113.299358,23.3963639],[113.2993627,23.396513],[113.299365,23.3965739],[113.2993697,23.3966525],[113.2993762,23.3967333],[113.2993804,23.3967725],[113.2993866,23.3968208],[113.2993963,23.3968815],[113.299405,23.3969302],[113.299411,23.3969618],[113.2994177,23.3969932],[113.2994249,23.3970266],[113.2994283,23.3970401],[113.2994364,23.3970726],[113.2994837,23.3972625],[113.2996781,23.3979662]]]},"properties":{"key":"relation:9841062@detail:453_93","osmType":"relation","osmId":9841062,"sourceRegion":"guangzhou","featureType":"service","railClass":"metro","mode":"subway","name":"地铁 3号线：海傍 → 机场北","nameEn":"Metro Line 3: Haibang → Airport N.","ref":"3","operator":"广州地铁集团有限公司","network":"广州地铁","status":"operational","color":"#ECA154","sourceKey":"relation:9841062"}},{"type":"Feature","geometry":{"type":"MultiLineString","coordinates":[[[113.2900792,23.3578024],[113.2902629,23.3584627],[113.2903153,23.3586511],[113.29054,23.3594706],[113.2906252,23.3597813],[113.2906605,23.3599101],[113.2907025,23.3600755],[113.2907326,23.3602202],[113.2907501,23.3603109],[113.2907646,23.3603997],[113.2907752,23.3604723],[113.2907863,23.3606093],[113.2908017,23.3608349],[113.2908147,23.3611144],[113.290826,23.3614229],[113.2908285,23.3615453],[113.290831,23.3616678],[113.29083,23.3617844],[113.290829,23.3618901],[113.2908225,23.3620558],[113.2908133,23.3621804],[113.290804,23.3622725],[113.2907893,23.3623838],[113.2907667,23.3625239],[113.2907472,23.3626249],[113.2907238,23.3627331],[113.2906975,23.3628519],[113.290678,23.3629254],[113.2906486,23.3630201],[113.2906094,23.3631273],[113.290569,23.3632285],[113.2905116,23.3633527],[113.2904538,23.3634647],[113.2904165,23.3635334],[113.2903554,23.3636302],[113.290278,23.3637346],[113.2901775,23.3638496],[113.2900568,23.3639719],[113.2899097,23.3641024],[113.2897421,23.3642266],[113.2895969,23.364325],[113.2894311,23.3644235],[113.2892149,23.3645392],[113.2890084,23.3646358],[113.2888246,23.3647129],[113.2886228,23.364794],[113.2884691,23.3648496],[113.2881765,23.3649408],[113.2878942,23.3650192],[113.2875688,23.3650954],[113.2869835,23.3652216],[113.2867022,23.3652822],[113.2837947,23.3659462]],[[113.2837947,23.3659462],[113.2801603,23.3667761],[113.2789862,23.3670405],[113.2701008,23.3690927],[113.2696378,23.3692135],[113.2691744,23.3693442],[113.2689963,23.369398],[113.2687795,23.3694629],[113.268557,23.369538],[113.268294,23.369635],[113.2680469,23.3697345],[113.2678274,23.3698286],[113.2675887,23.3699378],[113.2672466,23.3700993],[113.2667574,23.3703342],[113.26613,23.3706288],[113.2651157,23.3711128],[113.2641205,23.3716011],[113.2634887,23.3719136],[113.2632026,23.3720567],[113.2629233,23.3721993],[113.2627435,23.3722922],[113.2622847,23.3725307],[113.2589832,23.374245],[113.2587425,23.3743678],[113.258492,23.3744969],[113.2582446,23.3746218],[113.2575221,23.3749752],[113.2568465,23.3753056],[113.2565239,23.375465],[113.2561468,23.3756484],[113.254919,23.3762482],[113.2547336,23.3763388],[113.25,23.378651441265237]]]},"properties":{"key":"relation:9924026@detail:453_93","osmType":"relation","osmId":9924026,"sourceRegion":"guangzhou","featureType":"service","railClass":"metro","mode":"subway","name":"地铁 9号线：高增 -> 飞鹅岭","nameEn":"Subway Line 9:Gaozeng -> Fei'eling","ref":"9","operator":"广州地铁集团有限公司","network":"广州地铁","status":"operational","color":"#71cc98","sourceKey":"relation:9924026"}},{"type":"Feature","geometry":{"type":"MultiLineString","coordinates":[[[113.285354,23.3363161],[113.2852602,23.3362499],[113.2850696,23.3361294],[113.2823474,23.3346817],[113.2793278,23.3329523],[113.2786521,23.3324165],[113.2780003,23.3317994],[113.2774385,23.3311016],[113.2765817,23.3300304],[113.2759499,23.32893],[113.2755577,23.327903],[113.2753191,23.3267906],[113.2752158,23.3256491],[113.2752139,23.322233],[113.2753464,23.3157762],[113.275336,23.3152203],[113.2752982,23.3147934],[113.2751967,23.3141426],[113.2750562,23.3132484],[113.2746382,23.3117003],[113.2738399,23.3085143],[113.2736921,23.3077154],[113.2735806,23.3067853],[113.2735383,23.3060331],[113.2735621,23.3051132],[113.2736624,23.3035701],[113.2738691,23.3006125],[113.2739019,23.2997158],[113.2739108,23.2984333],[113.2739957,23.2913098],[113.2741727,23.2776258],[113.274198,23.2744138],[113.2742176,23.2661835],[113.274207,23.2654722],[113.2741716,23.2631018],[113.2741533,23.258761],[113.2742018,23.2572413],[113.2741609,23.2559189],[113.27395,23.2513131],[113.273871,23.2503487],[113.27381061823331,23.25]],[[113.2887503,23.339212],[113.2885038,23.3390014],[113.2858005,23.3366922],[113.285354,23.3363161]],[[113.2969305,23.396263],[113.2967252,23.3954164],[113.2966481,23.3950893],[113.2965922,23.3948323],[113.2963918,23.3938214],[113.2963771,23.3936803],[113.2961077,23.3910881],[113.295979,23.390166],[113.2958756,23.3888957],[113.295821,23.3878993],[113.295772,23.3866815],[113.2957231,23.3849036],[113.2956889,23.3837908],[113.2956388,23.3829289],[113.2956189,23.3827157],[113.2955865,23.3825108],[113.2955247,23.3822059],[113.2954299,23.3817147],[113.2953018,23.3811914],[113.2948172,23.3794947],[113.2941866,23.377297],[113.293623,23.3752308],[113.2935676,23.3748597],[113.2935702,23.3743951],[113.2936044,23.3738964],[113.293716,23.3733161],[113.2938355,23.3729752],[113.2941138,23.3726099],[113.2944608,23.3722923],[113.2948755,23.372027],[113.2952156,23.3718626],[113.2956485,23.3717148],[113.3009323,23.3704942],[113.3015399,23.3703074],[113.3020653,23.3701127],[113.3042907,23.3693338],[113.3049697,23.3690537],[113.3058509,23.3687655],[113.3090434,23.3680088],[113.3121219,23.3673304],[113.3168805,23.3662902],[113.3207905,23.3652337],[113.3211667,23.365108],[113.3217437,23.3647845],[113.3221818,23.3643541],[113.3227601,23.3637256],[113.3232914,23.363043],[113.3237955,23.3621086],[113.3239836,23.3613973],[113.3239807,23.3605243],[113.3239001,23.3596849],[113.3236348,23.3585072],[113.323075,23.3570013],[113.3224238,23.3557269],[113.3218152,23.354784],[113.3208302,23.3536462],[113.3194585,23.3524264],[113.3186735,23.3519059],[113.317731,23.3514456],[113.3166852,23.3511036],[113.3150229,23.3507772],[113.309704,23.3498653],[113.3085781,23.3495764],[113.3071209,23.3490537],[113.3058234,23.3484608],[113.3010848,23.3460868],[113.2983279,23.3448167],[113.2902779,23.3404824],[113.2896697,23.3401151],[113.2889067,23.3393656],[113.2887503,23.339212]],[[113.2978085,23.3996962],[113.2976068,23.3989944],[113.2973626,23.398105],[113.2972136,23.397562],[113.297161,23.3973594],[113.2970868,23.3970595],[113.2970273,23.396784],[113.2969857,23.3965885],[113.2969542,23.3964175],[113.2969305,23.396263]]]},"properties":{"key":"relation:18523160@detail:453_93","osmType":"relation","osmId":18523160,"sourceRegion":"guangzhou","featureType":"service","railClass":"metro","mode":"subway","name":"广州地铁22号线（番禺广场方向）","ref":"22","status":"operational","color":"#d7a51e","sourceKey":"relation:18523160"}},{"type":"Feature","geometry":{"type":"MultiLineString","coordinates":[[[113.2968112,23.3953992],[113.2970201,23.3962418],[113.2970516,23.3963691],[113.2972323,23.3970267],[113.2975184,23.3980693],[113.2977613,23.3989539],[113.2979617,23.3996576]],[[113.2968112,23.3953992],[113.2967044,23.3948262]],[[113.2889473,23.3390198],[113.2896978,23.3397634],[113.2902243,23.3402339],[113.2917252,23.3411641],[113.2931076,23.3418819],[113.2955327,23.3431896],[113.2975064,23.3442601],[113.3000041,23.3454647],[113.3014562,23.3461574],[113.3056127,23.3481899],[113.3070448,23.3488948],[113.308149,23.3493127],[113.3088799,23.34956],[113.3096088,23.3497266],[113.3106302,23.3499332],[113.3154513,23.3507686],[113.3167645,23.3510088],[113.3177114,23.3513036],[113.3184415,23.3516256],[113.3193447,23.3521835],[113.3199076,23.3526614],[113.3209933,23.3535749],[113.3217617,23.354534],[113.3222511,23.3551319],[113.3226514,23.3557479],[113.3232191,23.3570033],[113.323737,23.358273],[113.323961,23.3592057],[113.3241194,23.3601937],[113.324148,23.3611253],[113.3240935,23.3615589],[113.3239939,23.3620063],[113.3236676,23.3627478],[113.3232577,23.363317],[113.32294,23.3637454],[113.3224004,23.3642899],[113.3218012,23.364818],[113.3211448,23.3651942],[113.3198199,23.3655999],[113.3184505,23.3659602],[113.3169352,23.3663339],[113.3119428,23.3674216],[113.3091196,23.3680841],[113.3063648,23.3687988],[113.3055318,23.369042],[113.3049928,23.3692474],[113.3044257,23.36948],[113.3018593,23.3705267],[113.3010733,23.3708024],[113.2999211,23.3711431],[113.2955075,23.3721454],[113.2949425,23.3723164],[113.2946393,23.3724278],[113.2943825,23.3725989],[113.294172,23.3728351],[113.2940348,23.3730659],[113.2938534,23.3735217],[113.2937776,23.3738936],[113.293717,23.3743635],[113.293746,23.3749573],[113.2938302,23.3753787],[113.294245,23.3768928],[113.2949625,23.3795081],[113.2952206,23.3804495],[113.2953736,23.381081],[113.2955234,23.3816811],[113.2956246,23.382228],[113.295753,23.383028],[113.2958248,23.3836702],[113.2958742,23.3853269],[113.2959426,23.3884764],[113.296062,23.389845],[113.2961924,23.3908099],[113.2965233,23.3938191],[113.2967044,23.3948262]],[[113.2860175,23.3365142],[113.2865134,23.336947],[113.2886975,23.3388065],[113.2889473,23.3390198]],[[113.2745733,23.2587418],[113.2746473,23.2639345],[113.2746597,23.2654765],[113.274722,23.2732243],[113.2744222,23.3001944],[113.2743403,23.3015659],[113.2740847,23.304349],[113.2740201,23.3055019],[113.2740134,23.3060892],[113.2740634,23.3067977],[113.2741647,23.3075886],[113.2755458,23.3134389],[113.2756639,23.3140528],[113.2757506,23.3145901],[113.2757989,23.3150975],[113.2757974,23.3157902],[113.275715,23.323338],[113.2757394,23.3247463],[113.275869,23.3262032],[113.2760724,23.3272845],[113.2763386,23.3281316],[113.2766706,23.3289537],[113.2774169,23.3303172],[113.2778948,23.3310881],[113.2784429,23.3318414],[113.2789722,23.3323129],[113.2800804,23.3329553],[113.2824095,23.334351],[113.2840848,23.3353055],[113.2846095,23.3356164],[113.2860175,23.3365142]],[[113.27409574577219,23.25],[113.2741786,23.250626],[113.2742649,23.2514272],[113.2745733,23.2587418]]]},"properties":{"key":"relation:18523161@detail:453_93","osmType":"relation","osmId":18523161,"sourceRegion":"guangzhou","featureType":"service","railClass":"metro","mode":"subway","name":"广州地铁22号线（白云机场方向）","ref":"22","status":"operational","color":"#52a458","sourceKey":"relation:18523161"}},{"type":"Feature","geometry":{"type":"MultiLineString","coordinates":[[[113.2638896,23.4281613],[113.26292,23.4282436],[113.2629161,23.428205],[113.2624957,23.4282407],[113.2624898,23.4281826],[113.2642906,23.4280291],[113.2642962,23.4280841],[113.2638854,23.428119],[113.2638896,23.4281613]],[[113.3003059,23.396678],[113.3003609,23.3966655],[113.3007879,23.3982669],[113.3007328,23.3982791],[113.3003059,23.396678]],[[113.2977766,23.3850767],[113.2978285,23.3850559],[113.29853796497599,23.386558249685997]],[[113.29853796497599,23.386558249685997],[113.2985429,23.3865687],[113.29854274297661,23.386568762086025]],[[113.29854274297661,23.386568762086025],[113.2984908,23.3865893],[113.2977766,23.3850767]],[[113.3156029,23.3669266],[113.3156161,23.3669772],[113.3138679,23.3673565],[113.313855,23.3673058],[113.3156029,23.3669266]],[[113.3599911,23.3506457],[113.3599849,23.3506006],[113.3617669,23.3503956],[113.361773,23.3504403],[113.3599911,23.3506457]],[[113.365401,23.3145155],[113.3647515,23.3129529],[113.3648341,23.312924],[113.3654839,23.3144864],[113.365401,23.3145155]],[[113.3507244,23.2525231],[113.35071768963681,23.252524802209535]],[[113.35071768963681,23.252524802209535],[113.3506767,23.2525352],[113.3500852,23.250729],[113.35013211448478,23.250717097805133]],[[113.35013211448478,23.250717097805133],[113.3501325,23.250717],[113.3507244,23.2525231]],[[113.3508092,23.2528073],[113.35071768963681,23.252524802209535]],[[113.35071768963681,23.252524802209535],[113.35013211448478,23.250717097805133]],[[113.35013211448478,23.250717097805133],[113.3500373,23.2504244],[113.34989982685677,23.25]],[[113.3653508,23.314531],[113.3650061,23.313699],[113.3647101,23.3129717],[113.3637612,23.3106621],[113.3635974,23.3101884],[113.3634335,23.3096366],[113.3632089,23.3087475],[113.3631209,23.30831],[113.3630511,23.3079226],[113.3630026,23.3075993],[113.3628024,23.3058163],[113.3624383,23.3031744],[113.3620475,23.3009657],[113.3613374,23.2973912],[113.3603603,23.2934764],[113.3596077,23.2896749],[113.3584027,23.2841841],[113.3573952,23.2788963],[113.3562449,23.2728426],[113.3548854,23.2662012],[113.3534311,23.2610443],[113.3526118,23.2580665],[113.3514343,23.2546977],[113.3508092,23.2528073]],[[113.3706211,23.3354812],[113.3695256,23.3339125],[113.3692646,23.3335279],[113.3688944,23.33294],[113.3684878,23.332249],[113.368245,23.3317196],[113.3680174,23.3310731],[113.3677322,23.3301619],[113.3674875,23.3292508],[113.3674086,23.3288802],[113.3673479,23.3284845],[113.3673175,23.3281445],[113.3672932,23.3277628],[113.367275,23.3272082],[113.367269,23.3268571],[113.3672629,23.3263054],[113.3672993,23.3240594],[113.3673297,23.3223039],[113.3673327,23.321872],[113.3673327,23.3214958],[113.3673236,23.3211558],[113.3672872,23.3207183],[113.3672477,23.3203365],[113.3671749,23.3198683],[113.3670869,23.3193277],[113.3670232,23.3190017],[113.3669382,23.3186673],[113.3668502,23.3183189],[113.3667409,23.3179818],[113.3666408,23.3176752],[113.3664405,23.3171123],[113.3662979,23.316764],[113.3661037,23.3163153],[113.3658579,23.3157345],[113.3656273,23.3151799],[113.3653508,23.314531]],[[113.3684303,23.3486578],[113.3700471,23.3481944],[113.370566,23.3480467],[113.3709665,23.3479074],[113.3714733,23.3476957],[113.3717185,23.3475811],[113.3720796,23.3473833],[113.3723436,23.3472162],[113.3727199,23.3469348],[113.3730506,23.3466617],[113.3733875,23.3462995],[113.373612,23.3460376],[113.3738369,23.3457175],[113.3740615,23.3453358],[113.3742466,23.3450015],[113.3743771,23.3446783],[113.3745075,23.3443411],[113.3746016,23.3439873],[113.3746653,23.3436613],[113.3747018,23.343352],[113.3747291,23.3431162],[113.3747382,23.342793],[113.3747048,23.3424447],[113.3746562,23.3420658],[113.3745902,23.341677],[113.3744702,23.3412764],[113.3743554,23.340939],[113.374238,23.3406664],[113.3740594,23.3403501],[113.3738119,23.3399588],[113.373521,23.3395441],[113.3730208,23.3388717],[113.3717405,23.3370996],[113.3706211,23.3354812]],[[113.3639657,23.3499896],[113.3646612,23.3497851],[113.3652781,23.3495984],[113.3653305,23.3495825],[113.3662972,23.3492732],[113.3671234,23.3490197],[113.367708,23.3488572],[113.3684303,23.3486578]],[[113.3620821,23.3504194],[113.3623505,23.3503768],[113.362626,23.3503312],[113.3631175,23.3502187],[113.3635392,23.3501191],[113.3638165,23.3500335],[113.3639657,23.3499896]],[[113.3523837,23.3515306],[113.3536787,23.3513737],[113.3544216,23.3512794],[113.355165,23.3511862],[113.3553955,23.3511572],[113.3568473,23.3509953],[113.3572234,23.350955],[113.3580636,23.3508448],[113.3587012,23.3508015],[113.3591981,23.3507652],[113.3595362,23.3507429],[113.3597556,23.3507125],[113.3608861,23.3505721],[113.3619588,23.3504389],[113.3620821,23.3504194]],[[113.3271473,23.3659062],[113.3274086,23.365887],[113.3276576,23.3658589],[113.3279536,23.365821],[113.3282927,23.3657524],[113.3287586,23.3656352],[113.3291849,23.3655253],[113.3296191,23.3653822],[113.3300876,23.3652183],[113.3306135,23.3650423],[113.3312147,23.3648372],[113.3317732,23.3646562],[113.3322902,23.3644988],[113.332709,23.3643616],[113.3331793,23.3642073],[113.3341998,23.3638645],[113.335219,23.3634957],[113.3355418,23.3633424],[113.3357527,23.3632295],[113.3359545,23.3631351],[113.3361355,23.3630353],[113.3363807,23.3628856],[113.3368126,23.3625951],[113.3371642,23.3623255],[113.3375011,23.362035],[113.3377171,23.3618066],[113.3378924,23.3616476],[113.3380891,23.361425],[113.3382953,23.3611813],[113.3385384,23.3608907],[113.3389166,23.3604009],[113.3399335,23.3591084],[113.3406793,23.3581497],[113.3411376,23.357557],[113.3419096,23.3565624],[113.3424156,23.3559175],[113.3428907,23.3553239],[113.3433655,23.3548128],[113.3438908,23.3542676],[113.344278,23.3539414],[113.3449282,23.3534694],[113.3452982,23.3532371],[113.3457901,23.3529541],[113.3464781,23.3526492],[113.3475368,23.3522765],[113.3483027,23.3521126],[113.3488265,23.3520145],[113.3496308,23.3518958],[113.3523837,23.3515306]],[[113.3271473,23.3659062],[113.3262525,23.3659236],[113.3254597,23.365903],[113.3237346,23.3658354],[113.3232008,23.3658326],[113.3223038,23.3658484],[113.3214262,23.3659142],[113.3204298,23.3660377],[113.3199182,23.3661381],[113.3194495,23.3662238],[113.3185416,23.3664048],[113.3162432,23.3668492],[113.3147324,23.3671836],[113.3130003,23.3675669],[113.3115923,23.3679851],[113.3106109,23.3682715],[113.3096853,23.3685517],[113.3090324,23.3687629],[113.3083372,23.3689726],[113.3077999,23.369168],[113.3073142,23.3693685],[113.3068799,23.3695671],[113.3064453,23.3697823],[113.3059928,23.3700478],[113.3054338,23.3704147],[113.3049692,23.3707656],[113.3042539,23.3712939],[113.302793,23.3723882],[113.3017375,23.3731489],[113.3001244,23.3745823],[113.2996728,23.374998],[113.2992949,23.3753955],[113.298974,23.3757453],[113.2988448,23.3759003],[113.2986759,23.3761535],[113.298555,23.3763803],[113.2984354,23.3766057],[113.2982977,23.3769295],[113.2982002,23.3771551],[113.2981371,23.3773262],[113.2979568,23.3778719],[113.297623,23.3789088],[113.2973351,23.379986],[113.2971401,23.3807833],[113.2970736,23.3812132],[113.2970375,23.3815252],[113.2969896,23.3818099],[113.2969739,23.382012],[113.2969725,23.3821535],[113.296991,23.3825027],[113.2970919,23.3829937],[113.2971526,23.3832075],[113.2972653,23.3835723],[113.2974518,23.3840628],[113.2980459,23.3854855],[113.298166,23.3857462],[113.298378,23.3862063],[113.29853796497599,23.386558249685997]],[[113.29853796497599,23.386558249685997],[113.29854274297661,23.386568762086025]],[[113.29854274297661,23.386568762086025],[113.2990959,23.3877858],[113.2995704,23.3888525],[113.2998813,23.3899647],[113.2999879,23.3903343],[113.300055,23.390636],[113.3000804,23.3908567],[113.300088,23.3911831],[113.300086,23.39138],[113.3000698,23.3915796],[113.2999933,23.3920686],[113.2999304,23.3930099],[113.299901,23.3939606],[113.2999589,23.3946589],[113.300037,23.3952958],[113.300242,23.3960918]],[[113.300242,23.3960918],[113.3005975,23.3974703],[113.300819,23.398251],[113.3009216,23.3985898]],[[113.2757617,23.4270386],[113.2803834,23.4266405],[113.2824228,23.4264826],[113.2833051,23.4263648],[113.2841048,23.4262223],[113.2846081,23.4261242],[113.286207,23.4257449],[113.2908795,23.4246685],[113.3000195,23.4225909],[113.3009712,23.4223496],[113.3016043,23.4221788],[113.3019696,23.4220714],[113.3023786,23.4219441],[113.3028361,23.4217849],[113.3033371,23.4215783],[113.303601,23.4214448],[113.3038772,23.4212758],[113.3041188,23.4210955],[113.3043537,23.42091],[113.30466,23.4206451],[113.3048806,23.4204198],[113.3050636,23.4202138],[113.3051875,23.4200482],[113.3053203,23.4198626],[113.3054198,23.4196914],[113.3054966,23.4195131],[113.3055902,23.4192486],[113.3056624,23.4189435],[113.305718,23.4184852],[113.3057359,23.4179809],[113.3057151,23.4173036],[113.3056746,23.4168406],[113.3056122,23.4164478],[113.3055108,23.4159728],[113.303925,23.4097845],[113.3035393,23.4083869],[113.3009216,23.3985898]],[[113.2662133,23.4277985],[113.2730419,23.4272832],[113.2737524,23.427215],[113.2757617,23.4270386]],[[113.2603952,23.4283133],[113.2607042,23.4283027],[113.2609801,23.4282873],[113.2633805,23.4280957],[113.2654988,23.4279012],[113.2657927,23.4278649],[113.2662133,23.4277985]],[[113.25,23.429496310028917],[113.2520941,23.4292282],[113.2533238,23.4291],[113.2538259,23.4290375],[113.2543075,23.42898],[113.2551691,23.4288955],[113.2559436,23.4288077],[113.2567146,23.4287194],[113.2572744,23.4286521],[113.2577657,23.4285946],[113.2582907,23.4285371],[113.2603952,23.4283133]]]},"properties":{"key":"relation:18529443@detail:453_93","osmType":"relation","osmId":18529443,"sourceRegion":"guangzhou","featureType":"service","railClass":"intercity","mode":"train","name":"广州东环-琶莲-佛莞城际：花都=>东莞西","nameEn":"Guangzhou East Ring - Pazhou-Guangzhoulianhuashan - Foshan-Dongguan ICR Trains: Huadu => Dongguanxi","operator":"广东城际铁路运营有限公司","network":"珠三角城际","status":"operational","color":"#2C956F","sourceKey":"relation:18529443"}},{"type":"Feature","geometry":{"type":"MultiLineString","coordinates":[[[113.3506767,23.2525352],[113.3506221,23.2525492],[113.3500305,23.2507426],[113.3500852,23.250729],[113.3506767,23.2525352]],[[113.3651612,23.314595],[113.3645118,23.3130325],[113.3645943,23.3130035],[113.3652441,23.314566],[113.3651612,23.314595]],[[113.3617313,23.3501613],[113.3617378,23.3502064],[113.359957,23.3504206],[113.3599507,23.3503759],[113.3617313,23.3501613]],[[113.3155914,23.3668823],[113.3156029,23.3669266],[113.313855,23.3673058],[113.3138438,23.367262],[113.3155914,23.3668823]],[[113.2977312,23.3850949],[113.2977766,23.3850767],[113.2984908,23.3865893],[113.2984457,23.3866072],[113.2977312,23.3850949]],[[113.3002578,23.3966889],[113.3003059,23.396678],[113.3007328,23.3982791],[113.3006851,23.3982898],[113.3002578,23.3966889]],[[113.2638697,23.4278617],[113.2642591,23.4278292],[113.2642639,23.4278777],[113.2624716,23.4280273],[113.2624674,23.4279853],[113.2628735,23.4279513],[113.2628678,23.4278942],[113.2638646,23.4278107],[113.2638697,23.4278617]],[[113.2603871,23.4282608],[113.25,23.429442839417263]],[[113.2662152,23.4277535],[113.265577,23.4277817],[113.2633599,23.4279784],[113.2611638,23.4281708],[113.2603871,23.4282608]],[[113.2757448,23.4269643],[113.2719043,23.4272792],[113.2662152,23.4277535]],[[113.300764,23.3986107],[113.302777,23.4061285],[113.3037497,23.4098843],[113.3040391,23.4111074],[113.3046311,23.4133497],[113.3054729,23.4164892],[113.3055258,23.416774],[113.3055928,23.4171257],[113.3056396,23.417578],[113.305669,23.4179149],[113.3056687,23.4184048],[113.3056203,23.4189093],[113.3055,23.4193803],[113.3054068,23.4196255],[113.3053014,23.4198213],[113.3051874,23.419994],[113.3050584,23.4201602],[113.3049194,23.420319],[113.3047139,23.4205304],[113.3044761,23.4207568],[113.3039746,23.4211602],[113.303606,23.421398],[113.3032757,23.4215665],[113.3027897,23.421767],[113.3021975,23.4219668],[113.3016094,23.4221378],[113.3010664,23.4222798],[113.2999748,23.4225513],[113.2978689,23.4230455],[113.2857038,23.4257895],[113.2844461,23.4260839],[113.2835541,23.4262401],[113.2824832,23.4263965],[113.2808106,23.4265129],[113.2794082,23.4266197],[113.2757448,23.4269643]],[[113.3000589,23.3961445],[113.3004462,23.3975095],[113.300764,23.3986107]],[[113.327145,23.3658536],[113.3262414,23.3658707],[113.3254827,23.3658533],[113.3237614,23.365752],[113.3231839,23.3657484],[113.3225855,23.365753],[113.3216351,23.3658219],[113.3207823,23.3658978],[113.3203014,23.3659771],[113.319318,23.3661454],[113.3181968,23.3663749],[113.3169228,23.3666113],[113.3162011,23.3667422],[113.3158483,23.3668153],[113.3146958,23.367064],[113.3130031,23.3674292],[113.3115458,23.3678812],[113.3097555,23.3683736],[113.308603,23.3687311],[113.3076972,23.3690187],[113.3070716,23.369234],[113.3065888,23.3694638],[113.3056023,23.3701043],[113.3045514,23.3708096],[113.3031635,23.3718289],[113.3016714,23.3730392],[113.300338,23.374236],[113.2993218,23.3751824],[113.298722,23.3758877],[113.2984543,23.3763472],[113.2982164,23.3768659],[113.2977702,23.3779853],[113.2973011,23.379479],[113.2970086,23.3807697],[113.2968682,23.3818215],[113.2968545,23.3824116],[113.296971,23.3829423],[113.2973977,23.3840984],[113.2977068,23.3851093],[113.2980274,23.3857757],[113.298432,23.3866167],[113.2995153,23.3890124],[113.2996069,23.3894267],[113.299886,23.3902759],[113.3000099,23.3909857],[113.2999752,23.3914088],[113.2999157,23.3920548],[113.2998662,23.3926372],[113.299772,23.3934789],[113.2997373,23.3940385],[113.2997422,23.3944934],[113.2998857,23.3954311],[113.3000589,23.3961445]],[[113.3523445,23.3513467],[113.3499944,23.3516161],[113.3492459,23.3516974],[113.348782,23.3517554],[113.3482228,23.3518448],[113.3476927,23.3519604],[113.3471805,23.352107],[113.3467557,23.3522534],[113.346265,23.3524689],[113.3456926,23.352784],[113.3451104,23.3531517],[113.3446369,23.3534836],[113.3444108,23.3536774],[113.3438444,23.3541205],[113.343147,23.3549036],[113.3423826,23.3558664],[113.3402556,23.358612],[113.3384854,23.3608823],[113.3379435,23.3615028],[113.3378638,23.3615791],[113.33768,23.361773],[113.3374668,23.3619737],[113.3372529,23.3621701],[113.3371416,23.3622778],[113.3368009,23.3625468],[113.336361,23.3628324],[113.3361143,23.3629802],[113.3359158,23.363091],[113.3357361,23.3631919],[113.3355188,23.3633003],[113.3352077,23.3634381],[113.3341777,23.3638075],[113.3331639,23.3641571],[113.3327084,23.3643076],[113.332268,23.3644575],[113.3317584,23.3646053],[113.3312597,23.3647666],[113.3311951,23.3647875],[113.3305977,23.3649921],[113.3300686,23.3651667],[113.3296072,23.3653193],[113.3291727,23.3654621],[113.3287382,23.3655803],[113.3283359,23.3656887],[113.3279765,23.3657625],[113.3276492,23.3658118],[113.3274078,23.3658413],[113.327145,23.3658536]],[[113.3523445,23.3513467],[113.3538744,23.3511654],[113.354391,23.3511034],[113.3552036,23.3510059],[113.3553649,23.3509874],[113.3565441,23.3508522],[113.357359,23.3507576],[113.3577152,23.3507103],[113.3581401,23.3506335],[113.3593717,23.3504426],[113.3597043,23.3503953],[113.3608303,23.3502573],[113.3620528,23.3501074]],[[113.3639147,23.349824],[113.3635778,23.3498919],[113.3630923,23.3499657],[113.3626811,23.350027],[113.3621182,23.350098],[113.3620528,23.3501074]],[[113.3705733,23.3355168],[113.3712676,23.3365028],[113.3724188,23.338103],[113.3729767,23.3388903],[113.3734603,23.3395761],[113.3736803,23.3399275],[113.373867,23.3402886],[113.3740237,23.3406196],[113.3741417,23.3409672],[113.3742146,23.3412371],[113.3742683,23.3414873],[113.3743241,23.3418057],[113.3743563,23.3420618],[113.3743713,23.3423218],[113.3743756,23.3425243],[113.3743713,23.3427686],[113.3743498,23.3430365],[113.3743284,23.3432419],[113.374279,23.3435295],[113.3742275,23.3437687],[113.3741546,23.3440583],[113.3740838,23.344273],[113.3740008,23.3444842],[113.3738795,23.3447837],[113.3737141,23.3450863],[113.3735745,23.3453231],[113.3733899,23.345614],[113.3731836,23.3458745],[113.3729936,23.3461042],[113.3727918,23.3463257],[113.3725703,23.3465305],[113.3723197,23.3467416],[113.3720739,23.3469352],[113.3717811,23.3471414],[113.3715854,23.347257],[113.37134,23.3473904],[113.3710851,23.3475255],[113.3708651,23.3476216],[113.3706163,23.3477359],[113.3703219,23.3478376],[113.3688225,23.3483206],[113.3674111,23.3487802],[113.3661977,23.349169],[113.3660426,23.3492187],[113.3650546,23.3495366],[113.3644977,23.3496927],[113.3640274,23.3498013],[113.3639147,23.349824]],[[113.3652752,23.3145481],[113.3655822,23.3152364],[113.3663753,23.3171965],[113.3666171,23.3178227],[113.3667687,23.3182602],[113.3668733,23.3186711],[113.3669888,23.3191318],[113.3670827,23.3196261],[113.3671548,23.3200967],[113.3672126,23.3205772],[113.3672378,23.3208986],[113.3672631,23.3214626],[113.3672703,23.321837],[113.3672667,23.3220325],[113.3672378,23.3238441],[113.3672017,23.3260923],[113.3672054,23.3269224],[113.3672378,23.3278773],[113.3672893,23.3285042],[113.3674756,23.3294358],[113.3677624,23.3305123],[113.3681572,23.3316787],[113.3684616,23.3323456],[113.3688832,23.3330639],[113.3693412,23.3337887],[113.3697451,23.3343268],[113.3705733,23.3355168]],[[113.3506118,23.2528478],[113.3509666,23.2539159],[113.3526431,23.2588911],[113.354129,23.2641772],[113.3548041,23.2670225],[113.3551777,23.2685969],[113.3629356,23.3080345],[113.3630455,23.3085459],[113.3631429,23.3089933],[113.3633125,23.3095956],[113.3634677,23.3101225],[113.3636084,23.3104937],[113.3638848,23.3111992],[113.3641446,23.3118189],[113.3646401,23.3129975],[113.3649379,23.3137246],[113.3652752,23.3145481]],[[113.34969510851583,23.25],[113.349849,23.2504781],[113.3506118,23.2528478]]]},"properties":{"key":"relation:18529450@detail:453_93","osmType":"relation","osmId":18529450,"sourceRegion":"guangzhou","featureType":"service","railClass":"intercity","mode":"train","name":"广州东环-琶莲-佛莞城际：东莞西=>花都","nameEn":"Guangzhou East Ring - Pazhou-Guangzhoulianhuashan - Foshan-Dongguan ICR Trains: Dongguanxi => Huadu","operator":"广东城际铁路运营有限公司","network":"珠三角城际","status":"operational","color":"#2C956F","sourceKey":"relation:18529450"}},{"type":"Feature","geometry":{"type":"MultiLineString","coordinates":[[[113.2638896,23.4281613],[113.26292,23.4282436],[113.2629161,23.428205],[113.2624957,23.4282407],[113.2624898,23.4281826],[113.2642906,23.4280291],[113.2642962,23.4280841],[113.2638854,23.428119],[113.2638896,23.4281613]],[[113.3003059,23.396678],[113.3003609,23.3966655],[113.3007879,23.3982669],[113.3007328,23.3982791],[113.3003059,23.396678]],[[113.2977766,23.3850767],[113.2978285,23.3850559],[113.29853796497599,23.386558249685997]],[[113.29853796497599,23.386558249685997],[113.2985429,23.3865687],[113.29854274297661,23.386568762086025]],[[113.29854274297661,23.386568762086025],[113.2984908,23.3865893],[113.2977766,23.3850767]],[[113.3156029,23.3669266],[113.3156161,23.3669772],[113.3138679,23.3673565],[113.313855,23.3673058],[113.3156029,23.3669266]],[[113.3599911,23.3506457],[113.3599849,23.3506006],[113.3617669,23.3503956],[113.361773,23.3504403],[113.3599911,23.3506457]],[[113.365401,23.3145155],[113.3647515,23.3129529],[113.3648341,23.312924],[113.3654839,23.3144864],[113.365401,23.3145155]],[[113.3507244,23.2525231],[113.35071768963681,23.252524802209535]],[[113.35071768963681,23.252524802209535],[113.3506767,23.2525352],[113.3500852,23.250729],[113.35013211448478,23.250717097805133]],[[113.35013211448478,23.250717097805133],[113.3501325,23.250717],[113.3507244,23.2525231]],[[113.25,23.429496310028917],[113.2520941,23.4292282],[113.2533238,23.4291],[113.2538259,23.4290375],[113.2543075,23.42898],[113.2551691,23.4288955],[113.2559436,23.4288077],[113.2567146,23.4287194],[113.2572744,23.4286521],[113.2577657,23.4285946],[113.2582907,23.4285371],[113.2603952,23.4283133]],[[113.2603952,23.4283133],[113.2607042,23.4283027],[113.2609801,23.4282873],[113.2633805,23.4280957],[113.2654988,23.4279012],[113.2657927,23.4278649],[113.2662133,23.4277985]],[[113.2662133,23.4277985],[113.2730419,23.4272832],[113.2737524,23.427215],[113.2757617,23.4270386]],[[113.2757617,23.4270386],[113.2803834,23.4266405],[113.2824228,23.4264826],[113.2833051,23.4263648],[113.2841048,23.4262223],[113.2846081,23.4261242],[113.286207,23.4257449],[113.2908795,23.4246685],[113.3000195,23.4225909],[113.3009712,23.4223496],[113.3016043,23.4221788],[113.3019696,23.4220714],[113.3023786,23.4219441],[113.3028361,23.4217849],[113.3033371,23.4215783],[113.303601,23.4214448],[113.3038772,23.4212758],[113.3041188,23.4210955],[113.3043537,23.42091],[113.30466,23.4206451],[113.3048806,23.4204198],[113.3050636,23.4202138],[113.3051875,23.4200482],[113.3053203,23.4198626],[113.3054198,23.4196914],[113.3054966,23.4195131],[113.3055902,23.4192486],[113.3056624,23.4189435],[113.305718,23.4184852],[113.3057359,23.4179809],[113.3057151,23.4173036],[113.3056746,23.4168406],[113.3056122,23.4164478],[113.3055108,23.4159728],[113.303925,23.4097845],[113.3035393,23.4083869],[113.3009216,23.3985898]],[[113.300242,23.3960918],[113.3005975,23.3974703],[113.300819,23.398251],[113.3009216,23.3985898]],[[113.3271473,23.3659062],[113.3262525,23.3659236],[113.3254597,23.365903],[113.3237346,23.3658354],[113.3232008,23.3658326],[113.3223038,23.3658484],[113.3214262,23.3659142],[113.3204298,23.3660377],[113.3199182,23.3661381],[113.3194495,23.3662238],[113.3185416,23.3664048],[113.3162432,23.3668492],[113.3147324,23.3671836],[113.3130003,23.3675669],[113.3115923,23.3679851],[113.3106109,23.3682715],[113.3096853,23.3685517],[113.3090324,23.3687629],[113.3083372,23.3689726],[113.3077999,23.369168],[113.3073142,23.3693685],[113.3068799,23.3695671],[113.3064453,23.3697823],[113.3059928,23.3700478],[113.3054338,23.3704147],[113.3049692,23.3707656],[113.3042539,23.3712939],[113.302793,23.3723882],[113.3017375,23.3731489],[113.3001244,23.3745823],[113.2996728,23.374998],[113.2992949,23.3753955],[113.298974,23.3757453],[113.2988448,23.3759003],[113.2986759,23.3761535],[113.298555,23.3763803],[113.2984354,23.3766057],[113.2982977,23.3769295],[113.2982002,23.3771551],[113.2981371,23.3773262],[113.2979568,23.3778719],[113.297623,23.3789088],[113.2973351,23.379986],[113.2971401,23.3807833],[113.2970736,23.3812132],[113.2970375,23.3815252],[113.2969896,23.3818099],[113.2969739,23.382012],[113.2969725,23.3821535],[113.296991,23.3825027],[113.2970919,23.3829937],[113.2971526,23.3832075],[113.2972653,23.3835723],[113.2974518,23.3840628],[113.2980459,23.3854855],[113.298166,23.3857462],[113.298378,23.3862063],[113.29853796497599,23.386558249685997]],[[113.29853796497599,23.386558249685997],[113.29854274297661,23.386568762086025]],[[113.29854274297661,23.386568762086025],[113.2990959,23.3877858],[113.2995704,23.3888525],[113.2998813,23.3899647],[113.2999879,23.3903343],[113.300055,23.390636],[113.3000804,23.3908567],[113.300088,23.3911831],[113.300086,23.39138],[113.3000698,23.3915796],[113.2999933,23.3920686],[113.2999304,23.3930099],[113.299901,23.3939606],[113.2999589,23.3946589],[113.300037,23.3952958],[113.300242,23.3960918]],[[113.3271473,23.3659062],[113.3274086,23.365887],[113.3276576,23.3658589],[113.3279536,23.365821],[113.3282927,23.3657524],[113.3287586,23.3656352],[113.3291849,23.3655253],[113.3296191,23.3653822],[113.3300876,23.3652183],[113.3306135,23.3650423],[113.3312147,23.3648372],[113.3317732,23.3646562],[113.3322902,23.3644988],[113.332709,23.3643616],[113.3331793,23.3642073],[113.3341998,23.3638645],[113.335219,23.3634957],[113.3355418,23.3633424],[113.3357527,23.3632295],[113.3359545,23.3631351],[113.3361355,23.3630353],[113.3363807,23.3628856],[113.3368126,23.3625951],[113.3371642,23.3623255],[113.3375011,23.362035],[113.3377171,23.3618066],[113.3378924,23.3616476],[113.3380891,23.361425],[113.3382953,23.3611813],[113.3385384,23.3608907],[113.3389166,23.3604009],[113.3399335,23.3591084],[113.3406793,23.3581497],[113.3411376,23.357557],[113.3419096,23.3565624],[113.3424156,23.3559175],[113.3428907,23.3553239],[113.3433655,23.3548128],[113.3438908,23.3542676],[113.344278,23.3539414],[113.3449282,23.3534694],[113.3452982,23.3532371],[113.3457901,23.3529541],[113.3464781,23.3526492],[113.3475368,23.3522765],[113.3483027,23.3521126],[113.3488265,23.3520145],[113.3496308,23.3518958],[113.3523837,23.3515306]],[[113.3523837,23.3515306],[113.3536787,23.3513737],[113.3544216,23.3512794],[113.355165,23.3511862],[113.3553955,23.3511572],[113.3568473,23.3509953],[113.3572234,23.350955],[113.3580636,23.3508448],[113.3587012,23.3508015],[113.3591981,23.3507652],[113.3595362,23.3507429],[113.3597556,23.3507125],[113.3608861,23.3505721],[113.3619588,23.3504389],[113.3620821,23.3504194]],[[113.3620821,23.3504194],[113.3623505,23.3503768],[113.362626,23.3503312],[113.3631175,23.3502187],[113.3635392,23.3501191],[113.3638165,23.3500335],[113.3639657,23.3499896]],[[113.3639657,23.3499896],[113.3646612,23.3497851],[113.3652781,23.3495984],[113.3653305,23.3495825],[113.3662972,23.3492732],[113.3671234,23.3490197],[113.367708,23.3488572],[113.3684303,23.3486578]],[[113.3684303,23.3486578],[113.3700471,23.3481944],[113.370566,23.3480467],[113.3709665,23.3479074],[113.3714733,23.3476957],[113.3717185,23.3475811],[113.3720796,23.3473833],[113.3723436,23.3472162],[113.3727199,23.3469348],[113.3730506,23.3466617],[113.3733875,23.3462995],[113.373612,23.3460376],[113.3738369,23.3457175],[113.3740615,23.3453358],[113.3742466,23.3450015],[113.3743771,23.3446783],[113.3745075,23.3443411],[113.3746016,23.3439873],[113.3746653,23.3436613],[113.3747018,23.343352],[113.3747291,23.3431162],[113.3747382,23.342793],[113.3747048,23.3424447],[113.3746562,23.3420658],[113.3745902,23.341677],[113.3744702,23.3412764],[113.3743554,23.340939],[113.374238,23.3406664],[113.3740594,23.3403501],[113.3738119,23.3399588],[113.373521,23.3395441],[113.3730208,23.3388717],[113.3717405,23.3370996],[113.3706211,23.3354812]],[[113.3706211,23.3354812],[113.3695256,23.3339125],[113.3692646,23.3335279],[113.3688944,23.33294],[113.3684878,23.332249],[113.368245,23.3317196],[113.3680174,23.3310731],[113.3677322,23.3301619],[113.3674875,23.3292508],[113.3674086,23.3288802],[113.3673479,23.3284845],[113.3673175,23.3281445],[113.3672932,23.3277628],[113.367275,23.3272082],[113.367269,23.3268571],[113.3672629,23.3263054],[113.3672993,23.3240594],[113.3673297,23.3223039],[113.3673327,23.321872],[113.3673327,23.3214958],[113.3673236,23.3211558],[113.3672872,23.3207183],[113.3672477,23.3203365],[113.3671749,23.3198683],[113.3670869,23.3193277],[113.3670232,23.3190017],[113.3669382,23.3186673],[113.3668502,23.3183189],[113.3667409,23.3179818],[113.3666408,23.3176752],[113.3664405,23.3171123],[113.3662979,23.316764],[113.3661037,23.3163153],[113.3658579,23.3157345],[113.3656273,23.3151799],[113.3653508,23.314531]],[[113.3653508,23.314531],[113.3650061,23.313699],[113.3647101,23.3129717],[113.3637612,23.3106621],[113.3635974,23.3101884],[113.3634335,23.3096366],[113.3632089,23.3087475],[113.3631209,23.30831],[113.3630511,23.3079226],[113.3630026,23.3075993],[113.3628024,23.3058163],[113.3624383,23.3031744],[113.3620475,23.3009657],[113.3613374,23.2973912],[113.3603603,23.2934764],[113.3596077,23.2896749],[113.3584027,23.2841841],[113.3573952,23.2788963],[113.3562449,23.2728426],[113.3548854,23.2662012],[113.3534311,23.2610443],[113.3526118,23.2580665],[113.3514343,23.2546977],[113.3508092,23.2528073]],[[113.3508092,23.2528073],[113.35071768963681,23.252524802209535]],[[113.35071768963681,23.252524802209535],[113.35013211448478,23.250717097805133]],[[113.35013211448478,23.250717097805133],[113.3500373,23.2504244],[113.34989982685677,23.25]]]},"properties":{"key":"relation:20107347@detail:453_93","osmType":"relation","osmId":20107347,"sourceRegion":"guangzhou","featureType":"service","railClass":"intercity","mode":"train","name":"广州东环-广佛南环-广肇城际：花都=>肇庆","nameEn":"Guangzhou East Ring - Guangzhou-Foshan South Ring - Guangzhou-Zhaoqing ICR Trains: Huadu => Zhaoqing","operator":"广东城际铁路运营有限公司","network":"珠三角城际","status":"operational","color":"#C97932","sourceKey":"relation:20107347"}},{"type":"Feature","geometry":{"type":"Point","coordinates":[113.2951269,23.2917582]},"properties":{"key":"node:5166917188","osmType":"node","osmId":5166917188,"sourceRegion":"guangdong","featureType":"station","railClass":"metro","mode":"stop","name":"龙归","nameEn":"Longgui","ref":"326","operator":"广州地铁集团有限公司","status":"operational","color":"#e7822f","dataOrigin":"datum-2026-08-01","sourceKey":"node:5166917188","stationGroup":"龙归","hasOperationalRail":true,"hasConstructionRail":false}},{"type":"Feature","geometry":{"type":"Point","coordinates":[113.2950129,23.2916995]},"properties":{"key":"node:5166917189","osmType":"node","osmId":5166917189,"sourceRegion":"guangdong","featureType":"station","railClass":"metro","mode":"stop","name":"龙归","nameEn":"Longgui","ref":"326","operator":"广州地铁集团有限公司","status":"operational","color":"#e7822f","dataOrigin":"datum-2026-08-01","sourceKey":"node:5166917189","stationGroup":"龙归","hasOperationalRail":true,"hasConstructionRail":false}},{"type":"Feature","geometry":{"type":"Point","coordinates":[113.2901823,23.3381506]},"properties":{"key":"node:5167565800","osmType":"node","osmId":5167565800,"sourceRegion":"guangdong","featureType":"station","railClass":"metro","mode":"stop","name":"人和","nameEn":"Renhe","ref":"327","operator":"广州地铁集团有限公司","status":"operational","color":"#52a458","dataOrigin":"datum-2026-08-01","sourceKey":"node:5167565800","stationGroup":"人和","hasOperationalRail":true,"hasConstructionRail":false}},{"type":"Feature","geometry":{"type":"Point","coordinates":[113.2902815,23.3382273]},"properties":{"key":"node:5167565801","osmType":"node","osmId":5167565801,"sourceRegion":"guangdong","featureType":"station","railClass":"metro","mode":"stop","name":"人和","nameEn":"Renhe","ref":"327","operator":"广州地铁集团有限公司","status":"operational","color":"#52a458","dataOrigin":"datum-2026-08-01","sourceKey":"node:5167565801","stationGroup":"人和","hasOperationalRail":true,"hasConstructionRail":false}},{"type":"Feature","geometry":{"type":"Point","coordinates":[113.2901513,23.3577841]},"properties":{"key":"node:5168465410","osmType":"node","osmId":5168465410,"sourceRegion":"guangdong","featureType":"station","railClass":"metro","mode":"stop","name":"高增","nameEn":"Gaozeng","ref":"328","operator":"广州地铁集团有限公司","status":"operational","color":"#71CC98","dataOrigin":"datum-2026-08-01","sourceKey":"node:5168465410","stationGroup":"高增","hasOperationalRail":true,"hasConstructionRail":false}},{"type":"Feature","geometry":{"type":"Point","coordinates":[113.2975502,23.3887128]},"properties":{"key":"node:5168959920","osmType":"node","osmId":5168959920,"sourceRegion":"guangdong","featureType":"station","railClass":"metro","mode":"stop","name":"机场南","nameEn":"Airport South","ref":"329","operator":"广州地铁集团有限公司","status":"operational","color":"#e7822f","dataOrigin":"datum-2026-08-01","sourceKey":"node:5168959920","stationGroup":"机场南","hasOperationalRail":true,"hasConstructionRail":false}},{"type":"Feature","geometry":{"type":"Point","coordinates":[113.2996384,23.3979752]},"properties":{"key":"node:5169032377","osmType":"node","osmId":5169032377,"sourceRegion":"guangdong","featureType":"station","railClass":"metro","mode":"stop","name":"机场北","nameEn":"Airport North","ref":"330","operator":"广州地铁集团有限公司","status":"operational","color":"#ECA154","dataOrigin":"datum-2026-08-01","sourceKey":"node:5169032377","stationGroup":"机场北","hasOperationalRail":true,"hasConstructionRail":false}},{"type":"Feature","geometry":{"type":"Point","coordinates":[113.2899533,23.357832]},"properties":{"key":"node:5206215087","osmType":"node","osmId":5206215087,"sourceRegion":"guangdong","featureType":"station","railClass":"metro","mode":"stop","name":"高增","nameEn":"Gaozeng","ref":"911","operator":"广州地铁集团有限公司","status":"operational","color":"#71CC98","dataOrigin":"datum-2026-08-01","sourceKey":"node:5206215087","stationGroup":"高增","hasOperationalRail":true,"hasConstructionRail":false}},{"type":"Feature","geometry":{"type":"Point","coordinates":[113.2575221,23.3749752]},"properties":{"key":"node:5248280993","osmType":"node","osmId":5248280993,"sourceRegion":"guangdong","featureType":"station","railClass":"metro","mode":"stop","name":"清塘","nameEn":"Qingtang","ref":"910","operator":"广州地铁集团有限公司","status":"operational","color":"#9a5b3f","dataOrigin":"datum-2026-08-01","sourceKey":"node:5248280993","stationGroup":"清塘","hasOperationalRail":true,"hasConstructionRail":false}},{"type":"Feature","geometry":{"type":"Point","coordinates":[113.489906,23.3797831]},"properties":{"key":"node:5269641420","osmType":"node","osmId":5269641420,"sourceRegion":"guangdong","featureType":"station","railClass":"metro","mode":"stop","name":"新南","nameEn":"Xinnan","ref":"1423","operator":"广州地铁集团有限公司","status":"operational","color":"#3387c8","dataOrigin":"datum-2026-08-01","sourceKey":"node:5269641420","stationGroup":"新南","hasOperationalRail":true,"hasConstructionRail":false}},{"type":"Feature","geometry":{"type":"Point","coordinates":[113.4820696,23.4016054]},"properties":{"key":"node:5269867170","osmType":"node","osmId":5269867170,"sourceRegion":"guangdong","featureType":"station","railClass":"metro","mode":"stop","name":"红卫","nameEn":"Hongwei","ref":"1422","operator":"广州地铁集团有限公司","status":"operational","color":"#52a458","dataOrigin":"datum-2026-08-01","sourceKey":"node:5269867170","stationGroup":"红卫","hasOperationalRail":true,"hasConstructionRail":false}},{"type":"Feature","geometry":{"type":"Point","coordinates":[113.4821956,23.4016451]},"properties":{"key":"node:5269867171","osmType":"node","osmId":5269867171,"sourceRegion":"guangdong","featureType":"station","railClass":"metro","mode":"stop","name":"红卫","nameEn":"Hongwei","ref":"1422","operator":"广州地铁集团有限公司","status":"operational","color":"#52a458","dataOrigin":"datum-2026-08-01","sourceKey":"node:5269867171","stationGroup":"红卫","hasOperationalRail":true,"hasConstructionRail":false}},{"type":"Feature","geometry":{"type":"Point","coordinates":[113.4615816,23.4157463]},"properties":{"key":"node:5270088299","osmType":"node","osmId":5270088299,"sourceRegion":"guangdong","featureType":"station","railClass":"metro","mode":"stop","name":"新和","nameEn":"Xinhe","ref":"1416","operator":"广州地铁集团有限公司","status":"operational","color":"#81312F","dataOrigin":"datum-2026-08-01","sourceKey":"node:5270088299","stationGroup":"新和","hasOperationalRail":true,"hasConstructionRail":false}},{"type":"Feature","geometry":{"type":"Point","coordinates":[113.4616106,23.4157176]},"properties":{"key":"node:5270088300","osmType":"node","osmId":5270088300,"sourceRegion":"guangdong","featureType":"station","railClass":"metro","mode":"stop","name":"新和","nameEn":"Xinhe","ref":"1416","operator":"广州地铁集团有限公司","status":"operational","color":"#81312F","dataOrigin":"datum-2026-08-01","sourceKey":"node:5270088300","stationGroup":"新和","hasOperationalRail":true,"hasConstructionRail":false}},{"type":"Feature","geometry":{"type":"Point","coordinates":[113.490029,23.3798405]},"properties":{"key":"node:5311843009","osmType":"node","osmId":5311843009,"sourceRegion":"guangdong","featureType":"station","railClass":"metro","mode":"stop","name":"新南","nameEn":"Xinnan","ref":"1423","operator":"广州地铁集团有限公司","status":"operational","color":"#3387c8","dataOrigin":"datum-2026-08-01","sourceKey":"node:5311843009","stationGroup":"新南","hasOperationalRail":true,"hasConstructionRail":false}},{"type":"Feature","geometry":{"type":"Point","coordinates":[113.2574551,23.3748591]},"properties":{"key":"node:5380908773","osmType":"node","osmId":5380908773,"sourceRegion":"guangdong","featureType":"station","railClass":"metro","mode":"stop","name":"清塘","nameEn":"Qingtang","ref":"910","operator":"广州地铁集团有限公司","status":"operational","color":"#9a5b3f","dataOrigin":"datum-2026-08-01","sourceKey":"node:5380908773","stationGroup":"清塘","hasOperationalRail":true,"hasConstructionRail":false}},{"type":"Feature","geometry":{"type":"Point","coordinates":[113.2900792,23.3578024]},"properties":{"key":"node:5380921300","osmType":"node","osmId":5380921300,"sourceRegion":"guangdong","featureType":"station","railClass":"metro","mode":"stop","name":"高增","nameEn":"Gaozeng","ref":"911","operator":"广州地铁集团有限公司","status":"operational","color":"#71CC98","dataOrigin":"datum-2026-08-01","sourceKey":"node:5380921300","stationGroup":"高增","hasOperationalRail":true,"hasConstructionRail":false}},{"type":"Feature","geometry":{"type":"Point","coordinates":[113.2902765,23.3577549]},"properties":{"key":"node:5380921301","osmType":"node","osmId":5380921301,"sourceRegion":"guangdong","featureType":"station","railClass":"metro","mode":"stop","name":"高增","nameEn":"Gaozeng","ref":"328","operator":"广州地铁集团有限公司","status":"operational","color":"#71CC98","dataOrigin":"datum-2026-08-01","sourceKey":"node:5380921301","stationGroup":"高增","hasOperationalRail":true,"hasConstructionRail":false}},{"type":"Feature","geometry":{"type":"Point","coordinates":[113.2996781,23.3979662]},"properties":{"key":"node:5380931026","osmType":"node","osmId":5380931026,"sourceRegion":"guangdong","featureType":"station","railClass":"metro","mode":"stop","name":"机场北","nameEn":"Airport North","ref":"330","operator":"广州地铁集团有限公司","status":"operational","color":"#ECA154","dataOrigin":"datum-2026-08-01","sourceKey":"node:5380931026","stationGroup":"机场北","hasOperationalRail":true,"hasConstructionRail":false}},{"type":"Feature","geometry":{"type":"Point","coordinates":[113.2976026,23.3887009]},"properties":{"key":"node:5380940127","osmType":"node","osmId":5380940127,"sourceRegion":"guangdong","featureType":"station","railClass":"metro","mode":"stop","name":"机场南","nameEn":"Airport South","ref":"329","operator":"广州地铁集团有限公司","status":"operational","color":"#e7822f","dataOrigin":"datum-2026-08-01","sourceKey":"node:5380940127","stationGroup":"机场南","hasOperationalRail":true,"hasConstructionRail":false}},{"type":"Feature","geometry":{"type":"Point","coordinates":[113.3126871,23.2537525]},"properties":{"key":"node:5635597675","osmType":"node","osmId":5635597675,"sourceRegion":"guangdong","featureType":"station","railClass":"metro","mode":"stop","name":"白云东平","nameEn":"Baiyun Dongping","ref":"1410","operator":"广州地铁集团有限公司","status":"operational","color":"#9a5b3f","dataOrigin":"datum-2026-08-01","sourceKey":"node:5635597675","stationGroup":"白云东平","hasOperationalRail":true,"hasConstructionRail":false}},{"type":"Feature","geometry":{"type":"Point","coordinates":[113.312567,23.253811]},"properties":{"key":"node:5635597676","osmType":"node","osmId":5635597676,"sourceRegion":"guangdong","featureType":"station","railClass":"metro","mode":"stop","name":"白云东平","nameEn":"Baiyun Dongping","ref":"1410","operator":"广州地铁集团有限公司","status":"operational","color":"#9a5b3f","dataOrigin":"datum-2026-08-01","sourceKey":"node:5635597676","stationGroup":"白云东平","hasOperationalRail":true,"hasConstructionRail":false}},{"type":"Feature","geometry":{"type":"Point","coordinates":[113.3181407,23.280078]},"properties":{"key":"node:5637951881","osmType":"node","osmId":5637951881,"sourceRegion":"guangdong","featureType":"station","railClass":"metro","mode":"stop","name":"夏良","nameEn":"Xialiang","ref":"1411","operator":"广州地铁集团有限公司","status":"operational","color":"#3387c8","dataOrigin":"datum-2026-08-01","sourceKey":"node:5637951881","stationGroup":"夏良","hasOperationalRail":true,"hasConstructionRail":false}},{"type":"Feature","geometry":{"type":"Point","coordinates":[113.3180063,23.2800965]},"properties":{"key":"node:5637951888","osmType":"node","osmId":5637951888,"sourceRegion":"guangdong","featureType":"station","railClass":"metro","mode":"stop","name":"夏良","nameEn":"Xialiang","ref":"1411","operator":"广州地铁集团有限公司","status":"operational","color":"#3387c8","dataOrigin":"datum-2026-08-01","sourceKey":"node:5637951888","stationGroup":"夏良","hasOperationalRail":true,"hasConstructionRail":false}},{"type":"Feature","geometry":{"type":"Point","coordinates":[113.3414725,23.3013824]},"properties":{"key":"node:5639999349","osmType":"node","osmId":5639999349,"sourceRegion":"guangdong","featureType":"station","railClass":"metro","mode":"stop","name":"太和","nameEn":"Taihe","ref":"1412","operator":"广州地铁集团有限公司","status":"operational","color":"#9a5b3f","dataOrigin":"datum-2026-08-01","sourceKey":"node:5639999349","stationGroup":"太和","hasOperationalRail":true,"hasConstructionRail":false}},{"type":"Feature","geometry":{"type":"Point","coordinates":[113.3413687,23.3014629]},"properties":{"key":"node:5639999357","osmType":"node","osmId":5639999357,"sourceRegion":"guangdong","featureType":"station","railClass":"metro","mode":"stop","name":"太和","nameEn":"Taihe","ref":"1412","operator":"广州地铁集团有限公司","status":"operational","color":"#9a5b3f","dataOrigin":"datum-2026-08-01","sourceKey":"node:5639999357","stationGroup":"太和","hasOperationalRail":true,"hasConstructionRail":false}},{"type":"Feature","geometry":{"type":"Point","coordinates":[113.3629745,23.3512188]},"properties":{"key":"node:5641835717","osmType":"node","osmId":5641835717,"sourceRegion":"guangdong","featureType":"station","railClass":"metro","mode":"stop","name":"竹料","nameEn":"Zhuliao","ref":"1413","operator":"广州地铁集团有限公司","status":"operational","color":"#e7822f","dataOrigin":"datum-2026-08-01","sourceKey":"node:5641835717","stationGroup":"竹料","hasOperationalRail":true,"hasConstructionRail":false}},{"type":"Feature","geometry":{"type":"Point","coordinates":[113.3629337,23.3512352]},"properties":{"key":"node:5641835718","osmType":"node","osmId":5641835718,"sourceRegion":"guangdong","featureType":"station","railClass":"metro","mode":"stop","name":"竹料","nameEn":"Zhuliao","ref":"1413","operator":"广州地铁集团有限公司","status":"operational","color":"#e7822f","dataOrigin":"datum-2026-08-01","sourceKey":"node:5641835718","stationGroup":"竹料","hasOperationalRail":true,"hasConstructionRail":false}},{"type":"Feature","geometry":{"type":"Point","coordinates":[113.3949877,23.3780325]},"properties":{"key":"node:5643754015","osmType":"node","osmId":5643754015,"sourceRegion":"guangdong","featureType":"station","railClass":"metro","mode":"stop","name":"钟落潭","nameEn":"Zhongluotan","ref":"1414","operator":"广州地铁集团有限公司","status":"operational","color":"#e7822f","dataOrigin":"datum-2026-08-01","sourceKey":"node:5643754015","stationGroup":"钟落潭","hasOperationalRail":true,"hasConstructionRail":false}},{"type":"Feature","geometry":{"type":"Point","coordinates":[113.3950792,23.3779423]},"properties":{"key":"node:5643754016","osmType":"node","osmId":5643754016,"sourceRegion":"guangdong","featureType":"station","railClass":"metro","mode":"stop","name":"钟落潭","nameEn":"Zhongluotan","ref":"1414","operator":"广州地铁集团有限公司","status":"operational","color":"#e7822f","dataOrigin":"datum-2026-08-01","sourceKey":"node:5643754016","stationGroup":"钟落潭","hasOperationalRail":true,"hasConstructionRail":false}},{"type":"Feature","geometry":{"type":"Point","coordinates":[113.3951124,23.3779089]},"properties":{"key":"node:5643754017","osmType":"node","osmId":5643754017,"sourceRegion":"guangdong","featureType":"station","railClass":"metro","mode":"stop","name":"钟落潭","nameEn":"Zhongluotan","ref":"1414","operator":"广州地铁集团有限公司","status":"operational","color":"#e7822f","dataOrigin":"datum-2026-08-01","sourceKey":"node:5643754017","stationGroup":"钟落潭","hasOperationalRail":true,"hasConstructionRail":false}},{"type":"Feature","geometry":{"type":"Point","coordinates":[113.3952047,23.3778185]},"properties":{"key":"node:5643754018","osmType":"node","osmId":5643754018,"sourceRegion":"guangdong","featureType":"station","railClass":"metro","mode":"stop","name":"钟落潭","nameEn":"Zhongluotan","ref":"1414","operator":"广州地铁集团有限公司","status":"operational","color":"#e7822f","dataOrigin":"datum-2026-08-01","sourceKey":"node:5643754018","stationGroup":"钟落潭","hasOperationalRail":true,"hasConstructionRail":false}},{"type":"Feature","geometry":{"type":"Point","coordinates":[113.4451402,23.3966267]},"properties":{"key":"node:5645396118","osmType":"node","osmId":5645396118,"sourceRegion":"guangdong","featureType":"station","railClass":"metro","mode":"stop","name":"马沥","nameEn":"Mali","ref":"1415","operator":"广州地铁集团有限公司","status":"operational","color":"#3387c8","dataOrigin":"datum-2026-08-01","sourceKey":"node:5645396118","stationGroup":"马沥","hasOperationalRail":true,"hasConstructionRail":false}},{"type":"Feature","geometry":{"type":"Point","coordinates":[113.445101,23.3966462]},"properties":{"key":"node:5645396120","osmType":"node","osmId":5645396120,"sourceRegion":"guangdong","featureType":"station","railClass":"metro","mode":"stop","name":"马沥","nameEn":"Mali","ref":"1415","operator":"广州地铁集团有限公司","status":"operational","color":"#3387c8","dataOrigin":"datum-2026-08-01","sourceKey":"node:5645396120","stationGroup":"马沥","hasOperationalRail":true,"hasConstructionRail":false}},{"type":"Feature","geometry":{"type":"Point","coordinates":[113.4617025,23.4156245]},"properties":{"key":"node:5645785878","osmType":"node","osmId":5645785878,"sourceRegion":"guangdong","featureType":"station","railClass":"metro","mode":"stop","name":"新和","nameEn":"Xinhe","ref":"1416","operator":"广州地铁集团有限公司","status":"operational","color":"#81312F","dataOrigin":"datum-2026-08-01","sourceKey":"node:5645785878","stationGroup":"新和","hasOperationalRail":true,"hasConstructionRail":false}},{"type":"Feature","geometry":{"type":"Point","coordinates":[113.4614871,23.4158411]},"properties":{"key":"node:5645785879","osmType":"node","osmId":5645785879,"sourceRegion":"guangdong","featureType":"station","railClass":"metro","mode":"stop","name":"新和","nameEn":"Xinhe","ref":"1416","operator":"广州地铁集团有限公司","status":"operational","color":"#81312F","dataOrigin":"datum-2026-08-01","sourceKey":"node:5645785879","stationGroup":"新和","hasOperationalRail":true,"hasConstructionRail":false}},{"type":"Feature","geometry":{"type":"Point","coordinates":[113.48652,23.45456]},"properties":{"key":"node:5647005627","osmType":"node","osmId":5647005627,"sourceRegion":"guangdong","featureType":"station","railClass":"metro","mode":"stop","name":"太平","nameEn":"Taiping","ref":"1417","operator":"广州地铁集团有限公司","status":"operational","color":"#8c5abe","dataOrigin":"datum-2026-08-01","sourceKey":"node:5647005627","stationGroup":"太平","hasOperationalRail":true,"hasConstructionRail":false}},{"type":"Feature","geometry":{"type":"Point","coordinates":[113.4865682,23.4545502]},"properties":{"key":"node:5647005633","osmType":"node","osmId":5647005633,"sourceRegion":"guangdong","featureType":"station","railClass":"metro","mode":"stop","name":"太平","nameEn":"Taiping","ref":"1417","operator":"广州地铁集团有限公司","status":"operational","color":"#8c5abe","dataOrigin":"datum-2026-08-01","sourceKey":"node:5647005633","stationGroup":"太平","hasOperationalRail":true,"hasConstructionRail":false}},{"type":"Feature","geometry":{"type":"Point","coordinates":[113.4867004,23.454525]},"properties":{"key":"node:5647005644","osmType":"node","osmId":5647005644,"sourceRegion":"guangdong","featureType":"station","railClass":"metro","mode":"stop","name":"太平","nameEn":"Taiping","ref":"1417","operator":"广州地铁集团有限公司","status":"operational","color":"#8c5abe","dataOrigin":"datum-2026-08-01","sourceKey":"node:5647005644","stationGroup":"太平","hasOperationalRail":true,"hasConstructionRail":false}},{"type":"Feature","geometry":{"type":"Point","coordinates":[113.4863874,23.4545857]},"properties":{"key":"node:5647005661","osmType":"node","osmId":5647005661,"sourceRegion":"guangdong","featureType":"station","railClass":"metro","mode":"stop","name":"太平","nameEn":"Taiping","ref":"1417","operator":"广州地铁集团有限公司","status":"operational","color":"#8c5abe","dataOrigin":"datum-2026-08-01","sourceKey":"node:5647005661","stationGroup":"太平","hasOperationalRail":true,"hasConstructionRail":false}},{"type":"Feature","geometry":{"type":"Point","coordinates":[113.3005975,23.3974703]},"properties":{"key":"node:8374367314","osmType":"node","osmId":8374367314,"sourceRegion":"guangdong","featureType":"station","railClass":"minor","mode":"stop","name":"白云机场北","nameEn":"Baiyun Airport North","ref":"1","status":"operational","color":"#00AB39","dataOrigin":"datum-2026-08-01","sourceKey":"node:8374367314","stationGroup":"白云机场北","hasOperationalRail":true,"hasConstructionRail":false}},{"type":"Feature","geometry":{"type":"Point","coordinates":[113.3004462,23.3975095]},"properties":{"key":"node:8374367315","osmType":"node","osmId":8374367315,"sourceRegion":"guangdong","featureType":"station","railClass":"minor","mode":"stop","name":"白云机场北","nameEn":"Baiyun Airport North","ref":"2","status":"operational","color":"#DB6D1C","dataOrigin":"datum-2026-08-01","sourceKey":"node:8374367315","stationGroup":"白云机场北","hasOperationalRail":true,"hasConstructionRail":false}},{"type":"Feature","geometry":{"type":"Point","coordinates":[113.287308,23.3376921]},"properties":{"key":"node:9717250058","osmType":"node","osmId":9717250058,"sourceRegion":"guangdong","featureType":"station","railClass":"metro","mode":"stop","name":"人和（建设中）","nameEn":"Renhe(Under Construction)","status":"operational","color":"#9a5b3f","dataOrigin":"datum-2026-08-01","sourceKey":"node:9717250058","stationGroup":"人和建设中","hasOperationalRail":true,"hasConstructionRail":false}},{"type":"Feature","geometry":{"type":"Point","coordinates":[113.2871903,23.3378068]},"properties":{"key":"node:9717250066","osmType":"node","osmId":9717250066,"sourceRegion":"guangdong","featureType":"station","railClass":"metro","mode":"stop","name":"人和（建设中）","nameEn":"Renhe(Under Construction)","status":"operational","color":"#9a5b3f","dataOrigin":"datum-2026-08-01","sourceKey":"node:9717250066","stationGroup":"人和建设中","hasOperationalRail":true,"hasConstructionRail":false}},{"type":"Feature","geometry":{"type":"Point","coordinates":[113.2973626,23.398105]},"properties":{"key":"node:9717260949","osmType":"node","osmId":9717260949,"sourceRegion":"guangdong","featureType":"station","railClass":"metro","mode":"stop","name":"机场北（建设中）","status":"operational","color":"#e7822f","dataOrigin":"datum-2026-08-01","sourceKey":"node:9717260949","stationGroup":"机场北建设中","hasOperationalRail":true,"hasConstructionRail":false}},{"type":"Feature","geometry":{"type":"Point","coordinates":[113.2975184,23.3980693]},"properties":{"key":"node:9717260952","osmType":"node","osmId":9717260952,"sourceRegion":"guangdong","featureType":"station","railClass":"metro","mode":"stop","name":"机场北（建设中）","status":"operational","color":"#e7822f","dataOrigin":"datum-2026-08-01","sourceKey":"node:9717260952","stationGroup":"机场北建设中","hasOperationalRail":true,"hasConstructionRail":false}},{"type":"Feature","geometry":{"type":"Point","coordinates":[113.2745165,23.2654751]},"properties":{"key":"node:11072372295","osmType":"node","osmId":11072372295,"sourceRegion":"guangdong","featureType":"station","railClass":"metro","mode":"stop","name":"白云城市中心(暂定)","nameEn":"Baiyun City Center(Planning Name)","operator":"广州地铁集团有限公司","status":"operational","color":"#e7822f","dataOrigin":"datum-2026-08-01","sourceKey":"node:11072372295","stationGroup":"白云城市中心暂定","hasOperationalRail":true,"hasConstructionRail":false}},{"type":"Feature","geometry":{"type":"Point","coordinates":[113.2743366,23.2654734]},"properties":{"key":"node:11072372296","osmType":"node","osmId":11072372296,"sourceRegion":"guangdong","featureType":"station","railClass":"metro","mode":"stop","name":"白云城市中心(暂定)","nameEn":"Baiyun City Center(Planning Name)","operator":"广州地铁集团有限公司","status":"operational","color":"#e7822f","dataOrigin":"datum-2026-08-01","sourceKey":"node:11072372296","stationGroup":"白云城市中心暂定","hasOperationalRail":true,"hasConstructionRail":false}},{"type":"Feature","geometry":{"type":"Point","coordinates":[113.2746597,23.2654765]},"properties":{"key":"node:11072372297","osmType":"node","osmId":11072372297,"sourceRegion":"guangdong","featureType":"station","railClass":"metro","mode":"stop","name":"白云城市中心(暂定)","nameEn":"Baiyun City Center(Planning Name)","operator":"广州地铁集团有限公司","status":"operational","color":"#e7822f","dataOrigin":"datum-2026-08-01","sourceKey":"node:11072372297","stationGroup":"白云城市中心暂定","hasOperationalRail":true,"hasConstructionRail":false}},{"type":"Feature","geometry":{"type":"Point","coordinates":[113.274207,23.2654722]},"properties":{"key":"node:11072372298","osmType":"node","osmId":11072372298,"sourceRegion":"guangdong","featureType":"station","railClass":"metro","mode":"stop","name":"白云城市中心(暂定)","nameEn":"Baiyun City Center(Planning Name)","operator":"广州地铁集团有限公司","status":"operational","color":"#e7822f","dataOrigin":"datum-2026-08-01","sourceKey":"node:11072372298","stationGroup":"白云城市中心暂定","hasOperationalRail":true,"hasConstructionRail":false}},{"type":"Feature","geometry":{"type":"Point","coordinates":[113.3146958,23.367064]},"properties":{"key":"node:12486006417","osmType":"node","osmId":12486006417,"sourceRegion":"guangdong","featureType":"station","railClass":"minor","mode":"stop","name":"白云机场东","nameEn":"Baiyun Airport East","status":"operational","color":"#52636F","dataOrigin":"datum-2026-08-01","sourceKey":"node:12486006417","stationGroup":"白云机场东","hasOperationalRail":true,"hasConstructionRail":false}},{"type":"Feature","geometry":{"type":"Point","coordinates":[113.3500373,23.2504244]},"properties":{"key":"node:12840571253","osmType":"node","osmId":12840571253,"sourceRegion":"guangdong","featureType":"station","railClass":"minor","mode":"stop","name":"大源","nameEn":"Dayuan","status":"operational","color":"#52636F","dataOrigin":"datum-2026-08-01","sourceKey":"node:12840571253","stationGroup":"大源","hasOperationalRail":true,"hasConstructionRail":false}},{"type":"Feature","geometry":{"type":"Point","coordinates":[113.349849,23.2504781]},"properties":{"key":"node:12840571254","osmType":"node","osmId":12840571254,"sourceRegion":"guangdong","featureType":"station","railClass":"minor","mode":"stop","name":"大源","nameEn":"Dayuan","status":"operational","color":"#52636F","dataOrigin":"datum-2026-08-01","sourceKey":"node:12840571254","stationGroup":"大源","hasOperationalRail":true,"hasConstructionRail":false}},{"type":"Feature","geometry":{"type":"Point","coordinates":[113.3650061,23.313699]},"properties":{"key":"node:12840571255","osmType":"node","osmId":12840571255,"sourceRegion":"guangdong","featureType":"station","railClass":"minor","mode":"stop","name":"帽峰山","nameEn":"Maofengshan","status":"operational","color":"#52636F","dataOrigin":"datum-2026-08-01","sourceKey":"node:12840571255","stationGroup":"帽峰山","hasOperationalRail":true,"hasConstructionRail":false}},{"type":"Feature","geometry":{"type":"Point","coordinates":[113.3649379,23.3137246]},"properties":{"key":"node:12840571256","osmType":"node","osmId":12840571256,"sourceRegion":"guangdong","featureType":"station","railClass":"minor","mode":"stop","name":"帽峰山","nameEn":"Maofengshan","status":"operational","color":"#52636F","dataOrigin":"datum-2026-08-01","sourceKey":"node:12840571256","stationGroup":"帽峰山","hasOperationalRail":true,"hasConstructionRail":false}},{"type":"Feature","geometry":{"type":"Point","coordinates":[113.2633599,23.4279784]},"properties":{"key":"node:13161708740","osmType":"node","osmId":13161708740,"sourceRegion":"guangdong","featureType":"station","railClass":"intercity","mode":"stop","name":"花山镇","nameEn":"Huashanzhen","ref":"1","operator":"广东城际铁路运营有限公司","status":"operational","color":"#00AB39","dataOrigin":"datum-2026-08-01","sourceKey":"node:13161708740","stationGroup":"花山镇","hasOperationalRail":true,"hasConstructionRail":false}},{"type":"Feature","geometry":{"type":"Point","coordinates":[113.2633805,23.4280957]},"properties":{"key":"node:13161708744","osmType":"node","osmId":13161708744,"sourceRegion":"guangdong","featureType":"station","railClass":"intercity","mode":"stop","name":"花山镇","nameEn":"Huashanzhen","ref":"2","operator":"广东城际铁路运营有限公司","status":"operational","color":"#DB6D1C","dataOrigin":"datum-2026-08-01","sourceKey":"node:13161708744","stationGroup":"花山镇","hasOperationalRail":true,"hasConstructionRail":false}},{"type":"Feature","geometry":{"type":"Point","coordinates":[113.298166,23.3857462]},"properties":{"key":"node:13180630192","osmType":"node","osmId":13180630192,"sourceRegion":"guangdong","featureType":"station","railClass":"minor","mode":"stop","name":"白云机场南","nameEn":"Baiyun Airport South","status":"operational","color":"#52636F","dataOrigin":"datum-2026-08-01","sourceKey":"node:13180630192","stationGroup":"白云机场南","hasOperationalRail":true,"hasConstructionRail":false}},{"type":"Feature","geometry":{"type":"Point","coordinates":[113.2980274,23.3857757]},"properties":{"key":"node:13180630193","osmType":"node","osmId":13180630193,"sourceRegion":"guangdong","featureType":"station","railClass":"minor","mode":"stop","name":"白云机场南","nameEn":"Baiyun Airport South","status":"operational","color":"#52636F","dataOrigin":"datum-2026-08-01","sourceKey":"node:13180630193","stationGroup":"白云机场南","hasOperationalRail":true,"hasConstructionRail":false}},{"type":"Feature","geometry":{"type":"Point","coordinates":[113.3608801,23.3505727]},"properties":{"key":"node:13180645001","osmType":"node","osmId":13180645001,"sourceRegion":"guangdong","featureType":"station","railClass":"minor","mode":"stop","name":"竹料","nameEn":"Zhuliao","status":"operational","color":"#52636F","dataOrigin":"datum-2026-08-01","sourceKey":"node:13180645001","stationGroup":"竹料","hasOperationalRail":true,"hasConstructionRail":false}},{"type":"Feature","geometry":{"type":"Point","coordinates":[113.3608303,23.3502573]},"properties":{"key":"node:13180645002","osmType":"node","osmId":13180645002,"sourceRegion":"guangdong","featureType":"station","railClass":"minor","mode":"stop","name":"竹料","nameEn":"Zhuliao","status":"operational","color":"#52636F","dataOrigin":"datum-2026-08-01","sourceKey":"node:13180645002","stationGroup":"竹料","hasOperationalRail":true,"hasConstructionRail":false}},{"type":"Feature","geometry":{"type":"Point","coordinates":[113.3147324,23.3671836]},"properties":{"key":"node:13324844384","osmType":"node","osmId":13324844384,"sourceRegion":"guangdong","featureType":"station","railClass":"minor","mode":"stop","name":"白云机场东","nameEn":"Baiyun Airport East","status":"operational","color":"#52636F","dataOrigin":"datum-2026-08-01","sourceKey":"node:13324844384","stationGroup":"白云机场东","hasOperationalRail":true,"hasConstructionRail":false}},{"type":"Feature","geometry":{"type":"Point","coordinates":[113.3608504,23.3503845]},"properties":{"key":"node:14045670754","osmType":"node","osmId":14045670754,"sourceRegion":"guangdong","featureType":"station","railClass":"minor","mode":"stop","name":"竹料","nameEn":"Zhuliao","status":"operational","color":"#52636F","dataOrigin":"datum-2026-08-01","sourceKey":"node:14045670754","stationGroup":"竹料","hasOperationalRail":true,"hasConstructionRail":false}},{"type":"Feature","geometry":{"type":"Point","coordinates":[113.3608569,23.3504262]},"properties":{"key":"node:14045670755","osmType":"node","osmId":14045670755,"sourceRegion":"guangdong","featureType":"station","railClass":"minor","mode":"stop","name":"竹料","nameEn":"Zhuliao","status":"operational","color":"#52636F","dataOrigin":"datum-2026-08-01","sourceKey":"node:14045670755","stationGroup":"竹料","hasOperationalRail":true,"hasConstructionRail":false}},{"type":"Feature","geometry":{"type":"Point","coordinates":[113.4391355,23.3619983]},"properties":{"key":"node:14045670756","osmType":"node","osmId":14045670756,"sourceRegion":"guangdong","featureType":"station","railClass":"minor","mode":"station","name":"钟落潭东","status":"operational","color":"#52636F","dataOrigin":"datum-2026-08-01","sourceKey":"node:14045670756","stationGroup":"钟落潭东","hasOperationalRail":true,"hasConstructionRail":false}},{"type":"Feature","geometry":{"type":"Point","coordinates":[113.4390877,23.3621221]},"properties":{"key":"node:14045670757","osmType":"node","osmId":14045670757,"sourceRegion":"guangdong","featureType":"station","railClass":"minor","mode":"station","name":"钟落潭东","status":"operational","color":"#52636F","dataOrigin":"datum-2026-08-01","sourceKey":"node:14045670757","stationGroup":"钟落潭东","hasOperationalRail":true,"hasConstructionRail":false}},{"type":"Feature","geometry":{"type":"Point","coordinates":[113.4928135,23.3781823]},"properties":{"key":"node:14045670758","osmType":"node","osmId":14045670758,"sourceRegion":"guangdong","featureType":"station","railClass":"minor","mode":"station","name":"九佛","status":"operational","color":"#52636F","dataOrigin":"datum-2026-08-01","sourceKey":"node:14045670758","stationGroup":"九佛","hasOperationalRail":true,"hasConstructionRail":false}},{"type":"Feature","geometry":{"type":"Point","coordinates":[113.492809,23.3782146]},"properties":{"key":"node:14045670759","osmType":"node","osmId":14045670759,"sourceRegion":"guangdong","featureType":"station","railClass":"minor","mode":"station","name":"九佛","status":"operational","color":"#52636F","dataOrigin":"datum-2026-08-01","sourceKey":"node:14045670759","stationGroup":"九佛","hasOperationalRail":true,"hasConstructionRail":false}},{"type":"Feature","geometry":{"type":"LineString","coordinates":[[113.3188629,23.3817958],[113.3189669,23.3816523],[113.3190714,23.3815123]]},"properties":{"key":"way:1499027605@detail:453_93","osmType":"way","osmId":1499027605,"sourceRegion":"guangdong","featureType":"infrastructure","railClass":"minor","mode":"rail","name":"未命名","tunnel":"yes","status":"operational","color":"#52636F","dataOrigin":"datum-2026-08-01","sourceKey":"way:1499027605"}},{"type":"Feature","geometry":{"type":"LineString","coordinates":[[113.3188,23.381576],[113.3189669,23.3816523],[113.3191319,23.3817236]]},"properties":{"key":"way:1499027606@detail:453_93","osmType":"way","osmId":1499027606,"sourceRegion":"guangdong","featureType":"infrastructure","railClass":"minor","mode":"rail","name":"未命名","tunnel":"yes","status":"operational","color":"#52636F","dataOrigin":"datum-2026-08-01","sourceKey":"way:1499027606"}},{"type":"Feature","geometry":{"type":"LineString","coordinates":[[113.3157679,23.3709828],[113.3158643,23.3708118],[113.31596,23.3706418]]},"properties":{"key":"way:1499027607@detail:453_93","osmType":"way","osmId":1499027607,"sourceRegion":"guangdong","featureType":"infrastructure","railClass":"minor","mode":"rail","name":"未命名","tunnel":"yes","status":"operational","color":"#52636F","dataOrigin":"datum-2026-08-01","sourceKey":"way:1499027607"}},{"type":"Feature","geometry":{"type":"LineString","coordinates":[[113.3156892,23.3707077],[113.3158643,23.3708118],[113.3160383,23.3709152]]},"properties":{"key":"way:1499027608@detail:453_93","osmType":"way","osmId":1499027608,"sourceRegion":"guangdong","featureType":"infrastructure","railClass":"minor","mode":"rail","name":"未命名","tunnel":"yes","status":"operational","color":"#52636F","dataOrigin":"datum-2026-08-01","sourceKey":"way:1499027608"}},{"type":"Feature","geometry":{"type":"LineString","coordinates":[[113.3157916,23.3700534],[113.31596,23.3706418],[113.3160383,23.3709152],[113.3190714,23.3815123],[113.3191319,23.3817236],[113.319325,23.3823981]]},"properties":{"key":"way:1499027612@detail:453_93","osmType":"way","osmId":1499027612,"sourceRegion":"guangdong","featureType":"infrastructure","railClass":"minor","mode":"rail","name":"未命名","tunnel":"yes","status":"operational","color":"#52636F","dataOrigin":"datum-2026-08-01","sourceKey":"way:1499027612"}},{"type":"Feature","geometry":{"type":"LineString","coordinates":[[113.3155199,23.3701164],[113.3156892,23.3707077],[113.3157679,23.3709828],[113.3188,23.381576],[113.3188629,23.3817958],[113.3190553,23.382468]]},"properties":{"key":"way:1499027613@detail:453_93","osmType":"way","osmId":1499027613,"sourceRegion":"guangdong","featureType":"infrastructure","railClass":"minor","mode":"rail","name":"未命名","tunnel":"yes","status":"operational","color":"#52636F","dataOrigin":"datum-2026-08-01","sourceKey":"way:1499027613"}},{"type":"Feature","geometry":{"type":"LineString","coordinates":[[113.2602945,23.3464544],[113.26048,23.3464565],[113.2617111,23.3465094],[113.2653141,23.346664],[113.2658328,23.3466646],[113.2662819,23.3466317],[113.2667531,23.3465664],[113.2672014,23.346435],[113.2677217,23.346216],[113.2681793,23.345926],[113.2686288,23.3454535],[113.2690291,23.3447932],[113.2692861,23.344149],[113.2693772,23.3435392],[113.2693192,23.3429067],[113.2689017,23.3412133],[113.2688323,23.3408049],[113.2688286,23.3404434],[113.2689508,23.3398161],[113.2693743,23.338603],[113.2712599,23.3350071],[113.2723985,23.3327937]]},"properties":{"key":"way:1533241354@detail:453_93","osmType":"way","osmId":1533241354,"sourceRegion":"guangdong","featureType":"infrastructure","railClass":"construction","mode":"construction","name":"未命名","service":"yard","tunnel":"yes","status":"construction","color":"#8A9298","dataOrigin":"datum-2026-08-01","sourceKey":"way:1533241354"}},{"type":"Feature","geometry":{"type":"LineString","coordinates":[[113.2604629,23.3465519],[113.2617111,23.3465094]]},"properties":{"key":"way:1533241355@detail:453_93","osmType":"way","osmId":1533241355,"sourceRegion":"guangdong","featureType":"infrastructure","railClass":"construction","mode":"construction","name":"未命名","service":"yard","tunnel":"yes","status":"construction","color":"#8A9298","dataOrigin":"datum-2026-08-01","sourceKey":"way:1533241355"}},{"type":"Feature","geometry":{"type":"LineString","coordinates":[[113.2598182,23.3463053],[113.26048,23.3464565]]},"properties":{"key":"way:1533241356@detail:453_93","osmType":"way","osmId":1533241356,"sourceRegion":"guangdong","featureType":"infrastructure","railClass":"construction","mode":"construction","name":"未命名","service":"yard","tunnel":"yes","status":"construction","color":"#8A9298","dataOrigin":"datum-2026-08-01","sourceKey":"way:1533241356"}},{"type":"Feature","geometry":{"type":"LineString","coordinates":[[113.2725984,23.3328242],[113.2705681,23.3368877],[113.2702135,23.3377332],[113.2700368,23.3382695],[113.2699678,23.3387638],[113.2699836,23.3391859],[113.2701221,23.3398863],[113.2703561,23.3404255],[113.2707359,23.3408422],[113.2713136,23.3412755],[113.2719561,23.3416138],[113.272936,23.341916],[113.2737744,23.3420141],[113.2744548,23.3419634],[113.2750668,23.3418013],[113.2755165,23.3416341],[113.2759365,23.341406],[113.276336,23.3410547],[113.2765596,23.3407916],[113.2768354,23.3404044],[113.2770318,23.3399804],[113.2771649,23.3394448],[113.2772055,23.3388321],[113.277145,23.3381395],[113.2770148,23.3375414],[113.2768046,23.337113],[113.2754316,23.335256],[113.2751818,23.3349157],[113.2749553,23.3344841],[113.2747685,23.3339694],[113.2746949,23.3334598],[113.2747062,23.3329034],[113.2751026,23.3292689],[113.2752661,23.3281418],[113.2753325,23.327482],[113.2753076,23.3242384],[113.2753059,23.3240168]]},"properties":{"key":"way:1533241357@detail:453_93","osmType":"way","osmId":1533241357,"sourceRegion":"guangdong","featureType":"infrastructure","railClass":"construction","mode":"construction","name":"未命名","service":"yard","tunnel":"yes","status":"construction","color":"#8A9298","dataOrigin":"datum-2026-08-01","sourceKey":"way:1533241357"}},{"type":"Feature","geometry":{"type":"LineString","coordinates":[[113.2725066,23.3327938],[113.2704611,23.3368623],[113.27014,23.3376154],[113.2699308,23.3382877],[113.2698785,23.3387679],[113.2699083,23.3393648],[113.2700204,23.3398999],[113.2702745,23.3404419],[113.2706705,23.3409016],[113.2712757,23.3413338],[113.2719227,23.3416806],[113.2729181,23.3419855],[113.2737561,23.3420767],[113.2744502,23.3420391],[113.2750688,23.3418715],[113.275538,23.3416968],[113.2759727,23.3414857],[113.2764098,23.3411246],[113.2766917,23.3408051],[113.2769874,23.3403532],[113.2771619,23.3398915],[113.2772774,23.3392015],[113.2773098,23.3385813],[113.277283,23.3381765],[113.2772262,23.3378157],[113.2770544,23.3373004],[113.2767927,23.3369103],[113.2758624,23.3356729],[113.2756259,23.3352185],[113.275449,23.3347822],[113.2753345,23.3343266],[113.2752673,23.3334278],[113.2755312,23.3284014],[113.275644,23.3265268],[113.2756342,23.3242566],[113.275633,23.3239624]]},"properties":{"key":"way:1533241358@detail:453_93","osmType":"way","osmId":1533241358,"sourceRegion":"guangdong","featureType":"infrastructure","railClass":"construction","mode":"construction","name":"未命名","service":"yard","tunnel":"yes","status":"construction","color":"#8A9298","dataOrigin":"datum-2026-08-01","sourceKey":"way:1533241358"}},{"type":"Feature","geometry":{"type":"LineString","coordinates":[[113.2726649,23.3328637],[113.2707195,23.3368406],[113.2704157,23.3375199],[113.2701946,23.3382128],[113.27011,23.3387025],[113.2701035,23.3391086],[113.2701685,23.3395984],[113.2703051,23.3399985],[113.2704743,23.3403748],[113.27078,23.3407451],[113.2713069,23.3411393],[113.2720094,23.3415096],[113.2725775,23.3417185],[113.2732095,23.3418579],[113.2738156,23.3419153],[113.274438,23.341867],[113.2749786,23.3417484],[113.2755294,23.3415191],[113.2760188,23.3412362],[113.2763733,23.3409009],[113.2766394,23.3405266],[113.2769056,23.3400534],[113.278208,23.3361383],[113.2784175,23.3357587],[113.2788455,23.3354013],[113.2795333,23.3349703],[113.2801274,23.3347184],[113.2809089,23.3345364],[113.28176,23.334486],[113.2827343,23.3345756],[113.2834394,23.3348263],[113.2839959,23.3351065],[113.2842882,23.3353264]]},"properties":{"key":"way:1533241359@detail:453_93","osmType":"way","osmId":1533241359,"sourceRegion":"guangdong","featureType":"infrastructure","railClass":"construction","mode":"construction","name":"未命名","service":"yard","tunnel":"yes","status":"construction","color":"#8A9298","dataOrigin":"datum-2026-08-01","sourceKey":"way:1533241359"}},{"type":"Feature","geometry":{"type":"LineString","coordinates":[[113.2532869,23.3461578],[113.2544087,23.3461432]]},"properties":{"key":"way:1533245426@detail:453_93","osmType":"way","osmId":1533245426,"sourceRegion":"guangdong","featureType":"infrastructure","railClass":"construction","mode":"construction","name":"未命名","service":"yard","tunnel":"yes","status":"construction","color":"#8A9298","dataOrigin":"datum-2026-08-01","sourceKey":"way:1533245426"}},{"type":"Feature","geometry":{"type":"LineString","coordinates":[[113.2532927,23.3459616],[113.2544016,23.34605]]},"properties":{"key":"way:1533245427@detail:453_93","osmType":"way","osmId":1533245427,"sourceRegion":"guangdong","featureType":"infrastructure","railClass":"construction","mode":"construction","name":"未命名","service":"yard","tunnel":"yes","status":"construction","color":"#8A9298","dataOrigin":"datum-2026-08-01","sourceKey":"way:1533245427"}},{"type":"Feature","geometry":{"type":"LineString","coordinates":[[113.2755446,23.3237074],[113.275633,23.3239624],[113.2756839,23.3241073],[113.2757334,23.3242521]]},"properties":{"key":"way:1533245428@detail:453_93","osmType":"way","osmId":1533245428,"sourceRegion":"guangdong","featureType":"infrastructure","railClass":"construction","mode":"construction","name":"未命名","service":"yard","tunnel":"yes","status":"construction","color":"#8A9298","dataOrigin":"datum-2026-08-01","sourceKey":"way:1533245428"}},{"type":"Feature","geometry":{"type":"LineString","coordinates":[[113.2754369,23.323701],[113.2753059,23.3240168],[113.275265,23.3241154],[113.2752141,23.324238]]},"properties":{"key":"way:1533245429@detail:453_93","osmType":"way","osmId":1533245429,"sourceRegion":"guangdong","featureType":"infrastructure","railClass":"construction","mode":"construction","name":"未命名","service":"yard","tunnel":"yes","status":"construction","color":"#8A9298","dataOrigin":"datum-2026-08-01","sourceKey":"way:1533245429"}},{"type":"Feature","geometry":{"type":"LineString","coordinates":[[113.2757337,23.3239579],[113.2756839,23.3241073],[113.2756342,23.3242566]]},"properties":{"key":"way:1533245430@detail:453_93","osmType":"way","osmId":1533245430,"sourceRegion":"guangdong","featureType":"infrastructure","railClass":"construction","mode":"construction","name":"未命名","service":"yard","tunnel":"yes","status":"construction","color":"#8A9298","dataOrigin":"datum-2026-08-01","sourceKey":"way:1533245430"}},{"type":"Feature","geometry":{"type":"LineString","coordinates":[[113.2752215,23.3240101],[113.275265,23.3241154],[113.2753076,23.3242384]]},"properties":{"key":"way:1533245431@detail:453_93","osmType":"way","osmId":1533245431,"sourceRegion":"guangdong","featureType":"infrastructure","railClass":"construction","mode":"construction","name":"未命名","service":"yard","tunnel":"yes","status":"construction","color":"#8A9298","dataOrigin":"datum-2026-08-01","sourceKey":"way:1533245431"}},{"type":"Feature","geometry":{"type":"LineString","coordinates":[[113.3523837,23.3515306],[113.3536787,23.3513737],[113.3544216,23.3512794],[113.355165,23.3511862],[113.3553955,23.3511572]]},"properties":{"key":"way:1546373440@detail:453_93","osmType":"way","osmId":1546373440,"sourceRegion":"guangdong","featureType":"infrastructure","railClass":"intercity","mode":"rail","name":"广州东环城际线","nameEn":"Guangzhou East Ring Intercity Railway","operator":"广东城际铁路运营有限公司","usage":"main","bridge":"viaduct","status":"operational","color":"#D85757","dataOrigin":"datum-2026-08-01","sourceKey":"way:1546373440"}},{"type":"Feature","geometry":{"type":"LineString","coordinates":[[113.3523445,23.3513467],[113.3538744,23.3511654],[113.354391,23.3511034],[113.3552036,23.3510059],[113.3553649,23.3509874]]},"properties":{"key":"way:1546373441@detail:453_93","osmType":"way","osmId":1546373441,"sourceRegion":"guangdong","featureType":"infrastructure","railClass":"intercity","mode":"rail","name":"广州东环城际线","nameEn":"Guangzhou East Ring Intercity Railway","operator":"广东城际铁路运营有限公司","usage":"main","bridge":"viaduct","status":"operational","color":"#D85757","dataOrigin":"datum-2026-08-01","sourceKey":"way:1546373441"}},{"type":"Feature","geometry":{"type":"LineString","coordinates":[[113.3565566,23.3509637],[113.35743,23.3508583],[113.3581866,23.3507635],[113.3583982,23.3507356],[113.3593891,23.3506047],[113.3608569,23.3504262]]},"properties":{"key":"way:1546373442@detail:453_93","osmType":"way","osmId":1546373442,"sourceRegion":"guangdong","featureType":"infrastructure","railClass":"intercity","mode":"rail","name":"穗深城际线","nameEn":"Guangzhou-Shenzhen Intercity Railway","ref":"0702","operator":"广东城际铁路运营有限公司","usage":"main","bridge":"yes","status":"operational","color":"#7456A6","dataOrigin":"datum-2026-08-01","sourceKey":"way:1546373442"}},{"type":"Feature","geometry":{"type":"LineString","coordinates":[[113.3565519,23.350918],[113.3559291,23.3509948],[113.3552326,23.3510743],[113.3540973,23.3512035],[113.3533763,23.3512914],[113.352368,23.3514131]]},"properties":{"key":"way:1546373443@detail:453_93","osmType":"way","osmId":1546373443,"sourceRegion":"guangdong","featureType":"infrastructure","railClass":"intercity","mode":"rail","name":"穗深城际线","nameEn":"Guangzhou-Shenzhen Intercity Railway","ref":"0702","operator":"广东城际铁路运营有限公司","usage":"main","bridge":"yes","status":"operational","color":"#7456A6","dataOrigin":"datum-2026-08-01","sourceKey":"way:1546373443"}},{"type":"Feature","geometry":{"type":"LineString","coordinates":[[113.3523717,23.35146],[113.3533835,23.3513373],[113.3536234,23.3513082],[113.3551934,23.3511243],[113.3563057,23.3509962],[113.3565566,23.3509637]]},"properties":{"key":"way:1546373444@detail:453_93","osmType":"way","osmId":1546373444,"sourceRegion":"guangdong","featureType":"infrastructure","railClass":"intercity","mode":"rail","name":"穗深城际线","nameEn":"Guangzhou-Shenzhen Intercity Railway","ref":"0702","operator":"广东城际铁路运营有限公司","usage":"main","bridge":"yes","status":"operational","color":"#7456A6","dataOrigin":"datum-2026-08-01","sourceKey":"way:1546373444"}},{"type":"Feature","geometry":{"type":"LineString","coordinates":[[113.3608504,23.3503845],[113.3595778,23.3505392],[113.3585201,23.3506718],[113.3578877,23.3507526],[113.3575087,23.350801],[113.3568158,23.3508855],[113.3565519,23.350918]]},"properties":{"key":"way:1546373445@detail:453_93","osmType":"way","osmId":1546373445,"sourceRegion":"guangdong","featureType":"infrastructure","railClass":"intercity","mode":"rail","name":"穗深城际线","nameEn":"Guangzhou-Shenzhen Intercity Railway","ref":"0702","operator":"广东城际铁路运营有限公司","usage":"main","bridge":"yes","status":"operational","color":"#7456A6","dataOrigin":"datum-2026-08-01","sourceKey":"way:1546373445"}},{"type":"Feature","geometry":{"type":"MultiLineString","coordinates":[[[113.34969510851583,23.25],[113.349849,23.2504781],[113.3506118,23.2528478]],[[113.3506118,23.2528478],[113.3509666,23.2539159],[113.3526431,23.2588911],[113.354129,23.2641772],[113.3548041,23.2670225],[113.3551777,23.2685969],[113.3629356,23.3080345],[113.3630455,23.3085459],[113.3631429,23.3089933],[113.3633125,23.3095956],[113.3634677,23.3101225],[113.3636084,23.3104937],[113.3638848,23.3111992],[113.3641446,23.3118189],[113.3646401,23.3129975],[113.3649379,23.3137246],[113.3652752,23.3145481]],[[113.3652752,23.3145481],[113.3655822,23.3152364],[113.3663753,23.3171965],[113.3666171,23.3178227],[113.3667687,23.3182602],[113.3668733,23.3186711],[113.3669888,23.3191318],[113.3670827,23.3196261],[113.3671548,23.3200967],[113.3672126,23.3205772],[113.3672378,23.3208986],[113.3672631,23.3214626],[113.3672703,23.321837],[113.3672667,23.3220325],[113.3672378,23.3238441],[113.3672017,23.3260923],[113.3672054,23.3269224],[113.3672378,23.3278773],[113.3672893,23.3285042],[113.3674756,23.3294358],[113.3677624,23.3305123],[113.3681572,23.3316787],[113.3684616,23.3323456],[113.3688832,23.3330639],[113.3693412,23.3337887],[113.3697451,23.3343268],[113.3705733,23.3355168]],[[113.3705733,23.3355168],[113.3712676,23.3365028],[113.3724188,23.338103],[113.3729767,23.3388903],[113.3734603,23.3395761],[113.3736803,23.3399275],[113.373867,23.3402886],[113.3740237,23.3406196],[113.3741417,23.3409672],[113.3742146,23.3412371],[113.3742683,23.3414873],[113.3743241,23.3418057],[113.3743563,23.3420618],[113.3743713,23.3423218],[113.3743756,23.3425243],[113.3743713,23.3427686],[113.3743498,23.3430365],[113.3743284,23.3432419],[113.374279,23.3435295],[113.3742275,23.3437687],[113.3741546,23.3440583],[113.3740838,23.344273],[113.3740008,23.3444842],[113.3738795,23.3447837],[113.3737141,23.3450863],[113.3735745,23.3453231],[113.3733899,23.345614],[113.3731836,23.3458745],[113.3729936,23.3461042],[113.3727918,23.3463257],[113.3725703,23.3465305],[113.3723197,23.3467416],[113.3720739,23.3469352],[113.3717811,23.3471414],[113.3715854,23.347257],[113.37134,23.3473904],[113.3710851,23.3475255],[113.3708651,23.3476216],[113.3706163,23.3477359],[113.3703219,23.3478376],[113.3688225,23.3483206],[113.3674111,23.3487802],[113.3661977,23.349169],[113.3660426,23.3492187],[113.3650546,23.3495366],[113.3644977,23.3496927],[113.3640274,23.3498013],[113.3639147,23.349824]],[[113.3639147,23.349824],[113.3635778,23.3498919],[113.3630923,23.3499657],[113.3626811,23.350027],[113.3621182,23.350098],[113.3620528,23.3501074]],[[113.3553649,23.3509874],[113.3565441,23.3508522],[113.357359,23.3507576],[113.3577152,23.3507103],[113.3580392,23.3506661],[113.3593717,23.3504426],[113.3597043,23.3503953],[113.3608303,23.3502573],[113.3620528,23.3501074]],[[113.3523445,23.3513467],[113.3538744,23.3511654],[113.354391,23.3511034],[113.3552036,23.3510059],[113.3553649,23.3509874]],[[113.3523445,23.3513467],[113.3499944,23.3516161],[113.3492459,23.3516974],[113.348782,23.3517554],[113.3482228,23.3518448],[113.3476927,23.3519604],[113.3471805,23.352107],[113.3467557,23.3522534],[113.346265,23.3524689],[113.3456926,23.352784],[113.3451104,23.3531517],[113.3446369,23.3534836],[113.3444108,23.3536774],[113.3438444,23.3541205],[113.343147,23.3549036],[113.3423826,23.3558664],[113.3402556,23.358612],[113.3384854,23.3608823],[113.3379435,23.3615028],[113.3378638,23.3615791],[113.33768,23.361773],[113.3374668,23.3619737],[113.3372529,23.3621701],[113.3371416,23.3622778],[113.3368009,23.3625468],[113.336361,23.3628324],[113.3361143,23.3629802],[113.3359158,23.363091],[113.3357361,23.3631919],[113.3355188,23.3633003],[113.3352077,23.3634381],[113.3341777,23.3638075],[113.3331639,23.3641571],[113.3327084,23.3643076],[113.332268,23.3644575],[113.3317584,23.3646053],[113.3312597,23.3647666],[113.3311951,23.3647875],[113.3305977,23.3649921],[113.3300686,23.3651667],[113.3296072,23.3653193],[113.3291727,23.3654621],[113.3287382,23.3655803],[113.3283359,23.3656887],[113.3279765,23.3657625],[113.3276492,23.3658118],[113.3274078,23.3658413],[113.327145,23.3658536]],[[113.327145,23.3658536],[113.3262414,23.3658707],[113.3254827,23.3658533],[113.3237614,23.365752],[113.3231839,23.3657484],[113.3225855,23.365753],[113.3216351,23.3658219],[113.3207823,23.3658978],[113.3203014,23.3659771],[113.319318,23.3661454],[113.3181968,23.3663749],[113.3169228,23.3666113],[113.3162011,23.3667422],[113.3158483,23.3668153],[113.3146958,23.367064],[113.3130031,23.3674292],[113.3115458,23.3678812],[113.3097555,23.3683736],[113.308603,23.3687311],[113.3076972,23.3690187],[113.3070716,23.369234],[113.3065888,23.3694638],[113.3056023,23.3701043],[113.3045514,23.3708096],[113.3031635,23.3718289],[113.3016714,23.3730392],[113.300338,23.374236],[113.2993218,23.3751824],[113.298722,23.3758877],[113.2984543,23.3763472],[113.2982164,23.3768659],[113.2977702,23.3779853],[113.2973011,23.379479],[113.2970086,23.3807697],[113.2968682,23.3818215],[113.2968545,23.3824116],[113.296971,23.3829423],[113.2973977,23.3840984],[113.2977068,23.3851093],[113.2980274,23.3857757],[113.298432,23.3866167],[113.2995153,23.3890124],[113.2996069,23.3894267],[113.299886,23.3902759],[113.3000099,23.3909857],[113.2999752,23.3914088],[113.2999157,23.3920548],[113.2998662,23.3926372],[113.299772,23.3934789],[113.2997373,23.3940385],[113.2997422,23.3944934],[113.2998857,23.3954311],[113.3000589,23.3961445]],[[113.3000589,23.3961445],[113.3004462,23.3975095],[113.300764,23.3986107]],[[113.300764,23.3986107],[113.302777,23.4061285],[113.3037497,23.4098843],[113.3040391,23.4111074],[113.3046311,23.4133497],[113.3054729,23.4164892],[113.3055258,23.416774],[113.3055928,23.4171257],[113.3056396,23.417578],[113.305669,23.4179149],[113.3056687,23.4184048],[113.3056203,23.4189093],[113.3055,23.4193803],[113.3054068,23.4196255],[113.3053014,23.4198213],[113.3051874,23.419994],[113.3050584,23.4201602],[113.3049194,23.420319],[113.3047139,23.4205304],[113.3044761,23.4207568],[113.3039746,23.4211602],[113.303606,23.421398],[113.3032757,23.4215665],[113.3027897,23.421767],[113.3021975,23.4219668],[113.3016094,23.4221378],[113.3010664,23.4222798],[113.2999748,23.4225513],[113.2978689,23.4230455],[113.2857038,23.4257895],[113.2844461,23.4260839],[113.2835541,23.4262401],[113.2824832,23.4263965],[113.2808106,23.4265129],[113.2794082,23.4266197],[113.2757448,23.4269643]],[[113.2757448,23.4269643],[113.2719043,23.4272792],[113.2662152,23.4277535]],[[113.2662152,23.4277535],[113.265577,23.4277817],[113.2633599,23.4279784],[113.2611638,23.4281708],[113.2603871,23.4282608]],[[113.2603871,23.4282608],[113.25,23.429442839417263]]]},"properties":{"key":"relation:20107348@detail:453_93","osmType":"relation","osmId":20107348,"sourceRegion":"guangdong","featureType":"service","railClass":"intercity","mode":"train","name":"广州东环-广佛南环-广肇城际：肇庆=>花都","nameEn":"Guangzhou East Ring - Guangzhou-Foshan South Ring - Guangzhou-Zhaoqing ICR Trains: Zhaoqing => Huadu","operator":"广东城际铁路运营有限公司","status":"operational","color":"#C97932","dataOrigin":"datum-2026-08-01","sourceKey":"relation:20107348"}},{"type":"Feature","geometry":{"type":"MultiLineString","coordinates":[[[113.3608569,23.3504262],[113.3620372,23.3502824]],[[113.3620372,23.3502824],[113.3626985,23.3501968],[113.3630616,23.3501423],[113.3632269,23.3501144],[113.3634725,23.3500651],[113.3636816,23.3500141],[113.3639442,23.3499496]],[[113.3639442,23.3499496],[113.3645521,23.3497685],[113.365062,23.3496128],[113.3657711,23.3493862],[113.366222,23.3492414],[113.367116,23.3489542],[113.3674056,23.3488612],[113.3681601,23.3486107],[113.3694789,23.3481899],[113.3696742,23.3481281],[113.3698129,23.3480843],[113.3703275,23.3479179],[113.3730486,23.3470731],[113.3745759,23.3466293],[113.3752426,23.3464546],[113.3759808,23.3462622],[113.3776306,23.3458595],[113.3846789,23.3441516],[113.3854136,23.3439773],[113.3866742,23.3436876],[113.3873235,23.3435492],[113.3879563,23.3434385],[113.3882496,23.3434012],[113.3918514,23.342922],[113.3941515,23.3425962],[113.3965729,23.3422577],[113.3969872,23.3421805],[113.3978652,23.342073],[113.3983894,23.3419892]],[[113.3992727,23.3418499],[113.3992095,23.3418581],[113.3983894,23.3419892]],[[113.407015,23.3424289],[113.4068119,23.3423646],[113.4064553,23.3422607],[113.4059646,23.3421257],[113.405384,23.3419914],[113.4048418,23.3418824],[113.4041641,23.3417673],[113.4036438,23.341704],[113.4031529,23.3416671],[113.4027338,23.341657],[113.4017469,23.3416879],[113.40119,23.3417085],[113.4006386,23.3417339],[113.4001358,23.3417743],[113.3996434,23.3418144],[113.3992727,23.3418499]],[[113.4085685,23.3430202],[113.407882,23.3427374],[113.4075534,23.3426109],[113.4072048,23.342489],[113.407015,23.3424289]],[[113.4230444,23.3527915],[113.4217839,23.3512021],[113.4210739,23.3504305],[113.4202218,23.3495789],[113.4193653,23.3488248],[113.4183582,23.3480058],[113.4169576,23.3471343],[113.4154623,23.3462759],[113.4139554,23.3454473],[113.412595,23.3447677],[113.4111672,23.3441326],[113.409399,23.3433775],[113.4085685,23.3430202]],[[113.4230444,23.3527915],[113.4231014,23.3528678]],[[113.4231014,23.3528678],[113.4244304,23.3545982],[113.4248352,23.3551034],[113.4251439,23.3554704],[113.425521,23.3558899],[113.4258992,23.3562895],[113.4262859,23.356655],[113.426529,23.3568766],[113.4268204,23.3571383],[113.4272389,23.3574893],[113.4276913,23.3578431],[113.4280512,23.3580954],[113.4285266,23.3584144],[113.4290293,23.3587244],[113.4293215,23.3588892],[113.4295803,23.359029],[113.4300817,23.3592822],[113.4303823,23.359416],[113.4306369,23.3595263],[113.4310201,23.359683],[113.4315316,23.3598765],[113.4319439,23.3600169],[113.4323965,23.3601623],[113.4329171,23.3603153],[113.4336421,23.360526],[113.4348543,23.3608721],[113.4362884,23.3612732],[113.4380317,23.3617709]],[[113.4380317,23.3617709],[113.4404203,23.362453],[113.440555,23.3624912]],[[113.440555,23.3624912],[113.4419518,23.362888],[113.4440791,23.3634923],[113.444664,23.3636417],[113.4451374,23.3637519],[113.4459978,23.3639335],[113.4465943,23.3640373],[113.447152,23.3641265],[113.4484915,23.3643005],[113.4526046,23.3648387],[113.453205,23.3649301],[113.4535231,23.3649792],[113.4538274,23.3650371],[113.4541949,23.3651129],[113.4545293,23.3651824],[113.4548838,23.3652687],[113.4553514,23.365386],[113.455895,23.3655474],[113.4563019,23.3656708],[113.4566627,23.3657908],[113.4571188,23.3659524],[113.4579739,23.3662665],[113.4864253,23.3769832],[113.4869732,23.3771735],[113.4872573,23.3772645],[113.4875775,23.3773604],[113.4879551,23.3774674],[113.4882333,23.3775363],[113.4886623,23.3776386],[113.4890072,23.3777136],[113.4894167,23.3777875],[113.4898543,23.3778653],[113.4902754,23.3779248],[113.4914046,23.3780589],[113.492809,23.3782146],[113.5,23.379011872229405]]]},"properties":{"key":"relation:21171637@detail:453_93","osmType":"relation","osmId":21171637,"sourceRegion":"guangdong","featureType":"service","railClass":"intercity","mode":"train","name":"穗深城际快车：竹料=>深圳机场","nameEn":"Guangzhou-Shenzhen ICR Trains Express: Zhuliao => Shenzhen Airport","operator":"广东城际铁路运营有限公司","network":"珠三角城际","status":"operational","color":"#7456A6","dataOrigin":"datum-2026-08-01","sourceKey":"relation:21171637"}},{"type":"Feature","geometry":{"type":"MultiLineString","coordinates":[[[113.300242,23.3960918],[113.3005975,23.3974703],[113.300819,23.398251],[113.3009216,23.3985898]],[[113.3271473,23.3659062],[113.3262525,23.3659236],[113.3254597,23.365903],[113.3237346,23.3658354],[113.3232008,23.3658326],[113.3223038,23.3658484],[113.3214262,23.3659142],[113.3204298,23.3660377],[113.3199182,23.3661381],[113.3194495,23.3662238],[113.3185416,23.3664048],[113.3162432,23.3668492],[113.3147324,23.3671836],[113.3130003,23.3675669],[113.3115923,23.3679851],[113.3106109,23.3682715],[113.3096853,23.3685517],[113.3090324,23.3687629],[113.3083372,23.3689726],[113.3077999,23.369168],[113.3073142,23.3693685],[113.3068799,23.3695671],[113.3064453,23.3697823],[113.3059928,23.3700478],[113.3054338,23.3704147],[113.3049692,23.3707656],[113.3042539,23.3712939],[113.302793,23.3723882],[113.3017375,23.3731489],[113.3001244,23.3745823],[113.2996728,23.374998],[113.2992949,23.3753955],[113.298974,23.3757453],[113.2988448,23.3759003],[113.2986759,23.3761535],[113.298555,23.3763803],[113.2984354,23.3766057],[113.2982977,23.3769295],[113.2982002,23.3771551],[113.2981371,23.3773262],[113.2979568,23.3778719],[113.297623,23.3789088],[113.2973351,23.379986],[113.2971401,23.3807833],[113.2970736,23.3812132],[113.2970375,23.3815252],[113.2969896,23.3818099],[113.2969739,23.382012],[113.2969725,23.3821535],[113.296991,23.3825027],[113.2970919,23.3829937],[113.2971526,23.3832075],[113.2972653,23.3835723],[113.2974518,23.3840628],[113.2980459,23.3854855],[113.298166,23.3857462],[113.298378,23.3862063],[113.2990959,23.3877858],[113.2995704,23.3888525],[113.2998813,23.3899647],[113.2999879,23.3903343],[113.300055,23.390636],[113.3000804,23.3908567],[113.300088,23.3911831],[113.300086,23.39138],[113.3000698,23.3915796],[113.2999933,23.3920686],[113.2999304,23.3930099],[113.299901,23.3939606],[113.2999589,23.3946589],[113.300037,23.3952958],[113.300242,23.3960918]],[[113.3271473,23.3659062],[113.3274086,23.365887],[113.3276576,23.3658589],[113.3279536,23.365821],[113.3282927,23.3657524],[113.3287586,23.3656352],[113.3291849,23.3655253],[113.3296191,23.3653822],[113.3300876,23.3652183],[113.3306135,23.3650423],[113.3312147,23.3648372],[113.3317732,23.3646562],[113.3322902,23.3644988],[113.332709,23.3643616],[113.3331793,23.3642073],[113.3341998,23.3638645],[113.335219,23.3634957],[113.3355418,23.3633424],[113.3357527,23.3632295],[113.3359545,23.3631351],[113.3361355,23.3630353],[113.3363807,23.3628856],[113.3368126,23.3625951],[113.3371642,23.3623255],[113.3375011,23.362035],[113.3377171,23.3618066],[113.3378924,23.3616476],[113.3380891,23.361425],[113.3382953,23.3611813],[113.3385384,23.3608907],[113.3389166,23.3604009],[113.3399335,23.3591084],[113.3406793,23.3581497],[113.3411376,23.357557],[113.3419096,23.3565624],[113.3424156,23.3559175],[113.3428907,23.3553239],[113.3433655,23.3548128],[113.3438908,23.3542676],[113.344278,23.3539414],[113.3449282,23.3534694],[113.3452982,23.3532371],[113.3457901,23.3529541],[113.3464781,23.3526492],[113.3475368,23.3522765],[113.3483027,23.3521126],[113.3488265,23.3520145],[113.3496308,23.3518958],[113.3523837,23.3515306]],[[113.3523837,23.3515306],[113.3536787,23.3513737],[113.3544216,23.3512794],[113.355165,23.3511862],[113.3553955,23.3511572]],[[113.3565566,23.3509637],[113.3553955,23.3511572]],[[113.3565566,23.3509637],[113.35743,23.3508583],[113.3581866,23.3507635],[113.3583982,23.3507356],[113.3593891,23.3506047],[113.3608569,23.3504262]],[[113.3608569,23.3504262],[113.3620372,23.3502824]],[[113.3620372,23.3502824],[113.3626985,23.3501968],[113.3630616,23.3501423],[113.3632269,23.3501144],[113.3634725,23.3500651],[113.3636816,23.3500141],[113.3639442,23.3499496]],[[113.3639442,23.3499496],[113.3645521,23.3497685],[113.365062,23.3496128],[113.3657711,23.3493862],[113.366222,23.3492414],[113.367116,23.3489542],[113.3674056,23.3488612],[113.3681601,23.3486107],[113.3694789,23.3481899],[113.3696742,23.3481281],[113.3698129,23.3480843],[113.3703275,23.3479179],[113.3730486,23.3470731],[113.3745759,23.3466293],[113.3752426,23.3464546],[113.3759808,23.3462622],[113.3776306,23.3458595],[113.3846789,23.3441516],[113.3854136,23.3439773],[113.3866742,23.3436876],[113.3873235,23.3435492],[113.3879563,23.3434385],[113.3882496,23.3434012],[113.3918514,23.342922],[113.3941515,23.3425962],[113.3965729,23.3422577],[113.3969872,23.3421805],[113.3978652,23.342073],[113.3983894,23.3419892]],[[113.3992727,23.3418499],[113.3992095,23.3418581],[113.3983894,23.3419892]],[[113.407015,23.3424289],[113.4068119,23.3423646],[113.4064553,23.3422607],[113.4059646,23.3421257],[113.405384,23.3419914],[113.4048418,23.3418824],[113.4041641,23.3417673],[113.4036438,23.341704],[113.4031529,23.3416671],[113.4027338,23.341657],[113.4017469,23.3416879],[113.40119,23.3417085],[113.4006386,23.3417339],[113.4001358,23.3417743],[113.3996434,23.3418144],[113.3992727,23.3418499]],[[113.4085685,23.3430202],[113.407882,23.3427374],[113.4075534,23.3426109],[113.4072048,23.342489],[113.407015,23.3424289]],[[113.4230444,23.3527915],[113.4217839,23.3512021],[113.4210739,23.3504305],[113.4202218,23.3495789],[113.4193653,23.3488248],[113.4183582,23.3480058],[113.4169576,23.3471343],[113.4154623,23.3462759],[113.4139554,23.3454473],[113.412595,23.3447677],[113.4111672,23.3441326],[113.409399,23.3433775],[113.4085685,23.3430202]],[[113.4230444,23.3527915],[113.4231014,23.3528678]],[[113.4231014,23.3528678],[113.4244304,23.3545982],[113.4248352,23.3551034],[113.4251439,23.3554704],[113.425521,23.3558899],[113.4258992,23.3562895],[113.4262859,23.356655],[113.426529,23.3568766],[113.4268204,23.3571383],[113.4272389,23.3574893],[113.4276913,23.3578431],[113.4280512,23.3580954],[113.4285266,23.3584144],[113.4290293,23.3587244],[113.4293215,23.3588892],[113.4295803,23.359029],[113.4300817,23.3592822],[113.4303823,23.359416],[113.4306369,23.3595263],[113.4310201,23.359683],[113.4315316,23.3598765],[113.4319439,23.3600169],[113.4323965,23.3601623],[113.4329171,23.3603153],[113.4336421,23.360526],[113.4348543,23.3608721],[113.4362884,23.3612732],[113.4380317,23.3617709]],[[113.4380317,23.3617709],[113.4404203,23.362453],[113.440555,23.3624912]],[[113.440555,23.3624912],[113.4419518,23.362888],[113.4440791,23.3634923],[113.444664,23.3636417],[113.4451374,23.3637519],[113.4459978,23.3639335],[113.4465943,23.3640373],[113.447152,23.3641265],[113.4484915,23.3643005],[113.4526046,23.3648387],[113.453205,23.3649301],[113.4535231,23.3649792],[113.4538274,23.3650371],[113.4541949,23.3651129],[113.4545293,23.3651824],[113.4548838,23.3652687],[113.4553514,23.365386],[113.455895,23.3655474],[113.4563019,23.3656708],[113.4566627,23.3657908],[113.4571188,23.3659524],[113.4579739,23.3662665],[113.4864253,23.3769832],[113.4869732,23.3771735],[113.4872573,23.3772645],[113.4875775,23.3773604],[113.4879551,23.3774674],[113.4882333,23.3775363],[113.4886623,23.3776386],[113.4890072,23.3777136],[113.4894167,23.3777875],[113.4898543,23.3778653],[113.4902754,23.3779248],[113.4914046,23.3780589],[113.492809,23.3782146],[113.5,23.379011872229405]]]},"properties":{"key":"relation:21171638@detail:453_93","osmType":"relation","osmId":21171638,"sourceRegion":"guangdong","featureType":"service","railClass":"intercity","mode":"train","name":"穗深城际快车：白云机场北=>深圳机场","nameEn":"Guangzhou-Shenzhen ICR Trains Express: Baiyun Airport North => Shenzhen Airport","operator":"广东城际铁路运营有限公司","network":"珠三角城际","status":"operational","color":"#7456A6","dataOrigin":"datum-2026-08-01","sourceKey":"relation:21171638"}},{"type":"Feature","geometry":{"type":"MultiLineString","coordinates":[[[113.5,23.378975829760748],[113.4928135,23.3781823],[113.4914039,23.3780267],[113.4904632,23.3779111],[113.490077,23.3778597],[113.4896476,23.3777902],[113.4893632,23.3777426],[113.4889157,23.3776532],[113.4885404,23.377572],[113.4881687,23.3774859],[113.487898,23.377413],[113.4876526,23.3773435],[113.4872276,23.3772159],[113.4868346,23.3770835],[113.4865348,23.3769863],[113.48627,23.3768876],[113.4858441,23.376731],[113.4580506,23.3662578],[113.4572817,23.3659704],[113.4569793,23.3658591],[113.4567484,23.3657818],[113.456594,23.3657268],[113.4562739,23.3656146],[113.4558777,23.3654926],[113.4555617,23.3654056],[113.455291,23.3653307],[113.4546925,23.3651818],[113.4543391,23.3651026],[113.4540306,23.3650386],[113.4533571,23.3649176],[113.4529459,23.3648482],[113.4526469,23.364807],[113.4522698,23.3647538],[113.4479836,23.3642009],[113.4475513,23.3641489],[113.4472593,23.3641053],[113.4469772,23.3640653],[113.4466822,23.364018],[113.4464204,23.3639737],[113.4459519,23.3638862],[113.4457298,23.3638448],[113.4452354,23.3637365],[113.4449815,23.3636805],[113.4447501,23.3636276],[113.4445407,23.3635746],[113.4442408,23.3634979],[113.4440549,23.3634456],[113.4438569,23.3633934],[113.4428986,23.3631235],[113.4419605,23.3628565],[113.4405669,23.362458]],[[113.4405669,23.362458],[113.4380429,23.3617364]],[[113.4380429,23.3617364],[113.4362957,23.3612445],[113.4336074,23.3604795],[113.4330408,23.3603161],[113.4325183,23.360165],[113.4321923,23.3600637],[113.4318945,23.3599623],[113.4316602,23.359881],[113.4312252,23.3597265],[113.4308953,23.3595954],[113.4306361,23.3594872],[113.4304208,23.359394],[113.4301441,23.3592686],[113.4299348,23.3591674],[113.4297369,23.3590699],[113.4295067,23.3589476],[113.4292823,23.3588246],[113.4290395,23.3586893],[113.4287931,23.3585392],[113.4285454,23.3583834],[113.428216,23.3581576],[113.4277431,23.3578312],[113.4275207,23.3576559],[113.4270742,23.3573045],[113.4267535,23.3570216],[113.4263356,23.3566452],[113.4261362,23.3564633],[113.4259319,23.3562564],[113.4256123,23.3559358],[113.4254175,23.3557198],[113.4250794,23.35534],[113.4245441,23.3546871],[113.4231404,23.3528462]],[[113.4231404,23.3528462],[113.4231236,23.3528242],[113.4231046,23.3527993],[113.423083,23.3527709]],[[113.423083,23.3527709],[113.4222213,23.3516682],[113.4216865,23.3509859],[113.4212311,23.3505076],[113.4206948,23.3499703],[113.4198282,23.3491502],[113.4190199,23.3484723],[113.4184652,23.3479992],[113.4174839,23.3473923],[113.4165087,23.3467964],[113.4142141,23.3455085],[113.412756,23.3447676],[113.4115199,23.3442147],[113.4085812,23.3429914]],[[113.4085812,23.3429914],[113.4082235,23.3428385],[113.4077191,23.3426326],[113.4073555,23.3425035],[113.4070682,23.3424043],[113.4070276,23.3423918]],[[113.4070276,23.3423918],[113.4068319,23.3423316],[113.4063889,23.342205],[113.4060782,23.3421202],[113.4055449,23.3419821],[113.405002,23.341867],[113.4045554,23.341792],[113.4040943,23.3417204],[113.4036042,23.3416576],[113.4032378,23.3416198],[113.4030349,23.3416115],[113.4027366,23.3416045],[113.4024385,23.3416131],[113.4007159,23.3416843],[113.4002793,23.3417141],[113.3998898,23.3417424],[113.3993656,23.3417937],[113.3992646,23.3418055]],[[113.3992646,23.3418055],[113.3983858,23.341948]],[[113.3983858,23.341948],[113.3982183,23.3419752],[113.3976056,23.342069],[113.3970651,23.3421471],[113.390126,23.3431146],[113.3882191,23.3433501],[113.3877581,23.3434238],[113.3873011,23.3435046],[113.3866588,23.3436434],[113.3855249,23.3439039],[113.384179,23.3442306],[113.3761606,23.3461769],[113.3753674,23.3463786],[113.374669,23.3465611],[113.3741656,23.3467044],[113.3728844,23.3470771],[113.3704887,23.3478289],[113.3692929,23.3482036],[113.3688527,23.3483505],[113.3685816,23.348437],[113.3680145,23.3486179],[113.3656086,23.3494024],[113.3652461,23.3495185]],[[113.3652461,23.3495185],[113.3639279,23.3499105],[113.3636681,23.349981],[113.3633413,23.3500557],[113.3631125,23.3501003],[113.3627141,23.3501599],[113.3623297,23.3502079],[113.3620293,23.3502427]],[[113.3620293,23.3502427],[113.3617289,23.3502775],[113.3608504,23.3503845]],[[113.3608504,23.3503845],[113.3595778,23.3505392],[113.3585201,23.3506718],[113.3578877,23.3507526],[113.3575087,23.350801],[113.3568158,23.3508855],[113.3565519,23.350918]],[[113.3565519,23.350918],[113.3553649,23.3509874]],[[113.3523445,23.3513467],[113.3538744,23.3511654],[113.354391,23.3511034],[113.3552036,23.3510059],[113.3553649,23.3509874]],[[113.3523445,23.3513467],[113.3499944,23.3516161],[113.3492459,23.3516974],[113.348782,23.3517554],[113.3482228,23.3518448],[113.3476927,23.3519604],[113.3471805,23.352107],[113.3467557,23.3522534],[113.346265,23.3524689],[113.3456926,23.352784],[113.3451104,23.3531517],[113.3446369,23.3534836],[113.3444108,23.3536774],[113.3438444,23.3541205],[113.343147,23.3549036],[113.3423826,23.3558664],[113.3402556,23.358612],[113.3384854,23.3608823],[113.3379435,23.3615028],[113.3378638,23.3615791],[113.33768,23.361773],[113.3374668,23.3619737],[113.3372529,23.3621701],[113.3371416,23.3622778],[113.3368009,23.3625468],[113.336361,23.3628324],[113.3361143,23.3629802],[113.3359158,23.363091],[113.3357361,23.3631919],[113.3355188,23.3633003],[113.3352077,23.3634381],[113.3341777,23.3638075],[113.3331639,23.3641571],[113.3327084,23.3643076],[113.332268,23.3644575],[113.3317584,23.3646053],[113.3312597,23.3647666],[113.3311951,23.3647875],[113.3305977,23.3649921],[113.3300686,23.3651667],[113.3296072,23.3653193],[113.3291727,23.3654621],[113.3287382,23.3655803],[113.3283359,23.3656887],[113.3279765,23.3657625],[113.3276492,23.3658118],[113.3274078,23.3658413],[113.327145,23.3658536]],[[113.327145,23.3658536],[113.3262414,23.3658707],[113.3254827,23.3658533],[113.3237614,23.365752],[113.3231839,23.3657484],[113.3225855,23.365753],[113.3216351,23.3658219],[113.3207823,23.3658978],[113.3203014,23.3659771],[113.319318,23.3661454],[113.3181968,23.3663749],[113.3169228,23.3666113],[113.3162011,23.3667422],[113.3158483,23.3668153],[113.3146958,23.367064],[113.3130031,23.3674292],[113.3115458,23.3678812],[113.3097555,23.3683736],[113.308603,23.3687311],[113.3076972,23.3690187],[113.3070716,23.369234],[113.3065888,23.3694638],[113.3056023,23.3701043],[113.3045514,23.3708096],[113.3031635,23.3718289],[113.3016714,23.3730392],[113.300338,23.374236],[113.2993218,23.3751824],[113.298722,23.3758877],[113.2984543,23.3763472],[113.2982164,23.3768659],[113.2977702,23.3779853],[113.2973011,23.379479],[113.2970086,23.3807697],[113.2968682,23.3818215],[113.2968545,23.3824116],[113.296971,23.3829423],[113.2973977,23.3840984],[113.2977068,23.3851093],[113.2980274,23.3857757],[113.298432,23.3866167],[113.2995153,23.3890124],[113.2996069,23.3894267],[113.299886,23.3902759],[113.3000099,23.3909857],[113.2999752,23.3914088],[113.2999157,23.3920548],[113.2998662,23.3926372],[113.299772,23.3934789],[113.2997373,23.3940385],[113.2997422,23.3944934],[113.2998857,23.3954311],[113.3000589,23.3961445]],[[113.3000589,23.3961445],[113.3004462,23.3975095],[113.300764,23.3986107]]]},"properties":{"key":"relation:21171639@detail:453_93","osmType":"relation","osmId":21171639,"sourceRegion":"guangdong","featureType":"service","railClass":"intercity","mode":"train","name":"穗深城际快车：深圳机场=>白云机场北","nameEn":"Guangzhou-Shenzhen ICR Trains Express: Shenzhen Airport => Baiyun Airport North","operator":"广东城际铁路运营有限公司","network":"珠三角城际","status":"operational","color":"#7456A6","dataOrigin":"datum-2026-08-01","sourceKey":"relation:21171639"}},{"type":"Feature","geometry":{"type":"MultiLineString","coordinates":[[[113.3608569,23.3504262],[113.3620372,23.3502824]],[[113.3620372,23.3502824],[113.3626985,23.3501968],[113.3630616,23.3501423],[113.3632269,23.3501144],[113.3634725,23.3500651],[113.3636816,23.3500141],[113.3639442,23.3499496]],[[113.3639442,23.3499496],[113.3645521,23.3497685],[113.365062,23.3496128],[113.3657711,23.3493862],[113.366222,23.3492414],[113.367116,23.3489542],[113.3674056,23.3488612],[113.3681601,23.3486107],[113.3694789,23.3481899],[113.3696742,23.3481281],[113.3698129,23.3480843],[113.3703275,23.3479179],[113.3730486,23.3470731],[113.3745759,23.3466293],[113.3752426,23.3464546],[113.3759808,23.3462622],[113.3776306,23.3458595],[113.3846789,23.3441516],[113.3854136,23.3439773],[113.3866742,23.3436876],[113.3873235,23.3435492],[113.3879563,23.3434385],[113.3882496,23.3434012],[113.3918514,23.342922],[113.3941515,23.3425962],[113.3965729,23.3422577],[113.3969872,23.3421805],[113.3978652,23.342073],[113.3983894,23.3419892]],[[113.3992727,23.3418499],[113.3992095,23.3418581],[113.3983894,23.3419892]],[[113.407015,23.3424289],[113.4068119,23.3423646],[113.4064553,23.3422607],[113.4059646,23.3421257],[113.405384,23.3419914],[113.4048418,23.3418824],[113.4041641,23.3417673],[113.4036438,23.341704],[113.4031529,23.3416671],[113.4027338,23.341657],[113.4017469,23.3416879],[113.40119,23.3417085],[113.4006386,23.3417339],[113.4001358,23.3417743],[113.3996434,23.3418144],[113.3992727,23.3418499]],[[113.4085685,23.3430202],[113.407882,23.3427374],[113.4075534,23.3426109],[113.4072048,23.342489],[113.407015,23.3424289]],[[113.4230444,23.3527915],[113.4217839,23.3512021],[113.4210739,23.3504305],[113.4202218,23.3495789],[113.4193653,23.3488248],[113.4183582,23.3480058],[113.4169576,23.3471343],[113.4154623,23.3462759],[113.4139554,23.3454473],[113.412595,23.3447677],[113.4111672,23.3441326],[113.409399,23.3433775],[113.4085685,23.3430202]],[[113.4230444,23.3527915],[113.4231014,23.3528678]],[[113.4231014,23.3528678],[113.4244304,23.3545982],[113.4248352,23.3551034],[113.4251439,23.3554704],[113.425521,23.3558899],[113.4258992,23.3562895],[113.4262859,23.356655],[113.426529,23.3568766],[113.4268204,23.3571383],[113.4272389,23.3574893],[113.4276913,23.3578431],[113.4280512,23.3580954],[113.4285266,23.3584144],[113.4290293,23.3587244],[113.4293215,23.3588892],[113.4295803,23.359029],[113.4300817,23.3592822],[113.4303823,23.359416],[113.4306369,23.3595263],[113.4310201,23.359683],[113.4315316,23.3598765],[113.4319439,23.3600169],[113.4323965,23.3601623],[113.4329171,23.3603153],[113.4336421,23.360526],[113.4348543,23.3608721],[113.4362884,23.3612732],[113.4380317,23.3617709]],[[113.4380317,23.3617709],[113.4404203,23.362453],[113.440555,23.3624912]],[[113.440555,23.3624912],[113.4419518,23.362888],[113.4440791,23.3634923],[113.444664,23.3636417],[113.4451374,23.3637519],[113.4459978,23.3639335],[113.4465943,23.3640373],[113.447152,23.3641265],[113.4484915,23.3643005],[113.4526046,23.3648387],[113.453205,23.3649301],[113.4535231,23.3649792],[113.4538274,23.3650371],[113.4541949,23.3651129],[113.4545293,23.3651824],[113.4548838,23.3652687],[113.4553514,23.365386],[113.455895,23.3655474],[113.4563019,23.3656708],[113.4566627,23.3657908],[113.4571188,23.3659524],[113.4579739,23.3662665],[113.4864253,23.3769832],[113.4869732,23.3771735],[113.4872573,23.3772645],[113.4875775,23.3773604],[113.4879551,23.3774674],[113.4882333,23.3775363],[113.4886623,23.3776386],[113.4890072,23.3777136],[113.4894167,23.3777875],[113.4898543,23.3778653],[113.4902754,23.3779248],[113.4914046,23.3780589],[113.492809,23.3782146],[113.5,23.379011872229405]]]},"properties":{"key":"relation:21171640@detail:453_93","osmType":"relation","osmId":21171640,"sourceRegion":"guangdong","featureType":"service","railClass":"intercity","mode":"train","name":"穗深城际：竹料=>深圳机场","nameEn":"Guangzhou-Shenzhen ICR Trains: Zhuliao => Shenzhen Airport","operator":"广东城际铁路运营有限公司","network":"珠三角城际","status":"operational","color":"#7456A6","dataOrigin":"datum-2026-08-01","sourceKey":"relation:21171640"}},{"type":"Feature","geometry":{"type":"MultiLineString","coordinates":[[[113.5,23.378975829760748],[113.4928135,23.3781823],[113.4914039,23.3780267],[113.4904632,23.3779111],[113.490077,23.3778597],[113.4896476,23.3777902],[113.4893632,23.3777426],[113.4889157,23.3776532],[113.4885404,23.377572],[113.4881687,23.3774859],[113.487898,23.377413],[113.4876526,23.3773435],[113.4872276,23.3772159],[113.4868346,23.3770835],[113.4865348,23.3769863],[113.48627,23.3768876],[113.4858441,23.376731],[113.4580506,23.3662578],[113.4572817,23.3659704],[113.4569793,23.3658591],[113.4567484,23.3657818],[113.456594,23.3657268],[113.4562739,23.3656146],[113.4558777,23.3654926],[113.4555617,23.3654056],[113.455291,23.3653307],[113.4546925,23.3651818],[113.4543391,23.3651026],[113.4540306,23.3650386],[113.4533571,23.3649176],[113.4529459,23.3648482],[113.4526469,23.364807],[113.4522698,23.3647538],[113.4479836,23.3642009],[113.4475513,23.3641489],[113.4472593,23.3641053],[113.4469772,23.3640653],[113.4466822,23.364018],[113.4464204,23.3639737],[113.4459519,23.3638862],[113.4457298,23.3638448],[113.4452354,23.3637365],[113.4449815,23.3636805],[113.4447501,23.3636276],[113.4445407,23.3635746],[113.4442408,23.3634979],[113.4440549,23.3634456],[113.4438569,23.3633934],[113.4428986,23.3631235],[113.4419605,23.3628565],[113.4405669,23.362458]],[[113.4405669,23.362458],[113.4380429,23.3617364]],[[113.4380429,23.3617364],[113.4362957,23.3612445],[113.4336074,23.3604795],[113.4330408,23.3603161],[113.4325183,23.360165],[113.4321923,23.3600637],[113.4318945,23.3599623],[113.4316602,23.359881],[113.4312252,23.3597265],[113.4308953,23.3595954],[113.4306361,23.3594872],[113.4304208,23.359394],[113.4301441,23.3592686],[113.4299348,23.3591674],[113.4297369,23.3590699],[113.4295067,23.3589476],[113.4292823,23.3588246],[113.4290395,23.3586893],[113.4287931,23.3585392],[113.4285454,23.3583834],[113.428216,23.3581576],[113.4277431,23.3578312],[113.4275207,23.3576559],[113.4270742,23.3573045],[113.4267535,23.3570216],[113.4263356,23.3566452],[113.4261362,23.3564633],[113.4259319,23.3562564],[113.4256123,23.3559358],[113.4254175,23.3557198],[113.4250794,23.35534],[113.4245441,23.3546871],[113.4231404,23.3528462]],[[113.4231404,23.3528462],[113.4231236,23.3528242],[113.4231046,23.3527993],[113.423083,23.3527709]],[[113.423083,23.3527709],[113.4222213,23.3516682],[113.4216865,23.3509859],[113.4212311,23.3505076],[113.4206948,23.3499703],[113.4198282,23.3491502],[113.4190199,23.3484723],[113.4184652,23.3479992],[113.4174839,23.3473923],[113.4165087,23.3467964],[113.4142141,23.3455085],[113.412756,23.3447676],[113.4115199,23.3442147],[113.4085812,23.3429914]],[[113.4085812,23.3429914],[113.4082235,23.3428385],[113.4077191,23.3426326],[113.4073555,23.3425035],[113.4070682,23.3424043],[113.4070276,23.3423918]],[[113.4070276,23.3423918],[113.4068319,23.3423316],[113.4063889,23.342205],[113.4060782,23.3421202],[113.4055449,23.3419821],[113.405002,23.341867],[113.4045554,23.341792],[113.4040943,23.3417204],[113.4036042,23.3416576],[113.4032378,23.3416198],[113.4030349,23.3416115],[113.4027366,23.3416045],[113.4024385,23.3416131],[113.4007159,23.3416843],[113.4002793,23.3417141],[113.3998898,23.3417424],[113.3993656,23.3417937],[113.3992646,23.3418055]],[[113.3992646,23.3418055],[113.3983858,23.341948]],[[113.3983858,23.341948],[113.3982183,23.3419752],[113.3976056,23.342069],[113.3970651,23.3421471],[113.390126,23.3431146],[113.3882191,23.3433501],[113.3877581,23.3434238],[113.3873011,23.3435046],[113.3866588,23.3436434],[113.3855249,23.3439039],[113.384179,23.3442306],[113.3761606,23.3461769],[113.3753674,23.3463786],[113.374669,23.3465611],[113.3741656,23.3467044],[113.3728844,23.3470771],[113.3704887,23.3478289],[113.3692929,23.3482036],[113.3688527,23.3483505],[113.3685816,23.348437],[113.3680145,23.3486179],[113.3656086,23.3494024],[113.3652461,23.3495185]],[[113.3652461,23.3495185],[113.3639279,23.3499105],[113.3636681,23.349981],[113.3633413,23.3500557],[113.3631125,23.3501003],[113.3627141,23.3501599],[113.3623297,23.3502079],[113.3620293,23.3502427]],[[113.3620293,23.3502427],[113.3617289,23.3502775],[113.3608504,23.3503845]]]},"properties":{"key":"relation:21171641@detail:453_93","osmType":"relation","osmId":21171641,"sourceRegion":"guangdong","featureType":"service","railClass":"intercity","mode":"train","name":"穗深城际：深圳机场=>竹料","nameEn":"Guangzhou-Shenzhen ICR Trains: Shenzhen Airport => Zhuliao","operator":"广东城际铁路运营有限公司","network":"珠三角城际","status":"operational","color":"#7456A6","dataOrigin":"datum-2026-08-01","sourceKey":"relation:21171641"}}]}