{"type":"FeatureCollection","features":[{"type":"Feature","geometry":{"type":"Point","coordinates":[113.5899063,24.5395502]},"properties":{"key":"node:8319382853","osmType":"node","osmId":8319382853,"sourceRegion":"guangdong","featureType":"station","railClass":"minor","mode":"stop","name":"大坑口","status":"operational","color":"#52636F","dataOrigin":"datum-2026-08-01","sourceKey":"node:8319382853","stationGroup":"大坑口","hasOperationalRail":true,"hasConstructionRail":false}},{"type":"Feature","geometry":{"type":"Point","coordinates":[113.589856,24.5395459]},"properties":{"key":"node:8319382854","osmType":"node","osmId":8319382854,"sourceRegion":"guangdong","featureType":"station","railClass":"minor","mode":"stop","name":"大坑口","status":"operational","color":"#52636F","dataOrigin":"datum-2026-08-01","sourceKey":"node:8319382854","stationGroup":"大坑口","hasOperationalRail":true,"hasConstructionRail":false}},{"type":"Feature","geometry":{"type":"Point","coordinates":[113.5898827,24.5395596]},"properties":{"key":"node:8319382855","osmType":"node","osmId":8319382855,"sourceRegion":"guangdong","featureType":"station","railClass":"minor","mode":"station","name":"大坑口","status":"operational","color":"#52636F","dataOrigin":"datum-2026-08-01","sourceKey":"node:8319382855","stationGroup":"大坑口","hasOperationalRail":true,"hasConstructionRail":false}},{"type":"Feature","geometry":{"type":"Point","coordinates":[113.6086374,24.685205]},"properties":{"key":"node:8320812736","osmType":"node","osmId":8320812736,"sourceRegion":"guangdong","featureType":"station","railClass":"minor","mode":"station","name":"马坝","status":"operational","color":"#52636F","dataOrigin":"datum-2026-08-01","sourceKey":"node:8320812736","stationGroup":"马坝","hasOperationalRail":true,"hasConstructionRail":false}},{"type":"Feature","geometry":{"type":"Point","coordinates":[113.5922286,24.5692706]},"properties":{"key":"node:8320812739","osmType":"node","osmId":8320812739,"sourceRegion":"guangdong","featureType":"station","railClass":"minor","mode":"station","name":"乌石","status":"operational","color":"#52636F","dataOrigin":"datum-2026-08-01","sourceKey":"node:8320812739","stationGroup":"乌石","hasOperationalRail":true,"hasConstructionRail":false}},{"type":"Feature","geometry":{"type":"Point","coordinates":[113.5921289,24.5694196]},"properties":{"key":"node:9436258147","osmType":"node","osmId":9436258147,"sourceRegion":"guangdong","featureType":"station","railClass":"minor","mode":"stop","name":"乌石","status":"operational","color":"#52636F","dataOrigin":"datum-2026-08-01","sourceKey":"node:9436258147","stationGroup":"乌石","hasOperationalRail":true,"hasConstructionRail":false}},{"type":"Feature","geometry":{"type":"Point","coordinates":[113.5923302,24.5694228]},"properties":{"key":"node:9436258148","osmType":"node","osmId":9436258148,"sourceRegion":"guangdong","featureType":"station","railClass":"minor","mode":"stop","name":"乌石","status":"operational","color":"#52636F","dataOrigin":"datum-2026-08-01","sourceKey":"node:9436258148","stationGroup":"乌石","hasOperationalRail":true,"hasConstructionRail":false}},{"type":"Feature","geometry":{"type":"LineString","coordinates":[[113.60868547446142,24.75],[113.609026,24.7472852],[113.6092441,24.7454816],[113.6093147,24.7449209],[113.6093485,24.7444529],[113.6093583,24.7440356],[113.609345,24.7436259],[113.6093149,24.7433353],[113.609277,24.7430362],[113.6089301,24.7406425],[113.608879,24.739803],[113.6088762,24.7394377],[113.6089059,24.7390846],[113.6089283,24.7388566],[113.6089961,24.7385445],[113.6091037,24.7381389],[113.6094171,24.737412],[113.6095576,24.7371233],[113.6097558,24.7367775],[113.610176,24.736195],[113.6123087,24.7338085],[113.6132041,24.7327825],[113.6144914,24.7313816],[113.6162555,24.7293907],[113.6181447,24.7272342],[113.6200045,24.7250493],[113.6202799,24.7247222],[113.6204791,24.7244655],[113.6206883,24.7241749],[113.6208629,24.7239029],[113.6210292,24.7235865],[113.6211958,24.7232634],[113.6226881,24.7205297],[113.6231196,24.7196652],[113.6232592,24.7193586],[113.6233529,24.7191047],[113.6234112,24.7188974],[113.623477,24.7186208],[113.6235523,24.7181937],[113.6235964,24.7178499],[113.6236124,24.7174909],[113.6235943,24.7170714],[113.6235686,24.7167939],[113.6235296,24.7165599],[113.6234809,24.7163191],[113.6234172,24.71611],[113.6233278,24.7158314],[113.62307,24.715068],[113.6223729,24.7131065],[113.6222231,24.7127027],[113.6218558,24.711672],[113.6214863,24.7106492],[113.6209709,24.7091276],[113.6207983,24.7086437],[113.6201529,24.7068472],[113.6199,24.7061814],[113.6196139,24.7054797],[113.6190996,24.7042398],[113.6189335,24.703812]]},"properties":{"key":"way:39948380@detail:454_98","osmType":"way","osmId":39948380,"sourceRegion":"guangdong","featureType":"infrastructure","railClass":"national","mode":"rail","name":"京广线","nameEn":"Beijing–Guangzhou Railway","ref":"0001","usage":"main","status":"operational","color":"#E54848","dataOrigin":"datum-2026-08-01","sourceKey":"way:39948380"}},{"type":"Feature","geometry":{"type":"LineString","coordinates":[[113.5033691,24.5487663],[113.5032988,24.5484446],[113.5011538,24.5415328]]},"properties":{"key":"way:57017105@detail:454_98","osmType":"way","osmId":57017105,"sourceRegion":"guangdong","featureType":"infrastructure","railClass":"highspeed","mode":"rail","name":"京广高速线","nameEn":"Beijing-Guangzhou High-speed Line","ref":"3001","usage":"main","highspeed":"yes","status":"operational","color":"#E54848","dataOrigin":"datum-2026-08-01","sourceKey":"way:57017105"}},{"type":"Feature","geometry":{"type":"LineString","coordinates":[[113.50589,24.5684733],[113.5058871,24.5680462],[113.5058645,24.5669504],[113.5058233,24.5661936],[113.5058089,24.565139],[113.5057532,24.5643373],[113.5057018,24.5635749],[113.5056255,24.5625952],[113.5053027,24.5594974],[113.5049216,24.5566171],[113.5039865,24.5515913],[113.5033691,24.5487663]]},"properties":{"key":"way:57017107@detail:454_98","osmType":"way","osmId":57017107,"sourceRegion":"guangdong","featureType":"infrastructure","railClass":"highspeed","mode":"rail","name":"京广高速线","nameEn":"Beijing-Guangzhou High-speed Line","ref":"3001","usage":"main","highspeed":"yes","bridge":"yes","status":"operational","color":"#E54848","dataOrigin":"datum-2026-08-01","sourceKey":"way:57017107"}},{"type":"Feature","geometry":{"type":"LineString","coordinates":[[113.5638091,24.7194602],[113.564101,24.7194699],[113.564359,24.7194784],[113.5645784,24.7194977],[113.564787,24.7195218],[113.5650425,24.7195651],[113.5653263,24.7196551],[113.5656053,24.7197667],[113.5658548,24.7198967],[113.5660586,24.7200118],[113.5662784,24.7201708],[113.5663524,24.720237],[113.5665086,24.7203767],[113.5666244,24.7204803],[113.5678262,24.7214203],[113.570563,24.7236195],[113.5718857,24.7246824],[113.5726977,24.7253222],[113.5729911,24.7255946],[113.5731051,24.7257226],[113.5732156,24.7258859],[113.5733819,24.7262026],[113.5734987,24.7264807],[113.5735462,24.7266618],[113.5735709,24.7267944],[113.5735816,24.7269395],[113.5735754,24.7270823],[113.5735581,24.7272415],[113.5733835,24.7284217],[113.5733828,24.7285909],[113.5733932,24.7287431],[113.5734143,24.7289342],[113.5734456,24.72907],[113.5734902,24.729213],[113.5735367,24.7293627],[113.5739023,24.730224],[113.5740118,24.7305682],[113.5740616,24.7309704],[113.5740616,24.7315245],[113.5740779,24.7321844],[113.574135,24.7325592]]},"properties":{"key":"way:95991929@detail:454_98","osmType":"way","osmId":95991929,"sourceRegion":"guangdong","featureType":"infrastructure","railClass":"minor","mode":"rail","name":"韶关冶炼厂专用铁路","usage":"industrial","status":"operational","color":"#E54848","dataOrigin":"datum-2026-08-01","sourceKey":"way:95991929"}},{"type":"Feature","geometry":{"type":"LineString","coordinates":[[113.574135,24.7325592],[113.5748764,24.7336511]]},"properties":{"key":"way:95991932@detail:454_98","osmType":"way","osmId":95991932,"sourceRegion":"guangdong","featureType":"infrastructure","railClass":"minor","mode":"rail","name":"韶关冶炼厂专用铁路","usage":"industrial","tunnel":"yes","status":"operational","color":"#E54848","dataOrigin":"datum-2026-08-01","sourceKey":"way:95991932"}},{"type":"Feature","geometry":{"type":"LineString","coordinates":[[113.6352855,24.6342553],[113.634247,24.6349112],[113.6322465,24.6361496],[113.6293235,24.6380348],[113.6268216,24.6396141],[113.6234774,24.6417199],[113.6214597,24.6429876],[113.6190302,24.6445477],[113.6167088,24.6460017],[113.6161122,24.6464931],[113.615706,24.6468891],[113.6152448,24.6474457],[113.6146832,24.6483281],[113.6133796,24.650474],[113.6117752,24.6531163],[113.6106371,24.6548911],[113.6103413,24.6554426],[113.6101558,24.6559942],[113.6100455,24.6566309],[113.6100906,24.6573278],[113.6102109,24.6580598],[113.6103313,24.6590726],[113.6103664,24.6596241],[113.6103463,24.6600252],[113.6102861,24.6603712],[113.6102009,24.6607572],[113.6099101,24.6616447],[113.6097168,24.6621622],[113.6094288,24.6629332],[113.6090499,24.6639425],[113.6083761,24.6658598],[113.6080552,24.6667462],[113.6078105,24.6672917],[113.6075378,24.6677931],[113.6072049,24.6682584],[113.6068559,24.6687036],[113.6064548,24.6691649],[113.6062847,24.6693494]]},"properties":{"key":"way:95998108@detail:454_98","osmType":"way","osmId":95998108,"sourceRegion":"guangdong","featureType":"infrastructure","railClass":"national","mode":"rail","name":"未命名","status":"operational","color":"#E54848","dataOrigin":"datum-2026-08-01","sourceKey":"way:95998108"}},{"type":"Feature","geometry":{"type":"LineString","coordinates":[[113.6497602,24.6317475],[113.6493685,24.6319277],[113.649016,24.6320531],[113.648546,24.6320687],[113.6480446,24.6320061],[113.6476059,24.6318885],[113.647128,24.631677],[113.6469557,24.6315987]]},"properties":{"key":"way:95998109@detail:454_98","osmType":"way","osmId":95998109,"sourceRegion":"guangdong","featureType":"infrastructure","railClass":"national","mode":"rail","name":"未命名","status":"operational","color":"#E54848","dataOrigin":"datum-2026-08-01","sourceKey":"way:95998109"}},{"type":"Feature","geometry":{"type":"LineString","coordinates":[[113.6469557,24.6315987],[113.6466345,24.6313402],[113.6462349,24.6310816],[113.6458902,24.6309015],[113.6455925,24.6307683],[113.6453419,24.6307291]]},"properties":{"key":"way:95998111@detail:454_98","osmType":"way","osmId":95998111,"sourceRegion":"guangdong","featureType":"infrastructure","railClass":"national","mode":"rail","name":"未命名","tunnel":"yes","status":"operational","color":"#E54848","dataOrigin":"datum-2026-08-01","sourceKey":"way:95998111"}},{"type":"Feature","geometry":{"type":"LineString","coordinates":[[113.6637627,24.6207945],[113.6633397,24.621241],[113.6627678,24.6216719],[113.6601434,24.6234659],[113.6571351,24.6254714],[113.6539858,24.6276727],[113.6522623,24.62884],[113.6518001,24.6292239],[113.6512467,24.6300449]]},"properties":{"key":"way:95998114@detail:454_98","osmType":"way","osmId":95998114,"sourceRegion":"guangdong","featureType":"infrastructure","railClass":"national","mode":"rail","name":"未命名","status":"operational","color":"#E54848","dataOrigin":"datum-2026-08-01","sourceKey":"way:95998114"}},{"type":"Feature","geometry":{"type":"LineString","coordinates":[[113.6512467,24.6300449],[113.6508005,24.630797],[113.6497602,24.6317475]]},"properties":{"key":"way:95998967@detail:454_98","osmType":"way","osmId":95998967,"sourceRegion":"guangdong","featureType":"infrastructure","railClass":"national","mode":"rail","name":"未命名","tunnel":"yes","status":"operational","color":"#E54848","dataOrigin":"datum-2026-08-01","sourceKey":"way:95998967"}},{"type":"Feature","geometry":{"type":"LineString","coordinates":[[113.665319,24.5985768],[113.6660521,24.6008773],[113.6666284,24.602855],[113.666738,24.6033657]]},"properties":{"key":"way:198757637@detail:454_98","osmType":"way","osmId":198757637,"sourceRegion":"guangdong","featureType":"infrastructure","railClass":"national","mode":"rail","name":"未命名","status":"operational","color":"#E54848","dataOrigin":"datum-2026-08-01","sourceKey":"way:198757637"}},{"type":"Feature","geometry":{"type":"LineString","coordinates":[[113.6009585,24.6356393],[113.6011125,24.6338166],[113.6011641,24.6331409]]},"properties":{"key":"way:203179467@detail:454_98","osmType":"way","osmId":203179467,"sourceRegion":"guangdong","featureType":"infrastructure","railClass":"national","mode":"rail","name":"京广线","nameEn":"Beijing–Guangzhou Railway","ref":"0001","usage":"main","tunnel":"yes","status":"operational","color":"#E54848","dataOrigin":"datum-2026-08-01","sourceKey":"way:203179467"}},{"type":"Feature","geometry":{"type":"LineString","coordinates":[[113.6011641,24.6331409],[113.6011508,24.6325978],[113.6011171,24.632326],[113.6010406,24.6319102],[113.6009074,24.6314453],[113.6006727,24.6309154],[113.600258,24.630217],[113.595782,24.6253319],[113.5954132,24.6249294],[113.595093,24.624516],[113.5947666,24.623995],[113.5945434,24.6234768],[113.5930006,24.6168169],[113.5925152,24.6146048],[113.5923648,24.6140374],[113.592219,24.6136125],[113.591988,24.6130521],[113.5917874,24.6126868],[113.5915667,24.6123637],[113.5912175,24.6119434],[113.589937,24.6104581],[113.589259,24.6097237],[113.5879565,24.6082311],[113.587257,24.60721],[113.5870315,24.6067217],[113.58689,24.6062607],[113.5867978,24.6058572],[113.5867517,24.6054803],[113.5867414,24.6049994],[113.5867918,24.6044447],[113.5868712,24.6040778],[113.5869999,24.6036711],[113.5876356,24.6019771],[113.5877537,24.6016338],[113.5878575,24.6012269],[113.5879222,24.6008095],[113.5879462,24.6005576],[113.5879438,24.5999528],[113.5879159,24.5995129],[113.5878638,24.599166],[113.5877913,24.5989426],[113.5877029,24.5985599],[113.5869987,24.5968335],[113.5868301,24.5963307],[113.586708,24.595703],[113.5866387,24.5950479],[113.5866997,24.5852842],[113.5867105,24.5835625],[113.586751,24.5830883],[113.5868123,24.5827418],[113.5869058,24.5823631],[113.5871327,24.5817137],[113.5873767,24.5812145],[113.5876414,24.5807946],[113.5879258,24.5804307],[113.5882144,24.5801191],[113.5886949,24.57966],[113.5892264,24.579181]]},"properties":{"key":"way:203179468@detail:454_98","osmType":"way","osmId":203179468,"sourceRegion":"guangdong","featureType":"infrastructure","railClass":"national","mode":"rail","name":"京广线","nameEn":"Beijing–Guangzhou Railway","ref":"0001","usage":"main","status":"operational","color":"#E54848","dataOrigin":"datum-2026-08-01","sourceKey":"way:203179468"}},{"type":"Feature","geometry":{"type":"LineString","coordinates":[[113.5862601,24.5813221],[113.5865114,24.5811507]]},"properties":{"key":"way:256602071@detail:454_98","osmType":"way","osmId":256602071,"sourceRegion":"guangdong","featureType":"infrastructure","railClass":"national","mode":"rail","name":"未命名","bridge":"yes","status":"operational","color":"#E54848","dataOrigin":"datum-2026-08-01","sourceKey":"way:256602071"}},{"type":"Feature","geometry":{"type":"LineString","coordinates":[[113.5862166,24.5810039],[113.5864502,24.5809146]]},"properties":{"key":"way:256602072@detail:454_98","osmType":"way","osmId":256602072,"sourceRegion":"guangdong","featureType":"infrastructure","railClass":"national","mode":"rail","name":"未命名","bridge":"yes","status":"operational","color":"#E54848","dataOrigin":"datum-2026-08-01","sourceKey":"way:256602072"}},{"type":"Feature","geometry":{"type":"LineString","coordinates":[[113.5861066,24.5817938],[113.5863912,24.5816586]]},"properties":{"key":"way:256602073@detail:454_98","osmType":"way","osmId":256602073,"sourceRegion":"guangdong","featureType":"infrastructure","railClass":"national","mode":"rail","name":"未命名","status":"operational","color":"#E54848","dataOrigin":"datum-2026-08-01","sourceKey":"way:256602073"}},{"type":"Feature","geometry":{"type":"LineString","coordinates":[[113.589253,24.5779665],[113.5888565,24.5785432]]},"properties":{"key":"way:256602074@detail:454_98","osmType":"way","osmId":256602074,"sourceRegion":"guangdong","featureType":"infrastructure","railClass":"minor","mode":"rail","name":"未命名","usage":"industrial","service":"yard","bridge":"yes","status":"operational","color":"#52636F","dataOrigin":"datum-2026-08-01","sourceKey":"way:256602074"}},{"type":"Feature","geometry":{"type":"LineString","coordinates":[[113.583301,24.5821194],[113.5862166,24.5810039]]},"properties":{"key":"way:256602075@detail:454_98","osmType":"way","osmId":256602075,"sourceRegion":"guangdong","featureType":"infrastructure","railClass":"national","mode":"rail","name":"未命名","status":"operational","color":"#E54848","dataOrigin":"datum-2026-08-01","sourceKey":"way:256602075"}},{"type":"Feature","geometry":{"type":"LineString","coordinates":[[113.5863912,24.5816586],[113.5865859,24.5815056]]},"properties":{"key":"way:256602076@detail:454_98","osmType":"way","osmId":256602076,"sourceRegion":"guangdong","featureType":"infrastructure","railClass":"national","mode":"rail","name":"未命名","bridge":"yes","status":"operational","color":"#E54848","dataOrigin":"datum-2026-08-01","sourceKey":"way:256602076"}},{"type":"Feature","geometry":{"type":"LineString","coordinates":[[113.5892264,24.579181],[113.5898204,24.5786157]]},"properties":{"key":"way:256602077@detail:454_98","osmType":"way","osmId":256602077,"sourceRegion":"guangdong","featureType":"infrastructure","railClass":"national","mode":"rail","name":"京广线","nameEn":"Beijing–Guangzhou Railway","ref":"0001","usage":"main","bridge":"yes","status":"operational","color":"#E54848","dataOrigin":"datum-2026-08-01","sourceKey":"way:256602077"}},{"type":"Feature","geometry":{"type":"LineString","coordinates":[[113.5859751,24.5814151],[113.5862601,24.5813221]]},"properties":{"key":"way:256602078@detail:454_98","osmType":"way","osmId":256602078,"sourceRegion":"guangdong","featureType":"infrastructure","railClass":"national","mode":"rail","name":"未命名","status":"operational","color":"#E54848","dataOrigin":"datum-2026-08-01","sourceKey":"way:256602078"}},{"type":"Feature","geometry":{"type":"LineString","coordinates":[[113.5924218,24.5645154],[113.5922557,24.5650691],[113.5921729,24.5653101],[113.5920505,24.5655678],[113.591778,24.566071],[113.5916553,24.5663584],[113.5915956,24.5665399],[113.5914028,24.5672948],[113.5913034,24.5676839],[113.5912124,24.5681131],[113.5911588,24.5684345],[113.5911258,24.5687941],[113.59111,24.5691548],[113.5911544,24.5696671],[113.5912444,24.5701478],[113.5916361,24.572095],[113.5917369,24.5726445],[113.5917672,24.5728763],[113.5917855,24.5731277],[113.5917896,24.5733661],[113.5917774,24.5736267],[113.5917392,24.5738763],[113.5916643,24.5742236],[113.591587,24.5744698],[113.5914538,24.5747707],[113.591275,24.5750831],[113.5910675,24.5754438],[113.5907703,24.5758789],[113.5900035,24.5770346],[113.5898167,24.5772437],[113.5896254,24.5774413]]},"properties":{"key":"way:256602079@detail:454_98","osmType":"way","osmId":256602079,"sourceRegion":"guangdong","featureType":"infrastructure","railClass":"minor","mode":"rail","name":"未命名","usage":"industrial","service":"yard","status":"operational","color":"#52636F","dataOrigin":"datum-2026-08-01","sourceKey":"way:256602079"}},{"type":"Feature","geometry":{"type":"LineString","coordinates":[[113.5865859,24.5815056],[113.5867423,24.5813344],[113.5869279,24.5810947],[113.5872786,24.5806178],[113.5874277,24.5804036],[113.5877263,24.5799744],[113.5877671,24.5799159],[113.5883334,24.5792687]]},"properties":{"key":"way:256602080@detail:454_98","osmType":"way","osmId":256602080,"sourceRegion":"guangdong","featureType":"infrastructure","railClass":"national","mode":"rail","name":"未命名","status":"operational","color":"#E54848","dataOrigin":"datum-2026-08-01","sourceKey":"way:256602080"}},{"type":"Feature","geometry":{"type":"LineString","coordinates":[[113.5864502,24.5809146],[113.5866181,24.5808503],[113.5869688,24.5806643],[113.5872391,24.5804916],[113.587456,24.5802793],[113.5877263,24.5799744]]},"properties":{"key":"way:256602081@detail:454_98","osmType":"way","osmId":256602081,"sourceRegion":"guangdong","featureType":"infrastructure","railClass":"national","mode":"rail","name":"未命名","status":"operational","color":"#E54848","dataOrigin":"datum-2026-08-01","sourceKey":"way:256602081"}},{"type":"Feature","geometry":{"type":"LineString","coordinates":[[113.5865114,24.5811507],[113.5866108,24.5810829],[113.5869615,24.5808171],[113.5872319,24.5806061],[113.5874277,24.5804036]]},"properties":{"key":"way:256602082@detail:454_98","osmType":"way","osmId":256602082,"sourceRegion":"guangdong","featureType":"infrastructure","railClass":"national","mode":"rail","name":"未命名","status":"operational","color":"#E54848","dataOrigin":"datum-2026-08-01","sourceKey":"way:256602082"}},{"type":"Feature","geometry":{"type":"LineString","coordinates":[[113.5922377,24.5694798],[113.5925174,24.5641928],[113.5925889,24.5628414],[113.5926116,24.5624112],[113.592779,24.5592462],[113.5928027,24.5587413],[113.5927933,24.5581594],[113.5927243,24.5574885],[113.5925612,24.556856],[113.5923295,24.5562743],[113.5917776,24.555303],[113.590164,24.553038],[113.5899198,24.5525831],[113.5896612,24.5519376],[113.5895159,24.5514294],[113.5894326,24.5508499],[113.5893897,24.5503728],[113.5893894,24.5500385],[113.5894157,24.5492899],[113.5895626,24.5463749],[113.589563,24.546366],[113.5895897,24.5458354],[113.5899063,24.5395502],[113.5899283,24.5390801],[113.5899873,24.5384733],[113.5900911,24.5378676],[113.5902003,24.5374213],[113.5903822,24.5367382],[113.5905945,24.53608],[113.5907356,24.5356422],[113.5909511,24.534974],[113.5910687,24.5346095],[113.5914321,24.5334826],[113.5916292,24.5329185],[113.5939923,24.5272334],[113.5942864,24.5265543],[113.594612,24.525579],[113.594702,24.5251056],[113.5947529,24.5246726],[113.5947511,24.5240897],[113.5947005,24.523608],[113.5946382,24.5232532],[113.5945089,24.5228288],[113.5943152,24.5223223],[113.5940407,24.5217953],[113.5936597,24.5212417],[113.5934486,24.5209974]]},"properties":{"key":"way:256602083@detail:454_98","osmType":"way","osmId":256602083,"sourceRegion":"guangdong","featureType":"infrastructure","railClass":"national","mode":"rail","name":"京广线","nameEn":"Beijing–Guangzhou Railway","ref":"0001","usage":"main","status":"operational","color":"#E54848","dataOrigin":"datum-2026-08-01","sourceKey":"way:256602083"}},{"type":"Feature","geometry":{"type":"LineString","coordinates":[[113.5888565,24.5785432],[113.5883334,24.5792687],[113.5875549,24.5803487],[113.5873484,24.5806801],[113.5871784,24.5810114],[113.5869004,24.5817001],[113.5867576,24.5821906],[113.5866638,24.5826359],[113.586627,24.5829913],[113.5865919,24.5834984],[113.5865963,24.5837212],[113.5866624,24.5843161]]},"properties":{"key":"way:256602084@detail:454_98","osmType":"way","osmId":256602084,"sourceRegion":"guangdong","featureType":"infrastructure","railClass":"minor","mode":"rail","name":"未命名","usage":"industrial","service":"yard","status":"operational","color":"#52636F","dataOrigin":"datum-2026-08-01","sourceKey":"way:256602084"}},{"type":"Feature","geometry":{"type":"LineString","coordinates":[[113.6685259,24.6168685],[113.6680235,24.6173475],[113.6674216,24.6177031],[113.6666721,24.6180368],[113.6657202,24.6183979],[113.6651293,24.6187644],[113.6646752,24.6192021],[113.6643743,24.6196836],[113.6637627,24.6207945]]},"properties":{"key":"way:256604554@detail:454_98","osmType":"way","osmId":256604554,"sourceRegion":"guangdong","featureType":"infrastructure","railClass":"national","mode":"rail","name":"未命名","status":"operational","color":"#E54848","dataOrigin":"datum-2026-08-01","sourceKey":"way:256604554"}},{"type":"Feature","geometry":{"type":"LineString","coordinates":[[113.6688476,24.6140841],[113.6689149,24.6144197]]},"properties":{"key":"way:256604556@detail:454_98","osmType":"way","osmId":256604556,"sourceRegion":"guangdong","featureType":"infrastructure","railClass":"national","mode":"rail","name":"未命名","bridge":"yes","status":"operational","color":"#E54848","dataOrigin":"datum-2026-08-01","sourceKey":"way:256604556"}},{"type":"Feature","geometry":{"type":"LineString","coordinates":[[113.676624,24.5744615],[113.6755863,24.5758704],[113.6736571,24.5785287],[113.6733283,24.5790205],[113.6726413,24.5800372],[113.6711579,24.5814527],[113.6706975,24.5818581],[113.6703175,24.5823366],[113.6700982,24.582835],[113.6700179,24.5833334],[113.6700252,24.5838384],[113.6702517,24.5869019],[113.6702809,24.5875066],[113.6702298,24.5880581],[113.6700909,24.5885964],[113.6699375,24.5890216],[113.6696744,24.5894403],[113.6686221,24.5906829],[113.6680959,24.591374],[113.6676063,24.5921713],[113.6672263,24.5928956],[113.666934,24.5936133],[113.6667221,24.5944173],[113.6661302,24.5968293],[113.6659913,24.5977662],[113.6659475,24.5985702],[113.6660205,24.5993343],[113.6662398,24.6005436],[113.6664955,24.6017994],[113.666738,24.6033657]]},"properties":{"key":"way:256604557@detail:454_98","osmType":"way","osmId":256604557,"sourceRegion":"guangdong","featureType":"infrastructure","railClass":"national","mode":"rail","name":"未命名","status":"operational","color":"#E54848","dataOrigin":"datum-2026-08-01","sourceKey":"way:256604557"}},{"type":"Feature","geometry":{"type":"LineString","coordinates":[[113.666738,24.6033657],[113.6669676,24.6044361],[113.6682518,24.6110797],[113.6684228,24.6119641],[113.6688476,24.6140841]]},"properties":{"key":"way:256604559@detail:454_98","osmType":"way","osmId":256604559,"sourceRegion":"guangdong","featureType":"infrastructure","railClass":"national","mode":"rail","name":"未命名","status":"operational","color":"#E54848","dataOrigin":"datum-2026-08-01","sourceKey":"way:256604559"}},{"type":"Feature","geometry":{"type":"LineString","coordinates":[[113.6045718,24.6808686],[113.6051106,24.6814208],[113.6053149,24.6816385],[113.6064591,24.6828571],[113.606748,24.6831463],[113.6068853,24.6832837],[113.6070176,24.6834159],[113.6075275,24.6839425],[113.6092545,24.6856582],[113.6103856,24.6868013],[113.612721,24.6891969],[113.6128931,24.6893925],[113.6130612,24.6896571],[113.6132685,24.6900925],[113.6133217,24.6902042],[113.6134303,24.6904849],[113.6134716,24.6905916],[113.6135232,24.6907055],[113.6135971,24.6908686]]},"properties":{"key":"way:256605363@detail:454_98","osmType":"way","osmId":256605363,"sourceRegion":"guangdong","featureType":"infrastructure","railClass":"minor","mode":"rail","name":"未命名","service":"yard","status":"operational","color":"#52636F","dataOrigin":"datum-2026-08-01","sourceKey":"way:256605363"}},{"type":"Feature","geometry":{"type":"LineString","coordinates":[[113.6034451,24.6797029],[113.6043807,24.6806734]]},"properties":{"key":"way:256605364@detail:454_98","osmType":"way","osmId":256605364,"sourceRegion":"guangdong","featureType":"infrastructure","railClass":"national","mode":"rail","name":"未命名","bridge":"yes","status":"operational","color":"#E54848","dataOrigin":"datum-2026-08-01","sourceKey":"way:256605364"}},{"type":"Feature","geometry":{"type":"LineString","coordinates":[[113.6041546,24.6807939],[113.6033677,24.6799702]]},"properties":{"key":"way:256605365@detail:454_98","osmType":"way","osmId":256605365,"sourceRegion":"guangdong","featureType":"infrastructure","railClass":"national","mode":"rail","name":"京广线","nameEn":"Beijing–Guangzhou Railway","ref":"0001","usage":"main","bridge":"yes","status":"operational","color":"#E54848","dataOrigin":"datum-2026-08-01","sourceKey":"way:256605365"}},{"type":"Feature","geometry":{"type":"LineString","coordinates":[[113.5987808,24.6751733],[113.5986297,24.6750183]]},"properties":{"key":"way:256605366@detail:454_98","osmType":"way","osmId":256605366,"sourceRegion":"guangdong","featureType":"infrastructure","railClass":"national","mode":"rail","name":"京广线","nameEn":"Beijing–Guangzhou Railway","ref":"0001","usage":"main","bridge":"yes","status":"operational","color":"#E54848","dataOrigin":"datum-2026-08-01","sourceKey":"way:256605366"}},{"type":"Feature","geometry":{"type":"LineString","coordinates":[[113.6033677,24.6799702],[113.6027812,24.6794153],[113.6018014,24.6783487],[113.600799,24.6772517],[113.5987808,24.6751733]]},"properties":{"key":"way:256605367@detail:454_98","osmType":"way","osmId":256605367,"sourceRegion":"guangdong","featureType":"infrastructure","railClass":"national","mode":"rail","name":"京广线","nameEn":"Beijing–Guangzhou Railway","ref":"0001","usage":"main","status":"operational","color":"#E54848","dataOrigin":"datum-2026-08-01","sourceKey":"way:256605367"}},{"type":"Feature","geometry":{"type":"LineString","coordinates":[[113.5954995,24.6718704],[113.5928895,24.6692457],[113.5912276,24.6675744],[113.5909008,24.6671872],[113.5905985,24.6667611],[113.5903422,24.6663376],[113.5901842,24.6660003],[113.5900022,24.6655062],[113.5898819,24.6651709],[113.5897623,24.6647573],[113.5897014,24.6644043],[113.5896492,24.6640081],[113.5896337,24.6635497],[113.5896596,24.6629653],[113.5897398,24.6624251],[113.589835,24.6619996],[113.5899986,24.6614982],[113.5905426,24.6597891],[113.5919109,24.6554907],[113.5921276,24.6549208],[113.5923273,24.6544841],[113.5925417,24.6540879],[113.5929056,24.6535254],[113.5937505,24.652289],[113.5955089,24.6498392],[113.5987711,24.6452293],[113.5991252,24.6447081],[113.5996157,24.6439465],[113.5998688,24.6434781],[113.6000314,24.6431478],[113.6001322,24.6429052],[113.6002356,24.6425848],[113.6003847,24.6419985],[113.6004758,24.6414418],[113.6009585,24.6356393]]},"properties":{"key":"way:256605369@detail:454_98","osmType":"way","osmId":256605369,"sourceRegion":"guangdong","featureType":"infrastructure","railClass":"national","mode":"rail","name":"京广线","nameEn":"Beijing–Guangzhou Railway","ref":"0001","usage":"main","status":"operational","color":"#E54848","dataOrigin":"datum-2026-08-01","sourceKey":"way:256605369"}},{"type":"Feature","geometry":{"type":"LineString","coordinates":[[113.50579144584015,24.75],[113.5036144,24.7468135],[113.5012875,24.7434398]]},"properties":{"key":"way:324613610@detail:454_98","osmType":"way","osmId":324613610,"sourceRegion":"guangdong","featureType":"infrastructure","railClass":"highspeed","mode":"rail","name":"京广高速线","nameEn":"Beijing-Guangzhou High-speed Line","ref":"3001","usage":"main","highspeed":"yes","status":"operational","color":"#E54848","dataOrigin":"datum-2026-08-01","sourceKey":"way:324613610"}},{"type":"Feature","geometry":{"type":"LineString","coordinates":[[113.5058912,24.5686625],[113.50589,24.5684733]]},"properties":{"key":"way:377637838@detail:454_98","osmType":"way","osmId":377637838,"sourceRegion":"guangdong","featureType":"infrastructure","railClass":"highspeed","mode":"rail","name":"京广高速线","nameEn":"Beijing-Guangzhou High-speed Line","ref":"3001","usage":"main","highspeed":"yes","status":"operational","color":"#E54848","dataOrigin":"datum-2026-08-01","sourceKey":"way:377637838"}},{"type":"Feature","geometry":{"type":"LineString","coordinates":[[113.5,24.605940931058512],[113.5023234,24.599186],[113.5044789,24.5884062],[113.505422,24.5785444],[113.5058912,24.5686625]]},"properties":{"key":"way:377637958@detail:454_98","osmType":"way","osmId":377637958,"sourceRegion":"guangdong","featureType":"infrastructure","railClass":"highspeed","mode":"rail","name":"京广高速线","nameEn":"Beijing-Guangzhou High-speed Line","ref":"3001","usage":"main","highspeed":"yes","tunnel":"yes","status":"operational","color":"#E54848","dataOrigin":"datum-2026-08-01","sourceKey":"way:377637958"}},{"type":"Feature","geometry":{"type":"LineString","coordinates":[[113.6160942,24.694376],[113.6164566,24.6949813],[113.616723,24.6953397],[113.6171072,24.6956981],[113.6174453,24.6959308],[113.6178603,24.6961123],[113.6183726,24.6962985],[113.6215942,24.6972012],[113.6233397,24.6976543],[113.6236544,24.6977249],[113.6240516,24.6979028]]},"properties":{"key":"way:460141637@detail:454_98","osmType":"way","osmId":460141637,"sourceRegion":"guangdong","featureType":"infrastructure","railClass":"minor","mode":"rail","name":"未命名","usage":"industrial","service":"spur","status":"operational","color":"#52636F","dataOrigin":"datum-2026-08-01","sourceKey":"way:460141637"}},{"type":"Feature","geometry":{"type":"LineString","coordinates":[[113.651007,24.7233735],[113.6513243,24.7224163],[113.6513722,24.7222263],[113.6515443,24.7216765],[113.6515886,24.7215351],[113.6518363,24.7207181],[113.6522755,24.7193411],[113.6529662,24.717103],[113.6532277,24.7162617],[113.6532895,24.7160411],[113.6533215,24.7158842],[113.6533082,24.7156349],[113.6532921,24.7155366],[113.65321,24.7152782],[113.6530984,24.7150529],[113.6528086,24.7147634],[113.6514367,24.7134273],[113.6502241,24.7122306]]},"properties":{"key":"way:460141638@detail:454_98","osmType":"way","osmId":460141638,"sourceRegion":"guangdong","featureType":"infrastructure","railClass":"minor","mode":"rail","name":"未命名","usage":"industrial","service":"spur","status":"operational","color":"#52636F","dataOrigin":"datum-2026-08-01","sourceKey":"way:460141638"}},{"type":"Feature","geometry":{"type":"LineString","coordinates":[[113.6510958,24.7233575],[113.6513624,24.722469],[113.6515775,24.7219808],[113.6517722,24.7217341],[113.6520181,24.721534],[113.6522338,24.721392],[113.6523638,24.721334],[113.6525751,24.7212652],[113.6527353,24.7212375],[113.6530336,24.7212247],[113.6533215,24.7212532],[113.6537433,24.7213687],[113.6540842,24.721462],[113.6545695,24.7216224],[113.6550869,24.7218365],[113.6552556,24.7218912],[113.6553533,24.721911]]},"properties":{"key":"way:460141639@detail:454_98","osmType":"way","osmId":460141639,"sourceRegion":"guangdong","featureType":"infrastructure","railClass":"minor","mode":"rail","name":"未命名","usage":"industrial","service":"spur","status":"operational","color":"#52636F","dataOrigin":"datum-2026-08-01","sourceKey":"way:460141639"}},{"type":"Feature","geometry":{"type":"LineString","coordinates":[[113.6171914,24.6966664],[113.6186697,24.6970711],[113.6193818,24.6971828],[113.6207752,24.6973829],[113.6218869,24.6975272],[113.622435,24.6975691],[113.6228039,24.697625],[113.6232773,24.6977318],[113.6237193,24.6977976],[113.6240516,24.6979028],[113.6241614,24.6979558],[113.624727,24.6981232]]},"properties":{"key":"way:460141640@detail:454_98","osmType":"way","osmId":460141640,"sourceRegion":"guangdong","featureType":"infrastructure","railClass":"minor","mode":"rail","name":"未命名","usage":"industrial","service":"spur","status":"operational","color":"#52636F","dataOrigin":"datum-2026-08-01","sourceKey":"way:460141640"}},{"type":"Feature","geometry":{"type":"LineString","coordinates":[[113.6189335,24.703812],[113.6187096,24.7031773]]},"properties":{"key":"way:460141641@detail:454_98","osmType":"way","osmId":460141641,"sourceRegion":"guangdong","featureType":"infrastructure","railClass":"national","mode":"rail","name":"京广线","nameEn":"Beijing–Guangzhou Railway","ref":"0001","usage":"main","bridge":"yes","status":"operational","color":"#E54848","dataOrigin":"datum-2026-08-01","sourceKey":"way:460141641"}},{"type":"Feature","geometry":{"type":"LineString","coordinates":[[113.6411771,24.7012527],[113.6432671,24.7017243],[113.6435629,24.7018303],[113.6439414,24.7020338],[113.6442384,24.7022609],[113.6442977,24.7023217],[113.6449828,24.7030005],[113.6451835,24.7032063],[113.646728,24.7047054],[113.6489891,24.7069214],[113.6491681,24.7070961],[113.651887,24.7097418],[113.6522761,24.7101631],[113.6523992,24.7103342],[113.6525224,24.7105382],[113.6525687,24.7106841],[113.6525767,24.7107093],[113.6526093,24.710966],[113.6525767,24.71117],[113.6525043,24.7113543],[113.6524572,24.7115945],[113.6524391,24.7119038],[113.6524741,24.712203],[113.6525131,24.712349],[113.6526336,24.712598],[113.6528043,24.7128313],[113.6531372,24.7132661],[113.6536524,24.713939],[113.6538164,24.7142833],[113.6539035,24.7146417],[113.6539086,24.7149256],[113.6538071,24.7152824],[113.6536027,24.715703],[113.6535615,24.715783],[113.6533831,24.7161616],[113.6532158,24.7165168]]},"properties":{"key":"way:460141642@detail:454_98","osmType":"way","osmId":460141642,"sourceRegion":"guangdong","featureType":"infrastructure","railClass":"minor","mode":"rail","name":"未命名","usage":"industrial","service":"spur","status":"operational","color":"#52636F","dataOrigin":"datum-2026-08-01","sourceKey":"way:460141642"}},{"type":"Feature","geometry":{"type":"LineString","coordinates":[[113.6241685,24.6978881],[113.6242519,24.6979232],[113.624727,24.6981232],[113.624892,24.6981911],[113.6254461,24.6984192],[113.6256461,24.6984999],[113.6267046,24.698927],[113.6306597,24.7005793],[113.6318607,24.7010753],[113.6322826,24.7012479],[113.6328122,24.7014715],[113.633375,24.7017042]]},"properties":{"key":"way:460141643@detail:454_98","osmType":"way","osmId":460141643,"sourceRegion":"guangdong","featureType":"infrastructure","railClass":"minor","mode":"rail","name":"未命名","usage":"industrial","service":"spur","status":"operational","color":"#52636F","dataOrigin":"datum-2026-08-01","sourceKey":"way:460141643"}},{"type":"Feature","geometry":{"type":"LineString","coordinates":[[113.6535615,24.715783],[113.6534673,24.7160621],[113.6534116,24.71634],[113.6532474,24.7169017],[113.6522272,24.720129],[113.6521148,24.7204924],[113.6520258,24.7206895],[113.6517807,24.7211997],[113.6516639,24.7214805],[113.6515966,24.7216756],[113.6514977,24.7219184],[113.6513722,24.7222263]]},"properties":{"key":"way:460141644@detail:454_98","osmType":"way","osmId":460141644,"sourceRegion":"guangdong","featureType":"infrastructure","railClass":"minor","mode":"rail","name":"未命名","usage":"industrial","service":"spur","status":"operational","color":"#52636F","dataOrigin":"datum-2026-08-01","sourceKey":"way:460141644"}},{"type":"Feature","geometry":{"type":"LineString","coordinates":[[113.6535687,24.7184945],[113.6534844,24.7187449],[113.6533438,24.719002],[113.653179,24.719186],[113.6529784,24.7193623],[113.6527027,24.7196432]]},"properties":{"key":"way:460141646@detail:454_98","osmType":"way","osmId":460141646,"sourceRegion":"guangdong","featureType":"infrastructure","railClass":"minor","mode":"rail","name":"未命名","usage":"industrial","service":"spur","status":"operational","color":"#52636F","dataOrigin":"datum-2026-08-01","sourceKey":"way:460141646"}},{"type":"Feature","geometry":{"type":"LineString","coordinates":[[113.6187096,24.7031773],[113.6185789,24.7027871],[113.6180671,24.7010276],[113.6176225,24.6996426],[113.6171402,24.6982969],[113.6160266,24.6952081],[113.6155492,24.6939211],[113.6155268,24.69386],[113.6153451,24.693462],[113.6152428,24.6932858],[113.6150197,24.6929475],[113.6148043,24.6926083],[113.614784,24.6925764],[113.6145788,24.6922799],[113.6142237,24.6917816],[113.6136531,24.6909507],[113.6135971,24.6908686],[113.6132106,24.6903018],[113.6128819,24.6898384],[113.6125853,24.6894425],[113.6122708,24.6890663],[113.6114446,24.6881919],[113.6107326,24.6874584],[113.6095411,24.6862499],[113.6085106,24.6851979]]},"properties":{"key":"way:460141648@detail:454_98","osmType":"way","osmId":460141648,"sourceRegion":"guangdong","featureType":"infrastructure","railClass":"national","mode":"rail","name":"京广线","nameEn":"Beijing–Guangzhou Railway","ref":"0001","usage":"main","status":"operational","color":"#E54848","dataOrigin":"datum-2026-08-01","sourceKey":"way:460141648"}},{"type":"Feature","geometry":{"type":"LineString","coordinates":[[113.6532572,24.7184418],[113.6530108,24.7191395],[113.6529154,24.7192929],[113.6527718,24.7195344],[113.6527027,24.7196432],[113.6525383,24.7198576],[113.6523142,24.7201586],[113.6521959,24.7203431],[113.6521148,24.7204924]]},"properties":{"key":"way:460141649@detail:454_98","osmType":"way","osmId":460141649,"sourceRegion":"guangdong","featureType":"infrastructure","railClass":"minor","mode":"rail","name":"未命名","usage":"industrial","service":"spur","status":"operational","color":"#52636F","dataOrigin":"datum-2026-08-01","sourceKey":"way:460141649"}},{"type":"Feature","geometry":{"type":"LineString","coordinates":[[113.6241614,24.6979558],[113.6249879,24.6983111],[113.6251589,24.6984084],[113.6253486,24.6985443],[113.6258008,24.6989654],[113.6263746,24.6996821],[113.6264421,24.6997391],[113.6266614,24.6999242],[113.6269688,24.7001476],[113.627184,24.7002546],[113.6297636,24.7012738]]},"properties":{"key":"way:460141650@detail:454_98","osmType":"way","osmId":460141650,"sourceRegion":"guangdong","featureType":"infrastructure","railClass":"minor","mode":"rail","name":"未命名","usage":"industrial","service":"spur","status":"operational","color":"#52636F","dataOrigin":"datum-2026-08-01","sourceKey":"way:460141650"}},{"type":"Feature","geometry":{"type":"LineString","coordinates":[[113.6540842,24.721462],[113.6544568,24.7215154],[113.6547847,24.7214735],[113.6551228,24.7214037],[113.6552816,24.7213292],[113.6554917,24.7212129],[113.6556863,24.7210175],[113.6558298,24.7208313],[113.6558831,24.7206983],[113.6559183,24.7206103],[113.656973,24.7171331]]},"properties":{"key":"way:460141651@detail:454_98","osmType":"way","osmId":460141651,"sourceRegion":"guangdong","featureType":"infrastructure","railClass":"minor","mode":"rail","name":"未命名","usage":"industrial","service":"spur","status":"operational","color":"#52636F","dataOrigin":"datum-2026-08-01","sourceKey":"way:460141651"}},{"type":"Feature","geometry":{"type":"LineString","coordinates":[[113.624892,24.6981911],[113.6255531,24.6985444],[113.626066,24.698953],[113.6263583,24.6991319],[113.626694,24.6992995],[113.6281171,24.6998817],[113.6305368,24.7008998],[113.6308944,24.7010283],[113.631676,24.7011411],[113.6322821,24.7013098],[113.6328122,24.7014715],[113.6330764,24.7015521],[113.6333807,24.7016449],[113.6335023,24.7016862],[113.6337987,24.7017362],[113.6342757,24.7017666]]},"properties":{"key":"way:460141652@detail:454_98","osmType":"way","osmId":460141652,"sourceRegion":"guangdong","featureType":"infrastructure","railClass":"minor","mode":"rail","name":"未命名","usage":"industrial","service":"spur","status":"operational","color":"#52636F","dataOrigin":"datum-2026-08-01","sourceKey":"way:460141652"}},{"type":"Feature","geometry":{"type":"LineString","coordinates":[[113.6182252,24.6952265],[113.618259,24.6952525],[113.6185584,24.6954831],[113.6188011,24.6956444],[113.6190872,24.6957892],[113.6194494,24.6959537],[113.61974,24.6960606],[113.6201066,24.6962269],[113.6216798,24.6968505],[113.6225392,24.6972171],[113.6233977,24.6975659],[113.6237983,24.697728],[113.6241685,24.6978881]]},"properties":{"key":"way:460156128@detail:454_98","osmType":"way","osmId":460156128,"sourceRegion":"guangdong","featureType":"infrastructure","railClass":"minor","mode":"rail","name":"未命名","usage":"industrial","service":"spur","status":"operational","color":"#52636F","dataOrigin":"datum-2026-08-01","sourceKey":"way:460156128"}},{"type":"Feature","geometry":{"type":"LineString","coordinates":[[113.6140489,24.6896062],[113.6094627,24.6849452],[113.6090035,24.684464]]},"properties":{"key":"way:460156129@detail:454_98","osmType":"way","osmId":460156129,"sourceRegion":"guangdong","featureType":"infrastructure","railClass":"minor","mode":"rail","name":"未命名","service":"yard","status":"operational","color":"#52636F","dataOrigin":"datum-2026-08-01","sourceKey":"way:460156129"}},{"type":"Feature","geometry":{"type":"LineString","coordinates":[[113.6180948,24.6953712],[113.6181217,24.6953924],[113.6183157,24.6955457],[113.6185512,24.6956872],[113.6188192,24.6957958],[113.61974,24.6960606]]},"properties":{"key":"way:460156130@detail:454_98","osmType":"way","osmId":460156130,"sourceRegion":"guangdong","featureType":"infrastructure","railClass":"minor","mode":"rail","name":"未命名","usage":"industrial","service":"spur","status":"operational","color":"#52636F","dataOrigin":"datum-2026-08-01","sourceKey":"way:460156130"}},{"type":"Feature","geometry":{"type":"LineString","coordinates":[[113.6181672,24.6952791],[113.6182069,24.6953145],[113.6183701,24.6954601],[113.6185838,24.695595],[113.618783,24.6957102],[113.6189786,24.6957925],[113.6194494,24.6959537]]},"properties":{"key":"way:460156132@detail:454_98","osmType":"way","osmId":460156132,"sourceRegion":"guangdong","featureType":"infrastructure","railClass":"minor","mode":"rail","name":"未命名","usage":"industrial","service":"spur","status":"operational","color":"#52636F","dataOrigin":"datum-2026-08-01","sourceKey":"way:460156132"}},{"type":"Feature","geometry":{"type":"LineString","coordinates":[[113.6195835,24.6960656],[113.6188627,24.6958747],[113.6185802,24.695753],[113.6183339,24.6956312],[113.6182035,24.6955325],[113.6180832,24.6954369],[113.6180586,24.6954173]]},"properties":{"key":"way:460156134@detail:454_98","osmType":"way","osmId":460156134,"sourceRegion":"guangdong","featureType":"infrastructure","railClass":"minor","mode":"rail","name":"未命名","usage":"industrial","service":"spur","status":"operational","color":"#52636F","dataOrigin":"datum-2026-08-01","sourceKey":"way:460156134"}},{"type":"Feature","geometry":{"type":"LineString","coordinates":[[113.6089871,24.6867554],[113.6112998,24.689112],[113.6115968,24.6893489],[113.6119228,24.6895201],[113.6124372,24.6897374],[113.6126405,24.6898692],[113.6127876,24.6899643]]},"properties":{"key":"way:460156136@detail:454_98","osmType":"way","osmId":460156136,"sourceRegion":"guangdong","featureType":"infrastructure","railClass":"minor","mode":"rail","name":"未命名","service":"yard","status":"operational","color":"#52636F","dataOrigin":"datum-2026-08-01","sourceKey":"way:460156136"}},{"type":"Feature","geometry":{"type":"LineString","coordinates":[[113.6151482,24.690874],[113.6154801,24.6915041],[113.6155698,24.6917519],[113.6156211,24.692194],[113.6156877,24.6933622],[113.6157799,24.6936693],[113.6158516,24.6938927],[113.6160942,24.694376]]},"properties":{"key":"way:460156137@detail:454_98","osmType":"way","osmId":460156137,"sourceRegion":"guangdong","featureType":"infrastructure","railClass":"minor","mode":"rail","name":"未命名","service":"spur","status":"operational","color":"#52636F","dataOrigin":"datum-2026-08-01","sourceKey":"way:460156137"}},{"type":"Feature","geometry":{"type":"LineString","coordinates":[[113.6201066,24.6962269],[113.6195835,24.6960656],[113.6191669,24.6959932],[113.6188844,24.6959307],[113.6185874,24.6958254],[113.6183628,24.6957234],[113.6181853,24.6956279],[113.6180202,24.6955047],[113.6179427,24.6954469]]},"properties":{"key":"way:460156138@detail:454_98","osmType":"way","osmId":460156138,"sourceRegion":"guangdong","featureType":"infrastructure","railClass":"minor","mode":"rail","name":"未命名","usage":"industrial","service":"spur","status":"operational","color":"#52636F","dataOrigin":"datum-2026-08-01","sourceKey":"way:460156138"}},{"type":"Feature","geometry":{"type":"LineString","coordinates":[[113.6103447,24.6857058],[113.6105386,24.6858443],[113.61071,24.6859903],[113.6108835,24.6861642],[113.613687,24.6890432],[113.6138097,24.6891657],[113.6140256,24.6894476],[113.6141665,24.6896316],[113.6142498,24.6897601],[113.6144368,24.689992],[113.6148703,24.6905295],[113.6151482,24.690874]]},"properties":{"key":"way:460156139@detail:454_98","osmType":"way","osmId":460156139,"sourceRegion":"guangdong","featureType":"infrastructure","railClass":"minor","mode":"rail","name":"未命名","service":"spur","status":"operational","color":"#52636F","dataOrigin":"datum-2026-08-01","sourceKey":"way:460156139"}},{"type":"Feature","geometry":{"type":"LineString","coordinates":[[113.5748764,24.7336511],[113.5757238,24.7350036],[113.5760986,24.7355903],[113.5761363,24.7357368],[113.5762371,24.736128],[113.5762607,24.7366068],[113.5762005,24.7371425],[113.5759289,24.7382668],[113.5758941,24.7385701],[113.5758812,24.7388556],[113.5759112,24.7391509],[113.5761068,24.7397457],[113.5773055,24.7427717],[113.5775904,24.7434682],[113.5778265,24.7439246],[113.5779674,24.7441817],[113.5783393,24.7446971],[113.5790645,24.7456204],[113.5795263,24.7460882],[113.5799175,24.7464637],[113.5816873,24.7479806],[113.5828104,24.7489615],[113.58399949263665,24.75]]},"properties":{"key":"way:591489085@detail:454_98","osmType":"way","osmId":591489085,"sourceRegion":"guangdong","featureType":"infrastructure","railClass":"minor","mode":"rail","name":"韶关冶炼厂专用铁路","usage":"industrial","status":"operational","color":"#E54848","dataOrigin":"datum-2026-08-01","sourceKey":"way:591489085"}},{"type":"Feature","geometry":{"type":"LineString","coordinates":[[113.6188943,24.703822],[113.6190613,24.7042572],[113.6195786,24.7054924],[113.6198619,24.7061882],[113.6201142,24.7068616],[113.620715,24.708488],[113.6209246,24.7091199],[113.6214186,24.7105845],[113.6217965,24.7116387],[113.6226404,24.7139666],[113.6232943,24.7158581],[113.6233748,24.7161267],[113.6234281,24.7163105],[113.6234805,24.7165563],[113.6235228,24.7167817],[113.6235485,24.7170642],[113.6235669,24.7174846],[113.6235509,24.7178451],[113.6235016,24.7181912],[113.6234308,24.7186169],[113.6233701,24.7188839],[113.6233041,24.7191153],[113.6232231,24.7193408],[113.6230789,24.7196432],[113.6226637,24.7204862],[113.6211548,24.7232423],[113.6209591,24.7236234],[113.6207985,24.7238878],[113.6206539,24.7241024],[113.6204772,24.724351],[113.6202646,24.7246103],[113.6199583,24.724963],[113.6180802,24.7271768],[113.6162,24.729328],[113.614397,24.7313542],[113.612266,24.7337855],[113.6101377,24.7361698],[113.6097146,24.7367563],[113.6095065,24.7371223],[113.6093738,24.7373948],[113.6090585,24.7381262],[113.6089489,24.7385349],[113.6088846,24.7388502],[113.608861,24.7390794],[113.6088313,24.7394363],[113.6088317,24.7398038],[113.608883,24.7406464],[113.6092366,24.743072],[113.6092715,24.7433317],[113.609302,24.7436526],[113.6093133,24.7440332],[113.6093042,24.7444457],[113.6092686,24.7449103],[113.6092033,24.7454778],[113.6089785,24.7472721],[113.6086259912863,24.75]]},"properties":{"key":"way:631438438@detail:454_98","osmType":"way","osmId":631438438,"sourceRegion":"guangdong","featureType":"infrastructure","railClass":"national","mode":"rail","name":"京广线","nameEn":"Beijing–Guangzhou Railway","ref":"0001","usage":"main","status":"operational","color":"#E54848","dataOrigin":"datum-2026-08-01","sourceKey":"way:631438438"}},{"type":"Feature","geometry":{"type":"LineString","coordinates":[[113.6186825,24.7032075],[113.6188943,24.703822]]},"properties":{"key":"way:631438439@detail:454_98","osmType":"way","osmId":631438439,"sourceRegion":"guangdong","featureType":"infrastructure","railClass":"national","mode":"rail","name":"京广线","nameEn":"Beijing–Guangzhou Railway","ref":"0001","usage":"main","bridge":"yes","status":"operational","color":"#E54848","dataOrigin":"datum-2026-08-01","sourceKey":"way:631438439"}},{"type":"Feature","geometry":{"type":"LineString","coordinates":[[113.6085083,24.6852735],[113.6094862,24.6862669],[113.6123768,24.6892593],[113.6127732,24.6897676],[113.6131305,24.690262],[113.6134891,24.6907845],[113.6138866,24.6913636],[113.6144869,24.6922401],[113.6145608,24.692348],[113.6150534,24.6931004],[113.6153041,24.6935255],[113.6154295,24.6938062],[113.615497,24.6939667],[113.6159861,24.6952328],[113.617078,24.6982946],[113.6175745,24.6996391],[113.6180354,24.7010384],[113.618544,24.7028027],[113.6186825,24.7032075]]},"properties":{"key":"way:631438440@detail:454_98","osmType":"way","osmId":631438440,"sourceRegion":"guangdong","featureType":"infrastructure","railClass":"national","mode":"rail","name":"京广线","nameEn":"Beijing–Guangzhou Railway","ref":"0001","usage":"main","status":"operational","color":"#E54848","dataOrigin":"datum-2026-08-01","sourceKey":"way:631438440"}},{"type":"Feature","geometry":{"type":"LineString","coordinates":[[113.6033268,24.6799944],[113.6034323,24.6801046],[113.6041211,24.6808241]]},"properties":{"key":"way:631438441@detail:454_98","osmType":"way","osmId":631438441,"sourceRegion":"guangdong","featureType":"infrastructure","railClass":"national","mode":"rail","name":"京广线","nameEn":"Beijing–Guangzhou Railway","ref":"0001","usage":"main","bridge":"yes","status":"operational","color":"#E54848","dataOrigin":"datum-2026-08-01","sourceKey":"way:631438441"}},{"type":"Feature","geometry":{"type":"LineString","coordinates":[[113.5987432,24.6752013],[113.6007416,24.6772532],[113.6011895,24.6777401],[113.6015736,24.6781875],[113.6021251,24.678779],[113.6027028,24.6793991],[113.6029878,24.6796856],[113.6033268,24.6799944]]},"properties":{"key":"way:631438442@detail:454_98","osmType":"way","osmId":631438442,"sourceRegion":"guangdong","featureType":"infrastructure","railClass":"national","mode":"rail","name":"京广线","nameEn":"Beijing–Guangzhou Railway","ref":"0001","usage":"main","status":"operational","color":"#E54848","dataOrigin":"datum-2026-08-01","sourceKey":"way:631438442"}},{"type":"Feature","geometry":{"type":"LineString","coordinates":[[113.5985905,24.6750499],[113.5987432,24.6752013]]},"properties":{"key":"way:631438443@detail:454_98","osmType":"way","osmId":631438443,"sourceRegion":"guangdong","featureType":"infrastructure","railClass":"national","mode":"rail","name":"京广线","nameEn":"Beijing–Guangzhou Railway","ref":"0001","usage":"main","bridge":"yes","status":"operational","color":"#E54848","dataOrigin":"datum-2026-08-01","sourceKey":"way:631438443"}},{"type":"Feature","geometry":{"type":"LineString","coordinates":[[113.5968912,24.6384075],[113.5977951,24.6408678],[113.5979972,24.6415133],[113.5981252,24.6419948],[113.5982357,24.6425071],[113.598283,24.6430728],[113.5983103,24.6436493],[113.5982837,24.6442447],[113.5982077,24.6449214],[113.5980866,24.6453912],[113.5979349,24.6458746],[113.5977486,24.646314],[113.5975004,24.6468266],[113.5973477,24.6470989],[113.597071,24.6475224],[113.5960985,24.6489022],[113.5936713,24.6522917],[113.5928258,24.6535205],[113.5924286,24.6541373],[113.5922495,24.6544701],[113.5919388,24.6552177],[113.5899665,24.6614415],[113.5897643,24.6620654],[113.5896879,24.6624355],[113.5896388,24.6627787],[113.5896066,24.6630762],[113.5895867,24.6635992],[113.5895881,24.6639229],[113.5896353,24.6643439],[113.5897296,24.664819],[113.5898352,24.6651849],[113.5899978,24.6656342],[113.590176,24.6660953],[113.5904213,24.666562],[113.5906009,24.666841],[113.5908283,24.6671709],[113.5911886,24.6676061],[113.5954473,24.6718889]]},"properties":{"key":"way:631438444@detail:454_98","osmType":"way","osmId":631438444,"sourceRegion":"guangdong","featureType":"infrastructure","railClass":"national","mode":"rail","name":"京广线","nameEn":"Beijing–Guangzhou Railway","ref":"0001","usage":"main","status":"operational","color":"#E54848","dataOrigin":"datum-2026-08-01","sourceKey":"way:631438444"}},{"type":"Feature","geometry":{"type":"LineString","coordinates":[[113.5934098,24.6269588],[113.5936055,24.6283797],[113.5939318,24.6299014],[113.5944607,24.6318012],[113.5968912,24.6384075]]},"properties":{"key":"way:631438445@detail:454_98","osmType":"way","osmId":631438445,"sourceRegion":"guangdong","featureType":"infrastructure","railClass":"national","mode":"rail","name":"京广线","nameEn":"Beijing–Guangzhou Railway","ref":"0001","usage":"main","tunnel":"yes","status":"operational","color":"#E54848","dataOrigin":"datum-2026-08-01","sourceKey":"way:631438445"}},{"type":"Feature","geometry":{"type":"LineString","coordinates":[[113.5892024,24.5791592],[113.5886688,24.5796348],[113.5881772,24.5800981],[113.5878964,24.5804001],[113.5876149,24.5807762],[113.5873362,24.581197],[113.5870819,24.5816911],[113.5868576,24.5823362],[113.5867596,24.582727],[113.5867061,24.5830786],[113.5866679,24.583529],[113.5866624,24.5843161],[113.5866582,24.5848998],[113.5865864,24.5950425],[113.5866456,24.5956929],[113.5867899,24.596376],[113.5869434,24.5968687],[113.5876559,24.5985881],[113.5878038,24.5991782],[113.5878705,24.599544],[113.5878912,24.5999686],[113.5878956,24.6003257],[113.5878604,24.6007825],[113.5878003,24.6012196],[113.5877132,24.6015411],[113.587583,24.6019774],[113.5868941,24.6038187],[113.5867738,24.6042758],[113.586722,24.6045695],[113.5866908,24.6050225],[113.5866953,24.6053961],[113.5867257,24.6057709],[113.586789,24.6061072],[113.5868984,24.606534],[113.5870884,24.6069898],[113.5872713,24.6073957],[113.5875324,24.6078483],[113.5878869,24.6082468],[113.5892856,24.609836],[113.5899737,24.6106771],[113.590323,24.6111621],[113.5913242,24.6125606],[113.5916596,24.6130266],[113.5918843,24.6134404],[113.592077,24.613921],[113.5922701,24.6145389],[113.5924099,24.6154266],[113.5928629,24.620997],[113.5931316,24.6241356],[113.5932831,24.6258802],[113.5933533,24.626574],[113.5934098,24.6269588]]},"properties":{"key":"way:631438446@detail:454_98","osmType":"way","osmId":631438446,"sourceRegion":"guangdong","featureType":"infrastructure","railClass":"national","mode":"rail","name":"京广线","nameEn":"Beijing–Guangzhou Railway","ref":"0001","usage":"main","status":"operational","color":"#E54848","dataOrigin":"datum-2026-08-01","sourceKey":"way:631438446"}},{"type":"Feature","geometry":{"type":"LineString","coordinates":[[113.5898022,24.5785938],[113.5892024,24.5791592]]},"properties":{"key":"way:631438447@detail:454_98","osmType":"way","osmId":631438447,"sourceRegion":"guangdong","featureType":"infrastructure","railClass":"national","mode":"rail","name":"京广线","nameEn":"Beijing–Guangzhou Railway","ref":"0001","usage":"main","bridge":"yes","status":"operational","color":"#E54848","dataOrigin":"datum-2026-08-01","sourceKey":"way:631438447"}},{"type":"Feature","geometry":{"type":"LineString","coordinates":[[113.589856,24.5395459],[113.5895923,24.5447843],[113.5894842,24.546932],[113.5893661,24.549278],[113.5893354,24.5500426],[113.5893399,24.5503786],[113.5893819,24.550861],[113.5894691,24.5514508],[113.5896142,24.5519538],[113.5898756,24.5526052],[113.5901205,24.5530556],[113.5917322,24.5553774],[113.5922686,24.5562915],[113.5925028,24.5568634],[113.5926682,24.5574977],[113.5927462,24.5581724],[113.5927469,24.5586754],[113.5927268,24.5592306],[113.5925907,24.5618344],[113.5925082,24.5634115],[113.5924674,24.5641933],[113.592191,24.5694784]]},"properties":{"key":"way:631438448@detail:454_98","osmType":"way","osmId":631438448,"sourceRegion":"guangdong","featureType":"infrastructure","railClass":"national","mode":"rail","name":"京广线","nameEn":"Beijing–Guangzhou Railway","ref":"0001","usage":"main","status":"operational","color":"#E54848","dataOrigin":"datum-2026-08-01","sourceKey":"way:631438448"}},{"type":"Feature","geometry":{"type":"LineString","coordinates":[[113.6060997,24.5299144],[113.6056726,24.5275904],[113.6054734,24.5269038],[113.6054593,24.5268555],[113.6053857,24.5266016],[113.6052509,24.5262655],[113.6051155,24.5259609],[113.6049139,24.5255337],[113.6047139,24.5252247],[113.6044649,24.5248922],[113.6042236,24.5246029],[113.6039221,24.5243164],[113.6031105,24.5236129]]},"properties":{"key":"way:677863166@detail:454_98","osmType":"way","osmId":677863166,"sourceRegion":"guangdong","featureType":"infrastructure","railClass":"minor","mode":"rail","name":"未命名","service":"spur","status":"operational","color":"#52636F","dataOrigin":"datum-2026-08-01","sourceKey":"way:677863166"}},{"type":"Feature","geometry":{"type":"LineString","coordinates":[[113.6031105,24.5236129],[113.6027309,24.5232691]]},"properties":{"key":"way:677863167@detail:454_98","osmType":"way","osmId":677863167,"sourceRegion":"guangdong","featureType":"infrastructure","railClass":"minor","mode":"rail","name":"未命名","service":"spur","bridge":"yes","status":"operational","color":"#52636F","dataOrigin":"datum-2026-08-01","sourceKey":"way:677863167"}},{"type":"Feature","geometry":{"type":"LineString","coordinates":[[113.6032028,24.5219387],[113.6030453,24.5218472],[113.6029032,24.5217795],[113.6027457,24.5217139],[113.6025664,24.5216621],[113.6023718,24.5216323],[113.6021947,24.5216184],[113.6019553,24.5216222],[113.6006915,24.5216819],[113.5997222,24.5217531],[113.5995862,24.5217631],[113.5992902,24.5217842],[113.5989289,24.5218099],[113.5987646,24.5218331],[113.5985863,24.5218716],[113.5984189,24.5219235],[113.5982406,24.5219787],[113.5980513,24.5220557],[113.5978271,24.5221642],[113.5968367,24.5226571],[113.5964774,24.5228527],[113.5962852,24.5229871],[113.5960617,24.5231859],[113.5958633,24.5233949],[113.5957478,24.5235294],[113.5956078,24.5237748],[113.5954574,24.5240444],[113.594769,24.5256958],[113.5945776,24.526148],[113.594463,24.5264003],[113.5941244,24.5271459],[113.5936878,24.5281829],[113.5934705,24.5286864],[113.592447,24.5311285],[113.5922703,24.5315501],[113.5920055,24.5321939],[113.5916286,24.5331015],[113.5915303,24.5333444],[113.5914393,24.5336306],[113.5912512,24.5342201],[113.5910894,24.5347244],[113.5904996,24.5365627]]},"properties":{"key":"way:677863168@detail:454_98","osmType":"way","osmId":677863168,"sourceRegion":"guangdong","featureType":"infrastructure","railClass":"minor","mode":"rail","name":"未命名","service":"spur","status":"operational","color":"#52636F","dataOrigin":"datum-2026-08-01","sourceKey":"way:677863168"}},{"type":"Feature","geometry":{"type":"LineString","coordinates":[[113.5845392,24.5159883],[113.5842614,24.5155519],[113.5840603,24.515149],[113.5838921,24.5146937],[113.583776,24.5142379],[113.583697,24.5137669],[113.5836748,24.5133803],[113.5836749,24.5129495],[113.583763,24.5118935],[113.5840094,24.5093301],[113.5840481,24.5087125],[113.5840462,24.508074],[113.5839909,24.5075176],[113.5834407,24.5043049],[113.5832949,24.5035706],[113.5830411,24.5026044],[113.5827636,24.5017483],[113.5824784,24.5009473],[113.5820715,24.5001246],[113.5820053374322,24.5]]},"properties":{"key":"way:677863170@detail:454_98","osmType":"way","osmId":677863170,"sourceRegion":"guangdong","featureType":"infrastructure","railClass":"national","mode":"rail","name":"京广线","nameEn":"Beijing–Guangzhou Railway","ref":"0001","usage":"main","status":"operational","color":"#E54848","dataOrigin":"datum-2026-08-01","sourceKey":"way:677863170"}},{"type":"Feature","geometry":{"type":"LineString","coordinates":[[113.58194329295667,24.5],[113.5820208,24.5001466],[113.5824192,24.5009801],[113.5826799,24.5016544],[113.5830013,24.5026415],[113.5832297,24.5034785],[113.5834005,24.5043307],[113.5839429,24.5075772],[113.5839927,24.5080639],[113.5839994,24.5087066],[113.5839696,24.5093105],[113.5836263,24.5129347],[113.5836315,24.5133654],[113.5836449,24.513678],[113.5837272,24.5142199],[113.5838367,24.5147145],[113.5840042,24.5151389],[113.5842232,24.5155896],[113.5844977,24.5160294]]},"properties":{"key":"way:677863171@detail:454_98","osmType":"way","osmId":677863171,"sourceRegion":"guangdong","featureType":"infrastructure","railClass":"national","mode":"rail","name":"京广线","nameEn":"Beijing–Guangzhou Railway","ref":"0001","usage":"main","status":"operational","color":"#E54848","dataOrigin":"datum-2026-08-01","sourceKey":"way:677863171"}},{"type":"Feature","geometry":{"type":"LineString","coordinates":[[113.5871715,24.5180975],[113.5865513,24.5177839],[113.5856568,24.5171766],[113.5849161,24.5164779],[113.5845392,24.5159883]]},"properties":{"key":"way:677863172@detail:454_98","osmType":"way","osmId":677863172,"sourceRegion":"guangdong","featureType":"infrastructure","railClass":"national","mode":"rail","name":"京广线","nameEn":"Beijing–Guangzhou Railway","ref":"0001","usage":"main","tunnel":"yes","status":"operational","color":"#E54848","dataOrigin":"datum-2026-08-01","sourceKey":"way:677863172"}},{"type":"Feature","geometry":{"type":"LineString","coordinates":[[113.5844977,24.5160294],[113.584886,24.5165254],[113.5856347,24.5172203],[113.5865148,24.5178106],[113.5871399,24.5181473]]},"properties":{"key":"way:677863173@detail:454_98","osmType":"way","osmId":677863173,"sourceRegion":"guangdong","featureType":"infrastructure","railClass":"national","mode":"rail","name":"京广线","nameEn":"Beijing–Guangzhou Railway","ref":"0001","usage":"main","tunnel":"yes","status":"operational","color":"#E54848","dataOrigin":"datum-2026-08-01","sourceKey":"way:677863173"}},{"type":"Feature","geometry":{"type":"LineString","coordinates":[[113.50594084091034,24.75],[113.5058492,24.7498661],[113.5057216,24.7496797],[113.5054948,24.7491925],[113.5051387,24.7483977],[113.503409,24.7456816]]},"properties":{"key":"way:690527036@detail:454_98","osmType":"way","osmId":690527036,"sourceRegion":"guangdong","featureType":"infrastructure","railClass":"minor","mode":"rail","name":"未命名","service":"yard","status":"operational","color":"#52636F","dataOrigin":"datum-2026-08-01","sourceKey":"way:690527036"}},{"type":"Feature","geometry":{"type":"LineString","coordinates":[[113.6359071,24.6338628],[113.6352855,24.6342553]]},"properties":{"key":"way:690527079@detail:454_98","osmType":"way","osmId":690527079,"sourceRegion":"guangdong","featureType":"infrastructure","railClass":"national","mode":"rail","name":"未命名","bridge":"yes","status":"operational","color":"#E54848","dataOrigin":"datum-2026-08-01","sourceKey":"way:690527079"}},{"type":"Feature","geometry":{"type":"LineString","coordinates":[[113.6453419,24.6307291],[113.6450207,24.6307526],[113.6446211,24.6307839],[113.6440962,24.6308623],[113.6419883,24.6313715],[113.6391956,24.6322188],[113.6379572,24.6326701],[113.6374508,24.6329258],[113.636057,24.6337681],[113.6359071,24.6338628]]},"properties":{"key":"way:690527080@detail:454_98","osmType":"way","osmId":690527080,"sourceRegion":"guangdong","featureType":"infrastructure","railClass":"national","mode":"rail","name":"未命名","status":"operational","color":"#E54848","dataOrigin":"datum-2026-08-01","sourceKey":"way:690527080"}},{"type":"Feature","geometry":{"type":"LineString","coordinates":[[113.5934141,24.5210201],[113.5936251,24.5212783],[113.5940044,24.5218186],[113.5942746,24.5223242],[113.5944699,24.5228357],[113.594583,24.52327],[113.5946617,24.5236178],[113.5947089,24.5240721],[113.5947068,24.5246718],[113.5946612,24.5251028],[113.5945658,24.5255688],[113.5942484,24.526529],[113.5939492,24.527212],[113.5919702,24.5319834],[113.591592,24.5328952],[113.591392,24.5334371],[113.590902,24.5349622],[113.5906881,24.5356283],[113.5905784,24.5359698],[113.5903363,24.5367234],[113.5901465,24.5373949],[113.5900368,24.5378572],[113.5899424,24.5384646],[113.5898797,24.5391016],[113.589856,24.5395459]]},"properties":{"key":"way:895013281@detail:454_98","osmType":"way","osmId":895013281,"sourceRegion":"guangdong","featureType":"infrastructure","railClass":"national","mode":"rail","name":"京广线","nameEn":"Beijing–Guangzhou Railway","ref":"0001","usage":"main","status":"operational","color":"#E54848","dataOrigin":"datum-2026-08-01","sourceKey":"way:895013281"}},{"type":"Feature","geometry":{"type":"LineString","coordinates":[[113.6085106,24.6851979],[113.607411,24.6841018],[113.6065296,24.6831996],[113.6055996,24.6822691],[113.605331,24.6820003],[113.6047449,24.6813981],[113.6041546,24.6807939]]},"properties":{"key":"way:895169415@detail:454_98","osmType":"way","osmId":895169415,"sourceRegion":"guangdong","featureType":"infrastructure","railClass":"national","mode":"rail","name":"京广线","nameEn":"Beijing–Guangzhou Railway","ref":"0001","usage":"main","status":"operational","color":"#E54848","dataOrigin":"datum-2026-08-01","sourceKey":"way:895169415"}},{"type":"Feature","geometry":{"type":"LineString","coordinates":[[113.6041211,24.6808241],[113.604715,24.6814337],[113.6051027,24.6818344],[113.605291,24.682029],[113.6055675,24.6823035],[113.6064271,24.6831569],[113.6085083,24.6852735]]},"properties":{"key":"way:895169416@detail:454_98","osmType":"way","osmId":895169416,"sourceRegion":"guangdong","featureType":"infrastructure","railClass":"national","mode":"rail","name":"京广线","nameEn":"Beijing–Guangzhou Railway","ref":"0001","usage":"main","status":"operational","color":"#E54848","dataOrigin":"datum-2026-08-01","sourceKey":"way:895169416"}},{"type":"Feature","geometry":{"type":"LineString","coordinates":[[113.5898204,24.5786157],[113.5905053,24.5779512],[113.5907997,24.5776206],[113.5910773,24.5772452],[113.5913489,24.5768054],[113.5915261,24.5764365],[113.5916811,24.5760648],[113.591815,24.5755937],[113.5919087,24.5751225],[113.5919569,24.5747008],[113.5919992,24.5740766],[113.5920051,24.5739636],[113.5920577,24.5729505],[113.5922377,24.5694798]]},"properties":{"key":"way:895169417@detail:454_98","osmType":"way","osmId":895169417,"sourceRegion":"guangdong","featureType":"infrastructure","railClass":"national","mode":"rail","name":"京广线","nameEn":"Beijing–Guangzhou Railway","ref":"0001","usage":"main","status":"operational","color":"#E54848","dataOrigin":"datum-2026-08-01","sourceKey":"way:895169417"}},{"type":"Feature","geometry":{"type":"LineString","coordinates":[[113.592191,24.5694784],[113.591999,24.5729522],[113.5919757,24.5733739],[113.5919019,24.5747087],[113.5918481,24.5751137],[113.5917583,24.5755978],[113.5916256,24.5760542],[113.5914734,24.5764356],[113.5913096,24.576774],[113.5910452,24.5772137],[113.5907708,24.5776075],[113.590495,24.5779182],[113.5898022,24.5785938]]},"properties":{"key":"way:895169418@detail:454_98","osmType":"way","osmId":895169418,"sourceRegion":"guangdong","featureType":"infrastructure","railClass":"national","mode":"rail","name":"京广线","nameEn":"Beijing–Guangzhou Railway","ref":"0001","usage":"main","status":"operational","color":"#E54848","dataOrigin":"datum-2026-08-01","sourceKey":"way:895169418"}},{"type":"Feature","geometry":{"type":"LineString","coordinates":[[113.50585335825467,24.75],[113.5036753,24.7467956],[113.5013489,24.743415]]},"properties":{"key":"way:903373473@detail:454_98","osmType":"way","osmId":903373473,"sourceRegion":"guangdong","featureType":"infrastructure","railClass":"highspeed","mode":"rail","name":"京广高速线","nameEn":"Beijing-Guangzhou High-speed Line","ref":"3001","usage":"main","highspeed":"yes","status":"operational","color":"#E54848","dataOrigin":"datum-2026-08-01","sourceKey":"way:903373473"}},{"type":"Feature","geometry":{"type":"LineString","coordinates":[[113.5,24.606121586900965],[113.5023811,24.5991989],[113.5045377,24.5884134],[113.5054812,24.5785479],[113.5059455,24.5686622]]},"properties":{"key":"way:903373499@detail:454_98","osmType":"way","osmId":903373499,"sourceRegion":"guangdong","featureType":"infrastructure","railClass":"highspeed","mode":"rail","name":"京广高速线","nameEn":"Beijing-Guangzhou High-speed Line","ref":"3001","usage":"main","highspeed":"yes","tunnel":"yes","status":"operational","color":"#E54848","dataOrigin":"datum-2026-08-01","sourceKey":"way:903373499"}},{"type":"Feature","geometry":{"type":"LineString","coordinates":[[113.5059455,24.5686622],[113.5059443,24.568473]]},"properties":{"key":"way:903373500@detail:454_98","osmType":"way","osmId":903373500,"sourceRegion":"guangdong","featureType":"infrastructure","railClass":"highspeed","mode":"rail","name":"京广高速线","nameEn":"Beijing-Guangzhou High-speed Line","ref":"3001","usage":"main","highspeed":"yes","status":"operational","color":"#E54848","dataOrigin":"datum-2026-08-01","sourceKey":"way:903373500"}},{"type":"Feature","geometry":{"type":"LineString","coordinates":[[113.5059443,24.568473],[113.5059464,24.5680455],[113.5059237,24.5669486],[113.5058825,24.5661919],[113.5058681,24.565137],[113.5058123,24.564334],[113.5057609,24.5635713],[113.5056846,24.5625908],[113.5053616,24.5594916],[113.5049803,24.5566094],[113.5040448,24.5515815],[113.5034224,24.5487567]]},"properties":{"key":"way:903373501@detail:454_98","osmType":"way","osmId":903373501,"sourceRegion":"guangdong","featureType":"infrastructure","railClass":"highspeed","mode":"rail","name":"京广高速线","nameEn":"Beijing-Guangzhou High-speed Line","ref":"3001","usage":"main","highspeed":"yes","bridge":"yes","status":"operational","color":"#E54848","dataOrigin":"datum-2026-08-01","sourceKey":"way:903373501"}},{"type":"Feature","geometry":{"type":"LineString","coordinates":[[113.5034224,24.5487567],[113.5033516,24.5484328],[113.5012053,24.541517]]},"properties":{"key":"way:903373502@detail:454_98","osmType":"way","osmId":903373502,"sourceRegion":"guangdong","featureType":"infrastructure","railClass":"highspeed","mode":"rail","name":"京广高速线","nameEn":"Beijing-Guangzhou High-speed Line","ref":"3001","usage":"main","highspeed":"yes","status":"operational","color":"#E54848","dataOrigin":"datum-2026-08-01","sourceKey":"way:903373502"}},{"type":"Feature","geometry":{"type":"LineString","coordinates":[[113.6060857,24.6695652],[113.6055272,24.6705449],[113.6046965,24.6714336]]},"properties":{"key":"way:965213317@detail:454_98","osmType":"way","osmId":965213317,"sourceRegion":"guangdong","featureType":"infrastructure","railClass":"minor","mode":"disused","name":"未命名","status":"operational","color":"#52636F","dataOrigin":"datum-2026-08-01","sourceKey":"way:965213317"}},{"type":"Feature","geometry":{"type":"LineString","coordinates":[[113.6023647,24.6788795],[113.6025068,24.6789769],[113.6028122,24.6791766],[113.6032276,24.6795027]]},"properties":{"key":"way:970114790@detail:454_98","osmType":"way","osmId":970114790,"sourceRegion":"guangdong","featureType":"infrastructure","railClass":"national","mode":"rail","name":"未命名","status":"operational","color":"#E54848","dataOrigin":"datum-2026-08-01","sourceKey":"way:970114790"}},{"type":"Feature","geometry":{"type":"LineString","coordinates":[[113.6032276,24.6795027],[113.6034451,24.6797029]]},"properties":{"key":"way:970114791@detail:454_98","osmType":"way","osmId":970114791,"sourceRegion":"guangdong","featureType":"infrastructure","railClass":"national","mode":"rail","name":"未命名","status":"operational","color":"#E54848","dataOrigin":"datum-2026-08-01","sourceKey":"way:970114791"}},{"type":"Feature","geometry":{"type":"LineString","coordinates":[[113.6043807,24.6806734],[113.6045718,24.6808686]]},"properties":{"key":"way:970114792@detail:454_98","osmType":"way","osmId":970114792,"sourceRegion":"guangdong","featureType":"infrastructure","railClass":"national","mode":"rail","name":"未命名","status":"operational","color":"#E54848","dataOrigin":"datum-2026-08-01","sourceKey":"way:970114792"}},{"type":"Feature","geometry":{"type":"LineString","coordinates":[[113.6063439,24.6828135],[113.6067208,24.6831949],[113.6072402,24.6837279],[113.6100623,24.6865551],[113.6125642,24.6890966],[113.6127266,24.6892885],[113.6128577,24.6894586],[113.6129371,24.6895865],[113.6130002,24.6897094],[113.6130706,24.689875],[113.6131576,24.6900911]]},"properties":{"key":"way:970114795@detail:454_98","osmType":"way","osmId":970114795,"sourceRegion":"guangdong","featureType":"infrastructure","railClass":"minor","mode":"rail","name":"未命名","service":"yard","status":"operational","color":"#52636F","dataOrigin":"datum-2026-08-01","sourceKey":"way:970114795"}},{"type":"Feature","geometry":{"type":"LineString","coordinates":[[113.5012875,24.7434398],[113.5,24.741572980840058]]},"properties":{"key":"way:975836612@detail:454_98","osmType":"way","osmId":975836612,"sourceRegion":"guangdong","featureType":"infrastructure","railClass":"highspeed","mode":"rail","name":"京广高速线","nameEn":"Beijing-Guangzhou High-speed Line","ref":"3001","usage":"main","highspeed":"yes","bridge":"yes","status":"operational","color":"#E54848","dataOrigin":"datum-2026-08-01","sourceKey":"way:975836612"}},{"type":"Feature","geometry":{"type":"LineString","coordinates":[[113.5013489,24.743415],[113.5,24.74145482404678]]},"properties":{"key":"way:975836613@detail:454_98","osmType":"way","osmId":975836613,"sourceRegion":"guangdong","featureType":"infrastructure","railClass":"highspeed","mode":"rail","name":"京广高速线","nameEn":"Beijing-Guangzhou High-speed Line","ref":"3001","usage":"main","highspeed":"yes","bridge":"yes","status":"operational","color":"#E54848","dataOrigin":"datum-2026-08-01","sourceKey":"way:975836613"}},{"type":"Feature","geometry":{"type":"LineString","coordinates":[[113.6154968,24.693537],[113.6153156,24.6931958],[113.6149208,24.69241],[113.6142423,24.6910404],[113.6140445,24.6906938],[113.6138459,24.6904041],[113.6136706,24.6901806],[113.6134461,24.6898943],[113.6131614,24.6895399],[113.6129475,24.6892808],[113.6127498,24.6890814],[113.608645,24.6849043],[113.6074331,24.683673],[113.6070293,24.6832627],[113.606883,24.6831161],[113.6053961,24.6816255]]},"properties":{"key":"way:1022754282@detail:454_98","osmType":"way","osmId":1022754282,"sourceRegion":"guangdong","featureType":"infrastructure","railClass":"minor","mode":"rail","name":"未命名","service":"yard","status":"operational","color":"#52636F","dataOrigin":"datum-2026-08-01","sourceKey":"way:1022754282"}},{"type":"Feature","geometry":{"type":"LineString","coordinates":[[113.6155465,24.6935355],[113.6153775,24.6931858]]},"properties":{"key":"way:1022754283@detail:454_98","osmType":"way","osmId":1022754283,"sourceRegion":"guangdong","featureType":"infrastructure","railClass":"minor","mode":"rail","name":"未命名","service":"yard","status":"operational","color":"#52636F","dataOrigin":"datum-2026-08-01","sourceKey":"way:1022754283"}},{"type":"Feature","geometry":{"type":"LineString","coordinates":[[113.6135232,24.6907055],[113.6134001,24.6904875]]},"properties":{"key":"way:1022754284@detail:454_98","osmType":"way","osmId":1022754284,"sourceRegion":"guangdong","featureType":"infrastructure","railClass":"minor","mode":"rail","name":"未命名","service":"yard","status":"operational","color":"#52636F","dataOrigin":"datum-2026-08-01","sourceKey":"way:1022754284"}},{"type":"Feature","geometry":{"type":"LineString","coordinates":[[113.6135465,24.6907005],[113.6134303,24.6904849]]},"properties":{"key":"way:1022754285@detail:454_98","osmType":"way","osmId":1022754285,"sourceRegion":"guangdong","featureType":"infrastructure","railClass":"minor","mode":"rail","name":"未命名","service":"yard","status":"operational","color":"#52636F","dataOrigin":"datum-2026-08-01","sourceKey":"way:1022754285"}},{"type":"Feature","geometry":{"type":"LineString","coordinates":[[113.6148043,24.6926083],[113.6144869,24.6922401]]},"properties":{"key":"way:1022754286@detail:454_98","osmType":"way","osmId":1022754286,"sourceRegion":"guangdong","featureType":"infrastructure","railClass":"minor","mode":"rail","name":"未命名","service":"siding","status":"operational","color":"#52636F","dataOrigin":"datum-2026-08-01","sourceKey":"way:1022754286"}},{"type":"Feature","geometry":{"type":"LineString","coordinates":[[113.6055996,24.6822691],[113.6057896,24.6824292],[113.6060865,24.6826796],[113.6063315,24.6828755],[113.6065294,24.6830679],[113.6069692,24.6835154],[113.6073018,24.6838539],[113.6102533,24.6868237],[113.612333,24.6889476],[113.6125731,24.6891906],[113.6127878,24.6894562],[113.6128883,24.6896058],[113.6129514,24.6897194],[113.6131576,24.6900911],[113.6132372,24.6902346],[113.6134001,24.6904875],[113.6134716,24.6905916],[113.6135465,24.6907005],[113.6137512,24.690998],[113.6141727,24.6916313],[113.6148027,24.692532]]},"properties":{"key":"way:1022754289@detail:454_98","osmType":"way","osmId":1022754289,"sourceRegion":"guangdong","featureType":"infrastructure","railClass":"minor","mode":"rail","name":"未命名","service":"yard","status":"operational","color":"#52636F","dataOrigin":"datum-2026-08-01","sourceKey":"way:1022754289"}},{"type":"Feature","geometry":{"type":"LineString","coordinates":[[113.6069692,24.6835154],[113.6067208,24.6831949],[113.6065688,24.6829987],[113.6064591,24.6828571]]},"properties":{"key":"way:1022754290@detail:454_98","osmType":"way","osmId":1022754290,"sourceRegion":"guangdong","featureType":"infrastructure","railClass":"minor","mode":"rail","name":"未命名","service":"yard","status":"operational","color":"#52636F","dataOrigin":"datum-2026-08-01","sourceKey":"way:1022754290"}},{"type":"Feature","geometry":{"type":"LineString","coordinates":[[113.6057896,24.6824292],[113.6060447,24.6825902],[113.6061838,24.6826817],[113.6063439,24.6828135],[113.6065688,24.6829987],[113.606748,24.6831463]]},"properties":{"key":"way:1022754291@detail:454_98","osmType":"way","osmId":1022754291,"sourceRegion":"guangdong","featureType":"infrastructure","railClass":"minor","mode":"rail","name":"未命名","service":"yard","status":"operational","color":"#52636F","dataOrigin":"datum-2026-08-01","sourceKey":"way:1022754291"}},{"type":"Feature","geometry":{"type":"LineString","coordinates":[[113.6134891,24.6907845],[113.6129766,24.6901496],[113.6127332,24.689848],[113.612423,24.6894736],[113.6122211,24.6892301],[113.6120502,24.6890274],[113.6107117,24.6876724],[113.6065951,24.6834997],[113.6064267,24.6833301],[113.6063002,24.6831791],[113.6060592,24.6828911],[113.6055675,24.6823035]]},"properties":{"key":"way:1022754292@detail:454_98","osmType":"way","osmId":1022754292,"sourceRegion":"guangdong","featureType":"infrastructure","railClass":"minor","mode":"rail","name":"未命名","service":"yard","status":"operational","color":"#52636F","dataOrigin":"datum-2026-08-01","sourceKey":"way:1022754292"}},{"type":"Feature","geometry":{"type":"LineString","coordinates":[[113.610467,24.6874936],[113.610792,24.68792],[113.6109572,24.688117],[113.6111009,24.6882827],[113.6120251,24.6892092],[113.612232,24.6894176],[113.6127876,24.6899643],[113.6129766,24.6901496]]},"properties":{"key":"way:1022754293@detail:454_98","osmType":"way","osmId":1022754293,"sourceRegion":"guangdong","featureType":"infrastructure","railClass":"minor","mode":"rail","name":"未命名","service":"yard","status":"operational","color":"#52636F","dataOrigin":"datum-2026-08-01","sourceKey":"way:1022754293"}},{"type":"Feature","geometry":{"type":"LineString","coordinates":[[113.6132685,24.6900925],[113.613159,24.6897463],[113.613092,24.6896085],[113.6130072,24.6894577],[113.6128809,24.6893052],[113.6104019,24.6867654],[113.6090919,24.6854311],[113.6080564,24.6843922],[113.6075608,24.6839165],[113.6072704,24.6836206],[113.6070176,24.6834159]]},"properties":{"key":"way:1022754294@detail:454_98","osmType":"way","osmId":1022754294,"sourceRegion":"guangdong","featureType":"infrastructure","railClass":"minor","mode":"rail","name":"未命名","service":"yard","status":"operational","color":"#52636F","dataOrigin":"datum-2026-08-01","sourceKey":"way:1022754294"}},{"type":"Feature","geometry":{"type":"LineString","coordinates":[[113.606883,24.6831161],[113.6066145,24.6829096],[113.6065041,24.6828155],[113.6063472,24.6826654],[113.6058918,24.6822046]]},"properties":{"key":"way:1022754295@detail:454_98","osmType":"way","osmId":1022754295,"sourceRegion":"guangdong","featureType":"infrastructure","railClass":"minor","mode":"rail","name":"未命名","service":"yard","status":"operational","color":"#52636F","dataOrigin":"datum-2026-08-01","sourceKey":"way:1022754295"}},{"type":"Feature","geometry":{"type":"LineString","coordinates":[[113.612423,24.6894736],[113.6122658,24.6892292],[113.6120822,24.6890156],[113.6111071,24.6880003],[113.6076884,24.684531],[113.6070889,24.6839342],[113.6060592,24.6828911]]},"properties":{"key":"way:1022754296@detail:454_98","osmType":"way","osmId":1022754296,"sourceRegion":"guangdong","featureType":"infrastructure","railClass":"minor","mode":"rail","name":"未命名","service":"yard","status":"operational","color":"#52636F","dataOrigin":"datum-2026-08-01","sourceKey":"way:1022754296"}},{"type":"Feature","geometry":{"type":"LineString","coordinates":[[113.6096983,24.6850436],[113.6092806,24.6846951],[113.6090035,24.684464],[113.6086204,24.6841443],[113.6084396,24.6839935],[113.6082713,24.683853],[113.607924,24.6835633],[113.6062256,24.6821967],[113.6045718,24.6808686]]},"properties":{"key":"way:1022754297@detail:454_98","osmType":"way","osmId":1022754297,"sourceRegion":"guangdong","featureType":"infrastructure","railClass":"minor","mode":"rail","name":"未命名","service":"yard","status":"operational","color":"#52636F","dataOrigin":"datum-2026-08-01","sourceKey":"way:1022754297"}},{"type":"Feature","geometry":{"type":"LineString","coordinates":[[113.609918,24.6852785],[113.6096983,24.6850436],[113.6094509,24.6847792],[113.6091985,24.6845045],[113.6090447,24.6843701],[113.6086362,24.6840283],[113.6079945,24.6834971],[113.6071614,24.6828073],[113.6061006,24.6819402],[113.605277,24.6812598],[113.6049102,24.6809588],[113.6045849,24.6807316]]},"properties":{"key":"way:1022754298@detail:454_98","osmType":"way","osmId":1022754298,"sourceRegion":"guangdong","featureType":"infrastructure","railClass":"minor","mode":"rail","name":"未命名","service":"yard","status":"operational","color":"#52636F","dataOrigin":"datum-2026-08-01","sourceKey":"way:1022754298"}},{"type":"Feature","geometry":{"type":"LineString","coordinates":[[113.6079945,24.6834971],[113.608317,24.6838305],[113.6086204,24.6841443],[113.6088498,24.6843815],[113.609453,24.6850125],[113.6139114,24.6895315],[113.6142398,24.6899199],[113.6144457,24.690119],[113.6146203,24.6902879],[113.6148703,24.6905295]]},"properties":{"key":"way:1022754299@detail:454_98","osmType":"way","osmId":1022754299,"sourceRegion":"guangdong","featureType":"infrastructure","railClass":"minor","mode":"rail","name":"未命名","service":"yard","status":"operational","color":"#52636F","dataOrigin":"datum-2026-08-01","sourceKey":"way:1022754299"}},{"type":"Feature","geometry":{"type":"LineString","coordinates":[[113.6085552,24.684147],[113.6084396,24.6839935],[113.608317,24.6838305]]},"properties":{"key":"way:1022754300@detail:454_98","osmType":"way","osmId":1022754300,"sourceRegion":"guangdong","featureType":"infrastructure","railClass":"minor","mode":"rail","name":"未命名","service":"yard","status":"operational","color":"#52636F","dataOrigin":"datum-2026-08-01","sourceKey":"way:1022754300"}},{"type":"Feature","geometry":{"type":"LineString","coordinates":[[113.6140445,24.6906938],[113.6134615,24.6897159],[113.6134005,24.6896135],[113.6131402,24.689275],[113.6088981,24.6849624],[113.6084247,24.684483],[113.6082159,24.6843054],[113.6080367,24.6841606],[113.6076932,24.6838831],[113.6074331,24.683673]]},"properties":{"key":"way:1022754301@detail:454_98","osmType":"way","osmId":1022754301,"sourceRegion":"guangdong","featureType":"infrastructure","railClass":"minor","mode":"rail","name":"未命名","service":"yard","status":"operational","color":"#52636F","dataOrigin":"datum-2026-08-01","sourceKey":"way:1022754301"}},{"type":"Feature","geometry":{"type":"LineString","coordinates":[[113.6134615,24.6897159],[113.6131174,24.6893224],[113.61249,24.6886848],[113.608735,24.6848749],[113.6080367,24.6841606]]},"properties":{"key":"way:1022754302@detail:454_98","osmType":"way","osmId":1022754302,"sourceRegion":"guangdong","featureType":"infrastructure","railClass":"minor","mode":"rail","name":"未命名","service":"yard","status":"operational","color":"#52636F","dataOrigin":"datum-2026-08-01","sourceKey":"way:1022754302"}},{"type":"Feature","geometry":{"type":"LineString","coordinates":[[113.6136706,24.6901806],[113.6133658,24.6897125],[113.6132139,24.6895192],[113.6130303,24.689311],[113.6127359,24.689005],[113.6084735,24.6846655],[113.6076932,24.6838831]]},"properties":{"key":"way:1022754303@detail:454_98","osmType":"way","osmId":1022754303,"sourceRegion":"guangdong","featureType":"infrastructure","railClass":"minor","mode":"rail","name":"未命名","service":"yard","status":"operational","color":"#52636F","dataOrigin":"datum-2026-08-01","sourceKey":"way:1022754303"}},{"type":"Feature","geometry":{"type":"LineString","coordinates":[[113.6146109,24.6903326],[113.6143271,24.6900558],[113.6141841,24.6899163],[113.6139204,24.6896226],[113.6129191,24.6885808],[113.6092432,24.6848595],[113.6085552,24.684147],[113.6082713,24.683853]]},"properties":{"key":"way:1022754304@detail:454_98","osmType":"way","osmId":1022754304,"sourceRegion":"guangdong","featureType":"infrastructure","railClass":"minor","mode":"rail","name":"未命名","service":"yard","status":"operational","color":"#52636F","dataOrigin":"datum-2026-08-01","sourceKey":"way:1022754304"}},{"type":"Feature","geometry":{"type":"LineString","coordinates":[[113.6180055,24.6946824],[113.618314,24.6950255],[113.6185254,24.6952424],[113.6188123,24.6955263],[113.6190006,24.6956468],[113.6192623,24.6958141],[113.6197649,24.6960271]]},"properties":{"key":"way:1022754305@detail:454_98","osmType":"way","osmId":1022754305,"sourceRegion":"guangdong","featureType":"infrastructure","railClass":"minor","mode":"rail","name":"未命名","usage":"industrial","service":"spur","status":"operational","color":"#52636F","dataOrigin":"datum-2026-08-01","sourceKey":"way:1022754305"}},{"type":"Feature","geometry":{"type":"LineString","coordinates":[[113.6092806,24.6846951],[113.6098291,24.685256],[113.6110873,24.6865328],[113.6137083,24.6891961],[113.6138851,24.6893945]]},"properties":{"key":"way:1022754306@detail:454_98","osmType":"way","osmId":1022754306,"sourceRegion":"guangdong","featureType":"infrastructure","railClass":"minor","mode":"rail","name":"未命名","service":"yard","status":"operational","color":"#52636F","dataOrigin":"datum-2026-08-01","sourceKey":"way:1022754306"}},{"type":"Feature","geometry":{"type":"LineString","coordinates":[[113.6156317,24.6939342],[113.6154968,24.693537],[113.6154462,24.6933879],[113.6153775,24.6931858],[113.6153566,24.6931242],[113.6152951,24.6929055],[113.6152044,24.692574],[113.6152044,24.6921594],[113.6152096,24.6917473],[113.6152116,24.6915868],[113.615122,24.6911524],[113.6149546,24.6908108],[113.6148306,24.6906164],[113.6146109,24.6903326],[113.6145068,24.690198],[113.6144457,24.690119],[113.6140489,24.6896062],[113.6138851,24.6893945]]},"properties":{"key":"way:1022754307@detail:454_98","osmType":"way","osmId":1022754307,"sourceRegion":"guangdong","featureType":"infrastructure","railClass":"minor","mode":"rail","name":"未命名","service":"yard","status":"operational","color":"#52636F","dataOrigin":"datum-2026-08-01","sourceKey":"way:1022754307"}},{"type":"Feature","geometry":{"type":"LineString","coordinates":[[113.6146203,24.6902879],[113.6145068,24.690198],[113.6143271,24.6900558]]},"properties":{"key":"way:1022754308@detail:454_98","osmType":"way","osmId":1022754308,"sourceRegion":"guangdong","featureType":"infrastructure","railClass":"minor","mode":"rail","name":"未命名","service":"yard","status":"operational","color":"#52636F","dataOrigin":"datum-2026-08-01","sourceKey":"way:1022754308"}},{"type":"Feature","geometry":{"type":"LineString","coordinates":[[113.609918,24.6852785],[113.6101216,24.6854823],[113.6103447,24.6857058],[113.6105954,24.6859568],[113.6135814,24.6889813],[113.6140256,24.6894476]]},"properties":{"key":"way:1022754309@detail:454_98","osmType":"way","osmId":1022754309,"sourceRegion":"guangdong","featureType":"infrastructure","railClass":"minor","mode":"rail","name":"未命名","service":"yard","status":"operational","color":"#52636F","dataOrigin":"datum-2026-08-01","sourceKey":"way:1022754309"}},{"type":"Feature","geometry":{"type":"LineString","coordinates":[[113.6144368,24.689992],[113.6143195,24.6897876],[113.6141878,24.6895583],[113.6140561,24.6893289],[113.6139908,24.6892351],[113.6138537,24.6890754],[113.6110793,24.6862529],[113.6109783,24.6861594],[113.6108508,24.6860326],[113.6107106,24.6859269],[113.6103786,24.6856763],[113.6101216,24.6854823]]},"properties":{"key":"way:1022754310@detail:454_98","osmType":"way","osmId":1022754310,"sourceRegion":"guangdong","featureType":"infrastructure","railClass":"minor","mode":"rail","name":"未命名","service":"yard","status":"operational","color":"#52636F","dataOrigin":"datum-2026-08-01","sourceKey":"way:1022754310"}},{"type":"Feature","geometry":{"type":"LineString","coordinates":[[113.6143195,24.6897876],[113.6141222,24.6893769],[113.614029,24.6892157],[113.6138667,24.6890337],[113.6110731,24.6861832],[113.6109121,24.6860136],[113.6107684,24.6859024],[113.6106353,24.6858147],[113.6103786,24.6856763]]},"properties":{"key":"way:1022754311@detail:454_98","osmType":"way","osmId":1022754311,"sourceRegion":"guangdong","featureType":"infrastructure","railClass":"minor","mode":"rail","name":"未命名","service":"yard","status":"operational","color":"#52636F","dataOrigin":"datum-2026-08-01","sourceKey":"way:1022754311"}},{"type":"Feature","geometry":{"type":"LineString","coordinates":[[113.6141878,24.6895583],[113.6140243,24.6893329],[113.613861,24.6891474],[113.6113037,24.686543],[113.6107106,24.6859269]]},"properties":{"key":"way:1022754312@detail:454_98","osmType":"way","osmId":1022754312,"sourceRegion":"guangdong","featureType":"infrastructure","railClass":"minor","mode":"rail","name":"未命名","service":"yard","status":"operational","color":"#52636F","dataOrigin":"datum-2026-08-01","sourceKey":"way:1022754312"}},{"type":"Feature","geometry":{"type":"LineString","coordinates":[[113.5866997,24.5852842],[113.5866582,24.5848998]]},"properties":{"key":"way:1023228172@detail:454_98","osmType":"way","osmId":1023228172,"sourceRegion":"guangdong","featureType":"infrastructure","railClass":"minor","mode":"rail","name":"未命名","service":"crossover","status":"operational","color":"#52636F","dataOrigin":"datum-2026-08-01","sourceKey":"way:1023228172"}},{"type":"Feature","geometry":{"type":"LineString","coordinates":[[113.5914028,24.5672948],[113.5911923,24.5678695],[113.5911112,24.5682421],[113.5910605,24.5685717],[113.5910388,24.5689484],[113.5910449,24.5692478],[113.5910689,24.5695255],[113.5911443,24.5699087],[113.5913474,24.5709673],[113.5916408,24.572496],[113.5916995,24.5728018],[113.5917379,24.5731755],[113.5917188,24.5735405],[113.5916944,24.57382],[113.5916122,24.5741614],[113.5915134,24.5744829],[113.5913818,24.5747811],[113.5911564,24.5751828],[113.5908962,24.5755821],[113.5901233,24.5767392],[113.5896254,24.5774413],[113.589253,24.5779665]]},"properties":{"key":"way:1023228173@detail:454_98","osmType":"way","osmId":1023228173,"sourceRegion":"guangdong","featureType":"infrastructure","railClass":"minor","mode":"rail","name":"未命名","usage":"industrial","service":"yard","status":"operational","color":"#52636F","dataOrigin":"datum-2026-08-01","sourceKey":"way:1023228173"}},{"type":"Feature","geometry":{"type":"LineString","coordinates":[[113.5907951,24.5692443],[113.5913474,24.5709673]]},"properties":{"key":"way:1023228174@detail:454_98","osmType":"way","osmId":1023228174,"sourceRegion":"guangdong","featureType":"infrastructure","railClass":"minor","mode":"rail","name":"未命名","usage":"industrial","service":"yard","status":"operational","color":"#52636F","dataOrigin":"datum-2026-08-01","sourceKey":"way:1023228174"}},{"type":"Feature","geometry":{"type":"LineString","coordinates":[[113.5924674,24.5641933],[113.5924218,24.5645154],[113.5923819,24.5647968],[113.5923494,24.5652334],[113.5923236,24.5657288],[113.5921289,24.5694196],[113.5920809,24.5703292],[113.5919942,24.57196],[113.5919861,24.5723001],[113.591999,24.5729522]]},"properties":{"key":"way:1023228175@detail:454_98","osmType":"way","osmId":1023228175,"sourceRegion":"guangdong","featureType":"infrastructure","railClass":"minor","mode":"rail","name":"未命名","usage":"main","service":"yard","status":"operational","color":"#52636F","dataOrigin":"datum-2026-08-01","sourceKey":"way:1023228175"}},{"type":"Feature","geometry":{"type":"LineString","coordinates":[[113.5925174,24.5641928],[113.5925498,24.5648584],[113.5925578,24.5651466],[113.5925409,24.5654216],[113.5923302,24.5694228],[113.5922805,24.5703685],[113.5922044,24.5718138],[113.592178,24.5721077],[113.5920577,24.5729505]]},"properties":{"key":"way:1023228176@detail:454_98","osmType":"way","osmId":1023228176,"sourceRegion":"guangdong","featureType":"infrastructure","railClass":"minor","mode":"rail","name":"未命名","usage":"main","service":"yard","status":"operational","color":"#52636F","dataOrigin":"datum-2026-08-01","sourceKey":"way:1023228176"}},{"type":"Feature","geometry":{"type":"LineString","coordinates":[[113.5919757,24.5733739],[113.5920051,24.5739636]]},"properties":{"key":"way:1023228177@detail:454_98","osmType":"way","osmId":1023228177,"sourceRegion":"guangdong","featureType":"infrastructure","railClass":"minor","mode":"rail","name":"未命名","usage":"main","service":"crossover","status":"operational","color":"#52636F","dataOrigin":"datum-2026-08-01","sourceKey":"way:1023228177"}},{"type":"Feature","geometry":{"type":"LineString","coordinates":[[113.5925082,24.5634115],[113.5925889,24.5628414]]},"properties":{"key":"way:1023228178@detail:454_98","osmType":"way","osmId":1023228178,"sourceRegion":"guangdong","featureType":"infrastructure","railClass":"minor","mode":"rail","name":"未命名","usage":"main","service":"crossover","status":"operational","color":"#52636F","dataOrigin":"datum-2026-08-01","sourceKey":"way:1023228178"}},{"type":"Feature","geometry":{"type":"LineString","coordinates":[[113.5926116,24.5624112],[113.5925907,24.5618344]]},"properties":{"key":"way:1023228179@detail:454_98","osmType":"way","osmId":1023228179,"sourceRegion":"guangdong","featureType":"infrastructure","railClass":"minor","mode":"rail","name":"未命名","usage":"main","service":"crossover","status":"operational","color":"#52636F","dataOrigin":"datum-2026-08-01","sourceKey":"way:1023228179"}},{"type":"Feature","geometry":{"type":"LineString","coordinates":[[113.6060371,24.5299264],[113.6054734,24.5269038]]},"properties":{"key":"way:1023228180@detail:454_98","osmType":"way","osmId":1023228180,"sourceRegion":"guangdong","featureType":"infrastructure","railClass":"minor","mode":"rail","name":"未命名","service":"yard","status":"operational","color":"#52636F","dataOrigin":"datum-2026-08-01","sourceKey":"way:1023228180"}},{"type":"Feature","geometry":{"type":"LineString","coordinates":[[113.6027309,24.5232691],[113.6021818,24.5227855],[113.6018483,24.5225139],[113.6015208,24.5222896],[113.6011469,24.5220892],[113.6008078,24.5219673],[113.6005163,24.5218927],[113.600266,24.5218541],[113.5997611,24.5218458],[113.5993719,24.521859],[113.5989719,24.5218723],[113.598697,24.5219056],[113.5984493,24.5219577],[113.5978271,24.5221642]]},"properties":{"key":"way:1023228181@detail:454_98","osmType":"way","osmId":1023228181,"sourceRegion":"guangdong","featureType":"infrastructure","railClass":"minor","mode":"rail","name":"未命名","service":"spur","status":"operational","color":"#52636F","dataOrigin":"datum-2026-08-01","sourceKey":"way:1023228181"}},{"type":"Feature","geometry":{"type":"LineString","coordinates":[[113.6034389,24.5215454],[113.6026409,24.5215454],[113.6024202,24.5215571],[113.6003339,24.5216708],[113.6000463,24.5216961],[113.5997222,24.5217531]]},"properties":{"key":"way:1023228182@detail:454_98","osmType":"way","osmId":1023228182,"sourceRegion":"guangdong","featureType":"infrastructure","railClass":"minor","mode":"rail","name":"未命名","service":"yard","status":"operational","color":"#52636F","dataOrigin":"datum-2026-08-01","sourceKey":"way:1023228182"}},{"type":"Feature","geometry":{"type":"LineString","coordinates":[[113.592413,24.5313785],[113.5926586,24.5307686],[113.5927315,24.5305878],[113.5935383,24.5286354],[113.593999,24.5275501],[113.5942598,24.5269654],[113.5944002,24.5266472],[113.594463,24.5264003]]},"properties":{"key":"way:1023228183@detail:454_98","osmType":"way","osmId":1023228183,"sourceRegion":"guangdong","featureType":"infrastructure","railClass":"minor","mode":"rail","name":"未命名","usage":"industrial","service":"yard","status":"operational","color":"#52636F","dataOrigin":"datum-2026-08-01","sourceKey":"way:1023228183"}},{"type":"Feature","geometry":{"type":"LineString","coordinates":[[113.592447,24.5311285],[113.5926586,24.5307686]]},"properties":{"key":"way:1023228184@detail:454_98","osmType":"way","osmId":1023228184,"sourceRegion":"guangdong","featureType":"infrastructure","railClass":"minor","mode":"rail","name":"未命名","usage":"industrial","service":"yard","status":"operational","color":"#52636F","dataOrigin":"datum-2026-08-01","sourceKey":"way:1023228184"}},{"type":"Feature","geometry":{"type":"LineString","coordinates":[[113.5910687,24.5346095],[113.5912512,24.5342201]]},"properties":{"key":"way:1023228185@detail:454_98","osmType":"way","osmId":1023228185,"sourceRegion":"guangdong","featureType":"infrastructure","railClass":"minor","mode":"rail","name":"未命名","service":"yard","status":"operational","color":"#52636F","dataOrigin":"datum-2026-08-01","sourceKey":"way:1023228185"}},{"type":"Feature","geometry":{"type":"LineString","coordinates":[[113.589647,24.5455289],[113.5896756,24.5452834],[113.5897165,24.5448875],[113.5897961,24.5434154],[113.5898574,24.5420564],[113.5899688,24.5398735],[113.589996,24.5393288],[113.5900389,24.5389532],[113.5900886,24.5385802],[113.590147,24.5381842],[113.590212,24.5378648],[113.5904229,24.5369099],[113.5904996,24.5365627],[113.5905581,24.536298],[113.5905945,24.53608]]},"properties":{"key":"way:1023228186@detail:454_98","osmType":"way","osmId":1023228186,"sourceRegion":"guangdong","featureType":"infrastructure","railClass":"minor","mode":"rail","name":"未命名","service":"yard","status":"operational","color":"#52636F","dataOrigin":"datum-2026-08-01","sourceKey":"way:1023228186"}},{"type":"Feature","geometry":{"type":"LineString","coordinates":[[113.5910894,24.5347244],[113.5909953,24.5352112],[113.5909567,24.53542],[113.5908709,24.5357148],[113.5904703,24.5369568],[113.5903921,24.5373035],[113.590347,24.5375038],[113.5902573,24.5379174],[113.5901994,24.5381888],[113.5901322,24.5385943],[113.5900695,24.5391169],[113.5900467,24.5393805],[113.58978,24.5446492],[113.5897568,24.5450074],[113.5897332,24.5451791],[113.589647,24.5455289],[113.589633,24.5455857],[113.5895897,24.5458354]]},"properties":{"key":"way:1023228187@detail:454_98","osmType":"way","osmId":1023228187,"sourceRegion":"guangdong","featureType":"infrastructure","railClass":"minor","mode":"rail","name":"未命名","service":"yard","status":"operational","color":"#52636F","dataOrigin":"datum-2026-08-01","sourceKey":"way:1023228187"}},{"type":"Feature","geometry":{"type":"LineString","coordinates":[[113.5903921,24.5373035],[113.5904229,24.5369099]]},"properties":{"key":"way:1023228188@detail:454_98","osmType":"way","osmId":1023228188,"sourceRegion":"guangdong","featureType":"infrastructure","railClass":"minor","mode":"rail","name":"未命名","service":"yard","status":"operational","color":"#52636F","dataOrigin":"datum-2026-08-01","sourceKey":"way:1023228188"}},{"type":"Feature","geometry":{"type":"LineString","coordinates":[[113.5895923,24.5447843],[113.5895714,24.5444967],[113.5895761,24.5442324],[113.5898294,24.539118],[113.5898556,24.5386729],[113.5899071,24.5383214],[113.5899522,24.5380539],[113.5899865,24.5378323],[113.5900877,24.537425],[113.5902114,24.5369804],[113.5903316,24.5366134],[113.5905784,24.5359698]]},"properties":{"key":"way:1023228189@detail:454_98","osmType":"way","osmId":1023228189,"sourceRegion":"guangdong","featureType":"infrastructure","railClass":"minor","mode":"rail","name":"未命名","service":"yard","status":"operational","color":"#52636F","dataOrigin":"datum-2026-08-01","sourceKey":"way:1023228189"}},{"type":"Feature","geometry":{"type":"LineString","coordinates":[[113.5907356,24.5356422],[113.5908183,24.5353043],[113.590902,24.5349622]]},"properties":{"key":"way:1023228190@detail:454_98","osmType":"way","osmId":1023228190,"sourceRegion":"guangdong","featureType":"infrastructure","railClass":"minor","mode":"rail","name":"未命名","service":"crossover","status":"operational","color":"#52636F","dataOrigin":"datum-2026-08-01","sourceKey":"way:1023228190"}},{"type":"Feature","geometry":{"type":"LineString","coordinates":[[113.5906881,24.5356283],[113.5908183,24.5353043],[113.5909511,24.534974]]},"properties":{"key":"way:1023228191@detail:454_98","osmType":"way","osmId":1023228191,"sourceRegion":"guangdong","featureType":"infrastructure","railClass":"minor","mode":"rail","name":"未命名","service":"crossover","status":"operational","color":"#52636F","dataOrigin":"datum-2026-08-01","sourceKey":"way:1023228191"}},{"type":"Feature","geometry":{"type":"LineString","coordinates":[[113.5895626,24.5463749],[113.5894842,24.546932]]},"properties":{"key":"way:1023228192@detail:454_98","osmType":"way","osmId":1023228192,"sourceRegion":"guangdong","featureType":"infrastructure","railClass":"minor","mode":"rail","name":"未命名","service":"crossover","status":"operational","color":"#52636F","dataOrigin":"datum-2026-08-01","sourceKey":"way:1023228192"}},{"type":"Feature","geometry":{"type":"LineString","coordinates":[[113.5927246,24.5203104],[113.592328,24.5200182],[113.5918357,24.5197257],[113.5912654,24.5194485],[113.5904759,24.5191561],[113.5878561,24.5183785],[113.5874314,24.5182155],[113.5871715,24.5180975]]},"properties":{"key":"way:1023303225@detail:454_98","osmType":"way","osmId":1023303225,"sourceRegion":"guangdong","featureType":"infrastructure","railClass":"national","mode":"rail","name":"京广线","nameEn":"Beijing–Guangzhou Railway","ref":"0001","usage":"main","status":"operational","color":"#E54848","dataOrigin":"datum-2026-08-01","sourceKey":"way:1023303225"}},{"type":"Feature","geometry":{"type":"LineString","coordinates":[[113.5871399,24.5181473],[113.5874616,24.5182876],[113.5879863,24.5184757],[113.590453,24.5192003],[113.5912505,24.5194887],[113.5917655,24.5197434],[113.5922958,24.5200464],[113.5927002,24.5203401]]},"properties":{"key":"way:1023303226@detail:454_98","osmType":"way","osmId":1023303226,"sourceRegion":"guangdong","featureType":"infrastructure","railClass":"national","mode":"rail","name":"京广线","nameEn":"Beijing–Guangzhou Railway","ref":"0001","usage":"main","status":"operational","color":"#E54848","dataOrigin":"datum-2026-08-01","sourceKey":"way:1023303226"}},{"type":"Feature","geometry":{"type":"LineString","coordinates":[[113.5934486,24.5209974],[113.5932629,24.5207981],[113.5930118,24.5205604],[113.5927246,24.5203104]]},"properties":{"key":"way:1023303227@detail:454_98","osmType":"way","osmId":1023303227,"sourceRegion":"guangdong","featureType":"infrastructure","railClass":"national","mode":"rail","name":"京广线","nameEn":"Beijing–Guangzhou Railway","ref":"0001","usage":"main","bridge":"yes","status":"operational","color":"#E54848","dataOrigin":"datum-2026-08-01","sourceKey":"way:1023303227"}},{"type":"Feature","geometry":{"type":"LineString","coordinates":[[113.5927002,24.5203401],[113.5929837,24.5205852],[113.5932244,24.5208074],[113.5934141,24.5210201]]},"properties":{"key":"way:1023303228@detail:454_98","osmType":"way","osmId":1023303228,"sourceRegion":"guangdong","featureType":"infrastructure","railClass":"national","mode":"rail","name":"京广线","nameEn":"Beijing–Guangzhou Railway","ref":"0001","usage":"main","bridge":"yes","status":"operational","color":"#E54848","dataOrigin":"datum-2026-08-01","sourceKey":"way:1023303228"}},{"type":"Feature","geometry":{"type":"LineString","coordinates":[[113.6689149,24.6144197],[113.6689863,24.6147761],[113.6690301,24.6153779],[113.6689645,24.6158265],[113.668862,24.6163402],[113.6688163,24.6164334]]},"properties":{"key":"way:1089400298@detail:454_98","osmType":"way","osmId":1089400298,"sourceRegion":"guangdong","featureType":"infrastructure","railClass":"national","mode":"rail","name":"未命名","status":"operational","color":"#E54848","dataOrigin":"datum-2026-08-01","sourceKey":"way:1089400298"}},{"type":"Feature","geometry":{"type":"LineString","coordinates":[[113.6688163,24.6164334],[113.6685259,24.6168685]]},"properties":{"key":"way:1089400299@detail:454_98","osmType":"way","osmId":1089400299,"sourceRegion":"guangdong","featureType":"infrastructure","railClass":"national","mode":"rail","name":"未命名","bridge":"yes","status":"operational","color":"#E54848","dataOrigin":"datum-2026-08-01","sourceKey":"way:1089400299"}},{"type":"Feature","geometry":{"type":"LineString","coordinates":[[113.6342757,24.7017666],[113.6345475,24.7017568],[113.6347597,24.7017142],[113.6351713,24.7016211],[113.6355489,24.7015549],[113.6358602,24.7015638],[113.6361924,24.7016205],[113.6390164,24.7022045],[113.6396633,24.702335],[113.6404409,24.702501],[113.640854,24.7025797],[113.6416674,24.7026672],[113.6421704,24.7026778],[113.6426023,24.7026462],[113.6434988,24.7025302],[113.6437999,24.702541],[113.6441507,24.7025917],[113.644453,24.7027047],[113.6447465,24.7028662],[113.6449478,24.7030292],[113.6451835,24.7032063]]},"properties":{"key":"way:1157097174@detail:454_98","osmType":"way","osmId":1157097174,"sourceRegion":"guangdong","featureType":"infrastructure","railClass":"minor","mode":"rail","name":"未命名","usage":"industrial","service":"spur","status":"operational","color":"#52636F","dataOrigin":"datum-2026-08-01","sourceKey":"way:1157097174"}},{"type":"Feature","geometry":{"type":"LineString","coordinates":[[113.6322826,24.7012479],[113.6326768,24.7013597]]},"properties":{"key":"way:1157097175@detail:454_98","osmType":"way","osmId":1157097175,"sourceRegion":"guangdong","featureType":"infrastructure","railClass":"minor","mode":"rail","name":"未命名","usage":"industrial","service":"spur","status":"operational","color":"#52636F","dataOrigin":"datum-2026-08-01","sourceKey":"way:1157097175"}},{"type":"Feature","geometry":{"type":"LineString","coordinates":[[113.6197649,24.6960271],[113.6217041,24.6968191],[113.6228145,24.6972821],[113.6241637,24.6978328],[113.6242936,24.697886],[113.6247877,24.6980882],[113.624935,24.6981485],[113.6255135,24.6983853],[113.6260902,24.6986338],[113.6262404,24.6986923],[113.6267929,24.6988629],[113.6304112,24.7003689],[113.6318167,24.7009561],[113.63317,24.7015188],[113.6334035,24.7015981],[113.6338047,24.7016872],[113.6342757,24.7017666]]},"properties":{"key":"way:1157097176@detail:454_98","osmType":"way","osmId":1157097176,"sourceRegion":"guangdong","featureType":"infrastructure","railClass":"minor","mode":"rail","name":"未命名","usage":"industrial","service":"spur","status":"operational","color":"#52636F","dataOrigin":"datum-2026-08-01","sourceKey":"way:1157097176"}},{"type":"Feature","geometry":{"type":"LineString","coordinates":[[113.6160942,24.694376],[113.6166513,24.6950325],[113.6169843,24.6953816],[113.6173736,24.6956795],[113.6178654,24.695968],[113.6181472,24.6961077],[113.6184494,24.6962054],[113.6218152,24.6970804],[113.622911,24.6974892],[113.6234509,24.6976299],[113.6237983,24.697728]]},"properties":{"key":"way:1157097177@detail:454_98","osmType":"way","osmId":1157097177,"sourceRegion":"guangdong","featureType":"infrastructure","railClass":"minor","mode":"rail","name":"未命名","usage":"industrial","service":"spur","status":"operational","color":"#52636F","dataOrigin":"datum-2026-08-01","sourceKey":"way:1157097177"}},{"type":"Feature","geometry":{"type":"LineString","coordinates":[[113.6236544,24.6977249],[113.6241685,24.6978881]]},"properties":{"key":"way:1157097178@detail:454_98","osmType":"way","osmId":1157097178,"sourceRegion":"guangdong","featureType":"infrastructure","railClass":"minor","mode":"rail","name":"未命名","usage":"industrial","service":"spur","status":"operational","color":"#52636F","dataOrigin":"datum-2026-08-01","sourceKey":"way:1157097178"}},{"type":"Feature","geometry":{"type":"LineString","coordinates":[[113.6237983,24.697728],[113.6241637,24.6978328]]},"properties":{"key":"way:1157097179@detail:454_98","osmType":"way","osmId":1157097179,"sourceRegion":"guangdong","featureType":"infrastructure","railClass":"minor","mode":"rail","name":"未命名","usage":"industrial","service":"spur","status":"operational","color":"#52636F","dataOrigin":"datum-2026-08-01","sourceKey":"way:1157097179"}},{"type":"Feature","geometry":{"type":"LineString","coordinates":[[113.6228145,24.6972821],[113.6233977,24.6975659]]},"properties":{"key":"way:1157097180@detail:454_98","osmType":"way","osmId":1157097180,"sourceRegion":"guangdong","featureType":"infrastructure","railClass":"minor","mode":"rail","name":"未命名","service":"spur","status":"operational","color":"#52636F","dataOrigin":"datum-2026-08-01","sourceKey":"way:1157097180"}},{"type":"Feature","geometry":{"type":"LineString","coordinates":[[113.6318167,24.7009561],[113.632382,24.7012395],[113.6326768,24.7013597],[113.6328406,24.701432],[113.6333807,24.7016449]]},"properties":{"key":"way:1157097181@detail:454_98","osmType":"way","osmId":1157097181,"sourceRegion":"guangdong","featureType":"infrastructure","railClass":"minor","mode":"rail","name":"未命名","usage":"industrial","service":"spur","status":"operational","color":"#52636F","dataOrigin":"datum-2026-08-01","sourceKey":"way:1157097181"}},{"type":"Feature","geometry":{"type":"LineString","coordinates":[[113.6328406,24.701432],[113.6330764,24.7015521],[113.633375,24.7017042],[113.6335943,24.7017853],[113.6339082,24.7018706],[113.6342059,24.7019121],[113.6345465,24.7019145],[113.6349703,24.7018706],[113.6352198,24.701856],[113.635437,24.7018755],[113.6357052,24.7019291],[113.6359842,24.7020315],[113.6362229,24.7021509],[113.6365045,24.7023702],[113.6366923,24.7025578],[113.6370345,24.7029604],[113.6371107,24.70305],[113.637564,24.7037323],[113.6380415,24.7042976],[113.6382077,24.7046144],[113.6382936,24.7049653],[113.6383097,24.705241],[113.6382855,24.705555],[113.6381734,24.7061515],[113.6381144,24.7065048],[113.6380902,24.7068313],[113.6381153,24.7070476],[113.6381573,24.707248],[113.6382646,24.7075038],[113.638455,24.7077743],[113.6390075,24.7083323],[113.6393455,24.7086539],[113.6398371,24.7091347],[113.6403245,24.7096115],[113.6404264,24.7097163],[113.6406464,24.7099892],[113.6411882,24.7105179],[113.6415074,24.7108274],[113.6417112,24.7109955],[113.6418721,24.7111027],[113.6420867,24.7112277],[113.6421859,24.7112855],[113.6422912,24.7113488],[113.642369,24.7113957],[113.6424937,24.7115017],[113.6434057,24.7123898]]},"properties":{"key":"way:1157097183@detail:454_98","osmType":"way","osmId":1157097183,"sourceRegion":"guangdong","featureType":"infrastructure","railClass":"minor","mode":"rail","name":"未命名","usage":"industrial","service":"spur","status":"operational","color":"#52636F","dataOrigin":"datum-2026-08-01","sourceKey":"way:1157097183"}},{"type":"Feature","geometry":{"type":"LineString","coordinates":[[113.6335023,24.7016862],[113.6338599,24.7017927],[113.6341066,24.7018414],[113.6343266,24.7018585],[113.6345894,24.7018511],[113.634973,24.7018122],[113.6352359,24.7018048],[113.6354424,24.7018219],[113.6357374,24.7018828],[113.6360486,24.7020047],[113.6362444,24.7021168],[113.6365501,24.7023434],[113.6367433,24.7025505],[113.6371577,24.7030366],[113.6374058,24.7033912]]},"properties":{"key":"way:1157097184@detail:454_98","osmType":"way","osmId":1157097184,"sourceRegion":"guangdong","featureType":"infrastructure","railClass":"minor","mode":"rail","name":"未命名","usage":"industrial","service":"spur","status":"operational","color":"#52636F","dataOrigin":"datum-2026-08-01","sourceKey":"way:1157097184"}},{"type":"Feature","geometry":{"type":"LineString","coordinates":[[113.6337987,24.7017362],[113.6341898,24.7017951],[113.6344741,24.7018048],[113.6346967,24.7017853],[113.6351661,24.7017269],[113.6354183,24.701722],[113.6355685,24.7017391],[113.6368854,24.7020047]]},"properties":{"key":"way:1157097185@detail:454_98","osmType":"way","osmId":1157097185,"sourceRegion":"guangdong","featureType":"infrastructure","railClass":"minor","mode":"rail","name":"未命名","usage":"industrial","service":"spur","status":"operational","color":"#52636F","dataOrigin":"datum-2026-08-01","sourceKey":"way:1157097185"}},{"type":"Feature","geometry":{"type":"LineString","coordinates":[[113.6346967,24.7017853],[113.6350159,24.7017098],[113.6353002,24.7016391],[113.6354665,24.7016148],[113.6356489,24.7016026],[113.6359064,24.7016318],[113.6369203,24.7018487]]},"properties":{"key":"way:1157097186@detail:454_98","osmType":"way","osmId":1157097186,"sourceRegion":"guangdong","featureType":"infrastructure","railClass":"minor","mode":"rail","name":"未命名","usage":"industrial","service":"spur","status":"operational","color":"#52636F","dataOrigin":"datum-2026-08-01","sourceKey":"way:1157097186"}},{"type":"Feature","geometry":{"type":"LineString","coordinates":[[113.6145788,24.6922799],[113.6148027,24.692532],[113.6149638,24.6927132],[113.6151283,24.6929202],[113.6153156,24.6931958],[113.6154462,24.6933879],[113.6155465,24.6935355],[113.6159187,24.694083],[113.6160942,24.694376]]},"properties":{"key":"way:1157097187@detail:454_98","osmType":"way","osmId":1157097187,"sourceRegion":"guangdong","featureType":"infrastructure","railClass":"minor","mode":"rail","name":"未命名","service":"spur","status":"operational","color":"#52636F","dataOrigin":"datum-2026-08-01","sourceKey":"way:1157097187"}},{"type":"Feature","geometry":{"type":"LineString","coordinates":[[113.6151482,24.690874],[113.615692,24.6915644],[113.6162178,24.6921952],[113.616417,24.6924769],[113.6168606,24.6931233],[113.6180055,24.6946824]]},"properties":{"key":"way:1157097188@detail:454_98","osmType":"way","osmId":1157097188,"sourceRegion":"guangdong","featureType":"infrastructure","railClass":"minor","mode":"rail","name":"未命名","usage":"industrial","service":"spur","status":"operational","color":"#52636F","dataOrigin":"datum-2026-08-01","sourceKey":"way:1157097188"}},{"type":"Feature","geometry":{"type":"LineString","coordinates":[[113.6242936,24.697886],[113.6247967,24.6980522],[113.6267929,24.6988629]]},"properties":{"key":"way:1157097189@detail:454_98","osmType":"way","osmId":1157097189,"sourceRegion":"guangdong","featureType":"infrastructure","railClass":"minor","mode":"rail","name":"未命名","usage":"industrial","service":"spur","status":"operational","color":"#52636F","dataOrigin":"datum-2026-08-01","sourceKey":"way:1157097189"}},{"type":"Feature","geometry":{"type":"LineString","coordinates":[[113.6242519,24.6979232],[113.6247877,24.6980882]]},"properties":{"key":"way:1157097190@detail:454_98","osmType":"way","osmId":1157097190,"sourceRegion":"guangdong","featureType":"infrastructure","railClass":"minor","mode":"rail","name":"未命名","usage":"industrial","service":"spur","status":"operational","color":"#52636F","dataOrigin":"datum-2026-08-01","sourceKey":"way:1157097190"}},{"type":"Feature","geometry":{"type":"LineString","coordinates":[[113.624935,24.6981485],[113.6254461,24.6984192],[113.6258696,24.6986467]]},"properties":{"key":"way:1157097191@detail:454_98","osmType":"way","osmId":1157097191,"sourceRegion":"guangdong","featureType":"infrastructure","railClass":"minor","mode":"rail","name":"未命名","usage":"industrial","service":"spur","status":"operational","color":"#52636F","dataOrigin":"datum-2026-08-01","sourceKey":"way:1157097191"}},{"type":"Feature","geometry":{"type":"LineString","coordinates":[[113.6256461,24.6984999],[113.6260902,24.6986338]]},"properties":{"key":"way:1157097192@detail:454_98","osmType":"way","osmId":1157097192,"sourceRegion":"guangdong","featureType":"infrastructure","railClass":"minor","mode":"rail","name":"未命名","usage":"industrial","service":"spur","status":"operational","color":"#52636F","dataOrigin":"datum-2026-08-01","sourceKey":"way:1157097192"}},{"type":"Feature","geometry":{"type":"LineString","coordinates":[[113.6262404,24.6986923],[113.6273073,24.6991317],[113.632382,24.7012395]]},"properties":{"key":"way:1157097193@detail:454_98","osmType":"way","osmId":1157097193,"sourceRegion":"guangdong","featureType":"infrastructure","railClass":"minor","mode":"rail","name":"未命名","usage":"industrial","service":"spur","status":"operational","color":"#52636F","dataOrigin":"datum-2026-08-01","sourceKey":"way:1157097193"}},{"type":"Feature","geometry":{"type":"LineString","coordinates":[[113.6367433,24.7025505],[113.6370345,24.7029604]]},"properties":{"key":"way:1157097201@detail:454_98","osmType":"way","osmId":1157097201,"sourceRegion":"guangdong","featureType":"infrastructure","railClass":"minor","mode":"rail","name":"未命名","usage":"industrial","service":"spur","status":"operational","color":"#52636F","dataOrigin":"datum-2026-08-01","sourceKey":"way:1157097201"}},{"type":"Feature","geometry":{"type":"LineString","coordinates":[[113.6378001,24.7038566],[113.6380736,24.7040978],[113.6382641,24.7042099],[113.6385403,24.7043098],[113.6399229,24.7045986],[113.6402965,24.7046641],[113.6406807,24.7047314],[113.6411019,24.7048678],[113.6417429,24.7049799],[113.6421479,24.7051481],[113.6423067,24.7052527],[113.6424215,24.7053284],[113.6426468,24.7055282],[113.6439037,24.7067593],[113.6439852,24.7068391],[113.6443688,24.7072119],[113.6455034,24.7083206]]},"properties":{"key":"way:1157097202@detail:454_98","osmType":"way","osmId":1157097202,"sourceRegion":"guangdong","featureType":"infrastructure","railClass":"minor","mode":"rail","name":"未命名","usage":"industrial","service":"spur","status":"operational","color":"#52636F","dataOrigin":"datum-2026-08-01","sourceKey":"way:1157097202"}},{"type":"Feature","geometry":{"type":"LineString","coordinates":[[113.6371107,24.70305],[113.6374058,24.7033912],[113.6375318,24.7035325],[113.6378054,24.7037811],[113.6380334,24.703976],[113.6382426,24.7041076],[113.6384947,24.7042148],[113.6387496,24.7042855],[113.6399361,24.7045458],[113.6415551,24.7048483],[113.6418475,24.7049287],[113.6422713,24.7051334],[113.6423656,24.7052022],[113.6424617,24.7052723],[113.6428936,24.705689],[113.6440281,24.706805],[113.6444037,24.7071705],[113.645549,24.7082962]]},"properties":{"key":"way:1157097203@detail:454_98","osmType":"way","osmId":1157097203,"sourceRegion":"guangdong","featureType":"infrastructure","railClass":"minor","mode":"rail","name":"未命名","usage":"industrial","service":"spur","status":"operational","color":"#52636F","dataOrigin":"datum-2026-08-01","sourceKey":"way:1157097203"}},{"type":"Feature","geometry":{"type":"LineString","coordinates":[[113.6382131,24.7045072],[113.6385484,24.7050847],[113.6387385,24.7053313],[113.6388783,24.7055111],[113.6391117,24.7056841],[113.6394105,24.7058997],[113.6395676,24.7060131],[113.6406806,24.7070951]]},"properties":{"key":"way:1157097204@detail:454_98","osmType":"way","osmId":1157097204,"sourceRegion":"guangdong","featureType":"infrastructure","railClass":"minor","mode":"rail","name":"未命名","usage":"industrial","service":"spur","status":"operational","color":"#52636F","dataOrigin":"datum-2026-08-01","sourceKey":"way:1157097204"}},{"type":"Feature","geometry":{"type":"LineString","coordinates":[[113.638307,24.7047241],[113.638425,24.7050798],[113.638467,24.7052705],[113.6384626,24.7055062],[113.6385001,24.7058035],[113.6386449,24.7061422],[113.6387764,24.7063225],[113.638833,24.7063983],[113.6389052,24.7064831],[113.639168,24.7067916],[113.6403803,24.7079856]]},"properties":{"key":"way:1157097205@detail:454_98","osmType":"way","osmId":1157097205,"sourceRegion":"guangdong","featureType":"infrastructure","railClass":"minor","mode":"rail","name":"未命名","usage":"industrial","service":"spur","status":"operational","color":"#52636F","dataOrigin":"datum-2026-08-01","sourceKey":"way:1157097205"}},{"type":"Feature","geometry":{"type":"LineString","coordinates":[[113.6382131,24.7045072],[113.638307,24.7047241],[113.6383799,24.7050696],[113.6384025,24.7052588],[113.6383665,24.7055618],[113.6383075,24.7058128],[113.6382216,24.7061685],[113.6381492,24.7066412],[113.6381631,24.7070032],[113.6382029,24.7071919],[113.638345,24.7074989],[113.6385006,24.7077426],[113.6387018,24.7079448],[113.6393857,24.7086198]]},"properties":{"key":"way:1157097206@detail:454_98","osmType":"way","osmId":1157097206,"sourceRegion":"guangdong","featureType":"infrastructure","railClass":"minor","mode":"rail","name":"未命名","usage":"industrial","service":"spur","status":"operational","color":"#52636F","dataOrigin":"datum-2026-08-01","sourceKey":"way:1157097206"}},{"type":"Feature","geometry":{"type":"LineString","coordinates":[[113.6375318,24.7035325],[113.6378001,24.7038566],[113.6380468,24.7041514],[113.6382131,24.7045072]]},"properties":{"key":"way:1157097207@detail:454_98","osmType":"way","osmId":1157097207,"sourceRegion":"guangdong","featureType":"infrastructure","railClass":"minor","mode":"rail","name":"未命名","usage":"industrial","service":"spur","status":"operational","color":"#52636F","dataOrigin":"datum-2026-08-01","sourceKey":"way:1157097207"}},{"type":"Feature","geometry":{"type":"LineString","coordinates":[[113.6402965,24.7046641],[113.6406968,24.7047801],[113.6410643,24.7049093],[113.641295,24.7050262],[113.6415015,24.7051822],[113.6418314,24.7054794]]},"properties":{"key":"way:1157097208@detail:454_98","osmType":"way","osmId":1157097208,"sourceRegion":"guangdong","featureType":"infrastructure","railClass":"minor","mode":"rail","name":"未命名","usage":"industrial","service":"spur","status":"operational","color":"#52636F","dataOrigin":"datum-2026-08-01","sourceKey":"way:1157097208"}},{"type":"Feature","geometry":{"type":"LineString","coordinates":[[113.6406968,24.7047801],[113.6410348,24.7049385],[113.641244,24.7050579],[113.6414532,24.7052504],[113.6418533,24.7056415],[113.6421238,24.7059059],[113.6440711,24.7078138],[113.6462839,24.7099775],[113.6464855,24.7102231],[113.6466465,24.7105837]]},"properties":{"key":"way:1157097209@detail:454_98","osmType":"way","osmId":1157097209,"sourceRegion":"guangdong","featureType":"infrastructure","railClass":"minor","mode":"rail","name":"未命名","usage":"industrial","service":"spur","status":"operational","color":"#52636F","dataOrigin":"datum-2026-08-01","sourceKey":"way:1157097209"}},{"type":"Feature","geometry":{"type":"LineString","coordinates":[[113.6424215,24.7053284],[113.6428936,24.705689]]},"properties":{"key":"way:1157097219@detail:454_98","osmType":"way","osmId":1157097219,"sourceRegion":"guangdong","featureType":"infrastructure","railClass":"minor","mode":"rail","name":"未命名","usage":"industrial","service":"spur","status":"operational","color":"#52636F","dataOrigin":"datum-2026-08-01","sourceKey":"way:1157097219"}},{"type":"Feature","geometry":{"type":"LineString","coordinates":[[113.6426468,24.7055282],[113.6429311,24.7058766],[113.6435266,24.706459],[113.6439037,24.7067593]]},"properties":{"key":"way:1157097220@detail:454_98","osmType":"way","osmId":1157097220,"sourceRegion":"guangdong","featureType":"infrastructure","railClass":"minor","mode":"rail","name":"未命名","usage":"industrial","service":"spur","status":"operational","color":"#52636F","dataOrigin":"datum-2026-08-01","sourceKey":"way:1157097220"}},{"type":"Feature","geometry":{"type":"LineString","coordinates":[[113.6439852,24.7068391],[113.6441973,24.7070071],[113.6444037,24.7071705]]},"properties":{"key":"way:1157097221@detail:454_98","osmType":"way","osmId":1157097221,"sourceRegion":"guangdong","featureType":"infrastructure","railClass":"minor","mode":"rail","name":"未命名","usage":"industrial","service":"spur","status":"operational","color":"#52636F","dataOrigin":"datum-2026-08-01","sourceKey":"way:1157097221"}},{"type":"Feature","geometry":{"type":"LineString","coordinates":[[113.6440281,24.706805],[113.6441973,24.7070071],[113.6443688,24.7072119]]},"properties":{"key":"way:1157097222@detail:454_98","osmType":"way","osmId":1157097222,"sourceRegion":"guangdong","featureType":"infrastructure","railClass":"minor","mode":"rail","name":"未命名","usage":"industrial","service":"spur","status":"operational","color":"#52636F","dataOrigin":"datum-2026-08-01","sourceKey":"way:1157097222"}},{"type":"Feature","geometry":{"type":"LineString","coordinates":[[113.6515966,24.7216756],[113.6514391,24.7222221],[113.6513624,24.722469]]},"properties":{"key":"way:1157097224@detail:454_98","osmType":"way","osmId":1157097224,"sourceRegion":"guangdong","featureType":"infrastructure","railClass":"minor","mode":"rail","name":"未命名","usage":"industrial","service":"spur","status":"operational","color":"#52636F","dataOrigin":"datum-2026-08-01","sourceKey":"way:1157097224"}},{"type":"Feature","geometry":{"type":"LineString","coordinates":[[113.6514391,24.7222221],[113.6514977,24.7219184],[113.6515443,24.7216765]]},"properties":{"key":"way:1157097225@detail:454_98","osmType":"way","osmId":1157097225,"sourceRegion":"guangdong","featureType":"infrastructure","railClass":"minor","mode":"rail","name":"未命名","usage":"industrial","service":"spur","status":"operational","color":"#52636F","dataOrigin":"datum-2026-08-01","sourceKey":"way:1157097225"}},{"type":"Feature","geometry":{"type":"LineString","coordinates":[[113.640854,24.7025797],[113.6412558,24.7026644],[113.6416045,24.7027667],[113.6421409,24.7028861],[113.6428651,24.7030299]]},"properties":{"key":"way:1157097229@detail:454_98","osmType":"way","osmId":1157097229,"sourceRegion":"guangdong","featureType":"infrastructure","railClass":"minor","mode":"rail","name":"未命名","usage":"industrial","service":"spur","status":"operational","color":"#52636F","dataOrigin":"datum-2026-08-01","sourceKey":"way:1157097229"}},{"type":"Feature","geometry":{"type":"LineString","coordinates":[[113.6537433,24.7213687],[113.6542344,24.721431],[113.6545161,24.7214432],[113.654795,24.7214066],[113.6550284,24.7213287],[113.6552671,24.7211947],[113.6554709,24.7210266],[113.655559,24.7209259],[113.6556265,24.7208487],[113.6557534,24.7206637],[113.6558357,24.7204418],[113.6563919,24.7184392],[113.6566806,24.7175376]]},"properties":{"key":"way:1157276387@detail:454_98","osmType":"way","osmId":1157276387,"sourceRegion":"guangdong","featureType":"infrastructure","railClass":"minor","mode":"rail","name":"未命名","usage":"industrial","service":"spur","status":"operational","color":"#52636F","dataOrigin":"datum-2026-08-01","sourceKey":"way:1157276387"}},{"type":"Feature","geometry":{"type":"LineString","coordinates":[[113.6515886,24.7215351],[113.6516489,24.7211411],[113.6516837,24.7209145],[113.6519492,24.7200106],[113.6521745,24.7193211],[113.65244,24.7184366],[113.6525768,24.7180176],[113.652668,24.717752],[113.6527692,24.7174333],[113.6528692,24.7171185],[113.6529228,24.7167019],[113.6529014,24.7164241],[113.6528665,24.7162804],[113.6528176,24.7161845],[113.6527646,24.7160806],[113.6525768,24.7158418]]},"properties":{"key":"way:1157276388@detail:454_98","osmType":"way","osmId":1157276388,"sourceRegion":"guangdong","featureType":"infrastructure","railClass":"minor","mode":"rail","name":"未命名","usage":"industrial","service":"spur","status":"operational","color":"#52636F","dataOrigin":"datum-2026-08-01","sourceKey":"way:1157276388"}},{"type":"Feature","geometry":{"type":"LineString","coordinates":[[113.6516639,24.7214805],[113.6518097,24.7209705],[113.6523488,24.7192699],[113.6531822,24.7166152]]},"properties":{"key":"way:1157276389@detail:454_98","osmType":"way","osmId":1157276389,"sourceRegion":"guangdong","featureType":"infrastructure","railClass":"minor","mode":"rail","name":"未命名","usage":"industrial","service":"spur","status":"operational","color":"#52636F","dataOrigin":"datum-2026-08-01","sourceKey":"way:1157276389"}},{"type":"Feature","geometry":{"type":"LineString","coordinates":[[113.6520258,24.7206895],[113.6515817,24.7218501]]},"properties":{"key":"way:1157276390@detail:454_98","osmType":"way","osmId":1157276390,"sourceRegion":"guangdong","featureType":"infrastructure","railClass":"minor","mode":"rail","name":"未命名","usage":"industrial","service":"spur","status":"operational","color":"#52636F","dataOrigin":"datum-2026-08-01","sourceKey":"way:1157276390"}},{"type":"Feature","geometry":{"type":"LineString","coordinates":[[113.6517807,24.7211997],[113.6518875,24.7208804],[113.6520484,24.7203907],[113.6523944,24.7192796],[113.6533831,24.7161616]]},"properties":{"key":"way:1157276391@detail:454_98","osmType":"way","osmId":1157276391,"sourceRegion":"guangdong","featureType":"infrastructure","railClass":"minor","mode":"rail","name":"未命名","usage":"industrial","service":"spur","status":"operational","color":"#52636F","dataOrigin":"datum-2026-08-01","sourceKey":"way:1157276391"}},{"type":"Feature","geometry":{"type":"LineString","coordinates":[[113.6516489,24.7211411],[113.6516568,24.7208804],[113.6516676,24.7205856],[113.6517292,24.720281],[113.6518499,24.7198985],[113.6518687,24.7197547],[113.6518687,24.7194575],[113.6518339,24.719092],[113.6517453,24.7188289],[113.6516381,24.7186291],[113.6515776,24.7185573],[113.6514718,24.7184318],[113.6484945,24.7155056],[113.6483684,24.7153179],[113.6481378,24.7148623],[113.6479554,24.714643],[113.6476925,24.7143774],[113.647199,24.714029],[113.6464507,24.7133249],[113.6462039,24.7130836],[113.6439584,24.7108857]]},"properties":{"key":"way:1157276392@detail:454_98","osmType":"way","osmId":1157276392,"sourceRegion":"guangdong","featureType":"infrastructure","railClass":"minor","mode":"rail","name":"未命名","usage":"industrial","service":"spur","status":"operational","color":"#52636F","dataOrigin":"datum-2026-08-01","sourceKey":"way:1157276392"}},{"type":"Feature","geometry":{"type":"LineString","coordinates":[[113.6518687,24.7194575],[113.6518768,24.7190457],[113.6518499,24.7188313],[113.6517775,24.7186267],[113.6517017,24.7184762],[113.6516756,24.7184245],[113.6514959,24.7182003],[113.6501307,24.7168578]]},"properties":{"key":"way:1157276393@detail:454_98","osmType":"way","osmId":1157276393,"sourceRegion":"guangdong","featureType":"infrastructure","railClass":"minor","mode":"rail","name":"未命名","usage":"industrial","service":"spur","status":"operational","color":"#52636F","dataOrigin":"datum-2026-08-01","sourceKey":"way:1157276393"}},{"type":"Feature","geometry":{"type":"LineString","coordinates":[[113.6519492,24.7200106],[113.6520189,24.7196232],[113.6522764,24.7187948],[113.6523918,24.7184293],[113.6525232,24.7179932],[113.6525607,24.7177471],[113.6525259,24.7174718],[113.6524534,24.7172574],[113.6524263,24.7172113],[113.6523274,24.717043],[113.6521879,24.7168578],[113.6499519,24.7146844],[113.6497739,24.7145115],[113.6470568,24.7118678],[113.6469361,24.7116704],[113.6468289,24.7113586],[113.6466715,24.7106902],[113.6466465,24.7105837]]},"properties":{"key":"way:1157276394@detail:454_98","osmType":"way","osmId":1157276394,"sourceRegion":"guangdong","featureType":"infrastructure","railClass":"minor","mode":"rail","name":"未命名","usage":"industrial","service":"spur","status":"operational","color":"#52636F","dataOrigin":"datum-2026-08-01","sourceKey":"way:1157276394"}},{"type":"Feature","geometry":{"type":"LineString","coordinates":[[113.6518363,24.7207181],[113.6519304,24.7202177],[113.6522281,24.719287],[113.6527109,24.7177642],[113.652739,24.7176047],[113.6527692,24.7174333],[113.6528075,24.7170673],[113.6528531,24.7167214],[113.6528155,24.7164095],[113.6527749,24.7163088],[113.6527163,24.7161634],[113.6525259,24.7158905]]},"properties":{"key":"way:1157276395@detail:454_98","osmType":"way","osmId":1157276395,"sourceRegion":"guangdong","featureType":"infrastructure","railClass":"minor","mode":"rail","name":"未命名","usage":"industrial","service":"spur","status":"operational","color":"#52636F","dataOrigin":"datum-2026-08-01","sourceKey":"way:1157276395"}},{"type":"Feature","geometry":{"type":"LineString","coordinates":[[113.6527109,24.7177642],[113.6528209,24.7174349]]},"properties":{"key":"way:1157276396@detail:454_98","osmType":"way","osmId":1157276396,"sourceRegion":"guangdong","featureType":"infrastructure","railClass":"minor","mode":"rail","name":"未命名","usage":"industrial","service":"spur","status":"operational","color":"#52636F","dataOrigin":"datum-2026-08-01","sourceKey":"way:1157276396"}},{"type":"Feature","geometry":{"type":"LineString","coordinates":[[113.6531822,24.7166152],[113.6529662,24.717103],[113.6528477,24.7173792],[113.6528209,24.7174349],[113.652739,24.7176047],[113.652668,24.717752]]},"properties":{"key":"way:1157276397@detail:454_98","osmType":"way","osmId":1157276397,"sourceRegion":"guangdong","featureType":"infrastructure","railClass":"minor","mode":"rail","name":"未命名","usage":"industrial","service":"spur","status":"operational","color":"#52636F","dataOrigin":"datum-2026-08-01","sourceKey":"way:1157276397"}},{"type":"Feature","geometry":{"type":"LineString","coordinates":[[113.6534754,24.7145066],[113.6535342,24.714606],[113.6535773,24.7147502],[113.6536175,24.7149598],[113.6535907,24.7153228],[113.653521,24.7155713],[113.6534886,24.715673],[113.6533869,24.7159929]]},"properties":{"key":"way:1157276398@detail:454_98","osmType":"way","osmId":1157276398,"sourceRegion":"guangdong","featureType":"infrastructure","railClass":"minor","mode":"rail","name":"未命名","usage":"industrial","service":"spur","status":"operational","color":"#52636F","dataOrigin":"datum-2026-08-01","sourceKey":"way:1157276398"}},{"type":"Feature","geometry":{"type":"LineString","coordinates":[[113.6532158,24.7165168],[113.6531822,24.7166152]]},"properties":{"key":"way:1157276399@detail:454_98","osmType":"way","osmId":1157276399,"sourceRegion":"guangdong","featureType":"infrastructure","railClass":"minor","mode":"rail","name":"未命名","usage":"industrial","service":"spur","status":"operational","color":"#52636F","dataOrigin":"datum-2026-08-01","sourceKey":"way:1157276399"}},{"type":"Feature","geometry":{"type":"LineString","coordinates":[[113.653006,24.7147283],[113.6531723,24.7149184],[113.6533278,24.7151864],[113.6534164,24.7154422],[113.6534449,24.7156615],[113.6533869,24.7159929],[113.6532158,24.7165168]]},"properties":{"key":"way:1157276400@detail:454_98","osmType":"way","osmId":1157276400,"sourceRegion":"guangdong","featureType":"infrastructure","railClass":"minor","mode":"rail","name":"未命名","usage":"industrial","service":"spur","status":"operational","color":"#52636F","dataOrigin":"datum-2026-08-01","sourceKey":"way:1157276400"}},{"type":"Feature","geometry":{"type":"LineString","coordinates":[[113.6518875,24.7208804],[113.6520753,24.7204491],[113.6522067,24.7200106],[113.6534673,24.7160621]]},"properties":{"key":"way:1157276401@detail:454_98","osmType":"way","osmId":1157276401,"sourceRegion":"guangdong","featureType":"infrastructure","railClass":"minor","mode":"rail","name":"未命名","usage":"industrial","service":"spur","status":"operational","color":"#52636F","dataOrigin":"datum-2026-08-01","sourceKey":"way:1157276401"}},{"type":"Feature","geometry":{"type":"LineString","coordinates":[[113.6522272,24.720129],[113.6524159,24.7197182],[113.65255,24.7193113],[113.6533037,24.716926]]},"properties":{"key":"way:1157276402@detail:454_98","osmType":"way","osmId":1157276402,"sourceRegion":"guangdong","featureType":"infrastructure","railClass":"minor","mode":"rail","name":"未命名","usage":"industrial","service":"spur","status":"operational","color":"#52636F","dataOrigin":"datum-2026-08-01","sourceKey":"way:1157276402"}},{"type":"Feature","geometry":{"type":"LineString","coordinates":[[113.6521959,24.7203431],[113.6522737,24.7201738],[113.65244,24.7198303],[113.6532232,24.7173792],[113.6533037,24.716926],[113.6534116,24.71634]]},"properties":{"key":"way:1157276403@detail:454_98","osmType":"way","osmId":1157276403,"sourceRegion":"guangdong","featureType":"infrastructure","railClass":"minor","mode":"rail","name":"未命名","usage":"industrial","service":"spur","status":"operational","color":"#52636F","dataOrigin":"datum-2026-08-01","sourceKey":"way:1157276403"}},{"type":"Feature","geometry":{"type":"LineString","coordinates":[[113.6523918,24.7184293],[113.6524769,24.7182398],[113.6525768,24.7180176]]},"properties":{"key":"way:1157276404@detail:454_98","osmType":"way","osmId":1157276404,"sourceRegion":"guangdong","featureType":"infrastructure","railClass":"minor","mode":"rail","name":"未命名","usage":"industrial","service":"spur","status":"operational","color":"#52636F","dataOrigin":"datum-2026-08-01","sourceKey":"way:1157276404"}},{"type":"Feature","geometry":{"type":"LineString","coordinates":[[113.65244,24.7184366],[113.6524769,24.7182398],[113.6525232,24.7179932]]},"properties":{"key":"way:1157276405@detail:454_98","osmType":"way","osmId":1157276405,"sourceRegion":"guangdong","featureType":"infrastructure","railClass":"minor","mode":"rail","name":"未命名","usage":"industrial","service":"spur","status":"operational","color":"#52636F","dataOrigin":"datum-2026-08-01","sourceKey":"way:1157276405"}},{"type":"Feature","geometry":{"type":"LineString","coordinates":[[113.6466465,24.7105837],[113.6468637,24.7111466],[113.6469844,24.7114463],[113.6471668,24.7116851],[113.6482719,24.7127498]]},"properties":{"key":"way:1157276406@detail:454_98","osmType":"way","osmId":1157276406,"sourceRegion":"guangdong","featureType":"infrastructure","railClass":"minor","mode":"rail","name":"未命名","usage":"industrial","service":"spur","status":"operational","color":"#52636F","dataOrigin":"datum-2026-08-01","sourceKey":"way:1157276406"}},{"type":"Feature","geometry":{"type":"LineString","coordinates":[[113.6383075,24.7058128],[113.6382833,24.7061953],[113.6383631,24.7065176],[113.6384545,24.7067332],[113.638626,24.7069562],[113.6399939,24.7083085]]},"properties":{"key":"way:1157276407@detail:454_98","osmType":"way","osmId":1157276407,"sourceRegion":"guangdong","featureType":"infrastructure","railClass":"minor","mode":"rail","name":"未命名","usage":"industrial","service":"spur","status":"operational","color":"#52636F","dataOrigin":"datum-2026-08-01","sourceKey":"way:1157276407"}},{"type":"Feature","geometry":{"type":"LineString","coordinates":[[113.6382216,24.7061685],[113.6382056,24.7065876],[113.6382411,24.7068502],[113.6382609,24.7069124],[113.63828,24.706972],[113.63839,24.7072169],[113.638567,24.7074216],[113.6399349,24.7087715]]},"properties":{"key":"way:1157276408@detail:454_98","osmType":"way","osmId":1157276408,"sourceRegion":"guangdong","featureType":"infrastructure","railClass":"minor","mode":"rail","name":"未命名","usage":"industrial","service":"spur","status":"operational","color":"#52636F","dataOrigin":"datum-2026-08-01","sourceKey":"way:1157276408"}},{"type":"Feature","geometry":{"type":"LineString","coordinates":[[113.6381734,24.7061515],[113.6380741,24.7064828],[113.6379346,24.7068557],[113.6377764,24.7071115],[113.6375833,24.7073162],[113.6373714,24.7074502],[113.6371997,24.7075355],[113.636953,24.7076086],[113.636505,24.7077499],[113.6361993,24.7078328]]},"properties":{"key":"way:1157276409@detail:454_98","osmType":"way","osmId":1157276409,"sourceRegion":"guangdong","featureType":"infrastructure","railClass":"minor","mode":"rail","name":"未命名","usage":"industrial","service":"spur","status":"operational","color":"#52636F","dataOrigin":"datum-2026-08-01","sourceKey":"way:1157276409"}},{"type":"Feature","geometry":{"type":"LineString","coordinates":[[113.6226541,24.7051573],[113.6246604,24.7055788],[113.6250171,24.7056568],[113.6255402,24.7057665],[113.6269081,24.7060491],[113.6270004,24.7060682],[113.6277459,24.7062219],[113.6294723,24.7065779],[113.6297619,24.7066351],[113.6312613,24.7069312],[113.6316744,24.707014],[113.6321035,24.7071383],[113.6323823,24.7071978],[113.6326572,24.7072565],[113.6342452,24.7075842],[113.6349064,24.7077207],[113.6355046,24.7078523],[113.6357701,24.7078791],[113.6359852,24.7078689],[113.6361993,24.7078328],[113.6367464,24.7077377],[113.6371595,24.7076695],[113.6374117,24.7076512],[113.6376369,24.7076549],[113.6379212,24.7077134],[113.6381412,24.7077816],[113.6384094,24.7079034],[113.6386508,24.7080716],[113.6390075,24.7083323],[113.6393857,24.7086198]]},"properties":{"key":"way:1157276410@detail:454_98","osmType":"way","osmId":1157276410,"sourceRegion":"guangdong","featureType":"infrastructure","railClass":"minor","mode":"rail","name":"未命名","usage":"industrial","service":"spur","status":"operational","color":"#52636F","dataOrigin":"datum-2026-08-01","sourceKey":"way:1157276410"}},{"type":"Feature","geometry":{"type":"LineString","coordinates":[[113.6393857,24.7086198],[113.639879,24.7090991],[113.6400026,24.7092192],[113.6404559,24.7096627],[113.6416307,24.7108103],[113.6418265,24.7109955],[113.6419231,24.7110686],[113.642123,24.7111951],[113.6422482,24.7112669],[113.6423898,24.7113561],[113.6425534,24.7114682],[113.6434701,24.7123411]]},"properties":{"key":"way:1157276411@detail:454_98","osmType":"way","osmId":1157276411,"sourceRegion":"guangdong","featureType":"infrastructure","railClass":"minor","mode":"rail","name":"未命名","usage":"industrial","service":"spur","status":"operational","color":"#52636F","dataOrigin":"datum-2026-08-01","sourceKey":"way:1157276411"}},{"type":"Feature","geometry":{"type":"LineString","coordinates":[[113.6419231,24.7110686],[113.6421036,24.7112125],[113.6422912,24.7113488]]},"properties":{"key":"way:1157276412@detail:454_98","osmType":"way","osmId":1157276412,"sourceRegion":"guangdong","featureType":"infrastructure","railClass":"minor","mode":"rail","name":"未命名","usage":"industrial","service":"spur","status":"operational","color":"#52636F","dataOrigin":"datum-2026-08-01","sourceKey":"way:1157276412"}},{"type":"Feature","geometry":{"type":"LineString","coordinates":[[113.6418265,24.7109955],[113.6411882,24.7105179]]},"properties":{"key":"way:1157276413@detail:454_98","osmType":"way","osmId":1157276413,"sourceRegion":"guangdong","featureType":"infrastructure","railClass":"minor","mode":"rail","name":"未命名","usage":"industrial","service":"spur","status":"operational","color":"#52636F","dataOrigin":"datum-2026-08-01","sourceKey":"way:1157276413"}},{"type":"Feature","geometry":{"type":"LineString","coordinates":[[113.6400026,24.7092192],[113.6403245,24.7096115]]},"properties":{"key":"way:1157276414@detail:454_98","osmType":"way","osmId":1157276414,"sourceRegion":"guangdong","featureType":"infrastructure","railClass":"minor","mode":"rail","name":"未命名","usage":"industrial","service":"spur","status":"operational","color":"#52636F","dataOrigin":"datum-2026-08-01","sourceKey":"way:1157276414"}},{"type":"Feature","geometry":{"type":"LineString","coordinates":[[113.6393455,24.7086539],[113.6385871,24.7080892],[113.6384288,24.707982],[113.6382062,24.7078772],[113.637997,24.7077919],[113.6376403,24.7077115],[113.6373444,24.7077002],[113.6370234,24.7077286],[113.6367042,24.7077919],[113.6361646,24.7078849],[113.6360299,24.7079111],[113.6358057,24.7079215],[113.6356742,24.7079211],[113.6354757,24.7078967],[113.634891,24.7077785],[113.6342298,24.7076482],[113.6335785,24.707522],[113.633256,24.7074595],[113.632885,24.7073667],[113.6326434,24.7073063],[113.6323581,24.7072468],[113.6320452,24.7071816],[113.6314792,24.7070183],[113.6298914,24.7067089],[113.62975,24.7066824],[113.6293308,24.7066041],[113.6272266,24.7061716],[113.6269871,24.7061201],[113.6261121,24.7059352],[113.6260397,24.7059218],[113.6255502,24.7058207],[113.6251653,24.7057378],[113.622644,24.7052042]]},"properties":{"key":"way:1157276415@detail:454_98","osmType":"way","osmId":1157276415,"sourceRegion":"guangdong","featureType":"infrastructure","railClass":"minor","mode":"rail","name":"未命名","usage":"industrial","service":"spur","status":"operational","color":"#52636F","dataOrigin":"datum-2026-08-01","sourceKey":"way:1157276415"}},{"type":"Feature","geometry":{"type":"LineString","coordinates":[[113.6246604,24.7055788],[113.6251653,24.7057378]]},"properties":{"key":"way:1157276416@detail:454_98","osmType":"way","osmId":1157276416,"sourceRegion":"guangdong","featureType":"infrastructure","railClass":"minor","mode":"rail","name":"未命名","usage":"industrial","service":"spur","status":"operational","color":"#52636F","dataOrigin":"datum-2026-08-01","sourceKey":"way:1157276416"}},{"type":"Feature","geometry":{"type":"LineString","coordinates":[[113.6250171,24.7056568],[113.6254483,24.7057025],[113.6264179,24.7059047],[113.6269081,24.7060491]]},"properties":{"key":"way:1157276417@detail:454_98","osmType":"way","osmId":1157276417,"sourceRegion":"guangdong","featureType":"infrastructure","railClass":"minor","mode":"rail","name":"未命名","usage":"industrial","service":"spur","status":"operational","color":"#52636F","dataOrigin":"datum-2026-08-01","sourceKey":"way:1157276417"}},{"type":"Feature","geometry":{"type":"LineString","coordinates":[[113.6255402,24.7057665],[113.6260397,24.7059218]]},"properties":{"key":"way:1157276418@detail:454_98","osmType":"way","osmId":1157276418,"sourceRegion":"guangdong","featureType":"infrastructure","railClass":"minor","mode":"rail","name":"未命名","usage":"industrial","service":"spur","status":"operational","color":"#52636F","dataOrigin":"datum-2026-08-01","sourceKey":"way:1157276418"}},{"type":"Feature","geometry":{"type":"LineString","coordinates":[[113.6255502,24.7058207],[113.6257702,24.705884],[113.6259686,24.7059657],[113.6261564,24.7060765],[113.626379,24.7062447],[113.6265292,24.7064055],[113.6266633,24.7065882]]},"properties":{"key":"way:1157276419@detail:454_98","osmType":"way","osmId":1157276419,"sourceRegion":"guangdong","featureType":"infrastructure","railClass":"minor","mode":"rail","name":"未命名","usage":"industrial","service":"spur","status":"operational","color":"#52636F","dataOrigin":"datum-2026-08-01","sourceKey":"way:1157276419"}},{"type":"Feature","geometry":{"type":"LineString","coordinates":[[113.6261121,24.7059352],[113.6263589,24.706012],[113.6266365,24.7061423],[113.6267974,24.7062544],[113.6269252,24.706363],[113.6271005,24.7065298],[113.6273233,24.7067563],[113.6277802,24.7072255]]},"properties":{"key":"way:1157276420@detail:454_98","osmType":"way","osmId":1157276420,"sourceRegion":"guangdong","featureType":"infrastructure","railClass":"minor","mode":"rail","name":"未命名","usage":"industrial","service":"spur","status":"operational","color":"#52636F","dataOrigin":"datum-2026-08-01","sourceKey":"way:1157276420"}},{"type":"Feature","geometry":{"type":"LineString","coordinates":[[113.6342298,24.7076482],[113.6345838,24.7076861],[113.6349064,24.7077207]]},"properties":{"key":"way:1157276421@detail:454_98","osmType":"way","osmId":1157276421,"sourceRegion":"guangdong","featureType":"infrastructure","railClass":"minor","mode":"rail","name":"未命名","usage":"industrial","service":"spur","status":"operational","color":"#52636F","dataOrigin":"datum-2026-08-01","sourceKey":"way:1157276421"}},{"type":"Feature","geometry":{"type":"LineString","coordinates":[[113.634891,24.7077785],[113.6345838,24.7076861],[113.6342452,24.7075842]]},"properties":{"key":"way:1157276422@detail:454_98","osmType":"way","osmId":1157276422,"sourceRegion":"guangdong","featureType":"infrastructure","railClass":"minor","mode":"rail","name":"未命名","usage":"industrial","service":"spur","status":"operational","color":"#52636F","dataOrigin":"datum-2026-08-01","sourceKey":"way:1157276422"}},{"type":"Feature","geometry":{"type":"LineString","coordinates":[[113.633256,24.7074595],[113.6335432,24.7075434],[113.633908,24.707675],[113.6341065,24.70777],[113.634321,24.7079162],[113.6347032,24.7082759],[113.634764,24.7083366],[113.6352732,24.7088348]]},"properties":{"key":"way:1157276423@detail:454_98","osmType":"way","osmId":1157276423,"sourceRegion":"guangdong","featureType":"infrastructure","railClass":"minor","mode":"rail","name":"未命名","usage":"industrial","service":"spur","status":"operational","color":"#52636F","dataOrigin":"datum-2026-08-01","sourceKey":"way:1157276423"}},{"type":"Feature","geometry":{"type":"LineString","coordinates":[[113.6335785,24.707522],[113.6338731,24.7076092],[113.6341655,24.7077091],[113.6344283,24.7078626],[113.634791,24.7082031],[113.634852,24.7082605],[113.6353564,24.7087617]]},"properties":{"key":"way:1157276424@detail:454_98","osmType":"way","osmId":1157276424,"sourceRegion":"guangdong","featureType":"infrastructure","railClass":"minor","mode":"rail","name":"未命名","usage":"industrial","service":"spur","status":"operational","color":"#52636F","dataOrigin":"datum-2026-08-01","sourceKey":"way:1157276424"}},{"type":"Feature","geometry":{"type":"LineString","coordinates":[[113.6338731,24.7076092],[113.6341387,24.7077359],[113.6343988,24.7078943],[113.6347464,24.7082401],[113.6348072,24.7082992],[113.6353108,24.7088007]]},"properties":{"key":"way:1157276425@detail:454_98","osmType":"way","osmId":1157276425,"sourceRegion":"guangdong","featureType":"infrastructure","railClass":"minor","mode":"rail","name":"未命名","usage":"industrial","service":"spur","status":"operational","color":"#52636F","dataOrigin":"datum-2026-08-01","sourceKey":"way:1157276425"}},{"type":"Feature","geometry":{"type":"LineString","coordinates":[[113.6335432,24.7075434],[113.6338865,24.7077067],[113.6341306,24.7078358],[113.6342969,24.7079601],[113.6346608,24.708311],[113.634722,24.7083728],[113.6352276,24.7088714]]},"properties":{"key":"way:1157276426@detail:454_98","osmType":"way","osmId":1157276426,"sourceRegion":"guangdong","featureType":"infrastructure","railClass":"minor","mode":"rail","name":"未命名","usage":"industrial","service":"spur","status":"operational","color":"#52636F","dataOrigin":"datum-2026-08-01","sourceKey":"way:1157276426"}},{"type":"Feature","geometry":{"type":"LineString","coordinates":[[113.6321035,24.7071383],[113.6314792,24.7070183]]},"properties":{"key":"way:1157276427@detail:454_98","osmType":"way","osmId":1157276427,"sourceRegion":"guangdong","featureType":"infrastructure","railClass":"minor","mode":"rail","name":"未命名","usage":"industrial","service":"spur","status":"operational","color":"#52636F","dataOrigin":"datum-2026-08-01","sourceKey":"way:1157276427"}},{"type":"Feature","geometry":{"type":"LineString","coordinates":[[113.632885,24.7073667],[113.6326487,24.7072873],[113.6323823,24.7071978]]},"properties":{"key":"way:1157276428@detail:454_98","osmType":"way","osmId":1157276428,"sourceRegion":"guangdong","featureType":"infrastructure","railClass":"minor","mode":"rail","name":"未命名","usage":"industrial","service":"spur","status":"operational","color":"#52636F","dataOrigin":"datum-2026-08-01","sourceKey":"way:1157276428"}},{"type":"Feature","geometry":{"type":"LineString","coordinates":[[113.6323581,24.7072468],[113.6326337,24.7073416],[113.63287,24.7074362]]},"properties":{"key":"way:1157276429@detail:454_98","osmType":"way","osmId":1157276429,"sourceRegion":"guangdong","featureType":"infrastructure","railClass":"minor","mode":"rail","name":"未命名","usage":"industrial","service":"spur","status":"operational","color":"#52636F","dataOrigin":"datum-2026-08-01","sourceKey":"way:1157276429"}},{"type":"Feature","geometry":{"type":"LineString","coordinates":[[113.6320452,24.7071816],[113.6316871,24.7071121],[113.6313986,24.7070858],[113.6312338,24.7070561],[113.6309534,24.7070017],[113.6299142,24.7067807],[113.6297386,24.7067276],[113.6293308,24.7066041]]},"properties":{"key":"way:1157276430@detail:454_98","osmType":"way","osmId":1157276430,"sourceRegion":"guangdong","featureType":"infrastructure","railClass":"minor","mode":"rail","name":"未命名","usage":"industrial","service":"spur","status":"operational","color":"#52636F","dataOrigin":"datum-2026-08-01","sourceKey":"way:1157276430"}},{"type":"Feature","geometry":{"type":"LineString","coordinates":[[113.6272266,24.7061716],[113.6277459,24.7062219]]},"properties":{"key":"way:1157276431@detail:454_98","osmType":"way","osmId":1157276431,"sourceRegion":"guangdong","featureType":"infrastructure","railClass":"minor","mode":"rail","name":"未命名","usage":"industrial","service":"spur","status":"operational","color":"#52636F","dataOrigin":"datum-2026-08-01","sourceKey":"way:1157276431"}},{"type":"Feature","geometry":{"type":"LineString","coordinates":[[113.6269155,24.7069318],[113.6271032,24.7071901],[113.6272454,24.7073607],[113.6274113,24.7075287]]},"properties":{"key":"way:1157276432@detail:454_98","osmType":"way","osmId":1157276432,"sourceRegion":"guangdong","featureType":"infrastructure","railClass":"minor","mode":"rail","name":"未命名","usage":"industrial","service":"spur","status":"operational","color":"#52636F","dataOrigin":"datum-2026-08-01","sourceKey":"way:1157276432"}},{"type":"Feature","geometry":{"type":"LineString","coordinates":[[113.6268591,24.7069489],[113.6269718,24.7071803],[113.6271139,24.7073777],[113.627317,24.7076062]]},"properties":{"key":"way:1157276433@detail:454_98","osmType":"way","osmId":1157276433,"sourceRegion":"guangdong","featureType":"infrastructure","railClass":"minor","mode":"rail","name":"未命名","usage":"industrial","service":"spur","status":"operational","color":"#52636F","dataOrigin":"datum-2026-08-01","sourceKey":"way:1157276433"}},{"type":"Feature","geometry":{"type":"LineString","coordinates":[[113.6271005,24.7065298],[113.6273285,24.7067125],[113.6277362,24.707022],[113.627869,24.7071525]]},"properties":{"key":"way:1157276434@detail:454_98","osmType":"way","osmId":1157276434,"sourceRegion":"guangdong","featureType":"infrastructure","railClass":"national","mode":"rail","name":"未命名","status":"operational","color":"#E54848","dataOrigin":"datum-2026-08-01","sourceKey":"way:1157276434"}},{"type":"Feature","geometry":{"type":"LineString","coordinates":[[113.6273285,24.7067125],[113.627586,24.7069416],[113.6278292,24.7071851]]},"properties":{"key":"way:1157276435@detail:454_98","osmType":"way","osmId":1157276435,"sourceRegion":"guangdong","featureType":"infrastructure","railClass":"national","mode":"rail","name":"未命名","status":"operational","color":"#E54848","dataOrigin":"datum-2026-08-01","sourceKey":"way:1157276435"}},{"type":"Feature","geometry":{"type":"LineString","coordinates":[[113.6273233,24.7067563],[113.6275404,24.707039],[113.6277411,24.7072576]]},"properties":{"key":"way:1157276436@detail:454_98","osmType":"way","osmId":1157276436,"sourceRegion":"guangdong","featureType":"infrastructure","railClass":"national","mode":"rail","name":"未命名","status":"operational","color":"#E54848","dataOrigin":"datum-2026-08-01","sourceKey":"way:1157276436"}},{"type":"Feature","geometry":{"type":"LineString","coordinates":[[113.6266633,24.7065882],[113.6268047,24.7068357],[113.6268591,24.7069489],[113.6270496,24.7072266],[113.6271756,24.7073753],[113.6273623,24.7075689]]},"properties":{"key":"way:1157276437@detail:454_98","osmType":"way","osmId":1157276437,"sourceRegion":"guangdong","featureType":"infrastructure","railClass":"minor","mode":"rail","name":"未命名","usage":"industrial","service":"spur","status":"operational","color":"#52636F","dataOrigin":"datum-2026-08-01","sourceKey":"way:1157276437"}},{"type":"Feature","geometry":{"type":"LineString","coordinates":[[113.6266633,24.7065882],[113.6268144,24.7067978],[113.6269155,24.7069318],[113.6271542,24.7072023],[113.6274509,24.7074961]]},"properties":{"key":"way:1157276438@detail:454_98","osmType":"way","osmId":1157276438,"sourceRegion":"guangdong","featureType":"infrastructure","railClass":"minor","mode":"rail","name":"未命名","usage":"industrial","service":"spur","status":"operational","color":"#52636F","dataOrigin":"datum-2026-08-01","sourceKey":"way:1157276438"}},{"type":"Feature","geometry":{"type":"LineString","coordinates":[[113.6294723,24.7065779],[113.6297713,24.7065981],[113.6299142,24.7066077],[113.6311426,24.7068563],[113.6316744,24.707014]]},"properties":{"key":"way:1157276440@detail:454_98","osmType":"way","osmId":1157276440,"sourceRegion":"guangdong","featureType":"infrastructure","railClass":"minor","mode":"rail","name":"未命名","usage":"industrial","service":"spur","status":"operational","color":"#52636F","dataOrigin":"datum-2026-08-01","sourceKey":"way:1157276440"}},{"type":"Feature","geometry":{"type":"LineString","coordinates":[[113.6380741,24.7064828],[113.6379474,24.7067417],[113.6378294,24.7069172],[113.6376523,24.7071219],[113.6374378,24.7072827],[113.6372822,24.7073655],[113.6370247,24.7074411],[113.6367619,24.7074727],[113.6364722,24.7074654],[113.6361128,24.7074094],[113.6328074,24.7067041],[113.6326071,24.7066613],[113.6295548,24.706057]]},"properties":{"key":"way:1157276442@detail:454_98","osmType":"way","osmId":1157276442,"sourceRegion":"guangdong","featureType":"infrastructure","railClass":"minor","mode":"rail","name":"未命名","usage":"industrial","service":"spur","status":"operational","color":"#52636F","dataOrigin":"datum-2026-08-01","sourceKey":"way:1157276442"}},{"type":"Feature","geometry":{"type":"LineString","coordinates":[[113.6389052,24.7064831],[113.6392992,24.7068295],[113.6404338,24.707943]]},"properties":{"key":"way:1157276443@detail:454_98","osmType":"way","osmId":1157276443,"sourceRegion":"guangdong","featureType":"infrastructure","railClass":"minor","mode":"rail","name":"未命名","usage":"industrial","service":"spur","status":"operational","color":"#52636F","dataOrigin":"datum-2026-08-01","sourceKey":"way:1157276443"}},{"type":"Feature","geometry":{"type":"LineString","coordinates":[[113.6404559,24.7096627],[113.6407798,24.7099216],[113.6413431,24.7104674],[113.6416307,24.7108103]]},"properties":{"key":"way:1157276444@detail:454_98","osmType":"way","osmId":1157276444,"sourceRegion":"guangdong","featureType":"infrastructure","railClass":"minor","mode":"rail","name":"未命名","usage":"industrial","service":"spur","status":"operational","color":"#52636F","dataOrigin":"datum-2026-08-01","sourceKey":"way:1157276444"}},{"type":"Feature","geometry":{"type":"LineString","coordinates":[[113.6367042,24.7077919],[113.6370113,24.7077651],[113.6372398,24.7077763],[113.63747,24.7078188],[113.6376311,24.7078691],[113.6378001,24.7079544],[113.6379771,24.708064]]},"properties":{"key":"way:1157276445@detail:454_98","osmType":"way","osmId":1157276445,"sourceRegion":"guangdong","featureType":"infrastructure","railClass":"minor","mode":"rail","name":"未命名","usage":"industrial","service":"spur","status":"operational","color":"#52636F","dataOrigin":"datum-2026-08-01","sourceKey":"way:1157276445"}},{"type":"Feature","geometry":{"type":"LineString","coordinates":[[113.6381756,24.7082346],[113.6385063,24.7085352],[113.638991,24.7090022]]},"properties":{"key":"way:1157298216@detail:454_98","osmType":"way","osmId":1157298216,"sourceRegion":"guangdong","featureType":"infrastructure","railClass":"minor","mode":"rail","name":"未命名","usage":"industrial","service":"spur","status":"operational","color":"#52636F","dataOrigin":"datum-2026-08-01","sourceKey":"way:1157298216"}},{"type":"Feature","geometry":{"type":"LineString","coordinates":[[113.6379771,24.708064],[113.6381756,24.7082346],[113.6384591,24.7085753],[113.6387576,24.7088657]]},"properties":{"key":"way:1157298217@detail:454_98","osmType":"way","osmId":1157298217,"sourceRegion":"guangdong","featureType":"infrastructure","railClass":"minor","mode":"rail","name":"未命名","usage":"industrial","service":"spur","status":"operational","color":"#52636F","dataOrigin":"datum-2026-08-01","sourceKey":"way:1157298217"}},{"type":"Feature","geometry":{"type":"LineString","coordinates":[[113.6379771,24.708064],[113.6383231,24.7083004],[113.6385491,24.7084989],[113.6390259,24.7089705]]},"properties":{"key":"way:1157298218@detail:454_98","osmType":"way","osmId":1157298218,"sourceRegion":"guangdong","featureType":"infrastructure","railClass":"minor","mode":"rail","name":"未命名","usage":"industrial","service":"spur","status":"operational","color":"#52636F","dataOrigin":"datum-2026-08-01","sourceKey":"way:1157298218"}},{"type":"Feature","geometry":{"type":"LineString","coordinates":[[113.6531372,24.7132661],[113.6529492,24.7130761],[113.6526837,24.7128812],[113.652512,24.7127545],[113.6523673,24.7126206],[113.6522062,24.7124646],[113.6509912,24.7112731]]},"properties":{"key":"way:1157298219@detail:454_98","osmType":"way","osmId":1157298219,"sourceRegion":"guangdong","featureType":"infrastructure","railClass":"minor","mode":"rail","name":"未命名","usage":"industrial","service":"spur","status":"operational","color":"#52636F","dataOrigin":"datum-2026-08-01","sourceKey":"way:1157298219"}},{"type":"Feature","geometry":{"type":"LineString","coordinates":[[113.6526336,24.712598],[113.6522384,24.7118968],[113.6521764,24.7118067],[113.6518334,24.7114509],[113.6498965,24.7095659],[113.6493121,24.7089948],[113.649119,24.7088438],[113.6489124,24.7087283],[113.6487408,24.7086586],[113.6484833,24.7085879],[113.6482097,24.708527],[113.6479952,24.708449],[113.6478262,24.7083516],[113.6476921,24.7082273],[113.6462947,24.7068628]]},"properties":{"key":"way:1157298220@detail:454_98","osmType":"way","osmId":1157298220,"sourceRegion":"guangdong","featureType":"infrastructure","railClass":"minor","mode":"rail","name":"未命名","usage":"industrial","service":"spur","status":"operational","color":"#52636F","dataOrigin":"datum-2026-08-01","sourceKey":"way:1157298220"}},{"type":"Feature","geometry":{"type":"LineString","coordinates":[[113.5011538,24.5415328],[113.500449,24.5395729],[113.5,24.53849761096602]]},"properties":{"key":"way:1321560883@detail:454_98","osmType":"way","osmId":1321560883,"sourceRegion":"guangdong","featureType":"infrastructure","railClass":"highspeed","mode":"rail","name":"京广高速线","nameEn":"Beijing-Guangzhou High-speed Line","ref":"3001","usage":"main","highspeed":"yes","bridge":"yes","status":"operational","color":"#E54848","dataOrigin":"datum-2026-08-01","sourceKey":"way:1321560883"}},{"type":"Feature","geometry":{"type":"LineString","coordinates":[[113.5012053,24.541517],[113.5005005,24.539557],[113.5,24.538357811578948]]},"properties":{"key":"way:1321560884@detail:454_98","osmType":"way","osmId":1321560884,"sourceRegion":"guangdong","featureType":"infrastructure","railClass":"highspeed","mode":"rail","name":"京广高速线","nameEn":"Beijing-Guangzhou High-speed Line","ref":"3001","usage":"main","highspeed":"yes","bridge":"yes","status":"operational","color":"#E54848","dataOrigin":"datum-2026-08-01","sourceKey":"way:1321560884"}},{"type":"Feature","geometry":{"type":"LineString","coordinates":[[113.6248543,24.6935229],[113.6261796,24.696053],[113.6262609,24.6963818],[113.626269,24.6966957],[113.6261796,24.6973015],[113.6261674,24.6975859],[113.6261918,24.6978038],[113.626269,24.698066],[113.6264848,24.6983977],[113.6266349,24.6985757],[113.6268423,24.6987678],[113.6269648,24.6988352],[113.6272854,24.6990116]]},"properties":{"key":"way:1359044171@detail:454_98","osmType":"way","osmId":1359044171,"sourceRegion":"guangdong","featureType":"infrastructure","railClass":"minor","mode":"rail","name":"未命名","service":"spur","status":"operational","color":"#52636F","dataOrigin":"datum-2026-08-01","sourceKey":"way:1359044171"}},{"type":"Feature","geometry":{"type":"LineString","coordinates":[[113.6250947,24.695772],[113.6255347,24.6966352],[113.6255948,24.696796],[113.6256125,24.6969664],[113.6256196,24.6972365],[113.6256302,24.6974069],[113.6256975,24.6976256],[113.6257895,24.6978507],[113.6258815,24.6980147],[113.6260585,24.6982494],[113.6260965,24.6982869],[113.6262708,24.698468],[113.6265009,24.6986288],[113.6269648,24.6988352]]},"properties":{"key":"way:1359044172@detail:454_98","osmType":"way","osmId":1359044172,"sourceRegion":"guangdong","featureType":"infrastructure","railClass":"minor","mode":"rail","name":"未命名","service":"spur","status":"operational","color":"#52636F","dataOrigin":"datum-2026-08-01","sourceKey":"way:1359044172"}},{"type":"Feature","geometry":{"type":"LineString","coordinates":[[113.5913925,24.5750735],[113.5909915,24.5759221],[113.5908758,24.576371],[113.5908064,24.5768269],[113.5908449,24.5779209],[113.5908527,24.5786082],[113.590791,24.5791552],[113.5906599,24.5796532],[113.5903668,24.5803895],[113.5900198,24.5808804],[113.589719,24.5812381],[113.5882846,24.5825004],[113.5878142,24.5829773],[113.5874671,24.5835173],[113.5871818,24.5840713],[113.5869736,24.5846464],[113.5868425,24.5852214],[113.5867499,24.5864627]]},"properties":{"key":"way:1370345953@detail:454_98","osmType":"way","osmId":1370345953,"sourceRegion":"guangdong","featureType":"infrastructure","railClass":"minor","mode":"abandoned","name":"未命名","status":"operational","color":"#52636F","dataOrigin":"datum-2026-08-01","sourceKey":"way:1370345953"}},{"type":"Feature","geometry":{"type":"LineString","coordinates":[[113.6060857,24.6695652],[113.6058852,24.6697826],[113.6046298,24.6711704],[113.6036952,24.6722092],[113.6025601,24.6734888],[113.6022874,24.6738738],[113.6020066,24.6743632],[113.6018502,24.6747843],[113.6017178,24.6751854],[113.6016215,24.6758472],[113.6016255,24.676473],[113.6017419,24.6771548],[113.6019304,24.6777324],[113.6022044,24.6782615],[113.6022192,24.67829],[113.6025762,24.6788034],[113.6029492,24.6792165],[113.6032276,24.6795027]]},"properties":{"key":"way:1427391656@detail:454_98","osmType":"way","osmId":1427391656,"sourceRegion":"guangdong","featureType":"infrastructure","railClass":"national","mode":"rail","name":"未命名","status":"operational","color":"#E54848","dataOrigin":"datum-2026-08-01","sourceKey":"way:1427391656"}},{"type":"Feature","geometry":{"type":"LineString","coordinates":[[113.6062847,24.6693494],[113.6060857,24.6695652]]},"properties":{"key":"way:1427391657@detail:454_98","osmType":"way","osmId":1427391657,"sourceRegion":"guangdong","featureType":"infrastructure","railClass":"national","mode":"rail","name":"未命名","tunnel":"yes","status":"operational","color":"#E54848","dataOrigin":"datum-2026-08-01","sourceKey":"way:1427391657"}},{"type":"Feature","geometry":{"type":"LineString","coordinates":[[113.5614209,24.7185803],[113.5620522,24.7189697],[113.5623355,24.7191251],[113.5626594,24.7192732],[113.5628889,24.7193468],[113.5631183,24.7193983],[113.563418,24.7194456],[113.5636158,24.7194567]]},"properties":{"key":"way:1428006367@detail:454_98","osmType":"way","osmId":1428006367,"sourceRegion":"guangdong","featureType":"infrastructure","railClass":"minor","mode":"rail","name":"韶关冶炼厂专用铁路","usage":"industrial","status":"operational","color":"#E54848","dataOrigin":"datum-2026-08-01","sourceKey":"way:1428006367"}},{"type":"Feature","geometry":{"type":"LineString","coordinates":[[113.5636158,24.7194567],[113.5638091,24.7194602]]},"properties":{"key":"way:1428006368@detail:454_98","osmType":"way","osmId":1428006368,"sourceRegion":"guangdong","featureType":"infrastructure","railClass":"minor","mode":"rail","name":"韶关冶炼厂专用铁路","usage":"industrial","bridge":"yes","status":"operational","color":"#E54848","dataOrigin":"datum-2026-08-01","sourceKey":"way:1428006368"}},{"type":"Feature","geometry":{"type":"LineString","coordinates":[[113.564101,24.7194699],[113.5650261,24.7193442],[113.565857,24.7192748],[113.5662562,24.7192461],[113.5664433,24.7192358],[113.5665984,24.7192321],[113.5667759,24.7192431],[113.5672867,24.7192893],[113.5696041,24.7194991],[113.5702302,24.7195688],[113.5707607,24.7196293],[113.5709213,24.7196388],[113.5712221,24.7196372],[113.5714528,24.7196264],[113.571781,24.7196285],[113.5719129,24.7196273],[113.5742086,24.7195951]]},"properties":{"key":"way:1428006369@detail:454_98","osmType":"way","osmId":1428006369,"sourceRegion":"guangdong","featureType":"infrastructure","railClass":"minor","mode":"rail","name":"未命名","service":"spur","status":"operational","color":"#52636F","dataOrigin":"datum-2026-08-01","sourceKey":"way:1428006369"}},{"type":"Feature","geometry":{"type":"LineString","coordinates":[[113.5955654,24.672017],[113.5985905,24.6750499]]},"properties":{"key":"way:1432638541@detail:454_98","osmType":"way","osmId":1432638541,"sourceRegion":"guangdong","featureType":"infrastructure","railClass":"national","mode":"rail","name":"京广线","nameEn":"Beijing–Guangzhou Railway","ref":"0001","usage":"main","status":"operational","color":"#E54848","dataOrigin":"datum-2026-08-01","sourceKey":"way:1432638541"}},{"type":"Feature","geometry":{"type":"LineString","coordinates":[[113.5954473,24.6718889],[113.5955654,24.672017]]},"properties":{"key":"way:1432638542@detail:454_98","osmType":"way","osmId":1432638542,"sourceRegion":"guangdong","featureType":"infrastructure","railClass":"national","mode":"rail","name":"京广线","nameEn":"Beijing–Guangzhou Railway","ref":"0001","usage":"main","bridge":"yes","status":"operational","color":"#E54848","dataOrigin":"datum-2026-08-01","sourceKey":"way:1432638542"}},{"type":"Feature","geometry":{"type":"LineString","coordinates":[[113.5986297,24.6750183],[113.5956099,24.6719985]]},"properties":{"key":"way:1432638543@detail:454_98","osmType":"way","osmId":1432638543,"sourceRegion":"guangdong","featureType":"infrastructure","railClass":"national","mode":"rail","name":"京广线","nameEn":"Beijing–Guangzhou Railway","ref":"0001","usage":"main","status":"operational","color":"#E54848","dataOrigin":"datum-2026-08-01","sourceKey":"way:1432638543"}},{"type":"Feature","geometry":{"type":"LineString","coordinates":[[113.5956099,24.6719985],[113.5954995,24.6718704]]},"properties":{"key":"way:1432638544@detail:454_98","osmType":"way","osmId":1432638544,"sourceRegion":"guangdong","featureType":"infrastructure","railClass":"national","mode":"rail","name":"京广线","nameEn":"Beijing–Guangzhou Railway","ref":"0001","usage":"main","bridge":"yes","status":"operational","color":"#E54848","dataOrigin":"datum-2026-08-01","sourceKey":"way:1432638544"}},{"type":"Feature","geometry":{"type":"LineString","coordinates":[[113.565857,24.7192748],[113.5662503,24.7192692],[113.566403,24.7192728],[113.566561,24.7192795],[113.570009,24.7196046],[113.5708364,24.7196825],[113.571252,24.7197313],[113.5714178,24.7197334],[113.5742065,24.7197271],[113.5747088,24.719729],[113.5765958,24.7197281],[113.5769004,24.719728]]},"properties":{"key":"way:1475065223@detail:454_98","osmType":"way","osmId":1475065223,"sourceRegion":"guangdong","featureType":"infrastructure","railClass":"minor","mode":"rail","name":"未命名","service":"siding","status":"operational","color":"#52636F","dataOrigin":"datum-2026-08-01","sourceKey":"way:1475065223"}},{"type":"Feature","geometry":{"type":"LineString","coordinates":[[113.5719129,24.7196273],[113.5713454,24.7196762],[113.5712147,24.7196836],[113.5710512,24.7196868],[113.5708364,24.7196825]]},"properties":{"key":"way:1475065224@detail:454_98","osmType":"way","osmId":1475065224,"sourceRegion":"guangdong","featureType":"infrastructure","railClass":"minor","mode":"rail","name":"未命名","service":"siding","status":"operational","color":"#52636F","dataOrigin":"datum-2026-08-01","sourceKey":"way:1475065224"}},{"type":"Feature","geometry":{"type":"LineString","coordinates":[[113.5713454,24.7196762],[113.5737411,24.7196823],[113.5742073,24.7196784],[113.5760419,24.7196806],[113.5769003,24.7196816]]},"properties":{"key":"way:1475065225@detail:454_98","osmType":"way","osmId":1475065225,"sourceRegion":"guangdong","featureType":"infrastructure","railClass":"minor","mode":"rail","name":"未命名","service":"siding","status":"operational","color":"#52636F","dataOrigin":"datum-2026-08-01","sourceKey":"way:1475065225"}},{"type":"Feature","geometry":{"type":"LineString","coordinates":[[113.5737411,24.7196823],[113.5739645,24.7196537],[113.5740569,24.7196425],[113.5741262,24.7196362],[113.574208,24.7196328]]},"properties":{"key":"way:1475065226@detail:454_98","osmType":"way","osmId":1475065226,"sourceRegion":"guangdong","featureType":"infrastructure","railClass":"minor","mode":"rail","name":"未命名","service":"siding","status":"operational","color":"#52636F","dataOrigin":"datum-2026-08-01","sourceKey":"way:1475065226"}},{"type":"Feature","geometry":{"type":"LineString","coordinates":[[113.566403,24.7192728],[113.567075,24.7194074],[113.5674767,24.7194524],[113.5684995,24.719528],[113.5692657,24.7195955],[113.5694745,24.7196084],[113.5696391,24.7196148],[113.570009,24.7196046]]},"properties":{"key":"way:1475065227@detail:454_98","osmType":"way","osmId":1475065227,"sourceRegion":"guangdong","featureType":"infrastructure","railClass":"minor","mode":"rail","name":"未命名","service":"siding","status":"operational","color":"#52636F","dataOrigin":"datum-2026-08-01","sourceKey":"way:1475065227"}},{"type":"Feature","geometry":{"type":"LineString","coordinates":[[113.5665984,24.7192321],[113.5670754,24.7192044],[113.5673892,24.71918],[113.5676541,24.719155],[113.5678356,24.7191427],[113.567936,24.7191402],[113.5683548,24.7191483],[113.5687518,24.7191629]]},"properties":{"key":"way:1475065228@detail:454_98","osmType":"way","osmId":1475065228,"sourceRegion":"guangdong","featureType":"infrastructure","railClass":"minor","mode":"rail","name":"未命名","service":"siding","status":"operational","color":"#52636F","dataOrigin":"datum-2026-08-01","sourceKey":"way:1475065228"}},{"type":"Feature","geometry":{"type":"LineString","coordinates":[[113.5670754,24.7192044],[113.5675887,24.7192074],[113.5678069,24.7192087],[113.5680617,24.7192167],[113.568129,24.7192215],[113.5682298,24.7192296],[113.5694792,24.7193517],[113.5710966,24.7195237]]},"properties":{"key":"way:1475065229@detail:454_98","osmType":"way","osmId":1475065229,"sourceRegion":"guangdong","featureType":"infrastructure","railClass":"minor","mode":"rail","name":"未命名","service":"siding","status":"operational","color":"#52636F","dataOrigin":"datum-2026-08-01","sourceKey":"way:1475065229"}},{"type":"Feature","geometry":{"type":"LineString","coordinates":[[113.5687271,24.7192296],[113.5676541,24.719155]]},"properties":{"key":"way:1475065230@detail:454_98","osmType":"way","osmId":1475065230,"sourceRegion":"guangdong","featureType":"infrastructure","railClass":"minor","mode":"rail","name":"未命名","service":"siding","status":"operational","color":"#52636F","dataOrigin":"datum-2026-08-01","sourceKey":"way:1475065230"}},{"type":"Feature","geometry":{"type":"LineString","coordinates":[[113.5675887,24.7192074],[113.5709915,24.7195594],[113.5710694,24.7195784],[113.5711367,24.7196043],[113.5712221,24.7196372]]},"properties":{"key":"way:1475065231@detail:454_98","osmType":"way","osmId":1475065231,"sourceRegion":"guangdong","featureType":"infrastructure","railClass":"minor","mode":"rail","name":"未命名","service":"siding","status":"operational","color":"#52636F","dataOrigin":"datum-2026-08-01","sourceKey":"way:1475065231"}},{"type":"Feature","geometry":{"type":"LineString","coordinates":[[113.5672867,24.7192893],[113.5676517,24.7192713],[113.5709976,24.7195944],[113.5711367,24.7196043]]},"properties":{"key":"way:1475065232@detail:454_98","osmType":"way","osmId":1475065232,"sourceRegion":"guangdong","featureType":"infrastructure","railClass":"minor","mode":"rail","name":"未命名","service":"siding","status":"operational","color":"#52636F","dataOrigin":"datum-2026-08-01","sourceKey":"way:1475065232"}},{"type":"Feature","geometry":{"type":"LineString","coordinates":[[113.569275,24.7219631],[113.5694165,24.7220091],[113.5696465,24.7220606],[113.5699049,24.7221056],[113.5700942,24.7221216],[113.5702765,24.7221184],[113.5705136,24.7221056],[113.5707507,24.7220799],[113.5709525,24.7220445],[113.5711648,24.7219995],[113.5714599,24.7219081],[113.571678,24.7218488]]},"properties":{"key":"way:1475065234@detail:454_98","osmType":"way","osmId":1475065234,"sourceRegion":"guangdong","featureType":"infrastructure","railClass":"minor","mode":"rail","name":"未命名","service":"spur","status":"operational","color":"#52636F","dataOrigin":"datum-2026-08-01","sourceKey":"way:1475065234"}},{"type":"Feature","geometry":{"type":"LineString","coordinates":[[113.5665086,24.7203767],[113.5668865,24.7206448],[113.5670632,24.7207548],[113.5674239,24.72099],[113.5675163,24.7210462],[113.5677633,24.7211964],[113.5682698,24.7215044],[113.5685684,24.7216742],[113.5688454,24.7218048],[113.5689828,24.7218624]]},"properties":{"key":"way:1475065235@detail:454_98","osmType":"way","osmId":1475065235,"sourceRegion":"guangdong","featureType":"infrastructure","railClass":"minor","mode":"rail","name":"未命名","service":"spur","status":"operational","color":"#52636F","dataOrigin":"datum-2026-08-01","sourceKey":"way:1475065235"}},{"type":"Feature","geometry":{"type":"LineString","coordinates":[[113.5689828,24.7218624],[113.569275,24.7219631]]},"properties":{"key":"way:1475065236@detail:454_98","osmType":"way","osmId":1475065236,"sourceRegion":"guangdong","featureType":"infrastructure","railClass":"minor","mode":"rail","name":"未命名","service":"spur","bridge":"yes","status":"operational","color":"#52636F","dataOrigin":"datum-2026-08-01","sourceKey":"way:1475065236"}},{"type":"Feature","geometry":{"type":"LineString","coordinates":[[113.571678,24.7218488],[113.5720738,24.7217341],[113.5721764,24.7217108],[113.5722524,24.7216971],[113.5723748,24.7216822],[113.5725573,24.7216721],[113.575311,24.7216476],[113.5767996,24.7216416]]},"properties":{"key":"way:1475065237@detail:454_98","osmType":"way","osmId":1475065237,"sourceRegion":"guangdong","featureType":"infrastructure","railClass":"minor","mode":"rail","name":"未命名","service":"siding","status":"operational","color":"#52636F","dataOrigin":"datum-2026-08-01","sourceKey":"way:1475065237"}},{"type":"Feature","geometry":{"type":"LineString","coordinates":[[113.576683,24.7215704],[113.576903,24.7215916],[113.5770927,24.72161]]},"properties":{"key":"way:1528000454@detail:454_98","osmType":"way","osmId":1528000454,"sourceRegion":"guangdong","featureType":"infrastructure","railClass":"minor","mode":"rail","name":"未命名","service":"siding","status":"operational","color":"#52636F","dataOrigin":"datum-2026-08-01","sourceKey":"way:1528000454"}},{"type":"Feature","geometry":{"type":"LineString","coordinates":[[113.5747625,24.7216108],[113.575311,24.7216476]]},"properties":{"key":"way:1528000455@detail:454_98","osmType":"way","osmId":1528000455,"sourceRegion":"guangdong","featureType":"infrastructure","railClass":"minor","mode":"rail","name":"未命名","service":"siding","status":"operational","color":"#52636F","dataOrigin":"datum-2026-08-01","sourceKey":"way:1528000455"}},{"type":"Feature","geometry":{"type":"LineString","coordinates":[[113.5725595,24.721614],[113.5733114,24.7215905],[113.5762699,24.721571],[113.576683,24.7215704],[113.576903,24.7215722],[113.5785297,24.7216026]]},"properties":{"key":"way:1528000456@detail:454_98","osmType":"way","osmId":1528000456,"sourceRegion":"guangdong","featureType":"infrastructure","railClass":"minor","mode":"rail","name":"未命名","service":"siding","status":"operational","color":"#52636F","dataOrigin":"datum-2026-08-01","sourceKey":"way:1528000456"}},{"type":"Feature","geometry":{"type":"LineString","coordinates":[[113.5769003,24.7196816],[113.5799351,24.7196852]]},"properties":{"key":"way:1528000629@detail:454_98","osmType":"way","osmId":1528000629,"sourceRegion":"guangdong","featureType":"infrastructure","railClass":"minor","mode":"abandoned","name":"未命名","service":"siding","status":"operational","color":"#52636F","dataOrigin":"datum-2026-08-01","sourceKey":"way:1528000629"}},{"type":"Feature","geometry":{"type":"LineString","coordinates":[[113.5769004,24.719728],[113.5799324,24.7197266]]},"properties":{"key":"way:1528000630@detail:454_98","osmType":"way","osmId":1528000630,"sourceRegion":"guangdong","featureType":"infrastructure","railClass":"minor","mode":"abandoned","name":"未命名","service":"siding","status":"operational","color":"#52636F","dataOrigin":"datum-2026-08-01","sourceKey":"way:1528000630"}},{"type":"Feature","geometry":{"type":"LineString","coordinates":[[113.5760419,24.7196806],[113.5765958,24.7197281]]},"properties":{"key":"way:1528000631@detail:454_98","osmType":"way","osmId":1528000631,"sourceRegion":"guangdong","featureType":"infrastructure","railClass":"minor","mode":"rail","name":"未命名","service":"siding","status":"operational","color":"#52636F","dataOrigin":"datum-2026-08-01","sourceKey":"way:1528000631"}},{"type":"Feature","geometry":{"type":"LineString","coordinates":[[113.5742073,24.7196784],[113.5747088,24.719729]]},"properties":{"key":"way:1528000632@detail:454_98","osmType":"way","osmId":1528000632,"sourceRegion":"guangdong","featureType":"infrastructure","railClass":"minor","mode":"rail","name":"未命名","service":"siding","status":"operational","color":"#52636F","dataOrigin":"datum-2026-08-01","sourceKey":"way:1528000632"}},{"type":"Feature","geometry":{"type":"LineString","coordinates":[[113.571678,24.7218488],[113.5717691,24.7217878],[113.5718729,24.721749],[113.5720605,24.7216815],[113.5721702,24.7216558],[113.5722445,24.7216397],[113.5723745,24.7216263],[113.5725595,24.721614],[113.5747625,24.7216108],[113.576903,24.7216079],[113.5770927,24.72161],[113.5785882,24.7216343]]},"properties":{"key":"way:1528000633@detail:454_98","osmType":"way","osmId":1528000633,"sourceRegion":"guangdong","featureType":"infrastructure","railClass":"minor","mode":"rail","name":"未命名","service":"siding","status":"operational","color":"#52636F","dataOrigin":"datum-2026-08-01","sourceKey":"way:1528000633"}},{"type":"Feature","geometry":{"type":"LineString","coordinates":[[113.5668865,24.7206448],[113.5674521,24.7210788],[113.5689569,24.7222653]]},"properties":{"key":"way:1528000635@detail:454_98","osmType":"way","osmId":1528000635,"sourceRegion":"guangdong","featureType":"infrastructure","railClass":"minor","mode":"rail","name":"未命名","service":"yard","status":"operational","color":"#52636F","dataOrigin":"datum-2026-08-01","sourceKey":"way:1528000635"}},{"type":"Feature","geometry":{"type":"LineString","coordinates":[[113.570563,24.7236195],[113.57022,24.723405],[113.5700378,24.723291],[113.5698479,24.7231654],[113.569445,24.7228988],[113.5692774,24.7227782],[113.5688227,24.722403],[113.5676372,24.7214735],[113.5672832,24.7211836],[113.5669157,24.7208108],[113.5666823,24.7205769],[113.5664651,24.7203747],[113.5663524,24.720237]]},"properties":{"key":"way:1528000636@detail:454_98","osmType":"way","osmId":1528000636,"sourceRegion":"guangdong","featureType":"infrastructure","railClass":"minor","mode":"rail","name":"未命名","service":"yard","status":"operational","color":"#52636F","dataOrigin":"datum-2026-08-01","sourceKey":"way:1528000636"}},{"type":"Feature","geometry":{"type":"LineString","coordinates":[[113.5698479,24.7231654],[113.5693082,24.7227477],[113.5688576,24.7223689],[113.5669157,24.7208108]]},"properties":{"key":"way:1528000637@detail:454_98","osmType":"way","osmId":1528000637,"sourceRegion":"guangdong","featureType":"infrastructure","railClass":"minor","mode":"rail","name":"未命名","service":"yard","status":"operational","color":"#52636F","dataOrigin":"datum-2026-08-01","sourceKey":"way:1528000637"}},{"type":"Feature","geometry":{"type":"LineString","coordinates":[[113.57022,24.723405],[113.5693391,24.7227063],[113.5688898,24.7223384],[113.5666823,24.7205769]]},"properties":{"key":"way:1528000638@detail:454_98","osmType":"way","osmId":1528000638,"sourceRegion":"guangdong","featureType":"infrastructure","railClass":"minor","mode":"rail","name":"未命名","service":"yard","status":"operational","color":"#52636F","dataOrigin":"datum-2026-08-01","sourceKey":"way:1528000638"}},{"type":"Feature","geometry":{"type":"LineString","coordinates":[[113.5710624,24.7238928],[113.5708384,24.723665],[113.570656,24.7235128],[113.5690118,24.7221728],[113.5677633,24.7211964]]},"properties":{"key":"way:1528000639@detail:454_98","osmType":"way","osmId":1528000639,"sourceRegion":"guangdong","featureType":"infrastructure","railClass":"minor","mode":"rail","name":"未命名","service":"yard","status":"operational","color":"#52636F","dataOrigin":"datum-2026-08-01","sourceKey":"way:1528000639"}},{"type":"Feature","geometry":{"type":"LineString","coordinates":[[113.5712941,24.7241402],[113.5710624,24.7238928],[113.5706185,24.7235469],[113.568985,24.7222142],[113.5675163,24.7210462]]},"properties":{"key":"way:1528000640@detail:454_98","osmType":"way","osmId":1528000640,"sourceRegion":"guangdong","featureType":"infrastructure","railClass":"minor","mode":"rail","name":"未命名","service":"yard","status":"operational","color":"#52636F","dataOrigin":"datum-2026-08-01","sourceKey":"way:1528000640"}},{"type":"Feature","geometry":{"type":"LineString","coordinates":[[113.5718857,24.7246824],[113.5716283,24.7244069],[113.5712941,24.7241402],[113.5711428,24.7240195],[113.5705769,24.723581],[113.5689569,24.7222653]]},"properties":{"key":"way:1528000641@detail:454_98","osmType":"way","osmId":1528000641,"sourceRegion":"guangdong","featureType":"infrastructure","railClass":"minor","mode":"rail","name":"未命名","service":"yard","status":"operational","color":"#52636F","dataOrigin":"datum-2026-08-01","sourceKey":"way:1528000641"}}]}