{"type":"FeatureCollection","features":[{"type":"Feature","geometry":{"type":"Point","coordinates":[113.5396497,22.1410194]},"properties":{"key":"node:2936895090","osmType":"node","osmId":2936895090,"sourceRegion":"macau","featureType":"station","railClass":"station","mode":"station","name":"横琴","nameEn":"Hengqin","operator":"CRH","status":"operational","color":"#126d75","sourceKey":"node:2936895090","stationGroup":"横琴","hasOperationalRail":true,"hasConstructionRail":false}},{"type":"Feature","geometry":{"type":"Point","coordinates":[113.529214,22.1979405]},"properties":{"key":"node:2936895093","osmType":"node","osmId":2936895093,"sourceRegion":"macau","featureType":"station","railClass":"station","mode":"station","name":"湾仔北","nameEn":"Wanzaibei (Out of Service)","operator":"CRH","status":"operational","color":"#126d75","sourceKey":"node:2936895093","stationGroup":"湾仔北","hasOperationalRail":true,"hasConstructionRail":false}},{"type":"Feature","geometry":{"type":"Point","coordinates":[113.5156966,22.1755454]},"properties":{"key":"node:2936895096","osmType":"node","osmId":2936895096,"sourceRegion":"macau","featureType":"station","railClass":"station","mode":"station","name":"十字门","nameEn":"Shizimen","operator":"CRH","status":"operational","color":"#126d75","sourceKey":"node:2936895096","stationGroup":"十字门","hasOperationalRail":true,"hasConstructionRail":false}},{"type":"Feature","geometry":{"type":"Point","coordinates":[113.554546,22.1508702]},"properties":{"key":"node:7051540683","osmType":"node","osmId":7051540683,"sourceRegion":"macau","featureType":"station","railClass":"light_rail","mode":"light_rail","name":"排角","nameEn":"Pai Kok","ref":"ST16","operator":"港鐵軌道營運（澳門） MTR Operações Ferroviárias (Macau)","status":"operational","color":"#126d75","sourceKey":"node:7051540683","stationGroup":"排角","hasOperationalRail":true,"hasConstructionRail":false}},{"type":"Feature","geometry":{"type":"Point","coordinates":[113.5706473,22.1530793]},"properties":{"key":"node:7051569786","osmType":"node","osmId":7051569786,"sourceRegion":"macau","featureType":"station","railClass":"light_rail","mode":"light_rail","name":"科大","nameEn":"MUST","ref":"ST21","operator":"港鐵軌道營運（澳門） MTR Operações Ferroviárias (Macau)","status":"operational","color":"#126d75","sourceKey":"node:7051569786","stationGroup":"科大","hasOperationalRail":true,"hasConstructionRail":false}},{"type":"Feature","geometry":{"type":"Point","coordinates":[113.5691205,22.1482642]},"properties":{"key":"node:7051569789","osmType":"node","osmId":7051569789,"sourceRegion":"macau","featureType":"station","railClass":"light_rail","mode":"light_rail","name":"路凼东","nameEn":"Cotai East","ref":"ST20","operator":"港鐵軌道營運（澳門） MTR Operações Ferroviárias (Macau)","status":"operational","color":"#126d75","sourceKey":"node:7051569789","stationGroup":"路凼东","hasOperationalRail":true,"hasConstructionRail":false}},{"type":"Feature","geometry":{"type":"Point","coordinates":[113.5686363,22.1424123]},"properties":{"key":"node:7051569792","osmType":"node","osmId":7051569792,"sourceRegion":"macau","featureType":"station","railClass":"light_rail","mode":"light_rail","name":"东亚运","nameEn":"East Asian Games","ref":"ST19","operator":"港鐵軌道營運（澳門） MTR Operações Ferroviárias (Macau)","status":"operational","color":"#126d75","sourceKey":"node:7051569792","stationGroup":"东亚运","hasOperationalRail":true,"hasConstructionRail":false}},{"type":"Feature","geometry":{"type":"Point","coordinates":[113.5598134,22.1395199]},"properties":{"key":"node:7051569795","osmType":"node","osmId":7051569795,"sourceRegion":"macau","featureType":"station","railClass":"light_rail","mode":"light_rail","name":"莲花","nameEn":"Lotus","ref":"ST18","operator":"港鐵軌道營運（澳門） MTR Operações Ferroviárias (Macau)","status":"operational","color":"#126d75","sourceKey":"node:7051569795","stationGroup":"莲花","hasOperationalRail":true,"hasConstructionRail":false}},{"type":"Feature","geometry":{"type":"Point","coordinates":[113.5578552,22.145089]},"properties":{"key":"node:7051569798","osmType":"node","osmId":7051569798,"sourceRegion":"macau","featureType":"station","railClass":"light_rail","mode":"light_rail","name":"路凼西","nameEn":"Cotai West","ref":"ST17","operator":"港鐵軌道營運（澳門） MTR Operações Ferroviárias (Macau)","status":"operational","color":"#126d75","sourceKey":"node:7051569798","stationGroup":"路凼西","hasOperationalRail":true,"hasConstructionRail":false}},{"type":"Feature","geometry":{"type":"Point","coordinates":[113.5518827,22.154363]},"properties":{"key":"node:7051569801","osmType":"node","osmId":7051569801,"sourceRegion":"macau","featureType":"station","railClass":"light_rail","mode":"light_rail","name":"运动场","nameEn":"Stadium Station","ref":"ST15","operator":"港鐵軌道營運（澳門） MTR Operações Ferroviárias (Macau)","status":"operational","color":"#126d75","sourceKey":"node:7051569801","stationGroup":"运动场","hasOperationalRail":true,"hasConstructionRail":false}},{"type":"Feature","geometry":{"type":"Point","coordinates":[113.5472418,22.1570993]},"properties":{"key":"node:7051569804","osmType":"node","osmId":7051569804,"sourceRegion":"macau","featureType":"station","railClass":"light_rail","mode":"light_rail","name":"马会","nameEn":"Jockey Club","ref":"ST14","operator":"港鐵軌道營運（澳門） MTR Operações Ferroviárias (Macau)","status":"operational","color":"#126d75","sourceKey":"node:7051569804","stationGroup":"马会","hasOperationalRail":true,"hasConstructionRail":false}},{"type":"Feature","geometry":{"type":"Point","coordinates":[113.5746484,22.1594033]},"properties":{"key":"node:7051569807","osmType":"node","osmId":7051569807,"sourceRegion":"macau","featureType":"station","railClass":"light_rail","mode":"light_rail","name":"机场","nameEn":"Airport","ref":"ST22","operator":"港鐵軌道營運（澳門） MTR Operações Ferroviárias (Macau)","status":"operational","color":"#126d75","sourceKey":"node:7051569807","stationGroup":"机场","hasOperationalRail":true,"hasConstructionRail":false}},{"type":"Feature","geometry":{"type":"Point","coordinates":[113.5738656,22.1630091]},"properties":{"key":"node:7051569810","osmType":"node","osmId":7051569810,"sourceRegion":"macau","featureType":"station","railClass":"light_rail","mode":"light_rail","name":"凼仔码头","nameEn":"Taipa Ferry Terminal","ref":"ST23","operator":"港鐵軌道營運（澳門） MTR Operações Ferroviárias (Macau)","status":"operational","color":"#126d75","sourceKey":"node:7051569810","stationGroup":"凼仔码头","hasOperationalRail":true,"hasConstructionRail":false}},{"type":"Feature","geometry":{"type":"Point","coordinates":[113.5412974,22.1578433]},"properties":{"key":"node:7051569813","osmType":"node","osmId":7051569813,"sourceRegion":"macau","featureType":"station","railClass":"light_rail","mode":"light_rail","name":"海洋","nameEn":"Ocean","ref":"ST13","operator":"港鐵軌道營運（澳門） MTR Operações Ferroviárias (Macau)","status":"operational","color":"#126d75","sourceKey":"node:7051569813","stationGroup":"海洋","hasOperationalRail":true,"hasConstructionRail":false}},{"type":"Feature","geometry":{"type":"Point","coordinates":[113.5439406,22.2180959]},"properties":{"key":"node:7710011713","osmType":"node","osmId":7710011713,"sourceRegion":"macau","featureType":"station","railClass":"station","mode":"station","name":"珠海","nameEn":"Zhuhai","operator":"中国铁路广州局","status":"operational","color":"#126d75","sourceKey":"node:7710011713","stationGroup":"珠海","hasOperationalRail":true,"hasConstructionRail":false}},{"type":"Feature","geometry":{"type":"Point","coordinates":[113.5205738,22.2373748]},"properties":{"key":"node:7710011714","osmType":"node","osmId":7710011714,"sourceRegion":"macau","featureType":"station","railClass":"station","mode":"station","name":"前山","nameEn":"Qianshan","status":"operational","color":"#126d75","sourceKey":"node:7710011714","stationGroup":"前山","hasOperationalRail":true,"hasConstructionRail":false}},{"type":"Feature","geometry":{"type":"Point","coordinates":[113.5360576,22.1071541]},"properties":{"key":"node:8401353562","osmType":"node","osmId":8401353562,"sourceRegion":"macau","featureType":"station","railClass":"station","mode":"station","name":"珠海长隆","nameEn":"Zhuhaichanglong","operator":"CRH","status":"operational","color":"#126d75","sourceKey":"node:8401353562","stationGroup":"珠海长隆","hasOperationalRail":true,"hasConstructionRail":false}},{"type":"Feature","geometry":{"type":"Point","coordinates":[113.5633229,22.1387063]},"properties":{"key":"node:10132281747","osmType":"node","osmId":10132281747,"sourceRegion":"macau","featureType":"station","railClass":"light_rail","mode":"light_rail","name":"協和医院","nameEn":"Union Hospital","ref":"ST18A","operator":"港鐵軌道營運（澳門）一人有限公司 MTR Operações Ferroviárias (Macau) Sociedade Unipessoal Lda.","network":"澳門輕軌氹仔線、石排灣線","status":"operational","color":"#126d75","sourceKey":"node:10132281747","stationGroup":"協和医院","hasOperationalRail":true,"hasConstructionRail":false}},{"type":"Feature","geometry":{"type":"Point","coordinates":[113.5294126,22.1836681]},"properties":{"key":"node:11401270262","osmType":"node","osmId":11401270262,"sourceRegion":"macau","featureType":"station","railClass":"light_rail","mode":"light_rail","name":"妈阁","nameEn":"Barra","ref":"ST12","status":"operational","color":"#126d75","sourceKey":"node:11401270262","stationGroup":"妈阁","hasOperationalRail":true,"hasConstructionRail":false}},{"type":"Feature","geometry":{"type":"Point","coordinates":[113.5615423,22.1314211]},"properties":{"key":"node:12304462028","osmType":"node","osmId":12304462028,"sourceRegion":"macau","featureType":"station","railClass":"light_rail","mode":"light_rail","name":"石排湾","nameEn":"Seac Pai Van","ref":"SPV","network":"石排灣線 Seac Pai Van Line","status":"operational","color":"#126d75","sourceKey":"node:12304462028","stationGroup":"石排湾","hasOperationalRail":true,"hasConstructionRail":false}},{"type":"Feature","geometry":{"type":"Point","coordinates":[113.5449167,22.1406595]},"properties":{"key":"node:12391564890","osmType":"node","osmId":12391564890,"sourceRegion":"macau","featureType":"station","railClass":"light_rail","mode":"light_rail","name":"横琴","nameEn":"Hengqin","status":"operational","color":"#126d75","sourceKey":"node:12391564890","stationGroup":"横琴","hasOperationalRail":true,"hasConstructionRail":false}},{"type":"Feature","geometry":{"type":"LineString","coordinates":[[113.5214044,22.2365779],[113.5205474,22.2373744],[113.519748,22.2380951]]},"properties":{"key":"way:153688532@detail:454_88","osmType":"way","osmId":153688532,"sourceRegion":"macau","featureType":"infrastructure","railClass":"intercity","mode":"rail","name":"广珠城际线","nameEn":"Guangzhou–Zhuhai Intercity Railway","ref":"3016","operator":"中国铁路广州局集团有限公司","usage":"main","highspeed":"yes","tunnel":"building_passage","bridge":"viaduct","status":"operational","color":"#1687A7","sourceKey":"way:153688532"}},{"type":"Feature","geometry":{"type":"LineString","coordinates":[[113.5197739,22.2381177],[113.5205771,22.2374003],[113.5214448,22.2366119]]},"properties":{"key":"way:153688536@detail:454_88","osmType":"way","osmId":153688536,"sourceRegion":"macau","featureType":"infrastructure","railClass":"intercity","mode":"rail","name":"广珠城际线","nameEn":"Guangzhou–Zhuhai Intercity Railway","ref":"3016","operator":"中国铁路广州局集团有限公司","usage":"main","highspeed":"yes","tunnel":"building_passage","bridge":"viaduct","status":"operational","color":"#1687A7","sourceKey":"way:153688536"}},{"type":"Feature","geometry":{"type":"LineString","coordinates":[[113.5163035,22.2432248],[113.5161621,22.2444641],[113.5160098,22.245855],[113.5158398,22.2473712],[113.5157092,22.2485395],[113.5156424,22.2491347],[113.5155719,22.249789],[113.5155596,22.2499184],[113.51555017062908,22.25]]},"properties":{"key":"way:165635911@detail:454_88","osmType":"way","osmId":165635911,"sourceRegion":"macau","featureType":"infrastructure","railClass":"intercity","mode":"rail","name":"广珠城际线","nameEn":"Guangzhou–Zhuhai Intercity Railway","ref":"3016","operator":"中国铁路广州局集团有限公司","usage":"main","highspeed":"yes","bridge":"viaduct","status":"operational","color":"#1687A7","sourceKey":"way:165635911"}},{"type":"Feature","geometry":{"type":"LineString","coordinates":[[113.5461682,22.2179696],[113.5439493,22.218],[113.541531,22.218029]]},"properties":{"key":"way:165636516@detail:454_88","osmType":"way","osmId":165636516,"sourceRegion":"macau","featureType":"infrastructure","railClass":"intercity","mode":"rail","name":"广珠城际线","nameEn":"Guangzhou–Zhuhai Intercity Railway","ref":"3016","usage":"main","highspeed":"yes","bridge":"yes","status":"operational","color":"#1687A7","sourceKey":"way:165636516"}},{"type":"Feature","geometry":{"type":"LineString","coordinates":[[113.5415601,22.1569448],[113.5414545,22.1571833],[113.5414023,22.1573291],[113.5413383,22.157496],[113.541162,22.1580596],[113.5411344,22.1581548],[113.5410777,22.1583404],[113.5409657,22.158704],[113.5409086,22.1589511],[113.5408204,22.1593249],[113.5407497,22.1596526],[113.5407338,22.1597716],[113.5406974,22.1600039],[113.5406639,22.1602462],[113.5406392,22.1604641],[113.5406129,22.1607355]]},"properties":{"key":"way:277071239@detail:454_88","osmType":"way","osmId":277071239,"sourceRegion":"macau","featureType":"infrastructure","railClass":"light_rail","mode":"light_rail","name":"澳门轻轨凼仔线","nameEn":"Taipa Line of Macao LRT","usage":"main","status":"operational","color":"#52636f","sourceKey":"way:277071239"}},{"type":"Feature","geometry":{"type":"LineString","coordinates":[[113.5461589,22.2178162],[113.5439512,22.217855],[113.5419017,22.2178862],[113.5416985,22.2178931],[113.5415013,22.2179099]]},"properties":{"key":"way:282682469@detail:454_88","osmType":"way","osmId":282682469,"sourceRegion":"macau","featureType":"infrastructure","railClass":"national","mode":"rail","name":"未命名","usage":"main","bridge":"yes","status":"operational","color":"#E54848","sourceKey":"way:282682469"}},{"type":"Feature","geometry":{"type":"LineString","coordinates":[[113.5415013,22.2179099],[113.5409516,22.2179598],[113.5407915,22.2179704],[113.54063,22.2179773],[113.5404718,22.2179736],[113.5402682,22.2179631],[113.540051,22.2179332]]},"properties":{"key":"way:282682470@detail:454_88","osmType":"way","osmId":282682470,"sourceRegion":"macau","featureType":"infrastructure","railClass":"national","mode":"rail","name":"珠海联络线","ref":"6718","usage":"main","bridge":"yes","status":"operational","color":"#E54848","sourceKey":"way:282682470"}},{"type":"Feature","geometry":{"type":"LineString","coordinates":[[113.5407729,22.2180146],[113.5415023,22.2179485],[113.5417028,22.2179315],[113.541905,22.217926],[113.5439534,22.217894],[113.546157,22.217853]]},"properties":{"key":"way:282682471@detail:454_88","osmType":"way","osmId":282682471,"sourceRegion":"macau","featureType":"infrastructure","railClass":"minor","mode":"rail","name":"未命名","service":"siding","bridge":"yes","status":"operational","color":"#52636f","sourceKey":"way:282682471"}},{"type":"Feature","geometry":{"type":"LineString","coordinates":[[113.5407622,22.2181135],[113.5415529,22.2181674],[113.541781,22.2181799],[113.5439591,22.2181639],[113.5461751,22.2181397]]},"properties":{"key":"way:282682472@detail:454_88","osmType":"way","osmId":282682472,"sourceRegion":"macau","featureType":"infrastructure","railClass":"intercity","mode":"rail","name":"广珠城际铁路","nameEn":"Guangzhou–Zhuhai Intercity Railway","service":"siding","bridge":"yes","status":"operational","color":"#1687A7","sourceKey":"way:282682472"}},{"type":"Feature","geometry":{"type":"LineString","coordinates":[[113.5360367,22.1071931],[113.5323614,22.1054977],[113.531383,22.1051174],[113.5305486,22.1048218],[113.5296674,22.1046012],[113.5289089,22.1044516],[113.5282093,22.1043536],[113.5272671,22.1042852],[113.5260838,22.104231],[113.5251216,22.104216],[113.5239591,22.1042146],[113.5229501,22.1042719],[113.5218561,22.1043899],[113.5206586,22.1045912],[113.5196108,22.1047973],[113.5187129,22.1050634],[113.5177172,22.1054409],[113.516774,22.1058731],[113.5025725,22.1138778],[113.501924,22.1142102],[113.5009917,22.1145888],[113.5,22.114910033510736]]},"properties":{"key":"way:290155015@detail:454_88","osmType":"way","osmId":290155015,"sourceRegion":"macau","featureType":"infrastructure","railClass":"intercity","mode":"rail","name":"珠机城际线","nameEn":"Zhuhai-Zhuhai Airport Intercity Railway","ref":"0711","usage":"main","tunnel":"yes","status":"operational","color":"#4B78B7","sourceKey":"way:290155015"}},{"type":"Feature","geometry":{"type":"LineString","coordinates":[[113.5692978,22.1500698],[113.5692036,22.150028],[113.5691245,22.1499833],[113.5690601,22.1499374],[113.5690118,22.1498902],[113.5689528,22.1498181],[113.5689139,22.1497548],[113.5688844,22.149674],[113.568867,22.1496032],[113.5688657,22.1495337],[113.568871,22.1494517],[113.5688888,22.1493608],[113.5689823,22.1490353],[113.5690359,22.1488439],[113.5690668,22.148721],[113.5690963,22.1485794],[113.5691472,22.1482925],[113.5691767,22.1480608],[113.5692129,22.1477757],[113.5692211,22.1475848],[113.5692344,22.1472466],[113.5692344,22.1470193],[113.5692344,22.146895],[113.5692304,22.1466789],[113.569217,22.1465199],[113.5691848,22.1461758],[113.5691486,22.1458156],[113.5690581,22.1451186],[113.5690118,22.1448368],[113.568926,22.1443064],[113.5688629,22.143884],[113.5687704,22.1432058],[113.5686671,22.1424456],[113.5686258,22.1421687],[113.568592,22.1419425],[113.5685638,22.141709],[113.5685142,22.1411474],[113.5684914,22.1408605],[113.5684593,22.1403301],[113.5684478,22.1401436],[113.5684391,22.1400053],[113.5684264,22.1399162],[113.5684029,22.1398218],[113.5683707,22.1397413],[113.5683204,22.1396395],[113.5682818,22.1395818],[113.568191,22.1394729],[113.5680881,22.1393638],[113.5679751,22.1392718],[113.5675782,22.1389628],[113.5674175,22.1388583],[113.5673343,22.138814],[113.5672166,22.1387585],[113.5670666,22.1387007],[113.5669328,22.1386606],[113.5668003,22.1386279],[113.5666543,22.1386091],[113.5665119,22.1385934],[113.5663715,22.1385903],[113.5662167,22.138596],[113.566029,22.1386078],[113.5658679,22.1386185],[113.5657479,22.1386201],[113.5656014,22.1386305],[113.5654329,22.1386428],[113.565221,22.1386565],[113.5649681,22.1386763],[113.5648244,22.1386926],[113.5647265,22.1387069],[113.5645945,22.1387252],[113.5644853,22.1387378],[113.5643334,22.1387513],[113.5641987,22.1387615],[113.5640671,22.1387661],[113.5639786,22.1387687],[113.5638003,22.1387748],[113.5633088,22.1387569],[113.5630495,22.1387456],[113.5629098,22.1387414],[113.5628078,22.1387375],[113.5625921,22.1387347],[113.5623815,22.1387465],[113.5620997,22.1387674],[113.5615502,22.1388144],[113.5605936,22.1388929],[113.5605037,22.1389102],[113.5604501,22.1389226],[113.5604033,22.1389413],[113.560359,22.1389673],[113.560296,22.1390108],[113.560131,22.1391636],[113.5596556,22.139658],[113.5595329,22.139791],[113.5593728,22.1399513],[113.559295,22.1400134],[113.5592118,22.1400593],[113.5591207,22.1400842],[113.5590155,22.1400989],[113.5588993,22.140109],[113.5582102,22.1401582],[113.5581201,22.1401724],[113.5580142,22.1402034],[113.5579297,22.1402419],[113.5578493,22.1402916],[113.5577996,22.1403326],[113.5577514,22.1403873],[113.5577085,22.1404506],[113.5576857,22.1405055],[113.5576723,22.140568],[113.5576668,22.1406519],[113.5577459,22.1422729],[113.5577433,22.1424183],[113.5577366,22.1425413],[113.5577326,22.1426319],[113.5577273,22.1427227],[113.5577245,22.142822],[113.5577218,22.1429475],[113.5577219,22.143084],[113.5577219,22.1432046],[113.5578317,22.1453186],[113.5578361,22.1454032],[113.5579941,22.1488899],[113.557996,22.1489596],[113.5579968,22.149054],[113.5579865,22.1491594],[113.5579715,22.1492363],[113.5579466,22.1493278],[113.5579202,22.1493979],[113.5578733,22.1494907],[113.5578248,22.1495688],[113.5577669,22.14965],[113.5576925,22.1497365],[113.557574,22.1498475],[113.5574895,22.1499102],[113.5574227,22.1499465],[113.5573086,22.1499997],[113.557213,22.1500306],[113.5570903,22.1500604],[113.5568213,22.1501099],[113.5566175,22.1501472],[113.5563856,22.1502006],[113.5561663,22.1502557],[113.5559153,22.1503269],[113.5556818,22.1503969],[113.5555765,22.150431],[113.5554517,22.1504757],[113.5552636,22.1505479],[113.5549541,22.1506659],[113.5543084,22.1509328],[113.5537817,22.1511504],[113.5517138,22.152008],[113.5515811,22.1520814],[113.5514622,22.1521727],[113.5513597,22.1522799],[113.5512762,22.1524004],[113.5512458,22.1524639],[113.5512136,22.1525312],[113.5511734,22.1526694],[113.5511565,22.1528117],[113.5511634,22.1529547],[113.5511938,22.1530951]]},"properties":{"key":"way:388893284@detail:454_88","osmType":"way","osmId":388893284,"sourceRegion":"macau","featureType":"infrastructure","railClass":"light_rail","mode":"light_rail","name":"澳门轻轨凼仔线","nameEn":"Taipa Line of Macao LRT","usage":"main","bridge":"viaduct","status":"operational","color":"#52636f","sourceKey":"way:388893284"}},{"type":"Feature","geometry":{"type":"LineString","coordinates":[[113.5381594,22.2171491],[113.5378848,22.2170176],[113.5374046,22.2168256],[113.5352031,22.2159373]]},"properties":{"key":"way:402864172@detail:454_88","osmType":"way","osmId":402864172,"sourceRegion":"macau","featureType":"infrastructure","railClass":"minor","mode":"rail","name":"未命名","service":"yard","bridge":"yes","status":"operational","color":"#52636f","sourceKey":"way:402864172"}},{"type":"Feature","geometry":{"type":"LineString","coordinates":[[113.541531,22.218029],[113.5403211,22.218046],[113.5399126,22.2180554],[113.5390989,22.2180669],[113.5384778,22.2180796],[113.5383568,22.2180829],[113.5382214,22.2180927],[113.5381076,22.2181041],[113.5378674,22.2181344],[113.5377038,22.2181672],[113.5375383,22.2182058],[113.5374175,22.2182401],[113.5372853,22.2182839],[113.5371489,22.2183291],[113.5370426,22.2183698],[113.5368763,22.2184453],[113.5367586,22.2185017],[113.5366022,22.2185895],[113.5364923,22.2186591],[113.5363833,22.2187379],[113.5362181,22.2188685],[113.5360972,22.2189694],[113.535971,22.2190909],[113.5358529,22.2192136],[113.5357971,22.2192734],[113.5356995,22.219387],[113.5355541,22.2195629]]},"properties":{"key":"way:402864176@detail:454_88","osmType":"way","osmId":402864176,"sourceRegion":"macau","featureType":"infrastructure","railClass":"intercity","mode":"rail","name":"广珠城际线","nameEn":"Guangzhou–Zhuhai Intercity Railway","ref":"3016","usage":"main","highspeed":"yes","bridge":"yes","status":"operational","color":"#1687A7","sourceKey":"way:402864176"}},{"type":"Feature","geometry":{"type":"LineString","coordinates":[[113.5355848,22.2195823],[113.5357219,22.2194103],[113.5358205,22.2193007],[113.5358827,22.2192298],[113.535998,22.2191148],[113.5361227,22.2189968],[113.5362435,22.2188951],[113.5364004,22.2187721],[113.536513,22.2186927],[113.5366354,22.2186201],[113.5367797,22.2185347],[113.5368984,22.2184776],[113.5370654,22.2184056],[113.5371659,22.2183649],[113.5372987,22.2183187],[113.5374288,22.2182769],[113.5375483,22.2182406],[113.5377158,22.2182008],[113.5378751,22.2181721],[113.538099,22.2181436],[113.5382252,22.2181299],[113.5383474,22.2181212],[113.5384885,22.218116],[113.5390962,22.2181075],[113.5399132,22.2181001],[113.5403145,22.2180869],[113.5415372,22.2180729],[113.5439519,22.2180396],[113.5461695,22.2180152]]},"properties":{"key":"way:402864182@detail:454_88","osmType":"way","osmId":402864182,"sourceRegion":"macau","featureType":"infrastructure","railClass":"intercity","mode":"rail","name":"广珠城际线","nameEn":"Guangzhou–Zhuhai Intercity Railway","ref":"3016","usage":"main","highspeed":"yes","bridge":"yes","status":"operational","color":"#1687A7","sourceKey":"way:402864182"}},{"type":"Feature","geometry":{"type":"LineString","coordinates":[[113.5403145,22.2180869],[113.5405587,22.2181014],[113.5407622,22.2181135],[113.5414337,22.2181965],[113.5417784,22.2182239],[113.5439563,22.2182015],[113.5461747,22.2181779]]},"properties":{"key":"way:402864185@detail:454_88","osmType":"way","osmId":402864185,"sourceRegion":"macau","featureType":"infrastructure","railClass":"intercity","mode":"rail","name":"广珠城际铁路","nameEn":"Guangzhou–Zhuhai Intercity Railway","service":"siding","highspeed":"yes","bridge":"yes","status":"operational","color":"#1687A7","sourceKey":"way:402864185"}},{"type":"Feature","geometry":{"type":"LineString","coordinates":[[113.5406129,22.1607355],[113.5405701,22.1611978],[113.5405572,22.1613896],[113.540533,22.1616013],[113.5404954,22.1618701],[113.5404466,22.1621739],[113.5404185,22.1623447],[113.5403659,22.1626239],[113.5402831,22.1629911],[113.540079,22.1638134],[113.5397679,22.1648798]]},"properties":{"key":"way:445281246@detail:454_88","osmType":"way","osmId":445281246,"sourceRegion":"macau","featureType":"infrastructure","railClass":"light_rail","mode":"light_rail","name":"澳门轻轨凼仔线","nameEn":"Taipa Line of Macao LRT","usage":"main","tunnel":"yes","status":"operational","color":"#52636f","sourceKey":"way:445281246"}},{"type":"Feature","geometry":{"type":"LineString","coordinates":[[113.5293547,22.1838859],[113.5294529,22.1828812],[113.5294884,22.1826887],[113.529519,22.182503],[113.5295486,22.1823279],[113.5296069,22.1821717],[113.5296729,22.1820495],[113.5297929,22.1818767],[113.5299383,22.1816853],[113.5300862,22.1815096],[113.5301755,22.1814059],[113.530259,22.1813177],[113.5303323,22.1812407],[113.5305074,22.1810747],[113.53062,22.1809798],[113.530746,22.1808833],[113.5308368,22.1808204],[113.5309223,22.1807676],[113.5310277,22.1807103],[113.531181,22.1806378],[113.531388,22.180564],[113.5316674,22.180466],[113.5317549,22.180428],[113.5318935,22.1803527],[113.5319532,22.1803163],[113.5320081,22.1802726],[113.5320756,22.1802191]]},"properties":{"key":"way:446757088@detail:454_88","osmType":"way","osmId":446757088,"sourceRegion":"macau","featureType":"infrastructure","railClass":"light_rail","mode":"light_rail","name":"澳门轻轨凼仔线","nameEn":"Taipa Line of Macao LRT","usage":"main","tunnel":"yes","status":"operational","color":"#52636f","sourceKey":"way:446757088"}},{"type":"Feature","geometry":{"type":"LineString","coordinates":[[113.5397679,22.1648798],[113.5397122,22.1650393],[113.5395027,22.1655961],[113.5394148,22.1658331]]},"properties":{"key":"way:446757089@detail:454_88","osmType":"way","osmId":446757089,"sourceRegion":"macau","featureType":"infrastructure","railClass":"light_rail","mode":"light_rail","name":"澳門輕軌氹仔線","nameEn":"Taipa Line of Macao LRT","usage":"main","tunnel":"yes","status":"operational","color":"#52636f","sourceKey":"way:446757089"}},{"type":"Feature","geometry":{"type":"LineString","coordinates":[[113.5416549,22.1569646],[113.5418411,22.1565103],[113.541895,22.1564182],[113.5419583,22.1563289],[113.5420361,22.1562515],[113.5421189,22.1561966],[113.5422137,22.1561555],[113.5423281,22.1561285],[113.5424231,22.156124],[113.5425485,22.1561383],[113.5426311,22.1561631],[113.5427049,22.1561953],[113.5427693,22.1562371],[113.542847,22.1563004],[113.5430079,22.1564619],[113.5431045,22.1565613],[113.5431957,22.1566259],[113.5432802,22.156673],[113.5434062,22.1567327],[113.5435363,22.1567799],[113.5436772,22.156832],[113.5438595,22.1568978],[113.5440017,22.15695],[113.5442605,22.1570271],[113.5444228,22.1570606],[113.5445958,22.1570891],[113.5447581,22.1571053],[113.5449298,22.1571177],[113.5451386,22.1571205],[113.545202,22.1571214],[113.5469052,22.1571277],[113.5474858,22.1571283],[113.5475809,22.1571284],[113.5488753,22.1571288],[113.5490476,22.1571275],[113.5492564,22.1571216],[113.549393,22.157115],[113.5498583,22.157082],[113.5508743,22.1570444],[113.5510838,22.1570275],[113.5512909,22.1570005],[113.5514487,22.1569732],[113.5516262,22.1569332],[113.5517928,22.1568881],[113.5519542,22.1568349],[113.5521058,22.1567781],[113.5527653,22.156488],[113.5528367,22.1564495],[113.5528994,22.1564009],[113.5529527,22.1563446],[113.5529951,22.1562809],[113.5530251,22.1562109],[113.5530436,22.1561375],[113.5530478,22.1560623],[113.5530393,22.1559852],[113.5530138,22.1559053],[113.552933,22.1557778],[113.5525158,22.1553908],[113.5524198,22.1552948],[113.5523523,22.1552164],[113.5522951,22.1551373],[113.5522555,22.1550753]]},"properties":{"key":"way:520187034@detail:454_88","osmType":"way","osmId":520187034,"sourceRegion":"macau","featureType":"infrastructure","railClass":"light_rail","mode":"light_rail","name":"澳门轻轨凼仔线","nameEn":"Taipa Line of Macao LRT","usage":"main","bridge":"viaduct","status":"operational","color":"#52636f","sourceKey":"way:520187034"}},{"type":"Feature","geometry":{"type":"LineString","coordinates":[[113.5416549,22.1569646],[113.5414478,22.1575923],[113.5412524,22.1581846],[113.541047,22.1587065],[113.5409865,22.1589032],[113.5409504,22.1590366],[113.5409265,22.1591574],[113.5408896,22.1593837],[113.5408518,22.1595646],[113.540817,22.1597255],[113.5407939,22.1599183],[113.5407772,22.1601155],[113.5407506,22.160385],[113.5407193,22.1607385]]},"properties":{"key":"way:520187042@detail:454_88","osmType":"way","osmId":520187042,"sourceRegion":"macau","featureType":"infrastructure","railClass":"light_rail","mode":"light_rail","name":"澳门轻轨凼仔线","nameEn":"Taipa Line of Macao LRT","usage":"main","status":"operational","color":"#52636f","sourceKey":"way:520187042"}},{"type":"Feature","geometry":{"type":"LineString","coordinates":[[113.5408896,22.1593837],[113.5408577,22.1594591],[113.5408306,22.15951],[113.5408027,22.1595635],[113.5407809,22.159598],[113.5407497,22.1596526]]},"properties":{"key":"way:520187047@detail:454_88","osmType":"way","osmId":520187047,"sourceRegion":"macau","featureType":"infrastructure","railClass":"light_rail","mode":"light_rail","name":"未命名","service":"crossover","status":"operational","color":"#52636f","sourceKey":"way:520187047"}},{"type":"Feature","geometry":{"type":"LineString","coordinates":[[113.5390962,22.2181075],[113.5394854,22.2180827],[113.5399126,22.2180554]]},"properties":{"key":"way:525186751@detail:454_88","osmType":"way","osmId":525186751,"sourceRegion":"macau","featureType":"infrastructure","railClass":"minor","mode":"rail","name":"未命名","service":"crossover","bridge":"yes","status":"operational","color":"#52636f","sourceKey":"way:525186751"}},{"type":"Feature","geometry":{"type":"LineString","coordinates":[[113.5399132,22.2181001],[113.5394854,22.2180827],[113.5390989,22.2180669]]},"properties":{"key":"way:525186756@detail:454_88","osmType":"way","osmId":525186756,"sourceRegion":"macau","featureType":"infrastructure","railClass":"minor","mode":"rail","name":"未命名","service":"crossover","bridge":"yes","status":"operational","color":"#52636f","sourceKey":"way:525186756"}},{"type":"Feature","geometry":{"type":"LineString","coordinates":[[113.51558177038437,22.25],[113.5155998,22.249787],[113.5161971,22.2444707],[113.5163358,22.2432275]]},"properties":{"key":"way:525186762@detail:454_88","osmType":"way","osmId":525186762,"sourceRegion":"macau","featureType":"infrastructure","railClass":"intercity","mode":"rail","name":"广珠城际线","nameEn":"Guangzhou–Zhuhai Intercity Railway","ref":"3016","operator":"中国铁路广州局集团有限公司","usage":"main","highspeed":"yes","bridge":"viaduct","status":"operational","color":"#1687A7","sourceKey":"way:525186762"}},{"type":"Feature","geometry":{"type":"LineString","coordinates":[[113.5741629,22.1508208],[113.5742623,22.1500156],[113.5742851,22.1498069],[113.5743179,22.1497169],[113.5743481,22.1496554],[113.5744828,22.1494514],[113.5751621,22.1484232],[113.5751681,22.1484141],[113.5752559,22.1482801],[113.575936,22.1472394],[113.5761234,22.1469559],[113.5761774,22.1468742],[113.5762122,22.1468159],[113.5762308,22.1467669],[113.5762382,22.1467074],[113.5762326,22.146658],[113.5762243,22.1466196],[113.5762025,22.1465712],[113.5761639,22.1465302],[113.5761155,22.1464885],[113.575877,22.1463599],[113.575842,22.146347],[113.5758083,22.1463404],[113.5757554,22.1463348],[113.5757266,22.1463367],[113.5756716,22.146343],[113.5756208,22.1463588],[113.5755717,22.1463832],[113.5755488,22.1464009],[113.5755109,22.1464395],[113.5752277,22.1468751],[113.5750964,22.1470703],[113.5743736,22.1481676],[113.5743134,22.1482468],[113.5742756,22.148331],[113.5742545,22.1484108],[113.5742102,22.1487721],[113.5741946,22.1489402],[113.5741293,22.1494548],[113.5740732,22.1498964],[113.574001,22.150482],[113.5739796,22.150701],[113.5739653,22.1508022]]},"properties":{"key":"way:541654960@detail:454_88","osmType":"way","osmId":541654960,"sourceRegion":"macau","featureType":"infrastructure","railClass":"light_rail","mode":"light_rail","name":"未命名","service":"yard","status":"operational","color":"#52636f","sourceKey":"way:541654960"}},{"type":"Feature","geometry":{"type":"LineString","coordinates":[[113.5713517,22.1521195],[113.5714923,22.1519451],[113.5720529,22.1513972],[113.5721278,22.1513445],[113.5722052,22.1513085],[113.5723134,22.151283],[113.5723709,22.1512787],[113.5724558,22.1512869],[113.5725346,22.1513011],[113.5726028,22.151329],[113.5731839,22.1515572],[113.5732847,22.151599],[113.5733745,22.1516222],[113.5734708,22.151633],[113.5735524,22.1516392],[113.573634,22.1516303],[113.5737375,22.1515987],[113.5738089,22.1515708],[113.5738946,22.1515231],[113.5739605,22.1514689],[113.5740016,22.1514154],[113.5740428,22.1513619],[113.5740852,22.1512826],[113.5741187,22.1511832],[113.5741375,22.1510876],[113.5741629,22.1508208]]},"properties":{"key":"way:541654961@detail:454_88","osmType":"way","osmId":541654961,"sourceRegion":"macau","featureType":"infrastructure","railClass":"light_rail","mode":"light_rail","name":"未命名","service":"yard","bridge":"viaduct","status":"operational","color":"#52636f","sourceKey":"way:541654961"}},{"type":"Feature","geometry":{"type":"LineString","coordinates":[[113.5729048,22.1633262],[113.5731506,22.1631806]]},"properties":{"key":"way:548115226@detail:454_88","osmType":"way","osmId":548115226,"sourceRegion":"macau","featureType":"infrastructure","railClass":"light_rail","mode":"light_rail","name":"未命名","service":"crossover","bridge":"yes","status":"operational","color":"#52636f","sourceKey":"way:548115226"}},{"type":"Feature","geometry":{"type":"LineString","coordinates":[[113.5719908,22.1634589],[113.5722904,22.1634745]]},"properties":{"key":"way:548115227@detail:454_88","osmType":"way","osmId":548115227,"sourceRegion":"macau","featureType":"infrastructure","railClass":"light_rail","mode":"light_rail","name":"未命名","service":"crossover","bridge":"yes","status":"operational","color":"#52636f","sourceKey":"way:548115227"}},{"type":"Feature","geometry":{"type":"LineString","coordinates":[[113.5736609,22.1514637],[113.5737191,22.151433],[113.5737875,22.1513819],[113.5738447,22.1513168],[113.5738868,22.1512528],[113.5739216,22.1511336],[113.5739378,22.1510453],[113.5739498,22.150941],[113.5739653,22.1508022]]},"properties":{"key":"way:548518813@detail:454_88","osmType":"way","osmId":548518813,"sourceRegion":"macau","featureType":"infrastructure","railClass":"light_rail","mode":"light_rail","name":"未命名","service":"yard","bridge":"yes","status":"operational","color":"#52636f","sourceKey":"way:548518813"}},{"type":"Feature","geometry":{"type":"LineString","coordinates":[[113.5752559,22.1482801],[113.5752824,22.1482058],[113.5753199,22.1480664],[113.5753469,22.14801],[113.5757343,22.1474219],[113.575767,22.1473798],[113.575936,22.1472394]]},"properties":{"key":"way:548518814@detail:454_88","osmType":"way","osmId":548518814,"sourceRegion":"macau","featureType":"infrastructure","railClass":"light_rail","mode":"light_rail","name":"未命名","service":"yard","status":"operational","color":"#52636f","sourceKey":"way:548518814"}},{"type":"Feature","geometry":{"type":"LineString","coordinates":[[113.5758389,22.146565],[113.5745863,22.1484519],[113.5745298,22.1485317],[113.5744971,22.1485758],[113.57446,22.1486184],[113.5743878,22.1486763]]},"properties":{"key":"way:548518815@detail:454_88","osmType":"way","osmId":548518815,"sourceRegion":"macau","featureType":"infrastructure","railClass":"light_rail","mode":"light_rail","name":"未命名","service":"yard","status":"operational","color":"#52636f","sourceKey":"way:548518815"}},{"type":"Feature","geometry":{"type":"LineString","coordinates":[[113.5757992,22.1465411],[113.5745095,22.148496]]},"properties":{"key":"way:548518816@detail:454_88","osmType":"way","osmId":548518816,"sourceRegion":"macau","featureType":"infrastructure","railClass":"light_rail","mode":"light_rail","name":"未命名","service":"yard","status":"operational","color":"#52636f","sourceKey":"way:548518816"}},{"type":"Feature","geometry":{"type":"LineString","coordinates":[[113.5759882,22.1466432],[113.5747848,22.1484665],[113.5747566,22.1485106],[113.5747296,22.148545],[113.5746818,22.1485869],[113.5746136,22.1486393]]},"properties":{"key":"way:548518817@detail:454_88","osmType":"way","osmId":548518817,"sourceRegion":"macau","featureType":"infrastructure","railClass":"light_rail","mode":"light_rail","name":"未命名","service":"yard","status":"operational","color":"#52636f","sourceKey":"way:548518817"}},{"type":"Feature","geometry":{"type":"LineString","coordinates":[[113.5758767,22.146585],[113.574669,22.1484223],[113.5746242,22.148488],[113.5745637,22.1485892]]},"properties":{"key":"way:548518818@detail:454_88","osmType":"way","osmId":548518818,"sourceRegion":"macau","featureType":"infrastructure","railClass":"light_rail","mode":"light_rail","name":"未命名","service":"yard","status":"operational","color":"#52636f","sourceKey":"way:548518818"}},{"type":"Feature","geometry":{"type":"LineString","coordinates":[[113.575952,22.1466245],[113.5747655,22.1484177],[113.5747008,22.14852],[113.574662,22.1485817],[113.5746136,22.1486393]]},"properties":{"key":"way:548518819@detail:454_88","osmType":"way","osmId":548518819,"sourceRegion":"macau","featureType":"infrastructure","railClass":"light_rail","mode":"light_rail","name":"未命名","service":"yard","status":"operational","color":"#52636f","sourceKey":"way:548518819"}},{"type":"Feature","geometry":{"type":"LineString","coordinates":[[113.5757662,22.1465194],[113.5746176,22.1482654],[113.5745974,22.1482993],[113.5745718,22.1483406],[113.5745461,22.1484021],[113.5745095,22.148496]]},"properties":{"key":"way:548518820@detail:454_88","osmType":"way","osmId":548518820,"sourceRegion":"macau","featureType":"infrastructure","railClass":"light_rail","mode":"light_rail","name":"未命名","service":"yard","status":"operational","color":"#52636f","sourceKey":"way:548518820"}},{"type":"Feature","geometry":{"type":"LineString","coordinates":[[113.5740494,22.149429],[113.5740561,22.1495321],[113.5740561,22.1496014],[113.5740467,22.1496473],[113.5740203,22.1497065],[113.5737323,22.1501575]]},"properties":{"key":"way:548518821@detail:454_88","osmType":"way","osmId":548518821,"sourceRegion":"macau","featureType":"infrastructure","railClass":"light_rail","mode":"light_rail","name":"未命名","service":"yard","status":"operational","color":"#52636f","sourceKey":"way:548518821"}},{"type":"Feature","geometry":{"type":"LineString","coordinates":[[113.5740494,22.149429],[113.5740363,22.1495116],[113.5740215,22.1495491],[113.5739952,22.1495927],[113.573661,22.1501229]]},"properties":{"key":"way:548518822@detail:454_88","osmType":"way","osmId":548518822,"sourceRegion":"macau","featureType":"infrastructure","railClass":"light_rail","mode":"light_rail","name":"未命名","service":"yard","status":"operational","color":"#52636f","sourceKey":"way:548518822"}},{"type":"Feature","geometry":{"type":"LineString","coordinates":[[113.5739406,22.1493652],[113.5739256,22.1494269],[113.5739169,22.1494704],[113.5739149,22.1494952],[113.5738949,22.149586],[113.5738662,22.1496392],[113.5735901,22.1500843]]},"properties":{"key":"way:548518823@detail:454_88","osmType":"way","osmId":548518823,"sourceRegion":"macau","featureType":"infrastructure","railClass":"light_rail","mode":"light_rail","name":"未命名","service":"yard","status":"operational","color":"#52636f","sourceKey":"way:548518823"}},{"type":"Feature","geometry":{"type":"LineString","coordinates":[[113.5739406,22.1493652],[113.5735854,22.1499243]]},"properties":{"key":"way:548518824@detail:454_88","osmType":"way","osmId":548518824,"sourceRegion":"macau","featureType":"infrastructure","railClass":"light_rail","mode":"light_rail","name":"未命名","service":"yard","status":"operational","color":"#52636f","sourceKey":"way:548518824"}},{"type":"Feature","geometry":{"type":"LineString","coordinates":[[113.574092,22.148985],[113.5735075,22.1498851]]},"properties":{"key":"way:548518825@detail:454_88","osmType":"way","osmId":548518825,"sourceRegion":"macau","featureType":"infrastructure","railClass":"light_rail","mode":"light_rail","name":"未命名","service":"yard","status":"operational","color":"#52636f","sourceKey":"way:548518825"}},{"type":"Feature","geometry":{"type":"LineString","coordinates":[[113.5738931,22.149153],[113.5738471,22.149206],[113.5738121,22.1492508],[113.5734346,22.1498376]]},"properties":{"key":"way:548518826@detail:454_88","osmType":"way","osmId":548518826,"sourceRegion":"macau","featureType":"infrastructure","railClass":"light_rail","mode":"light_rail","name":"未命名","service":"yard","status":"operational","color":"#52636f","sourceKey":"way:548518826"}},{"type":"Feature","geometry":{"type":"LineString","coordinates":[[113.5738931,22.149153],[113.5736789,22.1493237],[113.5736392,22.1493613],[113.5736062,22.1494121],[113.573363,22.149789]]},"properties":{"key":"way:548518827@detail:454_88","osmType":"way","osmId":548518827,"sourceRegion":"macau","featureType":"infrastructure","railClass":"light_rail","mode":"light_rail","name":"未命名","service":"yard","status":"operational","color":"#52636f","sourceKey":"way:548518827"}},{"type":"Feature","geometry":{"type":"LineString","coordinates":[[113.5745666,22.1480115],[113.5745112,22.1480638],[113.5744594,22.1480955],[113.5744344,22.1481144],[113.5743736,22.1481676]]},"properties":{"key":"way:548518828@detail:454_88","osmType":"way","osmId":548518828,"sourceRegion":"macau","featureType":"infrastructure","railClass":"light_rail","mode":"light_rail","name":"未命名","service":"crossover","status":"operational","color":"#52636f","sourceKey":"way:548518828"}},{"type":"Feature","geometry":{"type":"LineString","coordinates":[[113.5742226,22.1492381],[113.5741293,22.1494548]]},"properties":{"key":"way:548518829@detail:454_88","osmType":"way","osmId":548518829,"sourceRegion":"macau","featureType":"infrastructure","railClass":"light_rail","mode":"light_rail","name":"未命名","service":"crossover","status":"operational","color":"#52636f","sourceKey":"way:548518829"}},{"type":"Feature","geometry":{"type":"LineString","coordinates":[[113.5752277,22.1468751],[113.5752137,22.146921],[113.575189,22.1470456],[113.5751702,22.1470868],[113.5751501,22.147123],[113.5745666,22.1480115],[113.5743697,22.1482985],[113.5743448,22.1483508],[113.5743348,22.1484016],[113.5743312,22.1484369],[113.5742807,22.1488521],[113.5742697,22.1489228],[113.5742451,22.1491178],[113.5742226,22.1492381],[113.5740705,22.1505112],[113.5740604,22.1505435],[113.574045,22.1505783],[113.5740033,22.1506541],[113.5739796,22.150701]]},"properties":{"key":"way:548518830@detail:454_88","osmType":"way","osmId":548518830,"sourceRegion":"macau","featureType":"infrastructure","railClass":"light_rail","mode":"light_rail","name":"未命名","service":"yard","status":"operational","color":"#52636f","sourceKey":"way:548518830"}},{"type":"Feature","geometry":{"type":"LineString","coordinates":[[113.5755524,22.1462482],[113.5751558,22.1468415],[113.5726287,22.1506751]]},"properties":{"key":"way:548518831@detail:454_88","osmType":"way","osmId":548518831,"sourceRegion":"macau","featureType":"infrastructure","railClass":"light_rail","mode":"light_rail","name":"測試線","nameEn":"Test Track","service":"yard","status":"operational","color":"#52636f","sourceKey":"way:548518831"}},{"type":"Feature","geometry":{"type":"LineString","coordinates":[[113.5708021,22.1506761],[113.5710515,22.1507612],[113.5713827,22.1508585],[113.5717702,22.1509307],[113.5720796,22.1510001],[113.5721913,22.1510387],[113.5732873,22.1514776],[113.5734298,22.151503],[113.5735193,22.1515034],[113.5735888,22.1514917],[113.5736609,22.1514637]]},"properties":{"key":"way:552860001@detail:454_88","osmType":"way","osmId":552860001,"sourceRegion":"macau","featureType":"infrastructure","railClass":"light_rail","mode":"light_rail","name":"未命名","service":"yard","bridge":"viaduct","status":"operational","color":"#52636f","sourceKey":"way:552860001"}},{"type":"Feature","geometry":{"type":"LineString","coordinates":[[113.5703551,22.1506066],[113.5704472,22.1506177],[113.5704941,22.1506219],[113.5705424,22.1506248],[113.5706152,22.1506343],[113.5707275,22.1506468]]},"properties":{"key":"way:552860006@detail:454_88","osmType":"way","osmId":552860006,"sourceRegion":"macau","featureType":"infrastructure","railClass":"light_rail","mode":"light_rail","name":"未命名","service":"crossover","bridge":"yes","status":"operational","color":"#52636f","sourceKey":"way:552860006"}},{"type":"Feature","geometry":{"type":"LineString","coordinates":[[113.5710149,22.1524439],[113.5710695,22.1523949],[113.5710916,22.1523757],[113.5711474,22.1523377],[113.5711903,22.1523084],[113.5712166,22.1522871],[113.5712446,22.1522672],[113.5712675,22.152249]]},"properties":{"key":"way:552860009@detail:454_88","osmType":"way","osmId":552860009,"sourceRegion":"macau","featureType":"infrastructure","railClass":"light_rail","mode":"light_rail","name":"未命名","service":"crossover","bridge":"yes","status":"operational","color":"#52636f","sourceKey":"way:552860009"}},{"type":"Feature","geometry":{"type":"LineString","coordinates":[[113.5649681,22.1386763],[113.5650656,22.1386795],[113.5651503,22.1386849],[113.5652162,22.1386969],[113.5652684,22.138707],[113.565344,22.138716],[113.5654053,22.1387204]]},"properties":{"key":"way:552860013@detail:454_88","osmType":"way","osmId":552860013,"sourceRegion":"macau","featureType":"infrastructure","railClass":"light_rail","mode":"light_rail","name":"未命名","service":"crossover","bridge":"yes","status":"operational","color":"#52636f","sourceKey":"way:552860013"}},{"type":"Feature","geometry":{"type":"LineString","coordinates":[[113.5241616,22.2126172],[113.5243482,22.2127967],[113.5245668,22.2129935],[113.5247068,22.2131058],[113.5249015,22.2132503]]},"properties":{"key":"way:554325762@detail:454_88","osmType":"way","osmId":554325762,"sourceRegion":"macau","featureType":"infrastructure","railClass":"intercity","mode":"rail","name":"珠机城际线","nameEn":"Zhuhai-Zhuhai Airport Intercity Railway","ref":"0711","usage":"main","status":"operational","color":"#4B78B7","sourceKey":"way:554325762"}},{"type":"Feature","geometry":{"type":"LineString","coordinates":[[113.5407193,22.1607385],[113.5407016,22.160976],[113.5406765,22.1612407],[113.540642,22.1616508],[113.5406044,22.1619677],[113.5405781,22.162159],[113.5405416,22.1623265],[113.540481,22.1626253],[113.5404063,22.1629624],[113.5401951,22.1638457],[113.5400817,22.1642475],[113.539967,22.1646144],[113.5398732,22.1649097]]},"properties":{"key":"way:579113746@detail:454_88","osmType":"way","osmId":579113746,"sourceRegion":"macau","featureType":"infrastructure","railClass":"light_rail","mode":"light_rail","name":"澳门轻轨凼仔线","nameEn":"Taipa Line of Macao LRT","usage":"main","tunnel":"yes","status":"operational","color":"#52636f","sourceKey":"way:579113746"}},{"type":"Feature","geometry":{"type":"LineString","coordinates":[[113.5249015,22.2132503],[113.5251818,22.2134341],[113.5254534,22.2135756],[113.5257131,22.2136834],[113.5260138,22.2137889],[113.5264192,22.2138947],[113.5267007,22.2139559],[113.5274972,22.2141069],[113.5305664,22.2146885],[113.5315759,22.2148819],[113.5323553,22.2150307],[113.5325981,22.2150845],[113.5329033,22.2151568],[113.5331938,22.2152259],[113.5335272,22.2153224],[113.534038,22.2154698],[113.534285,22.2155509],[113.5346361,22.215676],[113.5350992,22.2158502],[113.5360042,22.2162132],[113.5367623,22.2165138],[113.5374209,22.2167842],[113.538165,22.2170936],[113.5385194,22.2172316],[113.538665,22.217286],[113.5388094,22.2173293],[113.53899,22.2173787],[113.5392268,22.2174282],[113.5393578,22.2174455],[113.5394995,22.2174608],[113.5399826,22.2175044],[113.5407427,22.2175755],[113.5415551,22.217646],[113.5417907,22.2176541],[113.5420374,22.2176593],[113.5427717,22.2176496],[113.5438595,22.2176353]]},"properties":{"key":"way:579283414@detail:454_88","osmType":"way","osmId":579283414,"sourceRegion":"macau","featureType":"infrastructure","railClass":"intercity","mode":"rail","name":"珠机城际线","nameEn":"Zhuhai-Zhuhai Airport Intercity Railway","ref":"0711","usage":"main","bridge":"yes","status":"operational","color":"#4B78B7","sourceKey":"way:579283414"}},{"type":"Feature","geometry":{"type":"LineString","coordinates":[[113.56185,22.1314553],[113.5620436,22.1314478],[113.5621533,22.1314476],[113.5622649,22.1314526],[113.5623584,22.1314671],[113.5624737,22.1314992],[113.5625439,22.131531],[113.5626268,22.1315841],[113.5626758,22.1316171],[113.5627448,22.1316843],[113.5627839,22.1317338],[113.5628204,22.1317879],[113.5628593,22.1318541],[113.5629035,22.1319431],[113.5629321,22.132023],[113.5629461,22.1320974],[113.5631057,22.1353559],[113.5631117,22.1354448],[113.5631124,22.1355354],[113.563108,22.1356226],[113.5631036,22.1357063],[113.5630975,22.1358087],[113.563095,22.1359066],[113.5630974,22.1360023],[113.5631093,22.136231],[113.5631705,22.137114],[113.5632219,22.1379315]]},"properties":{"key":"way:620888026@detail:454_88","osmType":"way","osmId":620888026,"sourceRegion":"macau","featureType":"infrastructure","railClass":"light_rail","mode":"light_rail","name":"澳门轻轨石排湾线","nameEn":"Seac Pai Van Line of Macao LRT","usage":"main","bridge":"yes","status":"operational","color":"#52636f","sourceKey":"way:620888026"}},{"type":"Feature","geometry":{"type":"LineString","coordinates":[[113.5394721,22.1658569],[113.5395984,22.1655721],[113.5397003,22.1653374],[113.539816,22.1650558],[113.5398732,22.1649097]]},"properties":{"key":"way:624638694@detail:454_88","osmType":"way","osmId":624638694,"sourceRegion":"macau","featureType":"infrastructure","railClass":"light_rail","mode":"light_rail","name":"澳門輕軌氹仔線","nameEn":"Taipa Line of Macao LRT","usage":"main","tunnel":"yes","status":"operational","color":"#52636f","sourceKey":"way:624638694"}},{"type":"Feature","geometry":{"type":"LineString","coordinates":[[113.5320756,22.1802191],[113.5321894,22.1801101],[113.5322648,22.1800153],[113.5323194,22.1799294],[113.5323725,22.1798333],[113.5324951,22.179604],[113.5331752,22.1782663],[113.533576,22.1774661],[113.5390055,22.1667272],[113.5390907,22.1665463],[113.5392462,22.1662289],[113.5393386,22.1660124],[113.5394148,22.1658331]]},"properties":{"key":"way:624638696@detail:454_88","osmType":"way","osmId":624638696,"sourceRegion":"macau","featureType":"infrastructure","railClass":"light_rail","mode":"light_rail","name":"澳门轻轨凼仔线","nameEn":"Taipa Line of Macao LRT","usage":"main","bridge":"yes","status":"operational","color":"#52636f","sourceKey":"way:624638696"}},{"type":"Feature","geometry":{"type":"LineString","coordinates":[[113.5321365,22.1802442],[113.5322478,22.1801393],[113.5323276,22.180036],[113.5323805,22.1799514],[113.5324306,22.1798577],[113.5325489,22.1796204],[113.5336246,22.1774992],[113.5390711,22.1667548],[113.5393043,22.1662585],[113.5394013,22.1660379],[113.5394721,22.1658569]]},"properties":{"key":"way:624638697@detail:454_88","osmType":"way","osmId":624638697,"sourceRegion":"macau","featureType":"infrastructure","railClass":"light_rail","mode":"light_rail","name":"澳门轻轨凼仔线","nameEn":"Taipa Line of Macao LRT","usage":"main","bridge":"yes","status":"operational","color":"#52636f","sourceKey":"way:624638697"}},{"type":"Feature","geometry":{"type":"LineString","coordinates":[[113.5321365,22.1802442],[113.5320775,22.1802951],[113.5319923,22.1803602],[113.5319196,22.1804069],[113.5318519,22.1804444],[113.5317403,22.1804988],[113.5316595,22.1805318],[113.5314741,22.1805994],[113.5313078,22.1806572],[113.5311378,22.1807262],[113.531041,22.1807756],[113.5309357,22.1808329],[113.5308149,22.1809108],[113.5306967,22.1810052],[113.5306194,22.1810792],[113.5304753,22.181244],[113.5303357,22.1814108],[113.5301262,22.1816512],[113.530011,22.1817858],[113.5298808,22.1819417],[113.5297813,22.1820963],[113.5296987,22.1822581],[113.5296509,22.1823744],[113.5295842,22.182634],[113.5295482,22.1827727],[113.5295241,22.1828943],[113.5294743,22.1834177]]},"properties":{"key":"way:624638698@detail:454_88","osmType":"way","osmId":624638698,"sourceRegion":"macau","featureType":"infrastructure","railClass":"light_rail","mode":"light_rail","name":"澳门轻轨凼仔线","nameEn":"Taipa Line of Macao LRT","operator":"港鐵","usage":"main","tunnel":"yes","status":"operational","color":"#52636f","sourceKey":"way:624638698"}},{"type":"Feature","geometry":{"type":"LineString","coordinates":[[113.5683901,22.1642961],[113.5682348,22.1643337],[113.5672277,22.164501],[113.5670258,22.1645535],[113.5669263,22.1645868],[113.5666942,22.1646945],[113.5665473,22.1648025],[113.5664579,22.1648874],[113.5664101,22.1649382],[113.5663347,22.1650904],[113.5662922,22.1652065],[113.5662632,22.1653394],[113.5662536,22.1654606],[113.5662607,22.1655928],[113.566276,22.165686],[113.5665212,22.1665983],[113.5665685,22.1667246],[113.566677,22.1668983],[113.5667631,22.1670023],[113.5668434,22.1670814],[113.5669494,22.1671517],[113.5670742,22.1672236],[113.5674033,22.1673383],[113.5678711,22.1674855],[113.5679266,22.1675029],[113.5696278,22.1680382],[113.5700446,22.1681775],[113.5705065,22.1683956],[113.5708015,22.1685731],[113.5711189,22.1688563],[113.5713667,22.1691425],[113.5715976,22.1694405],[113.5717878,22.1697429],[113.5720008,22.1700793],[113.5721494,22.170379],[113.5722855,22.1707594],[113.57235,22.1710383],[113.5723975,22.1714401],[113.5724477,22.1722852],[113.5724059,22.1730196],[113.5722439,22.1743344],[113.5711313,22.1831203],[113.570701,22.1865176],[113.5705828,22.1872359],[113.5704283,22.1878976],[113.5702995,22.1884337],[113.5701166,22.1891998],[113.5699787,22.1896614],[113.5698197,22.1900092],[113.5696576,22.1903639],[113.5694474,22.1907537],[113.5692316,22.1911138],[113.5680908,22.1931668],[113.5678176,22.1936553],[113.5677847,22.1938141],[113.5676966,22.1940907],[113.5676223,22.1942937],[113.5675802,22.1944736],[113.5675595,22.1945968],[113.5675545,22.1947422],[113.5675573,22.1949042],[113.5675708,22.1950536],[113.5675904,22.1952001],[113.5676386,22.1954393],[113.5676824,22.1957025],[113.5676878,22.1958064],[113.5677031,22.1960085],[113.5677092,22.1961456],[113.5677155,22.1963043],[113.5677068,22.1968062],[113.5677063,22.1981445],[113.5676592,22.2004282],[113.5676507,22.20061],[113.5676331,22.2007606],[113.56761,22.2009384],[113.5675541,22.2011863],[113.5674983,22.2013644],[113.5674285,22.2015854],[113.5665062,22.2041992],[113.5663428,22.2046623],[113.5660673,22.2054429],[113.5647892,22.2090651],[113.5646651,22.2093511],[113.5644971,22.2096734],[113.564242,22.210041],[113.5640368,22.210329],[113.5636096,22.2107178],[113.5632661,22.211051],[113.562992,22.211253],[113.5627675,22.2114018],[113.5624588,22.2115791],[113.5619815,22.2118235],[113.5615966,22.2119872],[113.5608365,22.2122449],[113.5594958,22.2127305],[113.5582091,22.2131852],[113.5534192,22.214865],[113.5524401,22.2151638],[113.5522857,22.2152081],[113.5515967,22.2154011]]},"properties":{"key":"way:664335552@detail:454_88","osmType":"way","osmId":664335552,"sourceRegion":"macau","featureType":"infrastructure","railClass":"construction","mode":"construction","name":"澳门轻轨东线 (兴建中)","nameEn":"East Line of Macao LRT (Construction)","usage":"main","tunnel":"yes","status":"construction","color":"#52636f","sourceKey":"way:664335552"}},{"type":"Feature","geometry":{"type":"LineString","coordinates":[[113.5684028,22.1643386],[113.5682611,22.16437],[113.5673299,22.1645299],[113.5671009,22.1645858],[113.5669696,22.1646296],[113.566844,22.1646873],[113.5667102,22.1647606],[113.5665227,22.1649072],[113.5664371,22.1650327],[113.5663633,22.1651871],[113.5663206,22.1653351],[113.5663152,22.1654559],[113.5663143,22.1655721],[113.5663462,22.165747],[113.566585,22.1665894],[113.5666347,22.1667237],[113.5667174,22.166858],[113.5668085,22.1669686],[113.5669482,22.1670837],[113.5671172,22.1671779],[113.5672952,22.1672346],[113.5674311,22.1672694],[113.5679437,22.167389],[113.5699394,22.1680071],[113.5703138,22.168136],[113.5706625,22.1682916],[113.5709411,22.1684613],[113.5711759,22.1686826],[113.5713956,22.1689253],[113.5716038,22.1692344],[113.5718171,22.1695475],[113.5719806,22.169819],[113.572138,22.1701584],[113.5722614,22.1704217],[113.5723419,22.1706552],[113.5724331,22.1710327],[113.5724921,22.1714848],[113.5725296,22.1719418],[113.5725292,22.1725488],[113.5724974,22.1730149],[113.5724281,22.1735863],[113.5723365,22.1743412],[113.5708506,22.1861935],[113.5708076,22.1865363],[113.5707433,22.1869238],[113.5706145,22.1875],[113.5704647,22.1881598],[113.57029,22.1888917],[113.5701098,22.1896335],[113.5700133,22.1898815],[113.5698651,22.1901916],[113.5697651,22.1903925],[113.5696008,22.1907191],[113.5693781,22.1910655],[113.5682417,22.1932355],[113.5679694,22.1937082],[113.567813,22.1939735],[113.5676989,22.1942077],[113.5676321,22.1944337],[113.5676067,22.1946397],[113.5676032,22.1948753],[113.5676184,22.1950249],[113.5676563,22.1952409],[113.5676844,22.1954139],[113.5677172,22.195635],[113.5677789,22.1960036],[113.5677936,22.1961328],[113.5678202,22.1962728],[113.5678419,22.196606],[113.5678479,22.1968228],[113.5678619,22.197154],[113.5678598,22.1981425],[113.5678148,22.2003462],[113.5678061,22.2005579],[113.567793,22.2007495],[113.5677596,22.2009927],[113.5677263,22.201166],[113.5676619,22.201402],[113.5676056,22.2016028],[113.5666829,22.204231],[113.5665185,22.2046997],[113.5662434,22.2054837],[113.5649287,22.209229],[113.5648418,22.2094358],[113.5647036,22.2096719],[113.5644957,22.2099675],[113.5642657,22.2102442],[113.5638312,22.2106564],[113.5635553,22.2109359],[113.5633764,22.2111069],[113.5630885,22.2113295],[113.5627128,22.2115703],[113.5623014,22.2117732],[113.5616701,22.2120592],[113.560618,22.2124416],[113.5594966,22.212844],[113.5582366,22.2132509],[113.5573164,22.213594],[113.5537566,22.2148512],[113.5533892,22.2149804],[113.5531041,22.2150688],[113.5529793,22.2151037],[113.5523731,22.2152937],[113.5515565,22.2155252]]},"properties":{"key":"way:664335554@detail:454_88","osmType":"way","osmId":664335554,"sourceRegion":"macau","featureType":"infrastructure","railClass":"construction","mode":"construction","name":"澳门轻轨东线 (兴建中)","nameEn":"East Line of Macao LRT (Construction)","usage":"main","tunnel":"yes","status":"construction","color":"#52636f","sourceKey":"way:664335554"}},{"type":"Feature","geometry":{"type":"LineString","coordinates":[[113.5685608,22.1421088],[113.5686431,22.1426395],[113.5686555,22.1427195],[113.5686961,22.1429893],[113.5688865,22.1444558],[113.5690485,22.1454489],[113.5691376,22.1462235],[113.5691774,22.1467348],[113.5691865,22.1468893],[113.5691901,22.1472338],[113.5691768,22.1475935],[113.569143,22.1479747],[113.5691169,22.148188],[113.5690858,22.1483877],[113.5690701,22.1484842],[113.5690571,22.1485566],[113.5690253,22.1487001],[113.5689726,22.1489132],[113.568852,22.1493526],[113.5688308,22.1494306],[113.5688227,22.1495039],[113.5688254,22.1495722],[113.5688442,22.1496691],[113.5688831,22.1497734],[113.5689448,22.149874],[113.5690212,22.149951],[113.5691044,22.1500119],[113.5691956,22.150064],[113.5692842,22.150104],[113.5698698,22.150358],[113.5699964,22.1504168],[113.5700423,22.1504454],[113.5701509,22.1505126],[113.5703551,22.1506066],[113.5709665,22.1508423],[113.5710206,22.1508708],[113.571079,22.1509022],[113.5711551,22.1509607],[113.5712344,22.1510498],[113.5712885,22.1511389],[113.5713251,22.151224],[113.5713572,22.151326],[113.5713784,22.1514404],[113.5713813,22.1515554],[113.5713801,22.151656],[113.571367,22.1518361],[113.5713376,22.1519332],[113.5712948,22.1520155],[113.5712473,22.152096],[113.5710149,22.1524439],[113.570774,22.1528237],[113.5704928,22.1532618],[113.5704665,22.1533029],[113.5699924,22.1540677],[113.5695811,22.1547642],[113.5695217,22.1548966],[113.5694903,22.1549936],[113.569475,22.1550724],[113.569466,22.1551889],[113.5694691,22.1552721],[113.5694775,22.1553403],[113.5694963,22.1554242],[113.5695182,22.1554957],[113.5695416,22.1555564],[113.5695827,22.1556408],[113.5696314,22.1557126],[113.5696916,22.1557905],[113.5697486,22.1558436],[113.5697894,22.1558855],[113.569853,22.1559343],[113.5699498,22.1559982],[113.5700675,22.1560594],[113.5701714,22.1561092],[113.570387,22.1561999],[113.5714311,22.1566304],[113.572192,22.1569747],[113.5726636,22.1571963],[113.573297,22.1575052],[113.5735211,22.1576132],[113.573598,22.1576534],[113.5736664,22.1576938],[113.5737491,22.1577437],[113.5738412,22.1578133],[113.5739722,22.1579224],[113.5740838,22.1580429],[113.5741987,22.1581936],[113.5742319,22.1582399],[113.5743088,22.1583667],[113.5743625,22.1584767],[113.5743955,22.1585602],[113.5744527,22.1586961],[113.5745092,22.1588604],[113.5745428,22.1589771],[113.5745686,22.1590758],[113.5745833,22.1591477],[113.5746326,22.1595216],[113.5746581,22.1597074],[113.5746919,22.1598477],[113.5747356,22.1599808],[113.5748021,22.1601202],[113.5748604,22.1602445],[113.5749622,22.1604714],[113.5750141,22.1605901],[113.5750329,22.1606461],[113.5750624,22.1607283],[113.5751447,22.1610122],[113.5754082,22.1619146],[113.5754379,22.1620157],[113.5754483,22.1621214],[113.5754415,22.1622266],[113.5754156,22.1623306],[113.5753723,22.1624271],[113.5753116,22.1625167],[113.5752355,22.1625963],[113.575147,22.162662],[113.5750481,22.1627148],[113.5749358,22.1627523],[113.5738656,22.1630091],[113.5736117,22.16307],[113.5731506,22.1631806],[113.5719908,22.1634589],[113.5712328,22.1636407]]},"properties":{"key":"way:754856890@detail:454_88","osmType":"way","osmId":754856890,"sourceRegion":"macau","featureType":"infrastructure","railClass":"light_rail","mode":"light_rail","name":"澳门轻轨凼仔线","nameEn":"Taipa Line of Macao LRT","usage":"main","bridge":"viaduct","status":"operational","color":"#52636f","sourceKey":"way:754856890"}},{"type":"Feature","geometry":{"type":"LineString","coordinates":[[113.5633262,22.1373795],[113.5632915,22.1367817],[113.5632776,22.1365379],[113.5632366,22.1359735],[113.5632298,22.1358982],[113.5632177,22.1358105],[113.5631991,22.1357004],[113.5631677,22.1355539],[113.5631504,22.1354536],[113.5631399,22.1353521],[113.5629888,22.132073],[113.5629607,22.1319376],[113.5629389,22.1318866],[113.562895,22.1317951],[113.5628207,22.1317021],[113.5627122,22.1315814],[113.5626326,22.1315197],[113.5625584,22.1314641],[113.5624728,22.1314206],[113.5623678,22.1313897],[113.5622701,22.1313751],[113.5622015,22.1313682],[113.5621345,22.1313666],[113.562053,22.1313685],[113.5612339,22.1313978]]},"properties":{"key":"way:774703405@detail:454_88","osmType":"way","osmId":774703405,"sourceRegion":"macau","featureType":"infrastructure","railClass":"light_rail","mode":"light_rail","name":"澳门轻轨石排湾线","nameEn":"Seac Pai Van Line of Macao LRT","usage":"main","bridge":"viaduct","status":"operational","color":"#52636f","sourceKey":"way:774703405"}},{"type":"Feature","geometry":{"type":"LineString","coordinates":[[113.5522555,22.1550753],[113.5517837,22.1541389],[113.5512466,22.1530728]]},"properties":{"key":"way:814635017@detail:454_88","osmType":"way","osmId":814635017,"sourceRegion":"macau","featureType":"infrastructure","railClass":"light_rail","mode":"light_rail","name":"澳門輕軌氹仔線","nameEn":"Taipa Line of Macao LRT","usage":"main","bridge":"viaduct","status":"operational","color":"#52636f","sourceKey":"way:814635017"}},{"type":"Feature","geometry":{"type":"LineString","coordinates":[[113.5522019,22.1550982],[113.5522439,22.1551648],[113.5523031,22.1552472],[113.5523734,22.1553291],[113.5524729,22.1554289],[113.5528908,22.1558163],[113.5529629,22.1559337],[113.5529821,22.1559991],[113.5529894,22.1560665],[113.5529846,22.1561328],[113.5529683,22.1561974],[113.5529409,22.1562587],[113.552903,22.156315],[113.5528557,22.1563649],[113.5528002,22.156407],[113.5527382,22.1564401],[113.5520804,22.1567286],[113.551933,22.1567842],[113.5517731,22.1568371],[113.5516109,22.1568805],[113.551435,22.1569204],[113.5512798,22.1569474],[113.551076,22.1569732],[113.5508707,22.1569901],[113.549856,22.157028],[113.5493882,22.1570604],[113.5492528,22.1570675],[113.5490677,22.1570754],[113.5475451,22.1570736],[113.5469894,22.1570742],[113.546946,22.1570742],[113.544988,22.1570645],[113.5448323,22.1570566],[113.5446879,22.1570441],[113.5445982,22.1570335],[113.5444276,22.1570065],[113.5442469,22.1569668],[113.5440179,22.1568977],[113.5436751,22.1567753],[113.5435036,22.156714],[113.5433885,22.1566671],[113.5433159,22.1566344],[113.5432594,22.1566042],[113.5431626,22.1565409],[113.5430707,22.1564513],[113.5428723,22.1562444],[113.5427966,22.1561847],[113.5427033,22.1561293],[113.5426005,22.1560915],[113.5425196,22.1560715],[113.5423844,22.1560602],[113.542291,22.1560673],[113.542192,22.1560868],[113.5421098,22.1561171],[113.5420274,22.1561606],[113.541958,22.1562115],[113.5418868,22.15629],[113.5418286,22.1563741],[113.5417669,22.1564779],[113.5417232,22.1565717],[113.5416743,22.1566907],[113.5416361,22.1567685],[113.5415992,22.1568545],[113.5415601,22.1569448]]},"properties":{"key":"way:814635018@detail:454_88","osmType":"way","osmId":814635018,"sourceRegion":"macau","featureType":"infrastructure","railClass":"light_rail","mode":"light_rail","name":"澳门轻轨凼仔线","nameEn":"Taipa Line of Macao LRT","usage":"main","bridge":"viaduct","status":"operational","color":"#52636f","sourceKey":"way:814635018"}},{"type":"Feature","geometry":{"type":"LineString","coordinates":[[113.5511938,22.1530951],[113.5519477,22.1545952],[113.5522019,22.1550982]]},"properties":{"key":"way:814979932@detail:454_88","osmType":"way","osmId":814979932,"sourceRegion":"macau","featureType":"infrastructure","railClass":"light_rail","mode":"light_rail","name":"澳門輕軌氹仔線","nameEn":"Taipa Line of Macao LRT","usage":"main","bridge":"viaduct","status":"operational","color":"#52636f","sourceKey":"way:814979932"}},{"type":"Feature","geometry":{"type":"LineString","coordinates":[[113.5512466,22.1530728],[113.551222,22.1529536],[113.5512151,22.1528183],[113.5512313,22.1526761],[113.5512674,22.1525534],[113.5513252,22.1524303],[113.5514039,22.1523156],[113.5515,22.1522142],[113.5516108,22.1521281],[113.5517369,22.1520577],[113.5538065,22.151195],[113.554776,22.1507978],[113.5549834,22.1507128],[113.5553632,22.1505668],[113.5555436,22.1504959],[113.5556689,22.1504528],[113.5558136,22.1504059],[113.5559833,22.1503542],[113.5562745,22.1502781],[113.5565625,22.1502097],[113.5567635,22.1501706],[113.5569597,22.1501343],[113.5570906,22.1501081],[113.5571836,22.1500915],[113.5572887,22.1500608],[113.5573761,22.1500281],[113.5574609,22.1499867],[113.5575852,22.1499059],[113.5577219,22.1497816],[113.5578282,22.1496628],[113.5579032,22.1495497],[113.5579367,22.1494896],[113.5579755,22.1494046],[113.5580088,22.1492985],[113.5580325,22.1491757],[113.5580463,22.1490286],[113.5580479,22.1489039],[113.5578975,22.1454083],[113.5578692,22.1448437],[113.5577872,22.1432108],[113.5577848,22.1430929],[113.5577888,22.1429435],[113.5577915,22.1427828],[113.5577955,22.1426373],[113.5578006,22.1424618],[113.5578016,22.1423063],[113.5577312,22.1406782],[113.557734,22.1406042],[113.5577424,22.1405436],[113.5577656,22.1404858],[113.557801,22.1404257],[113.5578392,22.1403817],[113.5578961,22.1403306],[113.5579842,22.1402756],[113.558038,22.1402525],[113.5580967,22.1402309],[113.5582049,22.1402105],[113.5590047,22.1401515],[113.5591152,22.1401361],[113.5591993,22.1401155],[113.5592634,22.1400885],[113.5593216,22.1400564],[113.5593772,22.1400111],[113.5594328,22.1399609],[113.5596422,22.1397416],[113.5599878,22.1393716],[113.5600337,22.1393224],[113.5602471,22.1391109],[113.5603112,22.1390631],[113.5603894,22.1390144],[113.5604248,22.1389991],[113.5604994,22.1389687],[113.5605781,22.138946],[113.5606644,22.1389297],[113.5607627,22.1389183],[113.5624032,22.138783],[113.5625801,22.1387721],[113.5626789,22.1387693],[113.5628118,22.138774],[113.5629353,22.1387796],[113.5633356,22.1387976],[113.5635086,22.1388054],[113.5636977,22.1388102],[113.5637695,22.1388125],[113.5638533,22.1388111],[113.5640416,22.1388085],[113.5642335,22.1387981],[113.5644223,22.1387811],[113.5645405,22.1387727],[113.5646699,22.1387637],[113.5647957,22.1387645],[113.5649376,22.1387607],[113.5651554,22.1387411],[113.5654053,22.1387204],[113.5655732,22.1387003],[113.5657638,22.1386794],[113.5659015,22.1386611],[113.566007,22.1386486],[113.5661333,22.1386377],[113.5662787,22.1386287],[113.5664183,22.1386305],[113.5665441,22.138638],[113.5666933,22.138655],[113.5668233,22.1386797],[113.5669425,22.1387082],[113.5670469,22.1387394],[113.567172,22.1387866],[113.567296,22.1388424],[113.5674065,22.1389004],[113.5675493,22.1389873],[113.5676763,22.1390796],[113.5679897,22.1393376],[113.5680831,22.1394202],[113.5681558,22.1394956],[113.5682126,22.1395627],[113.5682613,22.139633],[113.5683078,22.1397117],[113.5683349,22.1397735],[113.5683704,22.1398805],[113.5683869,22.1399509],[113.568394,22.1399998],[113.568399,22.1400718],[113.5684283,22.1405181],[113.5684627,22.1411674],[113.5685119,22.141745],[113.5685411,22.1420042],[113.5685608,22.1421088]]},"properties":{"key":"way:814979933@detail:454_88","osmType":"way","osmId":814979933,"sourceRegion":"macau","featureType":"infrastructure","railClass":"light_rail","mode":"light_rail","name":"澳门轻轨凼仔线","nameEn":"Taipa Line of Macao LRT","usage":"main","bridge":"viaduct","status":"operational","color":"#52636f","sourceKey":"way:814979933"}},{"type":"Feature","geometry":{"type":"LineString","coordinates":[[113.565221,22.1386565],[113.5652761,22.1386461],[113.5653041,22.1386388],[113.5653548,22.1386281],[113.5654121,22.1386136],[113.5654718,22.1385966],[113.5655294,22.1385822],[113.5655999,22.1385674]]},"properties":{"key":"way:816063221@detail:454_88","osmType":"way","osmId":816063221,"sourceRegion":"macau","featureType":"infrastructure","railClass":"light_rail","mode":"light_rail","name":"未命名","usage":"branch","service":"crossover","bridge":"viaduct","status":"operational","color":"#52636f","sourceKey":"way:816063221"}},{"type":"Feature","geometry":{"type":"LineString","coordinates":[[113.5233027,22.2100425],[113.5232943,22.2101197],[113.5233212,22.2104872],[113.5233534,22.210805],[113.523407,22.2110956],[113.5234741,22.2113513],[113.5235679,22.2116021],[113.5237101,22.2118827],[113.5238442,22.2121137],[113.5240266,22.2123595],[113.5242009,22.2125656]]},"properties":{"key":"way:835625223@detail:454_88","osmType":"way","osmId":835625223,"sourceRegion":"macau","featureType":"infrastructure","railClass":"intercity","mode":"rail","name":"珠机城际线","nameEn":"Zhuhai-Zhuhai Airport Intercity Railway","ref":"0711","usage":"main","tunnel":"yes","status":"operational","color":"#4B78B7","sourceKey":"way:835625223"}},{"type":"Feature","geometry":{"type":"LineString","coordinates":[[113.5249546,22.2132087],[113.5251773,22.2133553],[113.5254455,22.2135042],[113.5256158,22.2135811],[113.5257352,22.2136309],[113.5259524,22.2137054],[113.5261697,22.2137724],[113.5264486,22.2138469],[113.5266739,22.2139015],[113.5306811,22.2146589],[113.5308565,22.2146914],[113.5318077,22.2148675],[113.5324434,22.2149941],[113.5328028,22.2150736],[113.5330303,22.2151249],[113.5332936,22.2151928],[113.5337255,22.2153169],[113.5344818,22.2155627],[113.5348493,22.2157093],[113.5352972,22.2158831],[113.5360277,22.2161868],[113.5381896,22.2170528],[113.5385566,22.2171997],[113.5387619,22.2172676],[113.5389532,22.2173244],[113.5392227,22.2173818],[113.5394618,22.2174117],[113.5397066,22.2174318],[113.5398938,22.2174476],[113.5399865,22.2174554],[113.5407526,22.2175165],[113.5415739,22.2175397],[113.5427646,22.2175173],[113.5429013,22.2175147],[113.5431109,22.2175132],[113.5433259,22.2175136],[113.5435088,22.2175208],[113.5437062,22.2175387],[113.543866,22.2175578]]},"properties":{"key":"way:835625224@detail:454_88","osmType":"way","osmId":835625224,"sourceRegion":"macau","featureType":"infrastructure","railClass":"intercity","mode":"rail","name":"珠机城际线","nameEn":"Zhuhai-Zhuhai Airport Intercity Railway","ref":"0711","usage":"main","bridge":"yes","status":"operational","color":"#4B78B7","sourceKey":"way:835625224"}},{"type":"Feature","geometry":{"type":"LineString","coordinates":[[113.5242009,22.2125656],[113.5243431,22.2127069],[113.5245007,22.212854],[113.5246542,22.2129829],[113.52482,22.213115],[113.5249546,22.2132087]]},"properties":{"key":"way:835625225@detail:454_88","osmType":"way","osmId":835625225,"sourceRegion":"macau","featureType":"infrastructure","railClass":"intercity","mode":"rail","name":"珠机城际线","nameEn":"Zhuhai-Zhuhai Airport Intercity Railway","ref":"0711","usage":"main","status":"operational","color":"#4B78B7","sourceKey":"way:835625225"}},{"type":"Feature","geometry":{"type":"LineString","coordinates":[[113.5360367,22.1071931],[113.5395813,22.108792],[113.5400758,22.1091011],[113.5404851,22.109501],[113.5408295,22.1099387],[113.5409693,22.1104303],[113.5410611,22.1111191],[113.5410902,22.1117292],[113.5410697,22.1127074],[113.5406322,22.1226347],[113.5404548,22.1255842],[113.5402982,22.1293789],[113.5400202,22.1348772],[113.5398012,22.1377426],[113.5397364,22.138818],[113.5396197,22.140755],[113.5395189,22.1424279],[113.539424,22.1440021],[113.5393089,22.1459125],[113.5390292,22.148198],[113.5387125,22.1503386],[113.5383354,22.1521701],[113.5380351,22.1532631],[113.5374608,22.1548357],[113.5370414,22.1561006],[113.5366728,22.1568222],[113.5362881,22.1575736],[113.5340442,22.1617295],[113.5338627,22.1620709],[113.5335945,22.1625556],[113.5335319,22.1626303],[113.5332792,22.1629317],[113.533135,22.1631032],[113.5328204,22.1633146],[113.5323729,22.1634852],[113.5320874,22.1635526],[113.5317814,22.1636026],[113.5287291,22.1640274],[113.5272288,22.1643296],[113.526712,22.1644174],[113.5262654,22.1644965],[113.5257734,22.1645441],[113.5254051,22.1645867],[113.5247326,22.1646186],[113.5239762,22.1646434],[113.5236007,22.1646633],[113.523268,22.1646534],[113.5228484,22.1645759],[113.5216534,22.1643205],[113.5207575,22.1642262],[113.5200801,22.1642158],[113.5194181,22.1642427],[113.5188599,22.1643164],[113.5181538,22.1644965],[113.5174138,22.1648345],[113.5168026,22.1651923],[113.5163285,22.165562],[113.5159831,22.1658919],[113.5134955,22.1689792],[113.5132954,22.1692427],[113.5130745,22.1696354],[113.5128793,22.1701188],[113.5127216,22.1706796],[113.5126627,22.1711555],[113.5126585,22.1715125],[113.5126886,22.1719459],[113.5127483,22.1722864],[113.5128906,22.1727349],[113.5130242,22.1730706],[113.5131626,22.1733591],[113.5132849,22.1735632],[113.5135191,22.1738849],[113.5137219,22.174134],[113.5140253,22.1744453],[113.5142481,22.1746493],[113.5144358,22.1748212],[113.5146845,22.17501],[113.5149618,22.1751843],[113.5168308,22.1762308],[113.517915,22.1770038],[113.5189148,22.1779449],[113.5193358,22.1784704],[113.5200573,22.1794269],[113.5206462,22.1806703],[113.521354,22.1820687],[113.5224581,22.1844843],[113.5231876,22.1863668],[113.5241292,22.1881376],[113.5253226,22.1896328],[113.5259554,22.1904256],[113.5262442,22.1908895],[113.5279647,22.1936534],[113.5288299,22.1951171],[113.5291211,22.1960431],[113.5291598,22.1968462],[113.5291799,22.198953],[113.5291235,22.1996913],[113.529045,22.2002517],[113.5286236,22.2012642],[113.5278262,22.2029147],[113.5267782,22.2046759],[113.5260852,22.2058983],[113.5255726,22.2064942],[113.5242342,22.2077544],[113.5240114,22.2079797],[113.5238294,22.208229],[113.5236984,22.2084133],[113.5234952,22.2087598],[113.5234102,22.2089708],[113.5232883,22.2093735],[113.5232278,22.2097678],[113.5232059,22.2100357]]},"properties":{"key":"way:835966823@detail:454_88","osmType":"way","osmId":835966823,"sourceRegion":"macau","featureType":"infrastructure","railClass":"intercity","mode":"rail","name":"珠机城际线","nameEn":"Zhuhai-Zhuhai Airport Intercity Railway","ref":"0711","operator":"廣鐵集團","usage":"main","tunnel":"yes","status":"operational","color":"#4B78B7","sourceKey":"way:835966823"}},{"type":"Feature","geometry":{"type":"LineString","coordinates":[[113.5407526,22.2175165],[113.5403337,22.2175102],[113.5399826,22.2175044]]},"properties":{"key":"way:836658029@detail:454_88","osmType":"way","osmId":836658029,"sourceRegion":"macau","featureType":"infrastructure","railClass":"minor","mode":"rail","name":"未命名","service":"crossover","bridge":"yes","status":"operational","color":"#52636f","sourceKey":"way:836658029"}},{"type":"Feature","geometry":{"type":"LineString","coordinates":[[113.5399865,22.2174554],[113.5403337,22.2175102],[113.5407427,22.2175755]]},"properties":{"key":"way:836658030@detail:454_88","osmType":"way","osmId":836658030,"sourceRegion":"macau","featureType":"infrastructure","railClass":"minor","mode":"rail","name":"未命名","service":"crossover","bridge":"yes","status":"operational","color":"#52636f","sourceKey":"way:836658030"}},{"type":"Feature","geometry":{"type":"LineString","coordinates":[[113.5383298,22.2172334],[113.5387645,22.2174283],[113.5390267,22.2175463],[113.5392483,22.2176404],[113.5394739,22.2177213],[113.5398175,22.2178173]]},"properties":{"key":"way:838843785@detail:454_88","osmType":"way","osmId":838843785,"sourceRegion":"macau","featureType":"infrastructure","railClass":"minor","mode":"rail","name":"未命名","service":"yard","bridge":"yes","status":"operational","color":"#52636f","sourceKey":"way:838843785"}},{"type":"Feature","geometry":{"type":"LineString","coordinates":[[113.5381594,22.2171491],[113.5377157,22.2169261],[113.5374209,22.2167842]]},"properties":{"key":"way:838843786@detail:454_88","osmType":"way","osmId":838843786,"sourceRegion":"macau","featureType":"infrastructure","railClass":"national","mode":"rail","name":"珠海联络线","ref":"6718","usage":"main","bridge":"yes","status":"operational","color":"#E54848","sourceKey":"way:838843786"}},{"type":"Feature","geometry":{"type":"LineString","coordinates":[[113.5374046,22.2168256],[113.5377157,22.2169261],[113.538165,22.2170936]]},"properties":{"key":"way:838843787@detail:454_88","osmType":"way","osmId":838843787,"sourceRegion":"macau","featureType":"infrastructure","railClass":"minor","mode":"rail","name":"未命名","service":"yard","bridge":"yes","status":"operational","color":"#52636f","sourceKey":"way:838843787"}},{"type":"Feature","geometry":{"type":"LineString","coordinates":[[113.5692978,22.1500698],[113.5698727,22.1503208],[113.5699803,22.1503626],[113.5700928,22.1504002],[113.5701755,22.1504332],[113.5704596,22.1505456],[113.5707275,22.1506468],[113.5708021,22.1506761],[113.5709541,22.1507499],[113.5710337,22.1507926],[113.5711361,22.1508699],[113.5712448,22.1509826],[113.5712901,22.1510468],[113.5713481,22.1511422],[113.5713892,22.1512459],[113.5714136,22.1513588],[113.5714278,22.1514547],[113.5714342,22.1515762],[113.5714262,22.1517455],[113.5714158,22.1518672],[113.571399,22.1519765],[113.5713884,22.1520254],[113.5713517,22.1521195],[113.5712675,22.152249],[113.5710909,22.1525083],[113.5710416,22.152572],[113.5709972,22.1526268],[113.5709596,22.1526675],[113.5709312,22.1527005],[113.5708587,22.1527914],[113.5708096,22.1528764],[113.5703875,22.1535391],[113.5696156,22.1547873],[113.5695801,22.1548677],[113.5695434,22.154975],[113.5695249,22.1550355],[113.5695046,22.1551345],[113.5695006,22.1552158],[113.5695072,22.1553071],[113.5695219,22.1553803],[113.5695379,22.1554586],[113.5695719,22.1555399],[113.5696117,22.1556151],[113.5696573,22.1556872],[113.5697248,22.1557665],[113.569775,22.1558141],[113.5698572,22.1558812],[113.5699473,22.1559445],[113.5700502,22.156004],[113.5702136,22.1560765],[113.5702945,22.1561118],[113.5703855,22.156153],[113.571315,22.1565348],[113.5714966,22.1566134],[113.5720062,22.1568487],[113.5725267,22.1570915],[113.5730621,22.1573529],[113.5736216,22.1576262],[113.5737269,22.1576864],[113.5738154,22.1577523],[113.5738986,22.1578156],[113.5740012,22.1579026],[113.574044,22.1579466],[113.574083,22.1579889],[113.5741467,22.158064],[113.5742459,22.1581857],[113.5743331,22.1583175],[113.5744015,22.158464],[113.5744632,22.1586254],[113.5745195,22.1587609],[113.5745597,22.1588848],[113.5746006,22.1590218],[113.5746309,22.1591446],[113.5746624,22.1592931],[113.574711,22.1597086],[113.5747279,22.1597722],[113.5747527,22.1598604],[113.5747812,22.1599406],[113.5748194,22.1600308],[113.5748454,22.1600818],[113.5749091,22.160214],[113.5750211,22.1604606],[113.5750656,22.1605712],[113.5750869,22.1606319],[113.5751151,22.1607229],[113.5752028,22.1610139],[113.5754619,22.161902],[113.5754933,22.1620124],[113.5755046,22.1621261],[113.5754957,22.1622399],[113.5754667,22.1623508],[113.5754185,22.1624559],[113.5753523,22.1625522],[113.57527,22.1626371],[113.5751737,22.1627084],[113.5750661,22.1627641],[113.5749501,22.1628027],[113.5741204,22.1630017],[113.5733612,22.1631841],[113.5733366,22.1631953],[113.5732125,22.1632523],[113.5729048,22.1633262],[113.5722904,22.1634745],[113.5720101,22.1635409],[113.5719347,22.1635506],[113.5718111,22.1635602],[113.5717642,22.1635677],[113.5712466,22.163692]]},"properties":{"key":"way:850738798@detail:454_88","osmType":"way","osmId":850738798,"sourceRegion":"macau","featureType":"infrastructure","railClass":"light_rail","mode":"light_rail","name":"澳门轻轨凼仔线","nameEn":"Taipa Line of Macao LRT","usage":"main","bridge":"viaduct","status":"operational","color":"#52636f","sourceKey":"way:850738798"}},{"type":"Feature","geometry":{"type":"LineString","coordinates":[[113.5712328,22.1636407],[113.5710929,22.1636741],[113.5710383,22.1636871],[113.5683901,22.1642961]]},"properties":{"key":"way:850738799@detail:454_88","osmType":"way","osmId":850738799,"sourceRegion":"macau","featureType":"infrastructure","railClass":"construction","mode":"construction","name":"澳门轻轨东线 (兴建中)","nameEn":"East Line of Macao LRT (Construction)","usage":"main","bridge":"yes","status":"construction","color":"#52636f","sourceKey":"way:850738799"}},{"type":"Feature","geometry":{"type":"LineString","coordinates":[[113.5712466,22.163692],[113.5684028,22.1643386]]},"properties":{"key":"way:851359300@detail:454_88","osmType":"way","osmId":851359300,"sourceRegion":"macau","featureType":"infrastructure","railClass":"construction","mode":"construction","name":"澳门轻轨东线 (兴建中)","nameEn":"East Line of Macao LRT (Construction)","usage":"main","bridge":"yes","status":"construction","color":"#52636f","sourceKey":"way:851359300"}},{"type":"Feature","geometry":{"type":"LineString","coordinates":[[113.5355541,22.2195629],[113.5348614,22.2204425],[113.5347195,22.2206271],[113.5334428,22.2223751],[113.5307928,22.2259506],[113.5295643,22.2275838],[113.5277788,22.2300051],[113.5265763,22.2316253],[113.5262546,22.2320115],[113.5259619,22.2323573],[113.5257069,22.2326339],[113.5255542,22.232792],[113.5253943,22.23295],[113.5251166,22.2332171],[113.5241658,22.2340959],[113.5227829,22.2353255],[113.5220614,22.2359872],[113.5214044,22.2365779]]},"properties":{"key":"way:884000840@detail:454_88","osmType":"way","osmId":884000840,"sourceRegion":"macau","featureType":"infrastructure","railClass":"intercity","mode":"rail","name":"广珠城际线","nameEn":"Guangzhou–Zhuhai Intercity Railway","ref":"3016","operator":"中国铁路广州局集团有限公司","usage":"main","highspeed":"yes","bridge":"yes","status":"operational","color":"#1687A7","sourceKey":"way:884000840"}},{"type":"Feature","geometry":{"type":"LineString","coordinates":[[113.5214448,22.2366119],[113.5219714,22.2361338],[113.5228169,22.2353613],[113.5241959,22.234131],[113.5249323,22.2334449],[113.5255983,22.2328182],[113.5257294,22.2326835],[113.5258531,22.232542],[113.5261279,22.2322253],[113.5263991,22.2318951],[113.5266022,22.2316417],[113.527812,22.2300215],[113.5295995,22.2276102],[113.5308145,22.2259898],[113.5330638,22.2229621],[113.5340335,22.2216368],[113.5348579,22.2205218],[113.5355848,22.2195823]]},"properties":{"key":"way:884000841@detail:454_88","osmType":"way","osmId":884000841,"sourceRegion":"macau","featureType":"infrastructure","railClass":"intercity","mode":"rail","name":"广珠城际线","nameEn":"Guangzhou–Zhuhai Intercity Railway","ref":"3016","operator":"中国铁路广州局集团有限公司","usage":"main","highspeed":"yes","bridge":"viaduct","status":"operational","color":"#1687A7","sourceKey":"way:884000841"}},{"type":"Feature","geometry":{"type":"LineString","coordinates":[[113.5163358,22.2432275],[113.5163891,22.2427274],[113.5164314,22.2423809],[113.5164617,22.2422076],[113.5164874,22.2420826],[113.5165119,22.2419778],[113.5165558,22.2418107],[113.5165944,22.2416928],[113.5166407,22.2415701],[113.5166973,22.2414355],[113.5167668,22.2412771],[113.5168509,22.2411256],[113.516984,22.2408872],[113.5170922,22.2407089],[113.5171777,22.2405827],[113.5173119,22.2404094],[113.5174992,22.2401952],[113.5176124,22.2400797],[113.5177102,22.2399844],[113.5178382,22.239864],[113.5197739,22.2381177]]},"properties":{"key":"way:884000842@detail:454_88","osmType":"way","osmId":884000842,"sourceRegion":"macau","featureType":"infrastructure","railClass":"intercity","mode":"rail","name":"广珠城际线","nameEn":"Guangzhou–Zhuhai Intercity Railway","ref":"3016","operator":"中国铁路广州局集团有限公司","usage":"main","highspeed":"yes","bridge":"viaduct","status":"operational","color":"#1687A7","sourceKey":"way:884000842"}},{"type":"Feature","geometry":{"type":"LineString","coordinates":[[113.519748,22.2380951],[113.5178141,22.2398448],[113.5176188,22.240032],[113.5174594,22.2401994],[113.5173128,22.2403588],[113.5172543,22.2404276],[113.5172095,22.2404836],[113.5171517,22.2405638],[113.51706,22.2407042],[113.5169733,22.2408507],[113.5168569,22.2410574],[113.516754,22.2412409],[113.5166747,22.2414046],[113.5166079,22.2415639],[113.5165738,22.2416526],[113.5165475,22.2417377],[113.5165136,22.2418544],[113.5164841,22.2419711],[113.5164567,22.2420877],[113.5164336,22.2422044],[113.5164066,22.2423675],[113.5163851,22.2425307],[113.5163541,22.2427929],[113.5163035,22.2432248]]},"properties":{"key":"way:884000843@detail:454_88","osmType":"way","osmId":884000843,"sourceRegion":"macau","featureType":"infrastructure","railClass":"intercity","mode":"rail","name":"广珠城际线","nameEn":"Guangzhou–Zhuhai Intercity Railway","ref":"3016","operator":"中国铁路广州局集团有限公司","usage":"main","highspeed":"yes","bridge":"viaduct","status":"operational","color":"#1687A7","sourceKey":"way:884000843"}},{"type":"Feature","geometry":{"type":"LineString","coordinates":[[113.5360792,22.1071123],[113.5396299,22.1087139],[113.5401389,22.1090321],[113.5405598,22.1094434],[113.5409187,22.1098994],[113.5410648,22.1104133],[113.5411579,22.1111116],[113.5411873,22.1117281],[113.5411667,22.1127101],[113.5407291,22.122639],[113.5405517,22.1255884],[113.5403951,22.1293827],[113.5401171,22.1348825],[113.539898,22.1377483],[113.5397141,22.1408011],[113.5394056,22.1459201],[113.5391255,22.1482092],[113.5388083,22.1503531],[113.5384302,22.1521896],[113.5381282,22.1532886],[113.5375532,22.1548633],[113.5371321,22.1561332],[113.5367605,22.1568607],[113.5363753,22.157613],[113.5341311,22.1617694],[113.5339494,22.1621112],[113.5336767,22.1626041],[113.5333558,22.1629869],[113.5332031,22.1631685],[113.532868,22.1633936],[113.5324035,22.1635707],[113.5321078,22.1636405],[113.531797,22.1636913],[113.5287466,22.1641158],[113.5272479,22.1644177],[113.5267299,22.1645057],[113.5265382,22.1645397],[113.5262796,22.1645855],[113.5260321,22.1646095],[113.5257845,22.1646334],[113.5256488,22.1646491],[113.5254136,22.1646763],[113.5247368,22.1647084],[113.5239807,22.1647332],[113.5236019,22.1647532],[113.5232569,22.164743],[113.522828,22.1646638],[113.521637,22.1644092],[113.5207512,22.164316],[113.5200814,22.1643057],[113.5194271,22.1643323],[113.5188797,22.1644046],[113.5181885,22.1645809],[113.5174613,22.164913],[113.51686,22.165265],[113.5163947,22.1656278],[113.5160571,22.1659503],[113.5135741,22.1690319],[113.5133785,22.1692895],[113.5131633,22.169672],[113.5129719,22.1701459],[113.5128172,22.1706961],[113.5127597,22.1711611],[113.5127556,22.1715101],[113.5127851,22.1719358],[113.5128431,22.1722665],[113.5129828,22.1727067],[113.5131142,22.1730368],[113.5132495,22.173319],[113.5133677,22.1735162],[113.5135981,22.1738327],[113.5137968,22.1740767],[113.5140955,22.1743832],[113.5145008,22.1747544],[113.5147426,22.1749379],[113.5150141,22.1751086],[113.5168857,22.1761566],[113.5179799,22.1769367],[113.5189654,22.1778841],[113.5194139,22.178417],[113.5201423,22.1793827],[113.5207347,22.1806335],[113.521431,22.1820336],[113.5225484,22.1844514],[113.5232771,22.1863317],[113.5242124,22.1880907],[113.525358,22.1895143],[113.5260367,22.1903763],[113.5263283,22.1908446],[113.5280493,22.1936094],[113.5284847,22.194346],[113.5289201,22.1950826],[113.5290037,22.1953484],[113.5290876,22.1956154],[113.5292175,22.1960283],[113.5292568,22.1968438],[113.529277,22.1989558],[113.5292201,22.1997003],[113.5291397,22.2002739],[113.5287132,22.2012987],[113.5279131,22.2029548],[113.5268637,22.2047185],[113.5261668,22.2059476],[113.5256453,22.2065538],[113.5249548,22.207204],[113.5243046,22.2078162],[113.5240878,22.2080355],[113.5239101,22.2082788],[113.5237817,22.2084595],[113.5235837,22.2087971],[113.5235025,22.2089987],[113.5233835,22.209392],[113.5233243,22.2097775],[113.5233027,22.2100425]]},"properties":{"key":"way:904642002@detail:454_88","osmType":"way","osmId":904642002,"sourceRegion":"macau","featureType":"infrastructure","railClass":"intercity","mode":"rail","name":"珠机城际线","nameEn":"Zhuhai-Zhuhai Airport Intercity Railway","ref":"0711","operator":"廣鐵集團","usage":"main","tunnel":"yes","status":"operational","color":"#4B78B7","sourceKey":"way:904642002"}},{"type":"Feature","geometry":{"type":"LineString","coordinates":[[113.5232059,22.2100357],[113.5232189,22.2103098],[113.5232953,22.2109116],[113.5233414,22.2111335],[113.5233612,22.2112288],[113.5234465,22.2114975],[113.523615,22.2118505],[113.5237547,22.2120968],[113.5238988,22.2123133],[113.5239921,22.2124212],[113.5241616,22.2126172]]},"properties":{"key":"way:904642003@detail:454_88","osmType":"way","osmId":904642003,"sourceRegion":"macau","featureType":"infrastructure","railClass":"intercity","mode":"rail","name":"珠机城际线","nameEn":"Zhuhai-Zhuhai Airport Intercity Railway","ref":"0711","usage":"main","tunnel":"yes","status":"operational","color":"#4B78B7","sourceKey":"way:904642003"}},{"type":"Feature","geometry":{"type":"LineString","coordinates":[[113.5448501,22.1406693],[113.5449181,22.1394861],[113.5449335,22.1393829],[113.544958,22.1392883],[113.5450217,22.1391479],[113.5450655,22.1390664],[113.5451137,22.1389987],[113.5451917,22.1388721],[113.5452459,22.1388081],[113.5453378,22.1387044],[113.5454562,22.1385793],[113.5457343,22.1383339],[113.5459668,22.1382027],[113.5462132,22.1380939],[113.5465405,22.1380245],[113.5468084,22.1379842],[113.5470805,22.1379761],[113.5474165,22.1380039],[113.5478234,22.138114],[113.5509523,22.1391382],[113.5513194,22.1392359],[113.5516627,22.1393192],[113.5519836,22.1393862],[113.5523312,22.1394397],[113.5526476,22.1394655],[113.5528545,22.1394694],[113.5530101,22.1394679],[113.5533445,22.1394562],[113.5550432,22.1393349]]},"properties":{"key":"way:909486580@detail:454_88","osmType":"way","osmId":909486580,"sourceRegion":"macau","featureType":"infrastructure","railClass":"light_rail","mode":"light_rail","name":"澳门轻轨横琴线","nameEn":"Hengqin Line of Macao LRT","usage":"main","tunnel":"yes","status":"operational","color":"#52636f","sourceKey":"way:909486580"}},{"type":"Feature","geometry":{"type":"LineString","coordinates":[[113.5605936,22.1388929],[113.5603134,22.1389214],[113.5602501,22.1389254],[113.5601348,22.138925],[113.5600875,22.138921],[113.5599934,22.1389156],[113.559896,22.1389128],[113.5598155,22.1389171],[113.5587964,22.1389905],[113.5587209,22.138999],[113.5586555,22.1390118],[113.5586118,22.1390242],[113.5585623,22.1390387],[113.5585116,22.1390519],[113.5584733,22.1390627],[113.5584403,22.1390692],[113.5583743,22.1390829]]},"properties":{"key":"way:909486581@detail:454_88","osmType":"way","osmId":909486581,"sourceRegion":"macau","featureType":"infrastructure","railClass":"light_rail","mode":"light_rail","name":"未命名","service":"siding","bridge":"yes","status":"operational","color":"#52636f","sourceKey":"way:909486581"}},{"type":"Feature","geometry":{"type":"LineString","coordinates":[[113.5550432,22.1393349],[113.5583743,22.1390829],[113.5595427,22.1389992]]},"properties":{"key":"way:909486582@detail:454_88","osmType":"way","osmId":909486582,"sourceRegion":"macau","featureType":"infrastructure","railClass":"light_rail","mode":"light_rail","name":"澳门轻轨横琴线","nameEn":"Hengqin Line of Macao LRT","usage":"main","bridge":"yes","status":"operational","color":"#52636f","sourceKey":"way:909486582"}},{"type":"Feature","geometry":{"type":"LineString","coordinates":[[113.5,22.114786963512422],[113.5007606,22.1145438],[113.5017663,22.114149],[113.5024021,22.1138531],[113.5166822,22.1057869],[113.5174571,22.1054182],[113.5182325,22.105106],[113.5188655,22.1048773],[113.5195146,22.1046885],[113.5202435,22.1045317],[113.5211293,22.1043704],[113.5222397,22.1042163],[113.5231623,22.1041249],[113.5240905,22.1040821],[113.5252706,22.1040821],[113.526424,22.1041119],[113.5272644,22.1041568],[113.5277901,22.1041925],[113.5282882,22.1042412],[113.5287024,22.1042876],[113.5294763,22.1044325],[113.5303883,22.1046686],[113.5313324,22.1049618],[113.5325126,22.1054489],[113.5360792,22.1071123]]},"properties":{"key":"way:919017990@detail:454_88","osmType":"way","osmId":919017990,"sourceRegion":"macau","featureType":"infrastructure","railClass":"intercity","mode":"rail","name":"珠机城际线","nameEn":"Zhuhai-Zhuhai Airport Intercity Railway","ref":"0711","usage":"main","tunnel":"yes","status":"operational","color":"#4B78B7","sourceKey":"way:919017990"}},{"type":"Feature","geometry":{"type":"LineString","coordinates":[[113.5447807,22.1436268],[113.5449223,22.1412341],[113.5449883,22.139967]]},"properties":{"key":"way:1029609440@detail:454_88","osmType":"way","osmId":1029609440,"sourceRegion":"macau","featureType":"infrastructure","railClass":"light_rail","mode":"light_rail","name":"澳门轻轨横琴线","nameEn":"Hengqin Line of Macao LRT","usage":"yard","service":"yard","tunnel":"yes","status":"operational","color":"#52636f","sourceKey":"way:1029609440"}},{"type":"Feature","geometry":{"type":"LineString","coordinates":[[113.5647206,22.1352817],[113.5647193,22.1352008]]},"properties":{"key":"way:1049323073@detail:454_88","osmType":"way","osmId":1049323073,"sourceRegion":"macau","featureType":"infrastructure","railClass":"highspeed","mode":"rail","name":"未命名","highspeed":"yes","tunnel":"yes","status":"operational","color":"#E54848","sourceKey":"way:1049323073"}},{"type":"Feature","geometry":{"type":"LineString","coordinates":[[113.5751558,22.1468415],[113.5751344,22.1469027],[113.5751183,22.1469912],[113.5750964,22.1470703]]},"properties":{"key":"way:1116580271@detail:454_88","osmType":"way","osmId":1116580271,"sourceRegion":"macau","featureType":"infrastructure","railClass":"light_rail","mode":"light_rail","name":"未命名","service":"crossover","status":"operational","color":"#52636f","sourceKey":"way:1116580271"}},{"type":"Feature","geometry":{"type":"LineString","coordinates":[[113.574001,22.150482],[113.5738544,22.1507138]]},"properties":{"key":"way:1116580272@detail:454_88","osmType":"way","osmId":1116580272,"sourceRegion":"macau","featureType":"infrastructure","railClass":"light_rail","mode":"light_rail","name":"未命名","usage":"industrial","service":"yard","status":"operational","color":"#52636f","sourceKey":"way:1116580272"}},{"type":"Feature","geometry":{"type":"LineString","coordinates":[[113.575914,22.1466045],[113.5747435,22.1483857],[113.5746975,22.1484501],[113.5746743,22.1484764],[113.5745991,22.1485474],[113.5745637,22.1485892]]},"properties":{"key":"way:1116580273@detail:454_88","osmType":"way","osmId":1116580273,"sourceRegion":"macau","featureType":"infrastructure","railClass":"light_rail","mode":"light_rail","name":"未命名","service":"yard","status":"operational","color":"#52636f","sourceKey":"way:1116580273"}},{"type":"Feature","geometry":{"type":"LineString","coordinates":[[113.5744415,22.1487722],[113.5743582,22.1488973],[113.5743022,22.1489803],[113.5742849,22.1490079],[113.5742699,22.1490379],[113.5742451,22.1491178]]},"properties":{"key":"way:1116580274@detail:454_88","osmType":"way","osmId":1116580274,"sourceRegion":"macau","featureType":"infrastructure","railClass":"light_rail","mode":"light_rail","name":"未命名","service":"yard","status":"operational","color":"#52636f","sourceKey":"way:1116580274"}},{"type":"Feature","geometry":{"type":"LineString","coordinates":[[113.5744415,22.1487722],[113.5745637,22.1485892]]},"properties":{"key":"way:1116580275@detail:454_88","osmType":"way","osmId":1116580275,"sourceRegion":"macau","featureType":"infrastructure","railClass":"light_rail","mode":"light_rail","name":"未命名","service":"yard","status":"operational","color":"#52636f","sourceKey":"way:1116580275"}},{"type":"Feature","geometry":{"type":"LineString","coordinates":[[113.5746136,22.1486393],[113.5744415,22.1487722]]},"properties":{"key":"way:1116580277@detail:454_88","osmType":"way","osmId":1116580277,"sourceRegion":"macau","featureType":"infrastructure","railClass":"light_rail","mode":"light_rail","name":"未命名","service":"yard","status":"operational","color":"#52636f","sourceKey":"way:1116580277"}},{"type":"Feature","geometry":{"type":"LineString","coordinates":[[113.5745095,22.148496],[113.5743878,22.1486763],[113.5743338,22.1487628],[113.5742953,22.1488186],[113.5742807,22.1488521]]},"properties":{"key":"way:1116580278@detail:454_88","osmType":"way","osmId":1116580278,"sourceRegion":"macau","featureType":"infrastructure","railClass":"light_rail","mode":"light_rail","name":"未命名","service":"yard","status":"operational","color":"#52636f","sourceKey":"way:1116580278"}},{"type":"Feature","geometry":{"type":"LineString","coordinates":[[113.5742102,22.1487721],[113.5741949,22.1488154],[113.5741866,22.1488412],[113.5741669,22.1488748],[113.574092,22.148985],[113.5740527,22.1490238],[113.5740294,22.1490456],[113.5738931,22.149153]]},"properties":{"key":"way:1116907645@detail:454_88","osmType":"way","osmId":1116907645,"sourceRegion":"macau","featureType":"infrastructure","railClass":"light_rail","mode":"light_rail","name":"未命名","service":"yard","status":"operational","color":"#52636f","sourceKey":"way:1116907645"}},{"type":"Feature","geometry":{"type":"LineString","coordinates":[[113.5741946,22.1489402],[113.5741735,22.1490009],[113.5741632,22.1490183],[113.5741457,22.149053],[113.5740707,22.149171],[113.5739406,22.1493652]]},"properties":{"key":"way:1116907646@detail:454_88","osmType":"way","osmId":1116907646,"sourceRegion":"macau","featureType":"infrastructure","railClass":"light_rail","mode":"light_rail","name":"未命名","service":"yard","status":"operational","color":"#52636f","sourceKey":"way:1116907646"}},{"type":"Feature","geometry":{"type":"LineString","coordinates":[[113.5740707,22.149171],[113.5740435,22.1492375],[113.5740376,22.1492812],[113.5740382,22.1493175],[113.5740494,22.149429]]},"properties":{"key":"way:1116907647@detail:454_88","osmType":"way","osmId":1116907647,"sourceRegion":"macau","featureType":"infrastructure","railClass":"light_rail","mode":"light_rail","name":"未命名","service":"yard","status":"operational","color":"#52636f","sourceKey":"way:1116907647"}},{"type":"Feature","geometry":{"type":"LineString","coordinates":[[113.5737323,22.1501575],[113.573447,22.1505874]]},"properties":{"key":"way:1118498687@detail:454_88","osmType":"way","osmId":1118498687,"sourceRegion":"macau","featureType":"infrastructure","railClass":"light_rail","mode":"light_rail","name":"未命名","service":"yard","status":"operational","color":"#52636f","sourceKey":"way:1118498687"}},{"type":"Feature","geometry":{"type":"LineString","coordinates":[[113.573661,22.1501229],[113.5733736,22.1505543]]},"properties":{"key":"way:1118498688@detail:454_88","osmType":"way","osmId":1118498688,"sourceRegion":"macau","featureType":"infrastructure","railClass":"light_rail","mode":"light_rail","name":"未命名","service":"yard","status":"operational","color":"#52636f","sourceKey":"way:1118498688"}},{"type":"Feature","geometry":{"type":"LineString","coordinates":[[113.5735901,22.1500843],[113.5733091,22.1505106]]},"properties":{"key":"way:1118498689@detail:454_88","osmType":"way","osmId":1118498689,"sourceRegion":"macau","featureType":"infrastructure","railClass":"light_rail","mode":"light_rail","name":"未命名","service":"yard","status":"operational","color":"#52636f","sourceKey":"way:1118498689"}},{"type":"Feature","geometry":{"type":"LineString","coordinates":[[113.5735854,22.1499243],[113.5732281,22.1504645]]},"properties":{"key":"way:1118498690@detail:454_88","osmType":"way","osmId":1118498690,"sourceRegion":"macau","featureType":"infrastructure","railClass":"light_rail","mode":"light_rail","name":"未命名","service":"yard","status":"operational","color":"#52636f","sourceKey":"way:1118498690"}},{"type":"Feature","geometry":{"type":"LineString","coordinates":[[113.5735075,22.1498851],[113.5731596,22.1504262]]},"properties":{"key":"way:1118498691@detail:454_88","osmType":"way","osmId":1118498691,"sourceRegion":"macau","featureType":"infrastructure","railClass":"light_rail","mode":"light_rail","name":"未命名","service":"yard","status":"operational","color":"#52636f","sourceKey":"way:1118498691"}},{"type":"Feature","geometry":{"type":"LineString","coordinates":[[113.5734346,22.1498376],[113.5730858,22.1503824]]},"properties":{"key":"way:1118498692@detail:454_88","osmType":"way","osmId":1118498692,"sourceRegion":"macau","featureType":"infrastructure","railClass":"light_rail","mode":"light_rail","name":"未命名","service":"yard","status":"operational","color":"#52636f","sourceKey":"way:1118498692"}},{"type":"Feature","geometry":{"type":"LineString","coordinates":[[113.573363,22.149789],[113.5730075,22.1503516]]},"properties":{"key":"way:1118498693@detail:454_88","osmType":"way","osmId":1118498693,"sourceRegion":"macau","featureType":"infrastructure","railClass":"light_rail","mode":"light_rail","name":"未命名","service":"yard","status":"operational","color":"#52636f","sourceKey":"way:1118498693"}},{"type":"Feature","geometry":{"type":"LineString","coordinates":[[113.5738544,22.1507138],[113.5735348,22.1511852]]},"properties":{"key":"way:1118498694@detail:454_88","osmType":"way","osmId":1118498694,"sourceRegion":"macau","featureType":"infrastructure","railClass":"light_rail","mode":"light_rail","name":"未命名","usage":"industrial","service":"yard","status":"operational","color":"#52636f","sourceKey":"way:1118498694"}},{"type":"Feature","geometry":{"type":"LineString","coordinates":[[113.5631705,22.137114],[113.5631816,22.1370619],[113.5631913,22.1370297],[113.563206,22.1369975],[113.563261,22.1368869],[113.5632731,22.1368633],[113.5632825,22.1368322],[113.5632915,22.1367817]]},"properties":{"key":"way:1213983594@detail:454_88","osmType":"way","osmId":1213983594,"sourceRegion":"macau","featureType":"infrastructure","railClass":"construction","mode":"light_rail","name":"未命名","service":"crossover","bridge":"yes","status":"construction","color":"#52636f","sourceKey":"way:1213983594"}},{"type":"Feature","geometry":{"type":"LineString","coordinates":[[113.5632776,22.1365379],[113.5632597,22.1364881],[113.5632426,22.1364611],[113.5632262,22.1364397],[113.5631618,22.136344],[113.5631446,22.1363136],[113.5631309,22.1362856],[113.5631093,22.136231]]},"properties":{"key":"way:1213983595@detail:454_88","osmType":"way","osmId":1213983595,"sourceRegion":"macau","featureType":"infrastructure","railClass":"construction","mode":"light_rail","name":"未命名","service":"crossover","bridge":"yes","status":"construction","color":"#52636f","sourceKey":"way:1213983595"}},{"type":"Feature","geometry":{"type":"LineString","coordinates":[[113.5293275,22.1845016],[113.5293448,22.1845421],[113.5293729,22.1845918],[113.5294064,22.1846452],[113.5294396,22.1847083]]},"properties":{"key":"way:1216382522@detail:454_88","osmType":"way","osmId":1216382522,"sourceRegion":"macau","featureType":"infrastructure","railClass":"light_rail","mode":"light_rail","name":"未命名","service":"crossover","tunnel":"yes","status":"operational","color":"#52636f","sourceKey":"way:1216382522"}},{"type":"Feature","geometry":{"type":"LineString","coordinates":[[113.5360277,22.2161868],[113.5367623,22.2165138]]},"properties":{"key":"way:1216520797@detail:454_88","osmType":"way","osmId":1216520797,"sourceRegion":"macau","featureType":"infrastructure","railClass":"minor","mode":"rail","name":"未命名","service":"crossover","bridge":"yes","status":"operational","color":"#52636f","sourceKey":"way:1216520797"}},{"type":"Feature","geometry":{"type":"LineString","coordinates":[[113.5524401,22.2151638],[113.5525395,22.2151453],[113.5525961,22.215141],[113.5527713,22.2151325],[113.5528586,22.2151256],[113.5529793,22.2151037]]},"properties":{"key":"way:1217574837@detail:454_88","osmType":"way","osmId":1217574837,"sourceRegion":"macau","featureType":"infrastructure","railClass":"construction","mode":"construction","name":"未命名","usage":"main","service":"crossover","tunnel":"yes","status":"construction","color":"#52636f","sourceKey":"way:1217574837"}},{"type":"Feature","geometry":{"type":"LineString","coordinates":[[113.5531041,22.2150688],[113.5531725,22.2150333],[113.5532073,22.2150121],[113.5533184,22.2149214],[113.5533576,22.2148991],[113.5534192,22.214865]]},"properties":{"key":"way:1217574838@detail:454_88","osmType":"way","osmId":1217574838,"sourceRegion":"macau","featureType":"infrastructure","railClass":"construction","mode":"construction","name":"未命名","usage":"main","service":"crossover","tunnel":"yes","status":"construction","color":"#52636f","sourceKey":"way:1217574838"}},{"type":"Feature","geometry":{"type":"LineString","coordinates":[[113.5659856,22.205423],[113.5660735,22.2051754],[113.566272,22.2046157],[113.5663373,22.2044331],[113.5664255,22.2041863]]},"properties":{"key":"way:1217574839@detail:454_88","osmType":"way","osmId":1217574839,"sourceRegion":"macau","featureType":"infrastructure","railClass":"construction","mode":"construction","name":"未命名","usage":"main","service":"siding","tunnel":"yes","status":"construction","color":"#52636f","sourceKey":"way:1217574839"}},{"type":"Feature","geometry":{"type":"LineString","coordinates":[[113.5663289,22.2055],[113.5664128,22.2052644],[113.5666828,22.2045115],[113.5667769,22.2042409]]},"properties":{"key":"way:1217574840@detail:454_88","osmType":"way","osmId":1217574840,"sourceRegion":"macau","featureType":"infrastructure","railClass":"construction","mode":"construction","name":"未命名","usage":"main","service":"siding","tunnel":"yes","status":"construction","color":"#52636f","sourceKey":"way:1217574840"}},{"type":"Feature","geometry":{"type":"LineString","coordinates":[[113.5660673,22.2054429],[113.5660736,22.205377],[113.5660736,22.2053385],[113.5660723,22.2053],[113.566071,22.2052615],[113.566071,22.205223],[113.5660735,22.2051754]]},"properties":{"key":"way:1217574841@detail:454_88","osmType":"way","osmId":1217574841,"sourceRegion":"macau","featureType":"infrastructure","railClass":"construction","mode":"construction","name":"未命名","usage":"main","service":"crossover","tunnel":"yes","status":"construction","color":"#52636f","sourceKey":"way:1217574841"}},{"type":"Feature","geometry":{"type":"LineString","coordinates":[[113.5664128,22.2052644],[113.5663726,22.2053251],[113.5663478,22.205356],[113.5663219,22.2053861],[113.566296,22.2054163],[113.5662712,22.2054472],[113.5662434,22.2054837]]},"properties":{"key":"way:1217574842@detail:454_88","osmType":"way","osmId":1217574842,"sourceRegion":"macau","featureType":"infrastructure","railClass":"construction","mode":"construction","name":"未命名","usage":"main","service":"crossover","tunnel":"yes","status":"construction","color":"#52636f","sourceKey":"way:1217574842"}},{"type":"Feature","geometry":{"type":"LineString","coordinates":[[113.5665062,22.2041992],[113.5664742,22.204247],[113.5664481,22.2042817],[113.5664183,22.2043194],[113.5663926,22.2043521],[113.5663679,22.2043856],[113.5663373,22.2044331]]},"properties":{"key":"way:1217574843@detail:454_88","osmType":"way","osmId":1217574843,"sourceRegion":"macau","featureType":"infrastructure","railClass":"construction","mode":"construction","name":"未命名","usage":"main","service":"crossover","tunnel":"yes","status":"construction","color":"#52636f","sourceKey":"way:1217574843"}},{"type":"Feature","geometry":{"type":"LineString","coordinates":[[113.5666829,22.204231],[113.566683,22.2042743],[113.566686,22.2043091],[113.5666876,22.2043471],[113.566689,22.2043913],[113.566689,22.204438],[113.5666828,22.2045115]]},"properties":{"key":"way:1217574844@detail:454_88","osmType":"way","osmId":1217574844,"sourceRegion":"macau","featureType":"infrastructure","railClass":"construction","mode":"construction","name":"未命名","usage":"main","service":"crossover","tunnel":"yes","status":"construction","color":"#52636f","sourceKey":"way:1217574844"}},{"type":"Feature","geometry":{"type":"LineString","coordinates":[[113.5678619,22.197154],[113.5677967,22.1970564],[113.5677672,22.1969769],[113.5677269,22.1968949],[113.5677068,22.1968062]]},"properties":{"key":"way:1217575916@detail:454_88","osmType":"way","osmId":1217575916,"sourceRegion":"macau","featureType":"infrastructure","railClass":"construction","mode":"construction","name":"未命名","usage":"main","service":"crossover","tunnel":"yes","status":"construction","color":"#52636f","sourceKey":"way:1217575916"}},{"type":"Feature","geometry":{"type":"LineString","coordinates":[[113.529537,22.1853522],[113.5293555,22.1846896],[113.5293275,22.1845016],[113.5293178,22.1843357],[113.5293281,22.1842037],[113.5293547,22.1838859]]},"properties":{"key":"way:1232770752@detail:454_88","osmType":"way","osmId":1232770752,"sourceRegion":"macau","featureType":"infrastructure","railClass":"light_rail","mode":"light_rail","name":"澳门轻轨凼仔线","nameEn":"Taipa Line of Macao LRT","usage":"main","tunnel":"yes","status":"operational","color":"#52636f","sourceKey":"way:1232770752"}},{"type":"Feature","geometry":{"type":"LineString","coordinates":[[113.5294743,22.1834177],[113.5293892,22.1842008],[113.5293855,22.1843602],[113.5294031,22.1845324],[113.5294164,22.1846193],[113.5294396,22.1847083],[113.5294899,22.1849379],[113.5296167,22.1853395]]},"properties":{"key":"way:1232770753@detail:454_88","osmType":"way","osmId":1232770753,"sourceRegion":"macau","featureType":"infrastructure","railClass":"light_rail","mode":"light_rail","name":"澳门轻轨凼仔线","nameEn":"Taipa Line of Macao LRT","usage":"main","tunnel":"yes","status":"operational","color":"#52636f","sourceKey":"way:1232770753"}},{"type":"Feature","geometry":{"type":"LineString","coordinates":[[113.5744828,22.1494514],[113.5744954,22.1493989],[113.5745047,22.1493592],[113.5745141,22.1493132],[113.5745262,22.1492747],[113.5745463,22.1492238],[113.5745705,22.1491791],[113.5749517,22.1486152],[113.5749755,22.1485816],[113.5750077,22.1485493],[113.5750707,22.1484897],[113.575119,22.1484524],[113.5751681,22.1484141]]},"properties":{"key":"way:1243221208@detail:454_88","osmType":"way","osmId":1243221208,"sourceRegion":"macau","featureType":"infrastructure","railClass":"light_rail","mode":"light_rail","name":"未命名","service":"yard","status":"operational","color":"#52636f","sourceKey":"way:1243221208"}},{"type":"Feature","geometry":{"type":"LineString","coordinates":[[113.5415013,22.2179099],[113.5407729,22.2180146],[113.5406087,22.2180296],[113.5403211,22.218046]]},"properties":{"key":"way:1249376344@detail:454_88","osmType":"way","osmId":1249376344,"sourceRegion":"macau","featureType":"infrastructure","railClass":"minor","mode":"rail","name":"未命名","service":"crossover","bridge":"yes","status":"operational","color":"#52636f","sourceKey":"way:1249376344"}},{"type":"Feature","geometry":{"type":"LineString","coordinates":[[113.540051,22.2179332],[113.5398952,22.2179014],[113.5397031,22.2178498],[113.5394806,22.2177779],[113.5392259,22.2176862],[113.5390187,22.2175967],[113.5386371,22.2173928],[113.5383298,22.2172334],[113.5381594,22.2171491]]},"properties":{"key":"way:1249376345@detail:454_88","osmType":"way","osmId":1249376345,"sourceRegion":"macau","featureType":"infrastructure","railClass":"national","mode":"rail","name":"珠海联络线","ref":"6718","usage":"main","bridge":"yes","status":"operational","color":"#E54848","sourceKey":"way:1249376345"}},{"type":"Feature","geometry":{"type":"LineString","coordinates":[[113.5632219,22.1379315],[113.5632231,22.1379829],[113.5632424,22.1386556]]},"properties":{"key":"way:1329898965@detail:454_88","osmType":"way","osmId":1329898965,"sourceRegion":"macau","featureType":"infrastructure","railClass":"light_rail","mode":"light_rail","name":"澳门轻轨石排湾线","nameEn":"Seac Pai Van Line of Macao LRT","service":"yard","bridge":"yes","status":"operational","color":"#52636f","sourceKey":"way:1329898965"}},{"type":"Feature","geometry":{"type":"LineString","coordinates":[[113.5633615,22.1379895],[113.5633657,22.1380623],[113.5633672,22.1380888],[113.5633704,22.1381458],[113.5633885,22.1382417],[113.5634134,22.1383336],[113.5634346,22.1383881],[113.5634643,22.138449],[113.5635088,22.1385097],[113.5635997,22.1385893],[113.563674,22.138637],[113.5637711,22.1386773],[113.563854,22.1386981],[113.5639635,22.1387021],[113.5640301,22.1386999],[113.564113,22.138694],[113.5641929,22.1386884],[113.5655999,22.1385674],[113.5658238,22.1385508],[113.5658887,22.1385474],[113.5659901,22.1385428],[113.5660655,22.1385428],[113.5661517,22.1385414],[113.5662435,22.138539],[113.5664681,22.138535]]},"properties":{"key":"way:1329898966@detail:454_88","osmType":"way","osmId":1329898966,"sourceRegion":"macau","featureType":"infrastructure","railClass":"light_rail","mode":"light_rail","name":"澳门轻轨石排湾线","nameEn":"Seac Pai Van Line of Macao LRT","service":"siding","bridge":"viaduct","status":"operational","color":"#52636f","sourceKey":"way:1329898966"}},{"type":"Feature","geometry":{"type":"LineString","coordinates":[[113.5633615,22.1379895],[113.5633573,22.1379167],[113.5633262,22.1373795]]},"properties":{"key":"way:1329949286@detail:454_88","osmType":"way","osmId":1329949286,"sourceRegion":"macau","featureType":"infrastructure","railClass":"light_rail","mode":"light_rail","name":"澳门轻轨石排湾线","nameEn":"Seac Pai Van Line of Macao LRT","usage":"main","bridge":"viaduct","status":"operational","color":"#52636f","sourceKey":"way:1329949286"}},{"type":"Feature","geometry":{"type":"LineString","coordinates":[[113.560472,22.131509],[113.5608996,22.1314924],[113.56185,22.1314553]]},"properties":{"key":"way:1329949287@detail:454_88","osmType":"way","osmId":1329949287,"sourceRegion":"macau","featureType":"infrastructure","railClass":"light_rail","mode":"light_rail","name":"澳门轻轨石排湾线","nameEn":"Seac Pai Van Line of Macao LRT","usage":"main","bridge":"yes","status":"operational","color":"#52636f","sourceKey":"way:1329949287"}},{"type":"Feature","geometry":{"type":"LineString","coordinates":[[113.5612339,22.1313978],[113.5604626,22.1314285]]},"properties":{"key":"way:1329949288@detail:454_88","osmType":"way","osmId":1329949288,"sourceRegion":"macau","featureType":"infrastructure","railClass":"light_rail","mode":"light_rail","name":"澳门轻轨石排湾线","nameEn":"Seac Pai Van Line of Macao LRT","usage":"main","bridge":"viaduct","status":"operational","color":"#52636f","sourceKey":"way:1329949288"}},{"type":"Feature","geometry":{"type":"LineString","coordinates":[[113.5446761,22.1436269],[113.5447619,22.1420383]]},"properties":{"key":"way:1339606702@detail:454_88","osmType":"way","osmId":1339606702,"sourceRegion":"macau","featureType":"infrastructure","railClass":"light_rail","mode":"light_rail","name":"澳门轻轨横琴线","nameEn":"Hengqin Line of Macao LRT","usage":"branch","service":"yard","tunnel":"yes","status":"operational","color":"#52636f","sourceKey":"way:1339606702"}},{"type":"Feature","geometry":{"type":"LineString","coordinates":[[113.5595427,22.1389992],[113.55972,22.1389816]]},"properties":{"key":"way:1339606703@detail:454_88","osmType":"way","osmId":1339606703,"sourceRegion":"macau","featureType":"infrastructure","railClass":"light_rail","mode":"light_rail","name":"澳门轻轨横琴线","nameEn":"Hengqin Line of Macao LRT","usage":"main","bridge":"yes","status":"operational","color":"#52636f","sourceKey":"way:1339606703"}},{"type":"Feature","geometry":{"type":"LineString","coordinates":[[113.5449223,22.1412341],[113.5449047,22.141265],[113.5448632,22.1413124],[113.5448341,22.1413491],[113.5448023,22.1414106]]},"properties":{"key":"way:1339992222@detail:454_88","osmType":"way","osmId":1339992222,"sourceRegion":"macau","featureType":"infrastructure","railClass":"light_rail","mode":"light_rail","name":"澳门轻轨横琴线","nameEn":"Hengqin Line of Macao LRT","service":"crossover","tunnel":"yes","status":"operational","color":"#52636f","sourceKey":"way:1339992222"}},{"type":"Feature","geometry":{"type":"LineString","coordinates":[[113.5447619,22.1420383],[113.5448023,22.1414106],[113.5448501,22.1406693]]},"properties":{"key":"way:1339992223@detail:454_88","osmType":"way","osmId":1339992223,"sourceRegion":"macau","featureType":"infrastructure","railClass":"light_rail","mode":"light_rail","name":"澳门轻轨横琴线","nameEn":"Hengqin Line of Macao LRT","usage":"branch","service":"yard","tunnel":"yes","status":"operational","color":"#52636f","sourceKey":"way:1339992223"}},{"type":"Feature","geometry":{"type":"MultiLineString","coordinates":[[[113.5692978,22.1500698],[113.5698727,22.1503208],[113.5699803,22.1503626],[113.5700928,22.1504002],[113.5701755,22.1504332],[113.5704596,22.1505456],[113.5707275,22.1506468],[113.5708021,22.1506761],[113.5709541,22.1507499],[113.5710337,22.1507926],[113.5711361,22.1508699],[113.5712448,22.1509826],[113.5712901,22.1510468],[113.5713481,22.1511422],[113.5713892,22.1512459],[113.5714136,22.1513588],[113.5714278,22.1514547],[113.5714342,22.1515762],[113.5714262,22.1517455],[113.5714158,22.1518672],[113.571399,22.1519765],[113.5713884,22.1520254],[113.5713517,22.1521195],[113.5712675,22.152249],[113.5710909,22.1525083],[113.5710416,22.152572],[113.5709972,22.1526268],[113.5709596,22.1526675],[113.5709312,22.1527005],[113.5708587,22.1527914],[113.5708096,22.1528764],[113.5703875,22.1535391],[113.5696156,22.1547873],[113.5695801,22.1548677],[113.5695434,22.154975],[113.5695249,22.1550355],[113.5695046,22.1551345],[113.5695006,22.1552158],[113.5695072,22.1553071],[113.5695219,22.1553803],[113.5695379,22.1554586],[113.5695719,22.1555399],[113.5696117,22.1556151],[113.5696573,22.1556872],[113.5697248,22.1557665],[113.569775,22.1558141],[113.5698572,22.1558812],[113.5699473,22.1559445],[113.5700502,22.156004],[113.5702136,22.1560765],[113.5702945,22.1561118],[113.5703855,22.156153],[113.571315,22.1565348],[113.5714966,22.1566134],[113.5720062,22.1568487],[113.5725267,22.1570915],[113.5730621,22.1573529],[113.5736216,22.1576262],[113.5737269,22.1576864],[113.5738154,22.1577523],[113.5738986,22.1578156],[113.5740012,22.1579026],[113.574044,22.1579466],[113.574083,22.1579889],[113.5741467,22.158064],[113.5742459,22.1581857],[113.5743331,22.1583175],[113.5744015,22.158464],[113.5744632,22.1586254],[113.5745195,22.1587609],[113.5745597,22.1588848],[113.5746006,22.1590218],[113.5746309,22.1591446],[113.5746624,22.1592931],[113.574711,22.1597086],[113.5747279,22.1597722],[113.5747527,22.1598604],[113.5747812,22.1599406],[113.5748194,22.1600308],[113.5748454,22.1600818],[113.5749091,22.160214],[113.5750211,22.1604606],[113.5750656,22.1605712],[113.5750869,22.1606319],[113.5751151,22.1607229],[113.5752028,22.1610139],[113.5754619,22.161902],[113.5754933,22.1620124],[113.5755046,22.1621261],[113.5754957,22.1622399],[113.5754667,22.1623508],[113.5754185,22.1624559],[113.5753523,22.1625522],[113.57527,22.1626371],[113.5751737,22.1627084],[113.5750661,22.1627641],[113.5749501,22.1628027],[113.5741204,22.1630017],[113.5733612,22.1631841],[113.5733366,22.1631953],[113.5732125,22.1632523],[113.5729048,22.1633262],[113.5722904,22.1634745],[113.5720101,22.1635409],[113.5719347,22.1635506],[113.5718111,22.1635602],[113.5717642,22.1635677],[113.5712466,22.163692]],[[113.5692978,22.1500698],[113.5692036,22.150028],[113.5691245,22.1499833],[113.5690601,22.1499374],[113.5690118,22.1498902],[113.5689528,22.1498181],[113.5689139,22.1497548],[113.5688844,22.149674],[113.568867,22.1496032],[113.5688657,22.1495337],[113.568871,22.1494517],[113.5688888,22.1493608],[113.5689823,22.1490353],[113.5690359,22.1488439],[113.5690668,22.148721],[113.5690963,22.1485794],[113.5691472,22.1482925],[113.5691767,22.1480608],[113.5692129,22.1477757],[113.5692211,22.1475848],[113.5692344,22.1472466],[113.5692344,22.1470193],[113.5692344,22.146895],[113.5692304,22.1466789],[113.569217,22.1465199],[113.5691848,22.1461758],[113.5691486,22.1458156],[113.5690581,22.1451186],[113.5690118,22.1448368],[113.568926,22.1443064],[113.5688629,22.143884],[113.5687704,22.1432058],[113.5686671,22.1424456],[113.5686258,22.1421687],[113.568592,22.1419425],[113.5685638,22.141709],[113.5685142,22.1411474],[113.5684914,22.1408605],[113.5684593,22.1403301],[113.5684478,22.1401436],[113.5684391,22.1400053],[113.5684264,22.1399162],[113.5684029,22.1398218],[113.5683707,22.1397413],[113.5683204,22.1396395],[113.5682818,22.1395818],[113.568191,22.1394729],[113.5680881,22.1393638],[113.5679751,22.1392718],[113.5675782,22.1389628],[113.5674175,22.1388583],[113.5673343,22.138814],[113.5672166,22.1387585],[113.5670666,22.1387007],[113.5669328,22.1386606],[113.5668003,22.1386279],[113.5666543,22.1386091],[113.5665119,22.1385934],[113.5663715,22.1385903],[113.5662167,22.138596],[113.566029,22.1386078],[113.5658679,22.1386185],[113.5657479,22.1386201],[113.5656014,22.1386305],[113.5654329,22.1386428],[113.565221,22.1386565],[113.5649681,22.1386763],[113.5648244,22.1386926],[113.5647265,22.1387069],[113.5645945,22.1387252],[113.5644853,22.1387378],[113.5643334,22.1387513],[113.5641987,22.1387615],[113.5640671,22.1387661],[113.5639786,22.1387687],[113.5638003,22.1387748],[113.5633088,22.1387569],[113.5630495,22.1387456],[113.5629098,22.1387414],[113.5628078,22.1387375],[113.5625921,22.1387347],[113.5623815,22.1387465],[113.5620997,22.1387674],[113.5615502,22.1388144],[113.5605936,22.1388929],[113.5605037,22.1389102],[113.5604501,22.1389226],[113.5604033,22.1389413],[113.560359,22.1389673],[113.560296,22.1390108],[113.560131,22.1391636],[113.5596556,22.139658],[113.5595329,22.139791],[113.5593728,22.1399513],[113.559295,22.1400134],[113.5592118,22.1400593],[113.5591207,22.1400842],[113.5590155,22.1400989],[113.5588993,22.140109],[113.5582102,22.1401582],[113.5581201,22.1401724],[113.5580142,22.1402034],[113.5579297,22.1402419],[113.5578493,22.1402916],[113.5577996,22.1403326],[113.5577514,22.1403873],[113.5577085,22.1404506],[113.5576857,22.1405055],[113.5576723,22.140568],[113.5576668,22.1406519],[113.5577459,22.1422729],[113.5577433,22.1424183],[113.5577366,22.1425413],[113.5577326,22.1426319],[113.5577273,22.1427227],[113.5577245,22.142822],[113.5577218,22.1429475],[113.5577219,22.143084],[113.5577219,22.1432046],[113.5578317,22.1453186],[113.5578361,22.1454032],[113.5579941,22.1488899],[113.557996,22.1489596],[113.5579968,22.149054],[113.5579865,22.1491594],[113.5579715,22.1492363],[113.5579466,22.1493278],[113.5579202,22.1493979],[113.5578733,22.1494907],[113.5578248,22.1495688],[113.5577669,22.14965],[113.5576925,22.1497365],[113.557574,22.1498475],[113.5574895,22.1499102],[113.5574227,22.1499465],[113.5573086,22.1499997],[113.557213,22.1500306],[113.5570903,22.1500604],[113.5568213,22.1501099],[113.5566175,22.1501472],[113.5563856,22.1502006],[113.5561663,22.1502557],[113.5559153,22.1503269],[113.5556818,22.1503969],[113.5555765,22.150431],[113.5554517,22.1504757],[113.5552636,22.1505479],[113.5549541,22.1506659],[113.5543084,22.1509328],[113.5537817,22.1511504],[113.5517138,22.152008],[113.5515811,22.1520814],[113.5514622,22.1521727],[113.5513597,22.1522799],[113.5512762,22.1524004],[113.5512458,22.1524639],[113.5512136,22.1525312],[113.5511734,22.1526694],[113.5511565,22.1528117],[113.5511634,22.1529547],[113.5511938,22.1530951]],[[113.5511938,22.1530951],[113.5519477,22.1545952],[113.5522019,22.1550982]],[[113.5522019,22.1550982],[113.5522439,22.1551648],[113.5523031,22.1552472],[113.5523734,22.1553291],[113.5524729,22.1554289],[113.5528908,22.1558163],[113.5529629,22.1559337],[113.5529821,22.1559991],[113.5529894,22.1560665],[113.5529846,22.1561328],[113.5529683,22.1561974],[113.5529409,22.1562587],[113.552903,22.156315],[113.5528557,22.1563649],[113.5528002,22.156407],[113.5527382,22.1564401],[113.5520804,22.1567286],[113.551933,22.1567842],[113.5517731,22.1568371],[113.5516109,22.1568805],[113.551435,22.1569204],[113.5512798,22.1569474],[113.551076,22.1569732],[113.5508707,22.1569901],[113.549856,22.157028],[113.5493882,22.1570604],[113.5492528,22.1570675],[113.5490677,22.1570754],[113.5475451,22.1570736],[113.5469894,22.1570742],[113.546946,22.1570742],[113.544988,22.1570645],[113.5448323,22.1570566],[113.5446879,22.1570441],[113.5445982,22.1570335],[113.5444276,22.1570065],[113.5442469,22.1569668],[113.5440179,22.1568977],[113.5436751,22.1567753],[113.5435036,22.156714],[113.5433885,22.1566671],[113.5433159,22.1566344],[113.5432594,22.1566042],[113.5431626,22.1565409],[113.5430707,22.1564513],[113.5428723,22.1562444],[113.5427966,22.1561847],[113.5427033,22.1561293],[113.5426005,22.1560915],[113.5425196,22.1560715],[113.5423844,22.1560602],[113.542291,22.1560673],[113.542192,22.1560868],[113.5421098,22.1561171],[113.5420274,22.1561606],[113.541958,22.1562115],[113.5418868,22.15629],[113.5418286,22.1563741],[113.5417669,22.1564779],[113.5417232,22.1565717],[113.5416743,22.1566907],[113.5416361,22.1567685],[113.5415992,22.1568545],[113.5415601,22.1569448]],[[113.5415601,22.1569448],[113.5414545,22.1571833],[113.5414023,22.1573291],[113.5413383,22.157496],[113.541162,22.1580596],[113.5411344,22.1581548],[113.5410777,22.1583404],[113.5409657,22.158704],[113.5409086,22.1589511],[113.5408204,22.1593249],[113.5407497,22.1596526],[113.5407338,22.1597716],[113.5406974,22.1600039],[113.5406639,22.1602462],[113.5406392,22.1604641],[113.5406129,22.1607355]],[[113.5406129,22.1607355],[113.5405701,22.1611978],[113.5405572,22.1613896],[113.540533,22.1616013],[113.5404954,22.1618701],[113.5404466,22.1621739],[113.5404185,22.1623447],[113.5403659,22.1626239],[113.5402831,22.1629911],[113.540079,22.1638134],[113.5397679,22.1648798]],[[113.5397679,22.1648798],[113.5397122,22.1650393],[113.5395027,22.1655961],[113.5394148,22.1658331]],[[113.5320756,22.1802191],[113.5321894,22.1801101],[113.5322648,22.1800153],[113.5323194,22.1799294],[113.5323725,22.1798333],[113.5324951,22.179604],[113.5331752,22.1782663],[113.533576,22.1774661],[113.5390055,22.1667272],[113.5390907,22.1665463],[113.5392462,22.1662289],[113.5393386,22.1660124],[113.5394148,22.1658331]],[[113.5293547,22.1838859],[113.5294529,22.1828812],[113.5294884,22.1826887],[113.529519,22.182503],[113.5295486,22.1823279],[113.5296069,22.1821717],[113.5296729,22.1820495],[113.5297929,22.1818767],[113.5299383,22.1816853],[113.5300862,22.1815096],[113.5301755,22.1814059],[113.530259,22.1813177],[113.5303323,22.1812407],[113.5305074,22.1810747],[113.53062,22.1809798],[113.530746,22.1808833],[113.5308368,22.1808204],[113.5309223,22.1807676],[113.5310277,22.1807103],[113.531181,22.1806378],[113.531388,22.180564],[113.5316674,22.180466],[113.5317549,22.180428],[113.5318935,22.1803527],[113.5319532,22.1803163],[113.5320081,22.1802726],[113.5320756,22.1802191]]]},"properties":{"key":"relation:10402162@detail:454_88","osmType":"relation","osmId":10402162,"sourceRegion":"macau","featureType":"service","railClass":"light_rail","mode":"light_rail","name":"氹仔線（氹仔碼頭=>媽閣）","nameEn":"Taipa Line (Taipa Ferry Terminal → Barra)","ref":"Taipa","operator":"港鐵軌道營運（澳門） MTR Operações Ferroviárias (Macau)","network":"澳門輕軌 Metro Ligeiro de Macau","status":"operational","color":"#96C93C","sourceKey":"relation:10402162"}},{"type":"Feature","geometry":{"type":"MultiLineString","coordinates":[[[113.5321365,22.1802442],[113.5320775,22.1802951],[113.5319923,22.1803602],[113.5319196,22.1804069],[113.5318519,22.1804444],[113.5317403,22.1804988],[113.5316595,22.1805318],[113.5314741,22.1805994],[113.5313078,22.1806572],[113.5311378,22.1807262],[113.531041,22.1807756],[113.5309357,22.1808329],[113.5308149,22.1809108],[113.5306967,22.1810052],[113.5306194,22.1810792],[113.5304753,22.181244],[113.5303357,22.1814108],[113.5301262,22.1816512],[113.530011,22.1817858],[113.5298808,22.1819417],[113.5297813,22.1820963],[113.5296987,22.1822581],[113.5296509,22.1823744],[113.5295842,22.182634],[113.5295482,22.1827727],[113.5295241,22.1828943],[113.5294743,22.1834177]],[[113.5321365,22.1802442],[113.5322478,22.1801393],[113.5323276,22.180036],[113.5323805,22.1799514],[113.5324306,22.1798577],[113.5325489,22.1796204],[113.5336246,22.1774992],[113.5390711,22.1667548],[113.5393043,22.1662585],[113.5394013,22.1660379],[113.5394721,22.1658569]],[[113.5394721,22.1658569],[113.5395984,22.1655721],[113.5397003,22.1653374],[113.539816,22.1650558],[113.5398732,22.1649097]],[[113.5407193,22.1607385],[113.5407016,22.160976],[113.5406765,22.1612407],[113.540642,22.1616508],[113.5406044,22.1619677],[113.5405781,22.162159],[113.5405416,22.1623265],[113.540481,22.1626253],[113.5404063,22.1629624],[113.5401951,22.1638457],[113.5400817,22.1642475],[113.539967,22.1646144],[113.5398732,22.1649097]],[[113.5416549,22.1569646],[113.5414478,22.1575923],[113.5412524,22.1581846],[113.541047,22.1587065],[113.5409865,22.1589032],[113.5409504,22.1590366],[113.5409265,22.1591574],[113.5408896,22.1593837],[113.5408518,22.1595646],[113.540817,22.1597255],[113.5407939,22.1599183],[113.5407772,22.1601155],[113.5407506,22.160385],[113.5407193,22.1607385]],[[113.5416549,22.1569646],[113.5418411,22.1565103],[113.541895,22.1564182],[113.5419583,22.1563289],[113.5420361,22.1562515],[113.5421189,22.1561966],[113.5422137,22.1561555],[113.5423281,22.1561285],[113.5424231,22.156124],[113.5425485,22.1561383],[113.5426311,22.1561631],[113.5427049,22.1561953],[113.5427693,22.1562371],[113.542847,22.1563004],[113.5430079,22.1564619],[113.5431045,22.1565613],[113.5431957,22.1566259],[113.5432802,22.156673],[113.5434062,22.1567327],[113.5435363,22.1567799],[113.5436772,22.156832],[113.5438595,22.1568978],[113.5440017,22.15695],[113.5442605,22.1570271],[113.5444228,22.1570606],[113.5445958,22.1570891],[113.5447581,22.1571053],[113.5449298,22.1571177],[113.5451386,22.1571205],[113.545202,22.1571214],[113.5469052,22.1571277],[113.5474858,22.1571283],[113.5475809,22.1571284],[113.5488753,22.1571288],[113.5490476,22.1571275],[113.5492564,22.1571216],[113.549393,22.157115],[113.5498583,22.157082],[113.5508743,22.1570444],[113.5510838,22.1570275],[113.5512909,22.1570005],[113.5514487,22.1569732],[113.5516262,22.1569332],[113.5517928,22.1568881],[113.5519542,22.1568349],[113.5521058,22.1567781],[113.5527653,22.156488],[113.5528367,22.1564495],[113.5528994,22.1564009],[113.5529527,22.1563446],[113.5529951,22.1562809],[113.5530251,22.1562109],[113.5530436,22.1561375],[113.5530478,22.1560623],[113.5530393,22.1559852],[113.5530138,22.1559053],[113.552933,22.1557778],[113.5525158,22.1553908],[113.5524198,22.1552948],[113.5523523,22.1552164],[113.5522951,22.1551373],[113.5522555,22.1550753]],[[113.5522555,22.1550753],[113.5517837,22.1541389],[113.5512466,22.1530728]],[[113.5512466,22.1530728],[113.551222,22.1529536],[113.5512151,22.1528183],[113.5512313,22.1526761],[113.5512674,22.1525534],[113.5513252,22.1524303],[113.5514039,22.1523156],[113.5515,22.1522142],[113.5516108,22.1521281],[113.5517369,22.1520577],[113.5538065,22.151195],[113.554776,22.1507978],[113.5549834,22.1507128],[113.5553632,22.1505668],[113.5555436,22.1504959],[113.5556689,22.1504528],[113.5558136,22.1504059],[113.5559833,22.1503542],[113.5562745,22.1502781],[113.5565625,22.1502097],[113.5567635,22.1501706],[113.5569597,22.1501343],[113.5570906,22.1501081],[113.5571836,22.1500915],[113.5572887,22.1500608],[113.5573761,22.1500281],[113.5574609,22.1499867],[113.5575852,22.1499059],[113.5577219,22.1497816],[113.5578282,22.1496628],[113.5579032,22.1495497],[113.5579367,22.1494896],[113.5579755,22.1494046],[113.5580088,22.1492985],[113.5580325,22.1491757],[113.5580463,22.1490286],[113.5580479,22.1489039],[113.5578975,22.1454083],[113.5578692,22.1448437],[113.5577872,22.1432108],[113.5577848,22.1430929],[113.5577888,22.1429435],[113.5577915,22.1427828],[113.5577955,22.1426373],[113.5578006,22.1424618],[113.5578016,22.1423063],[113.5577312,22.1406782],[113.557734,22.1406042],[113.5577424,22.1405436],[113.5577656,22.1404858],[113.557801,22.1404257],[113.5578392,22.1403817],[113.5578961,22.1403306],[113.5579842,22.1402756],[113.558038,22.1402525],[113.5580967,22.1402309],[113.5582049,22.1402105],[113.5590047,22.1401515],[113.5591152,22.1401361],[113.5591993,22.1401155],[113.5592634,22.1400885],[113.5593216,22.1400564],[113.5593772,22.1400111],[113.5594328,22.1399609],[113.5596422,22.1397416],[113.5599878,22.1393716],[113.5600337,22.1393224],[113.5602471,22.1391109],[113.5603112,22.1390631],[113.5603894,22.1390144],[113.5604248,22.1389991],[113.5604994,22.1389687],[113.5605781,22.138946],[113.5606644,22.1389297],[113.5607627,22.1389183],[113.5624032,22.138783],[113.5625801,22.1387721],[113.5626789,22.1387693],[113.5628118,22.138774],[113.5629353,22.1387796],[113.5633356,22.1387976],[113.5635086,22.1388054],[113.5636977,22.1388102],[113.5637695,22.1388125],[113.5638533,22.1388111],[113.5640416,22.1388085],[113.5642335,22.1387981],[113.5644223,22.1387811],[113.5645405,22.1387727],[113.5646699,22.1387637],[113.5647957,22.1387645],[113.5649376,22.1387607],[113.5651554,22.1387411],[113.5654053,22.1387204],[113.5655732,22.1387003],[113.5657638,22.1386794],[113.5659015,22.1386611],[113.566007,22.1386486],[113.5661333,22.1386377],[113.5662787,22.1386287],[113.5664183,22.1386305],[113.5665441,22.138638],[113.5666933,22.138655],[113.5668233,22.1386797],[113.5669425,22.1387082],[113.5670469,22.1387394],[113.567172,22.1387866],[113.567296,22.1388424],[113.5674065,22.1389004],[113.5675493,22.1389873],[113.5676763,22.1390796],[113.5679897,22.1393376],[113.5680831,22.1394202],[113.5681558,22.1394956],[113.5682126,22.1395627],[113.5682613,22.139633],[113.5683078,22.1397117],[113.5683349,22.1397735],[113.5683704,22.1398805],[113.5683869,22.1399509],[113.568394,22.1399998],[113.568399,22.1400718],[113.5684283,22.1405181],[113.5684627,22.1411674],[113.5685119,22.141745],[113.5685411,22.1420042],[113.5685608,22.1421088]],[[113.5685608,22.1421088],[113.5686431,22.1426395],[113.5686555,22.1427195],[113.5686961,22.1429893],[113.5688865,22.1444558],[113.5690485,22.1454489],[113.5691376,22.1462235],[113.5691774,22.1467348],[113.5691865,22.1468893],[113.5691901,22.1472338],[113.5691768,22.1475935],[113.569143,22.1479747],[113.5691169,22.148188],[113.5690858,22.1483877],[113.5690701,22.1484842],[113.5690571,22.1485566],[113.5690253,22.1487001],[113.5689726,22.1489132],[113.568852,22.1493526],[113.5688308,22.1494306],[113.5688227,22.1495039],[113.5688254,22.1495722],[113.5688442,22.1496691],[113.5688831,22.1497734],[113.5689448,22.149874],[113.5690212,22.149951],[113.5691044,22.1500119],[113.5691956,22.150064],[113.5692842,22.150104],[113.5698698,22.150358],[113.5699964,22.1504168],[113.5700423,22.1504454],[113.5701509,22.1505126],[113.5703551,22.1506066],[113.5709665,22.1508423],[113.5710206,22.1508708],[113.571079,22.1509022],[113.5711551,22.1509607],[113.5712344,22.1510498],[113.5712885,22.1511389],[113.5713251,22.151224],[113.5713572,22.151326],[113.5713784,22.1514404],[113.5713813,22.1515554],[113.5713801,22.151656],[113.571367,22.1518361],[113.5713376,22.1519332],[113.5712948,22.1520155],[113.5712473,22.152096],[113.5710149,22.1524439],[113.570774,22.1528237],[113.5704928,22.1532618],[113.5704665,22.1533029],[113.5699924,22.1540677],[113.5695811,22.1547642],[113.5695217,22.1548966],[113.5694903,22.1549936],[113.569475,22.1550724],[113.569466,22.1551889],[113.5694691,22.1552721],[113.5694775,22.1553403],[113.5694963,22.1554242],[113.5695182,22.1554957],[113.5695416,22.1555564],[113.5695827,22.1556408],[113.5696314,22.1557126],[113.5696916,22.1557905],[113.5697486,22.1558436],[113.5697894,22.1558855],[113.569853,22.1559343],[113.5699498,22.1559982],[113.5700675,22.1560594],[113.5701714,22.1561092],[113.570387,22.1561999],[113.5714311,22.1566304],[113.572192,22.1569747],[113.5726636,22.1571963],[113.573297,22.1575052],[113.5735211,22.1576132],[113.573598,22.1576534],[113.5736664,22.1576938],[113.5737491,22.1577437],[113.5738412,22.1578133],[113.5739722,22.1579224],[113.5740838,22.1580429],[113.5741987,22.1581936],[113.5742319,22.1582399],[113.5743088,22.1583667],[113.5743625,22.1584767],[113.5743955,22.1585602],[113.5744527,22.1586961],[113.5745092,22.1588604],[113.5745428,22.1589771],[113.5745686,22.1590758],[113.5745833,22.1591477],[113.5746326,22.1595216],[113.5746581,22.1597074],[113.5746919,22.1598477],[113.5747356,22.1599808],[113.5748021,22.1601202],[113.5748604,22.1602445],[113.5749622,22.1604714],[113.5750141,22.1605901],[113.5750329,22.1606461],[113.5750624,22.1607283],[113.5751447,22.1610122],[113.5754082,22.1619146],[113.5754379,22.1620157],[113.5754483,22.1621214],[113.5754415,22.1622266],[113.5754156,22.1623306],[113.5753723,22.1624271],[113.5753116,22.1625167],[113.5752355,22.1625963],[113.575147,22.162662],[113.5750481,22.1627148],[113.5749358,22.1627523],[113.5738656,22.1630091],[113.5736117,22.16307],[113.5731506,22.1631806],[113.5719908,22.1634589],[113.5712328,22.1636407]]]},"properties":{"key":"relation:10402173@detail:454_88","osmType":"relation","osmId":10402173,"sourceRegion":"macau","featureType":"service","railClass":"light_rail","mode":"light_rail","name":"氹仔線（媽閣 =>氹仔碼頭）","nameEn":"Taipa Line (Barra → Taipa Ferry Terminal)","ref":"Taipa","operator":"港鐵軌道營運（澳門） MTR Operações Ferroviárias (Macau)","network":"澳門輕軌 Metro Ligeiro de Macau","status":"operational","color":"#96C93C","sourceKey":"relation:10402173"}},{"type":"Feature","geometry":{"type":"LineString","coordinates":[[113.56185,22.1314553],[113.5620436,22.1314478],[113.5621533,22.1314476],[113.5622649,22.1314526],[113.5623584,22.1314671],[113.5624737,22.1314992],[113.5625439,22.131531],[113.5626268,22.1315841],[113.5626758,22.1316171],[113.5627448,22.1316843],[113.5627839,22.1317338],[113.5628204,22.1317879],[113.5628593,22.1318541],[113.5629035,22.1319431],[113.5629321,22.132023],[113.5629461,22.1320974],[113.5631057,22.1353559],[113.5631117,22.1354448],[113.5631124,22.1355354],[113.563108,22.1356226],[113.5631036,22.1357063],[113.5630975,22.1358087],[113.563095,22.1359066],[113.5630974,22.1360023],[113.5631093,22.136231],[113.5631705,22.137114],[113.5632219,22.1379315]]},"properties":{"key":"relation:18238277@detail:454_88","osmType":"relation","osmId":18238277,"sourceRegion":"macau","featureType":"service","railClass":"light_rail","mode":"light_rail","name":"石排灣線（石排灣 → 協和醫院）","nameEn":"Seac Pai Van Line (Seac Pai Van → Union Hospital)","ref":"Seac Pai Van","operator":"港鐵軌道營運（澳門） MTR Operações Ferroviárias (Macau)","network":"澳門輕軌 Metro Ligeiro de Macau","status":"operational","color":"#8966C3","sourceKey":"relation:18238277"}},{"type":"Feature","geometry":{"type":"LineString","coordinates":[[113.5633262,22.1373795],[113.5632915,22.1367817],[113.5632776,22.1365379],[113.5632366,22.1359735],[113.5632298,22.1358982],[113.5632177,22.1358105],[113.5631991,22.1357004],[113.5631677,22.1355539],[113.5631504,22.1354536],[113.5631399,22.1353521],[113.5629888,22.132073],[113.5629607,22.1319376],[113.5629389,22.1318866],[113.562895,22.1317951],[113.5628207,22.1317021],[113.5627122,22.1315814],[113.5626326,22.1315197],[113.5625584,22.1314641],[113.5624728,22.1314206],[113.5623678,22.1313897],[113.5622701,22.1313751],[113.5622015,22.1313682],[113.5621345,22.1313666],[113.562053,22.1313685],[113.5612339,22.1313978]]},"properties":{"key":"relation:18238278@detail:454_88","osmType":"relation","osmId":18238278,"sourceRegion":"macau","featureType":"service","railClass":"light_rail","mode":"light_rail","name":"石排灣線（協和醫院 → 石排灣）","nameEn":"Seac Pai Van Line (Union Hospital → Seac Pai Van)","ref":"Seac Pai Van","operator":"港鐵軌道營運（澳門） MTR Operações Ferroviárias (Macau)","network":"澳門輕軌 Metro Ligeiro de Macau","status":"operational","color":"#8966C3","sourceKey":"relation:18238278"}},{"type":"Feature","geometry":{"type":"MultiLineString","coordinates":[[[113.5448501,22.1406693],[113.5449181,22.1394861],[113.5449335,22.1393829],[113.544958,22.1392883],[113.5450217,22.1391479],[113.5450655,22.1390664],[113.5451137,22.1389987],[113.5451917,22.1388721],[113.5452459,22.1388081],[113.5453378,22.1387044],[113.5454562,22.1385793],[113.5457343,22.1383339],[113.5459668,22.1382027],[113.5462132,22.1380939],[113.5465405,22.1380245],[113.5468084,22.1379842],[113.5470805,22.1379761],[113.5474165,22.1380039],[113.5478234,22.138114],[113.5509523,22.1391382],[113.5513194,22.1392359],[113.5516627,22.1393192],[113.5519836,22.1393862],[113.5523312,22.1394397],[113.5526476,22.1394655],[113.5528545,22.1394694],[113.5530101,22.1394679],[113.5533445,22.1394562],[113.5550432,22.1393349]],[[113.5550432,22.1393349],[113.5583743,22.1390829],[113.5595427,22.1389992]]]},"properties":{"key":"relation:18361945@detail:454_88","osmType":"relation","osmId":18361945,"sourceRegion":"macau","featureType":"service","railClass":"light_rail","mode":"light_rail","name":"橫琴線（橫琴 → 蓮花）","nameEn":"Hengqin line (Hengqin → Lotus)","ref":"Hengqin","operator":"港鐵軌道營運（澳門） MTR Operações Ferroviárias (Macau)","network":"澳門輕軌 Metro Ligeiro de Macau","status":"operational","color":"#B82A3C","sourceKey":"relation:18361945"}},{"type":"Feature","geometry":{"type":"MultiLineString","coordinates":[[[113.5550432,22.1393349],[113.5583743,22.1390829],[113.5595427,22.1389992]],[[113.5448501,22.1406693],[113.5449181,22.1394861],[113.5449335,22.1393829],[113.544958,22.1392883],[113.5450217,22.1391479],[113.5450655,22.1390664],[113.5451137,22.1389987],[113.5451917,22.1388721],[113.5452459,22.1388081],[113.5453378,22.1387044],[113.5454562,22.1385793],[113.5457343,22.1383339],[113.5459668,22.1382027],[113.5462132,22.1380939],[113.5465405,22.1380245],[113.5468084,22.1379842],[113.5470805,22.1379761],[113.5474165,22.1380039],[113.5478234,22.138114],[113.5509523,22.1391382],[113.5513194,22.1392359],[113.5516627,22.1393192],[113.5519836,22.1393862],[113.5523312,22.1394397],[113.5526476,22.1394655],[113.5528545,22.1394694],[113.5530101,22.1394679],[113.5533445,22.1394562],[113.5550432,22.1393349]]]},"properties":{"key":"relation:18361946@detail:454_88","osmType":"relation","osmId":18361946,"sourceRegion":"macau","featureType":"service","railClass":"light_rail","mode":"light_rail","name":"橫琴線（蓮花 → 橫琴）","nameEn":"Hengqin line (Lotus → Hengqin)","ref":"Hengqin","operator":"港鐵軌道營運（澳門） MTR Operações Ferroviárias (Macau)","network":"澳門輕軌 Metro Ligeiro de Macau","status":"operational","color":"#B82A3C","sourceKey":"relation:18361946"}},{"type":"Feature","geometry":{"type":"Point","coordinates":[113.5205474,22.2373744]},"properties":{"key":"node:1748599652","osmType":"node","osmId":1748599652,"sourceRegion":"guangdong","featureType":"station","railClass":"minor","mode":"stop","name":"前山","nameEn":"Qianshan","status":"operational","color":"#52636F","dataOrigin":"datum-2026-08-01","sourceKey":"node:1748599652","stationGroup":"前山","hasOperationalRail":true,"hasConstructionRail":false}},{"type":"Feature","geometry":{"type":"Point","coordinates":[113.5439519,22.2180396]},"properties":{"key":"node:1765179689","osmType":"node","osmId":1765179689,"sourceRegion":"guangdong","featureType":"station","railClass":"minor","mode":"stop","name":"珠海","nameEn":"Zhuhai","status":"operational","color":"#52636F","dataOrigin":"datum-2026-08-01","sourceKey":"node:1765179689","stationGroup":"珠海","hasOperationalRail":true,"hasConstructionRail":false}},{"type":"Feature","geometry":{"type":"Point","coordinates":[113.5360367,22.1071931]},"properties":{"key":"node:2936898102","osmType":"node","osmId":2936898102,"sourceRegion":"guangdong","featureType":"station","railClass":"minor","mode":"stop","name":"珠海长隆","nameEn":"Zhuhaichanglong","status":"operational","color":"#52636F","dataOrigin":"datum-2026-08-01","sourceKey":"node:2936898102","stationGroup":"珠海长隆","hasOperationalRail":true,"hasConstructionRail":false}},{"type":"Feature","geometry":{"type":"Point","coordinates":[113.5293547,22.1838859]},"properties":{"key":"node:4439967842","osmType":"node","osmId":4439967842,"sourceRegion":"guangdong","featureType":"station","railClass":"light_rail","mode":"stop","name":"媽閣","nameEn":"Barra","status":"operational","color":"#5969c9","dataOrigin":"datum-2026-08-01","sourceKey":"node:4439967842","stationGroup":"媽閣","hasOperationalRail":true,"hasConstructionRail":false}},{"type":"Feature","geometry":{"type":"Point","coordinates":[113.5294743,22.1834177]},"properties":{"key":"node:5898522032","osmType":"node","osmId":5898522032,"sourceRegion":"guangdong","featureType":"station","railClass":"light_rail","mode":"stop","name":"媽閣","nameEn":"Barra","status":"operational","color":"#5969c9","dataOrigin":"datum-2026-08-01","sourceKey":"node:5898522032","stationGroup":"媽閣","hasOperationalRail":true,"hasConstructionRail":false}},{"type":"Feature","geometry":{"type":"Point","coordinates":[113.5543084,22.1509328]},"properties":{"key":"node:7051540681","osmType":"node","osmId":7051540681,"sourceRegion":"guangdong","featureType":"station","railClass":"light_rail","mode":"stop","name":"排角","nameEn":"Pai Kok","status":"operational","color":"#52a458","dataOrigin":"datum-2026-08-01","sourceKey":"node:7051540681","stationGroup":"排角","hasOperationalRail":true,"hasConstructionRail":false}},{"type":"Feature","geometry":{"type":"Point","coordinates":[113.554776,22.1507978]},"properties":{"key":"node:7051540682","osmType":"node","osmId":7051540682,"sourceRegion":"guangdong","featureType":"station","railClass":"light_rail","mode":"stop","name":"排角","nameEn":"Pai Kok","status":"operational","color":"#52a458","dataOrigin":"datum-2026-08-01","sourceKey":"node:7051540682","stationGroup":"排角","hasOperationalRail":true,"hasConstructionRail":false}},{"type":"Feature","geometry":{"type":"Point","coordinates":[113.5704928,22.1532618]},"properties":{"key":"node:7051540684","osmType":"node","osmId":7051540684,"sourceRegion":"guangdong","featureType":"station","railClass":"light_rail","mode":"stop","name":"科大","nameEn":"MUST","status":"operational","color":"#3387c8","dataOrigin":"datum-2026-08-01","sourceKey":"node:7051540684","stationGroup":"科大","hasOperationalRail":true,"hasConstructionRail":false}},{"type":"Feature","geometry":{"type":"Point","coordinates":[113.5708096,22.1528764]},"properties":{"key":"node:7051569785","osmType":"node","osmId":7051569785,"sourceRegion":"guangdong","featureType":"station","railClass":"light_rail","mode":"stop","name":"科大","nameEn":"MUST","status":"operational","color":"#3387c8","dataOrigin":"datum-2026-08-01","sourceKey":"node:7051569785","stationGroup":"科大","hasOperationalRail":true,"hasConstructionRail":false}},{"type":"Feature","geometry":{"type":"Point","coordinates":[113.5690701,22.1484842]},"properties":{"key":"node:7051569787","osmType":"node","osmId":7051569787,"sourceRegion":"guangdong","featureType":"station","railClass":"light_rail","mode":"stop","name":"路氹東","nameEn":"Cotai East","status":"operational","color":"#c94f8c","dataOrigin":"datum-2026-08-01","sourceKey":"node:7051569787","stationGroup":"路氹東","hasOperationalRail":true,"hasConstructionRail":false}},{"type":"Feature","geometry":{"type":"Point","coordinates":[113.5691767,22.1480608]},"properties":{"key":"node:7051569788","osmType":"node","osmId":7051569788,"sourceRegion":"guangdong","featureType":"station","railClass":"light_rail","mode":"stop","name":"路氹東","nameEn":"Cotai East","status":"operational","color":"#c94f8c","dataOrigin":"datum-2026-08-01","sourceKey":"node:7051569788","stationGroup":"路氹東","hasOperationalRail":true,"hasConstructionRail":false}},{"type":"Feature","geometry":{"type":"Point","coordinates":[113.5686431,22.1426395]},"properties":{"key":"node:7051569790","osmType":"node","osmId":7051569790,"sourceRegion":"guangdong","featureType":"station","railClass":"light_rail","mode":"stop","name":"東亞運","nameEn":"East Asian Games","status":"operational","color":"#e7822f","dataOrigin":"datum-2026-08-01","sourceKey":"node:7051569790","stationGroup":"東亞運","hasOperationalRail":true,"hasConstructionRail":false}},{"type":"Feature","geometry":{"type":"Point","coordinates":[113.5686258,22.1421687]},"properties":{"key":"node:7051569791","osmType":"node","osmId":7051569791,"sourceRegion":"guangdong","featureType":"station","railClass":"light_rail","mode":"stop","name":"東亞運","nameEn":"East Asian Games","status":"operational","color":"#e7822f","dataOrigin":"datum-2026-08-01","sourceKey":"node:7051569791","stationGroup":"東亞運","hasOperationalRail":true,"hasConstructionRail":false}},{"type":"Feature","geometry":{"type":"Point","coordinates":[113.5596556,22.139658]},"properties":{"key":"node:7051569793","osmType":"node","osmId":7051569793,"sourceRegion":"guangdong","featureType":"station","railClass":"light_rail","mode":"stop","name":"蓮花","nameEn":"Lotus","status":"operational","color":"#d94c4c","dataOrigin":"datum-2026-08-01","sourceKey":"node:7051569793","stationGroup":"蓮花","hasOperationalRail":true,"hasConstructionRail":false}},{"type":"Feature","geometry":{"type":"Point","coordinates":[113.5599878,22.1393716]},"properties":{"key":"node:7051569794","osmType":"node","osmId":7051569794,"sourceRegion":"guangdong","featureType":"station","railClass":"light_rail","mode":"stop","name":"蓮花","nameEn":"Lotus","status":"operational","color":"#d94c4c","dataOrigin":"datum-2026-08-01","sourceKey":"node:7051569794","stationGroup":"蓮花","hasOperationalRail":true,"hasConstructionRail":false}},{"type":"Feature","geometry":{"type":"Point","coordinates":[113.5578317,22.1453186]},"properties":{"key":"node:7051569796","osmType":"node","osmId":7051569796,"sourceRegion":"guangdong","featureType":"station","railClass":"light_rail","mode":"stop","name":"路氹西","nameEn":"Cotai West","status":"operational","color":"#8c5abe","dataOrigin":"datum-2026-08-01","sourceKey":"node:7051569796","stationGroup":"路氹西","hasOperationalRail":true,"hasConstructionRail":false}},{"type":"Feature","geometry":{"type":"Point","coordinates":[113.5578692,22.1448437]},"properties":{"key":"node:7051569797","osmType":"node","osmId":7051569797,"sourceRegion":"guangdong","featureType":"station","railClass":"light_rail","mode":"stop","name":"路氹西","nameEn":"Cotai West","status":"operational","color":"#8c5abe","dataOrigin":"datum-2026-08-01","sourceKey":"node:7051569797","stationGroup":"路氹西","hasOperationalRail":true,"hasConstructionRail":false}},{"type":"Feature","geometry":{"type":"Point","coordinates":[113.5517837,22.1541389]},"properties":{"key":"node:7051569799","osmType":"node","osmId":7051569799,"sourceRegion":"guangdong","featureType":"station","railClass":"light_rail","mode":"stop","name":"運動場","nameEn":"Stadium Station","status":"operational","color":"#3387c8","dataOrigin":"datum-2026-08-01","sourceKey":"node:7051569799","stationGroup":"運動場","hasOperationalRail":true,"hasConstructionRail":false}},{"type":"Feature","geometry":{"type":"Point","coordinates":[113.5519477,22.1545952]},"properties":{"key":"node:7051569800","osmType":"node","osmId":7051569800,"sourceRegion":"guangdong","featureType":"station","railClass":"light_rail","mode":"stop","name":"運動場","nameEn":"Stadium Station","status":"operational","color":"#3387c8","dataOrigin":"datum-2026-08-01","sourceKey":"node:7051569800","stationGroup":"運動場","hasOperationalRail":true,"hasConstructionRail":false}},{"type":"Feature","geometry":{"type":"Point","coordinates":[113.5474858,22.1571283]},"properties":{"key":"node:7051569802","osmType":"node","osmId":7051569802,"sourceRegion":"guangdong","featureType":"station","railClass":"light_rail","mode":"stop","name":"馬會","nameEn":"Jockey Club","status":"operational","color":"#3387c8","dataOrigin":"datum-2026-08-01","sourceKey":"node:7051569802","stationGroup":"馬會","hasOperationalRail":true,"hasConstructionRail":false}},{"type":"Feature","geometry":{"type":"Point","coordinates":[113.5469894,22.1570742]},"properties":{"key":"node:7051569803","osmType":"node","osmId":7051569803,"sourceRegion":"guangdong","featureType":"station","railClass":"light_rail","mode":"stop","name":"馬會","nameEn":"Jockey Club","status":"operational","color":"#3387c8","dataOrigin":"datum-2026-08-01","sourceKey":"node:7051569803","stationGroup":"馬會","hasOperationalRail":true,"hasConstructionRail":false}},{"type":"Feature","geometry":{"type":"Point","coordinates":[113.5746326,22.1595216]},"properties":{"key":"node:7051569805","osmType":"node","osmId":7051569805,"sourceRegion":"guangdong","featureType":"station","railClass":"light_rail","mode":"stop","name":"機場","nameEn":"Airport","status":"operational","color":"#3387c8","dataOrigin":"datum-2026-08-01","sourceKey":"node:7051569805","stationGroup":"機場","hasOperationalRail":true,"hasConstructionRail":false}},{"type":"Feature","geometry":{"type":"Point","coordinates":[113.5746624,22.1592931]},"properties":{"key":"node:7051569806","osmType":"node","osmId":7051569806,"sourceRegion":"guangdong","featureType":"station","railClass":"light_rail","mode":"stop","name":"機場","nameEn":"Airport","status":"operational","color":"#3387c8","dataOrigin":"datum-2026-08-01","sourceKey":"node:7051569806","stationGroup":"機場","hasOperationalRail":true,"hasConstructionRail":false}},{"type":"Feature","geometry":{"type":"Point","coordinates":[113.5741204,22.1630017]},"properties":{"key":"node:7051569808","osmType":"node","osmId":7051569808,"sourceRegion":"guangdong","featureType":"station","railClass":"light_rail","mode":"stop","name":"氹仔碼頭","nameEn":"Taipa Ferry Terminal","status":"operational","color":"#96C93C","dataOrigin":"datum-2026-08-01","sourceKey":"node:7051569808","stationGroup":"氹仔碼頭","hasOperationalRail":true,"hasConstructionRail":false}},{"type":"Feature","geometry":{"type":"Point","coordinates":[113.5736117,22.16307]},"properties":{"key":"node:7051569809","osmType":"node","osmId":7051569809,"sourceRegion":"guangdong","featureType":"station","railClass":"light_rail","mode":"stop","name":"氹仔碼頭","nameEn":"Taipa Ferry Terminal","status":"operational","color":"#96C93C","dataOrigin":"datum-2026-08-01","sourceKey":"node:7051569809","stationGroup":"氹仔碼頭","hasOperationalRail":true,"hasConstructionRail":false}},{"type":"Feature","geometry":{"type":"Point","coordinates":[113.541162,22.1580596]},"properties":{"key":"node:7051569811","osmType":"node","osmId":7051569811,"sourceRegion":"guangdong","featureType":"station","railClass":"light_rail","mode":"stop","name":"海洋","nameEn":"Ocean","status":"operational","color":"#3387c8","dataOrigin":"datum-2026-08-01","sourceKey":"node:7051569811","stationGroup":"海洋","hasOperationalRail":true,"hasConstructionRail":false}},{"type":"Feature","geometry":{"type":"Point","coordinates":[113.5414478,22.1575923]},"properties":{"key":"node:7051569812","osmType":"node","osmId":7051569812,"sourceRegion":"guangdong","featureType":"station","railClass":"light_rail","mode":"stop","name":"海洋","nameEn":"Ocean","status":"operational","color":"#3387c8","dataOrigin":"datum-2026-08-01","sourceKey":"node:7051569812","stationGroup":"海洋","hasOperationalRail":true,"hasConstructionRail":false}},{"type":"Feature","geometry":{"type":"Point","coordinates":[113.5360792,22.1071123]},"properties":{"key":"node:8401411968","osmType":"node","osmId":8401411968,"sourceRegion":"guangdong","featureType":"station","railClass":"minor","mode":"stop","name":"珠海长隆","nameEn":"Zhuhaichanglong","status":"operational","color":"#52636F","dataOrigin":"datum-2026-08-01","sourceKey":"node:8401411968","stationGroup":"珠海长隆","hasOperationalRail":true,"hasConstructionRail":false}},{"type":"Feature","geometry":{"type":"Point","coordinates":[113.5439512,22.217855]},"properties":{"key":"node:8797148615","osmType":"node","osmId":8797148615,"sourceRegion":"guangdong","featureType":"station","railClass":"minor","mode":"stop","name":"珠海","nameEn":"Zhuhai","status":"operational","color":"#52636F","dataOrigin":"datum-2026-08-01","sourceKey":"node:8797148615","stationGroup":"珠海","hasOperationalRail":true,"hasConstructionRail":false}},{"type":"Feature","geometry":{"type":"Point","coordinates":[113.5439563,22.2182015]},"properties":{"key":"node:8797148616","osmType":"node","osmId":8797148616,"sourceRegion":"guangdong","featureType":"station","railClass":"minor","mode":"stop","name":"珠海","nameEn":"Zhuhai","status":"operational","color":"#52636F","dataOrigin":"datum-2026-08-01","sourceKey":"node:8797148616","stationGroup":"珠海","hasOperationalRail":true,"hasConstructionRail":false}},{"type":"Feature","geometry":{"type":"Point","coordinates":[113.5439534,22.217894]},"properties":{"key":"node:8797152217","osmType":"node","osmId":8797152217,"sourceRegion":"guangdong","featureType":"station","railClass":"minor","mode":"stop","name":"珠海","nameEn":"Zhuhai","status":"operational","color":"#52636F","dataOrigin":"datum-2026-08-01","sourceKey":"node:8797152217","stationGroup":"珠海","hasOperationalRail":true,"hasConstructionRail":false}},{"type":"Feature","geometry":{"type":"Point","coordinates":[113.5439493,22.218]},"properties":{"key":"node:8797152218","osmType":"node","osmId":8797152218,"sourceRegion":"guangdong","featureType":"station","railClass":"minor","mode":"stop","name":"珠海","nameEn":"Zhuhai","status":"operational","color":"#52636F","dataOrigin":"datum-2026-08-01","sourceKey":"node:8797152218","stationGroup":"珠海","hasOperationalRail":true,"hasConstructionRail":false}},{"type":"Feature","geometry":{"type":"Point","coordinates":[113.5439591,22.2181639]},"properties":{"key":"node:8797152219","osmType":"node","osmId":8797152219,"sourceRegion":"guangdong","featureType":"station","railClass":"minor","mode":"stop","name":"珠海","nameEn":"Zhuhai","status":"operational","color":"#52636F","dataOrigin":"datum-2026-08-01","sourceKey":"node:8797152219","stationGroup":"珠海","hasOperationalRail":true,"hasConstructionRail":false}},{"type":"Feature","geometry":{"type":"Point","coordinates":[113.5427717,22.2176496]},"properties":{"key":"node:8797152220","osmType":"node","osmId":8797152220,"sourceRegion":"guangdong","featureType":"station","railClass":"minor","mode":"stop","name":"珠海","nameEn":"Zhuhai","status":"operational","color":"#52636F","dataOrigin":"datum-2026-08-01","sourceKey":"node:8797152220","stationGroup":"珠海","hasOperationalRail":true,"hasConstructionRail":false}},{"type":"Feature","geometry":{"type":"Point","coordinates":[113.5427646,22.2175173]},"properties":{"key":"node:8797152221","osmType":"node","osmId":8797152221,"sourceRegion":"guangdong","featureType":"station","railClass":"minor","mode":"stop","name":"珠海","nameEn":"Zhuhai","status":"operational","color":"#52636F","dataOrigin":"datum-2026-08-01","sourceKey":"node:8797152221","stationGroup":"珠海","hasOperationalRail":true,"hasConstructionRail":false}},{"type":"Feature","geometry":{"type":"Point","coordinates":[113.5630495,22.1387456]},"properties":{"key":"node:10132281749","osmType":"node","osmId":10132281749,"sourceRegion":"guangdong","featureType":"station","railClass":"light_rail","mode":"stop","name":"協和醫院","nameEn":"Union Hospital","status":"operational","color":"#d94c4c","dataOrigin":"datum-2026-08-01","sourceKey":"node:10132281749","stationGroup":"協和醫院","hasOperationalRail":true,"hasConstructionRail":false}},{"type":"Feature","geometry":{"type":"Point","coordinates":[113.5635086,22.1388054]},"properties":{"key":"node:10543085123","osmType":"node","osmId":10543085123,"sourceRegion":"guangdong","featureType":"station","railClass":"light_rail","mode":"stop","name":"協和醫院","nameEn":"Union Hospital","status":"operational","color":"#d94c4c","dataOrigin":"datum-2026-08-01","sourceKey":"node:10543085123","stationGroup":"協和醫院","hasOperationalRail":true,"hasConstructionRail":false}},{"type":"Feature","geometry":{"type":"Point","coordinates":[113.5632219,22.1379315]},"properties":{"key":"node:11247423058","osmType":"node","osmId":11247423058,"sourceRegion":"guangdong","featureType":"station","railClass":"light_rail","mode":"stop","name":"協和醫院","nameEn":"Union Hospital","status":"operational","color":"#d94c4c","dataOrigin":"datum-2026-08-01","sourceKey":"node:11247423058","stationGroup":"協和醫院","hasOperationalRail":true,"hasConstructionRail":false}},{"type":"Feature","geometry":{"type":"Point","coordinates":[113.5205771,22.2374003]},"properties":{"key":"node:12112580311","osmType":"node","osmId":12112580311,"sourceRegion":"guangdong","featureType":"station","railClass":"minor","mode":"stop","name":"前山","nameEn":"Qianshan","status":"operational","color":"#52636F","dataOrigin":"datum-2026-08-01","sourceKey":"node:12112580311","stationGroup":"前山","hasOperationalRail":true,"hasConstructionRail":false}},{"type":"Feature","geometry":{"type":"Point","coordinates":[113.5633262,22.1373795]},"properties":{"key":"node:12304830762","osmType":"node","osmId":12304830762,"sourceRegion":"guangdong","featureType":"station","railClass":"light_rail","mode":"stop","name":"協和醫院","nameEn":"Union Hospital","status":"operational","color":"#d94c4c","dataOrigin":"datum-2026-08-01","sourceKey":"node:12304830762","stationGroup":"協和醫院","hasOperationalRail":true,"hasConstructionRail":false}},{"type":"Feature","geometry":{"type":"Point","coordinates":[113.56185,22.1314553]},"properties":{"key":"node:12304830763","osmType":"node","osmId":12304830763,"sourceRegion":"guangdong","featureType":"station","railClass":"light_rail","mode":"stop","name":"石排灣","nameEn":"Seac Pai Van","status":"operational","color":"#8966C3","dataOrigin":"datum-2026-08-01","sourceKey":"node:12304830763","stationGroup":"石排灣","hasOperationalRail":true,"hasConstructionRail":false}},{"type":"Feature","geometry":{"type":"Point","coordinates":[113.5612339,22.1313978]},"properties":{"key":"node:12304830764","osmType":"node","osmId":12304830764,"sourceRegion":"guangdong","featureType":"station","railClass":"light_rail","mode":"stop","name":"石排灣","nameEn":"Seac Pai Van","status":"operational","color":"#8966C3","dataOrigin":"datum-2026-08-01","sourceKey":"node:12304830764","stationGroup":"石排灣","hasOperationalRail":true,"hasConstructionRail":false}},{"type":"Feature","geometry":{"type":"Point","coordinates":[113.5448501,22.1406693]},"properties":{"key":"node:12391564891","osmType":"node","osmId":12391564891,"sourceRegion":"guangdong","featureType":"station","railClass":"light_rail","mode":"stop","name":"橫琴","nameEn":"Hengqin","status":"operational","color":"#B82A3C","dataOrigin":"datum-2026-08-01","sourceKey":"node:12391564891","stationGroup":"橫琴","hasOperationalRail":true,"hasConstructionRail":false}},{"type":"Feature","geometry":{"type":"Point","coordinates":[113.5595427,22.1389992]},"properties":{"key":"node:12391564892","osmType":"node","osmId":12391564892,"sourceRegion":"guangdong","featureType":"station","railClass":"light_rail","mode":"stop","name":"蓮花","nameEn":"Lotus","status":"operational","color":"#8c5abe","dataOrigin":"datum-2026-08-01","sourceKey":"node:12391564892","stationGroup":"蓮花","hasOperationalRail":true,"hasConstructionRail":false}},{"type":"Feature","geometry":{"type":"Point","coordinates":[113.548256,22.2226602]},"properties":{"key":"node:13256152918","osmType":"node","osmId":13256152918,"sourceRegion":"guangdong","featureType":"station","railClass":"metro","mode":"stop","name":"拱北","status":"operational","color":"#8c5abe","dataOrigin":"datum-2026-08-01","sourceKey":"node:13256152918","stationGroup":"拱北","hasOperationalRail":true,"hasConstructionRail":false}},{"type":"Feature","geometry":{"type":"Point","coordinates":[113.5483919,22.2226715]},"properties":{"key":"node:13256152920","osmType":"node","osmId":13256152920,"sourceRegion":"guangdong","featureType":"station","railClass":"metro","mode":"stop","name":"拱北","status":"operational","color":"#8c5abe","dataOrigin":"datum-2026-08-01","sourceKey":"node:13256152920","stationGroup":"拱北","hasOperationalRail":true,"hasConstructionRail":false}},{"type":"Feature","geometry":{"type":"Point","coordinates":[113.5460834,22.238412]},"properties":{"key":"node:13256152921","osmType":"node","osmId":13256152921,"sourceRegion":"guangdong","featureType":"station","railClass":"metro","mode":"stop","name":"九洲大道","status":"operational","color":"#8c5abe","dataOrigin":"datum-2026-08-01","sourceKey":"node:13256152921","stationGroup":"九洲大道","hasOperationalRail":true,"hasConstructionRail":false}},{"type":"Feature","geometry":{"type":"Point","coordinates":[113.5462193,22.238422]},"properties":{"key":"node:13256152926","osmType":"node","osmId":13256152926,"sourceRegion":"guangdong","featureType":"station","railClass":"metro","mode":"stop","name":"九洲大道","status":"operational","color":"#8c5abe","dataOrigin":"datum-2026-08-01","sourceKey":"node:13256152926","stationGroup":"九洲大道","hasOperationalRail":true,"hasConstructionRail":false}},{"type":"Feature","geometry":{"type":"Point","coordinates":[113.5523731,22.2152937]},"properties":{"key":"node:13306029111","osmType":"node","osmId":13306029111,"sourceRegion":"guangdong","featureType":"station","railClass":"light_rail","mode":"station","name":"關閘","nameEn":"Border Gate","status":"operational","color":"#52a458","dataOrigin":"datum-2026-08-01","sourceKey":"node:13306029111","stationGroup":"關閘","hasOperationalRail":true,"hasConstructionRail":false}},{"type":"Feature","geometry":{"type":"Point","coordinates":[113.5522857,22.2152081]},"properties":{"key":"node:13306029112","osmType":"node","osmId":13306029112,"sourceRegion":"guangdong","featureType":"station","railClass":"light_rail","mode":"station","name":"關閘","nameEn":"Border Gate","status":"operational","color":"#52a458","dataOrigin":"datum-2026-08-01","sourceKey":"node:13306029112","stationGroup":"關閘","hasOperationalRail":true,"hasConstructionRail":false}},{"type":"Feature","geometry":{"type":"Point","coordinates":[113.5582091,22.2131852]},"properties":{"key":"node:13306029113","osmType":"node","osmId":13306029113,"sourceRegion":"guangdong","featureType":"station","railClass":"light_rail","mode":"station","name":"東方明珠","nameEn":"Oriental Pearl","status":"operational","color":"#e7822f","dataOrigin":"datum-2026-08-01","sourceKey":"node:13306029113","stationGroup":"東方明珠","hasOperationalRail":true,"hasConstructionRail":false}},{"type":"Feature","geometry":{"type":"Point","coordinates":[113.5582366,22.2132509]},"properties":{"key":"node:13306029114","osmType":"node","osmId":13306029114,"sourceRegion":"guangdong","featureType":"station","railClass":"light_rail","mode":"station","name":"東方明珠","nameEn":"Oriental Pearl","status":"operational","color":"#e7822f","dataOrigin":"datum-2026-08-01","sourceKey":"node:13306029114","stationGroup":"東方明珠","hasOperationalRail":true,"hasConstructionRail":false}},{"type":"Feature","geometry":{"type":"Point","coordinates":[113.5663428,22.2046623]},"properties":{"key":"node:13306029115","osmType":"node","osmId":13306029115,"sourceRegion":"guangdong","featureType":"station","railClass":"light_rail","mode":"station","name":"東城北","nameEn":"East Zone North","status":"operational","color":"#52a458","dataOrigin":"datum-2026-08-01","sourceKey":"node:13306029115","stationGroup":"東城北","hasOperationalRail":true,"hasConstructionRail":false}},{"type":"Feature","geometry":{"type":"Point","coordinates":[113.5665185,22.2046997]},"properties":{"key":"node:13306029116","osmType":"node","osmId":13306029116,"sourceRegion":"guangdong","featureType":"station","railClass":"light_rail","mode":"station","name":"東城北","nameEn":"East Zone North","status":"operational","color":"#52a458","dataOrigin":"datum-2026-08-01","sourceKey":"node:13306029116","stationGroup":"東城北","hasOperationalRail":true,"hasConstructionRail":false}},{"type":"Feature","geometry":{"type":"Point","coordinates":[113.5677063,22.1981445]},"properties":{"key":"node:13306029117","osmType":"node","osmId":13306029117,"sourceRegion":"guangdong","featureType":"station","railClass":"light_rail","mode":"station","name":"東城中","nameEn":"East Zone Central","status":"operational","color":"#3387c8","dataOrigin":"datum-2026-08-01","sourceKey":"node:13306029117","stationGroup":"東城中","hasOperationalRail":true,"hasConstructionRail":false}},{"type":"Feature","geometry":{"type":"Point","coordinates":[113.5678598,22.1981425]},"properties":{"key":"node:13306029118","osmType":"node","osmId":13306029118,"sourceRegion":"guangdong","featureType":"station","railClass":"light_rail","mode":"station","name":"東城中","nameEn":"East Zone Central","status":"operational","color":"#3387c8","dataOrigin":"datum-2026-08-01","sourceKey":"node:13306029118","stationGroup":"東城中","hasOperationalRail":true,"hasConstructionRail":false}},{"type":"Feature","geometry":{"type":"Point","coordinates":[113.5680908,22.1931668]},"properties":{"key":"node:13306029119","osmType":"node","osmId":13306029119,"sourceRegion":"guangdong","featureType":"station","railClass":"light_rail","mode":"station","name":"東城南","nameEn":"East Zone South","status":"operational","color":"#52a458","dataOrigin":"datum-2026-08-01","sourceKey":"node:13306029119","stationGroup":"東城南","hasOperationalRail":true,"hasConstructionRail":false}},{"type":"Feature","geometry":{"type":"Point","coordinates":[113.5682417,22.1932355]},"properties":{"key":"node:13306029120","osmType":"node","osmId":13306029120,"sourceRegion":"guangdong","featureType":"station","railClass":"light_rail","mode":"station","name":"東城南","nameEn":"East Zone South","status":"operational","color":"#52a458","dataOrigin":"datum-2026-08-01","sourceKey":"node:13306029120","stationGroup":"東城南","hasOperationalRail":true,"hasConstructionRail":false}},{"type":"Feature","geometry":{"type":"Point","coordinates":[113.5679437,22.167389]},"properties":{"key":"node:13306029122","osmType":"node","osmId":13306029122,"sourceRegion":"guangdong","featureType":"station","railClass":"light_rail","mode":"station","name":"北安","nameEn":"Pac On","status":"operational","color":"#9a5b3f","dataOrigin":"datum-2026-08-01","sourceKey":"node:13306029122","stationGroup":"北安","hasOperationalRail":true,"hasConstructionRail":false}},{"type":"Feature","geometry":{"type":"Point","coordinates":[113.5679266,22.1675029]},"properties":{"key":"node:13306029123","osmType":"node","osmId":13306029123,"sourceRegion":"guangdong","featureType":"station","railClass":"light_rail","mode":"station","name":"北安","nameEn":"Pac On","status":"operational","color":"#9a5b3f","dataOrigin":"datum-2026-08-01","sourceKey":"node:13306029123","stationGroup":"北安","hasOperationalRail":true,"hasConstructionRail":false}},{"type":"Feature","geometry":{"type":"LineString","coordinates":[[113.5615135,22.1548585],[113.5615736,22.1551235]]},"properties":{"key":"way:529864443@detail:454_88","osmType":"way","osmId":529864443,"sourceRegion":"guangdong","featureType":"infrastructure","railClass":"light_rail","mode":"funicular","name":"斜行電梯","bridge":"yes","status":"operational","color":"#3387c8","dataOrigin":"datum-2026-08-01","sourceKey":"way:529864443"}},{"type":"Feature","geometry":{"type":"LineString","coordinates":[[113.5583786,22.197739],[113.561617,22.1986443],[113.5617126,22.1986678],[113.5618188,22.1986776],[113.56194,22.1986834],[113.5620773,22.1986719],[113.5622085,22.1986514],[113.5623371,22.1986265],[113.5644433,22.198132],[113.5646222,22.1980989],[113.5647537,22.1980819],[113.5649196,22.198071],[113.5650763,22.1980695],[113.5667417,22.1980695],[113.5696951,22.1980694],[113.5698318,22.1980868],[113.5699041,22.1981043],[113.5699817,22.1981368],[113.5700947,22.1981962],[113.5702503,22.198293],[113.5708833,22.1987127],[113.5709906,22.1987872],[113.5711488,22.1988666],[113.5712722,22.1989039],[113.57147,22.1989297],[113.5728891,22.1989359],[113.5730794,22.1989534],[113.5731848,22.1989684],[113.5733021,22.1989977],[113.5734241,22.1990266],[113.5735515,22.1990725],[113.5740993,22.1992612],[113.5743279,22.1993445],[113.5745784,22.1994354],[113.5748175,22.1995494],[113.5749027,22.1996032],[113.5750515,22.1997042],[113.5751662,22.199809],[113.5752145,22.199858],[113.5752728,22.1999404],[113.5753111,22.2000279],[113.575327,22.2001255],[113.5753216,22.2024523]]},"properties":{"key":"way:552727485@detail:454_88","osmType":"way","osmId":552727485,"sourceRegion":"guangdong","featureType":"infrastructure","railClass":"construction","mode":"proposed","name":"未命名","bridge":"yes","status":"construction","color":"#8A9298","dataOrigin":"datum-2026-08-01","sourceKey":"way:552727485"}},{"type":"Feature","geometry":{"type":"LineString","coordinates":[[113.5583961,22.1976446],[113.5617461,22.1985635],[113.5618695,22.1985883],[113.5619875,22.1985982],[113.5621351,22.1985958],[113.5622799,22.1985809],[113.5624489,22.1985436],[113.5646107,22.1980395],[113.5648212,22.1979944],[113.5649728,22.1979774],[113.5650737,22.1979726],[113.5663019,22.1979678],[113.5663504,22.1979676],[113.5664886,22.1979587],[113.5666535,22.1979501],[113.5668383,22.1979274],[113.5669972,22.197912],[113.5671748,22.197904],[113.5673319,22.1978989],[113.5682384,22.1978969],[113.5683337,22.1979039],[113.568457,22.1979184],[113.5685562,22.1979329],[113.5687536,22.1979742],[113.5688456,22.1979904],[113.5689196,22.1980015],[113.5689948,22.1980087],[113.5695555,22.1980061],[113.5697085,22.1980074],[113.5698609,22.1980273],[113.5699852,22.1980643],[113.5700713,22.1981119],[113.5702962,22.1982529],[113.5707653,22.1985519],[113.5709671,22.1986873],[113.5711395,22.1987805],[113.5712752,22.198825],[113.5714661,22.1988587],[113.5720119,22.1988583],[113.57248,22.1988579],[113.5728877,22.1988576],[113.5730295,22.1988634],[113.5731746,22.19888],[113.5733771,22.1989259],[113.5737781,22.1990538],[113.5745492,22.1993481],[113.5747021,22.1994115],[113.5747974,22.1994549],[113.5749983,22.1995548],[113.5751175,22.1996406],[113.5751969,22.1997087],[113.5752897,22.1997904],[113.57534,22.1998475],[113.5753741,22.1998958],[113.5754009,22.1999508],[113.5754267,22.2000133],[113.5754608,22.2001259],[113.5754732,22.2002059],[113.5754867,22.200321],[113.5754819,22.2015837],[113.5754786,22.2024555]]},"properties":{"key":"way:552727486@detail:454_88","osmType":"way","osmId":552727486,"sourceRegion":"guangdong","featureType":"infrastructure","railClass":"construction","mode":"proposed","name":"未命名","bridge":"yes","status":"construction","color":"#8A9298","dataOrigin":"datum-2026-08-01","sourceKey":"way:552727486"}},{"type":"Feature","geometry":{"type":"LineString","coordinates":[[113.5742851,22.1498069],[113.574391,22.1493213],[113.5749583,22.1484855],[113.5751621,22.1484232]]},"properties":{"key":"way:1036510131@detail:454_88","osmType":"way","osmId":1036510131,"sourceRegion":"guangdong","featureType":"infrastructure","railClass":"minor","mode":"proposed","name":"未命名","service":"yard","status":"operational","color":"#52636F","dataOrigin":"datum-2026-08-01","sourceKey":"way:1036510131"}},{"type":"Feature","geometry":{"type":"LineString","coordinates":[[113.5515565,22.2155252],[113.5512939,22.2156006],[113.5509359,22.2156911],[113.5505332,22.2157753],[113.5500295,22.2158517],[113.5478487,22.2161424],[113.5474865,22.2161638],[113.5471269,22.216167],[113.5469646,22.2161592],[113.5464451,22.2161202],[113.5455184,22.2160361],[113.5452663,22.2159998],[113.5450056,22.2159401],[113.5447679,22.2158578],[113.54458,22.2157611],[113.5443701,22.2155812],[113.544105,22.2152742],[113.5436965,22.2146729],[113.543608,22.2144775],[113.5432208,22.2135028],[113.5431977,22.2133076],[113.5432101,22.2131403],[113.5432612,22.2129954],[113.5433461,22.2128398],[113.5434669,22.2127078],[113.5435889,22.2125942],[113.5437275,22.2124804],[113.5438215,22.2123733],[113.5440044,22.2121193],[113.5452716,22.208056]]},"properties":{"key":"way:1216974945@detail:454_88","osmType":"way","osmId":1216974945,"sourceRegion":"guangdong","featureType":"infrastructure","railClass":"minor","mode":"proposed","name":"未命名","tunnel":"yes","status":"operational","color":"#52636F","dataOrigin":"datum-2026-08-01","sourceKey":"way:1216974945"}},{"type":"Feature","geometry":{"type":"LineString","coordinates":[[113.5515967,22.2154011],[113.5512537,22.2154876],[113.5510306,22.2155385],[113.5507101,22.2156209],[113.5505317,22.2156578],[113.5495194,22.2158525],[113.5482351,22.216005],[113.5474614,22.2160846],[113.547166,22.2160885],[113.5469193,22.2160751],[113.5458181,22.2160066],[113.545303,22.2159481],[113.5449645,22.2158667],[113.5446056,22.2157018],[113.5443551,22.2155103],[113.5441612,22.2152946],[113.5440599,22.2151567],[113.5438892,22.2148941],[113.5438624,22.214841],[113.5437787,22.2147337],[113.5437142,22.2146146],[113.5436317,22.2144369],[113.5432594,22.2135043],[113.5432471,22.2132768],[113.5432559,22.2131388],[113.5433142,22.2129825],[113.5433743,22.2128695],[113.5434429,22.2127852],[113.5437797,22.2124846],[113.5439189,22.2123027],[113.544018,22.2121291],[113.5452924,22.208057]]},"properties":{"key":"way:1216974946@detail:454_88","osmType":"way","osmId":1216974946,"sourceRegion":"guangdong","featureType":"infrastructure","railClass":"minor","mode":"proposed","name":"未命名","tunnel":"yes","status":"operational","color":"#52636F","dataOrigin":"datum-2026-08-01","sourceKey":"way:1216974946"}},{"type":"Feature","geometry":{"type":"LineString","coordinates":[[113.5663019,22.1979678],[113.5664467,22.1979898],[113.5665352,22.1980122],[113.5666398,22.198042],[113.5667417,22.1980695]]},"properties":{"key":"way:1229243732@detail:454_88","osmType":"way","osmId":1229243732,"sourceRegion":"guangdong","featureType":"infrastructure","railClass":"construction","mode":"proposed","name":"未命名","service":"crossover","bridge":"yes","status":"construction","color":"#8A9298","dataOrigin":"datum-2026-08-01","sourceKey":"way:1229243732"}},{"type":"Feature","geometry":{"type":"LineString","coordinates":[[113.5760671,22.1471401],[113.576102,22.1470693],[113.57611,22.1470432],[113.5761167,22.1470122],[113.5761234,22.1469559]]},"properties":{"key":"way:1243221216@detail:454_88","osmType":"way","osmId":1243221216,"sourceRegion":"guangdong","featureType":"infrastructure","railClass":"minor","mode":"proposed","name":"未命名","status":"operational","color":"#52636F","dataOrigin":"datum-2026-08-01","sourceKey":"way:1243221216"}},{"type":"Feature","geometry":{"type":"LineString","coordinates":[[113.5486342,22.2209803],[113.5483919,22.2226715],[113.5481028,22.2246898],[113.5475073,22.2289261],[113.5464423,22.2365378],[113.5463392,22.2375204],[113.5462193,22.238422],[113.546099,22.2393263],[113.5459664,22.2401158],[113.5455527,22.2436417],[113.54481628355546,22.25]]},"properties":{"key":"way:1365348196@detail:454_88","osmType":"way","osmId":1365348196,"sourceRegion":"guangdong","featureType":"infrastructure","railClass":"intercity","mode":"proposed","name":"南珠中城际北行线路（计划中）","tunnel":"yes","status":"operational","color":"#397F9D","dataOrigin":"datum-2026-08-01","sourceKey":"way:1365348196"}},{"type":"Feature","geometry":{"type":"LineString","coordinates":[[113.5485046,22.2209645],[113.548256,22.2226602],[113.5481367,22.2234733],[113.5480986,22.2237921],[113.5480022,22.2246809],[113.5474171,22.228913],[113.5463606,22.2365283],[113.5461998,22.2375019],[113.5460834,22.238412],[113.5459679,22.2393142],[113.5458844,22.2401092],[113.5454498,22.2436318],[113.5447561,22.2491558],[113.54465416746014,22.25]]},"properties":{"key":"way:1365348197@detail:454_88","osmType":"way","osmId":1365348197,"sourceRegion":"guangdong","featureType":"infrastructure","railClass":"intercity","mode":"proposed","name":"南珠中城际南行线路（计划中）","tunnel":"yes","status":"operational","color":"#397F9D","dataOrigin":"datum-2026-08-01","sourceKey":"way:1365348197"}},{"type":"Feature","geometry":{"type":"LineString","coordinates":[[113.5615631,22.1548406],[113.5616226,22.155114]]},"properties":{"key":"way:1495777816@detail:454_88","osmType":"way","osmId":1495777816,"sourceRegion":"guangdong","featureType":"infrastructure","railClass":"light_rail","mode":"funicular","name":"斜行電梯L4","bridge":"yes","status":"operational","color":"#52a458","dataOrigin":"datum-2026-08-01","sourceKey":"way:1495777816"}}]}