{"type":"FeatureCollection","features":[{"type":"Feature","geometry":{"type":"Point","coordinates":[113.656527,22.9048732]},"properties":{"key":"node:5305510175","osmType":"node","osmId":5305510175,"sourceRegion":"guangzhou","featureType":"station","railClass":"metro","mode":"subway","name":"展览中心","nameEn":"Exhibition Center","status":"operational","color":"#126d75","sourceKey":"node:5305510175","stationGroup":"展览中心","hasOperationalRail":true,"hasConstructionRail":false}},{"type":"Feature","geometry":{"type":"Point","coordinates":[113.6049328,22.769053]},"properties":{"key":"node:5594901495","osmType":"node","osmId":5594901495,"sourceRegion":"guangzhou","featureType":"station","railClass":"metro","mode":"subway","name":"南沙客运港","nameEn":"Nansha Passenger Port","ref":"401","status":"operational","color":"#126d75","sourceKey":"node:5594901495","stationGroup":"南沙客运港","hasOperationalRail":true,"hasConstructionRail":false}},{"type":"Feature","geometry":{"type":"Point","coordinates":[113.5678248,22.7561232]},"properties":{"key":"node:5595603444","osmType":"node","osmId":5595603444,"sourceRegion":"guangzhou","featureType":"station","railClass":"metro","mode":"subway","name":"塘坑","nameEn":"Tangkeng","ref":"403","status":"operational","color":"#126d75","sourceKey":"node:5595603444","stationGroup":"塘坑","hasOperationalRail":true,"hasConstructionRail":false}},{"type":"Feature","geometry":{"type":"Point","coordinates":[113.5363657,22.7747705]},"properties":{"key":"node:5595610337","osmType":"node","osmId":5595610337,"sourceRegion":"guangzhou","featureType":"station","railClass":"metro","mode":"subway","name":"广隆","nameEn":"Guanglong","ref":"405","status":"operational","color":"#126d75","sourceKey":"node:5595610337","stationGroup":"广隆","hasOperationalRail":true,"hasConstructionRail":false}},{"type":"Feature","geometry":{"type":"Point","coordinates":[113.7413049,22.9968491]},"properties":{"key":"node:6289527416","osmType":"node","osmId":6289527416,"sourceRegion":"guangzhou","featureType":"station","railClass":"metro","mode":"subway","name":"西平","nameEn":"Xiping","status":"operational","color":"#126d75","sourceKey":"node:6289527416","stationGroup":"西平","hasOperationalRail":true,"hasConstructionRail":false}},{"type":"Feature","geometry":{"type":"Point","coordinates":[113.7404499,22.9974345]},"properties":{"key":"node:6289527417","osmType":"node","osmId":6289527417,"sourceRegion":"guangzhou","featureType":"station","railClass":"construction","mode":"station","name":"西平西","nameEn":"Xipingxi","operator":"广东城际","status":"construction","color":"#126d75","sourceKey":"node:6289527417","stationGroup":"西平西","hasOperationalRail":true,"hasConstructionRail":true}},{"type":"Feature","geometry":{"type":"Point","coordinates":[113.5044902,22.8385764]},"properties":{"key":"node:6487873951","osmType":"node","osmId":6487873951,"sourceRegion":"guangzhou","featureType":"station","railClass":"metro","mode":"subway","name":"黄阁汽车城","nameEn":"Huangge Auto Town","ref":"410","operator":"广州地铁集团有限公司","status":"operational","color":"#126d75","sourceKey":"node:6487873951","stationGroup":"黄阁汽车城","hasOperationalRail":true,"hasConstructionRail":false}},{"type":"Feature","geometry":{"type":"Point","coordinates":[113.5135479,22.827558]},"properties":{"key":"node:6487873952","osmType":"node","osmId":6487873952,"sourceRegion":"guangzhou","featureType":"station","railClass":"metro","mode":"subway","name":"黄阁","nameEn":"Huangge","ref":"409","operator":"广州地铁集团有限公司","status":"operational","color":"#126d75","sourceKey":"node:6487873952","stationGroup":"黄阁","hasOperationalRail":true,"hasConstructionRail":false}},{"type":"Feature","geometry":{"type":"Point","coordinates":[113.5223866,22.8034543]},"properties":{"key":"node:6487873953","osmType":"node","osmId":6487873953,"sourceRegion":"guangzhou","featureType":"station","railClass":"metro","mode":"subway","name":"蕉门","nameEn":"Jiaomen","ref":"408","operator":"广州地铁集团有限公司","status":"operational","color":"#126d75","sourceKey":"node:6487873953","stationGroup":"蕉门","hasOperationalRail":true,"hasConstructionRail":false}},{"type":"Feature","geometry":{"type":"Point","coordinates":[113.5336618,22.795143]},"properties":{"key":"node:6487873954","osmType":"node","osmId":6487873954,"sourceRegion":"guangzhou","featureType":"station","railClass":"metro","mode":"subway","name":"金洲","nameEn":"Jinzhou","ref":"407","operator":"广州地铁集团有限公司","status":"operational","color":"#126d75","sourceKey":"node:6487873954","stationGroup":"金洲","hasOperationalRail":true,"hasConstructionRail":false}},{"type":"Feature","geometry":{"type":"Point","coordinates":[113.5355,22.7844635]},"properties":{"key":"node:6487873955","osmType":"node","osmId":6487873955,"sourceRegion":"guangzhou","featureType":"station","railClass":"metro","mode":"subway","name":"飞沙角","nameEn":"Feishajiao","ref":"406","operator":"广州地铁集团有限公司","status":"operational","color":"#126d75","sourceKey":"node:6487873955","stationGroup":"飞沙角","hasOperationalRail":true,"hasConstructionRail":false}},{"type":"Feature","geometry":{"type":"Point","coordinates":[113.5512295,22.7617057]},"properties":{"key":"node:6487873956","osmType":"node","osmId":6487873956,"sourceRegion":"guangzhou","featureType":"station","railClass":"metro","mode":"subway","name":"大涌","nameEn":"Dachong","ref":"404","operator":"广州地铁集团有限公司","status":"operational","color":"#126d75","sourceKey":"node:6487873956","stationGroup":"大涌","hasOperationalRail":true,"hasConstructionRail":false}},{"type":"Feature","geometry":{"type":"Point","coordinates":[113.5896345,22.7508875]},"properties":{"key":"node:6487873957","osmType":"node","osmId":6487873957,"sourceRegion":"guangzhou","featureType":"station","railClass":"metro","mode":"subway","name":"南横","nameEn":"Nanheng","ref":"402","operator":"广州地铁集团有限公司","status":"operational","color":"#126d75","sourceKey":"node:6487873957","stationGroup":"南横","hasOperationalRail":true,"hasConstructionRail":false}},{"type":"Feature","geometry":{"type":"Point","coordinates":[113.6126852,22.9831739]},"properties":{"key":"node:7063140880","osmType":"node","osmId":7063140880,"sourceRegion":"guangzhou","featureType":"station","railClass":"station","mode":"station","name":"洪梅","nameEn":"Hongmei","operator":"中国铁路广州局集团","status":"operational","color":"#126d75","sourceKey":"node:7063140880","stationGroup":"洪梅","hasOperationalRail":true,"hasConstructionRail":false}},{"type":"Feature","geometry":{"type":"Point","coordinates":[113.6455825,22.9005046]},"properties":{"key":"node:7063140902","osmType":"node","osmId":7063140902,"sourceRegion":"guangzhou","featureType":"station","railClass":"station","mode":"station","name":"厚街","nameEn":"Houjie","operator":"中国铁路广州局","status":"operational","color":"#126d75","sourceKey":"node:7063140902","stationGroup":"厚街","hasOperationalRail":true,"hasConstructionRail":false}},{"type":"Feature","geometry":{"type":"Point","coordinates":[113.6665058,22.8618715]},"properties":{"key":"node:7063140905","osmType":"node","osmId":7063140905,"sourceRegion":"guangzhou","featureType":"station","railClass":"station","mode":"station","name":"虎门北","nameEn":"Humenbei","operator":"中国铁路广州局","status":"operational","color":"#126d75","sourceKey":"node:7063140905","stationGroup":"虎门北","hasOperationalRail":true,"hasConstructionRail":false}},{"type":"Feature","geometry":{"type":"Point","coordinates":[113.6883564,22.8313929]},"properties":{"key":"node:7063140906","osmType":"node","osmId":7063140906,"sourceRegion":"guangzhou","featureType":"station","railClass":"station","mode":"station","name":"虎门东","nameEn":"Humendong","operator":"中国铁路广州局","status":"operational","color":"#126d75","sourceKey":"node:7063140906","stationGroup":"虎门东","hasOperationalRail":true,"hasConstructionRail":false}},{"type":"Feature","geometry":{"type":"Point","coordinates":[113.7240824,22.7882761]},"properties":{"key":"node:7063140911","osmType":"node","osmId":7063140911,"sourceRegion":"guangzhou","featureType":"station","railClass":"station","mode":"station","name":"长安西","nameEn":"Chang'anxi","operator":"中国铁路广州局","status":"operational","color":"#126d75","sourceKey":"node:7063140911","stationGroup":"长安西","hasOperationalRail":true,"hasConstructionRail":false}},{"type":"Feature","geometry":{"type":"Point","coordinates":[113.6682891,22.8632157]},"properties":{"key":"node:7063297019","osmType":"node","osmId":7063297019,"sourceRegion":"guangzhou","featureType":"station","railClass":"station","mode":"station","name":"虎门","nameEn":"Humen","operator":"中国铁路广州局","status":"operational","color":"#126d75","sourceKey":"node:7063297019","stationGroup":"虎门","hasOperationalRail":true,"hasConstructionRail":false}},{"type":"Feature","geometry":{"type":"Point","coordinates":[113.6665681,22.8622601]},"properties":{"key":"node:7942711900","osmType":"node","osmId":7942711900,"sourceRegion":"guangzhou","featureType":"station","railClass":"metro","mode":"subway","name":"虎门火车站","nameEn":"Humen Railway Station","operator":"东莞轨道交通","status":"operational","color":"#126d75","sourceKey":"node:7942711900","stationGroup":"虎门火车","hasOperationalRail":true,"hasConstructionRail":false}},{"type":"Feature","geometry":{"type":"Point","coordinates":[113.5064236,22.7560733]},"properties":{"key":"node:9110804372","osmType":"node","osmId":9110804372,"sourceRegion":"guangzhou","featureType":"station","railClass":"metro","mode":"subway","name":"横沥","nameEn":"Hengli","ref":"1802","operator":"广州地铁集团有限公司","status":"operational","color":"#126d75","sourceKey":"node:9110804372","stationGroup":"横沥","hasOperationalRail":true,"hasConstructionRail":false}},{"type":"Feature","geometry":{"type":"Point","coordinates":[113.6061726,22.9106447]},"properties":{"key":"node:9195330004","osmType":"node","osmId":9195330004,"sourceRegion":"guangzhou","featureType":"station","railClass":"station","mode":"station","name":"东莞港","nameEn":"Dongguan Port","status":"operational","color":"#126d75","sourceKey":"node:9195330004","stationGroup":"东莞港","hasOperationalRail":true,"hasConstructionRail":false}},{"type":"Feature","geometry":{"type":"Point","coordinates":[113.6537851,22.9937567]},"properties":{"key":"node:9196767922","osmType":"node","osmId":9196767922,"sourceRegion":"guangzhou","featureType":"station","railClass":"intercity","mode":"station","name":"道滘","operator":"广东城际","status":"operational","color":"#126d75","sourceKey":"node:9196767922","stationGroup":"道滘","hasOperationalRail":true,"hasConstructionRail":false}},{"type":"Feature","geometry":{"type":"Point","coordinates":[113.6685412,22.9438507]},"properties":{"key":"node:9433838623","osmType":"node","osmId":9433838623,"sourceRegion":"guangzhou","featureType":"station","railClass":"metro","mode":"subway","name":"寮厦","nameEn":"Liaoxia","ref":"2-12","operator":"东莞轨道交通","network":"东莞轨道交通","status":"operational","color":"#126d75","sourceKey":"node:9433838623","stationGroup":"寮厦","hasOperationalRail":true,"hasConstructionRail":false}},{"type":"Feature","geometry":{"type":"Point","coordinates":[113.6598046,22.929467]},"properties":{"key":"node:9433838624","osmType":"node","osmId":9433838624,"sourceRegion":"guangzhou","featureType":"station","railClass":"metro","mode":"subway","name":"珊美","nameEn":"Shanmei","operator":"东莞轨道交通","status":"operational","color":"#126d75","sourceKey":"node:9433838624","stationGroup":"珊美","hasOperationalRail":true,"hasConstructionRail":false}},{"type":"Feature","geometry":{"type":"Point","coordinates":[113.6858066,22.9612236]},"properties":{"key":"node:9436575386","osmType":"node","osmId":9436575386,"sourceRegion":"guangzhou","featureType":"station","railClass":"metro","mode":"subway","name":"陈屋","nameEn":"Chenwu","operator":"东莞轨道交通","status":"operational","color":"#126d75","sourceKey":"node:9436575386","stationGroup":"陈屋","hasOperationalRail":true,"hasConstructionRail":false}},{"type":"Feature","geometry":{"type":"Point","coordinates":[113.7238906,22.9808408]},"properties":{"key":"node:9436575387","osmType":"node","osmId":9436575387,"sourceRegion":"guangzhou","featureType":"station","railClass":"metro","mode":"subway","name":"蛤地","nameEn":"Gedi","operator":"东莞轨道交通","status":"operational","color":"#126d75","sourceKey":"node:9436575387","stationGroup":"蛤地","hasOperationalRail":true,"hasConstructionRail":false}},{"type":"Feature","geometry":{"type":"Point","coordinates":[113.6969166,22.7686012]},"properties":{"key":"node:11569540722","osmType":"node","osmId":11569540722,"sourceRegion":"guangzhou","featureType":"station","railClass":"station","mode":"station","name":"东莞滨海湾","status":"operational","color":"#126d75","sourceKey":"node:11569540722","stationGroup":"东莞滨海湾","hasOperationalRail":true,"hasConstructionRail":false}},{"type":"Feature","geometry":{"type":"LineString","coordinates":[[113.5106723,22.8715317],[113.5093999,22.8715748],[113.5084125,22.8715949],[113.5076711,22.8715961],[113.5068923,22.8715972],[113.5055638,22.8715569],[113.5042087,22.8715071],[113.5033253,22.8714466]]},"properties":{"key":"way:95984632@detail:454_91","osmType":"way","osmId":95984632,"sourceRegion":"guangzhou","featureType":"infrastructure","railClass":"highspeed","mode":"rail","name":"广深港高速线","nameEn":"Guangshengang Highspeed Line","ref":"3021","usage":"main","highspeed":"yes","tunnel":"yes","status":"operational","color":"#E54848","sourceKey":"way:95984632"}},{"type":"Feature","geometry":{"type":"LineString","coordinates":[[113.6837833,22.8652232],[113.6828669,22.8651031],[113.6796996,22.8646919]]},"properties":{"key":"way:155672353@detail:454_91","osmType":"way","osmId":155672353,"sourceRegion":"guangzhou","featureType":"infrastructure","railClass":"highspeed","mode":"rail","name":"广深港高速线","nameEn":"Guangshengang Highspeed Line","ref":"3021","usage":"main","highspeed":"yes","status":"operational","color":"#E54848","sourceKey":"way:155672353"}},{"type":"Feature","geometry":{"type":"LineString","coordinates":[[113.7214059,22.8676774],[113.7221049,22.8675964],[113.7228261,22.867485]]},"properties":{"key":"way:155672400@detail:454_91","osmType":"way","osmId":155672400,"sourceRegion":"guangzhou","featureType":"infrastructure","railClass":"highspeed","mode":"rail","name":"广深港高速线","nameEn":"Guangshengang Highspeed Line","ref":"3021","usage":"main","highspeed":"yes","status":"operational","color":"#E54848","sourceKey":"way:155672400"}},{"type":"Feature","geometry":{"type":"LineString","coordinates":[[113.6837833,22.8652232],[113.6859395,22.8654953],[113.6881302,22.8657652],[113.6914156,22.8661721],[113.6957761,22.8667163],[113.7011868,22.8673956]]},"properties":{"key":"way:155672404@detail:454_91","osmType":"way","osmId":155672404,"sourceRegion":"guangzhou","featureType":"infrastructure","railClass":"highspeed","mode":"rail","name":"广深港高速线","nameEn":"Guangshengang Highspeed Line","ref":"3021","usage":"main","highspeed":"yes","tunnel":"yes","status":"operational","color":"#E54848","sourceKey":"way:155672404"}},{"type":"Feature","geometry":{"type":"LineString","coordinates":[[113.608064,22.8617231],[113.6068233,22.8617241],[113.6048848,22.8617383],[113.6036007,22.8617735],[113.6026725,22.8618166],[113.6016998,22.8618752],[113.6009351,22.8619334],[113.5998596,22.8620293],[113.598567,22.8622001],[113.5970219,22.8624128],[113.5961538,22.8625357],[113.594682,22.8627377],[113.5926476,22.8629992],[113.5178189,22.8708317],[113.5154635,22.8711134],[113.5140234,22.871276],[113.5129523,22.8713783],[113.5118271,22.8714729],[113.5106723,22.8715317]]},"properties":{"key":"way:155679929@detail:454_91","osmType":"way","osmId":155679929,"sourceRegion":"guangzhou","featureType":"infrastructure","railClass":"highspeed","mode":"rail","name":"广深港高速线","nameEn":"Guangshengang Highspeed Line","ref":"3021","usage":"main","highspeed":"yes","tunnel":"yes","status":"operational","color":"#E54848","sourceKey":"way:155679929"}},{"type":"Feature","geometry":{"type":"LineString","coordinates":[[113.5388593,22.7926926],[113.5389169,22.7925424],[113.5389697,22.7923947],[113.5390023,22.7922771],[113.5390258,22.7921743],[113.5390588,22.7919513],[113.5390734,22.7917461],[113.5390746,22.7915667],[113.5390629,22.7913866],[113.5390416,22.7912139],[113.5390056,22.7909994],[113.5389567,22.7907492],[113.5387585,22.7898144],[113.5387051,22.7895626],[113.5384764,22.7885369],[113.5384263,22.7883422],[113.5383752,22.78817]]},"properties":{"key":"way:314226180@detail:454_91","osmType":"way","osmId":314226180,"sourceRegion":"guangzhou","featureType":"infrastructure","railClass":"metro","mode":"subway","name":"广州地铁4号线","nameEn":"Guangzhou Metro Line 4","tunnel":"yes","status":"operational","color":"#52636f","sourceKey":"way:314226180"}},{"type":"Feature","geometry":{"type":"LineString","coordinates":[[113.6781011,22.8480101],[113.6782192,22.848633],[113.6782584,22.8489879],[113.6782728,22.8494041],[113.6782192,22.8496217],[113.6763631,22.8540015],[113.6761592,22.8544365],[113.6758159,22.8549308],[113.6752902,22.8554944],[113.6741573,22.8563154],[113.6705168,22.8589362],[113.6693295,22.8597731]]},"properties":{"key":"way:336988047@detail:454_91","osmType":"way","osmId":336988047,"sourceRegion":"guangzhou","featureType":"infrastructure","railClass":"construction","mode":"construction","name":"东莞轨道交通2号线","nameEn":"Dongguan Rail Transit Line 2","operator":"东莞市轨道交通有限公司 Dongguan Rail Transit Corp., Ltd.","usage":"main","bridge":"yes","status":"construction","color":"#52636f","sourceKey":"way:336988047"}},{"type":"Feature","geometry":{"type":"LineString","coordinates":[[113.6548626,22.8907087],[113.6548023,22.8914673],[113.6547801,22.8917915],[113.654768,22.8925153],[113.6548558,22.8933387],[113.6549496,22.8941264],[113.6554616,22.8984333],[113.6554649,22.8984608],[113.6555885,22.8995517],[113.655695,22.9003172],[113.6558313,22.9011748],[113.6559557,22.9019113],[113.6564991,22.9048737],[113.6568043,22.9067277],[113.6569513,22.9078751],[113.657109,22.909393],[113.6571691,22.9108398],[113.6572088,22.9119625],[113.6571776,22.9146109],[113.6571347,22.9189585],[113.6571176,22.9212748],[113.6571176,22.9225318],[113.6571605,22.9229903],[113.6572088,22.9235204],[113.6572852,22.9240812],[113.6573571,22.9244717],[113.6574453,22.9248292],[113.657573,22.9252158],[113.6577275,22.9256252],[113.657985,22.9262329],[113.6586518,22.9275663],[113.6597652,22.929483],[113.6603907,22.9306658],[113.6606999,22.931333],[113.6619777,22.9341698],[113.6623149,22.9349109],[113.6625646,22.9353777],[113.6631268,22.9363855],[113.6639937,22.938002],[113.6647146,22.9392904],[113.6651266,22.9399899],[113.6655636,22.9406376],[113.6660836,22.9412546],[113.6669205,22.9421636],[113.6678131,22.9431318],[113.668507,22.9438765],[113.6698379,22.945305],[113.671006,22.9465819],[113.6714942,22.9471308],[113.6721862,22.9479453],[113.672993,22.9489333],[113.6742376,22.9505141],[113.6756141,22.9521496],[113.6765239,22.9531376],[113.6773532,22.95396],[113.6781944,22.9547741],[113.6792962,22.9557378],[113.6802146,22.9565044],[113.6811416,22.9572552],[113.6823518,22.9581325],[113.683356,22.9588833],[113.6837852,22.9592626],[113.6842572,22.959721],[113.6857749,22.9612507],[113.6879791,22.9635149],[113.6890122,22.9646208],[113.6896045,22.965261],[113.6902793,22.9658858],[113.6909316,22.9663283],[113.6916569,22.9666533],[113.6924251,22.9668815],[113.6932619,22.9670534],[113.7076225,22.9687386],[113.7087705,22.9689984],[113.7097629,22.9693155],[113.7113078,22.9699161],[113.7123925,22.9705473],[113.7133678,22.9711963],[113.7141917,22.9719392],[113.7156165,22.9733142],[113.7185723,22.9757945],[113.7196157,22.9767773],[113.721019,22.9781671],[113.7218423,22.9790313],[113.7226331,22.9797833],[113.7238594,22.9808671],[113.7250204,22.9819309],[113.7265963,22.9832588],[113.7282582,22.9844915],[113.7286919,22.9848234],[113.7298825,22.9857345],[113.7313797,22.986941],[113.7328662,22.98822],[113.7387266,22.9937647],[113.7393376,22.9944655],[113.7399467,22.9952259],[113.7405298,22.9959494],[113.7412721,22.9968707],[113.7421456,22.9979836],[113.7428514,22.9987935],[113.74388369211746,23.0]]},"properties":{"key":"way:337017077@detail:454_91","osmType":"way","osmId":337017077,"sourceRegion":"guangzhou","featureType":"infrastructure","railClass":"metro","mode":"subway","name":"东莞轨道交通2号线","nameEn":"Dongguan Rail Transit Line 2","operator":"东莞市轨道交通有限公司 Dongguan Rail Transit Corp., Ltd.","tunnel":"yes","status":"operational","color":"#52636f","sourceKey":"way:337017077"}},{"type":"Feature","geometry":{"type":"MultiLineString","coordinates":[[[113.6947851,22.9877842],[113.6955463,22.9882938],[113.6962329,22.9887976],[113.696941,22.9893507],[113.6983143,22.9904075],[113.7008115,22.9924149],[113.7019192,22.9932223],[113.7029063,22.9939235],[113.7039899,22.9946149],[113.7048696,22.9950889],[113.7057709,22.9955531],[113.7067552,22.9959802],[113.7078281,22.9963358],[113.7097271,22.9968592],[113.711448,22.997358],[113.7131067,22.9980019],[113.7148426,22.9988265],[113.7167118805317,23.0]],[[113.73636563524984,23.0],[113.7386669,22.9984652],[113.7403909,22.9973677],[113.741168,22.9968634],[113.7463629,22.993603],[113.75,22.991272563780516]]]},"properties":{"key":"way:338653668@detail:454_91","osmType":"way","osmId":338653668,"sourceRegion":"guangzhou","featureType":"infrastructure","railClass":"intercity","mode":"rail","name":"广惠城际线","nameEn":"Guangzhou–Huizhou Intercity Railway","ref":"3052","operator":"广东城际铁路运营有限公司","usage":"main","tunnel":"yes","status":"operational","color":"#2C956F","sourceKey":"way:338653668"}},{"type":"Feature","geometry":{"type":"LineString","coordinates":[[113.6273365,22.9002386],[113.6207154,22.898646],[113.6176201,22.8979196],[113.6172382,22.8978479],[113.6167726,22.8977713],[113.6163692,22.8977293],[113.6156675,22.8977021],[113.611832,22.89767],[113.6114017,22.8976824],[113.6110069,22.8977223],[113.6106163,22.8977852],[113.6102457,22.8978715],[113.6099008,22.8979875],[113.6095242,22.8981444],[113.6092001,22.8983005],[113.6088975,22.8984764],[113.6085883,22.8986819],[113.6083425,22.8988845],[113.608093,22.8991115],[113.6079127,22.8993111],[113.6077518,22.8995128],[113.6076069,22.8997407],[113.6072968,22.9002454],[113.6071467,22.9005168],[113.6070372,22.9007716],[113.6069573,22.901009],[113.6068943,22.9012648],[113.606857,22.9014969],[113.6066865,22.9035728],[113.6064085,22.9067902],[113.6062488,22.9095389],[113.6061626,22.9105956],[113.606076,22.911658],[113.6059192,22.9137039],[113.6058766,22.9141704],[113.6058513,22.9144305],[113.6058016,22.9148059],[113.6057446,22.9151293],[113.6056867,22.9154303],[113.6056086,22.9157954],[113.6053828,22.916635],[113.6050543,22.917696],[113.6046747,22.9188386],[113.6045988,22.9190367],[113.6045033,22.9192564],[113.6043867,22.919476],[113.6040226,22.920121],[113.6035867,22.9207251],[113.6031237,22.9212797],[113.6008005,22.923843],[113.5994028,22.9254963],[113.5986401,22.9264297],[113.598184,22.9270847],[113.597794,22.9277299],[113.5974677,22.9283832],[113.5971847,22.9291309],[113.59699,22.9297799],[113.5968427,22.9304677],[113.5967681,22.9310596],[113.5967314,22.9316322],[113.59673,22.9323437],[113.5967954,22.932912],[113.5968919,22.9334505],[113.5969992,22.9338803],[113.5971226,22.93432],[113.5972889,22.9348288],[113.5975571,22.9355155],[113.5978629,22.9363159],[113.5987181,22.9384698],[113.5992712,22.9398644],[113.5998991,22.9413993],[113.6013268,22.9449795],[113.6018828,22.9463865],[113.6043511,22.9525903],[113.6057551,22.9561038],[113.6073741,22.960142],[113.6082075,22.9623769],[113.6091194,22.9649515],[113.6098867,22.967159],[113.6101679,22.9680024],[113.6104231,22.9688775],[113.6106592,22.9698163],[113.6110326,22.9715172],[113.6115501,22.9739609],[113.6116735,22.9746399],[113.6119254,22.9766635],[113.6122813,22.9798277],[113.6126672,22.9831829],[113.6129421,22.9857117],[113.6130413,22.9865683],[113.6130662,22.9867918],[113.6137828,22.9932109],[113.6140749,22.9960088],[113.6141544,22.9966612],[113.6143046,22.9977081],[113.6144978,22.9986759],[113.614752,22.9997687],[113.61481140085482,23.0]]},"properties":{"key":"way:340282382@detail:454_91","osmType":"way","osmId":340282382,"sourceRegion":"guangzhou","featureType":"infrastructure","railClass":"intercity","mode":"rail","name":"穗深城际线","nameEn":"Guangzhou-Shenzhen Intercity Railway","ref":"0702","operator":"中国铁路广州局集团","usage":"main","bridge":"yes","status":"operational","color":"#7456A6","sourceKey":"way:340282382"}},{"type":"Feature","geometry":{"type":"LineString","coordinates":[[113.6948973,22.8028111],[113.6944685,22.8030739],[113.6941654,22.8032863],[113.6937751,22.8035833],[113.693438,22.8039075],[113.6931169,22.8042754],[113.6928186,22.8046398],[113.6926588,22.8048965],[113.6922409,22.8058083],[113.6921171,22.8061612],[113.692035,22.8065266],[113.6919683,22.8069442],[113.6918128,22.8090211],[113.6916998,22.8110389],[113.6916514,22.8117756],[113.6910145,22.8171585],[113.6905893,22.8207329],[113.6897904,22.8277829],[113.6897263,22.8281801],[113.6896185,22.8284891],[113.6893787,22.8290206],[113.6887009,22.8304332],[113.6882168,22.8313741],[113.6876353,22.8325468],[113.6874918,22.8329624],[113.6874049,22.8333307],[113.6872581,22.8344003],[113.6872227,22.8353876],[113.6871407,22.8363413],[113.6869631,22.8374171],[113.6867598,22.838357],[113.6865366,22.8392152],[113.686454,22.83945],[113.6863424,22.8397385],[113.6862137,22.8399914],[113.6860683,22.8402423],[113.6858508,22.8406188],[113.6855643,22.8410454],[113.6851132,22.8416312],[113.6848299,22.8419609],[113.684085,22.8428281],[113.6821598,22.8446185],[113.6798004,22.8468527],[113.6784164,22.848494],[113.6782807,22.8486517],[113.6780983,22.8489285],[113.6767572,22.8521516],[113.675974,22.8539905],[113.6758307,22.8542777],[113.6754804,22.8547913],[113.67518,22.8551176],[113.6745692,22.8556998],[113.6742558,22.8559533],[113.6739964,22.8561542],[113.6716769,22.8578054],[113.6686252,22.8599326],[113.6682627,22.8601826],[113.6678321,22.8605014],[113.6674876,22.8607872],[113.667202,22.8610453],[113.6663716,22.8618499],[113.6655417,22.862654],[113.6650781,22.8631812],[113.6645189,22.8638743],[113.6640402,22.8645062],[113.6636596,22.8650186],[113.6632019,22.8656562],[113.6614474,22.8681621],[113.6596335,22.8707027],[113.65874,22.8720098],[113.6583817,22.8726014],[113.6580384,22.8732321],[113.6577889,22.873772],[113.65751,22.8744294],[113.6573115,22.8750077],[113.6571398,22.8756008],[113.6568662,22.8766585],[113.6562171,22.8792236],[113.6557601,22.8812576],[113.6554983,22.8826832],[113.6553095,22.8839215],[113.6551485,22.8853251],[113.6548492,22.8876995],[113.6546132,22.8900173],[113.6544753,22.8911043],[113.6544351,22.8917794],[113.6542956,22.8946457],[113.6540381,22.896227],[113.6535939,22.8972381],[113.6530789,22.8979497],[113.6524352,22.8984834],[113.6516627,22.8989183],[113.650783,22.8992741],[113.6499461,22.8995311],[113.6490999,22.8997617],[113.648351,22.8999406],[113.6454588,22.9004758],[113.6423479,22.9009726],[113.6392838,22.9015344],[113.6383579,22.901649],[113.6373666,22.90174],[113.6362357,22.9018131],[113.6351307,22.9018121],[113.6340224,22.9017439],[113.63278,22.901567],[113.63175,22.9013496],[113.6293253,22.900717],[113.6273365,22.9002386]]},"properties":{"key":"way:340432139@detail:454_91","osmType":"way","osmId":340432139,"sourceRegion":"guangzhou","featureType":"infrastructure","railClass":"intercity","mode":"rail","name":"穗深城际线","nameEn":"Guangzhou-Shenzhen Intercity Railway","ref":"0702","operator":"中国铁路广州局","usage":"main","tunnel":"yes","status":"operational","color":"#7456A6","sourceKey":"way:340432139"}},{"type":"Feature","geometry":{"type":"LineString","coordinates":[[113.6665394,22.8622179],[113.6660124,22.8627211],[113.6655766,22.8632082],[113.66535,22.8634299],[113.6650465,22.8637263],[113.6646581,22.864179],[113.6643677,22.8645734],[113.6640941,22.8649485],[113.6622332,22.8675563],[113.6602998,22.8702936],[113.6596286,22.8712654],[113.659002,22.8721665],[113.6585467,22.8729223],[113.6581282,22.8737448],[113.6577607,22.8746128],[113.6575153,22.8753973],[113.6572778,22.8762847],[113.656947,22.8775695]]},"properties":{"key":"way:343718638@detail:454_91","osmType":"way","osmId":343718638,"sourceRegion":"guangzhou","featureType":"infrastructure","railClass":"metro","mode":"subway","name":"东莞轨道交通2号线","nameEn":"Dongguan Rail Transit Line 2","bridge":"viaduct","status":"operational","color":"#52636f","sourceKey":"way:343718638"}},{"type":"Feature","geometry":{"type":"LineString","coordinates":[[113.6781011,22.8480101],[113.6771785,22.8450143],[113.6770642,22.8445377],[113.6769746,22.844075],[113.676921,22.8436498],[113.67676,22.8408121],[113.6768067,22.8399104],[113.6768603,22.8394654],[113.6774145,22.8358089],[113.677547,22.835006],[113.6775861,22.8343653],[113.6775861,22.8304397],[113.6776613,22.8250999],[113.6776934,22.8233199],[113.6777042,22.8231024],[113.6778259,22.822784],[113.6799181,22.819036],[113.6799779,22.8188966],[113.680079,22.8185712],[113.6817579,22.8105459],[113.6818814,22.8101454],[113.6820424,22.8097795],[113.6830402,22.8079301],[113.683362,22.8072575],[113.6836158,22.806587],[113.6845492,22.8042035],[113.6864911,22.7993176],[113.6872351,22.7974068],[113.6887543,22.7945404],[113.6935936,22.7844909],[113.6951814,22.782107],[113.6953853,22.7817212],[113.6956787,22.7810861],[113.6958359,22.7805243],[113.6960505,22.7793273],[113.6960719,22.7787536],[113.696029,22.7778534],[113.6959362,22.777248],[113.6957393,22.7765378],[113.6944519,22.7727589],[113.6940694,22.7714511],[113.6938012,22.7702739],[113.6937009,22.7696625],[113.6936687,22.7688117],[113.693733,22.768139],[113.6939154,22.7673278],[113.6941767,22.7665542],[113.6946343,22.7654976],[113.6967693,22.7608676],[113.6988759,22.7566411],[113.6993552,22.7557737],[113.7013612,22.7526361],[113.7021689,22.7519867],[113.7029491,22.7514389],[113.7042035,22.7507645],[113.7055171,22.7501903],[113.705841,22.7501329],[113.7061649,22.7501028],[113.706872,22.7500609],[113.7075478,22.7500353],[113.7081262,22.7500726],[113.710965,22.7507298],[113.718644,22.7524957],[113.7251652,22.7522919],[113.7278883,22.7515835],[113.7290065,22.7509265],[113.729916,22.7502696],[113.73021731940646,22.75]]},"properties":{"key":"way:343718639@detail:454_91","osmType":"way","osmId":343718639,"sourceRegion":"guangzhou","featureType":"infrastructure","railClass":"construction","mode":"construction","name":"东莞轨道交通2号线","nameEn":"Dongguan Rail Transit Line 2","operator":"东莞市轨道交通有限公司 Dongguan Rail Transit Corp., Ltd.","usage":"main","tunnel":"yes","status":"construction","color":"#52636f","sourceKey":"way:343718639"}},{"type":"Feature","geometry":{"type":"LineString","coordinates":[[113.75,22.78340634651229],[113.746441,22.7840644],[113.742489,22.7847969],[113.7367099,22.7858845],[113.7312382,22.7869033],[113.7263398,22.7878073],[113.7239594,22.788248],[113.7216438,22.7886815],[113.7182643,22.7893143],[113.7173071,22.7895144],[113.7168535,22.789621],[113.7164351,22.7897347],[113.7159201,22.7899053],[113.7145924,22.7904295],[113.7142518,22.7905904],[113.7138632,22.7907978],[113.7129348,22.7913346],[113.7082034,22.7946679],[113.7037831,22.797833],[113.6998955,22.8007907],[113.6993381,22.8011671],[113.6989176,22.8013871],[113.6984557,22.8015533],[113.6968163,22.8020567],[113.6960201,22.802326],[113.6954113,22.8025631],[113.6948973,22.8028111]]},"properties":{"key":"way:344724439@detail:454_91","osmType":"way","osmId":344724439,"sourceRegion":"guangzhou","featureType":"infrastructure","railClass":"intercity","mode":"rail","name":"穗深城际线","nameEn":"Guangzhou-Shenzhen Intercity Railway","ref":"0702","usage":"main","bridge":"yes","status":"operational","color":"#7456A6","sourceKey":"way:344724439"}},{"type":"Feature","geometry":{"type":"LineString","coordinates":[[113.7101013,22.8681458],[113.7110062,22.8681597],[113.7119179,22.8681632],[113.7130279,22.8681492],[113.7148817,22.8681003],[113.7156024,22.8680744],[113.7164872,22.8680323],[113.7178749,22.8679536],[113.718796,22.8678952],[113.7195837,22.867846],[113.720381,22.8677714],[113.7214059,22.8676774]]},"properties":{"key":"way:360832594@detail:454_91","osmType":"way","osmId":360832594,"sourceRegion":"guangzhou","featureType":"infrastructure","railClass":"highspeed","mode":"rail","name":"广深港高速线","nameEn":"Guangshengang Highspeed Line","ref":"3021","usage":"main","highspeed":"yes","bridge":"yes","status":"operational","color":"#E54848","sourceKey":"way:360832594"}},{"type":"Feature","geometry":{"type":"LineString","coordinates":[[113.6531338,22.994481],[113.6537983,22.9937696],[113.6555471,22.991867],[113.6560309,22.9913217],[113.656573,22.9908075],[113.6568932,22.9905371],[113.6573479,22.9901889],[113.6577609,22.9899161],[113.6582611,22.9895938],[113.6587868,22.989305],[113.6593166,22.9890815],[113.6598799,22.9888482],[113.6608642,22.9884815],[113.6645053,22.9871111],[113.6654817,22.9867457],[113.667107,22.9861333],[113.6679493,22.9858271],[113.6686654,22.985595],[113.669336,22.9854147],[113.6700897,22.9852419],[113.6708434,22.9851086],[113.6716642,22.9850073],[113.6724715,22.9849258],[113.6733077,22.9848012],[113.6748124,22.9847271],[113.6768774,22.9846086],[113.6791046,22.9845307],[113.6810811,22.9844171],[113.6825751,22.9843801],[113.6836641,22.9844097],[113.6851715,22.9845307],[113.6861425,22.9846493],[113.6870544,22.9848073],[113.6880307,22.984995],[113.6892163,22.9852913],[113.6902328,22.9856296],[113.6912896,22.9860345],[113.6921667,22.9863975],[113.6930518,22.9868024],[113.6939262,22.9872716],[113.6947851,22.9877842]]},"properties":{"key":"way:407512057@detail:454_91","osmType":"way","osmId":407512057,"sourceRegion":"guangzhou","featureType":"infrastructure","railClass":"intercity","mode":"rail","name":"广惠城际线","nameEn":"Guangzhou–Huizhou Intercity Railway","ref":"3052","operator":"广东城际铁路运营有限公司","usage":"main","bridge":"viaduct","status":"operational","color":"#2C956F","sourceKey":"way:407512057"}},{"type":"Feature","geometry":{"type":"LineString","coordinates":[[113.6796996,22.8646919],[113.6781432,22.8644888],[113.6728442,22.8638313],[113.668288,22.8632517],[113.6660881,22.8629897],[113.6633342,22.8626893],[113.6603323,22.8623618],[113.6540165,22.8616048],[113.6518527,22.8613437],[113.6498346,22.8611294],[113.6480889,22.8609628],[113.6466238,22.8608472],[113.645592,22.8608072],[113.6438764,22.8607507],[113.6425345,22.8607413],[113.6411237,22.8607496],[113.6394417,22.8607873],[113.6378204,22.8608634],[113.6361951,22.8609884],[113.6328685,22.8612463],[113.6285872,22.8616048],[113.6258975,22.8617934],[113.6242342,22.8618787],[113.623427,22.8619071],[113.6225446,22.8619377],[113.6215177,22.8619525],[113.6206355,22.8619647],[113.6192991,22.861959],[113.6179705,22.8619301],[113.6155749,22.8618652],[113.6142265,22.8618383],[113.6129079,22.8618156]]},"properties":{"key":"way:444758134@detail:454_91","osmType":"way","osmId":444758134,"sourceRegion":"guangzhou","featureType":"infrastructure","railClass":"highspeed","mode":"rail","name":"广深港高速线","nameEn":"Guangshengang Highspeed Line","ref":"3021","usage":"main","highspeed":"yes","bridge":"yes","status":"operational","color":"#E54848","sourceKey":"way:444758134"}},{"type":"Feature","geometry":{"type":"LineString","coordinates":[[113.5,22.843719722354265],[113.5012056,22.8423353],[113.5018081,22.8416354],[113.5021372,22.841257],[113.5025299,22.8408005],[113.5029233,22.8403626],[113.5032402,22.83999],[113.5034703,22.8397297],[113.5037962,22.8393609],[113.5041506,22.8389501],[113.5044722,22.8385658],[113.5048268,22.838142],[113.5051993,22.8377041],[113.5053168,22.8375702],[113.5054571,22.8374044],[113.5055419,22.8373007],[113.505662,22.83715],[113.5057746,22.8370082],[113.5058685,22.8368812],[113.5059842,22.8367188],[113.5061116,22.8365292],[113.506248,22.8363196],[113.5063419,22.8361762],[113.5064409,22.8360266],[113.5065439,22.8358637],[113.5066357,22.8357256],[113.5067233,22.8355861],[113.5068205,22.8354392],[113.5069097,22.8353101],[113.5069973,22.8351811],[113.5071204,22.8350008],[113.507221,22.8348494],[113.5073518,22.8346491],[113.5075044,22.8344156],[113.5076448,22.8342152],[113.5077511,22.8340592],[113.5078247,22.833955],[113.5079377,22.833796],[113.5080845,22.83361],[113.5082277,22.8334344],[113.5084388,22.8331963],[113.508596,22.8330239],[113.508798,22.8328236],[113.5089832,22.8326349],[113.5092385,22.8323903],[113.5095498,22.8320906],[113.509789,22.8318656],[113.5100497,22.8316163],[113.5102878,22.8313941],[113.5105287,22.8311653],[113.5109567,22.830749],[113.5113404,22.830387],[113.5116533,22.8300882],[113.511789,22.8299566],[113.511952,22.8297812],[113.5120825,22.8296259],[113.5122127,22.8294488],[113.5123772,22.8292224],[113.5125252,22.8290012],[113.5126798,22.8287536],[113.5127112,22.8287033],[113.5129242,22.8283816],[113.5131399,22.8280535],[113.513262,22.8278714],[113.5134928,22.8275262],[113.5137345,22.8271647],[113.5138395,22.8270027],[113.5139545,22.8268253],[113.5140888,22.8266224],[113.5141894,22.8264692],[113.5143058,22.8262979],[113.5144185,22.8261319],[113.5145052,22.8260082],[113.5146052,22.825878],[113.514727,22.8257306],[113.5148496,22.8255935],[113.5149838,22.8254625],[113.5151795,22.8252731],[113.5154738,22.8249813],[113.5155189,22.8249367],[113.5158067,22.8246675],[113.5160375,22.8244537],[113.5163399,22.8241646],[113.5165277,22.8239762],[113.5167027,22.8237943],[113.5168222,22.8236663],[113.5169883,22.8234696],[113.5171298,22.8232774],[113.5172178,22.8231497],[113.5173174,22.8229999],[113.5174262,22.8228173],[113.5174941,22.8226942],[113.517543,22.8225992],[113.5177435,22.8222113],[113.51793,22.8218513],[113.518092,22.8215383],[113.5182621,22.8212135],[113.5184002,22.8209361],[113.5186144,22.8205086],[113.5187712,22.8202102],[113.5189213,22.8199472],[113.5190903,22.8196703],[113.5192429,22.8194469],[113.5193652,22.8192768],[113.5195173,22.8190727],[113.519604,22.8189655],[113.5196979,22.8188551],[113.5198468,22.8186827],[113.5200021,22.8185123],[113.5201449,22.8183633],[113.5203794,22.8181188],[113.5206184,22.8178578],[113.5208577,22.8176072],[113.5210249,22.8174344],[113.5211743,22.81727],[113.5213207,22.8171007],[113.5214275,22.816972],[113.5215895,22.8167676],[113.5217721,22.8165229],[113.5219061,22.81633],[113.522001,22.816186],[113.5221367,22.8159713],[113.5222871,22.8157126],[113.5223951,22.8155073],[113.5224984,22.8153094],[113.5226026,22.8151024],[113.5227324,22.8148164],[113.5228536,22.8145101],[113.5229572,22.8142337],[113.5230226,22.8140254],[113.5230581,22.8139038],[113.5231377,22.813599],[113.5232503,22.8131539],[113.5233606,22.8127346],[113.5234206,22.8125025],[113.5235191,22.81212],[113.523591,22.8118229],[113.523708,22.811369],[113.5238137,22.8109365],[113.5239163,22.8105333],[113.5239653,22.8103405],[113.5240366,22.8100649],[113.5240813,22.8098543],[113.524113,22.8096941],[113.5241385,22.80953],[113.5241623,22.809327],[113.5241819,22.8091145],[113.5241885,22.8089229],[113.5241867,22.8087893],[113.5241797,22.8086071],[113.5241603,22.8083991],[113.524149,22.8083022],[113.5241318,22.8081849],[113.5241004,22.8080043],[113.5240458,22.8077621],[113.5239884,22.807545],[113.5238979,22.8072116],[113.5238568,22.8070645],[113.5237902,22.806838],[113.5237006,22.8065283],[113.5236208,22.806272],[113.5235473,22.8060277],[113.52346,22.8057655],[113.523388,22.8055686],[113.5233006,22.8053433],[113.5231891,22.8050676],[113.5230943,22.8048527],[113.5229997,22.8046584],[113.5228631,22.8043878],[113.5226167,22.803914],[113.5223678,22.8034628],[113.52214,22.8030498],[113.5218652,22.8025366],[113.5216239,22.802087],[113.5214027,22.8016746],[113.5212314,22.8013558],[113.5211099,22.8011208],[113.5210096,22.80092],[113.5209316,22.8007262],[113.5209005,22.8006402],[113.5208524,22.8004935],[113.5208254,22.8003811],[113.5208016,22.800273],[113.520783,22.8001477],[113.5207705,22.8000031],[113.5207642,22.7998437],[113.5207661,22.7997023],[113.5207711,22.7995969],[113.5207839,22.7994663],[113.5208128,22.799314],[113.5208482,22.7991632],[113.5208837,22.7990506],[113.5209247,22.7989307],[113.5209714,22.7988129],[113.5210297,22.7986778],[113.5211271,22.7985061],[113.5212093,22.7983708],[113.5213256,22.7982112],[113.5214068,22.7981066],[113.5215487,22.7979508],[113.5216865,22.7978312],[113.5218109,22.7977284],[113.5219522,22.7976173],[113.5221193,22.7975145],[113.5222992,22.7974132],[113.5224974,22.7973161],[113.5227038,22.7972391],[113.5229283,22.7971737],[113.5232514,22.7971026],[113.5238081,22.7969926],[113.5243936,22.7968851],[113.524787,22.7968138],[113.5250759,22.7967606],[113.5253949,22.7966987],[113.5273861,22.7963158],[113.5288233,22.7960422],[113.5303573,22.7957527],[113.5321644,22.7954111],[113.5324339,22.7953592],[113.5331057,22.7952299],[113.533655,22.7951246],[113.5340526,22.7950483]]},"properties":{"key":"way:505984123@detail:454_91","osmType":"way","osmId":505984123,"sourceRegion":"guangzhou","featureType":"infrastructure","railClass":"metro","mode":"subway","name":"广州地铁4号线","nameEn":"Guangzhou Metro Line 4","bridge":"yes","status":"operational","color":"#52636f","sourceKey":"way:505984123"}},{"type":"Feature","geometry":{"type":"LineString","coordinates":[[113.5126798,22.8287536],[113.5132632,22.8281097]]},"properties":{"key":"way:505986694@detail:454_91","osmType":"way","osmId":505986694,"sourceRegion":"guangzhou","featureType":"infrastructure","railClass":"metro","mode":"subway","name":"未命名","service":"crossover","bridge":"yes","status":"operational","color":"#52636f","sourceKey":"way:505986694"}},{"type":"Feature","geometry":{"type":"LineString","coordinates":[[113.5138395,22.8270027],[113.514074,22.8267256],[113.5141844,22.8265929],[113.5142886,22.8264675]]},"properties":{"key":"way:505988781@detail:454_91","osmType":"way","osmId":505988781,"sourceRegion":"guangzhou","featureType":"infrastructure","railClass":"metro","mode":"subway","name":"未命名","service":"yard","bridge":"yes","status":"operational","color":"#52636f","sourceKey":"way:505988781"}},{"type":"Feature","geometry":{"type":"LineString","coordinates":[[113.5142524,22.8264503],[113.5141844,22.8265929],[113.514112,22.8267445],[113.513952,22.8270592]]},"properties":{"key":"way:505988783@detail:454_91","osmType":"way","osmId":505988783,"sourceRegion":"guangzhou","featureType":"infrastructure","railClass":"metro","mode":"subway","name":"未命名","service":"yard","bridge":"yes","status":"operational","color":"#52636f","sourceKey":"way:505988783"}},{"type":"Feature","geometry":{"type":"LineString","coordinates":[[113.514074,22.8267256],[113.5142524,22.8264503],[113.5143366,22.8263221],[113.5143965,22.8262342],[113.5144417,22.8261682],[113.51449,22.8260993],[113.5145723,22.825986],[113.5146597,22.8258707],[113.5147258,22.8257902],[113.5147888,22.825719],[113.5148783,22.8256178],[113.5149377,22.8255555],[113.5149952,22.8254988],[113.5151334,22.8253649],[113.5152412,22.8252612],[113.5155343,22.8249795]]},"properties":{"key":"way:505988785@detail:454_91","osmType":"way","osmId":505988785,"sourceRegion":"guangzhou","featureType":"infrastructure","railClass":"metro","mode":"subway","name":"未命名","service":"yard","bridge":"yes","status":"operational","color":"#52636f","sourceKey":"way:505988785"}},{"type":"Feature","geometry":{"type":"LineString","coordinates":[[113.5152412,22.8252612],[113.5154738,22.8249813]]},"properties":{"key":"way:505988788@detail:454_91","osmType":"way","osmId":505988788,"sourceRegion":"guangzhou","featureType":"infrastructure","railClass":"metro","mode":"subway","name":"未命名","service":"yard","bridge":"yes","status":"operational","color":"#52636f","sourceKey":"way:505988788"}},{"type":"Feature","geometry":{"type":"LineString","coordinates":[[113.514112,22.8267445],[113.5142886,22.8264675],[113.5143465,22.8263871],[113.5144424,22.8262425],[113.5145128,22.8261405],[113.5145645,22.8260713],[113.5146188,22.8259983],[113.5146724,22.8259297],[113.5147395,22.8258463],[113.5148045,22.8257697],[113.5148722,22.8256899],[113.5149668,22.8255898],[113.515054,22.8255039],[113.5151693,22.8253933],[113.5152913,22.8252758],[113.5155686,22.8250099]]},"properties":{"key":"way:505988790@detail:454_91","osmType":"way","osmId":505988790,"sourceRegion":"guangzhou","featureType":"infrastructure","railClass":"metro","mode":"subway","name":"未命名","service":"yard","bridge":"yes","status":"operational","color":"#52636f","sourceKey":"way:505988790"}},{"type":"Feature","geometry":{"type":"LineString","coordinates":[[113.5324339,22.7953592],[113.5330674,22.7952774]]},"properties":{"key":"way:505997353@detail:454_91","osmType":"way","osmId":505997353,"sourceRegion":"guangzhou","featureType":"infrastructure","railClass":"metro","mode":"subway","name":"未命名","service":"yard","bridge":"yes","status":"operational","color":"#52636f","sourceKey":"way:505997353"}},{"type":"Feature","geometry":{"type":"LineString","coordinates":[[113.5342879,22.7950397],[113.5346597,22.7949319]]},"properties":{"key":"way:505997355@detail:454_91","osmType":"way","osmId":505997355,"sourceRegion":"guangzhou","featureType":"infrastructure","railClass":"metro","mode":"subway","name":"未命名","service":"crossover","bridge":"yes","status":"operational","color":"#52636f","sourceKey":"way:505997355"}},{"type":"Feature","geometry":{"type":"LineString","coordinates":[[113.6068559,22.7708049],[113.6057081,22.7697667],[113.6056367,22.7697035],[113.6053191,22.7694225]]},"properties":{"key":"way:543807554@detail:454_91","osmType":"way","osmId":543807554,"sourceRegion":"guangzhou","featureType":"infrastructure","railClass":"metro","mode":"subway","name":"广州地铁4号线","nameEn":"Guangzhou Metro Line 4","tunnel":"yes","status":"operational","color":"#52636f","sourceKey":"way:543807554"}},{"type":"Feature","geometry":{"type":"LineString","coordinates":[[113.5387055,22.7893043],[113.5386163,22.7888983],[113.5385762,22.7887154],[113.5385351,22.7885378],[113.5385143,22.7884579],[113.5384902,22.7883728],[113.5384533,22.7882482],[113.5384082,22.7881201],[113.5383576,22.7879952],[113.5382982,22.7878614],[113.5382428,22.787752],[113.5382086,22.7876879],[113.5381658,22.7876142],[113.5380181,22.7874325],[113.5379045,22.7872943],[113.5377911,22.7871735],[113.5376342,22.7870278],[113.537421,22.7868611],[113.5372262,22.7867144],[113.5362795,22.7859459]]},"properties":{"key":"way:543807555@detail:454_91","osmType":"way","osmId":543807555,"sourceRegion":"guangzhou","featureType":"infrastructure","railClass":"metro","mode":"subway","name":"未命名","service":"yard","tunnel":"yes","status":"operational","color":"#52636f","sourceKey":"way:543807555"}},{"type":"Feature","geometry":{"type":"LineString","coordinates":[[113.5363212,22.7859142],[113.5367968,22.7862534],[113.5373744,22.7867024],[113.5377643,22.7870385],[113.5379335,22.7872057],[113.5380124,22.7873112],[113.5380966,22.7874286],[113.5381625,22.787527],[113.5382131,22.7876089],[113.5382461,22.7876664],[113.5382813,22.7877315],[113.5383283,22.7878227],[113.5383573,22.7878781],[113.538384,22.787936],[113.5384187,22.7880156],[113.5384595,22.7881212],[113.5384928,22.7882184],[113.5385243,22.7883173],[113.5385563,22.7884269],[113.5385862,22.7885464],[113.5386353,22.7887651],[113.5386623,22.7888887],[113.538752,22.7892958]]},"properties":{"key":"way:543807556@detail:454_91","osmType":"way","osmId":543807556,"sourceRegion":"guangzhou","featureType":"infrastructure","railClass":"metro","mode":"subway","name":"未命名","service":"yard","tunnel":"yes","status":"operational","color":"#52636f","sourceKey":"way:543807556"}},{"type":"Feature","geometry":{"type":"LineString","coordinates":[[113.5387585,22.7898144],[113.5387055,22.7893043],[113.5386839,22.7890962],[113.5386623,22.7888887]]},"properties":{"key":"way:543807557@detail:454_91","osmType":"way","osmId":543807557,"sourceRegion":"guangzhou","featureType":"infrastructure","railClass":"metro","mode":"subway","name":"未命名","service":"yard","tunnel":"yes","status":"operational","color":"#52636f","sourceKey":"way:543807557"}},{"type":"Feature","geometry":{"type":"LineString","coordinates":[[113.5386163,22.7888983],[113.5386839,22.7890962],[113.538752,22.7892958],[113.5389186,22.7897842]]},"properties":{"key":"way:543807558@detail:454_91","osmType":"way","osmId":543807558,"sourceRegion":"guangzhou","featureType":"infrastructure","railClass":"metro","mode":"subway","name":"未命名","service":"yard","tunnel":"yes","status":"operational","color":"#52636f","sourceKey":"way:543807558"}},{"type":"Feature","geometry":{"type":"LineString","coordinates":[[113.5383752,22.78817],[113.5383247,22.7880158],[113.5382683,22.7878678],[113.5381971,22.7877104],[113.538116,22.7875463],[113.5380425,22.7874135],[113.5379507,22.7872633],[113.5378502,22.7871005],[113.5377434,22.7869358],[113.5376731,22.7868346],[113.5376067,22.7867429],[113.5375106,22.78661],[113.5374239,22.7864937],[113.537287,22.7863183],[113.5371423,22.7861405],[113.5369862,22.7859604],[113.5368465,22.7858028],[113.536738,22.7856851],[113.536633,22.7855757],[113.5365495,22.7854922],[113.5364038,22.78535],[113.5362664,22.7852222],[113.5361089,22.7850788],[113.5359777,22.7849599],[113.5358301,22.7848302],[113.5354522,22.7845081],[113.5350585,22.7841725],[113.5346891,22.7838571],[113.5342307,22.7834771],[113.5339149,22.7832053],[113.5336845,22.7829941],[113.5334868,22.7828021],[113.5333063,22.78261],[113.5331175,22.7823968],[113.5329653,22.7822106],[113.5328175,22.7820039],[113.5327323,22.7818657],[113.5326496,22.7817207],[113.5325811,22.7815743],[113.5325155,22.7813955],[113.5324611,22.7812038],[113.5324305,22.7810724],[113.5323999,22.7809251],[113.5323763,22.7807744],[113.5323552,22.7806012],[113.5323388,22.7803565],[113.5323278,22.7801722],[113.5323216,22.7799902],[113.5323183,22.7798281],[113.5323224,22.7796729],[113.5323349,22.7794432],[113.5323573,22.7791999],[113.5323903,22.7789225],[113.5324281,22.7787196],[113.5324768,22.7785041],[113.5325199,22.7783536],[113.5325972,22.7781177],[113.5326882,22.7778834],[113.532789,22.7776689],[113.5328926,22.7774762],[113.5330063,22.7772885],[113.5331003,22.7771636],[113.5332153,22.777044],[113.5333339,22.776936],[113.5334619,22.7768235],[113.533658,22.7766699],[113.5338785,22.7765074],[113.5356651,22.7752051],[113.5358295,22.7750852],[113.536325,22.7747235],[113.5393087,22.7725039],[113.5395275,22.7723399],[113.5397106,22.7722],[113.5398873,22.7720546],[113.5400833,22.7718857],[113.5403227,22.771671],[113.5405617,22.7714552],[113.5407703,22.7712653],[113.5497085,22.7630178],[113.5501549,22.7626005],[113.5507651,22.7620412],[113.5511857,22.7616619],[113.5516917,22.7612057],[113.5519448,22.7609878],[113.5521941,22.76078],[113.5524359,22.7605837],[113.5527153,22.7603658],[113.5530064,22.7601442],[113.553337,22.7599053],[113.5536973,22.7596588],[113.5539634,22.7594844],[113.5549491,22.758872],[113.5555678,22.7585045],[113.5559241,22.7582997],[113.5561102,22.7582012],[113.5563028,22.7581066],[113.5564297,22.7580504],[113.556569,22.7579914],[113.5567441,22.7579227],[113.5570179,22.7578239],[113.5573649,22.757706],[113.5576948,22.7576071],[113.5579177,22.7575469],[113.5582399,22.7574676],[113.5585759,22.7573927],[113.5589954,22.7573087],[113.5594869,22.7572164],[113.5601267,22.7571],[113.5608134,22.7569908],[113.5614574,22.7568908],[113.5622081,22.7567806],[113.56282,22.7566937],[113.5633715,22.7566174],[113.5639839,22.7565352],[113.5645718,22.7564546],[113.5651023,22.7563892],[113.5656062,22.7563298],[113.5661074,22.7562694],[113.5665388,22.7562185],[113.5670005,22.7561623],[113.5678165,22.7560665],[113.5683209,22.7560073],[113.5695175,22.7558594],[113.5702611,22.7557689],[113.5707009,22.7557108],[113.5710426,22.755662],[113.5714136,22.7555968],[113.5717421,22.7555313],[113.5720678,22.7554595],[113.5723774,22.7553809],[113.5726185,22.7553143],[113.5727959,22.7552593],[113.5730043,22.7551892],[113.5732876,22.7550848],[113.5735723,22.7549711],[113.5739579,22.7548033],[113.5743986,22.7546033],[113.5746476,22.7544828],[113.5749272,22.7543365],[113.5751744,22.7541971],[113.5780243,22.7524755],[113.578337,22.7522874],[113.578622,22.7521206],[113.5788698,22.7519836],[113.5790711,22.751879],[113.5792764,22.7517789],[113.579485,22.7516826],[113.5797049,22.751586],[113.5799494,22.751489],[113.5801411,22.7514177],[113.5803262,22.7513554],[113.5805322,22.7512964],[113.5807405,22.7512423],[113.5809462,22.7511962],[113.5811507,22.7511575],[113.5813076,22.7511323],[113.5814594,22.7511095],[113.5817631,22.7510742],[113.5820472,22.7510441],[113.5823255,22.7510184],[113.5825181,22.7510047],[113.5827096,22.7509945],[113.5830116,22.7509827],[113.5835075,22.7509679],[113.5842129,22.7509433],[113.5847171,22.7509271],[113.5854766,22.7509088],[113.5861344,22.7508878],[113.5866701,22.7508708],[113.5871078,22.7508555],[113.587516,22.7508472],[113.5880258,22.7508395],[113.5890368,22.750834],[113.5896321,22.7508288],[113.5902543,22.7508234],[113.5909364,22.7508242],[113.5921081,22.7508224],[113.5925808,22.7508234],[113.5928988,22.7508249],[113.5931702,22.750829],[113.5933742,22.7508359],[113.5935783,22.7508497],[113.5937904,22.7508678],[113.5940039,22.7508911],[113.5941361,22.7509092],[113.5942538,22.7509269],[113.5944088,22.7509536],[113.594546,22.7509822],[113.5946959,22.7510185],[113.5948201,22.7510551],[113.5949641,22.7511049],[113.5950993,22.751157],[113.5953042,22.7512471],[113.5953995,22.7512932],[113.5954938,22.7513455],[113.5955986,22.7514148],[113.5956864,22.7514848],[113.5957514,22.7515436],[113.5958724,22.7516771],[113.5959863,22.7518219],[113.5960822,22.7519628],[113.5961396,22.7520651],[113.5961889,22.7521606],[113.5962415,22.7522806],[113.5962949,22.7524165],[113.5963506,22.752609],[113.5964158,22.7528487],[113.5964617,22.7530518],[113.5965216,22.7533566],[113.5965681,22.7536096],[113.5966177,22.7538722],[113.5966574,22.7540847],[113.5966973,22.7543024],[113.5967363,22.7545196],[113.5967677,22.7547059],[113.5968153,22.7550126],[113.59687,22.7553525],[113.5968993,22.7555727],[113.596931,22.7558207],[113.5969648,22.7561033],[113.5969994,22.7563591],[113.5971257,22.7572644],[113.5972116,22.757866],[113.5972523,22.75814],[113.5972989,22.7584285],[113.5973499,22.7587101],[113.5976321,22.760148],[113.5979103,22.7615872],[113.5979812,22.7619388],[113.5980124,22.7620901],[113.5980314,22.7621821],[113.5980504,22.7622722],[113.5980792,22.7623966],[113.5981048,22.7624963],[113.5981297,22.7625868],[113.5981444,22.7626369],[113.5981592,22.7626835],[113.5981855,22.7627609],[113.5982175,22.7628411],[113.5982418,22.7628936],[113.5982911,22.7629911],[113.5983412,22.7630784],[113.5984109,22.7631783],[113.5984882,22.7632815],[113.5985575,22.7633669],[113.5986335,22.7634554],[113.5987037,22.7635281],[113.5987983,22.763625],[113.5989034,22.7637234],[113.5990087,22.7638175],[113.5991228,22.7639216],[113.5992158,22.7640042],[113.5993088,22.764085],[113.6000849,22.7647544],[113.6003662,22.7650018]]},"properties":{"key":"way:543807559@detail:454_91","osmType":"way","osmId":543807559,"sourceRegion":"guangzhou","featureType":"infrastructure","railClass":"metro","mode":"subway","name":"广州地铁4号线","nameEn":"Guangzhou Metro Line 4","tunnel":"yes","status":"operational","color":"#52636f","sourceKey":"way:543807559"}},{"type":"Feature","geometry":{"type":"LineString","coordinates":[[113.5385219,22.7881339],[113.538572,22.7882765],[113.5386065,22.7883907],[113.5386376,22.7885049],[113.5389186,22.7897842],[113.539012,22.7902164],[113.5391203,22.7907168],[113.539169,22.7909688],[113.5391911,22.7911265],[113.5392085,22.7912745],[113.5392203,22.791475],[113.5392217,22.7916841],[113.5392137,22.7918549],[113.5391962,22.7920119],[113.5391673,22.7921772],[113.5391172,22.7923753],[113.5390586,22.7925482],[113.5389874,22.792742]]},"properties":{"key":"way:543807560@detail:454_91","osmType":"way","osmId":543807560,"sourceRegion":"guangzhou","featureType":"infrastructure","railClass":"metro","mode":"subway","name":"广州地铁4号线","nameEn":"Guangzhou Metro Line 4","tunnel":"yes","status":"operational","color":"#52636f","sourceKey":"way:543807560"}},{"type":"Feature","geometry":{"type":"LineString","coordinates":[[113.5389874,22.792742],[113.5389208,22.7928804],[113.5388649,22.7929898],[113.5387892,22.7931267],[113.5387383,22.793211],[113.5386548,22.7933424],[113.5385805,22.7934438],[113.5385026,22.7935354],[113.5384251,22.7936137],[113.5383475,22.793692],[113.5381331,22.7938896],[113.5378848,22.7940776],[113.5376774,22.7942061],[113.5375558,22.7942715],[113.5374431,22.7943234],[113.5373435,22.7943655],[113.5372161,22.7944129],[113.5370837,22.7944592],[113.5369333,22.7945083],[113.5367804,22.7945491],[113.5366125,22.7945878],[113.5361097,22.7946921]]},"properties":{"key":"way:543807561@detail:454_91","osmType":"way","osmId":543807561,"sourceRegion":"guangzhou","featureType":"infrastructure","railClass":"metro","mode":"subway","name":"广州地铁4号线","nameEn":"Guangzhou Metro Line 4","bridge":"yes","status":"operational","color":"#52636f","sourceKey":"way:543807561"}},{"type":"Feature","geometry":{"type":"LineString","coordinates":[[113.5357346,22.7752292],[113.5354725,22.7754198],[113.5352442,22.7755859],[113.5349343,22.7758114],[113.5345723,22.7760724],[113.534113,22.7764013],[113.5338268,22.7766081],[113.5336313,22.776744],[113.5334423,22.776872],[113.5331646,22.7770542],[113.5330135,22.7771524],[113.5326464,22.7773931],[113.5319276,22.7778797],[113.5311375,22.7784357],[113.5303751,22.7789729],[113.5289474,22.7800272],[113.5285385,22.7803387],[113.5281356,22.7806703],[113.5279086,22.780867],[113.5278022,22.7809646],[113.5276899,22.7810737],[113.5275787,22.7811913],[113.5273719,22.7814251],[113.5271408,22.7817006],[113.5270618,22.7818065],[113.5269672,22.7819498],[113.5268895,22.7820737],[113.5268422,22.7821538],[113.5268022,22.782226],[113.526737,22.7823545],[113.5266921,22.7824553],[113.5266522,22.7825584],[113.5266142,22.7826692],[113.526582,22.7827869],[113.5265619,22.7828835],[113.5265406,22.7830015],[113.5265246,22.7830988],[113.5265108,22.7832028],[113.526501,22.7833],[113.5264912,22.7834604],[113.5264841,22.7836614],[113.5264809,22.783993],[113.5264872,22.7842664],[113.5264982,22.7845012],[113.526512,22.7846685],[113.5265231,22.7847567],[113.526536,22.784838],[113.5265559,22.7849195],[113.526589,22.785006],[113.5266273,22.7850788],[113.5266738,22.7851479],[113.5267384,22.7852339],[113.5268365,22.785344],[113.5269132,22.7854175],[113.5270165,22.7855044],[113.5271329,22.7855834],[113.5272163,22.78564],[113.5273122,22.7856977],[113.527399,22.7857477],[113.5274728,22.7857853],[113.527543,22.7858147],[113.527617,22.7858396],[113.5277037,22.7858613],[113.5277535,22.7858707]]},"properties":{"key":"way:543829610@detail:454_91","osmType":"way","osmId":543829610,"sourceRegion":"guangzhou","featureType":"infrastructure","railClass":"metro","mode":"subway","name":"未命名","service":"yard","tunnel":"yes","status":"operational","color":"#52636f","sourceKey":"way:543829610"}},{"type":"Feature","geometry":{"type":"LineString","coordinates":[[113.535977,22.7751302],[113.5354725,22.7754198]]},"properties":{"key":"way:543829611@detail:454_91","osmType":"way","osmId":543829611,"sourceRegion":"guangzhou","featureType":"infrastructure","railClass":"metro","mode":"subway","name":"未命名","service":"yard","tunnel":"yes","status":"operational","color":"#52636f","sourceKey":"way:543829611"}},{"type":"Feature","geometry":{"type":"LineString","coordinates":[[113.5352442,22.7755859],[113.5356651,22.7752051]]},"properties":{"key":"way:543829612@detail:454_91","osmType":"way","osmId":543829612,"sourceRegion":"guangzhou","featureType":"infrastructure","railClass":"metro","mode":"subway","name":"未命名","service":"yard","tunnel":"yes","status":"operational","color":"#52636f","sourceKey":"way:543829612"}},{"type":"Feature","geometry":{"type":"LineString","coordinates":[[113.5683209,22.7560073],[113.5694568,22.7559891]]},"properties":{"key":"way:543919818@detail:454_91","osmType":"way","osmId":543919818,"sourceRegion":"guangzhou","featureType":"infrastructure","railClass":"metro","mode":"subway","name":"未命名","service":"crossover","tunnel":"yes","status":"operational","color":"#52636f","sourceKey":"way:543919818"}},{"type":"Feature","geometry":{"type":"LineString","coordinates":[[113.6042934,22.7684557],[113.6045637,22.7687539]]},"properties":{"key":"way:543938162@detail:454_91","osmType":"way","osmId":543938162,"sourceRegion":"guangzhou","featureType":"infrastructure","railClass":"metro","mode":"subway","name":"未命名","service":"crossover","tunnel":"yes","status":"operational","color":"#52636f","sourceKey":"way:543938162"}},{"type":"Feature","geometry":{"type":"LineString","coordinates":[[113.6053499,22.7693907],[113.6054936,22.7695474],[113.6056367,22.7697035]]},"properties":{"key":"way:543938163@detail:454_91","osmType":"way","osmId":543938163,"sourceRegion":"guangzhou","featureType":"infrastructure","railClass":"metro","mode":"subway","name":"未命名","service":"crossover","tunnel":"yes","status":"operational","color":"#52636f","sourceKey":"way:543938163"}},{"type":"Feature","geometry":{"type":"LineString","coordinates":[[113.6056682,22.7696723],[113.6054936,22.7695474],[113.6053191,22.7694225]]},"properties":{"key":"way:543938164@detail:454_91","osmType":"way","osmId":543938164,"sourceRegion":"guangzhou","featureType":"infrastructure","railClass":"metro","mode":"subway","name":"未命名","service":"crossover","tunnel":"yes","status":"operational","color":"#52636f","sourceKey":"way:543938164"}},{"type":"Feature","geometry":{"type":"LineString","coordinates":[[113.5361017,22.7946528],[113.5365832,22.7945517],[113.5366907,22.7945258],[113.536803,22.7944969],[113.5369429,22.7944569],[113.5370714,22.794412],[113.537278,22.7943296],[113.5374019,22.7942708],[113.5375127,22.7942106],[113.537614,22.7941495],[113.5377103,22.7940839],[113.537965,22.793901],[113.5381924,22.7936949],[113.5383842,22.7934927],[113.5384616,22.7933984],[113.538532,22.7933008],[113.5386103,22.7931753],[113.538678,22.7930499],[113.5387953,22.7928193],[113.5388593,22.7926926]]},"properties":{"key":"way:549366462@detail:454_91","osmType":"way","osmId":549366462,"sourceRegion":"guangzhou","featureType":"infrastructure","railClass":"metro","mode":"subway","name":"广州地铁4号线","nameEn":"Guangzhou Metro Line 4","bridge":"yes","status":"operational","color":"#52636f","sourceKey":"way:549366462"}},{"type":"Feature","geometry":{"type":"LineString","coordinates":[[113.5340588,22.7950848],[113.5336621,22.7951621],[113.5332439,22.7952445],[113.5330674,22.7952774],[113.532707,22.7953444],[113.5321498,22.7954502],[113.5316101,22.7955508],[113.5310376,22.7956574],[113.5302496,22.7958069],[113.5295558,22.7959375],[113.5288585,22.7960692],[113.5281794,22.7962009],[113.5275138,22.7963232],[113.5265615,22.796504],[113.5259617,22.796619],[113.5256034,22.7966922],[113.5254164,22.7967277],[113.5252134,22.7967685],[113.5250275,22.7968061],[113.5248393,22.7968406],[113.5246273,22.7968803],[113.5244708,22.7969085],[113.5242418,22.7969503],[113.5240241,22.7969932],[113.5237939,22.7970371],[113.5233642,22.7971186],[113.5231522,22.7971615],[113.5230001,22.7971967],[113.5228427,22.7972399],[113.5226896,22.797289],[113.5225876,22.7973266],[113.5224255,22.7973977],[113.5222248,22.7975001],[113.5220491,22.7976025],[113.5219448,22.7976705],[113.5218087,22.7977719],[113.5216783,22.7978816],[113.5215797,22.7979788],[113.5214878,22.798075],[113.5214289,22.7981419],[113.5213461,22.7982485],[113.5212713,22.7983488],[113.5211999,22.7984575],[113.5211477,22.7985411],[113.5210944,22.7986362],[113.5210434,22.7987408],[113.5209969,22.7988432],[113.520948,22.7989687],[113.520905,22.7991007],[113.5208803,22.799198],[113.5208386,22.7993901],[113.5208182,22.7995294],[113.5208087,22.7996686],[113.5208061,22.7997923],[113.5208074,22.7999087],[113.5208165,22.8000432],[113.5208282,22.8001717],[113.5208477,22.8002893],[113.5208751,22.8004118],[113.5208998,22.8005054],[113.5209272,22.8005907],[113.5209623,22.8006903],[113.5210014,22.8007876],[113.5210353,22.8008656],[113.5210887,22.8009785],[113.5211382,22.8010697],[113.5211824,22.801155],[113.5212658,22.8013098],[113.5214146,22.8015905],[113.52158,22.8018954],[113.5217727,22.802264],[113.521916,22.8025365],[113.5220938,22.8028735],[113.5224046,22.803446],[113.522589,22.8037858],[113.5226929,22.8039785],[113.5228003,22.8041819],[113.5228832,22.8043401],[113.5229766,22.8045166],[113.5230386,22.8046409],[113.5230641,22.804692],[113.5231494,22.8048707],[113.5232241,22.8050526],[113.5233128,22.8052624],[113.5233759,22.8054185],[113.5234459,22.8056068],[113.5235066,22.8057736],[113.5235872,22.8060072],[113.5237121,22.8064237],[113.5238008,22.8067315],[113.5238861,22.8070414],[113.5239888,22.8074009],[113.5240799,22.8077507],[113.5241324,22.8079702],[113.5241616,22.8081101],[113.5241803,22.8082253],[113.5241913,22.8083095],[113.5242024,22.8084222],[113.5242153,22.8085793],[113.5242211,22.8087236],[113.5242258,22.8088839],[113.5242242,22.8090706],[113.5242082,22.8092598],[113.5241852,22.8094588],[113.5241552,22.8096545],[113.5241055,22.8099194],[113.5240454,22.8101651],[113.5239905,22.8103848],[113.5238813,22.8108242],[113.5237893,22.8111945],[113.5237167,22.8114848],[113.5236264,22.8118388],[113.5235486,22.8121487],[113.5234743,22.8124326],[113.5233929,22.812749],[113.5233327,22.8129725],[113.5232849,22.8131666],[113.5232283,22.8133884],[113.523177,22.8135891],[113.5231115,22.8138435],[113.5230584,22.8140327],[113.5229982,22.8142219],[113.5229239,22.8144258],[113.5228496,22.8146281],[113.5227682,22.8148222],[113.5226939,22.8149918],[113.5226089,22.8151713],[113.5225151,22.8153605],[113.5224001,22.8155807],[113.5222816,22.815796],[113.5221577,22.8160113],[113.5220409,22.8161924],[113.5219259,22.8163636],[113.5217949,22.8165496],[113.521664,22.8167323],[113.5215436,22.8168905],[113.5214392,22.8170193],[113.5213118,22.817171],[113.5211738,22.8173293],[113.5210481,22.8174663],[113.5209278,22.8175968],[113.5208075,22.8177224],[113.5204606,22.8180877],[113.5199935,22.8185901],[113.5197333,22.8188772],[113.5195811,22.8190599],[113.519459,22.8192181],[113.5193405,22.8193714],[113.5192432,22.8195117],[113.5191281,22.8196895],[113.5190273,22.8198542],[113.5189317,22.8200141],[113.5188238,22.8201951],[113.5187229,22.8203843],[113.5185318,22.8207529],[113.5183194,22.8211705],[113.5180929,22.8216125],[113.517916,22.8219453],[113.5178098,22.8221524],[113.5177036,22.8223563],[113.5175473,22.8226692],[113.5174691,22.8228198],[113.517336,22.823062],[113.5172204,22.8232643],[113.5171025,22.8234472],[113.5169449,22.8236646],[113.5168176,22.8238228],[113.516681,22.8239788],[113.5165748,22.8240896],[113.5164721,22.8241951],[113.5163506,22.8243178],[113.5162409,22.8244243],[113.5161171,22.8245448],[113.5159875,22.8246718],[113.5158533,22.8248031],[113.5155404,22.8250872],[113.5153186,22.8252991],[113.5151505,22.8254638],[113.5150115,22.8256015],[113.5148843,22.8257393],[113.5147885,22.825849],[113.5146916,22.8259695],[113.5146064,22.8260804],[113.5145235,22.8261966],[113.5144184,22.8263526],[113.5143145,22.8265186],[113.5141569,22.8267553],[113.513952,22.8270592],[113.5138732,22.8271761],[113.5136079,22.8275818],[113.5133595,22.8279616],[113.5132632,22.8281097],[113.5131622,22.828265],[113.5129614,22.828562],[113.5127571,22.8288795],[113.512638,22.8290559],[113.5125186,22.8292187],[113.5124339,22.8293281],[113.5123137,22.8294686],[113.5121628,22.829639],[113.5120519,22.8297597],[113.5118886,22.8299202],[113.5117083,22.8300891],[113.5114279,22.8303589],[113.5111275,22.83064],[113.5108903,22.8308672],[113.5107655,22.830985],[113.510556,22.8311852],[113.5104158,22.8313187],[113.5103126,22.8314195],[113.5101401,22.8315799],[113.5098674,22.8318383],[113.5094653,22.8322189],[113.5091403,22.8325326],[113.5088845,22.8327783],[113.5086924,22.8329736],[113.5085687,22.833102],[113.5082381,22.8334735],[113.5081174,22.8336206],[113.5079714,22.8338155],[113.5076701,22.8342522],[113.5074028,22.8346436],[113.5069392,22.8353417],[113.5066968,22.8357021],[113.506403,22.8361604],[113.506196,22.8364751],[113.5060314,22.8367181],[113.5058916,22.8369187],[113.5057607,22.8370998],[113.5056067,22.8372955],[113.5055041,22.8374194],[113.505412,22.8375271],[113.505274,22.8376869],[113.5050761,22.8379216],[113.5048228,22.8382121],[113.5045077,22.8385887],[113.504169,22.8389933],[113.503974,22.8392149],[113.5037826,22.8394333],[113.5035315,22.8397099],[113.5034984,22.8397476],[113.5032478,22.8400326],[113.5028334,22.8405028],[113.502538,22.8408375],[113.502308,22.841114],[113.5020745,22.8413851],[113.501813,22.8416831],[113.5016238,22.8419005],[113.5014394,22.8421178],[113.5012304,22.8423599],[113.5010424,22.8425794],[113.5009187,22.842729],[113.5008019,22.8428635],[113.5005299,22.8431776],[113.5002334,22.8435209],[113.5,22.843786536471924]]},"properties":{"key":"way:549366463@detail:454_91","osmType":"way","osmId":549366463,"sourceRegion":"guangzhou","featureType":"infrastructure","railClass":"metro","mode":"subway","name":"广州地铁4号线","nameEn":"Guangzhou Metro Line 4","bridge":"yes","status":"operational","color":"#52636f","sourceKey":"way:549366463"}},{"type":"Feature","geometry":{"type":"LineString","coordinates":[[113.6003236,22.7650401],[113.5999293,22.7646865],[113.599726,22.7645086],[113.5995388,22.7643449],[113.5993834,22.7642075],[113.5992128,22.764056],[113.5990761,22.7639369],[113.598934,22.7638125],[113.5988101,22.7637005],[113.5987101,22.7636035],[113.5986239,22.7635146],[113.5985327,22.7634112],[113.5984658,22.7633279],[113.5984132,22.7632554],[113.5983659,22.7631877],[113.5982634,22.763029],[113.5982204,22.7629482],[113.5981917,22.7628888],[113.598175,22.7628489],[113.598153,22.762787],[113.5981346,22.7627329],[113.5980935,22.7625994],[113.5980601,22.7624817],[113.5980173,22.7623122],[113.5979832,22.7621652],[113.5979445,22.7619836],[113.5978771,22.7616575],[113.5977781,22.7611384],[113.5976763,22.760613],[113.5975927,22.7601844],[113.597509,22.7597566],[113.5974414,22.7594177],[113.597374,22.7590816],[113.5973176,22.7587945],[113.5972664,22.7585201],[113.5972226,22.7582436],[113.5971732,22.7579279],[113.5971205,22.7575874],[113.5970669,22.7572318],[113.5969217,22.7562667],[113.5968957,22.7560915],[113.5968646,22.7558699],[113.5968302,22.7556283],[113.5968032,22.7554452],[113.5967721,22.7552433],[113.5967421,22.7550385],[113.5967059,22.7548164],[113.5966575,22.7545444],[113.5966149,22.754322],[113.5965856,22.7541703],[113.5965464,22.7539696],[113.5965194,22.7538166],[113.5964786,22.7535647],[113.59645,22.7534029],[113.5964206,22.7532579],[113.596389,22.7531187],[113.5963452,22.7529334],[113.5962912,22.7527071],[113.5962483,22.7525627],[113.5961982,22.7524164],[113.5961412,22.7522801],[113.5960797,22.7521535],[113.5959802,22.7519859],[113.5958822,22.7518443],[113.5957564,22.7516882],[113.5956866,22.751618],[113.5956079,22.7515468],[113.5954691,22.7514466],[113.5953923,22.7513999],[113.5952987,22.7513522],[113.5950975,22.7512638],[113.5948857,22.7511782],[113.5946443,22.7510959],[113.5944544,22.7510456],[113.5943207,22.7510174],[113.5941976,22.7509936],[113.594062,22.750973],[113.5939257,22.7509563],[113.5938125,22.7509448],[113.5936855,22.7509349],[113.5935494,22.750928],[113.59337,22.750922],[113.5931277,22.7509185],[113.5928126,22.7509169],[113.5924931,22.7509172],[113.5920692,22.7509205],[113.5913941,22.7509248],[113.5906985,22.7509327],[113.5896329,22.7509435],[113.5890846,22.7509491],[113.5879624,22.7509598],[113.5870517,22.7509803],[113.5862296,22.7509971],[113.584754,22.7510253],[113.5836827,22.7510548],[113.5828853,22.7510769],[113.5825392,22.7510944],[113.5822192,22.7511169],[113.5818293,22.7511517],[113.5816247,22.7511742],[113.5814099,22.7512014],[113.581228,22.7512291],[113.5810327,22.7512652],[113.5808234,22.7513087],[113.5805887,22.7513655],[113.5804709,22.7514006],[113.5803554,22.7514357],[113.5801777,22.7514969],[113.5800087,22.751559],[113.5798057,22.7516381],[113.5796026,22.7517227],[113.5793954,22.7518161],[113.5791922,22.7519152],[113.5789901,22.7520201],[113.578792,22.7521325],[113.578564,22.7522639],[113.5783422,22.7523963],[113.5754374,22.7541541],[113.5752556,22.7542627],[113.5750339,22.754388],[113.574876,22.7544745],[113.5747078,22.7545637],[113.5745408,22.7546472],[113.574365,22.7547306],[113.5740094,22.7548896],[113.5737054,22.7550242],[113.573408,22.7551462],[113.5731163,22.7552573],[113.5728891,22.7553375],[113.5726792,22.7554064],[113.5724817,22.7554614],[113.5722145,22.75553],[113.5719256,22.7555998],[113.5716303,22.7556655],[113.5712871,22.7557313],[113.5710239,22.7557788],[113.5707922,22.7558151],[113.5703376,22.7558804],[113.5698177,22.7559463],[113.5694568,22.7559891],[113.5678325,22.7561816],[113.56714,22.7562636],[113.5657514,22.7564256],[113.5643908,22.7565905],[113.5625356,22.7568362],[113.5610368,22.757056],[113.5599856,22.757223],[113.5592664,22.7573507],[113.5587241,22.7574589],[113.5584699,22.7575132],[113.5581934,22.757577],[113.5578031,22.7576786],[113.557586,22.7577421],[113.557379,22.7578057],[113.557211,22.7578607],[113.5570449,22.7579188],[113.5568882,22.7579761],[113.5566888,22.7580577],[113.5564683,22.7581545],[113.5562944,22.7582366],[113.5561494,22.75831],[113.5557955,22.7584987],[113.5554735,22.7586834],[113.5549079,22.7590185],[113.5541161,22.7595158],[113.5537909,22.7597284],[113.5534685,22.7599492],[113.5531721,22.7601601],[113.5528846,22.7603708],[113.5525526,22.7606298],[113.5522882,22.7608489],[113.551945,22.7611418],[113.5512742,22.7617469],[113.5508803,22.7621022],[113.5502772,22.7626604],[113.5498428,22.7630637],[113.5408764,22.7713522],[113.5405913,22.7716147],[113.540381,22.7718069],[113.5402182,22.7719524],[113.5400874,22.7720636],[113.5399264,22.7721995],[113.539815,22.7722897],[113.5397071,22.7723733],[113.5393904,22.7726164],[113.5370894,22.7743183],[113.536405,22.7748177],[113.535977,22.7751302],[113.5337923,22.7767113],[113.5336173,22.7768422],[113.5334756,22.7769554],[113.5333433,22.7770734],[113.5332376,22.7771869],[113.5331672,22.7772792],[113.5331053,22.7773676],[113.5329788,22.7775832],[113.5328798,22.7777881],[113.5327802,22.7780243],[113.5327108,22.778213],[113.5326486,22.7784125],[113.5326117,22.7785445],[113.5325677,22.7787394],[113.5325266,22.7789784],[113.532499,22.7792112],[113.5324771,22.7794831],[113.5324634,22.7798172],[113.53246,22.780022],[113.5324655,22.7802005],[113.5324795,22.7804728],[113.5324966,22.7806439],[113.5325183,22.780812],[113.5325511,22.7810007],[113.5325911,22.7811808],[113.5326349,22.7813271],[113.5326923,22.7814686],[113.5328153,22.7817013],[113.5329361,22.7818943],[113.5330677,22.7820788],[113.5332394,22.782291],[113.5334066,22.7824779],[113.53359,22.782678],[113.5337946,22.7828848],[113.5342614,22.78332],[113.5346746,22.7836728],[113.5349277,22.7838939],[113.5351626,22.7840936],[113.5355429,22.7844178],[113.5359267,22.784745],[113.5359681,22.7847804],[113.5360043,22.7848123],[113.536047,22.78485],[113.5360936,22.7848921],[113.5361467,22.78494],[113.5361952,22.7849854],[113.5362537,22.7850397],[113.5362991,22.7850834],[113.5363943,22.7851758],[113.5365466,22.7853333],[113.536646,22.7854372],[113.5367495,22.7855465],[113.5368687,22.7856777],[113.5369858,22.7858128],[113.5370869,22.7859303],[113.5371965,22.7860582],[113.5372951,22.7861789],[113.5373961,22.7863084],[113.5374621,22.7863952],[113.537533,22.7864924],[113.537652,22.7866593],[113.5377456,22.7867884],[113.5378324,22.7869164],[113.5379292,22.7870593],[113.5380395,22.7872278],[113.5381487,22.7874057],[113.5382646,22.7875984],[113.5383257,22.7877051],[113.5383794,22.7878059],[113.5384149,22.7878774],[113.538455,22.7879661],[113.5385088,22.7880967],[113.5385219,22.7881339]]},"properties":{"key":"way:585479633@detail:454_91","osmType":"way","osmId":585479633,"sourceRegion":"guangzhou","featureType":"infrastructure","railClass":"metro","mode":"subway","name":"广州地铁4号线","nameEn":"Guangzhou Metro Line 4","tunnel":"yes","status":"operational","color":"#52636f","sourceKey":"way:585479633"}},{"type":"Feature","geometry":{"type":"LineString","coordinates":[[113.6049499,22.7690366],[113.6053499,22.7693907],[113.6056682,22.7696723],[113.6057492,22.769744],[113.6068957,22.7707677]]},"properties":{"key":"way:585479634@detail:454_91","osmType":"way","osmId":585479634,"sourceRegion":"guangzhou","featureType":"infrastructure","railClass":"metro","mode":"subway","name":"广州地铁4号线","nameEn":"Guangzhou Metro Line 4","tunnel":"yes","status":"operational","color":"#52636f","sourceKey":"way:585479634"}},{"type":"Feature","geometry":{"type":"LineString","coordinates":[[113.5033345,22.8713732],[113.5024985,22.8713296],[113.5018116,22.8712758]]},"properties":{"key":"way:624077258@detail:454_91","osmType":"way","osmId":624077258,"sourceRegion":"guangzhou","featureType":"infrastructure","railClass":"highspeed","mode":"rail","name":"广深港高速线","nameEn":"Guangshengang Highspeed Line","ref":"3021","usage":"main","highspeed":"yes","status":"operational","color":"#E54848","sourceKey":"way:624077258"}},{"type":"Feature","geometry":{"type":"LineString","coordinates":[[113.5018116,22.8712758],[113.5011212,22.8712126],[113.5000219,22.8710966],[113.5,22.871093942869983]]},"properties":{"key":"way:624077287@detail:454_91","osmType":"way","osmId":624077287,"sourceRegion":"guangzhou","featureType":"infrastructure","railClass":"highspeed","mode":"rail","name":"广深港高速线","nameEn":"Guangshengang Highspeed Line","ref":"3021","usage":"main","highspeed":"yes","bridge":"yes","status":"operational","color":"#E54848","sourceKey":"way:624077287"}},{"type":"Feature","geometry":{"type":"LineString","coordinates":[[113.5033253,22.8714466],[113.5025,22.8713899],[113.5018065,22.8713341]]},"properties":{"key":"way:624077292@detail:454_91","osmType":"way","osmId":624077292,"sourceRegion":"guangzhou","featureType":"infrastructure","railClass":"highspeed","mode":"rail","name":"广深港高速线","nameEn":"Guangshengang Highspeed Line","ref":"3021","usage":"main","highspeed":"yes","status":"operational","color":"#E54848","sourceKey":"way:624077292"}},{"type":"Feature","geometry":{"type":"LineString","coordinates":[[113.5018065,22.8713341],[113.5009194,22.8712477],[113.5000552,22.8711552],[113.5,22.87114911585855]]},"properties":{"key":"way:624077293@detail:454_91","osmType":"way","osmId":624077293,"sourceRegion":"guangzhou","featureType":"infrastructure","railClass":"highspeed","mode":"rail","name":"广深港高速线","nameEn":"Guangshengang Highspeed Line","ref":"3021","usage":"main","highspeed":"yes","bridge":"yes","status":"operational","color":"#E54848","sourceKey":"way:624077293"}},{"type":"Feature","geometry":{"type":"LineString","coordinates":[[113.7214084,22.8676058],[113.7221134,22.8675129],[113.722822,22.8674071]]},"properties":{"key":"way:631330273@detail:454_91","osmType":"way","osmId":631330273,"sourceRegion":"guangzhou","featureType":"infrastructure","railClass":"highspeed","mode":"rail","name":"广深港高速线","nameEn":"Guangshengang Highspeed Line","ref":"3021","usage":"main","highspeed":"yes","status":"operational","color":"#E54848","sourceKey":"way:631330273"}},{"type":"Feature","geometry":{"type":"LineString","coordinates":[[113.7101035,22.8680697],[113.7109915,22.8680859],[113.7119215,22.8680937],[113.7130208,22.8680773],[113.7146049,22.8680331],[113.7156201,22.8679993],[113.7165031,22.8679531],[113.7178674,22.8678773],[113.7187908,22.8678189],[113.7196147,22.8677689],[113.7203662,22.8676976],[113.7214084,22.8676058]]},"properties":{"key":"way:631330274@detail:454_91","osmType":"way","osmId":631330274,"sourceRegion":"guangzhou","featureType":"infrastructure","railClass":"highspeed","mode":"rail","name":"广深港高速线","nameEn":"Guangshengang Highspeed Line","ref":"3021","usage":"main","highspeed":"yes","bridge":"yes","status":"operational","color":"#E54848","sourceKey":"way:631330274"}},{"type":"Feature","geometry":{"type":"LineString","coordinates":[[113.6837904,22.8651633],[113.6859485,22.8654359],[113.6881403,22.86571],[113.691418,22.8661172],[113.6957873,22.8666375],[113.7011929,22.8673211]]},"properties":{"key":"way:631330275@detail:454_91","osmType":"way","osmId":631330275,"sourceRegion":"guangzhou","featureType":"infrastructure","railClass":"highspeed","mode":"rail","name":"广深港高速线","nameEn":"Guangshengang Highspeed Line","ref":"3021","usage":"main","highspeed":"yes","tunnel":"yes","status":"operational","color":"#E54848","sourceKey":"way:631330275"}},{"type":"Feature","geometry":{"type":"LineString","coordinates":[[113.6837904,22.8651633],[113.6828853,22.8650443],[113.679709,22.8646281]]},"properties":{"key":"way:631330276@detail:454_91","osmType":"way","osmId":631330276,"sourceRegion":"guangzhou","featureType":"infrastructure","railClass":"highspeed","mode":"rail","name":"广深港高速线","nameEn":"Guangshengang Highspeed Line","ref":"3021","usage":"main","highspeed":"yes","status":"operational","color":"#E54848","sourceKey":"way:631330276"}},{"type":"Feature","geometry":{"type":"LineString","coordinates":[[113.679709,22.8646281],[113.678155,22.8644101],[113.6728558,22.8637526],[113.6682994,22.863173],[113.6660987,22.8629109],[113.6633249,22.8626083],[113.6603429,22.862283],[113.6540286,22.8615262],[113.6518556,22.8612551],[113.6497742,22.8610318],[113.6480998,22.8608786],[113.6466534,22.8607679],[113.6455923,22.8607249],[113.6438776,22.8606713],[113.6425426,22.860662],[113.6411349,22.8606804],[113.6394385,22.8607191],[113.6378348,22.8607954],[113.6361957,22.860916],[113.6328733,22.8611814],[113.6285802,22.8615256],[113.6258922,22.8617141],[113.6242869,22.8617993],[113.6234085,22.8618324],[113.6225612,22.8618606],[113.621515,22.8618742],[113.6206336,22.8618851],[113.6193068,22.8618809],[113.6179751,22.8618606],[113.6155737,22.8618086],[113.6142421,22.8617836],[113.613244,22.8617622],[113.6129046,22.8617574]]},"properties":{"key":"way:631330277@detail:454_91","osmType":"way","osmId":631330277,"sourceRegion":"guangzhou","featureType":"infrastructure","railClass":"highspeed","mode":"rail","name":"广深港高速线","nameEn":"Guangshengang Highspeed Line","ref":"3021","usage":"main","highspeed":"yes","bridge":"yes","status":"operational","color":"#E54848","sourceKey":"way:631330277"}},{"type":"Feature","geometry":{"type":"LineString","coordinates":[[113.608044,22.8616462],[113.6068542,22.8616467],[113.6049,22.8616676],[113.6036418,22.8617015],[113.602668,22.8617457],[113.601698,22.8618102],[113.6009153,22.8618672],[113.5998958,22.8619531],[113.5985741,22.8621253],[113.597059,22.8623272],[113.5961111,22.8624683],[113.5946569,22.8626702],[113.5926464,22.8629206],[113.5179619,22.8707141],[113.5153545,22.8710225],[113.514032,22.871166],[113.5129388,22.871274],[113.5118267,22.8713624],[113.5106862,22.8714265]]},"properties":{"key":"way:631330278@detail:454_91","osmType":"way","osmId":631330278,"sourceRegion":"guangzhou","featureType":"infrastructure","railClass":"highspeed","mode":"rail","name":"广深港高速线","nameEn":"Guangshengang Highspeed Line","ref":"3021","usage":"main","highspeed":"yes","tunnel":"yes","status":"operational","color":"#E54848","sourceKey":"way:631330278"}},{"type":"Feature","geometry":{"type":"LineString","coordinates":[[113.5106862,22.8714265],[113.5093863,22.8714685],[113.5084283,22.8714955],[113.5076629,22.8715008],[113.5069371,22.8714877],[113.5055531,22.8714623],[113.5042089,22.8714118],[113.5033345,22.8713732]]},"properties":{"key":"way:631330280@detail:454_91","osmType":"way","osmId":631330280,"sourceRegion":"guangzhou","featureType":"infrastructure","railClass":"highspeed","mode":"rail","name":"广深港高速线","nameEn":"Guangshengang Highspeed Line","ref":"3021","usage":"main","highspeed":"yes","tunnel":"yes","status":"operational","color":"#E54848","sourceKey":"way:631330280"}},{"type":"Feature","geometry":{"type":"LineString","coordinates":[[113.6633342,22.8626893],[113.664104,22.8628366],[113.6647456,22.8629593],[113.6651606,22.8630424],[113.6658282,22.8631463],[113.6664688,22.8632336],[113.6682438,22.8634586],[113.6703391,22.8637241],[113.67193,22.8637957],[113.6728442,22.8638313]]},"properties":{"key":"way:655134974@detail:454_91","osmType":"way","osmId":655134974,"sourceRegion":"guangzhou","featureType":"infrastructure","railClass":"minor","mode":"rail","name":"未命名","service":"siding","bridge":"yes","status":"operational","color":"#52636f","sourceKey":"way:655134974"}},{"type":"Feature","geometry":{"type":"LineString","coordinates":[[113.6633249,22.8626083],[113.664484,22.8626559],[113.6662432,22.8628221],[113.6683121,22.8630798],[113.6705151,22.8633542],[113.6728558,22.8637526]]},"properties":{"key":"way:655134975@detail:454_91","osmType":"way","osmId":655134975,"sourceRegion":"guangzhou","featureType":"infrastructure","railClass":"minor","mode":"rail","name":"未命名","service":"siding","bridge":"yes","status":"operational","color":"#52636f","sourceKey":"way:655134975"}},{"type":"Feature","geometry":{"type":"MultiLineString","coordinates":[[[113.6947549,22.9878246],[113.695514,22.9883328],[113.696199,22.9888355],[113.6969067,22.9893882],[113.6982797,22.9904448],[113.7007774,22.9924526],[113.7018864,22.9932609],[113.7028748,22.9939631],[113.7039612,22.9946563],[113.7048431,22.9951315],[113.7057465,22.9955967],[113.7067348,22.9960256],[113.7078114,22.9963824],[113.7097115,22.9969061],[113.7114296,22.9974041],[113.7130841,22.9980464],[113.7148153,22.9988687],[113.71661732054487,23.0]],[[113.73651963024993,23.0],[113.7404699,22.9974625],[113.7463933,22.9936433],[113.75,22.991332321001376]]]},"properties":{"key":"way:671636166@detail:454_91","osmType":"way","osmId":671636166,"sourceRegion":"guangzhou","featureType":"infrastructure","railClass":"intercity","mode":"rail","name":"广惠城际线","nameEn":"Guangzhou–Huizhou Intercity Railway","ref":"3052","operator":"广东城际铁路运营有限公司","usage":"main","tunnel":"yes","status":"operational","color":"#2C956F","sourceKey":"way:671636166"}},{"type":"Feature","geometry":{"type":"LineString","coordinates":[[113.6531678,22.9945039],[113.6538343,22.9937988],[113.6555704,22.9919023],[113.6560663,22.991325],[113.6565913,22.990844],[113.6569175,22.990563],[113.6573663,22.9902225],[113.6577735,22.9899481],[113.6582796,22.9896259],[113.6588095,22.9893445],[113.6593245,22.989116],[113.6599012,22.9888883],[113.6608716,22.988518],[113.6645334,22.9871516],[113.6655013,22.9867789],[113.6671345,22.986174],[113.6679863,22.9858658],[113.6686713,22.9856366],[113.6693262,22.9854595],[113.670107,22.9852773],[113.6708474,22.9851569],[113.6716685,22.9850485],[113.6724717,22.9849598],[113.6733118,22.9848501],[113.6748183,22.9847711],[113.6768727,22.9846452],[113.6790948,22.9845771],[113.6810941,22.9844636],[113.6825757,22.9844341],[113.6836622,22.9844588],[113.6851662,22.9845795],[113.6861341,22.9846978],[113.687044,22.9848554],[113.6880183,22.9850427],[113.6892002,22.9853381],[113.6902135,22.9856753],[113.6912684,22.9860795],[113.6921439,22.9864419],[113.6930265,22.9868456],[113.6938983,22.9873134],[113.6947549,22.9878246]]},"properties":{"key":"way:671636167@detail:454_91","osmType":"way","osmId":671636167,"sourceRegion":"guangzhou","featureType":"infrastructure","railClass":"intercity","mode":"rail","name":"广惠城际线","nameEn":"Guangzhou–Huizhou Intercity Railway","ref":"3052","operator":"广东城际铁路运营有限公司","usage":"main","bridge":"viaduct","status":"operational","color":"#2C956F","sourceKey":"way:671636167"}},{"type":"Feature","geometry":{"type":"LineString","coordinates":[[113.6049189,22.7690683],[113.6045637,22.7687539],[113.604187,22.7684206],[113.6038753,22.7681469],[113.602989,22.7673732],[113.6027191,22.7671427],[113.6020684,22.7665773],[113.601736,22.7662833],[113.6014692,22.7660468],[113.6012466,22.7658531],[113.6010316,22.7656656],[113.6008698,22.7655214],[113.6006583,22.7653345],[113.6003236,22.7650401]]},"properties":{"key":"way:717567612@detail:454_91","osmType":"way","osmId":717567612,"sourceRegion":"guangzhou","featureType":"infrastructure","railClass":"metro","mode":"subway","name":"广州地铁4号线","nameEn":"Guangzhou Metro Line 4","tunnel":"yes","status":"operational","color":"#52636f","sourceKey":"way:717567612"}},{"type":"Feature","geometry":{"type":"LineString","coordinates":[[113.6949189,22.802841],[113.695428,22.8025956],[113.6960344,22.8023594],[113.6968292,22.8020906],[113.698469,22.8015871],[113.6989344,22.8014196],[113.6993593,22.8011973],[113.6999194,22.8008191],[113.7038075,22.7978611],[113.7082272,22.7946964],[113.7129584,22.7913632],[113.713882,22.7908324],[113.7142754,22.7906282],[113.714604,22.7904693],[113.7159365,22.7899365],[113.7164567,22.7897692],[113.7168678,22.789651],[113.7173206,22.7895441],[113.7182774,22.7893471],[113.721657,22.7887151],[113.7239673,22.788283],[113.7263426,22.7878434],[113.7312459,22.7869385],[113.7367177,22.7859197],[113.7424967,22.7848321],[113.7464487,22.7840996],[113.75,22.783442954682357]]},"properties":{"key":"way:755444293@detail:454_91","osmType":"way","osmId":755444293,"sourceRegion":"guangzhou","featureType":"infrastructure","railClass":"intercity","mode":"rail","name":"穗深城际线","nameEn":"Guangzhou-Shenzhen Intercity Railway","ref":"0702","usage":"main","bridge":"yes","status":"operational","color":"#7456A6","sourceKey":"way:755444293"}},{"type":"Feature","geometry":{"type":"LineString","coordinates":[[113.6273221,22.9002724],[113.6293149,22.9007517],[113.6317394,22.9013842],[113.6327727,22.9016023],[113.6340181,22.9017796],[113.6351294,22.901848],[113.636237,22.901849],[113.6373699,22.9017758],[113.6383624,22.9016847],[113.6392902,22.9015699],[113.642355,22.9010079],[113.645466,22.9005111],[113.6483597,22.8999756],[113.6491103,22.8997963],[113.6499578,22.8995654],[113.650797,22.8993077],[113.6516808,22.8989502],[113.6524586,22.8985123],[113.6531086,22.8979734],[113.6536286,22.897255],[113.654076,22.8962365],[113.6543345,22.8946492],[113.6544741,22.8917812],[113.6545142,22.8911074],[113.654652,22.8900211],[113.654888,22.8877033],[113.6551873,22.8853291],[113.6553482,22.8839259],[113.6555369,22.8826887],[113.6557984,22.8812642],[113.6562552,22.8792313],[113.6569042,22.8766667],[113.6571776,22.8756096],[113.657349,22.8750178],[113.6575468,22.8744414],[113.657825,22.8737856],[113.6580738,22.8732472],[113.6584162,22.8726182],[113.6587736,22.8720281],[113.6596663,22.8707222],[113.6614801,22.8681817],[113.6632346,22.8656759],[113.663692,22.8650387],[113.6640723,22.8645266],[113.6645506,22.8638953],[113.6651089,22.8632032],[113.665571,22.8626777],[113.6664031,22.8618714],[113.6672298,22.8610705],[113.6675143,22.8608134],[113.6678574,22.8605288],[113.6682866,22.860211],[113.6686487,22.8599613],[113.6717006,22.857834],[113.6740209,22.8561822],[113.6742812,22.8559806],[113.6745961,22.8557258],[113.6752089,22.8551417],[113.6755119,22.8548126],[113.6758651,22.8542948],[113.6760099,22.8540046],[113.6767936,22.8521646],[113.6781335,22.8489444],[113.6783128,22.8486723],[113.6784471,22.8485162],[113.6798299,22.8468763],[113.6821876,22.8446437],[113.6841142,22.842852],[113.6851444,22.8416528],[113.6855968,22.8410653],[113.6858846,22.8406367],[113.6861027,22.8402592],[113.6862486,22.8400075],[113.6863785,22.8397522],[113.6864909,22.8394616],[113.6865742,22.8392249],[113.6867979,22.8383647],[113.6870015,22.8374233],[113.6871795,22.8363454],[113.6872617,22.8353896],[113.687297,22.8344032],[113.6874434,22.8333368],[113.6875295,22.8329717],[113.6876718,22.8325598],[113.6882522,22.8313893],[113.6887364,22.8304482],[113.6894146,22.8290348],[113.6896551,22.8285015],[113.6897644,22.8281883],[113.6898291,22.8277874],[113.6906281,22.8207367],[113.6910533,22.8171624],[113.6916903,22.8117787],[113.6917387,22.8110409],[113.6918517,22.8090232],[113.6920071,22.806948],[113.6920734,22.8065329],[113.6921549,22.8061704],[113.6922775,22.8058209],[113.6926938,22.8049125],[113.6928512,22.8046597],[113.6931477,22.8042975],[113.6934673,22.8039313],[113.6938017,22.8036097],[113.6941896,22.8033145],[113.6944911,22.8031032],[113.6949189,22.802841]]},"properties":{"key":"way:755444294@detail:454_91","osmType":"way","osmId":755444294,"sourceRegion":"guangzhou","featureType":"infrastructure","railClass":"intercity","mode":"rail","name":"穗深城际线","nameEn":"Guangzhou-Shenzhen Intercity Railway","ref":"0702","operator":"中国铁路广州局","usage":"main","tunnel":"yes","status":"operational","color":"#7456A6","sourceKey":"way:755444294"}},{"type":"Feature","geometry":{"type":"LineString","coordinates":[[113.61485388645956,23.0],[113.6147901,22.9997609],[113.6145361,22.9986688],[113.6143432,22.9977025],[113.6141932,22.996657],[113.6141138,22.9960051],[113.6138217,22.9932073],[113.6132383,22.987981],[113.6130802,22.9865647],[113.612981,22.9857083],[113.612706,22.9831792],[113.6123195,22.9798196],[113.6119643,22.9766599],[113.6117123,22.9746355],[113.6115913,22.9739522],[113.6110709,22.9715099],[113.6106973,22.9698084],[113.6104744,22.9688809],[113.6102162,22.9679875],[113.6099304,22.9671458],[113.6091702,22.9649407],[113.6082541,22.9623655],[113.6074109,22.9601298],[113.6058025,22.9560883],[113.6043878,22.9525779],[113.6019304,22.9463741],[113.6013689,22.9449623],[113.5999358,22.941387],[113.599308,22.9398522],[113.5987549,22.9384576],[113.5978997,22.9363038],[113.5975939,22.9355034],[113.597326,22.9348175],[113.5971602,22.9343103],[113.5970372,22.9338718],[113.5969303,22.9334435],[113.5968341,22.9329071],[113.596769,22.9323421],[113.5967705,22.9316333],[113.596807,22.9310627],[113.5968814,22.9304731],[113.5970282,22.9297876],[113.5972222,22.9291412],[113.5975043,22.9283959],[113.5978295,22.9277449],[113.598218,22.9271025],[113.598672,22.9264505],[113.5994336,22.9255185],[113.600831,22.9238655],[113.6031546,22.9213018],[113.6036185,22.9207461],[113.6040551,22.920141],[113.6044209,22.9194936],[113.6045366,22.9192721],[113.6046374,22.9190478],[113.604705,22.9188577],[113.6050957,22.9177152],[113.6054288,22.9166499],[113.6056553,22.9158066],[113.6057323,22.9154401],[113.605795,22.9151207],[113.6058509,22.9147878],[113.6058982,22.9144347],[113.6059276,22.9141759],[113.6059705,22.9137139],[113.6061218,22.9116687],[113.6062034,22.9105963],[113.6062949,22.9095445],[113.6064646,22.9067909],[113.6067332,22.9035703],[113.606902,22.9014994],[113.6069434,22.9012744],[113.6070127,22.9010198],[113.6070865,22.9007838],[113.6071959,22.90053],[113.6073363,22.9002701],[113.6076485,22.8997606],[113.6078017,22.8995266],[113.6079492,22.8993289],[113.608129,22.8991332],[113.6083625,22.8989207],[113.6086489,22.898697],[113.6089228,22.8985115],[113.609234,22.8983325],[113.6095408,22.8981771],[113.6099397,22.8980158],[113.6102667,22.8979088],[113.6106302,22.8978215],[113.6110104,22.8977596],[113.6114051,22.8977183],[113.6118322,22.897706],[113.6156663,22.8977381],[113.6163662,22.8977652],[113.616767,22.8978069],[113.6172309,22.8978833],[113.6176117,22.8979548],[113.6207059,22.8986809],[113.6273221,22.9002724]]},"properties":{"key":"way:755444297@detail:454_91","osmType":"way","osmId":755444297,"sourceRegion":"guangzhou","featureType":"infrastructure","railClass":"intercity","mode":"rail","name":"穗深城际线","nameEn":"Guangzhou-Shenzhen Intercity Railway","ref":"0702","operator":"中国铁路广州局集团","usage":"main","bridge":"yes","status":"operational","color":"#7456A6","sourceKey":"way:755444297"}},{"type":"Feature","geometry":{"type":"LineString","coordinates":[[113.6129421,22.9857117],[113.6128371,22.985211],[113.6126959,22.9845316],[113.6126478,22.9842309],[113.6124233,22.9823338],[113.6123961,22.9820479],[113.61236,22.9817272],[113.6123459,22.9814708],[113.6122813,22.9798277]]},"properties":{"key":"way:756226899@detail:454_91","osmType":"way","osmId":756226899,"sourceRegion":"guangzhou","featureType":"infrastructure","railClass":"minor","mode":"rail","name":"未命名","service":"siding","bridge":"yes","status":"operational","color":"#52636f","sourceKey":"way:756226899"}},{"type":"Feature","geometry":{"type":"LineString","coordinates":[[113.6123195,22.9798196],[113.6124852,22.9808042],[113.6125922,22.9813956],[113.6126376,22.9816324],[113.6127408,22.9822601],[113.6129231,22.9838057],[113.6129498,22.9841154],[113.6129626,22.984498],[113.612966,22.9847679],[113.6129647,22.9850535],[113.612981,22.9857083]]},"properties":{"key":"way:756226900@detail:454_91","osmType":"way","osmId":756226900,"sourceRegion":"guangzhou","featureType":"infrastructure","railClass":"minor","mode":"rail","name":"未命名","service":"siding","bridge":"yes","status":"operational","color":"#52636f","sourceKey":"way:756226900"}},{"type":"Feature","geometry":{"type":"LineString","coordinates":[[113.7216438,22.7886815],[113.7232241,22.7882792],[113.7234601,22.7882273],[113.7236841,22.788184],[113.7240478,22.788117],[113.7245505,22.7880245],[113.7248026,22.7879862],[113.725052,22.7879577],[113.7252773,22.7879342],[113.7255167,22.7879157],[113.7259318,22.7878798],[113.7263398,22.7878073]]},"properties":{"key":"way:756226903@detail:454_91","osmType":"way","osmId":756226903,"sourceRegion":"guangzhou","featureType":"infrastructure","railClass":"minor","mode":"rail","name":"未命名","service":"siding","bridge":"yes","status":"operational","color":"#52636f","sourceKey":"way:756226903"}},{"type":"Feature","geometry":{"type":"LineString","coordinates":[[113.7263426,22.7878434],[113.7260471,22.7879602],[113.7256716,22.7880641],[113.7253726,22.7881555],[113.7251526,22.7882149],[113.7248267,22.7882928],[113.7244982,22.788362],[113.7241205,22.7884373],[113.7237887,22.788503],[113.7235714,22.7885401],[113.7233502,22.7885759],[113.7231034,22.7886056],[113.7227628,22.7886402],[113.7224919,22.78866],[113.7221418,22.788686],[113.721657,22.7887151]]},"properties":{"key":"way:756226904@detail:454_91","osmType":"way","osmId":756226904,"sourceRegion":"guangzhou","featureType":"infrastructure","railClass":"minor","mode":"rail","name":"未命名","service":"siding","bridge":"yes","status":"operational","color":"#52636f","sourceKey":"way:756226904"}},{"type":"Feature","geometry":{"type":"LineString","coordinates":[[113.64791727156626,23.0],[113.6481355,22.9998074],[113.6485454,22.9993879],[113.6488628,22.9990502],[113.6517004,22.9960792],[113.6531678,22.9945039]]},"properties":{"key":"way:761445651@detail:454_91","osmType":"way","osmId":761445651,"sourceRegion":"guangzhou","featureType":"infrastructure","railClass":"intercity","mode":"rail","name":"广惠城际线","nameEn":"Guangzhou–Huizhou Intercity Railway","ref":"3052","operator":"广东城际铁路运营有限公司","usage":"main","bridge":"viaduct","status":"operational","color":"#2C956F","sourceKey":"way:761445651"}},{"type":"Feature","geometry":{"type":"LineString","coordinates":[[113.6531338,22.994481],[113.6517565,22.9959668],[113.6488305,22.9990295],[113.648518,22.999369],[113.648097,22.9997764],[113.64784696918205,23.0]]},"properties":{"key":"way:761445652@detail:454_91","osmType":"way","osmId":761445652,"sourceRegion":"guangzhou","featureType":"infrastructure","railClass":"intercity","mode":"rail","name":"广惠城际线","nameEn":"Guangzhou–Huizhou Intercity Railway","ref":"3052","operator":"广东城际铁路运营有限公司","usage":"main","bridge":"viaduct","status":"operational","color":"#2C956F","sourceKey":"way:761445652"}},{"type":"Feature","geometry":{"type":"LineString","coordinates":[[113.531422,22.7850643],[113.5316603,22.7850648],[113.5318756,22.7850693],[113.5323028,22.7850821],[113.5351131,22.7851665],[113.5352101,22.7851695],[113.5352746,22.7851782],[113.5353433,22.785194],[113.5354121,22.7852186],[113.5354817,22.7852534],[113.5355591,22.7853014],[113.5356206,22.785354],[113.535694,22.7854213],[113.5359717,22.7856757],[113.5360263,22.7857258],[113.536207,22.7858829],[113.5362795,22.7859459]]},"properties":{"key":"way:761449066@detail:454_91","osmType":"way","osmId":761449066,"sourceRegion":"guangzhou","featureType":"infrastructure","railClass":"metro","mode":"subway","name":"未命名","service":"yard","status":"operational","color":"#52636f","sourceKey":"way:761449066"}},{"type":"Feature","geometry":{"type":"LineString","coordinates":[[113.5340526,22.7950483],[113.5346597,22.7949319],[113.5353443,22.7948006],[113.5359968,22.7946738],[113.5361017,22.7946528]]},"properties":{"key":"way:761449067@detail:454_91","osmType":"way","osmId":761449067,"sourceRegion":"guangzhou","featureType":"infrastructure","railClass":"metro","mode":"subway","name":"广州地铁4号线","nameEn":"Guangzhou Metro Line 4","bridge":"yes","status":"operational","color":"#52636f","sourceKey":"way:761449067"}},{"type":"Feature","geometry":{"type":"LineString","coordinates":[[113.5361097,22.7946921],[113.5360265,22.7947087],[113.5342879,22.7950397],[113.5340588,22.7950848]]},"properties":{"key":"way:761449068@detail:454_91","osmType":"way","osmId":761449068,"sourceRegion":"guangzhou","featureType":"infrastructure","railClass":"metro","mode":"subway","name":"广州地铁4号线","nameEn":"Guangzhou Metro Line 4","bridge":"yes","status":"operational","color":"#52636f","sourceKey":"way:761449068"}},{"type":"Feature","geometry":{"type":"LineString","coordinates":[[113.6562886,22.8803297],[113.6561849,22.8807795],[113.6560443,22.8814739],[113.6558775,22.882302],[113.655769,22.883093],[113.6555974,22.8844682],[113.6554515,22.8859665],[113.6552887,22.8871876],[113.6551264,22.8884037],[113.6550388,22.8890878],[113.6548626,22.8907087]]},"properties":{"key":"way:804667429@detail:454_91","osmType":"way","osmId":804667429,"sourceRegion":"guangzhou","featureType":"infrastructure","railClass":"metro","mode":"subway","name":"东莞轨道交通2号线","nameEn":"Dongguan Rail Transit Line 2","bridge":"viaduct","status":"operational","color":"#52636f","sourceKey":"way:804667429"}},{"type":"Feature","geometry":{"type":"LineString","coordinates":[[113.656947,22.8775695],[113.6566989,22.8785328],[113.6564822,22.8794902],[113.6562886,22.8803297]]},"properties":{"key":"way:804667430@detail:454_91","osmType":"way","osmId":804667430,"sourceRegion":"guangzhou","featureType":"infrastructure","railClass":"metro","mode":"subway","name":"东莞轨道交通2号线","nameEn":"Dongguan Rail Transit Line 2","bridge":"viaduct","status":"operational","color":"#52636f","sourceKey":"way:804667430"}},{"type":"Feature","geometry":{"type":"LineString","coordinates":[[113.5067263,22.7550256],[113.5069978,22.7544549],[113.5071191,22.7542],[113.5072406,22.7539444]]},"properties":{"key":"way:828481235@detail:454_91","osmType":"way","osmId":828481235,"sourceRegion":"guangzhou","featureType":"infrastructure","railClass":"minor","mode":"rail","name":"未命名","service":"yard","tunnel":"yes","status":"operational","color":"#52636f","sourceKey":"way:828481235"}},{"type":"Feature","geometry":{"type":"LineString","coordinates":[[113.5071934,22.7539302],[113.5071191,22.7542],[113.5070444,22.7544704],[113.5068777,22.755075]]},"properties":{"key":"way:828481236@detail:454_91","osmType":"way","osmId":828481236,"sourceRegion":"guangzhou","featureType":"infrastructure","railClass":"minor","mode":"rail","name":"未命名","service":"yard","tunnel":"yes","status":"operational","color":"#52636f","sourceKey":"way:828481236"}},{"type":"Feature","geometry":{"type":"LineString","coordinates":[[113.5082435,22.7512499],[113.5080426,22.7517898],[113.5072668,22.7538741],[113.5072406,22.7539444],[113.5070444,22.7544704]]},"properties":{"key":"way:828481238@detail:454_91","osmType":"way","osmId":828481238,"sourceRegion":"guangzhou","featureType":"infrastructure","railClass":"minor","mode":"rail","name":"未命名","service":"yard","tunnel":"yes","status":"operational","color":"#52636f","sourceKey":"way:828481238"}},{"type":"Feature","geometry":{"type":"LineString","coordinates":[[113.5069978,22.7544549],[113.5071934,22.7539302],[113.5072207,22.7538572],[113.5079987,22.7517761],[113.5082006,22.7512363]]},"properties":{"key":"way:828481239@detail:454_91","osmType":"way","osmId":828481239,"sourceRegion":"guangzhou","featureType":"infrastructure","railClass":"minor","mode":"rail","name":"未命名","service":"yard","tunnel":"yes","status":"operational","color":"#52636f","sourceKey":"way:828481239"}},{"type":"Feature","geometry":{"type":"LineString","coordinates":[[113.5079987,22.7517761],[113.5081706,22.7511531]]},"properties":{"key":"way:828481243@detail:454_91","osmType":"way","osmId":828481243,"sourceRegion":"guangzhou","featureType":"infrastructure","railClass":"national","mode":"rail","name":"未命名","tunnel":"yes","status":"operational","color":"#E54848","sourceKey":"way:828481243"}},{"type":"Feature","geometry":{"type":"LineString","coordinates":[[113.5083229,22.7512001],[113.5080426,22.7517898]]},"properties":{"key":"way:828481244@detail:454_91","osmType":"way","osmId":828481244,"sourceRegion":"guangzhou","featureType":"infrastructure","railClass":"minor","mode":"rail","name":"未命名","service":"yard","tunnel":"yes","status":"operational","color":"#52636f","sourceKey":"way:828481244"}},{"type":"Feature","geometry":{"type":"LineString","coordinates":[[113.7228261,22.867485],[113.723886,22.8672994],[113.7249194,22.8671063]]},"properties":{"key":"way:837802759@detail:454_91","osmType":"way","osmId":837802759,"sourceRegion":"guangzhou","featureType":"infrastructure","railClass":"highspeed","mode":"rail","name":"广深港高速线","nameEn":"Guangshengang Highspeed Line","ref":"3021","usage":"main","highspeed":"yes","tunnel":"yes","status":"operational","color":"#E54848","sourceKey":"way:837802759"}},{"type":"Feature","geometry":{"type":"LineString","coordinates":[[113.722822,22.8674071],[113.7238587,22.8672168],[113.7248955,22.8670265]]},"properties":{"key":"way:837802760@detail:454_91","osmType":"way","osmId":837802760,"sourceRegion":"guangzhou","featureType":"infrastructure","railClass":"highspeed","mode":"rail","name":"广深港高速线","nameEn":"Guangshengang Highspeed Line","ref":"3021","usage":"main","highspeed":"yes","tunnel":"yes","status":"operational","color":"#E54848","sourceKey":"way:837802760"}},{"type":"Feature","geometry":{"type":"LineString","coordinates":[[113.7249194,22.8671063],[113.7260274,22.8668824],[113.7288762,22.8663069]]},"properties":{"key":"way:837802761@detail:454_91","osmType":"way","osmId":837802761,"sourceRegion":"guangzhou","featureType":"infrastructure","railClass":"highspeed","mode":"rail","name":"广深港高速线","nameEn":"Guangshengang Highspeed Line","ref":"3021","usage":"main","highspeed":"yes","status":"operational","color":"#E54848","sourceKey":"way:837802761"}},{"type":"Feature","geometry":{"type":"LineString","coordinates":[[113.7288762,22.8663069],[113.7300064,22.8660413],[113.7314311,22.8656989],[113.7326827,22.8653563],[113.734029,22.8649722],[113.7352825,22.8646048],[113.7363854,22.8642781],[113.7372361,22.8640153],[113.7384401,22.8636436],[113.7396791,22.8632459],[113.75,22.85981344577883]]},"properties":{"key":"way:837802762@detail:454_91","osmType":"way","osmId":837802762,"sourceRegion":"guangzhou","featureType":"infrastructure","railClass":"highspeed","mode":"rail","name":"广深港高速线","nameEn":"Guangshengang Highspeed Line","ref":"3021","usage":"main","highspeed":"yes","tunnel":"yes","status":"operational","color":"#E54848","sourceKey":"way:837802762"}},{"type":"Feature","geometry":{"type":"LineString","coordinates":[[113.7248955,22.8670265],[113.7288514,22.8662383]]},"properties":{"key":"way:837802763@detail:454_91","osmType":"way","osmId":837802763,"sourceRegion":"guangzhou","featureType":"infrastructure","railClass":"highspeed","mode":"rail","name":"广深港高速线","nameEn":"Guangshengang Highspeed Line","ref":"3021","usage":"main","highspeed":"yes","status":"operational","color":"#E54848","sourceKey":"way:837802763"}},{"type":"Feature","geometry":{"type":"LineString","coordinates":[[113.7288514,22.8662383],[113.730281,22.8658852],[113.7314384,22.8655997],[113.7326034,22.8652912],[113.7340506,22.8648587],[113.7352511,22.864508],[113.7363312,22.8641758],[113.7374026,22.8638427],[113.7388364,22.8634116],[113.75,22.859708966612892]]},"properties":{"key":"way:837802764@detail:454_91","osmType":"way","osmId":837802764,"sourceRegion":"guangzhou","featureType":"infrastructure","railClass":"highspeed","mode":"rail","name":"广深港高速线","nameEn":"Guangshengang Highspeed Line","ref":"3021","usage":"main","highspeed":"yes","tunnel":"yes","status":"operational","color":"#E54848","sourceKey":"way:837802764"}},{"type":"Feature","geometry":{"type":"LineString","coordinates":[[113.5848892,22.8002237],[113.5855946,22.7987228]]},"properties":{"key":"way:912401787@detail:454_91","osmType":"way","osmId":912401787,"sourceRegion":"guangzhou","featureType":"infrastructure","railClass":"national","mode":"rail","name":"未命名","status":"operational","color":"#E54848","sourceKey":"way:912401787"}},{"type":"Feature","geometry":{"type":"LineString","coordinates":[[113.585148,22.8003189],[113.5858481,22.7988366]]},"properties":{"key":"way:912401788@detail:454_91","osmType":"way","osmId":912401788,"sourceRegion":"guangzhou","featureType":"infrastructure","railClass":"national","mode":"rail","name":"未命名","status":"operational","color":"#E54848","sourceKey":"way:912401788"}},{"type":"Feature","geometry":{"type":"LineString","coordinates":[[113.5869411,22.8007591],[113.5875633,22.7993991]]},"properties":{"key":"way:912401799@detail:454_91","osmType":"way","osmId":912401799,"sourceRegion":"guangzhou","featureType":"infrastructure","railClass":"national","mode":"rail","name":"未命名","status":"operational","color":"#E54848","sourceKey":"way:912401799"}},{"type":"Feature","geometry":{"type":"LineString","coordinates":[[113.6129079,22.8618156],[113.6118148,22.8617958],[113.608064,22.8617231]]},"properties":{"key":"way:948373764@detail:454_91","osmType":"way","osmId":948373764,"sourceRegion":"guangzhou","featureType":"infrastructure","railClass":"highspeed","mode":"rail","name":"广深港高速线","nameEn":"Guangshengang Highspeed Line","ref":"3021","usage":"main","highspeed":"yes","status":"operational","color":"#E54848","sourceKey":"way:948373764"}},{"type":"Feature","geometry":{"type":"LineString","coordinates":[[113.6129046,22.8617574],[113.6118141,22.8617281],[113.608044,22.8616462]]},"properties":{"key":"way:948373765@detail:454_91","osmType":"way","osmId":948373765,"sourceRegion":"guangzhou","featureType":"infrastructure","railClass":"highspeed","mode":"rail","name":"广深港高速线","nameEn":"Guangshengang Highspeed Line","ref":"3021","usage":"main","highspeed":"yes","status":"operational","color":"#E54848","sourceKey":"way:948373765"}},{"type":"Feature","geometry":{"type":"LineString","coordinates":[[113.7011868,22.8673956],[113.7021321,22.867505],[113.7028693,22.8676001],[113.7035586,22.8676834],[113.7045358,22.8677981],[113.7052931,22.867876],[113.7060992,22.8679567],[113.7066561,22.8680072],[113.7071537,22.8680431],[113.7077175,22.8680666],[113.7083037,22.868089],[113.7091076,22.8681201],[113.7101013,22.8681458]]},"properties":{"key":"way:948373766@detail:454_91","osmType":"way","osmId":948373766,"sourceRegion":"guangzhou","featureType":"infrastructure","railClass":"highspeed","mode":"rail","name":"广深港高速线","nameEn":"Guangshengang Highspeed Line","ref":"3021","usage":"main","highspeed":"yes","status":"operational","color":"#E54848","sourceKey":"way:948373766"}},{"type":"Feature","geometry":{"type":"LineString","coordinates":[[113.7011929,22.8673211],[113.7021435,22.8674406],[113.7028796,22.8675352],[113.7035733,22.8676163],[113.7045419,22.8677348],[113.7052997,22.8678092],[113.7061572,22.8679008],[113.7066462,22.8679464],[113.7071693,22.8679824],[113.7077256,22.8680016],[113.7082665,22.8680209],[113.7090854,22.8680513],[113.7101035,22.8680697]]},"properties":{"key":"way:948373767@detail:454_91","osmType":"way","osmId":948373767,"sourceRegion":"guangzhou","featureType":"infrastructure","railClass":"highspeed","mode":"rail","name":"广深港高速线","nameEn":"Guangshengang Highspeed Line","ref":"3021","usage":"main","highspeed":"yes","status":"operational","color":"#E54848","sourceKey":"way:948373767"}},{"type":"Feature","geometry":{"type":"LineString","coordinates":[[113.5303835,22.785289],[113.5304998,22.7852587],[113.530597,22.7852382],[113.5307566,22.7852046],[113.5309002,22.7851743],[113.5311841,22.7851144],[113.531422,22.7850643],[113.5316098,22.7850247],[113.5318321,22.7849778],[113.5320576,22.7849302],[113.5321221,22.7849202],[113.5321877,22.7849168],[113.5323087,22.7849216],[113.5323858,22.7849246],[113.5351192,22.7850083],[113.5351474,22.7850091],[113.5352261,22.785016],[113.5353006,22.7850313],[113.5353702,22.7850519],[113.5354362,22.7850791],[113.5355184,22.785126],[113.5355814,22.7851741],[113.5356369,22.785226],[113.5357032,22.7853022],[113.5357461,22.7853629],[113.5358211,22.7854669],[113.5359717,22.7856757]]},"properties":{"key":"way:969952734@detail:454_91","osmType":"way","osmId":969952734,"sourceRegion":"guangzhou","featureType":"infrastructure","railClass":"metro","mode":"subway","name":"未命名","service":"yard","status":"operational","color":"#52636f","sourceKey":"way:969952734"}},{"type":"Feature","geometry":{"type":"LineString","coordinates":[[113.5307549,22.7852789],[113.530944,22.7852459],[113.5310429,22.7852416],[113.5311581,22.7852461],[113.5312674,22.7852679],[113.5314012,22.7853063],[113.5315438,22.7853661],[113.5317674,22.7854598],[113.5319458,22.7855346],[113.5321612,22.785625],[113.5322438,22.7856493],[113.5323644,22.7856687],[113.5324622,22.7856729],[113.5325298,22.7856758],[113.5344216,22.785727],[113.5344364,22.7857274],[113.535358,22.7857444],[113.5355931,22.7857515],[113.5357445,22.7857546],[113.5358475,22.7857683],[113.5359248,22.7857896],[113.5359927,22.7858209],[113.5360693,22.7858622],[113.5362209,22.7859586]]},"properties":{"key":"way:969952735@detail:454_91","osmType":"way","osmId":969952735,"sourceRegion":"guangzhou","featureType":"infrastructure","railClass":"metro","mode":"subway","name":"未命名","service":"yard","status":"operational","color":"#52636f","sourceKey":"way:969952735"}},{"type":"Feature","geometry":{"type":"LineString","coordinates":[[113.5362398,22.7859761],[113.5364056,22.7861213],[113.5364153,22.7861296],[113.537052,22.7866725],[113.5373159,22.7868981],[113.5376709,22.7872726],[113.5378256,22.7874231]]},"properties":{"key":"way:969952736@detail:454_91","osmType":"way","osmId":969952736,"sourceRegion":"guangzhou","featureType":"infrastructure","railClass":"metro","mode":"subway","name":"未命名","service":"yard","tunnel":"yes","status":"operational","color":"#52636f","sourceKey":"way:969952736"}},{"type":"Feature","geometry":{"type":"LineString","coordinates":[[113.5359958,22.7857572],[113.5362209,22.7859586],[113.5362398,22.7859761]]},"properties":{"key":"way:969952737@detail:454_91","osmType":"way","osmId":969952737,"sourceRegion":"guangzhou","featureType":"infrastructure","railClass":"metro","mode":"subway","name":"未命名","service":"yard","status":"operational","color":"#52636f","sourceKey":"way:969952737"}},{"type":"Feature","geometry":{"type":"LineString","coordinates":[[113.5362043,22.7860031],[113.5364153,22.7861296]]},"properties":{"key":"way:969952738@detail:454_91","osmType":"way","osmId":969952738,"sourceRegion":"guangzhou","featureType":"infrastructure","railClass":"metro","mode":"subway","name":"未命名","service":"yard","tunnel":"yes","status":"operational","color":"#52636f","sourceKey":"way:969952738"}},{"type":"Feature","geometry":{"type":"LineString","coordinates":[[113.5317487,22.7851363],[113.5319716,22.7852151],[113.5320553,22.7852387],[113.5321538,22.7852523],[113.5322407,22.7852557],[113.5322963,22.7852573],[113.5351066,22.7853386],[113.5351557,22.78534],[113.535251,22.7853479],[113.5353413,22.7853769],[113.5354258,22.7854113],[113.5354896,22.785451],[113.5355561,22.7854932],[113.5356356,22.7855419],[113.5356866,22.7855731],[113.5358247,22.7856553],[113.5359958,22.7857572],[113.536207,22.7858829]]},"properties":{"key":"way:969952739@detail:454_91","osmType":"way","osmId":969952739,"sourceRegion":"guangzhou","featureType":"infrastructure","railClass":"metro","mode":"subway","name":"未命名","service":"yard","status":"operational","color":"#52636f","sourceKey":"way:969952739"}},{"type":"Feature","geometry":{"type":"LineString","coordinates":[[113.5277535,22.7858707],[113.5278033,22.78588],[113.5279227,22.7858979],[113.5280212,22.785908],[113.52817,22.7859171],[113.5282915,22.7859174],[113.5284503,22.7859039],[113.5286177,22.7858792],[113.5287814,22.7858415],[113.5290082,22.7857627],[113.5303835,22.785289]]},"properties":{"key":"way:969952740@detail:454_91","osmType":"way","osmId":969952740,"sourceRegion":"guangzhou","featureType":"infrastructure","railClass":"metro","mode":"subway","name":"未命名","service":"yard","status":"operational","color":"#52636f","sourceKey":"way:969952740"}},{"type":"Feature","geometry":{"type":"LineString","coordinates":[[113.5309002,22.7851743],[113.5306281,22.7852733],[113.530484,22.7853258],[113.5288045,22.7858977],[113.5286899,22.78592],[113.5285574,22.785932],[113.5284162,22.7859304],[113.52817,22.7859171]]},"properties":{"key":"way:969952741@detail:454_91","osmType":"way","osmId":969952741,"sourceRegion":"guangzhou","featureType":"infrastructure","railClass":"metro","mode":"subway","name":"未命名","service":"yard","status":"operational","color":"#52636f","sourceKey":"way:969952741"}},{"type":"Feature","geometry":{"type":"LineString","coordinates":[[113.535694,22.7854213],[113.5355772,22.7853549],[113.5355449,22.785335],[113.5354355,22.7852686],[113.5353593,22.785238],[113.5352691,22.7852174],[113.535161,22.7852075],[113.5351116,22.785206],[113.5323013,22.7851211],[113.5321972,22.785118],[113.5319328,22.7851123],[113.5317239,22.7851078],[113.5315825,22.7851096],[113.5313964,22.7851118],[113.5311841,22.7851144]]},"properties":{"key":"way:969952742@detail:454_91","osmType":"way","osmId":969952742,"sourceRegion":"guangzhou","featureType":"infrastructure","railClass":"metro","mode":"subway","name":"未命名","service":"yard","status":"operational","color":"#52636f","sourceKey":"way:969952742"}},{"type":"Feature","geometry":{"type":"LineString","coordinates":[[113.5315825,22.7851096],[113.5317487,22.7851363],[113.5321252,22.7851968],[113.5321843,22.7852054],[113.5322434,22.7852104],[113.5322979,22.785212],[113.5351083,22.7852943],[113.5351724,22.7852962],[113.5352394,22.7853035],[113.5353044,22.7853198],[113.5353862,22.7853489],[113.5354512,22.7853825],[113.5355054,22.7854215],[113.5356356,22.7855419]]},"properties":{"key":"way:969952743@detail:454_91","osmType":"way","osmId":969952743,"sourceRegion":"guangzhou","featureType":"infrastructure","railClass":"metro","mode":"subway","name":"未命名","service":"yard","status":"operational","color":"#52636f","sourceKey":"way:969952743"}},{"type":"Feature","geometry":{"type":"LineString","coordinates":[[113.5319328,22.7851123],[113.5321731,22.78516],[113.5322386,22.7851664],[113.5322996,22.7851683],[113.5351098,22.7852544],[113.5351678,22.7852562],[113.5352595,22.7852649],[113.5353294,22.7852799],[113.5353885,22.785298],[113.5354456,22.7853257],[113.5354855,22.7853489],[113.53553,22.785381],[113.5358247,22.7856553]]},"properties":{"key":"way:969952744@detail:454_91","osmType":"way","osmId":969952744,"sourceRegion":"guangzhou","featureType":"infrastructure","railClass":"metro","mode":"subway","name":"未命名","service":"yard","status":"operational","color":"#52636f","sourceKey":"way:969952744"}},{"type":"Feature","geometry":{"type":"LineString","coordinates":[[113.5358211,22.7854669],[113.5356335,22.7852916],[113.5355265,22.7851915],[113.5354693,22.7851495],[113.5354039,22.7851121],[113.5353335,22.785083],[113.5352664,22.7850662],[113.5351761,22.7850563],[113.5351174,22.7850545],[113.5323831,22.7849708],[113.532307,22.7849673],[113.5322191,22.7849633],[113.5321628,22.7849633],[113.5320012,22.7849773],[113.5318321,22.7849778]]},"properties":{"key":"way:969952745@detail:454_91","osmType":"way","osmId":969952745,"sourceRegion":"guangzhou","featureType":"infrastructure","railClass":"metro","mode":"subway","name":"未命名","service":"yard","status":"operational","color":"#52636f","sourceKey":"way:969952745"}},{"type":"Feature","geometry":{"type":"LineString","coordinates":[[113.5318756,22.7850693],[113.5321979,22.7850152],[113.5322443,22.7850114],[113.5323053,22.7850124],[113.5323851,22.7850137],[113.5351158,22.7850975],[113.5351779,22.7850994],[113.5352587,22.7851066],[113.5353237,22.7851221],[113.5353986,22.7851511],[113.5354617,22.785183],[113.5356335,22.7852916]]},"properties":{"key":"way:969952746@detail:454_91","osmType":"way","osmId":969952746,"sourceRegion":"guangzhou","featureType":"infrastructure","railClass":"metro","mode":"subway","name":"未命名","service":"yard","status":"operational","color":"#52636f","sourceKey":"way:969952746"}},{"type":"Feature","geometry":{"type":"LineString","coordinates":[[113.5356759,22.7851683],[113.5354994,22.7850576],[113.5354147,22.7850131],[113.5353428,22.7849868],[113.5352463,22.7849696],[113.5351695,22.7849659],[113.5351208,22.7849644],[113.5323818,22.7848813],[113.5323103,22.7848789],[113.5321338,22.784873],[113.5320607,22.78488],[113.5318187,22.784934]]},"properties":{"key":"way:969952747@detail:454_91","osmType":"way","osmId":969952747,"sourceRegion":"guangzhou","featureType":"infrastructure","railClass":"metro","mode":"subway","name":"未命名","service":"yard","status":"operational","color":"#52636f","sourceKey":"way:969952747"}},{"type":"Feature","geometry":{"type":"LineString","coordinates":[[113.528393,22.7861053],[113.5304399,22.7853975],[113.5307549,22.7852789],[113.5309157,22.7852183],[113.5310113,22.7851883],[113.5311758,22.785152],[113.5313964,22.7851118]]},"properties":{"key":"way:969952748@detail:454_91","osmType":"way","osmId":969952748,"sourceRegion":"guangzhou","featureType":"infrastructure","railClass":"metro","mode":"subway","name":"未命名","service":"yard","status":"operational","color":"#52636f","sourceKey":"way:969952748"}},{"type":"Feature","geometry":{"type":"LineString","coordinates":[[113.5304399,22.7853975],[113.530638,22.7853566],[113.5307465,22.7853436],[113.5308261,22.7853398],[113.5309387,22.7853383],[113.5310364,22.7853459],[113.53114,22.7853642],[113.5312269,22.7853826],[113.5313065,22.7854047],[113.5314097,22.7854417],[113.5315149,22.785489],[113.5316143,22.7855364],[113.5317162,22.7856013],[113.5318937,22.7857315],[113.5320773,22.7858663],[113.5321855,22.7859526],[113.5322919,22.7860243],[113.5324022,22.7860942],[113.5324256,22.7861059],[113.5325263,22.786156],[113.5326303,22.7861962],[113.5327272,22.7862275],[113.5328183,22.7862505],[113.5329077,22.786265],[113.5330137,22.7862772],[113.5331181,22.7862833],[113.5336078,22.7862989],[113.5338364,22.7863063],[113.5339318,22.7863056],[113.5340147,22.7862947],[113.5341025,22.7862771],[113.5341886,22.7862519],[113.5342946,22.7862145],[113.5343882,22.7861702],[113.5346889,22.7860091],[113.5348607,22.785917],[113.5349384,22.7858836],[113.5350318,22.7858508],[113.5351933,22.7858175],[113.5353591,22.785802],[113.5355151,22.7857995],[113.5356433,22.7858149],[113.5358281,22.7858475],[113.5359532,22.7858884],[113.5360911,22.7859447],[113.5362043,22.7860031]]},"properties":{"key":"way:969952749@detail:454_91","osmType":"way","osmId":969952749,"sourceRegion":"guangzhou","featureType":"infrastructure","railClass":"metro","mode":"subway","name":"未命名","service":"yard","status":"operational","color":"#52636f","sourceKey":"way:969952749"}},{"type":"Feature","geometry":{"type":"LineString","coordinates":[[113.5310029,22.7850902],[113.5309006,22.7851275],[113.530597,22.7852382]]},"properties":{"key":"way:969952750@detail:454_91","osmType":"way","osmId":969952750,"sourceRegion":"guangzhou","featureType":"infrastructure","railClass":"metro","mode":"subway","name":"未命名","service":"yard","status":"operational","color":"#52636f","sourceKey":"way:969952750"}},{"type":"Feature","geometry":{"type":"LineString","coordinates":[[113.5309006,22.7851275],[113.5307566,22.7852046],[113.5306281,22.7852733]]},"properties":{"key":"way:969952751@detail:454_91","osmType":"way","osmId":969952751,"sourceRegion":"guangzhou","featureType":"infrastructure","railClass":"metro","mode":"subway","name":"未命名","service":"yard","status":"operational","color":"#52636f","sourceKey":"way:969952751"}},{"type":"Feature","geometry":{"type":"LineString","coordinates":[[113.5316098,22.7850247],[113.5318187,22.784934],[113.5319667,22.7848698],[113.5320248,22.7848507],[113.5321036,22.7848325],[113.5321637,22.7848289],[113.532312,22.7848331],[113.5323902,22.7848353],[113.5350992,22.7849195],[113.5351225,22.7849201],[113.5352177,22.7849225],[113.5352724,22.7849294],[113.5353344,22.7849444],[113.5353908,22.7849617],[113.5354486,22.7849867],[113.5355092,22.785024],[113.5355705,22.785067],[113.5356759,22.7851683],[113.5359302,22.7854125],[113.5359912,22.7854897],[113.5360523,22.785586],[113.5361242,22.7856959],[113.5361892,22.7857958],[113.5362158,22.7858257],[113.5362473,22.7858557],[113.5363212,22.7859142]]},"properties":{"key":"way:969952752@detail:454_91","osmType":"way","osmId":969952752,"sourceRegion":"guangzhou","featureType":"infrastructure","railClass":"metro","mode":"subway","name":"未命名","service":"yard","status":"operational","color":"#52636f","sourceKey":"way:969952752"}},{"type":"Feature","geometry":{"type":"LineString","coordinates":[[113.5355931,22.7857515],[113.5353309,22.7856917],[113.5350779,22.7856339],[113.5350119,22.7856248],[113.5344275,22.7856161],[113.5344041,22.7856157],[113.5324627,22.7855609],[113.532419,22.7855597],[113.5322649,22.7855513],[113.532178,22.7855383],[113.5320595,22.7855017],[113.5319337,22.7854576],[113.5318426,22.7854339],[113.5315438,22.7853661]]},"properties":{"key":"way:969952753@detail:454_91","osmType":"way","osmId":969952753,"sourceRegion":"guangzhou","featureType":"infrastructure","railClass":"metro","mode":"subway","name":"未命名","service":"yard","status":"operational","color":"#52636f","sourceKey":"way:969952753"}},{"type":"Feature","geometry":{"type":"LineString","coordinates":[[113.5353309,22.7856917],[113.5346966,22.7856768],[113.5344247,22.7856692],[113.5324624,22.7856143],[113.5324227,22.7856132],[113.5323266,22.7856094],[113.5322843,22.7856071],[113.5322305,22.7855964],[113.5320228,22.7855513],[113.5319458,22.7855346]]},"properties":{"key":"way:969952754@detail:454_91","osmType":"way","osmId":969952754,"sourceRegion":"guangzhou","featureType":"infrastructure","railClass":"metro","mode":"subway","name":"未命名","service":"yard","status":"operational","color":"#52636f","sourceKey":"way:969952754"}},{"type":"Feature","geometry":{"type":"LineString","coordinates":[[113.5317674,22.7854598],[113.5320258,22.7856296],[113.5321066,22.7856681],[113.5321937,22.7856951],[113.5322983,22.7857141],[113.5323987,22.7857259],[113.5324619,22.7857276],[113.5325603,22.7857304],[113.5344193,22.7857701],[113.5351053,22.7857847]]},"properties":{"key":"way:969952755@detail:454_91","osmType":"way","osmId":969952755,"sourceRegion":"guangzhou","featureType":"infrastructure","railClass":"metro","mode":"subway","name":"未命名","service":"yard","status":"operational","color":"#52636f","sourceKey":"way:969952755"}},{"type":"Feature","geometry":{"type":"LineString","coordinates":[[113.5325922,22.7858405],[113.5342184,22.7858804],[113.5344132,22.7858839],[113.5345099,22.7858857],[113.5345853,22.7858781],[113.5347841,22.7858406],[113.5348887,22.7858224],[113.5351053,22.7857847],[113.535358,22.7857444]]},"properties":{"key":"way:969952756@detail:454_91","osmType":"way","osmId":969952756,"sourceRegion":"guangzhou","featureType":"infrastructure","railClass":"metro","mode":"subway","name":"未命名","service":"yard","status":"operational","color":"#52636f","sourceKey":"way:969952756"}},{"type":"Feature","geometry":{"type":"LineString","coordinates":[[113.5348887,22.7858224],[113.5346368,22.7859294],[113.5345526,22.7859644],[113.534489,22.7859807],[113.5344378,22.7859893],[113.5344093,22.7859899],[113.5343423,22.7859938],[113.5324608,22.7859428],[113.5323981,22.7859383],[113.5323236,22.785923],[113.5322515,22.7859039],[113.5321587,22.7858657],[113.5318937,22.7857315]]},"properties":{"key":"way:969952757@detail:454_91","osmType":"way","osmId":969952757,"sourceRegion":"guangzhou","featureType":"infrastructure","railClass":"metro","mode":"subway","name":"未命名","service":"yard","status":"operational","color":"#52636f","sourceKey":"way:969952757"}},{"type":"Feature","geometry":{"type":"LineString","coordinates":[[113.5339578,22.7862203],[113.5340527,22.7862139],[113.5341511,22.7862052],[113.5342401,22.7861836],[113.5343362,22.7861588],[113.5344135,22.7861296],[113.5346889,22.7860091]]},"properties":{"key":"way:969952759@detail:454_91","osmType":"way","osmId":969952759,"sourceRegion":"guangzhou","featureType":"infrastructure","railClass":"metro","mode":"subway","name":"未命名","service":"yard","status":"operational","color":"#52636f","sourceKey":"way:969952759"}},{"type":"Feature","geometry":{"type":"LineString","coordinates":[[113.5316783,22.7864007],[113.5323722,22.7864258],[113.532394,22.7864266],[113.5324596,22.7864255],[113.532585,22.7864093],[113.5329426,22.786367],[113.5330081,22.7863593],[113.5331099,22.7863472],[113.5332532,22.7863333],[113.5336078,22.7862989]]},"properties":{"key":"way:969952760@detail:454_91","osmType":"way","osmId":969952760,"sourceRegion":"guangzhou","featureType":"infrastructure","railClass":"metro","mode":"subway","name":"未命名","service":"yard","status":"operational","color":"#52636f","sourceKey":"way:969952760"}},{"type":"Feature","geometry":{"type":"LineString","coordinates":[[113.5329426,22.786367],[113.5323761,22.7863493],[113.5316917,22.786328]]},"properties":{"key":"way:969952761@detail:454_91","osmType":"way","osmId":969952761,"sourceRegion":"guangzhou","featureType":"infrastructure","railClass":"metro","mode":"subway","name":"未命名","service":"yard","status":"operational","color":"#52636f","sourceKey":"way:969952761"}},{"type":"Feature","geometry":{"type":"LineString","coordinates":[[113.5332532,22.7863333],[113.5323783,22.7863062],[113.5322661,22.7863027],[113.5316952,22.7862824]]},"properties":{"key":"way:969952762@detail:454_91","osmType":"way","osmId":969952762,"sourceRegion":"guangzhou","featureType":"infrastructure","railClass":"metro","mode":"subway","name":"未命名","service":"yard","status":"operational","color":"#52636f","sourceKey":"way:969952762"}},{"type":"Feature","geometry":{"type":"LineString","coordinates":[[113.6549452,22.8907153],[113.654885,22.8914725],[113.6548629,22.8917945],[113.6548509,22.8925121],[113.6549382,22.8933308],[113.655032,22.8941181],[113.655544,22.898425],[113.6555473,22.8984526],[113.6556708,22.8995429],[113.6557771,22.9003068],[113.6559132,22.9011634],[113.6560375,22.901899],[113.6565809,22.9048614],[113.6568825,22.9067201],[113.6570338,22.9078675],[113.6571917,22.9093879],[113.6572519,22.9108371],[113.6572917,22.9119617],[113.6572605,22.9146117],[113.6572176,22.9189591],[113.6572005,22.9212751],[113.6572005,22.9225285],[113.6572431,22.9229838],[113.6572912,22.9235125],[113.6573672,22.9240701],[113.6574384,22.9244569],[113.6575255,22.9248096],[113.6576518,22.9251922],[113.6578053,22.9255988],[113.6580613,22.926203],[113.6587259,22.927532],[113.6598393,22.9294487],[113.6604661,22.9306341],[113.6607763,22.9313034],[113.6620542,22.9341404],[113.6623904,22.9348793],[113.6626386,22.9353434],[113.6632008,22.9363512],[113.6640677,22.9379676],[113.6647879,22.9392547],[113.6651983,22.9399515],[113.6656317,22.9405939],[113.666148,22.9412065],[113.6669837,22.9421142],[113.6678761,22.9430823],[113.6685693,22.9438263],[113.669901,22.9452556],[113.6710698,22.9465331],[113.6715589,22.9470831],[113.672252,22.9478988],[113.6730597,22.948888],[113.6743045,22.950469],[113.6756778,22.9521008],[113.6765859,22.9530869],[113.6774136,22.9539077],[113.678253,22.9547201],[113.6793526,22.9556819],[113.6802698,22.9564475],[113.6811946,22.9571965],[113.6824036,22.9580729],[113.6834109,22.9588261],[113.683844,22.9592088],[113.6843179,22.959669],[113.6858364,22.9611995],[113.6880414,22.9634645],[113.6890752,22.9645712],[113.6896655,22.9652093],[113.6903336,22.9658278],[113.6909747,22.9662627],[113.6916879,22.9665823],[113.6924469,22.9668078],[113.6932762,22.9669782],[113.7076377,22.9686635],[113.708794,22.9689251],[113.7097926,22.9692442],[113.7113463,22.9698482],[113.712439,22.9704841],[113.7134214,22.9711378],[113.7142507,22.9718856],[113.7156745,22.9732596],[113.7186299,22.9757396],[113.7196757,22.9767246],[113.7210805,22.978116],[113.7219033,22.9789796],[113.7226916,22.9797292],[113.7239173,22.9808125],[113.7250776,22.9818757],[113.7266503,22.9832009],[113.7283107,22.9844325],[113.7287449,22.9847647],[113.7299363,22.9856764],[113.7314353,22.9868844],[113.7329242,22.9881655],[113.7387888,22.9937141],[113.7394033,22.994419],[113.7400133,22.9951805],[113.7405964,22.995904],[113.741339,22.9968256],[113.7422116,22.9979374],[113.7429163,22.998746],[113.7439674,22.9999746],[113.74399068431593,23.0]]},"properties":{"key":"way:980398720@detail:454_91","osmType":"way","osmId":980398720,"sourceRegion":"guangzhou","featureType":"infrastructure","railClass":"metro","mode":"subway","name":"东莞轨道交通2号线","nameEn":"Dongguan Rail Transit Line 2","operator":"东莞市轨道交通有限公司 Dongguan Rail Transit Corp., Ltd.","tunnel":"yes","status":"operational","color":"#52636f","sourceKey":"way:980398720"}},{"type":"Feature","geometry":{"type":"LineString","coordinates":[[113.6563697,22.8803456],[113.6562662,22.8807944],[113.6561258,22.8814878],[113.6559594,22.8823138],[113.6558513,22.8831021],[113.6556799,22.884476],[113.6555339,22.8859746],[113.655371,22.8871969],[113.6552087,22.8884128],[113.6551212,22.8890961],[113.6549452,22.8907153]]},"properties":{"key":"way:980398721@detail:454_91","osmType":"way","osmId":980398721,"sourceRegion":"guangzhou","featureType":"infrastructure","railClass":"metro","mode":"subway","name":"东莞轨道交通2号线","nameEn":"Dongguan Rail Transit Line 2","bridge":"viaduct","status":"operational","color":"#52636f","sourceKey":"way:980398721"}},{"type":"Feature","geometry":{"type":"LineString","coordinates":[[113.6570276,22.8775871],[113.6567798,22.8785494],[113.6565633,22.8795059],[113.6563697,22.8803456]]},"properties":{"key":"way:980398722@detail:454_91","osmType":"way","osmId":980398722,"sourceRegion":"guangzhou","featureType":"infrastructure","railClass":"metro","mode":"subway","name":"东莞轨道交通2号线","nameEn":"Dongguan Rail Transit Line 2","bridge":"viaduct","status":"operational","color":"#52636f","sourceKey":"way:980398722"}},{"type":"Feature","geometry":{"type":"LineString","coordinates":[[113.6666046,22.8622752],[113.6660795,22.8627766],[113.6656439,22.8632634],[113.6654157,22.8634866],[113.6651143,22.863781],[113.6647293,22.8642298],[113.6644403,22.8646222],[113.664167,22.8649969],[113.6623064,22.8676043],[113.6603733,22.8703412],[113.6597022,22.8713128],[113.6590767,22.8722123],[113.6586236,22.8729645],[113.658207,22.8737832],[113.6578415,22.8746466],[113.6575973,22.8754271],[113.6573602,22.8763131],[113.6570276,22.8775871]]},"properties":{"key":"way:980398723@detail:454_91","osmType":"way","osmId":980398723,"sourceRegion":"guangzhou","featureType":"infrastructure","railClass":"metro","mode":"subway","name":"东莞轨道交通2号线","nameEn":"Dongguan Rail Transit Line 2","bridge":"viaduct","status":"operational","color":"#52636f","sourceKey":"way:980398723"}},{"type":"Feature","geometry":{"type":"LineString","coordinates":[[113.6693501,22.8598049],[113.6686228,22.8603194],[113.6682699,22.8605911],[113.6678769,22.8609337],[113.66752,22.8612825],[113.6666046,22.8622752]]},"properties":{"key":"way:980398724@detail:454_91","osmType":"way","osmId":980398724,"sourceRegion":"guangzhou","featureType":"infrastructure","railClass":"metro","mode":"subway","name":"东莞轨道交通2号线","nameEn":"Dongguan Rail Transit Line 2","bridge":"viaduct","status":"operational","color":"#52636f","sourceKey":"way:980398724"}},{"type":"Feature","geometry":{"type":"LineString","coordinates":[[113.6693295,22.8597731],[113.6686025,22.8602993],[113.6682377,22.8605785],[113.6678448,22.8609152],[113.6674942,22.8612564],[113.6665394,22.8622179]]},"properties":{"key":"way:980398725@detail:454_91","osmType":"way","osmId":980398725,"sourceRegion":"guangzhou","featureType":"infrastructure","railClass":"metro","mode":"subway","name":"东莞轨道交通2号线","nameEn":"Dongguan Rail Transit Line 2","bridge":"viaduct","status":"operational","color":"#52636f","sourceKey":"way:980398725"}},{"type":"Feature","geometry":{"type":"LineString","coordinates":[[113.6053191,22.7694225],[113.6049189,22.7690683]]},"properties":{"key":"way:981464572@detail:454_91","osmType":"way","osmId":981464572,"sourceRegion":"guangzhou","featureType":"infrastructure","railClass":"metro","mode":"subway","name":"广州地铁4号线","nameEn":"Guangzhou Metro Line 4","tunnel":"yes","status":"operational","color":"#52636f","sourceKey":"way:981464572"}},{"type":"Feature","geometry":{"type":"LineString","coordinates":[[113.6003662,22.7650018],[113.6042281,22.7683979],[113.6042934,22.7684557],[113.6049499,22.7690366]]},"properties":{"key":"way:981464573@detail:454_91","osmType":"way","osmId":981464573,"sourceRegion":"guangzhou","featureType":"infrastructure","railClass":"metro","mode":"subway","name":"广州地铁4号线","nameEn":"Guangzhou Metro Line 4","tunnel":"yes","status":"operational","color":"#52636f","sourceKey":"way:981464573"}},{"type":"Feature","geometry":{"type":"LineString","coordinates":[[113.5,22.76594537167506],[113.5000121,22.7659395],[113.500389,22.765735],[113.5008532,22.7654542],[113.5012714,22.7651565],[113.5016068,22.764896],[113.5020029,22.7645483],[113.5022808,22.7642752],[113.5025226,22.7639938],[113.50273,22.7637308],[113.5029134,22.7634807],[113.5031404,22.7631494],[113.5033505,22.762832],[113.5035248,22.7625536],[113.5037131,22.7622374],[113.5039628,22.7617893],[113.50418,22.7613689],[113.504379,22.7609556],[113.5045643,22.7605557],[113.504741,22.7601714],[113.5048634,22.7599],[113.504992,22.7595957],[113.5051077,22.7593032],[113.5054492,22.7584289],[113.5055134,22.7582641],[113.5055722,22.7581131],[113.5056981,22.7577833],[113.5058226,22.7574508],[113.5059196,22.7571886],[113.5060198,22.7569196],[113.5063448,22.7560481],[113.5067263,22.7550256],[113.507064,22.7541202],[113.5081706,22.7511531],[113.5085603,22.7501081],[113.50860077176493,22.75]]},"properties":{"key":"way:987904835@detail:454_91","osmType":"way","osmId":987904835,"sourceRegion":"guangzhou","featureType":"infrastructure","railClass":"national","mode":"rail","name":"广州地铁18号线","nameEn":"Guangzhou Metro Line 18","usage":"main","tunnel":"yes","status":"operational","color":"#E54848","sourceKey":"way:987904835"}},{"type":"Feature","geometry":{"type":"LineString","coordinates":[[113.50877021186898,22.75],[113.5087094,22.7501637],[113.5083229,22.7512001],[113.5072156,22.7541689],[113.5068777,22.755075],[113.5064966,22.7560966],[113.5061733,22.7569634],[113.506076,22.7572254],[113.5059783,22.757495],[113.5058899,22.7577302],[113.505799,22.7579739],[113.505716,22.7581935],[113.5056039,22.7584869],[113.5052766,22.7593494],[113.5051532,22.7596495],[113.5050211,22.7599564],[113.5049018,22.7602264],[113.5047283,22.760606],[113.504547,22.7609892],[113.5043383,22.7614166],[113.5041062,22.7618636],[113.5038652,22.7622962],[113.5036727,22.7626151],[113.5034824,22.7629128],[113.5032729,22.7632395],[113.5030614,22.7635434],[113.5028686,22.7638055],[113.5026528,22.7640826],[113.502401,22.7643741],[113.5021115,22.7646629],[113.5017251,22.7650006],[113.501348,22.7652896],[113.5009345,22.7655779],[113.5004795,22.7658645],[113.5000748,22.7660826],[113.5,22.766118658091283]]},"properties":{"key":"way:987904836@detail:454_91","osmType":"way","osmId":987904836,"sourceRegion":"guangzhou","featureType":"infrastructure","railClass":"national","mode":"rail","name":"广州地铁18号线","nameEn":"Guangzhou Metro Line 18","usage":"main","tunnel":"yes","status":"operational","color":"#E54848","sourceKey":"way:987904836"}},{"type":"Feature","geometry":{"type":"LineString","coordinates":[[113.6108635585898,22.75],[113.6202041,22.7578372],[113.6215097,22.7588857],[113.6227876,22.7598269],[113.6239665,22.7606578],[113.6250977,22.7614005],[113.6264347,22.7622262],[113.6403843,22.7706562],[113.6413195,22.771174],[113.6423224,22.7716637],[113.6432876,22.7720768],[113.6443722,22.7724698],[113.6455591,22.7728008],[113.6466523,22.7730273],[113.6477094,22.7731947],[113.648761,22.7732969],[113.6498254,22.773343],[113.6508921,22.7733378],[113.652143,22.7732541],[113.6533395,22.7731053],[113.6544936,22.7729036],[113.655729,22.7726523],[113.6570667,22.7723453],[113.6656242,22.7703452],[113.6706993,22.7690868]]},"properties":{"key":"way:1093586125@detail:454_91","osmType":"way","osmId":1093586125,"sourceRegion":"guangzhou","featureType":"infrastructure","railClass":"construction","mode":"construction","name":"深湛线","nameEn":"Shenzhen-Zhanjiang Railway","ref":"3071","operator":"中国铁路广州局集团有限公司","usage":"main","highspeed":"yes","tunnel":"yes","status":"construction","color":"#52636f","sourceKey":"way:1093586125"}},{"type":"Feature","geometry":{"type":"LineString","coordinates":[[113.6746864,22.7681514],[113.6706993,22.7690868]]},"properties":{"key":"way:1093586126@detail:454_91","osmType":"way","osmId":1093586126,"sourceRegion":"guangzhou","featureType":"infrastructure","railClass":"construction","mode":"construction","name":"深湛线","nameEn":"Shenzhen-Zhanjiang Railway","ref":"3071","operator":"中国铁路广州局集团有限公司","usage":"main","highspeed":"yes","status":"construction","color":"#52636f","sourceKey":"way:1093586126"}},{"type":"Feature","geometry":{"type":"LineString","coordinates":[[113.7459239,22.7515948],[113.7388917,22.7587311],[113.7378251,22.7597535],[113.7362934,22.7610512],[113.7349465,22.7620799],[113.7336784,22.7630118],[113.7324007,22.763862],[113.7312139,22.7646288],[113.7296715,22.7655377],[113.7282236,22.7663522],[113.7267827,22.7670881],[113.7251954,22.7678048],[113.7237122,22.7683558],[113.7220773,22.7688594],[113.7204947,22.7692667],[113.7188926,22.7696157],[113.7172307,22.7699015],[113.71566,22.7700839],[113.7140629,22.7701375],[113.7124913,22.7701198],[113.7110129,22.7700669],[113.7097455,22.7699769],[113.7082543,22.7698254],[113.7065023,22.7696177],[113.6883462,22.7672376],[113.686759,22.7670437],[113.6849859,22.7668825],[113.6835128,22.7668252],[113.682008,22.7668643],[113.6805664,22.7669837],[113.6790723,22.7671721],[113.677791,22.7674333],[113.6746864,22.7681514]]},"properties":{"key":"way:1093586127@detail:454_91","osmType":"way","osmId":1093586127,"sourceRegion":"guangzhou","featureType":"infrastructure","railClass":"construction","mode":"construction","name":"深湛线","nameEn":"Shenzhen-Zhanjiang Railway","ref":"3071","operator":"中国铁路广州局集团有限公司","usage":"main","highspeed":"yes","bridge":"yes","status":"construction","color":"#52636f","sourceKey":"way:1093586127"}},{"type":"Feature","geometry":{"type":"LineString","coordinates":[[113.664104,22.8628366],[113.67193,22.8637957]]},"properties":{"key":"way:1158725682@detail:454_91","osmType":"way","osmId":1158725682,"sourceRegion":"guangzhou","featureType":"infrastructure","railClass":"minor","mode":"rail","name":"未命名","service":"siding","bridge":"yes","status":"operational","color":"#52636f","sourceKey":"way:1158725682"}},{"type":"Feature","geometry":{"type":"LineString","coordinates":[[113.6693501,22.8598049],[113.6705401,22.8589725],[113.6741951,22.8563533],[113.6753962,22.8554528],[113.6758425,22.8549738],[113.6762108,22.8544647],[113.6781863,22.8497994],[113.6782693,22.8496109],[113.678322,22.8494007],[113.6783179,22.849082],[113.6782869,22.8487571],[113.6781845,22.8480994],[113.6781613,22.8479968]]},"properties":{"key":"way:1228120594@detail:454_91","osmType":"way","osmId":1228120594,"sourceRegion":"guangzhou","featureType":"infrastructure","railClass":"construction","mode":"construction","name":"东莞轨道交通2号线","nameEn":"Dongguan Rail Transit Line 2","operator":"东莞市轨道交通有限公司 Dongguan Rail Transit Corp., Ltd.","usage":"main","bridge":"yes","status":"construction","color":"#52636f","sourceKey":"way:1228120594"}},{"type":"Feature","geometry":{"type":"LineString","coordinates":[[113.6781613,22.8479968],[113.6772482,22.844979],[113.6771379,22.8445235],[113.6770504,22.844114],[113.6768619,22.8408035],[113.6769187,22.8399197],[113.6775829,22.8350791],[113.6777079,22.8346609],[113.6777418,22.8235901],[113.6777384,22.8233352],[113.67776,22.8231447],[113.6777882,22.8230106],[113.6778696,22.8227908],[113.6795965,22.819711],[113.6798079,22.8193263],[113.6800121,22.8189066],[113.6801112,22.8185845],[113.6818154,22.8105507],[113.6819446,22.8101346],[113.6833145,22.807638],[113.6872985,22.7973949],[113.6878012,22.7964524],[113.6886497,22.7947912],[113.6935931,22.7847278],[113.6937611,22.7844913],[113.6938848,22.7842075],[113.6950101,22.7825227],[113.6954278,22.7818101],[113.6957589,22.781097],[113.6959202,22.7804951],[113.6961339,22.7793875],[113.6961631,22.7787592],[113.6960983,22.7777942],[113.6959665,22.7770825],[113.6957115,22.7762215],[113.6948954,22.7738204],[113.6941495,22.7713916],[113.6938514,22.7702639],[113.6937723,22.769634],[113.693741,22.7692965],[113.6937518,22.7689372],[113.693767,22.7684682],[113.6938017,22.7681462],[113.6938981,22.7676479],[113.694011,22.7672397],[113.6941418,22.7668554],[113.6942544,22.7665296],[113.6955377,22.7637094],[113.6992567,22.7561367],[113.7014024,22.7526656],[113.7021878,22.7520172],[113.702984,22.751471],[113.7042471,22.7508205],[113.7055299,22.750252],[113.7058574,22.750198],[113.7061848,22.7501621],[113.7068814,22.7501374],[113.7075189,22.7501172],[113.7080743,22.7501663],[113.7186271,22.7525931],[113.7251744,22.7523417],[113.7279856,22.7516504],[113.7291484,22.7509634],[113.7300193,22.7503117],[113.73036299542245,22.75]]},"properties":{"key":"way:1228120595@detail:454_91","osmType":"way","osmId":1228120595,"sourceRegion":"guangzhou","featureType":"infrastructure","railClass":"construction","mode":"construction","name":"东莞轨道交通2号线","nameEn":"Dongguan Rail Transit Line 2","operator":"东莞市轨道交通有限公司 Dongguan Rail Transit Corp., Ltd.","usage":"main","tunnel":"yes","status":"construction","color":"#52636f","sourceKey":"way:1228120595"}},{"type":"Feature","geometry":{"type":"LineString","coordinates":[[113.74755658217245,22.75],[113.7459239,22.7515948]]},"properties":{"key":"way:1244613236@detail:454_91","osmType":"way","osmId":1244613236,"sourceRegion":"guangzhou","featureType":"infrastructure","railClass":"construction","mode":"construction","name":"深湛线","nameEn":"Shenzhen-Zhanjiang Railway","ref":"3071","operator":"中国铁路广州局集团有限公司","usage":"main","highspeed":"yes","status":"construction","color":"#52636f","sourceKey":"way:1244613236"}},{"type":"Feature","geometry":{"type":"LineString","coordinates":[[113.6130662,22.9867918],[113.6132383,22.987981]]},"properties":{"key":"way:1454310810@detail:454_91","osmType":"way","osmId":1454310810,"sourceRegion":"guangzhou","featureType":"infrastructure","railClass":"national","mode":"rail","name":"未命名","bridge":"yes","status":"operational","color":"#E54848","sourceKey":"way:1454310810"}},{"type":"Feature","geometry":{"type":"MultiLineString","coordinates":[[[113.6049189,22.7690683],[113.6045637,22.7687539],[113.604187,22.7684206],[113.6038753,22.7681469],[113.602989,22.7673732],[113.6027191,22.7671427],[113.6020684,22.7665773],[113.601736,22.7662833],[113.6014692,22.7660468],[113.6012466,22.7658531],[113.6010316,22.7656656],[113.6008698,22.7655214],[113.6006583,22.7653345],[113.6003236,22.7650401]],[[113.6003236,22.7650401],[113.5999293,22.7646865],[113.599726,22.7645086],[113.5995388,22.7643449],[113.5993834,22.7642075],[113.5992128,22.764056],[113.5990761,22.7639369],[113.598934,22.7638125],[113.5988101,22.7637005],[113.5987101,22.7636035],[113.5986239,22.7635146],[113.5985327,22.7634112],[113.5984658,22.7633279],[113.5984132,22.7632554],[113.5983659,22.7631877],[113.5982634,22.763029],[113.5982204,22.7629482],[113.5981917,22.7628888],[113.598175,22.7628489],[113.598153,22.762787],[113.5981346,22.7627329],[113.5980935,22.7625994],[113.5980601,22.7624817],[113.5980173,22.7623122],[113.5979832,22.7621652],[113.5979445,22.7619836],[113.5978771,22.7616575],[113.5977781,22.7611384],[113.5976763,22.760613],[113.5975927,22.7601844],[113.597509,22.7597566],[113.5974414,22.7594177],[113.597374,22.7590816],[113.5973176,22.7587945],[113.5972664,22.7585201],[113.5972226,22.7582436],[113.5971732,22.7579279],[113.5971205,22.7575874],[113.5970669,22.7572318],[113.5969217,22.7562667],[113.5968957,22.7560915],[113.5968646,22.7558699],[113.5968302,22.7556283],[113.5968032,22.7554452],[113.5967721,22.7552433],[113.5967421,22.7550385],[113.5967059,22.7548164],[113.5966575,22.7545444],[113.5966149,22.754322],[113.5965856,22.7541703],[113.5965464,22.7539696],[113.5965194,22.7538166],[113.5964786,22.7535647],[113.59645,22.7534029],[113.5964206,22.7532579],[113.596389,22.7531187],[113.5963452,22.7529334],[113.5962912,22.7527071],[113.5962483,22.7525627],[113.5961982,22.7524164],[113.5961412,22.7522801],[113.5960797,22.7521535],[113.5959802,22.7519859],[113.5958822,22.7518443],[113.5957564,22.7516882],[113.5956866,22.751618],[113.5956079,22.7515468],[113.5954691,22.7514466],[113.5953923,22.7513999],[113.5952987,22.7513522],[113.5950975,22.7512638],[113.5948857,22.7511782],[113.5946443,22.7510959],[113.5944544,22.7510456],[113.5943207,22.7510174],[113.5941976,22.7509936],[113.594062,22.750973],[113.5939257,22.7509563],[113.5938125,22.7509448],[113.5936855,22.7509349],[113.5935494,22.750928],[113.59337,22.750922],[113.5931277,22.7509185],[113.5928126,22.7509169],[113.5924931,22.7509172],[113.5920692,22.7509205],[113.5913941,22.7509248],[113.5906985,22.7509327],[113.5896329,22.7509435],[113.5890846,22.7509491],[113.5879624,22.7509598],[113.5870517,22.7509803],[113.5862296,22.7509971],[113.584754,22.7510253],[113.5836827,22.7510548],[113.5828853,22.7510769],[113.5825392,22.7510944],[113.5822192,22.7511169],[113.5818293,22.7511517],[113.5816247,22.7511742],[113.5814099,22.7512014],[113.581228,22.7512291],[113.5810327,22.7512652],[113.5808234,22.7513087],[113.5805887,22.7513655],[113.5804709,22.7514006],[113.5803554,22.7514357],[113.5801777,22.7514969],[113.5800087,22.751559],[113.5798057,22.7516381],[113.5796026,22.7517227],[113.5793954,22.7518161],[113.5791922,22.7519152],[113.5789901,22.7520201],[113.578792,22.7521325],[113.578564,22.7522639],[113.5783422,22.7523963],[113.5754374,22.7541541],[113.5752556,22.7542627],[113.5750339,22.754388],[113.574876,22.7544745],[113.5747078,22.7545637],[113.5745408,22.7546472],[113.574365,22.7547306],[113.5740094,22.7548896],[113.5737054,22.7550242],[113.573408,22.7551462],[113.5731163,22.7552573],[113.5728891,22.7553375],[113.5726792,22.7554064],[113.5724817,22.7554614],[113.5722145,22.75553],[113.5719256,22.7555998],[113.5716303,22.7556655],[113.5712871,22.7557313],[113.5710239,22.7557788],[113.5707922,22.7558151],[113.5703376,22.7558804],[113.5698177,22.7559463],[113.5694568,22.7559891],[113.5678325,22.7561816],[113.56714,22.7562636],[113.5657514,22.7564256],[113.5643908,22.7565905],[113.5625356,22.7568362],[113.5610368,22.757056],[113.5599856,22.757223],[113.5592664,22.7573507],[113.5587241,22.7574589],[113.5584699,22.7575132],[113.5581934,22.757577],[113.5578031,22.7576786],[113.557586,22.7577421],[113.557379,22.7578057],[113.557211,22.7578607],[113.5570449,22.7579188],[113.5568882,22.7579761],[113.5566888,22.7580577],[113.5564683,22.7581545],[113.5562944,22.7582366],[113.5561494,22.75831],[113.5557955,22.7584987],[113.5554735,22.7586834],[113.5549079,22.7590185],[113.5541161,22.7595158],[113.5537909,22.7597284],[113.5534685,22.7599492],[113.5531721,22.7601601],[113.5528846,22.7603708],[113.5525526,22.7606298],[113.5522882,22.7608489],[113.551945,22.7611418],[113.5512742,22.7617469],[113.5508803,22.7621022],[113.5502772,22.7626604],[113.5498428,22.7630637],[113.5408764,22.7713522],[113.5405913,22.7716147],[113.540381,22.7718069],[113.5402182,22.7719524],[113.5400874,22.7720636],[113.5399264,22.7721995],[113.539815,22.7722897],[113.5397071,22.7723733],[113.5393904,22.7726164],[113.5370894,22.7743183],[113.536405,22.7748177],[113.535977,22.7751302],[113.5337923,22.7767113],[113.5336173,22.7768422],[113.5334756,22.7769554],[113.5333433,22.7770734],[113.5332376,22.7771869],[113.5331672,22.7772792],[113.5331053,22.7773676],[113.5329788,22.7775832],[113.5328798,22.7777881],[113.5327802,22.7780243],[113.5327108,22.778213],[113.5326486,22.7784125],[113.5326117,22.7785445],[113.5325677,22.7787394],[113.5325266,22.7789784],[113.532499,22.7792112],[113.5324771,22.7794831],[113.5324634,22.7798172],[113.53246,22.780022],[113.5324655,22.7802005],[113.5324795,22.7804728],[113.5324966,22.7806439],[113.5325183,22.780812],[113.5325511,22.7810007],[113.5325911,22.7811808],[113.5326349,22.7813271],[113.5326923,22.7814686],[113.5328153,22.7817013],[113.5329361,22.7818943],[113.5330677,22.7820788],[113.5332394,22.782291],[113.5334066,22.7824779],[113.53359,22.782678],[113.5337946,22.7828848],[113.5342614,22.78332],[113.5346746,22.7836728],[113.5349277,22.7838939],[113.5351626,22.7840936],[113.5355429,22.7844178],[113.5359267,22.784745],[113.5359681,22.7847804],[113.5360043,22.7848123],[113.536047,22.78485],[113.5360936,22.7848921],[113.5361467,22.78494],[113.5361952,22.7849854],[113.5362537,22.7850397],[113.5362991,22.7850834],[113.5363943,22.7851758],[113.5365466,22.7853333],[113.536646,22.7854372],[113.5367495,22.7855465],[113.5368687,22.7856777],[113.5369858,22.7858128],[113.5370869,22.7859303],[113.5371965,22.7860582],[113.5372951,22.7861789],[113.5373961,22.7863084],[113.5374621,22.7863952],[113.537533,22.7864924],[113.537652,22.7866593],[113.5377456,22.7867884],[113.5378324,22.7869164],[113.5379292,22.7870593],[113.5380395,22.7872278],[113.5381487,22.7874057],[113.5382646,22.7875984],[113.5383257,22.7877051],[113.5383794,22.7878059],[113.5384149,22.7878774],[113.538455,22.7879661],[113.5385088,22.7880967],[113.5385219,22.7881339]],[[113.5385219,22.7881339],[113.538572,22.7882765],[113.5386065,22.7883907],[113.5386376,22.7885049],[113.5389186,22.7897842],[113.539012,22.7902164],[113.5391203,22.7907168],[113.539169,22.7909688],[113.5391911,22.7911265],[113.5392085,22.7912745],[113.5392203,22.791475],[113.5392217,22.7916841],[113.5392137,22.7918549],[113.5391962,22.7920119],[113.5391673,22.7921772],[113.5391172,22.7923753],[113.5390586,22.7925482],[113.5389874,22.792742]],[[113.5389874,22.792742],[113.5389208,22.7928804],[113.5388649,22.7929898],[113.5387892,22.7931267],[113.5387383,22.793211],[113.5386548,22.7933424],[113.5385805,22.7934438],[113.5385026,22.7935354],[113.5384251,22.7936137],[113.5383475,22.793692],[113.5381331,22.7938896],[113.5378848,22.7940776],[113.5376774,22.7942061],[113.5375558,22.7942715],[113.5374431,22.7943234],[113.5373435,22.7943655],[113.5372161,22.7944129],[113.5370837,22.7944592],[113.5369333,22.7945083],[113.5367804,22.7945491],[113.5366125,22.7945878],[113.5361097,22.7946921]],[[113.5361097,22.7946921],[113.5360265,22.7947087],[113.5342879,22.7950397],[113.5340588,22.7950848]],[[113.5340588,22.7950848],[113.5336621,22.7951621],[113.5332439,22.7952445],[113.5330674,22.7952774],[113.532707,22.7953444],[113.5321498,22.7954502],[113.5316101,22.7955508],[113.5310376,22.7956574],[113.5302496,22.7958069],[113.5295558,22.7959375],[113.5288585,22.7960692],[113.5281794,22.7962009],[113.5275138,22.7963232],[113.5265615,22.796504],[113.5259617,22.796619],[113.5256034,22.7966922],[113.5254164,22.7967277],[113.5252134,22.7967685],[113.5250275,22.7968061],[113.5248393,22.7968406],[113.5246273,22.7968803],[113.5244708,22.7969085],[113.5242418,22.7969503],[113.5240241,22.7969932],[113.5237939,22.7970371],[113.5233642,22.7971186],[113.5231522,22.7971615],[113.5230001,22.7971967],[113.5228427,22.7972399],[113.5226896,22.797289],[113.5225876,22.7973266],[113.5224255,22.7973977],[113.5222248,22.7975001],[113.5220491,22.7976025],[113.5219448,22.7976705],[113.5218087,22.7977719],[113.5216783,22.7978816],[113.5215797,22.7979788],[113.5214878,22.798075],[113.5214289,22.7981419],[113.5213461,22.7982485],[113.5212713,22.7983488],[113.5211999,22.7984575],[113.5211477,22.7985411],[113.5210944,22.7986362],[113.5210434,22.7987408],[113.5209969,22.7988432],[113.520948,22.7989687],[113.520905,22.7991007],[113.5208803,22.799198],[113.5208386,22.7993901],[113.5208182,22.7995294],[113.5208087,22.7996686],[113.5208061,22.7997923],[113.5208074,22.7999087],[113.5208165,22.8000432],[113.5208282,22.8001717],[113.5208477,22.8002893],[113.5208751,22.8004118],[113.5208998,22.8005054],[113.5209272,22.8005907],[113.5209623,22.8006903],[113.5210014,22.8007876],[113.5210353,22.8008656],[113.5210887,22.8009785],[113.5211382,22.8010697],[113.5211824,22.801155],[113.5212658,22.8013098],[113.5214146,22.8015905],[113.52158,22.8018954],[113.5217727,22.802264],[113.521916,22.8025365],[113.5220938,22.8028735],[113.5224046,22.803446],[113.522589,22.8037858],[113.5226929,22.8039785],[113.5228003,22.8041819],[113.5228832,22.8043401],[113.5229766,22.8045166],[113.5230386,22.8046409],[113.5230641,22.804692],[113.5231494,22.8048707],[113.5232241,22.8050526],[113.5233128,22.8052624],[113.5233759,22.8054185],[113.5234459,22.8056068],[113.5235066,22.8057736],[113.5235872,22.8060072],[113.5237121,22.8064237],[113.5238008,22.8067315],[113.5238861,22.8070414],[113.5239888,22.8074009],[113.5240799,22.8077507],[113.5241324,22.8079702],[113.5241616,22.8081101],[113.5241803,22.8082253],[113.5241913,22.8083095],[113.5242024,22.8084222],[113.5242153,22.8085793],[113.5242211,22.8087236],[113.5242258,22.8088839],[113.5242242,22.8090706],[113.5242082,22.8092598],[113.5241852,22.8094588],[113.5241552,22.8096545],[113.5241055,22.8099194],[113.5240454,22.8101651],[113.5239905,22.8103848],[113.5238813,22.8108242],[113.5237893,22.8111945],[113.5237167,22.8114848],[113.5236264,22.8118388],[113.5235486,22.8121487],[113.5234743,22.8124326],[113.5233929,22.812749],[113.5233327,22.8129725],[113.5232849,22.8131666],[113.5232283,22.8133884],[113.523177,22.8135891],[113.5231115,22.8138435],[113.5230584,22.8140327],[113.5229982,22.8142219],[113.5229239,22.8144258],[113.5228496,22.8146281],[113.5227682,22.8148222],[113.5226939,22.8149918],[113.5226089,22.8151713],[113.5225151,22.8153605],[113.5224001,22.8155807],[113.5222816,22.815796],[113.5221577,22.8160113],[113.5220409,22.8161924],[113.5219259,22.8163636],[113.5217949,22.8165496],[113.521664,22.8167323],[113.5215436,22.8168905],[113.5214392,22.8170193],[113.5213118,22.817171],[113.5211738,22.8173293],[113.5210481,22.8174663],[113.5209278,22.8175968],[113.5208075,22.8177224],[113.5204606,22.8180877],[113.5199935,22.8185901],[113.5197333,22.8188772],[113.5195811,22.8190599],[113.519459,22.8192181],[113.5193405,22.8193714],[113.5192432,22.8195117],[113.5191281,22.8196895],[113.5190273,22.8198542],[113.5189317,22.8200141],[113.5188238,22.8201951],[113.5187229,22.8203843],[113.5185318,22.8207529],[113.5183194,22.8211705],[113.5180929,22.8216125],[113.517916,22.8219453],[113.5178098,22.8221524],[113.5177036,22.8223563],[113.5175473,22.8226692],[113.5174691,22.8228198],[113.517336,22.823062],[113.5172204,22.8232643],[113.5171025,22.8234472],[113.5169449,22.8236646],[113.5168176,22.8238228],[113.516681,22.8239788],[113.5165748,22.8240896],[113.5164721,22.8241951],[113.5163506,22.8243178],[113.5162409,22.8244243],[113.5161171,22.8245448],[113.5159875,22.8246718],[113.5158533,22.8248031],[113.5155404,22.8250872],[113.5153186,22.8252991],[113.5151505,22.8254638],[113.5150115,22.8256015],[113.5148843,22.8257393],[113.5147885,22.825849],[113.5146916,22.8259695],[113.5146064,22.8260804],[113.5145235,22.8261966],[113.5144184,22.8263526],[113.5143145,22.8265186],[113.5141569,22.8267553],[113.513952,22.8270592],[113.5138732,22.8271761],[113.5136079,22.8275818],[113.5133595,22.8279616],[113.5132632,22.8281097],[113.5131622,22.828265],[113.5129614,22.828562],[113.5127571,22.8288795],[113.512638,22.8290559],[113.5125186,22.8292187],[113.5124339,22.8293281],[113.5123137,22.8294686],[113.5121628,22.829639],[113.5120519,22.8297597],[113.5118886,22.8299202],[113.5117083,22.8300891],[113.5114279,22.8303589],[113.5111275,22.83064],[113.5108903,22.8308672],[113.5107655,22.830985],[113.510556,22.8311852],[113.5104158,22.8313187],[113.5103126,22.8314195],[113.5101401,22.8315799],[113.5098674,22.8318383],[113.5094653,22.8322189],[113.5091403,22.8325326],[113.5088845,22.8327783],[113.5086924,22.8329736],[113.5085687,22.833102],[113.5082381,22.8334735],[113.5081174,22.8336206],[113.5079714,22.8338155],[113.5076701,22.8342522],[113.5074028,22.8346436],[113.5069392,22.8353417],[113.5066968,22.8357021],[113.506403,22.8361604],[113.506196,22.8364751],[113.5060314,22.8367181],[113.5058916,22.8369187],[113.5057607,22.8370998],[113.5056067,22.8372955],[113.5055041,22.8374194],[113.505412,22.8375271],[113.505274,22.8376869],[113.5050761,22.8379216],[113.5048228,22.8382121],[113.5045077,22.8385887],[113.504169,22.8389933],[113.503974,22.8392149],[113.5037826,22.8394333],[113.5035315,22.8397099],[113.5034984,22.8397476],[113.5032478,22.8400326],[113.5028334,22.8405028],[113.502538,22.8408375],[113.502308,22.841114],[113.5020745,22.8413851],[113.501813,22.8416831],[113.5016238,22.8419005],[113.5014394,22.8421178],[113.5012304,22.8423599],[113.5010424,22.8425794],[113.5009187,22.842729],[113.5008019,22.8428635],[113.5005299,22.8431776],[113.5002334,22.8435209],[113.5,22.843786536471924]]]},"properties":{"key":"relation:5454434@detail:454_91","osmType":"relation","osmId":5454434,"sourceRegion":"guangzhou","featureType":"service","railClass":"metro","mode":"subway","name":"地铁 4号线：南沙客运港 -> 黄村","nameEn":"Metro Line 4:Nansha Passenger Port -> Huangcun","ref":"4","operator":"广州地铁集团有限公司","network":"广州地铁","status":"operational","color":"#00843D","sourceKey":"relation:5454434"}},{"type":"Feature","geometry":{"type":"MultiLineString","coordinates":[[[113.6548626,22.8907087],[113.6548023,22.8914673],[113.6547801,22.8917915],[113.654768,22.8925153],[113.6548558,22.8933387],[113.6549496,22.8941264],[113.6554616,22.8984333],[113.6554649,22.8984608],[113.6555885,22.8995517],[113.655695,22.9003172],[113.6558313,22.9011748],[113.6559557,22.9019113],[113.6564991,22.9048737],[113.6568043,22.9067277],[113.6569513,22.9078751],[113.657109,22.909393],[113.6571691,22.9108398],[113.6572088,22.9119625],[113.6571776,22.9146109],[113.6571347,22.9189585],[113.6571176,22.9212748],[113.6571176,22.9225318],[113.6571605,22.9229903],[113.6572088,22.9235204],[113.6572852,22.9240812],[113.6573571,22.9244717],[113.6574453,22.9248292],[113.657573,22.9252158],[113.6577275,22.9256252],[113.657985,22.9262329],[113.6586518,22.9275663],[113.6597652,22.929483],[113.6603907,22.9306658],[113.6606999,22.931333],[113.6619777,22.9341698],[113.6623149,22.9349109],[113.6625646,22.9353777],[113.6631268,22.9363855],[113.6639937,22.938002],[113.6647146,22.9392904],[113.6651266,22.9399899],[113.6655636,22.9406376],[113.6660836,22.9412546],[113.6669205,22.9421636],[113.6678131,22.9431318],[113.668507,22.9438765],[113.6698379,22.945305],[113.671006,22.9465819],[113.6714942,22.9471308],[113.6721862,22.9479453],[113.672993,22.9489333],[113.6742376,22.9505141],[113.6756141,22.9521496],[113.6765239,22.9531376],[113.6773532,22.95396],[113.6781944,22.9547741],[113.6792962,22.9557378],[113.6802146,22.9565044],[113.6811416,22.9572552],[113.6823518,22.9581325],[113.683356,22.9588833],[113.6837852,22.9592626],[113.6842572,22.959721],[113.6857749,22.9612507],[113.6879791,22.9635149],[113.6890122,22.9646208],[113.6896045,22.965261],[113.6902793,22.9658858],[113.6909316,22.9663283],[113.6916569,22.9666533],[113.6924251,22.9668815],[113.6932619,22.9670534],[113.7076225,22.9687386],[113.7087705,22.9689984],[113.7097629,22.9693155],[113.7113078,22.9699161],[113.7123925,22.9705473],[113.7133678,22.9711963],[113.7141917,22.9719392],[113.7156165,22.9733142],[113.7185723,22.9757945],[113.7196157,22.9767773],[113.721019,22.9781671],[113.7218423,22.9790313],[113.7226331,22.9797833],[113.7238594,22.9808671],[113.7250204,22.9819309],[113.7265963,22.9832588],[113.7282582,22.9844915],[113.7286919,22.9848234],[113.7298825,22.9857345],[113.7313797,22.986941],[113.7328662,22.98822],[113.7387266,22.9937647],[113.7393376,22.9944655],[113.7399467,22.9952259],[113.7405298,22.9959494],[113.7412721,22.9968707],[113.7421456,22.9979836],[113.7428514,22.9987935],[113.74388369211746,23.0]],[[113.6562886,22.8803297],[113.6561849,22.8807795],[113.6560443,22.8814739],[113.6558775,22.882302],[113.655769,22.883093],[113.6555974,22.8844682],[113.6554515,22.8859665],[113.6552887,22.8871876],[113.6551264,22.8884037],[113.6550388,22.8890878],[113.6548626,22.8907087]],[[113.656947,22.8775695],[113.6566989,22.8785328],[113.6564822,22.8794902],[113.6562886,22.8803297]],[[113.6665394,22.8622179],[113.6660124,22.8627211],[113.6655766,22.8632082],[113.66535,22.8634299],[113.6650465,22.8637263],[113.6646581,22.864179],[113.6643677,22.8645734],[113.6640941,22.8649485],[113.6622332,22.8675563],[113.6602998,22.8702936],[113.6596286,22.8712654],[113.659002,22.8721665],[113.6585467,22.8729223],[113.6581282,22.8737448],[113.6577607,22.8746128],[113.6575153,22.8753973],[113.6572778,22.8762847],[113.656947,22.8775695]]]},"properties":{"key":"relation:6502861@detail:454_91","osmType":"relation","osmId":6502861,"sourceRegion":"guangzhou","featureType":"service","railClass":"metro","mode":"subway","name":"地铁 2号线：东莞火车站 → 虎门火车站","nameEn":"Metro Line 2: Dongguan Railway Station → Humen Railway Station","ref":"2","operator":"东莞市轨道交通有限公司","network":"东莞轨道交通","status":"operational","color":"#ED1C24","sourceKey":"relation:6502861"}},{"type":"Feature","geometry":{"type":"MultiLineString","coordinates":[[[113.6666046,22.8622752],[113.6660795,22.8627766],[113.6656439,22.8632634],[113.6654157,22.8634866],[113.6651143,22.863781],[113.6647293,22.8642298],[113.6644403,22.8646222],[113.664167,22.8649969],[113.6623064,22.8676043],[113.6603733,22.8703412],[113.6597022,22.8713128],[113.6590767,22.8722123],[113.6586236,22.8729645],[113.658207,22.8737832],[113.6578415,22.8746466],[113.6575973,22.8754271],[113.6573602,22.8763131],[113.6570276,22.8775871]],[[113.6570276,22.8775871],[113.6567798,22.8785494],[113.6565633,22.8795059],[113.6563697,22.8803456]],[[113.6563697,22.8803456],[113.6562662,22.8807944],[113.6561258,22.8814878],[113.6559594,22.8823138],[113.6558513,22.8831021],[113.6556799,22.884476],[113.6555339,22.8859746],[113.655371,22.8871969],[113.6552087,22.8884128],[113.6551212,22.8890961],[113.6549452,22.8907153]],[[113.6549452,22.8907153],[113.654885,22.8914725],[113.6548629,22.8917945],[113.6548509,22.8925121],[113.6549382,22.8933308],[113.655032,22.8941181],[113.655544,22.898425],[113.6555473,22.8984526],[113.6556708,22.8995429],[113.6557771,22.9003068],[113.6559132,22.9011634],[113.6560375,22.901899],[113.6565809,22.9048614],[113.6568825,22.9067201],[113.6570338,22.9078675],[113.6571917,22.9093879],[113.6572519,22.9108371],[113.6572917,22.9119617],[113.6572605,22.9146117],[113.6572176,22.9189591],[113.6572005,22.9212751],[113.6572005,22.9225285],[113.6572431,22.9229838],[113.6572912,22.9235125],[113.6573672,22.9240701],[113.6574384,22.9244569],[113.6575255,22.9248096],[113.6576518,22.9251922],[113.6578053,22.9255988],[113.6580613,22.926203],[113.6587259,22.927532],[113.6598393,22.9294487],[113.6604661,22.9306341],[113.6607763,22.9313034],[113.6620542,22.9341404],[113.6623904,22.9348793],[113.6626386,22.9353434],[113.6632008,22.9363512],[113.6640677,22.9379676],[113.6647879,22.9392547],[113.6651983,22.9399515],[113.6656317,22.9405939],[113.666148,22.9412065],[113.6669837,22.9421142],[113.6678761,22.9430823],[113.6685693,22.9438263],[113.669901,22.9452556],[113.6710698,22.9465331],[113.6715589,22.9470831],[113.672252,22.9478988],[113.6730597,22.948888],[113.6743045,22.950469],[113.6756778,22.9521008],[113.6765859,22.9530869],[113.6774136,22.9539077],[113.678253,22.9547201],[113.6793526,22.9556819],[113.6802698,22.9564475],[113.6811946,22.9571965],[113.6824036,22.9580729],[113.6834109,22.9588261],[113.683844,22.9592088],[113.6843179,22.959669],[113.6858364,22.9611995],[113.6880414,22.9634645],[113.6890752,22.9645712],[113.6896655,22.9652093],[113.6903336,22.9658278],[113.6909747,22.9662627],[113.6916879,22.9665823],[113.6924469,22.9668078],[113.6932762,22.9669782],[113.7076377,22.9686635],[113.708794,22.9689251],[113.7097926,22.9692442],[113.7113463,22.9698482],[113.712439,22.9704841],[113.7134214,22.9711378],[113.7142507,22.9718856],[113.7156745,22.9732596],[113.7186299,22.9757396],[113.7196757,22.9767246],[113.7210805,22.978116],[113.7219033,22.9789796],[113.7226916,22.9797292],[113.7239173,22.9808125],[113.7250776,22.9818757],[113.7266503,22.9832009],[113.7283107,22.9844325],[113.7287449,22.9847647],[113.7299363,22.9856764],[113.7314353,22.9868844],[113.7329242,22.9881655],[113.7387888,22.9937141],[113.7394033,22.994419],[113.7400133,22.9951805],[113.7405964,22.995904],[113.741339,22.9968256],[113.7422116,22.9979374],[113.7429163,22.998746],[113.7439674,22.9999746],[113.74399068431593,23.0]]]},"properties":{"key":"relation:7986214@detail:454_91","osmType":"relation","osmId":7986214,"sourceRegion":"guangzhou","featureType":"service","railClass":"metro","mode":"subway","name":"地铁 2号线：虎门火车站 → 东莞火车站","nameEn":"Metro Line 2: Humen Railway Station → Dongguan Railway Station","ref":"2","operator":"东莞市轨道交通有限公司","network":"东莞轨道交通","status":"operational","color":"#ED1C24","sourceKey":"relation:7986214"}},{"type":"Feature","geometry":{"type":"MultiLineString","coordinates":[[[113.5,22.843719722354265],[113.5012056,22.8423353],[113.5018081,22.8416354],[113.5021372,22.841257],[113.5025299,22.8408005],[113.5029233,22.8403626],[113.5032402,22.83999],[113.5034703,22.8397297],[113.5037962,22.8393609],[113.5041506,22.8389501],[113.5044722,22.8385658],[113.5048268,22.838142],[113.5051993,22.8377041],[113.5053168,22.8375702],[113.5054571,22.8374044],[113.5055419,22.8373007],[113.505662,22.83715],[113.5057746,22.8370082],[113.5058685,22.8368812],[113.5059842,22.8367188],[113.5061116,22.8365292],[113.506248,22.8363196],[113.5063419,22.8361762],[113.5064409,22.8360266],[113.5065439,22.8358637],[113.5066357,22.8357256],[113.5067233,22.8355861],[113.5068205,22.8354392],[113.5069097,22.8353101],[113.5069973,22.8351811],[113.5071204,22.8350008],[113.507221,22.8348494],[113.5073518,22.8346491],[113.5075044,22.8344156],[113.5076448,22.8342152],[113.5077511,22.8340592],[113.5078247,22.833955],[113.5079377,22.833796],[113.5080845,22.83361],[113.5082277,22.8334344],[113.5084388,22.8331963],[113.508596,22.8330239],[113.508798,22.8328236],[113.5089832,22.8326349],[113.5092385,22.8323903],[113.5095498,22.8320906],[113.509789,22.8318656],[113.5100497,22.8316163],[113.5102878,22.8313941],[113.5105287,22.8311653],[113.5109567,22.830749],[113.5113404,22.830387],[113.5116533,22.8300882],[113.511789,22.8299566],[113.511952,22.8297812],[113.5120825,22.8296259],[113.5122127,22.8294488],[113.5123772,22.8292224],[113.5125252,22.8290012],[113.5126798,22.8287536],[113.5127112,22.8287033],[113.5129242,22.8283816],[113.5131399,22.8280535],[113.513262,22.8278714],[113.5134928,22.8275262],[113.5137345,22.8271647],[113.5138395,22.8270027],[113.5139545,22.8268253],[113.5140888,22.8266224],[113.5141894,22.8264692],[113.5143058,22.8262979],[113.5144185,22.8261319],[113.5145052,22.8260082],[113.5146052,22.825878],[113.514727,22.8257306],[113.5148496,22.8255935],[113.5149838,22.8254625],[113.5151795,22.8252731],[113.5154738,22.8249813],[113.5155189,22.8249367],[113.5158067,22.8246675],[113.5160375,22.8244537],[113.5163399,22.8241646],[113.5165277,22.8239762],[113.5167027,22.8237943],[113.5168222,22.8236663],[113.5169883,22.8234696],[113.5171298,22.8232774],[113.5172178,22.8231497],[113.5173174,22.8229999],[113.5174262,22.8228173],[113.5174941,22.8226942],[113.517543,22.8225992],[113.5177435,22.8222113],[113.51793,22.8218513],[113.518092,22.8215383],[113.5182621,22.8212135],[113.5184002,22.8209361],[113.5186144,22.8205086],[113.5187712,22.8202102],[113.5189213,22.8199472],[113.5190903,22.8196703],[113.5192429,22.8194469],[113.5193652,22.8192768],[113.5195173,22.8190727],[113.519604,22.8189655],[113.5196979,22.8188551],[113.5198468,22.8186827],[113.5200021,22.8185123],[113.5201449,22.8183633],[113.5203794,22.8181188],[113.5206184,22.8178578],[113.5208577,22.8176072],[113.5210249,22.8174344],[113.5211743,22.81727],[113.5213207,22.8171007],[113.5214275,22.816972],[113.5215895,22.8167676],[113.5217721,22.8165229],[113.5219061,22.81633],[113.522001,22.816186],[113.5221367,22.8159713],[113.5222871,22.8157126],[113.5223951,22.8155073],[113.5224984,22.8153094],[113.5226026,22.8151024],[113.5227324,22.8148164],[113.5228536,22.8145101],[113.5229572,22.8142337],[113.5230226,22.8140254],[113.5230581,22.8139038],[113.5231377,22.813599],[113.5232503,22.8131539],[113.5233606,22.8127346],[113.5234206,22.8125025],[113.5235191,22.81212],[113.523591,22.8118229],[113.523708,22.811369],[113.5238137,22.8109365],[113.5239163,22.8105333],[113.5239653,22.8103405],[113.5240366,22.8100649],[113.5240813,22.8098543],[113.524113,22.8096941],[113.5241385,22.80953],[113.5241623,22.809327],[113.5241819,22.8091145],[113.5241885,22.8089229],[113.5241867,22.8087893],[113.5241797,22.8086071],[113.5241603,22.8083991],[113.524149,22.8083022],[113.5241318,22.8081849],[113.5241004,22.8080043],[113.5240458,22.8077621],[113.5239884,22.807545],[113.5238979,22.8072116],[113.5238568,22.8070645],[113.5237902,22.806838],[113.5237006,22.8065283],[113.5236208,22.806272],[113.5235473,22.8060277],[113.52346,22.8057655],[113.523388,22.8055686],[113.5233006,22.8053433],[113.5231891,22.8050676],[113.5230943,22.8048527],[113.5229997,22.8046584],[113.5228631,22.8043878],[113.5226167,22.803914],[113.5223678,22.8034628],[113.52214,22.8030498],[113.5218652,22.8025366],[113.5216239,22.802087],[113.5214027,22.8016746],[113.5212314,22.8013558],[113.5211099,22.8011208],[113.5210096,22.80092],[113.5209316,22.8007262],[113.5209005,22.8006402],[113.5208524,22.8004935],[113.5208254,22.8003811],[113.5208016,22.800273],[113.520783,22.8001477],[113.5207705,22.8000031],[113.5207642,22.7998437],[113.5207661,22.7997023],[113.5207711,22.7995969],[113.5207839,22.7994663],[113.5208128,22.799314],[113.5208482,22.7991632],[113.5208837,22.7990506],[113.5209247,22.7989307],[113.5209714,22.7988129],[113.5210297,22.7986778],[113.5211271,22.7985061],[113.5212093,22.7983708],[113.5213256,22.7982112],[113.5214068,22.7981066],[113.5215487,22.7979508],[113.5216865,22.7978312],[113.5218109,22.7977284],[113.5219522,22.7976173],[113.5221193,22.7975145],[113.5222992,22.7974132],[113.5224974,22.7973161],[113.5227038,22.7972391],[113.5229283,22.7971737],[113.5232514,22.7971026],[113.5238081,22.7969926],[113.5243936,22.7968851],[113.524787,22.7968138],[113.5250759,22.7967606],[113.5253949,22.7966987],[113.5273861,22.7963158],[113.5288233,22.7960422],[113.5303573,22.7957527],[113.5321644,22.7954111],[113.5324339,22.7953592],[113.5331057,22.7952299],[113.533655,22.7951246],[113.5340526,22.7950483]],[[113.5340526,22.7950483],[113.5346597,22.7949319],[113.5353443,22.7948006],[113.5359968,22.7946738],[113.5361017,22.7946528]],[[113.5361017,22.7946528],[113.5365832,22.7945517],[113.5366907,22.7945258],[113.536803,22.7944969],[113.5369429,22.7944569],[113.5370714,22.794412],[113.537278,22.7943296],[113.5374019,22.7942708],[113.5375127,22.7942106],[113.537614,22.7941495],[113.5377103,22.7940839],[113.537965,22.793901],[113.5381924,22.7936949],[113.5383842,22.7934927],[113.5384616,22.7933984],[113.538532,22.7933008],[113.5386103,22.7931753],[113.538678,22.7930499],[113.5387953,22.7928193],[113.5388593,22.7926926]],[[113.5388593,22.7926926],[113.5389169,22.7925424],[113.5389697,22.7923947],[113.5390023,22.7922771],[113.5390258,22.7921743],[113.5390588,22.7919513],[113.5390734,22.7917461],[113.5390746,22.7915667],[113.5390629,22.7913866],[113.5390416,22.7912139],[113.5390056,22.7909994],[113.5389567,22.7907492],[113.5387585,22.7898144],[113.5387051,22.7895626],[113.5384764,22.7885369],[113.5384263,22.7883422],[113.5383752,22.78817]],[[113.5383752,22.78817],[113.5383247,22.7880158],[113.5382683,22.7878678],[113.5381971,22.7877104],[113.538116,22.7875463],[113.5380425,22.7874135],[113.5379507,22.7872633],[113.5378502,22.7871005],[113.5377434,22.7869358],[113.5376731,22.7868346],[113.5376067,22.7867429],[113.5375106,22.78661],[113.5374239,22.7864937],[113.537287,22.7863183],[113.5371423,22.7861405],[113.5369862,22.7859604],[113.5368465,22.7858028],[113.536738,22.7856851],[113.536633,22.7855757],[113.5365495,22.7854922],[113.5364038,22.78535],[113.5362664,22.7852222],[113.5361089,22.7850788],[113.5359777,22.7849599],[113.5358301,22.7848302],[113.5354522,22.7845081],[113.5350585,22.7841725],[113.5346891,22.7838571],[113.5342307,22.7834771],[113.5339149,22.7832053],[113.5336845,22.7829941],[113.5334868,22.7828021],[113.5333063,22.78261],[113.5331175,22.7823968],[113.5329653,22.7822106],[113.5328175,22.7820039],[113.5327323,22.7818657],[113.5326496,22.7817207],[113.5325811,22.7815743],[113.5325155,22.7813955],[113.5324611,22.7812038],[113.5324305,22.7810724],[113.5323999,22.7809251],[113.5323763,22.7807744],[113.5323552,22.7806012],[113.5323388,22.7803565],[113.5323278,22.7801722],[113.5323216,22.7799902],[113.5323183,22.7798281],[113.5323224,22.7796729],[113.5323349,22.7794432],[113.5323573,22.7791999],[113.5323903,22.7789225],[113.5324281,22.7787196],[113.5324768,22.7785041],[113.5325199,22.7783536],[113.5325972,22.7781177],[113.5326882,22.7778834],[113.532789,22.7776689],[113.5328926,22.7774762],[113.5330063,22.7772885],[113.5331003,22.7771636],[113.5332153,22.777044],[113.5333339,22.776936],[113.5334619,22.7768235],[113.533658,22.7766699],[113.5338785,22.7765074],[113.5356651,22.7752051],[113.5358295,22.7750852],[113.536325,22.7747235],[113.5393087,22.7725039],[113.5395275,22.7723399],[113.5397106,22.7722],[113.5398873,22.7720546],[113.5400833,22.7718857],[113.5403227,22.771671],[113.5405617,22.7714552],[113.5407703,22.7712653],[113.5497085,22.7630178],[113.5501549,22.7626005],[113.5507651,22.7620412],[113.5511857,22.7616619],[113.5516917,22.7612057],[113.5519448,22.7609878],[113.5521941,22.76078],[113.5524359,22.7605837],[113.5527153,22.7603658],[113.5530064,22.7601442],[113.553337,22.7599053],[113.5536973,22.7596588],[113.5539634,22.7594844],[113.5549491,22.758872],[113.5555678,22.7585045],[113.5559241,22.7582997],[113.5561102,22.7582012],[113.5563028,22.7581066],[113.5564297,22.7580504],[113.556569,22.7579914],[113.5567441,22.7579227],[113.5570179,22.7578239],[113.5573649,22.757706],[113.5576948,22.7576071],[113.5579177,22.7575469],[113.5582399,22.7574676],[113.5585759,22.7573927],[113.5589954,22.7573087],[113.5594869,22.7572164],[113.5601267,22.7571],[113.5608134,22.7569908],[113.5614574,22.7568908],[113.5622081,22.7567806],[113.56282,22.7566937],[113.5633715,22.7566174],[113.5639839,22.7565352],[113.5645718,22.7564546],[113.5651023,22.7563892],[113.5656062,22.7563298],[113.5661074,22.7562694],[113.5665388,22.7562185],[113.5670005,22.7561623],[113.5678165,22.7560665],[113.5683209,22.7560073],[113.5695175,22.7558594],[113.5702611,22.7557689],[113.5707009,22.7557108],[113.5710426,22.755662],[113.5714136,22.7555968],[113.5717421,22.7555313],[113.5720678,22.7554595],[113.5723774,22.7553809],[113.5726185,22.7553143],[113.5727959,22.7552593],[113.5730043,22.7551892],[113.5732876,22.7550848],[113.5735723,22.7549711],[113.5739579,22.7548033],[113.5743986,22.7546033],[113.5746476,22.7544828],[113.5749272,22.7543365],[113.5751744,22.7541971],[113.5780243,22.7524755],[113.578337,22.7522874],[113.578622,22.7521206],[113.5788698,22.7519836],[113.5790711,22.751879],[113.5792764,22.7517789],[113.579485,22.7516826],[113.5797049,22.751586],[113.5799494,22.751489],[113.5801411,22.7514177],[113.5803262,22.7513554],[113.5805322,22.7512964],[113.5807405,22.7512423],[113.5809462,22.7511962],[113.5811507,22.7511575],[113.5813076,22.7511323],[113.5814594,22.7511095],[113.5817631,22.7510742],[113.5820472,22.7510441],[113.5823255,22.7510184],[113.5825181,22.7510047],[113.5827096,22.7509945],[113.5830116,22.7509827],[113.5835075,22.7509679],[113.5842129,22.7509433],[113.5847171,22.7509271],[113.5854766,22.7509088],[113.5861344,22.7508878],[113.5866701,22.7508708],[113.5871078,22.7508555],[113.587516,22.7508472],[113.5880258,22.7508395],[113.5890368,22.750834],[113.5896321,22.7508288],[113.5902543,22.7508234],[113.5909364,22.7508242],[113.5921081,22.7508224],[113.5925808,22.7508234],[113.5928988,22.7508249],[113.5931702,22.750829],[113.5933742,22.7508359],[113.5935783,22.7508497],[113.5937904,22.7508678],[113.5940039,22.7508911],[113.5941361,22.7509092],[113.5942538,22.7509269],[113.5944088,22.7509536],[113.594546,22.7509822],[113.5946959,22.7510185],[113.5948201,22.7510551],[113.5949641,22.7511049],[113.5950993,22.751157],[113.5953042,22.7512471],[113.5953995,22.7512932],[113.5954938,22.7513455],[113.5955986,22.7514148],[113.5956864,22.7514848],[113.5957514,22.7515436],[113.5958724,22.7516771],[113.5959863,22.7518219],[113.5960822,22.7519628],[113.5961396,22.7520651],[113.5961889,22.7521606],[113.5962415,22.7522806],[113.5962949,22.7524165],[113.5963506,22.752609],[113.5964158,22.7528487],[113.5964617,22.7530518],[113.5965216,22.7533566],[113.5965681,22.7536096],[113.5966177,22.7538722],[113.5966574,22.7540847],[113.5966973,22.7543024],[113.5967363,22.7545196],[113.5967677,22.7547059],[113.5968153,22.7550126],[113.59687,22.7553525],[113.5968993,22.7555727],[113.596931,22.7558207],[113.5969648,22.7561033],[113.5969994,22.7563591],[113.5971257,22.7572644],[113.5972116,22.757866],[113.5972523,22.75814],[113.5972989,22.7584285],[113.5973499,22.7587101],[113.5976321,22.760148],[113.5979103,22.7615872],[113.5979812,22.7619388],[113.5980124,22.7620901],[113.5980314,22.7621821],[113.5980504,22.7622722],[113.5980792,22.7623966],[113.5981048,22.7624963],[113.5981297,22.7625868],[113.5981444,22.7626369],[113.5981592,22.7626835],[113.5981855,22.7627609],[113.5982175,22.7628411],[113.5982418,22.7628936],[113.5982911,22.7629911],[113.5983412,22.7630784],[113.5984109,22.7631783],[113.5984882,22.7632815],[113.5985575,22.7633669],[113.5986335,22.7634554],[113.5987037,22.7635281],[113.5987983,22.763625],[113.5989034,22.7637234],[113.5990087,22.7638175],[113.5991228,22.7639216],[113.5992158,22.7640042],[113.5993088,22.764085],[113.6000849,22.7647544],[113.6003662,22.7650018]],[[113.6003662,22.7650018],[113.6042281,22.7683979],[113.6042934,22.7684557],[113.6049499,22.7690366]]]},"properties":{"key":"relation:9607953@detail:454_91","osmType":"relation","osmId":9607953,"sourceRegion":"guangzhou","featureType":"service","railClass":"metro","mode":"subway","name":"地铁 4号线：黄村 -> 南沙客运港","nameEn":"Metro Line 4:Huangcun -> Nansha Passenger Port","ref":"4","operator":"广州地铁集团有限公司","network":"广州地铁","status":"operational","color":"#00843D","sourceKey":"relation:9607953"}},{"type":"Feature","geometry":{"type":"MultiLineString","coordinates":[[[113.5067199,22.7552687],[113.5061211,22.7568757],[113.5061813,22.7568948],[113.5067803,22.7552877],[113.5067199,22.7552687]],[[113.50877021186898,22.75],[113.5087094,22.7501637],[113.5083229,22.7512001],[113.5072156,22.7541689],[113.5068777,22.755075],[113.5064966,22.7560966],[113.5061733,22.7569634],[113.506076,22.7572254],[113.5059783,22.757495],[113.5058899,22.7577302],[113.505799,22.7579739],[113.505716,22.7581935],[113.5056039,22.7584869],[113.5052766,22.7593494],[113.5051532,22.7596495],[113.5050211,22.7599564],[113.5049018,22.7602264],[113.5047283,22.760606],[113.504547,22.7609892],[113.5043383,22.7614166],[113.5041062,22.7618636],[113.5038652,22.7622962],[113.5036727,22.7626151],[113.5034824,22.7629128],[113.5032729,22.7632395],[113.5030614,22.7635434],[113.5028686,22.7638055],[113.5026528,22.7640826],[113.502401,22.7643741],[113.5021115,22.7646629],[113.5017251,22.7650006],[113.501348,22.7652896],[113.5009345,22.7655779],[113.5004795,22.7658645],[113.5000748,22.7660826],[113.5,22.766118658091283]]]},"properties":{"key":"relation:13239400@detail:454_91","osmType":"relation","osmId":13239400,"sourceRegion":"guangzhou","featureType":"service","railClass":"metro","mode":"subway","name":"地铁 18号线快车：万顷沙 -> 冼村","nameEn":"Subway Line 18 Express:Wanqingsha -> Xiancun","ref":"18","operator":"广东城际铁路运营有限公司","network":"广州地铁","status":"operational","color":"#0047BA","sourceKey":"relation:13239400"}},{"type":"Feature","geometry":{"type":"MultiLineString","coordinates":[[[113.5066596,22.7552496],[113.5060608,22.7568566],[113.5061211,22.7568757],[113.5067199,22.7552687],[113.5066596,22.7552496]],[[113.5,22.76594537167506],[113.5000121,22.7659395],[113.500389,22.765735],[113.5008532,22.7654542],[113.5012714,22.7651565],[113.5016068,22.764896],[113.5020029,22.7645483],[113.5022808,22.7642752],[113.5025226,22.7639938],[113.50273,22.7637308],[113.5029134,22.7634807],[113.5031404,22.7631494],[113.5033505,22.762832],[113.5035248,22.7625536],[113.5037131,22.7622374],[113.5039628,22.7617893],[113.50418,22.7613689],[113.504379,22.7609556],[113.5045643,22.7605557],[113.504741,22.7601714],[113.5048634,22.7599],[113.504992,22.7595957],[113.5051077,22.7593032],[113.5054492,22.7584289],[113.5055134,22.7582641],[113.5055722,22.7581131],[113.5056981,22.7577833],[113.5058226,22.7574508],[113.5059196,22.7571886],[113.5060198,22.7569196],[113.5063448,22.7560481],[113.5067263,22.7550256],[113.507064,22.7541202],[113.5081706,22.7511531],[113.5085603,22.7501081],[113.50860077176493,22.75]]]},"properties":{"key":"relation:13239401@detail:454_91","osmType":"relation","osmId":13239401,"sourceRegion":"guangzhou","featureType":"service","railClass":"metro","mode":"subway","name":"地铁 18号线：冼村 -> 万顷沙","nameEn":"Subway Line 18:Wanqingsha -> Xiancun","ref":"18","operator":"广东城际铁路运营有限公司","network":"广州地铁","status":"operational","color":"#0047BA","sourceKey":"relation:13239401"}},{"type":"Feature","geometry":{"type":"MultiLineString","coordinates":[[[113.5066596,22.7552496],[113.5060608,22.7568566],[113.5061211,22.7568757],[113.5067199,22.7552687],[113.5066596,22.7552496]],[[113.5,22.76594537167506],[113.5000121,22.7659395],[113.500389,22.765735],[113.5008532,22.7654542],[113.5012714,22.7651565],[113.5016068,22.764896],[113.5020029,22.7645483],[113.5022808,22.7642752],[113.5025226,22.7639938],[113.50273,22.7637308],[113.5029134,22.7634807],[113.5031404,22.7631494],[113.5033505,22.762832],[113.5035248,22.7625536],[113.5037131,22.7622374],[113.5039628,22.7617893],[113.50418,22.7613689],[113.504379,22.7609556],[113.5045643,22.7605557],[113.504741,22.7601714],[113.5048634,22.7599],[113.504992,22.7595957],[113.5051077,22.7593032],[113.5054492,22.7584289],[113.5055134,22.7582641],[113.5055722,22.7581131],[113.5056981,22.7577833],[113.5058226,22.7574508],[113.5059196,22.7571886],[113.5060198,22.7569196],[113.5063448,22.7560481],[113.5067263,22.7550256],[113.507064,22.7541202],[113.5081706,22.7511531],[113.5085603,22.7501081],[113.50860077176493,22.75]]]},"properties":{"key":"relation:13239410@detail:454_91","osmType":"relation","osmId":13239410,"sourceRegion":"guangzhou","featureType":"service","railClass":"metro","mode":"subway","name":"地铁 18号线快车：冼村 -> 万顷沙","nameEn":"Subway Line 18 Express:Xiancun -> Wanqingsha","ref":"18","operator":"广东城际铁路运营有限公司","network":"广州地铁","status":"operational","color":"#0047BA","sourceKey":"relation:13239410"}},{"type":"Feature","geometry":{"type":"MultiLineString","coordinates":[[[113.5067199,22.7552687],[113.5061211,22.7568757],[113.5061813,22.7568948],[113.5067803,22.7552877],[113.5067199,22.7552687]],[[113.50877021186898,22.75],[113.5087094,22.7501637],[113.5083229,22.7512001],[113.5072156,22.7541689],[113.5068777,22.755075],[113.5064966,22.7560966],[113.5061733,22.7569634],[113.506076,22.7572254],[113.5059783,22.757495],[113.5058899,22.7577302],[113.505799,22.7579739],[113.505716,22.7581935],[113.5056039,22.7584869],[113.5052766,22.7593494],[113.5051532,22.7596495],[113.5050211,22.7599564],[113.5049018,22.7602264],[113.5047283,22.760606],[113.504547,22.7609892],[113.5043383,22.7614166],[113.5041062,22.7618636],[113.5038652,22.7622962],[113.5036727,22.7626151],[113.5034824,22.7629128],[113.5032729,22.7632395],[113.5030614,22.7635434],[113.5028686,22.7638055],[113.5026528,22.7640826],[113.502401,22.7643741],[113.5021115,22.7646629],[113.5017251,22.7650006],[113.501348,22.7652896],[113.5009345,22.7655779],[113.5004795,22.7658645],[113.5000748,22.7660826],[113.5,22.766118658091283]]]},"properties":{"key":"relation:13239411@detail:454_91","osmType":"relation","osmId":13239411,"sourceRegion":"guangzhou","featureType":"service","railClass":"metro","mode":"subway","name":"地铁 18号线：万顷沙 -> 冼村","nameEn":"Subway Line 18:Wanqingsha -> Xiancun","ref":"18","operator":"广东城际铁路运营有限公司","network":"广州地铁","status":"operational","color":"#0047BA","sourceKey":"relation:13239411"}},{"type":"Feature","geometry":{"type":"MultiLineString","coordinates":[[[113.6531628,22.9944294],[113.6531126,22.9943898],[113.6533264,22.9941604],[113.653299,22.9941387],[113.6542197,22.9931514],[113.6542507,22.9931759],[113.6544668,22.992944],[113.654513,22.9929805],[113.6531628,22.9944294]],[[113.7411707,22.9968737],[113.7412041,22.9969178],[113.7393626,22.9981013],[113.7393291,22.9980571],[113.7411707,22.9968737]],[[113.6947851,22.9877842],[113.6955463,22.9882938],[113.6962329,22.9887976],[113.696941,22.9893507],[113.6983143,22.9904075],[113.7008115,22.9924149],[113.7019192,22.9932223],[113.7029063,22.9939235],[113.7039899,22.9946149],[113.7048696,22.9950889],[113.7057709,22.9955531],[113.7067552,22.9959802],[113.7078281,22.9963358],[113.7097271,22.9968592],[113.711448,22.997358],[113.7131067,22.9980019],[113.7148426,22.9988265],[113.7167118805317,23.0]],[[113.73636563524984,23.0],[113.7386669,22.9984652],[113.7403909,22.9973677],[113.741168,22.9968634],[113.7463629,22.993603],[113.75,22.991272563780516]],[[113.6531338,22.994481],[113.6537983,22.9937696],[113.6555471,22.991867],[113.6560309,22.9913217],[113.656573,22.9908075],[113.6568932,22.9905371],[113.6573479,22.9901889],[113.6577609,22.9899161],[113.6582611,22.9895938],[113.6587868,22.989305],[113.6593166,22.9890815],[113.6598799,22.9888482],[113.6608642,22.9884815],[113.6645053,22.9871111],[113.6654817,22.9867457],[113.667107,22.9861333],[113.6679493,22.9858271],[113.6686654,22.985595],[113.669336,22.9854147],[113.6700897,22.9852419],[113.6708434,22.9851086],[113.6716642,22.9850073],[113.6724715,22.9849258],[113.6733077,22.9848012],[113.6748124,22.9847271],[113.6768774,22.9846086],[113.6791046,22.9845307],[113.6810811,22.9844171],[113.6825751,22.9843801],[113.6836641,22.9844097],[113.6851715,22.9845307],[113.6861425,22.9846493],[113.6870544,22.9848073],[113.6880307,22.984995],[113.6892163,22.9852913],[113.6902328,22.9856296],[113.6912896,22.9860345],[113.6921667,22.9863975],[113.6930518,22.9868024],[113.6939262,22.9872716],[113.6947851,22.9877842]],[[113.6531338,22.994481],[113.6517565,22.9959668],[113.6488305,22.9990295],[113.648518,22.999369],[113.648097,22.9997764],[113.64784696918205,23.0]]]},"properties":{"key":"relation:17638483@detail:454_91","osmType":"relation","osmId":17638483,"sourceRegion":"guangzhou","featureType":"service","railClass":"intercity","mode":"train","name":"广惠城际: 惠州北=>番禺","nameEn":"Guangzhou-Huizhou Intercity Railway: Huizhoubei => Panyu","operator":"广东城际","network":"珠三角城际","status":"operational","color":"#2C956F","sourceKey":"relation:17638483"}},{"type":"Feature","geometry":{"type":"MultiLineString","coordinates":[[[113.6532147,22.9944734],[113.6545647,22.9930248],[113.6546176,22.9930665],[113.6544021,22.9932976],[113.6544356,22.993324],[113.6535144,22.9943119],[113.6534826,22.9942868],[113.6532688,22.9945161],[113.6532147,22.9944734]],[[113.7412041,22.9969178],[113.7412374,22.9969616],[113.7393956,22.9981448],[113.7393626,22.9981013],[113.7412041,22.9969178]],[[113.64791727156626,23.0],[113.6481355,22.9998074],[113.6485454,22.9993879],[113.6488628,22.9990502],[113.6517004,22.9960792],[113.6531678,22.9945039]],[[113.6531678,22.9945039],[113.6538343,22.9937988],[113.6555704,22.9919023],[113.6560663,22.991325],[113.6565913,22.990844],[113.6569175,22.990563],[113.6573663,22.9902225],[113.6577735,22.9899481],[113.6582796,22.9896259],[113.6588095,22.9893445],[113.6593245,22.989116],[113.6599012,22.9888883],[113.6608716,22.988518],[113.6645334,22.9871516],[113.6655013,22.9867789],[113.6671345,22.986174],[113.6679863,22.9858658],[113.6686713,22.9856366],[113.6693262,22.9854595],[113.670107,22.9852773],[113.6708474,22.9851569],[113.6716685,22.9850485],[113.6724717,22.9849598],[113.6733118,22.9848501],[113.6748183,22.9847711],[113.6768727,22.9846452],[113.6790948,22.9845771],[113.6810941,22.9844636],[113.6825757,22.9844341],[113.6836622,22.9844588],[113.6851662,22.9845795],[113.6861341,22.9846978],[113.687044,22.9848554],[113.6880183,22.9850427],[113.6892002,22.9853381],[113.6902135,22.9856753],[113.6912684,22.9860795],[113.6921439,22.9864419],[113.6930265,22.9868456],[113.6938983,22.9873134],[113.6947549,22.9878246]],[[113.6947549,22.9878246],[113.695514,22.9883328],[113.696199,22.9888355],[113.6969067,22.9893882],[113.6982797,22.9904448],[113.7007774,22.9924526],[113.7018864,22.9932609],[113.7028748,22.9939631],[113.7039612,22.9946563],[113.7048431,22.9951315],[113.7057465,22.9955967],[113.7067348,22.9960256],[113.7078114,22.9963824],[113.7097115,22.9969061],[113.7114296,22.9974041],[113.7130841,22.9980464],[113.7148153,22.9988687],[113.71661732054487,23.0]],[[113.73651963024993,23.0],[113.7404699,22.9974625],[113.7463933,22.9936433],[113.75,22.991332321001376]]]},"properties":{"key":"relation:17638484@detail:454_91","osmType":"relation","osmId":17638484,"sourceRegion":"guangzhou","featureType":"service","railClass":"intercity","mode":"train","name":"广惠城际: 番禺=>惠州北","nameEn":"Guangzhou-Huizhou Intercity Railway: Panyu => Huizhoubei","operator":"广东城际","network":"珠三角城际","status":"operational","color":"#2C956F","sourceKey":"relation:17638484"}},{"type":"Feature","geometry":{"type":"MultiLineString","coordinates":[[[113.7411707,22.9968737],[113.7412041,22.9969178],[113.7393626,22.9981013],[113.7393291,22.9980571],[113.7411707,22.9968737]],[[113.6947851,22.9877842],[113.6955463,22.9882938],[113.6962329,22.9887976],[113.696941,22.9893507],[113.6983143,22.9904075],[113.7008115,22.9924149],[113.7019192,22.9932223],[113.7029063,22.9939235],[113.7039899,22.9946149],[113.7048696,22.9950889],[113.7057709,22.9955531],[113.7067552,22.9959802],[113.7078281,22.9963358],[113.7097271,22.9968592],[113.711448,22.997358],[113.7131067,22.9980019],[113.7148426,22.9988265],[113.7167118805317,23.0]],[[113.73636563524984,23.0],[113.7386669,22.9984652],[113.7403909,22.9973677],[113.741168,22.9968634],[113.7463629,22.993603],[113.75,22.991272563780516]],[[113.6531338,22.994481],[113.6537983,22.9937696],[113.6555471,22.991867],[113.6560309,22.9913217],[113.656573,22.9908075],[113.6568932,22.9905371],[113.6573479,22.9901889],[113.6577609,22.9899161],[113.6582611,22.9895938],[113.6587868,22.989305],[113.6593166,22.9890815],[113.6598799,22.9888482],[113.6608642,22.9884815],[113.6645053,22.9871111],[113.6654817,22.9867457],[113.667107,22.9861333],[113.6679493,22.9858271],[113.6686654,22.985595],[113.669336,22.9854147],[113.6700897,22.9852419],[113.6708434,22.9851086],[113.6716642,22.9850073],[113.6724715,22.9849258],[113.6733077,22.9848012],[113.6748124,22.9847271],[113.6768774,22.9846086],[113.6791046,22.9845307],[113.6810811,22.9844171],[113.6825751,22.9843801],[113.6836641,22.9844097],[113.6851715,22.9845307],[113.6861425,22.9846493],[113.6870544,22.9848073],[113.6880307,22.984995],[113.6892163,22.9852913],[113.6902328,22.9856296],[113.6912896,22.9860345],[113.6921667,22.9863975],[113.6930518,22.9868024],[113.6939262,22.9872716],[113.6947851,22.9877842]],[[113.6531338,22.994481],[113.6517565,22.9959668],[113.6488305,22.9990295],[113.648518,22.999369],[113.648097,22.9997764],[113.64784696918205,23.0]]]},"properties":{"key":"relation:17641021@detail:454_91","osmType":"relation","osmId":17641021,"sourceRegion":"guangzhou","featureType":"service","railClass":"intercity","mode":"train","name":"广惠城际快车: 惠州北=>番禺","nameEn":"Guangzhou-Huizhou Intercity Railway Express: Huizhoubei => Panyu","operator":"广东城际","network":"珠三角城际","status":"operational","color":"#2C956F","sourceKey":"relation:17641021"}},{"type":"Feature","geometry":{"type":"MultiLineString","coordinates":[[[113.7412041,22.9969178],[113.7412374,22.9969616],[113.7393956,22.9981448],[113.7393626,22.9981013],[113.7412041,22.9969178]],[[113.6947549,22.9878246],[113.695514,22.9883328],[113.696199,22.9888355],[113.6969067,22.9893882],[113.6982797,22.9904448],[113.7007774,22.9924526],[113.7018864,22.9932609],[113.7028748,22.9939631],[113.7039612,22.9946563],[113.7048431,22.9951315],[113.7057465,22.9955967],[113.7067348,22.9960256],[113.7078114,22.9963824],[113.7097115,22.9969061],[113.7114296,22.9974041],[113.7130841,22.9980464],[113.7148153,22.9988687],[113.71661732054487,23.0]],[[113.73651963024993,23.0],[113.7404699,22.9974625],[113.7463933,22.9936433],[113.75,22.991332321001376]],[[113.6531678,22.9945039],[113.6538343,22.9937988],[113.6555704,22.9919023],[113.6560663,22.991325],[113.6565913,22.990844],[113.6569175,22.990563],[113.6573663,22.9902225],[113.6577735,22.9899481],[113.6582796,22.9896259],[113.6588095,22.9893445],[113.6593245,22.989116],[113.6599012,22.9888883],[113.6608716,22.988518],[113.6645334,22.9871516],[113.6655013,22.9867789],[113.6671345,22.986174],[113.6679863,22.9858658],[113.6686713,22.9856366],[113.6693262,22.9854595],[113.670107,22.9852773],[113.6708474,22.9851569],[113.6716685,22.9850485],[113.6724717,22.9849598],[113.6733118,22.9848501],[113.6748183,22.9847711],[113.6768727,22.9846452],[113.6790948,22.9845771],[113.6810941,22.9844636],[113.6825757,22.9844341],[113.6836622,22.9844588],[113.6851662,22.9845795],[113.6861341,22.9846978],[113.687044,22.9848554],[113.6880183,22.9850427],[113.6892002,22.9853381],[113.6902135,22.9856753],[113.6912684,22.9860795],[113.6921439,22.9864419],[113.6930265,22.9868456],[113.6938983,22.9873134],[113.6947549,22.9878246]],[[113.64791727156626,23.0],[113.6481355,22.9998074],[113.6485454,22.9993879],[113.6488628,22.9990502],[113.6517004,22.9960792],[113.6531678,22.9945039]]]},"properties":{"key":"relation:17641022@detail:454_91","osmType":"relation","osmId":17641022,"sourceRegion":"guangzhou","featureType":"service","railClass":"intercity","mode":"train","name":"广肇-广惠城际快车: 肇庆=>惠州北","nameEn":"Guangzhao - Guanghui Intercity Railway Express:Zhaoqing => Huizhoubei","operator":"广东城际","network":"珠三角城际","status":"operational","color":"#2C956F","sourceKey":"relation:17641022"}},{"type":"Feature","geometry":{"type":"MultiLineString","coordinates":[[[113.7411707,22.9968737],[113.7412041,22.9969178],[113.7393626,22.9981013],[113.7393291,22.9980571],[113.7411707,22.9968737]],[[113.6947851,22.9877842],[113.6955463,22.9882938],[113.6962329,22.9887976],[113.696941,22.9893507],[113.6983143,22.9904075],[113.7008115,22.9924149],[113.7019192,22.9932223],[113.7029063,22.9939235],[113.7039899,22.9946149],[113.7048696,22.9950889],[113.7057709,22.9955531],[113.7067552,22.9959802],[113.7078281,22.9963358],[113.7097271,22.9968592],[113.711448,22.997358],[113.7131067,22.9980019],[113.7148426,22.9988265],[113.7167118805317,23.0]],[[113.73636563524984,23.0],[113.7386669,22.9984652],[113.7403909,22.9973677],[113.741168,22.9968634],[113.7463629,22.993603],[113.75,22.991272563780516]],[[113.6531338,22.994481],[113.6537983,22.9937696],[113.6555471,22.991867],[113.6560309,22.9913217],[113.656573,22.9908075],[113.6568932,22.9905371],[113.6573479,22.9901889],[113.6577609,22.9899161],[113.6582611,22.9895938],[113.6587868,22.989305],[113.6593166,22.9890815],[113.6598799,22.9888482],[113.6608642,22.9884815],[113.6645053,22.9871111],[113.6654817,22.9867457],[113.667107,22.9861333],[113.6679493,22.9858271],[113.6686654,22.985595],[113.669336,22.9854147],[113.6700897,22.9852419],[113.6708434,22.9851086],[113.6716642,22.9850073],[113.6724715,22.9849258],[113.6733077,22.9848012],[113.6748124,22.9847271],[113.6768774,22.9846086],[113.6791046,22.9845307],[113.6810811,22.9844171],[113.6825751,22.9843801],[113.6836641,22.9844097],[113.6851715,22.9845307],[113.6861425,22.9846493],[113.6870544,22.9848073],[113.6880307,22.984995],[113.6892163,22.9852913],[113.6902328,22.9856296],[113.6912896,22.9860345],[113.6921667,22.9863975],[113.6930518,22.9868024],[113.6939262,22.9872716],[113.6947851,22.9877842]],[[113.6531338,22.994481],[113.6517565,22.9959668],[113.6488305,22.9990295],[113.648518,22.999369],[113.648097,22.9997764],[113.64784696918205,23.0]]]},"properties":{"key":"relation:17641023@detail:454_91","osmType":"relation","osmId":17641023,"sourceRegion":"guangzhou","featureType":"service","railClass":"intercity","mode":"train","name":"广肇-广惠城际快车: 惠州北=>肇庆","nameEn":"Guangzhao - Guanghui Intercity Railway Express: Huizhoubei => Zhaoqing","operator":"广东城际","network":"珠三角城际","status":"operational","color":"#2C956F","sourceKey":"relation:17641023"}},{"type":"Feature","geometry":{"type":"MultiLineString","coordinates":[[[113.7412041,22.9969178],[113.7412374,22.9969616],[113.7393956,22.9981448],[113.7393626,22.9981013],[113.7412041,22.9969178]],[[113.64791727156626,23.0],[113.6481355,22.9998074],[113.6485454,22.9993879],[113.6488628,22.9990502],[113.6517004,22.9960792],[113.6531678,22.9945039]],[[113.6531678,22.9945039],[113.6538343,22.9937988],[113.6555704,22.9919023],[113.6560663,22.991325],[113.6565913,22.990844],[113.6569175,22.990563],[113.6573663,22.9902225],[113.6577735,22.9899481],[113.6582796,22.9896259],[113.6588095,22.9893445],[113.6593245,22.989116],[113.6599012,22.9888883],[113.6608716,22.988518],[113.6645334,22.9871516],[113.6655013,22.9867789],[113.6671345,22.986174],[113.6679863,22.9858658],[113.6686713,22.9856366],[113.6693262,22.9854595],[113.670107,22.9852773],[113.6708474,22.9851569],[113.6716685,22.9850485],[113.6724717,22.9849598],[113.6733118,22.9848501],[113.6748183,22.9847711],[113.6768727,22.9846452],[113.6790948,22.9845771],[113.6810941,22.9844636],[113.6825757,22.9844341],[113.6836622,22.9844588],[113.6851662,22.9845795],[113.6861341,22.9846978],[113.687044,22.9848554],[113.6880183,22.9850427],[113.6892002,22.9853381],[113.6902135,22.9856753],[113.6912684,22.9860795],[113.6921439,22.9864419],[113.6930265,22.9868456],[113.6938983,22.9873134],[113.6947549,22.9878246]],[[113.6947549,22.9878246],[113.695514,22.9883328],[113.696199,22.9888355],[113.6969067,22.9893882],[113.6982797,22.9904448],[113.7007774,22.9924526],[113.7018864,22.9932609],[113.7028748,22.9939631],[113.7039612,22.9946563],[113.7048431,22.9951315],[113.7057465,22.9955967],[113.7067348,22.9960256],[113.7078114,22.9963824],[113.7097115,22.9969061],[113.7114296,22.9974041],[113.7130841,22.9980464],[113.7148153,22.9988687],[113.71661732054487,23.0]],[[113.73651963024993,23.0],[113.7404699,22.9974625],[113.7463933,22.9936433],[113.75,22.991332321001376]]]},"properties":{"key":"relation:17641024@detail:454_91","osmType":"relation","osmId":17641024,"sourceRegion":"guangzhou","featureType":"service","railClass":"intercity","mode":"train","name":"广惠城际快车: 番禺=>惠州北","nameEn":"Guangzhou-Huizhou Intercity Railway Express: Panyu => Huizhoubei","operator":"广东城际","network":"珠三角城际","status":"operational","color":"#2C956F","sourceKey":"relation:17641024"}},{"type":"Feature","geometry":{"type":"Point","coordinates":[113.668288,22.8632517]},"properties":{"key":"node:1680553982","osmType":"node","osmId":1680553982,"sourceRegion":"guangdong","featureType":"station","railClass":"minor","mode":"stop","name":"虎门站","nameEn":"Humen","operator":"广州铁路（集团）公司","status":"operational","color":"#52636F","dataOrigin":"datum-2026-08-01","sourceKey":"node:1680553982","stationGroup":"虎门","hasOperationalRail":true,"hasConstructionRail":false}},{"type":"Feature","geometry":{"type":"Point","coordinates":[113.6564991,22.9048737]},"properties":{"key":"node:3440811554","osmType":"node","osmId":3440811554,"sourceRegion":"guangdong","featureType":"station","railClass":"metro","mode":"stop","name":"展览中心","nameEn":"Exhibition Center","operator":"东莞轨道交通","status":"operational","color":"#3387c8","dataOrigin":"datum-2026-08-01","sourceKey":"node:3440811554","stationGroup":"展览中心","hasOperationalRail":true,"hasConstructionRail":false}},{"type":"Feature","geometry":{"type":"Point","coordinates":[113.6594176,22.9291012]},"properties":{"key":"node:3441144265","osmType":"node","osmId":3441144265,"sourceRegion":"guangdong","featureType":"station","railClass":"metro","mode":"stop","name":"珊美","nameEn":"Shanmei","status":"operational","color":"#9a5b3f","dataOrigin":"datum-2026-08-01","sourceKey":"node:3441144265","stationGroup":"珊美","hasOperationalRail":true,"hasConstructionRail":false}},{"type":"Feature","geometry":{"type":"Point","coordinates":[113.6857749,22.9612507]},"properties":{"key":"node:3441145612","osmType":"node","osmId":3441145612,"sourceRegion":"guangdong","featureType":"station","railClass":"metro","mode":"stop","name":"陈屋","nameEn":"Chenwu","status":"operational","color":"#8c5abe","dataOrigin":"datum-2026-08-01","sourceKey":"node:3441145612","stationGroup":"陈屋","hasOperationalRail":true,"hasConstructionRail":false}},{"type":"Feature","geometry":{"type":"Point","coordinates":[113.7238594,22.9808671]},"properties":{"key":"node:3441191441","osmType":"node","osmId":3441191441,"sourceRegion":"guangdong","featureType":"station","railClass":"metro","mode":"stop","name":"蛤地","nameEn":"Gedi","status":"operational","color":"#e7822f","dataOrigin":"datum-2026-08-01","sourceKey":"node:3441191441","stationGroup":"蛤地","hasOperationalRail":true,"hasConstructionRail":false}},{"type":"Feature","geometry":{"type":"Point","coordinates":[113.7403909,22.9973677]},"properties":{"key":"node:3442735918","osmType":"node","osmId":3442735918,"sourceRegion":"guangdong","featureType":"station","railClass":"intercity","mode":"stop","name":"西平西","nameEn":"Xipingxi","operator":"广东城际铁路运营有限公司","status":"operational","color":"#147D92","dataOrigin":"datum-2026-08-01","sourceKey":"node:3442735918","stationGroup":"西平西","hasOperationalRail":true,"hasConstructionRail":true}},{"type":"Feature","geometry":{"type":"Point","coordinates":[113.6454588,22.9004758]},"properties":{"key":"node:3474963373","osmType":"node","osmId":3474963373,"sourceRegion":"guangdong","featureType":"station","railClass":"minor","mode":"stop","name":"厚街","nameEn":"Houjie","status":"operational","color":"#52636F","dataOrigin":"datum-2026-08-01","sourceKey":"node:3474963373","stationGroup":"厚街","hasOperationalRail":true,"hasConstructionRail":false}},{"type":"Feature","geometry":{"type":"Point","coordinates":[113.6126668,22.983179]},"properties":{"key":"node:3474963389","osmType":"node","osmId":3474963389,"sourceRegion":"guangdong","featureType":"station","railClass":"minor","mode":"stop","name":"洪梅","nameEn":"Hongmei","status":"operational","color":"#52636F","dataOrigin":"datum-2026-08-01","sourceKey":"node:3474963389","stationGroup":"洪梅","hasOperationalRail":true,"hasConstructionRail":false}},{"type":"Feature","geometry":{"type":"Point","coordinates":[113.6882168,22.8313741]},"properties":{"key":"node:3476581643","osmType":"node","osmId":3476581643,"sourceRegion":"guangdong","featureType":"station","railClass":"minor","mode":"stop","name":"虎门东","nameEn":"Humendong","status":"operational","color":"#52636F","dataOrigin":"datum-2026-08-01","sourceKey":"node:3476581643","stationGroup":"虎门东","hasOperationalRail":true,"hasConstructionRail":false}},{"type":"Feature","geometry":{"type":"Point","coordinates":[113.6061626,22.9105956]},"properties":{"key":"node:3518872865","osmType":"node","osmId":3518872865,"sourceRegion":"guangdong","featureType":"station","railClass":"minor","mode":"stop","name":"东莞港","nameEn":"Dongguan Port","status":"operational","color":"#52636F","dataOrigin":"datum-2026-08-01","sourceKey":"node:3518872865","stationGroup":"东莞港","hasOperationalRail":true,"hasConstructionRail":false}},{"type":"Feature","geometry":{"type":"Point","coordinates":[113.533655,22.7951246]},"properties":{"key":"node:4959358250","osmType":"node","osmId":4959358250,"sourceRegion":"guangdong","featureType":"station","railClass":"metro","mode":"stop","name":"金洲","nameEn":"Jinzhou","ref":"407","operator":"广州地铁集团有限公司","status":"operational","color":"#8c5abe","dataOrigin":"datum-2026-08-01","sourceKey":"node:4959358250","stationGroup":"金洲","hasOperationalRail":true,"hasConstructionRail":false}},{"type":"Feature","geometry":{"type":"Point","coordinates":[113.5336621,22.7951621]},"properties":{"key":"node:4959358251","osmType":"node","osmId":4959358251,"sourceRegion":"guangdong","featureType":"station","railClass":"metro","mode":"stop","name":"金洲","nameEn":"Jinzhou","ref":"407","operator":"广州地铁集团有限公司","status":"operational","color":"#8c5abe","dataOrigin":"datum-2026-08-01","sourceKey":"node:4959358251","stationGroup":"金洲","hasOperationalRail":true,"hasConstructionRail":false}},{"type":"Feature","geometry":{"type":"Point","coordinates":[113.5224046,22.803446]},"properties":{"key":"node:4959358252","osmType":"node","osmId":4959358252,"sourceRegion":"guangdong","featureType":"station","railClass":"metro","mode":"stop","name":"蕉门","nameEn":"Jiaomen","ref":"408","operator":"广州地铁集团有限公司","status":"operational","color":"#e7822f","dataOrigin":"datum-2026-08-01","sourceKey":"node:4959358252","stationGroup":"蕉门","hasOperationalRail":true,"hasConstructionRail":false}},{"type":"Feature","geometry":{"type":"Point","coordinates":[113.5223678,22.8034628]},"properties":{"key":"node:4959358253","osmType":"node","osmId":4959358253,"sourceRegion":"guangdong","featureType":"station","railClass":"metro","mode":"stop","name":"蕉门","nameEn":"Jiaomen","ref":"408","operator":"广州地铁集团有限公司","status":"operational","color":"#e7822f","dataOrigin":"datum-2026-08-01","sourceKey":"node:4959358253","stationGroup":"蕉门","hasOperationalRail":true,"hasConstructionRail":false}},{"type":"Feature","geometry":{"type":"Point","coordinates":[113.5136079,22.8275818]},"properties":{"key":"node:4959358254","osmType":"node","osmId":4959358254,"sourceRegion":"guangdong","featureType":"station","railClass":"metro","mode":"stop","name":"黄阁","nameEn":"Huangge","ref":"409","operator":"广州地铁集团有限公司","status":"operational","color":"#52a458","dataOrigin":"datum-2026-08-01","sourceKey":"node:4959358254","stationGroup":"黄阁","hasOperationalRail":true,"hasConstructionRail":false}},{"type":"Feature","geometry":{"type":"Point","coordinates":[113.5134928,22.8275262]},"properties":{"key":"node:4959358255","osmType":"node","osmId":4959358255,"sourceRegion":"guangdong","featureType":"station","railClass":"metro","mode":"stop","name":"黄阁","nameEn":"Huangge","ref":"409","operator":"广州地铁集团有限公司","status":"operational","color":"#52a458","dataOrigin":"datum-2026-08-01","sourceKey":"node:4959358255","stationGroup":"黄阁","hasOperationalRail":true,"hasConstructionRail":false}},{"type":"Feature","geometry":{"type":"Point","coordinates":[113.5045077,22.8385887]},"properties":{"key":"node:4959358256","osmType":"node","osmId":4959358256,"sourceRegion":"guangdong","featureType":"station","railClass":"metro","mode":"stop","name":"黄阁汽车城","nameEn":"Huangge Auto Town","ref":"410","operator":"广州地铁集团有限公司","status":"operational","color":"#3387c8","dataOrigin":"datum-2026-08-01","sourceKey":"node:4959358256","stationGroup":"黄阁汽车城","hasOperationalRail":true,"hasConstructionRail":false}},{"type":"Feature","geometry":{"type":"Point","coordinates":[113.5044722,22.8385658]},"properties":{"key":"node:4959358257","osmType":"node","osmId":4959358257,"sourceRegion":"guangdong","featureType":"station","railClass":"metro","mode":"stop","name":"黄阁汽车城","nameEn":"Huangge Auto Town","ref":"410","operator":"广州地铁集团有限公司","status":"operational","color":"#3387c8","dataOrigin":"datum-2026-08-01","sourceKey":"node:4959358257","stationGroup":"黄阁汽车城","hasOperationalRail":true,"hasConstructionRail":false}},{"type":"Feature","geometry":{"type":"Point","coordinates":[113.5354522,22.7845081]},"properties":{"key":"node:5256946332","osmType":"node","osmId":5256946332,"sourceRegion":"guangdong","featureType":"station","railClass":"metro","mode":"stop","name":"飞沙角","nameEn":"Feishajiao","ref":"406","operator":"广州地铁集团有限公司","status":"operational","color":"#3387c8","dataOrigin":"datum-2026-08-01","sourceKey":"node:5256946332","stationGroup":"飞沙角","hasOperationalRail":true,"hasConstructionRail":false}},{"type":"Feature","geometry":{"type":"Point","coordinates":[113.5355429,22.7844178]},"properties":{"key":"node:5256946333","osmType":"node","osmId":5256946333,"sourceRegion":"guangdong","featureType":"station","railClass":"metro","mode":"stop","name":"飞沙角","nameEn":"Feishajiao","ref":"406","operator":"广州地铁集团有限公司","status":"operational","color":"#3387c8","dataOrigin":"datum-2026-08-01","sourceKey":"node:5256946333","stationGroup":"飞沙角","hasOperationalRail":true,"hasConstructionRail":false}},{"type":"Feature","geometry":{"type":"Point","coordinates":[113.536405,22.7748177]},"properties":{"key":"node:5257112464","osmType":"node","osmId":5257112464,"sourceRegion":"guangdong","featureType":"station","railClass":"metro","mode":"stop","name":"广隆","nameEn":"Guanglong","ref":"405","operator":"广州地铁集团有限公司","status":"operational","color":"#9a5b3f","dataOrigin":"datum-2026-08-01","sourceKey":"node:5257112464","stationGroup":"广隆","hasOperationalRail":true,"hasConstructionRail":false}},{"type":"Feature","geometry":{"type":"Point","coordinates":[113.536325,22.7747235]},"properties":{"key":"node:5257112465","osmType":"node","osmId":5257112465,"sourceRegion":"guangdong","featureType":"station","railClass":"metro","mode":"stop","name":"广隆","nameEn":"Guanglong","ref":"405","operator":"广州地铁集团有限公司","status":"operational","color":"#9a5b3f","dataOrigin":"datum-2026-08-01","sourceKey":"node:5257112465","stationGroup":"广隆","hasOperationalRail":true,"hasConstructionRail":false}},{"type":"Feature","geometry":{"type":"Point","coordinates":[113.5511857,22.7616619]},"properties":{"key":"node:5257900778","osmType":"node","osmId":5257900778,"sourceRegion":"guangdong","featureType":"station","railClass":"metro","mode":"stop","name":"大涌","nameEn":"Dachong","ref":"404","operator":"广州地铁集团有限公司","status":"operational","color":"#52a458","dataOrigin":"datum-2026-08-01","sourceKey":"node:5257900778","stationGroup":"大涌","hasOperationalRail":true,"hasConstructionRail":false}},{"type":"Feature","geometry":{"type":"Point","coordinates":[113.5512742,22.7617469]},"properties":{"key":"node:5257900779","osmType":"node","osmId":5257900779,"sourceRegion":"guangdong","featureType":"station","railClass":"metro","mode":"stop","name":"大涌","nameEn":"Dachong","ref":"404","operator":"广州地铁集团有限公司","status":"operational","color":"#52a458","dataOrigin":"datum-2026-08-01","sourceKey":"node:5257900779","stationGroup":"大涌","hasOperationalRail":true,"hasConstructionRail":false}},{"type":"Feature","geometry":{"type":"Point","coordinates":[113.5678325,22.7561816]},"properties":{"key":"node:5257952563","osmType":"node","osmId":5257952563,"sourceRegion":"guangdong","featureType":"station","railClass":"metro","mode":"stop","name":"塘坑","nameEn":"Tangkeng","ref":"403","operator":"广州地铁集团有限公司","status":"operational","color":"#e7822f","dataOrigin":"datum-2026-08-01","sourceKey":"node:5257952563","stationGroup":"塘坑","hasOperationalRail":true,"hasConstructionRail":false}},{"type":"Feature","geometry":{"type":"Point","coordinates":[113.5678165,22.7560665]},"properties":{"key":"node:5257952564","osmType":"node","osmId":5257952564,"sourceRegion":"guangdong","featureType":"station","railClass":"metro","mode":"stop","name":"塘坑","nameEn":"Tangkeng","ref":"403","operator":"广州地铁集团有限公司","status":"operational","color":"#e7822f","dataOrigin":"datum-2026-08-01","sourceKey":"node:5257952564","stationGroup":"塘坑","hasOperationalRail":true,"hasConstructionRail":false}},{"type":"Feature","geometry":{"type":"Point","coordinates":[113.5896329,22.7509435]},"properties":{"key":"node:5257992736","osmType":"node","osmId":5257992736,"sourceRegion":"guangdong","featureType":"station","railClass":"metro","mode":"stop","name":"南横","nameEn":"Nanheng","ref":"402","operator":"广州地铁集团有限公司","status":"operational","color":"#9a5b3f","dataOrigin":"datum-2026-08-01","sourceKey":"node:5257992736","stationGroup":"南横","hasOperationalRail":true,"hasConstructionRail":false}},{"type":"Feature","geometry":{"type":"Point","coordinates":[113.5896321,22.7508288]},"properties":{"key":"node:5257992737","osmType":"node","osmId":5257992737,"sourceRegion":"guangdong","featureType":"station","railClass":"metro","mode":"stop","name":"南横","nameEn":"Nanheng","ref":"402","operator":"广州地铁集团有限公司","status":"operational","color":"#9a5b3f","dataOrigin":"datum-2026-08-01","sourceKey":"node:5257992737","stationGroup":"南横","hasOperationalRail":true,"hasConstructionRail":false}},{"type":"Feature","geometry":{"type":"Point","coordinates":[113.6049189,22.7690683]},"properties":{"key":"node:5258097020","osmType":"node","osmId":5258097020,"sourceRegion":"guangdong","featureType":"station","railClass":"metro","mode":"stop","name":"南沙客运港","nameEn":"Nansha Passenger Port","ref":"401","operator":"广州地铁集团有限公司","status":"operational","color":"#00843D","dataOrigin":"datum-2026-08-01","sourceKey":"node:5258097020","stationGroup":"南沙客运港","hasOperationalRail":true,"hasConstructionRail":false}},{"type":"Feature","geometry":{"type":"Point","coordinates":[113.6049499,22.7690366]},"properties":{"key":"node:5258097121","osmType":"node","osmId":5258097121,"sourceRegion":"guangdong","featureType":"station","railClass":"metro","mode":"stop","name":"南沙客运港","nameEn":"Nansha Passenger Port","ref":"401","operator":"广州地铁集团有限公司","status":"operational","color":"#00843D","dataOrigin":"datum-2026-08-01","sourceKey":"node:5258097121","stationGroup":"南沙客运港","hasOperationalRail":true,"hasConstructionRail":false}},{"type":"Feature","geometry":{"type":"Point","coordinates":[113.6665394,22.8622179]},"properties":{"key":"node:5299970133","osmType":"node","osmId":5299970133,"sourceRegion":"guangdong","featureType":"station","railClass":"metro","mode":"stop","name":"虎门火车站","nameEn":"Humen Railway Station","operator":"东莞轨道交通","status":"operational","color":"#ED1C24","dataOrigin":"datum-2026-08-01","sourceKey":"node:5299970133","stationGroup":"虎门火车","hasOperationalRail":true,"hasConstructionRail":false}},{"type":"Feature","geometry":{"type":"Point","coordinates":[113.6682994,22.863173]},"properties":{"key":"node:5961931131","osmType":"node","osmId":5961931131,"sourceRegion":"guangdong","featureType":"station","railClass":"minor","mode":"stop","name":"虎门站","nameEn":"Humen","operator":"广州铁路（集团）公司","status":"operational","color":"#52636F","dataOrigin":"datum-2026-08-01","sourceKey":"node:5961931131","stationGroup":"虎门","hasOperationalRail":true,"hasConstructionRail":false}},{"type":"Feature","geometry":{"type":"Point","coordinates":[113.6682438,22.8634586]},"properties":{"key":"node:6138463132","osmType":"node","osmId":6138463132,"sourceRegion":"guangdong","featureType":"station","railClass":"minor","mode":"stop","name":"虎门站","nameEn":"Humen","status":"operational","color":"#52636F","dataOrigin":"datum-2026-08-01","sourceKey":"node:6138463132","stationGroup":"虎门","hasOperationalRail":true,"hasConstructionRail":false}},{"type":"Feature","geometry":{"type":"Point","coordinates":[113.6683121,22.8630798]},"properties":{"key":"node:6138463133","osmType":"node","osmId":6138463133,"sourceRegion":"guangdong","featureType":"station","railClass":"minor","mode":"stop","name":"虎门站","nameEn":"Humen","status":"operational","color":"#52636F","dataOrigin":"datum-2026-08-01","sourceKey":"node:6138463133","stationGroup":"虎门","hasOperationalRail":true,"hasConstructionRail":false}},{"type":"Feature","geometry":{"type":"Point","coordinates":[113.645466,22.9005111]},"properties":{"key":"node:7056598553","osmType":"node","osmId":7056598553,"sourceRegion":"guangdong","featureType":"station","railClass":"minor","mode":"stop","name":"厚街","nameEn":"Houjie","status":"operational","color":"#52636F","dataOrigin":"datum-2026-08-01","sourceKey":"node:7056598553","stationGroup":"厚街","hasOperationalRail":true,"hasConstructionRail":false}},{"type":"Feature","geometry":{"type":"Point","coordinates":[113.6882522,22.8313893]},"properties":{"key":"node:7056598625","osmType":"node","osmId":7056598625,"sourceRegion":"guangdong","featureType":"station","railClass":"minor","mode":"stop","name":"虎门东","nameEn":"Humendong","status":"operational","color":"#52636F","dataOrigin":"datum-2026-08-01","sourceKey":"node:7056598625","stationGroup":"虎门东","hasOperationalRail":true,"hasConstructionRail":false}},{"type":"Feature","geometry":{"type":"Point","coordinates":[113.6127057,22.9831757]},"properties":{"key":"node:7056598795","osmType":"node","osmId":7056598795,"sourceRegion":"guangdong","featureType":"station","railClass":"minor","mode":"stop","name":"洪梅","nameEn":"Hongmei","status":"operational","color":"#52636F","dataOrigin":"datum-2026-08-01","sourceKey":"node:7056598795","stationGroup":"洪梅","hasOperationalRail":true,"hasConstructionRail":false}},{"type":"Feature","geometry":{"type":"Point","coordinates":[113.6062034,22.9105963]},"properties":{"key":"node:7056598846","osmType":"node","osmId":7056598846,"sourceRegion":"guangdong","featureType":"station","railClass":"minor","mode":"stop","name":"东莞港","nameEn":"Dongguan Port","status":"operational","color":"#52636F","dataOrigin":"datum-2026-08-01","sourceKey":"node:7056598846","stationGroup":"东莞港","hasOperationalRail":true,"hasConstructionRail":false}},{"type":"Feature","geometry":{"type":"Point","coordinates":[113.6663716,22.8618499]},"properties":{"key":"node:7063140903","osmType":"node","osmId":7063140903,"sourceRegion":"guangdong","featureType":"station","railClass":"minor","mode":"stop","name":"虎门北","nameEn":"Humenbei","status":"operational","color":"#52636F","dataOrigin":"datum-2026-08-01","sourceKey":"node:7063140903","stationGroup":"虎门北","hasOperationalRail":true,"hasConstructionRail":false}},{"type":"Feature","geometry":{"type":"Point","coordinates":[113.6664031,22.8618714]},"properties":{"key":"node:7063140904","osmType":"node","osmId":7063140904,"sourceRegion":"guangdong","featureType":"station","railClass":"minor","mode":"stop","name":"虎门北","nameEn":"Humenbei","status":"operational","color":"#52636F","dataOrigin":"datum-2026-08-01","sourceKey":"node:7063140904","stationGroup":"虎门北","hasOperationalRail":true,"hasConstructionRail":false}},{"type":"Feature","geometry":{"type":"Point","coordinates":[113.7240478,22.788117]},"properties":{"key":"node:7063140907","osmType":"node","osmId":7063140907,"sourceRegion":"guangdong","featureType":"station","railClass":"minor","mode":"stop","name":"长安西","nameEn":"Chang'anxi","status":"operational","color":"#52636F","dataOrigin":"datum-2026-08-01","sourceKey":"node:7063140907","stationGroup":"长安西","hasOperationalRail":true,"hasConstructionRail":false}},{"type":"Feature","geometry":{"type":"Point","coordinates":[113.7240726,22.7882262]},"properties":{"key":"node:7063140908","osmType":"node","osmId":7063140908,"sourceRegion":"guangdong","featureType":"station","railClass":"minor","mode":"stop","name":"长安西","nameEn":"Chang'anxi","status":"operational","color":"#52636F","dataOrigin":"datum-2026-08-01","sourceKey":"node:7063140908","stationGroup":"长安西","hasOperationalRail":true,"hasConstructionRail":false}},{"type":"Feature","geometry":{"type":"Point","coordinates":[113.7240805,22.7882612]},"properties":{"key":"node:7063140909","osmType":"node","osmId":7063140909,"sourceRegion":"guangdong","featureType":"station","railClass":"minor","mode":"stop","name":"长安西","nameEn":"Chang'anxi","status":"operational","color":"#52636F","dataOrigin":"datum-2026-08-01","sourceKey":"node:7063140909","stationGroup":"长安西","hasOperationalRail":true,"hasConstructionRail":false}},{"type":"Feature","geometry":{"type":"Point","coordinates":[113.7241205,22.7884373]},"properties":{"key":"node:7063140910","osmType":"node","osmId":7063140910,"sourceRegion":"guangdong","featureType":"station","railClass":"minor","mode":"stop","name":"长安西","nameEn":"Chang'anxi","status":"operational","color":"#52636F","dataOrigin":"datum-2026-08-01","sourceKey":"node:7063140910","stationGroup":"长安西","hasOperationalRail":true,"hasConstructionRail":false}},{"type":"Feature","geometry":{"type":"Point","coordinates":[113.5063448,22.7560481]},"properties":{"key":"node:7734069338","osmType":"node","osmId":7734069338,"sourceRegion":"guangdong","featureType":"station","railClass":"metro","mode":"stop","name":"横沥","nameEn":"Hengli","ref":"1802","status":"operational","color":"#8c5abe","dataOrigin":"datum-2026-08-01","sourceKey":"node:7734069338","stationGroup":"横沥","hasOperationalRail":true,"hasConstructionRail":false}},{"type":"Feature","geometry":{"type":"Point","coordinates":[113.5064966,22.7560966]},"properties":{"key":"node:7734069348","osmType":"node","osmId":7734069348,"sourceRegion":"guangdong","featureType":"station","railClass":"metro","mode":"stop","name":"横沥","nameEn":"Hengli","ref":"1802","status":"operational","color":"#8c5abe","dataOrigin":"datum-2026-08-01","sourceKey":"node:7734069348","stationGroup":"横沥","hasOperationalRail":true,"hasConstructionRail":false}},{"type":"Feature","geometry":{"type":"Point","coordinates":[113.6537983,22.9937696]},"properties":{"key":"node:8901179984","osmType":"node","osmId":8901179984,"sourceRegion":"guangdong","featureType":"station","railClass":"intercity","mode":"stop","name":"道滘","operator":"广东城际铁路运营有限公司","status":"operational","color":"#147D92","dataOrigin":"datum-2026-08-01","sourceKey":"node:8901179984","stationGroup":"道滘","hasOperationalRail":true,"hasConstructionRail":false}},{"type":"Feature","geometry":{"type":"Point","coordinates":[113.6538343,22.9937988]},"properties":{"key":"node:8901179985","osmType":"node","osmId":8901179985,"sourceRegion":"guangdong","featureType":"station","railClass":"intercity","mode":"stop","name":"道滘","operator":"广东城际铁路运营有限公司","status":"operational","color":"#147D92","dataOrigin":"datum-2026-08-01","sourceKey":"node:8901179985","stationGroup":"道滘","hasOperationalRail":true,"hasConstructionRail":false}},{"type":"Feature","geometry":{"type":"Point","coordinates":[113.741339,22.9968256]},"properties":{"key":"node:9068945955","osmType":"node","osmId":9068945955,"sourceRegion":"guangdong","featureType":"station","railClass":"metro","mode":"stop","name":"西平","nameEn":"Xiping","status":"operational","color":"#9a5b3f","dataOrigin":"datum-2026-08-01","sourceKey":"node:9068945955","stationGroup":"西平","hasOperationalRail":true,"hasConstructionRail":false}},{"type":"Feature","geometry":{"type":"Point","coordinates":[113.7239173,22.9808125]},"properties":{"key":"node:9068945967","osmType":"node","osmId":9068945967,"sourceRegion":"guangdong","featureType":"station","railClass":"metro","mode":"stop","name":"蛤地","nameEn":"Gedi","status":"operational","color":"#e7822f","dataOrigin":"datum-2026-08-01","sourceKey":"node:9068945967","stationGroup":"蛤地","hasOperationalRail":true,"hasConstructionRail":false}},{"type":"Feature","geometry":{"type":"Point","coordinates":[113.6858364,22.9611995]},"properties":{"key":"node:9068945989","osmType":"node","osmId":9068945989,"sourceRegion":"guangdong","featureType":"station","railClass":"metro","mode":"stop","name":"陈屋","nameEn":"Chenwu","status":"operational","color":"#8c5abe","dataOrigin":"datum-2026-08-01","sourceKey":"node:9068945989","stationGroup":"陈屋","hasOperationalRail":true,"hasConstructionRail":false}},{"type":"Feature","geometry":{"type":"Point","coordinates":[113.6756778,22.9521008]},"properties":{"key":"node:9068946000","osmType":"node","osmId":9068946000,"sourceRegion":"guangdong","featureType":"station","railClass":"metro","mode":"stop","name":"未命名","status":"operational","color":"#3387c8","dataOrigin":"datum-2026-08-01","sourceKey":"node:9068946000","stationGroup":"","hasOperationalRail":true,"hasConstructionRail":false}},{"type":"Feature","geometry":{"type":"Point","coordinates":[113.6595061,22.9290697]},"properties":{"key":"node:9068946021","osmType":"node","osmId":9068946021,"sourceRegion":"guangdong","featureType":"station","railClass":"metro","mode":"stop","name":"珊美","nameEn":"Shanmei","status":"operational","color":"#9a5b3f","dataOrigin":"datum-2026-08-01","sourceKey":"node:9068946021","stationGroup":"珊美","hasOperationalRail":true,"hasConstructionRail":false}},{"type":"Feature","geometry":{"type":"Point","coordinates":[113.6565809,22.9048614]},"properties":{"key":"node:9068946042","osmType":"node","osmId":9068946042,"sourceRegion":"guangdong","featureType":"station","railClass":"metro","mode":"stop","name":"展览中心","nameEn":"Exhibition Center","operator":"东莞轨道交通","status":"operational","color":"#3387c8","dataOrigin":"datum-2026-08-01","sourceKey":"node:9068946042","stationGroup":"展览中心","hasOperationalRail":true,"hasConstructionRail":false}},{"type":"Feature","geometry":{"type":"Point","coordinates":[113.6666046,22.8622752]},"properties":{"key":"node:9068946089","osmType":"node","osmId":9068946089,"sourceRegion":"guangdong","featureType":"station","railClass":"metro","mode":"stop","name":"虎门火车站","nameEn":"Humen Railway Station","operator":"东莞轨道交通","status":"operational","color":"#ED1C24","dataOrigin":"datum-2026-08-01","sourceKey":"node:9068946089","stationGroup":"虎门火车","hasOperationalRail":true,"hasConstructionRail":false}},{"type":"Feature","geometry":{"type":"Point","coordinates":[113.668507,22.9438765]},"properties":{"key":"node:9430006978","osmType":"node","osmId":9430006978,"sourceRegion":"guangdong","featureType":"station","railClass":"metro","mode":"stop","name":"寮厦","nameEn":"Liaoxia","operator":"东莞轨道交通","network":"东莞轨道交通","status":"operational","color":"#e7822f","dataOrigin":"datum-2026-08-01","sourceKey":"node:9430006978","stationGroup":"寮厦","hasOperationalRail":true,"hasConstructionRail":false}},{"type":"Feature","geometry":{"type":"Point","coordinates":[113.6685693,22.9438263]},"properties":{"key":"node:9430006979","osmType":"node","osmId":9430006979,"sourceRegion":"guangdong","featureType":"station","railClass":"metro","mode":"stop","name":"寮厦","nameEn":"Liaoxia","operator":"东莞轨道交通","network":"东莞轨道交通","status":"operational","color":"#e7822f","dataOrigin":"datum-2026-08-01","sourceKey":"node:9430006979","stationGroup":"寮厦","hasOperationalRail":true,"hasConstructionRail":false}},{"type":"Feature","geometry":{"type":"Point","coordinates":[113.7412721,22.9968707]},"properties":{"key":"node:9436575388","osmType":"node","osmId":9436575388,"sourceRegion":"guangdong","featureType":"station","railClass":"metro","mode":"stop","name":"西平","nameEn":"Xiping","status":"operational","color":"#9a5b3f","dataOrigin":"datum-2026-08-01","sourceKey":"node:9436575388","stationGroup":"西平","hasOperationalRail":true,"hasConstructionRail":false}},{"type":"Feature","geometry":{"type":"Point","coordinates":[113.7404699,22.9974625]},"properties":{"key":"node:11934694223","osmType":"node","osmId":11934694223,"sourceRegion":"guangdong","featureType":"station","railClass":"intercity","mode":"stop","name":"西平西","nameEn":"Xipingxi","operator":"广东城际铁路运营有限公司","status":"operational","color":"#147D92","dataOrigin":"datum-2026-08-01","sourceKey":"node:11934694223","stationGroup":"西平西","hasOperationalRail":true,"hasConstructionRail":true}},{"type":"Feature","geometry":{"type":"Point","coordinates":[113.612524,22.983191]},"properties":{"key":"node:14064714121","osmType":"node","osmId":14064714121,"sourceRegion":"guangdong","featureType":"station","railClass":"minor","mode":"stop","name":"洪梅","nameEn":"Hongmei","status":"operational","color":"#52636F","dataOrigin":"datum-2026-08-01","sourceKey":"node:14064714121","stationGroup":"洪梅","hasOperationalRail":true,"hasConstructionRail":false}},{"type":"Feature","geometry":{"type":"Point","coordinates":[113.6128472,22.9831638]},"properties":{"key":"node:14064714122","osmType":"node","osmId":14064714122,"sourceRegion":"guangdong","featureType":"station","railClass":"minor","mode":"stop","name":"洪梅","nameEn":"Hongmei","status":"operational","color":"#52636F","dataOrigin":"datum-2026-08-01","sourceKey":"node:14064714122","stationGroup":"洪梅","hasOperationalRail":true,"hasConstructionRail":false}},{"type":"Feature","geometry":{"type":"LineString","coordinates":[[113.74083801749242,22.75],[113.7417113,22.7532021],[113.7428915,22.7568945],[113.7457287,22.7619261],[113.7467058,22.7632529],[113.747812,22.7648549],[113.7482395,22.7652145],[113.7487985,22.7655583],[113.7495286,22.765912],[113.75,22.76607243425935]]},"properties":{"key":"way:343706073@detail:454_91","osmType":"way","osmId":343706073,"sourceRegion":"guangdong","featureType":"infrastructure","railClass":"construction","mode":"proposed","name":"3号线","nameEn":"Line 3","operator":"东莞市轨道交通有限公司 Dongguan Rail Transit Corp., Ltd.","tunnel":"yes","status":"construction","color":"#ECA154","dataOrigin":"datum-2026-08-01","sourceKey":"way:343706073"}},{"type":"Feature","geometry":{"type":"LineString","coordinates":[[113.5357346,22.7752292],[113.5354725,22.7754198],[113.5352442,22.7755859],[113.5349343,22.7758114],[113.5345723,22.7760724],[113.534113,22.7764013]]},"properties":{"key":"way:1529931589@detail:454_91","osmType":"way","osmId":1529931589,"sourceRegion":"guangdong","featureType":"infrastructure","railClass":"metro","mode":"subway","name":"未命名","service":"yard","tunnel":"yes","status":"operational","color":"#8c5abe","dataOrigin":"datum-2026-08-01","sourceKey":"way:1529931589"}},{"type":"Feature","geometry":{"type":"LineString","coordinates":[[113.7263398,22.7878073],[113.7240726,22.7882262],[113.7216438,22.7886815]]},"properties":{"key":"way:1546373424@detail:454_91","osmType":"way","osmId":1546373424,"sourceRegion":"guangdong","featureType":"infrastructure","railClass":"intercity","mode":"rail","name":"穗深城际线","nameEn":"Guangzhou-Shenzhen Intercity Railway","ref":"0702","operator":"广东城际铁路运营有限公司","usage":"main","bridge":"yes","status":"operational","color":"#7456A6","dataOrigin":"datum-2026-08-01","sourceKey":"way:1546373424"}},{"type":"Feature","geometry":{"type":"LineString","coordinates":[[113.7216438,22.7886815],[113.7182643,22.7893143],[113.7173071,22.7895144],[113.7168535,22.789621],[113.7164351,22.7897347],[113.7159201,22.7899053],[113.7145924,22.7904295],[113.7142518,22.7905904],[113.7138632,22.7907978],[113.7129348,22.7913346],[113.7082034,22.7946679],[113.7037831,22.797833],[113.6998955,22.8007907],[113.6993381,22.8011671],[113.6989176,22.8013871],[113.6984557,22.8015533],[113.6968163,22.8020567],[113.6960201,22.802326],[113.6954113,22.8025631],[113.6948973,22.8028111]]},"properties":{"key":"way:1546373425@detail:454_91","osmType":"way","osmId":1546373425,"sourceRegion":"guangdong","featureType":"infrastructure","railClass":"intercity","mode":"rail","name":"穗深城际线","nameEn":"Guangzhou-Shenzhen Intercity Railway","ref":"0702","operator":"广东城际铁路运营有限公司","usage":"main","bridge":"yes","status":"operational","color":"#7456A6","dataOrigin":"datum-2026-08-01","sourceKey":"way:1546373425"}},{"type":"Feature","geometry":{"type":"LineString","coordinates":[[113.721657,22.7887151],[113.7240805,22.7882612],[113.7263426,22.7878434]]},"properties":{"key":"way:1546373426@detail:454_91","osmType":"way","osmId":1546373426,"sourceRegion":"guangdong","featureType":"infrastructure","railClass":"intercity","mode":"rail","name":"穗深城际线","nameEn":"Guangzhou-Shenzhen Intercity Railway","ref":"0702","operator":"广东城际铁路运营有限公司","usage":"main","bridge":"yes","status":"operational","color":"#7456A6","dataOrigin":"datum-2026-08-01","sourceKey":"way:1546373426"}},{"type":"Feature","geometry":{"type":"LineString","coordinates":[[113.6949189,22.802841],[113.695428,22.8025956],[113.6960344,22.8023594],[113.6968292,22.8020906],[113.698469,22.8015871],[113.6989344,22.8014196],[113.6993593,22.8011973],[113.6999194,22.8008191],[113.7038075,22.7978611],[113.7082272,22.7946964],[113.7129584,22.7913632],[113.713882,22.7908324],[113.7142754,22.7906282],[113.714604,22.7904693],[113.7159365,22.7899365],[113.7164567,22.7897692],[113.7168678,22.789651],[113.7173206,22.7895441],[113.7182774,22.7893471],[113.721657,22.7887151]]},"properties":{"key":"way:1546373427@detail:454_91","osmType":"way","osmId":1546373427,"sourceRegion":"guangdong","featureType":"infrastructure","railClass":"intercity","mode":"rail","name":"穗深城际线","nameEn":"Guangzhou-Shenzhen Intercity Railway","ref":"0702","operator":"广东城际铁路运营有限公司","usage":"main","bridge":"yes","status":"operational","color":"#7456A6","dataOrigin":"datum-2026-08-01","sourceKey":"way:1546373427"}},{"type":"Feature","geometry":{"type":"LineString","coordinates":[[113.6122813,22.9798277],[113.6126668,22.983179],[113.6129421,22.9857117]]},"properties":{"key":"way:1546373428@detail:454_91","osmType":"way","osmId":1546373428,"sourceRegion":"guangdong","featureType":"infrastructure","railClass":"intercity","mode":"rail","name":"穗深城际线","nameEn":"Guangzhou-Shenzhen Intercity Railway","ref":"0702","operator":"广东城际铁路运营有限公司","usage":"main","bridge":"yes","status":"operational","color":"#7456A6","dataOrigin":"datum-2026-08-01","sourceKey":"way:1546373428"}},{"type":"Feature","geometry":{"type":"LineString","coordinates":[[113.6129421,22.9857117],[113.6130413,22.9865683],[113.6130662,22.9867918],[113.6137828,22.9932109],[113.6140749,22.9960088],[113.6141544,22.9966612],[113.6143046,22.9977081],[113.6144978,22.9986759],[113.614752,22.9997687],[113.61481140085482,23.0]]},"properties":{"key":"way:1546373429@detail:454_91","osmType":"way","osmId":1546373429,"sourceRegion":"guangdong","featureType":"infrastructure","railClass":"intercity","mode":"rail","name":"穗深城际线","nameEn":"Guangzhou-Shenzhen Intercity Railway","ref":"0702","operator":"广东城际铁路运营有限公司","usage":"main","bridge":"yes","status":"operational","color":"#7456A6","dataOrigin":"datum-2026-08-01","sourceKey":"way:1546373429"}},{"type":"Feature","geometry":{"type":"LineString","coordinates":[[113.612981,22.9857083],[113.6127057,22.9831757],[113.6123195,22.9798196]]},"properties":{"key":"way:1546373430@detail:454_91","osmType":"way","osmId":1546373430,"sourceRegion":"guangdong","featureType":"infrastructure","railClass":"intercity","mode":"rail","name":"穗深城际线","nameEn":"Guangzhou-Shenzhen Intercity Railway","ref":"0702","operator":"广东城际铁路运营有限公司","usage":"main","bridge":"yes","status":"operational","color":"#7456A6","dataOrigin":"datum-2026-08-01","sourceKey":"way:1546373430"}},{"type":"Feature","geometry":{"type":"LineString","coordinates":[[113.61485388645956,23.0],[113.6147901,22.9997609],[113.6145361,22.9986688],[113.6143432,22.9977025],[113.6141932,22.996657],[113.6141138,22.9960051],[113.6138217,22.9932073],[113.6132383,22.987981],[113.6130802,22.9865647],[113.612981,22.9857083]]},"properties":{"key":"way:1546373431@detail:454_91","osmType":"way","osmId":1546373431,"sourceRegion":"guangdong","featureType":"infrastructure","railClass":"intercity","mode":"rail","name":"穗深城际线","nameEn":"Guangzhou-Shenzhen Intercity Railway","ref":"0702","operator":"广东城际铁路运营有限公司","usage":"main","bridge":"yes","status":"operational","color":"#7456A6","dataOrigin":"datum-2026-08-01","sourceKey":"way:1546373431"}},{"type":"Feature","geometry":{"type":"MultiLineString","coordinates":[[[113.61485388645956,23.0],[113.6147901,22.9997609],[113.6145361,22.9986688],[113.6143432,22.9977025],[113.6141932,22.996657],[113.6141138,22.9960051],[113.6138217,22.9932073],[113.6132383,22.987981],[113.6130802,22.9865647],[113.612981,22.9857083]],[[113.612981,22.9857083],[113.6127057,22.9831757],[113.6123195,22.9798196]],[[113.6123195,22.9798196],[113.6119643,22.9766599],[113.6117123,22.9746355],[113.6115913,22.9739522],[113.6110709,22.9715099],[113.6106973,22.9698084],[113.6104744,22.9688809],[113.6102162,22.9679875],[113.6099304,22.9671458],[113.6091702,22.9649407],[113.6082541,22.9623655],[113.6074109,22.9601298],[113.6058025,22.9560883],[113.6043878,22.9525779],[113.6019304,22.9463741],[113.6013689,22.9449623],[113.5999358,22.941387],[113.599308,22.9398522],[113.5987549,22.9384576],[113.5978997,22.9363038],[113.5975939,22.9355034],[113.597326,22.9348175],[113.5971602,22.9343103],[113.5970372,22.9338718],[113.5969303,22.9334435],[113.5968341,22.9329071],[113.596769,22.9323421],[113.5967705,22.9316333],[113.596807,22.9310627],[113.5968814,22.9304731],[113.5970282,22.9297876],[113.5972222,22.9291412],[113.5975043,22.9283959],[113.5978295,22.9277449],[113.598218,22.9271025],[113.598672,22.9264505],[113.5994336,22.9255185],[113.600831,22.9238655],[113.6031546,22.9213018],[113.6036185,22.9207461],[113.6040551,22.920141],[113.6044209,22.9194936],[113.6045366,22.9192721],[113.6046374,22.9190478],[113.604705,22.9188577],[113.6050957,22.9177152],[113.6054288,22.9166499],[113.6056553,22.9158066],[113.6057323,22.9154401],[113.605795,22.9151207],[113.6058509,22.9147878],[113.6058982,22.9144347],[113.6059276,22.9141759],[113.6059705,22.9137139],[113.6061218,22.9116687],[113.6062034,22.9105963],[113.6062949,22.9095445],[113.6064646,22.9067909],[113.6067332,22.9035703],[113.606902,22.9014994],[113.6069434,22.9012744],[113.6070127,22.9010198],[113.6070865,22.9007838],[113.6071959,22.90053],[113.6073363,22.9002701],[113.6076485,22.8997606],[113.6078017,22.8995266],[113.6079492,22.8993289],[113.608129,22.8991332],[113.6083625,22.8989207],[113.6086489,22.898697],[113.6089228,22.8985115],[113.609234,22.8983325],[113.6095408,22.8981771],[113.6099397,22.8980158],[113.6102667,22.8979088],[113.6106302,22.8978215],[113.6110104,22.8977596],[113.6114051,22.8977183],[113.6118322,22.897706],[113.6156663,22.8977381],[113.6163662,22.8977652],[113.616767,22.8978069],[113.6172309,22.8978833],[113.6176117,22.8979548],[113.6207059,22.8986809],[113.6273221,22.9002724]],[[113.6273221,22.9002724],[113.6293149,22.9007517],[113.6317394,22.9013842],[113.6327727,22.9016023],[113.6340181,22.9017796],[113.6351294,22.901848],[113.636237,22.901849],[113.6373699,22.9017758],[113.6383624,22.9016847],[113.6392902,22.9015699],[113.642355,22.9010079],[113.645466,22.9005111],[113.6483597,22.8999756],[113.6491103,22.8997963],[113.6499578,22.8995654],[113.650797,22.8993077],[113.6516808,22.8989502],[113.6524586,22.8985123],[113.6531086,22.8979734],[113.6536286,22.897255],[113.654076,22.8962365],[113.6543345,22.8946492],[113.6544741,22.8917812],[113.6545142,22.8911074],[113.654652,22.8900211],[113.654888,22.8877033],[113.6551873,22.8853291],[113.6553482,22.8839259],[113.6555369,22.8826887],[113.6557984,22.8812642],[113.6562552,22.8792313],[113.6569042,22.8766667],[113.6571776,22.8756096],[113.657349,22.8750178],[113.6575468,22.8744414],[113.657825,22.8737856],[113.6580738,22.8732472],[113.6584162,22.8726182],[113.6587736,22.8720281],[113.6596663,22.8707222],[113.6614801,22.8681817],[113.6632346,22.8656759],[113.663692,22.8650387],[113.6640723,22.8645266],[113.6645506,22.8638953],[113.6651089,22.8632032],[113.665571,22.8626777],[113.6664031,22.8618714],[113.6672298,22.8610705],[113.6675143,22.8608134],[113.6678574,22.8605288],[113.6682866,22.860211],[113.6686487,22.8599613],[113.6717006,22.857834],[113.6740209,22.8561822],[113.6742812,22.8559806],[113.6745961,22.8557258],[113.6752089,22.8551417],[113.6755119,22.8548126],[113.6758651,22.8542948],[113.6760099,22.8540046],[113.6767936,22.8521646],[113.6781335,22.8489444],[113.6783128,22.8486723],[113.6784471,22.8485162],[113.6798299,22.8468763],[113.6821876,22.8446437],[113.6841142,22.842852],[113.6851444,22.8416528],[113.6855968,22.8410653],[113.6858846,22.8406367],[113.6861027,22.8402592],[113.6862486,22.8400075],[113.6863785,22.8397522],[113.6864909,22.8394616],[113.6865742,22.8392249],[113.6867979,22.8383647],[113.6870015,22.8374233],[113.6871795,22.8363454],[113.6872617,22.8353896],[113.687297,22.8344032],[113.6874434,22.8333368],[113.6875295,22.8329717],[113.6876718,22.8325598],[113.6882522,22.8313893],[113.6887364,22.8304482],[113.6894146,22.8290348],[113.6896551,22.8285015],[113.6897644,22.8281883],[113.6898291,22.8277874],[113.6906281,22.8207367],[113.6910533,22.8171624],[113.6916903,22.8117787],[113.6917387,22.8110409],[113.6918517,22.8090232],[113.6920071,22.806948],[113.6920734,22.8065329],[113.6921549,22.8061704],[113.6922775,22.8058209],[113.6926938,22.8049125],[113.6928512,22.8046597],[113.6931477,22.8042975],[113.6934673,22.8039313],[113.6938017,22.8036097],[113.6941896,22.8033145],[113.6944911,22.8031032],[113.6949189,22.802841]],[[113.6949189,22.802841],[113.695428,22.8025956],[113.6960344,22.8023594],[113.6968292,22.8020906],[113.698469,22.8015871],[113.6989344,22.8014196],[113.6993593,22.8011973],[113.6999194,22.8008191],[113.7038075,22.7978611],[113.7082272,22.7946964],[113.7129584,22.7913632],[113.713882,22.7908324],[113.7142754,22.7906282],[113.714604,22.7904693],[113.7159365,22.7899365],[113.7164567,22.7897692],[113.7168678,22.789651],[113.7173206,22.7895441],[113.7182774,22.7893471],[113.721657,22.7887151]],[[113.721657,22.7887151],[113.7240805,22.7882612],[113.7263426,22.7878434]],[[113.7263426,22.7878434],[113.7312459,22.7869385],[113.7367177,22.7859197],[113.7424967,22.7848321],[113.7464487,22.7840996],[113.75,22.783442954682357]]]},"properties":{"key":"relation:21157245@detail:454_91","osmType":"relation","osmId":21157245,"sourceRegion":"guangdong","featureType":"service","railClass":"intercity","mode":"train","name":"穗深城际快车：新塘南 =>深圳机场","nameEn":"Guangzhou-Shenzhen ICR Trains Express: Xintangnan => Shenzhen Airport","operator":"广东城际铁路运营有限公司","network":"珠三角城际","status":"operational","color":"#7456A6","dataOrigin":"datum-2026-08-01","sourceKey":"relation:21157245"}},{"type":"Feature","geometry":{"type":"MultiLineString","coordinates":[[[113.75,22.78340634651229],[113.746441,22.7840644],[113.742489,22.7847969],[113.7367099,22.7858845],[113.7312382,22.7869033],[113.7263398,22.7878073]],[[113.7263398,22.7878073],[113.7240726,22.7882262],[113.7216438,22.7886815]],[[113.7216438,22.7886815],[113.7182643,22.7893143],[113.7173071,22.7895144],[113.7168535,22.789621],[113.7164351,22.7897347],[113.7159201,22.7899053],[113.7145924,22.7904295],[113.7142518,22.7905904],[113.7138632,22.7907978],[113.7129348,22.7913346],[113.7082034,22.7946679],[113.7037831,22.797833],[113.6998955,22.8007907],[113.6993381,22.8011671],[113.6989176,22.8013871],[113.6984557,22.8015533],[113.6968163,22.8020567],[113.6960201,22.802326],[113.6954113,22.8025631],[113.6948973,22.8028111]],[[113.6948973,22.8028111],[113.6944685,22.8030739],[113.6941654,22.8032863],[113.6937751,22.8035833],[113.693438,22.8039075],[113.6931169,22.8042754],[113.6928186,22.8046398],[113.6926588,22.8048965],[113.6922409,22.8058083],[113.6921171,22.8061612],[113.692035,22.8065266],[113.6919683,22.8069442],[113.6918128,22.8090211],[113.6916998,22.8110389],[113.6916514,22.8117756],[113.6910145,22.8171585],[113.6905893,22.8207329],[113.6897904,22.8277829],[113.6897263,22.8281801],[113.6896185,22.8284891],[113.6893787,22.8290206],[113.6887009,22.8304332],[113.6882168,22.8313741],[113.6876353,22.8325468],[113.6874918,22.8329624],[113.6874049,22.8333307],[113.6872581,22.8344003],[113.6872227,22.8353876],[113.6871407,22.8363413],[113.6869631,22.8374171],[113.6867598,22.838357],[113.6865366,22.8392152],[113.686454,22.83945],[113.6863424,22.8397385],[113.6862137,22.8399914],[113.6860683,22.8402423],[113.6858508,22.8406188],[113.6855643,22.8410454],[113.6851132,22.8416312],[113.6848299,22.8419609],[113.684085,22.8428281],[113.6821598,22.8446185],[113.6798004,22.8468527],[113.6784164,22.848494],[113.6782807,22.8486517],[113.6780983,22.8489285],[113.6767572,22.8521516],[113.675974,22.8539905],[113.6758307,22.8542777],[113.6754804,22.8547913],[113.67518,22.8551176],[113.6745692,22.8556998],[113.6742558,22.8559533],[113.6739964,22.8561542],[113.6716769,22.8578054],[113.6686252,22.8599326],[113.6682627,22.8601826],[113.6678321,22.8605014],[113.6674876,22.8607872],[113.667202,22.8610453],[113.6663716,22.8618499],[113.6655417,22.862654],[113.6650781,22.8631812],[113.6645189,22.8638743],[113.6640402,22.8645062],[113.6636596,22.8650186],[113.6632019,22.8656562],[113.6614474,22.8681621],[113.6596335,22.8707027],[113.65874,22.8720098],[113.6583817,22.8726014],[113.6580384,22.8732321],[113.6577889,22.873772],[113.65751,22.8744294],[113.6573115,22.8750077],[113.6571398,22.8756008],[113.6568662,22.8766585],[113.6562171,22.8792236],[113.6557601,22.8812576],[113.6554983,22.8826832],[113.6553095,22.8839215],[113.6551485,22.8853251],[113.6548492,22.8876995],[113.6546132,22.8900173],[113.6544753,22.8911043],[113.6544351,22.8917794],[113.6542956,22.8946457],[113.6540381,22.896227],[113.6535939,22.8972381],[113.6530789,22.8979497],[113.6524352,22.8984834],[113.6516627,22.8989183],[113.650783,22.8992741],[113.6499461,22.8995311],[113.6490999,22.8997617],[113.648351,22.8999406],[113.6454588,22.9004758],[113.6423479,22.9009726],[113.6392838,22.9015344],[113.6383579,22.901649],[113.6373666,22.90174],[113.6362357,22.9018131],[113.6351307,22.9018121],[113.6340224,22.9017439],[113.63278,22.901567],[113.63175,22.9013496],[113.6293253,22.900717],[113.6273365,22.9002386]],[[113.6273365,22.9002386],[113.6207154,22.898646],[113.6176201,22.8979196],[113.6172382,22.8978479],[113.6167726,22.8977713],[113.6163692,22.8977293],[113.6156675,22.8977021],[113.611832,22.89767],[113.6114017,22.8976824],[113.6110069,22.8977223],[113.6106163,22.8977852],[113.6102457,22.8978715],[113.6099008,22.8979875],[113.6095242,22.8981444],[113.6092001,22.8983005],[113.6088975,22.8984764],[113.6085883,22.8986819],[113.6083425,22.8988845],[113.608093,22.8991115],[113.6079127,22.8993111],[113.6077518,22.8995128],[113.6076069,22.8997407],[113.6072968,22.9002454],[113.6071467,22.9005168],[113.6070372,22.9007716],[113.6069573,22.901009],[113.6068943,22.9012648],[113.606857,22.9014969],[113.6066865,22.9035728],[113.6064085,22.9067902],[113.6062488,22.9095389],[113.6061626,22.9105956],[113.606076,22.911658],[113.6059192,22.9137039],[113.6058766,22.9141704],[113.6058513,22.9144305],[113.6058016,22.9148059],[113.6057446,22.9151293],[113.6056867,22.9154303],[113.6056086,22.9157954],[113.6053828,22.916635],[113.6050543,22.917696],[113.6046747,22.9188386],[113.6045988,22.9190367],[113.6045033,22.9192564],[113.6043867,22.919476],[113.6040226,22.920121],[113.6035867,22.9207251],[113.6031237,22.9212797],[113.6008005,22.923843],[113.5994028,22.9254963],[113.5986401,22.9264297],[113.598184,22.9270847],[113.597794,22.9277299],[113.5974677,22.9283832],[113.5971847,22.9291309],[113.59699,22.9297799],[113.5968427,22.9304677],[113.5967681,22.9310596],[113.5967314,22.9316322],[113.59673,22.9323437],[113.5967954,22.932912],[113.5968919,22.9334505],[113.5969992,22.9338803],[113.5971226,22.93432],[113.5972889,22.9348288],[113.5975571,22.9355155],[113.5978629,22.9363159],[113.5987181,22.9384698],[113.5992712,22.9398644],[113.5998991,22.9413993],[113.6013268,22.9449795],[113.6018828,22.9463865],[113.6043511,22.9525903],[113.6057551,22.9561038],[113.6073741,22.960142],[113.6082075,22.9623769],[113.6091194,22.9649515],[113.6098867,22.967159],[113.6101679,22.9680024],[113.6104231,22.9688775],[113.6106592,22.9698163],[113.6110326,22.9715172],[113.6115501,22.9739609],[113.6116735,22.9746399],[113.6119254,22.9766635],[113.6122813,22.9798277]],[[113.6122813,22.9798277],[113.6126668,22.983179],[113.6129421,22.9857117]],[[113.6129421,22.9857117],[113.6130413,22.9865683],[113.6130662,22.9867918],[113.6137828,22.9932109],[113.6140749,22.9960088],[113.6141544,22.9966612],[113.6143046,22.9977081],[113.6144978,22.9986759],[113.614752,22.9997687],[113.61481140085482,23.0]]]},"properties":{"key":"relation:21157246@detail:454_91","osmType":"relation","osmId":21157246,"sourceRegion":"guangdong","featureType":"service","railClass":"intercity","mode":"train","name":"穗深城际快车：深圳机场=>新塘南","nameEn":"Guangzhou-Shenzhen ICR Trains Express: Shenzhen Airport => Xintangnan","operator":"广东城际铁路运营有限公司","network":"珠三角城际","status":"operational","color":"#7456A6","dataOrigin":"datum-2026-08-01","sourceKey":"relation:21157246"}},{"type":"Feature","geometry":{"type":"MultiLineString","coordinates":[[[113.61485388645956,23.0],[113.6147901,22.9997609],[113.6145361,22.9986688],[113.6143432,22.9977025],[113.6141932,22.996657],[113.6141138,22.9960051],[113.6138217,22.9932073],[113.6132383,22.987981],[113.6130802,22.9865647],[113.612981,22.9857083]],[[113.612981,22.9857083],[113.6127057,22.9831757],[113.6123195,22.9798196]],[[113.6123195,22.9798196],[113.6119643,22.9766599],[113.6117123,22.9746355],[113.6115913,22.9739522],[113.6110709,22.9715099],[113.6106973,22.9698084],[113.6104744,22.9688809],[113.6102162,22.9679875],[113.6099304,22.9671458],[113.6091702,22.9649407],[113.6082541,22.9623655],[113.6074109,22.9601298],[113.6058025,22.9560883],[113.6043878,22.9525779],[113.6019304,22.9463741],[113.6013689,22.9449623],[113.5999358,22.941387],[113.599308,22.9398522],[113.5987549,22.9384576],[113.5978997,22.9363038],[113.5975939,22.9355034],[113.597326,22.9348175],[113.5971602,22.9343103],[113.5970372,22.9338718],[113.5969303,22.9334435],[113.5968341,22.9329071],[113.596769,22.9323421],[113.5967705,22.9316333],[113.596807,22.9310627],[113.5968814,22.9304731],[113.5970282,22.9297876],[113.5972222,22.9291412],[113.5975043,22.9283959],[113.5978295,22.9277449],[113.598218,22.9271025],[113.598672,22.9264505],[113.5994336,22.9255185],[113.600831,22.9238655],[113.6031546,22.9213018],[113.6036185,22.9207461],[113.6040551,22.920141],[113.6044209,22.9194936],[113.6045366,22.9192721],[113.6046374,22.9190478],[113.604705,22.9188577],[113.6050957,22.9177152],[113.6054288,22.9166499],[113.6056553,22.9158066],[113.6057323,22.9154401],[113.605795,22.9151207],[113.6058509,22.9147878],[113.6058982,22.9144347],[113.6059276,22.9141759],[113.6059705,22.9137139],[113.6061218,22.9116687],[113.6062034,22.9105963],[113.6062949,22.9095445],[113.6064646,22.9067909],[113.6067332,22.9035703],[113.606902,22.9014994],[113.6069434,22.9012744],[113.6070127,22.9010198],[113.6070865,22.9007838],[113.6071959,22.90053],[113.6073363,22.9002701],[113.6076485,22.8997606],[113.6078017,22.8995266],[113.6079492,22.8993289],[113.608129,22.8991332],[113.6083625,22.8989207],[113.6086489,22.898697],[113.6089228,22.8985115],[113.609234,22.8983325],[113.6095408,22.8981771],[113.6099397,22.8980158],[113.6102667,22.8979088],[113.6106302,22.8978215],[113.6110104,22.8977596],[113.6114051,22.8977183],[113.6118322,22.897706],[113.6156663,22.8977381],[113.6163662,22.8977652],[113.616767,22.8978069],[113.6172309,22.8978833],[113.6176117,22.8979548],[113.6207059,22.8986809],[113.6273221,22.9002724]],[[113.6273221,22.9002724],[113.6293149,22.9007517],[113.6317394,22.9013842],[113.6327727,22.9016023],[113.6340181,22.9017796],[113.6351294,22.901848],[113.636237,22.901849],[113.6373699,22.9017758],[113.6383624,22.9016847],[113.6392902,22.9015699],[113.642355,22.9010079],[113.645466,22.9005111],[113.6483597,22.8999756],[113.6491103,22.8997963],[113.6499578,22.8995654],[113.650797,22.8993077],[113.6516808,22.8989502],[113.6524586,22.8985123],[113.6531086,22.8979734],[113.6536286,22.897255],[113.654076,22.8962365],[113.6543345,22.8946492],[113.6544741,22.8917812],[113.6545142,22.8911074],[113.654652,22.8900211],[113.654888,22.8877033],[113.6551873,22.8853291],[113.6553482,22.8839259],[113.6555369,22.8826887],[113.6557984,22.8812642],[113.6562552,22.8792313],[113.6569042,22.8766667],[113.6571776,22.8756096],[113.657349,22.8750178],[113.6575468,22.8744414],[113.657825,22.8737856],[113.6580738,22.8732472],[113.6584162,22.8726182],[113.6587736,22.8720281],[113.6596663,22.8707222],[113.6614801,22.8681817],[113.6632346,22.8656759],[113.663692,22.8650387],[113.6640723,22.8645266],[113.6645506,22.8638953],[113.6651089,22.8632032],[113.665571,22.8626777],[113.6664031,22.8618714],[113.6672298,22.8610705],[113.6675143,22.8608134],[113.6678574,22.8605288],[113.6682866,22.860211],[113.6686487,22.8599613],[113.6717006,22.857834],[113.6740209,22.8561822],[113.6742812,22.8559806],[113.6745961,22.8557258],[113.6752089,22.8551417],[113.6755119,22.8548126],[113.6758651,22.8542948],[113.6760099,22.8540046],[113.6767936,22.8521646],[113.6781335,22.8489444],[113.6783128,22.8486723],[113.6784471,22.8485162],[113.6798299,22.8468763],[113.6821876,22.8446437],[113.6841142,22.842852],[113.6851444,22.8416528],[113.6855968,22.8410653],[113.6858846,22.8406367],[113.6861027,22.8402592],[113.6862486,22.8400075],[113.6863785,22.8397522],[113.6864909,22.8394616],[113.6865742,22.8392249],[113.6867979,22.8383647],[113.6870015,22.8374233],[113.6871795,22.8363454],[113.6872617,22.8353896],[113.687297,22.8344032],[113.6874434,22.8333368],[113.6875295,22.8329717],[113.6876718,22.8325598],[113.6882522,22.8313893],[113.6887364,22.8304482],[113.6894146,22.8290348],[113.6896551,22.8285015],[113.6897644,22.8281883],[113.6898291,22.8277874],[113.6906281,22.8207367],[113.6910533,22.8171624],[113.6916903,22.8117787],[113.6917387,22.8110409],[113.6918517,22.8090232],[113.6920071,22.806948],[113.6920734,22.8065329],[113.6921549,22.8061704],[113.6922775,22.8058209],[113.6926938,22.8049125],[113.6928512,22.8046597],[113.6931477,22.8042975],[113.6934673,22.8039313],[113.6938017,22.8036097],[113.6941896,22.8033145],[113.6944911,22.8031032],[113.6949189,22.802841]],[[113.6949189,22.802841],[113.695428,22.8025956],[113.6960344,22.8023594],[113.6968292,22.8020906],[113.698469,22.8015871],[113.6989344,22.8014196],[113.6993593,22.8011973],[113.6999194,22.8008191],[113.7038075,22.7978611],[113.7082272,22.7946964],[113.7129584,22.7913632],[113.713882,22.7908324],[113.7142754,22.7906282],[113.714604,22.7904693],[113.7159365,22.7899365],[113.7164567,22.7897692],[113.7168678,22.789651],[113.7173206,22.7895441],[113.7182774,22.7893471],[113.721657,22.7887151]],[[113.721657,22.7887151],[113.7240805,22.7882612],[113.7263426,22.7878434]],[[113.7263426,22.7878434],[113.7312459,22.7869385],[113.7367177,22.7859197],[113.7424967,22.7848321],[113.7464487,22.7840996],[113.75,22.783442954682357]]]},"properties":{"key":"relation:21157247@detail:454_91","osmType":"relation","osmId":21157247,"sourceRegion":"guangdong","featureType":"service","railClass":"intercity","mode":"train","name":"琶莲-佛莞-穗深城际快车：琶洲=>深圳机场","nameEn":"Pazhou-Guangzhoulianhuashan - Foshan-Dongguan - Guangzhou-Shenzhen ICR Trains Express: Pazhou => Shenzhen Airport","operator":"广东城际铁路运营有限公司","network":"珠三角城际","status":"operational","color":"#7456A6","dataOrigin":"datum-2026-08-01","sourceKey":"relation:21157247"}},{"type":"Feature","geometry":{"type":"MultiLineString","coordinates":[[[113.75,22.78340634651229],[113.746441,22.7840644],[113.742489,22.7847969],[113.7367099,22.7858845],[113.7312382,22.7869033],[113.7263398,22.7878073]],[[113.7263398,22.7878073],[113.7240726,22.7882262],[113.7216438,22.7886815]],[[113.7216438,22.7886815],[113.7182643,22.7893143],[113.7173071,22.7895144],[113.7168535,22.789621],[113.7164351,22.7897347],[113.7159201,22.7899053],[113.7145924,22.7904295],[113.7142518,22.7905904],[113.7138632,22.7907978],[113.7129348,22.7913346],[113.7082034,22.7946679],[113.7037831,22.797833],[113.6998955,22.8007907],[113.6993381,22.8011671],[113.6989176,22.8013871],[113.6984557,22.8015533],[113.6968163,22.8020567],[113.6960201,22.802326],[113.6954113,22.8025631],[113.6948973,22.8028111]],[[113.6948973,22.8028111],[113.6944685,22.8030739],[113.6941654,22.8032863],[113.6937751,22.8035833],[113.693438,22.8039075],[113.6931169,22.8042754],[113.6928186,22.8046398],[113.6926588,22.8048965],[113.6922409,22.8058083],[113.6921171,22.8061612],[113.692035,22.8065266],[113.6919683,22.8069442],[113.6918128,22.8090211],[113.6916998,22.8110389],[113.6916514,22.8117756],[113.6910145,22.8171585],[113.6905893,22.8207329],[113.6897904,22.8277829],[113.6897263,22.8281801],[113.6896185,22.8284891],[113.6893787,22.8290206],[113.6887009,22.8304332],[113.6882168,22.8313741],[113.6876353,22.8325468],[113.6874918,22.8329624],[113.6874049,22.8333307],[113.6872581,22.8344003],[113.6872227,22.8353876],[113.6871407,22.8363413],[113.6869631,22.8374171],[113.6867598,22.838357],[113.6865366,22.8392152],[113.686454,22.83945],[113.6863424,22.8397385],[113.6862137,22.8399914],[113.6860683,22.8402423],[113.6858508,22.8406188],[113.6855643,22.8410454],[113.6851132,22.8416312],[113.6848299,22.8419609],[113.684085,22.8428281],[113.6821598,22.8446185],[113.6798004,22.8468527],[113.6784164,22.848494],[113.6782807,22.8486517],[113.6780983,22.8489285],[113.6767572,22.8521516],[113.675974,22.8539905],[113.6758307,22.8542777],[113.6754804,22.8547913],[113.67518,22.8551176],[113.6745692,22.8556998],[113.6742558,22.8559533],[113.6739964,22.8561542],[113.6716769,22.8578054],[113.6686252,22.8599326],[113.6682627,22.8601826],[113.6678321,22.8605014],[113.6674876,22.8607872],[113.667202,22.8610453],[113.6663716,22.8618499],[113.6655417,22.862654],[113.6650781,22.8631812],[113.6645189,22.8638743],[113.6640402,22.8645062],[113.6636596,22.8650186],[113.6632019,22.8656562],[113.6614474,22.8681621],[113.6596335,22.8707027],[113.65874,22.8720098],[113.6583817,22.8726014],[113.6580384,22.8732321],[113.6577889,22.873772],[113.65751,22.8744294],[113.6573115,22.8750077],[113.6571398,22.8756008],[113.6568662,22.8766585],[113.6562171,22.8792236],[113.6557601,22.8812576],[113.6554983,22.8826832],[113.6553095,22.8839215],[113.6551485,22.8853251],[113.6548492,22.8876995],[113.6546132,22.8900173],[113.6544753,22.8911043],[113.6544351,22.8917794],[113.6542956,22.8946457],[113.6540381,22.896227],[113.6535939,22.8972381],[113.6530789,22.8979497],[113.6524352,22.8984834],[113.6516627,22.8989183],[113.650783,22.8992741],[113.6499461,22.8995311],[113.6490999,22.8997617],[113.648351,22.8999406],[113.6454588,22.9004758],[113.6423479,22.9009726],[113.6392838,22.9015344],[113.6383579,22.901649],[113.6373666,22.90174],[113.6362357,22.9018131],[113.6351307,22.9018121],[113.6340224,22.9017439],[113.63278,22.901567],[113.63175,22.9013496],[113.6293253,22.900717],[113.6273365,22.9002386]],[[113.6273365,22.9002386],[113.6207154,22.898646],[113.6176201,22.8979196],[113.6172382,22.8978479],[113.6167726,22.8977713],[113.6163692,22.8977293],[113.6156675,22.8977021],[113.611832,22.89767],[113.6114017,22.8976824],[113.6110069,22.8977223],[113.6106163,22.8977852],[113.6102457,22.8978715],[113.6099008,22.8979875],[113.6095242,22.8981444],[113.6092001,22.8983005],[113.6088975,22.8984764],[113.6085883,22.8986819],[113.6083425,22.8988845],[113.608093,22.8991115],[113.6079127,22.8993111],[113.6077518,22.8995128],[113.6076069,22.8997407],[113.6072968,22.9002454],[113.6071467,22.9005168],[113.6070372,22.9007716],[113.6069573,22.901009],[113.6068943,22.9012648],[113.606857,22.9014969],[113.6066865,22.9035728],[113.6064085,22.9067902],[113.6062488,22.9095389],[113.6061626,22.9105956],[113.606076,22.911658],[113.6059192,22.9137039],[113.6058766,22.9141704],[113.6058513,22.9144305],[113.6058016,22.9148059],[113.6057446,22.9151293],[113.6056867,22.9154303],[113.6056086,22.9157954],[113.6053828,22.916635],[113.6050543,22.917696],[113.6046747,22.9188386],[113.6045988,22.9190367],[113.6045033,22.9192564],[113.6043867,22.919476],[113.6040226,22.920121],[113.6035867,22.9207251],[113.6031237,22.9212797],[113.6008005,22.923843],[113.5994028,22.9254963],[113.5986401,22.9264297],[113.598184,22.9270847],[113.597794,22.9277299],[113.5974677,22.9283832],[113.5971847,22.9291309],[113.59699,22.9297799],[113.5968427,22.9304677],[113.5967681,22.9310596],[113.5967314,22.9316322],[113.59673,22.9323437],[113.5967954,22.932912],[113.5968919,22.9334505],[113.5969992,22.9338803],[113.5971226,22.93432],[113.5972889,22.9348288],[113.5975571,22.9355155],[113.5978629,22.9363159],[113.5987181,22.9384698],[113.5992712,22.9398644],[113.5998991,22.9413993],[113.6013268,22.9449795],[113.6018828,22.9463865],[113.6043511,22.9525903],[113.6057551,22.9561038],[113.6073741,22.960142],[113.6082075,22.9623769],[113.6091194,22.9649515],[113.6098867,22.967159],[113.6101679,22.9680024],[113.6104231,22.9688775],[113.6106592,22.9698163],[113.6110326,22.9715172],[113.6115501,22.9739609],[113.6116735,22.9746399],[113.6119254,22.9766635],[113.6122813,22.9798277]],[[113.6122813,22.9798277],[113.6126668,22.983179],[113.6129421,22.9857117]],[[113.6129421,22.9857117],[113.6130413,22.9865683],[113.6130662,22.9867918],[113.6137828,22.9932109],[113.6140749,22.9960088],[113.6141544,22.9966612],[113.6143046,22.9977081],[113.6144978,22.9986759],[113.614752,22.9997687],[113.61481140085482,23.0]]]},"properties":{"key":"relation:21157248@detail:454_91","osmType":"relation","osmId":21157248,"sourceRegion":"guangdong","featureType":"service","railClass":"intercity","mode":"train","name":"琶莲-佛莞-穗深城际快车：深圳机场=>琶洲","nameEn":"Pazhou-Guangzhoulianhuashan - Foshan-Dongguan - Guangzhou-Shenzhen ICR Trains Express: Shenzhen Airport => Pazhou","operator":"广东城际铁路运营有限公司","network":"珠三角城际","status":"operational","color":"#7456A6","dataOrigin":"datum-2026-08-01","sourceKey":"relation:21157248"}},{"type":"Feature","geometry":{"type":"MultiLineString","coordinates":[[[113.61485388645956,23.0],[113.6147901,22.9997609],[113.6145361,22.9986688],[113.6143432,22.9977025],[113.6141932,22.996657],[113.6141138,22.9960051],[113.6138217,22.9932073],[113.6132383,22.987981],[113.6130802,22.9865647],[113.612981,22.9857083]],[[113.612981,22.9857083],[113.6127057,22.9831757],[113.6123195,22.9798196]],[[113.6123195,22.9798196],[113.6119643,22.9766599],[113.6117123,22.9746355],[113.6115913,22.9739522],[113.6110709,22.9715099],[113.6106973,22.9698084],[113.6104744,22.9688809],[113.6102162,22.9679875],[113.6099304,22.9671458],[113.6091702,22.9649407],[113.6082541,22.9623655],[113.6074109,22.9601298],[113.6058025,22.9560883],[113.6043878,22.9525779],[113.6019304,22.9463741],[113.6013689,22.9449623],[113.5999358,22.941387],[113.599308,22.9398522],[113.5987549,22.9384576],[113.5978997,22.9363038],[113.5975939,22.9355034],[113.597326,22.9348175],[113.5971602,22.9343103],[113.5970372,22.9338718],[113.5969303,22.9334435],[113.5968341,22.9329071],[113.596769,22.9323421],[113.5967705,22.9316333],[113.596807,22.9310627],[113.5968814,22.9304731],[113.5970282,22.9297876],[113.5972222,22.9291412],[113.5975043,22.9283959],[113.5978295,22.9277449],[113.598218,22.9271025],[113.598672,22.9264505],[113.5994336,22.9255185],[113.600831,22.9238655],[113.6031546,22.9213018],[113.6036185,22.9207461],[113.6040551,22.920141],[113.6044209,22.9194936],[113.6045366,22.9192721],[113.6046374,22.9190478],[113.604705,22.9188577],[113.6050957,22.9177152],[113.6054288,22.9166499],[113.6056553,22.9158066],[113.6057323,22.9154401],[113.605795,22.9151207],[113.6058509,22.9147878],[113.6058982,22.9144347],[113.6059276,22.9141759],[113.6059705,22.9137139],[113.6061218,22.9116687],[113.6062034,22.9105963],[113.6062949,22.9095445],[113.6064646,22.9067909],[113.6067332,22.9035703],[113.606902,22.9014994],[113.6069434,22.9012744],[113.6070127,22.9010198],[113.6070865,22.9007838],[113.6071959,22.90053],[113.6073363,22.9002701],[113.6076485,22.8997606],[113.6078017,22.8995266],[113.6079492,22.8993289],[113.608129,22.8991332],[113.6083625,22.8989207],[113.6086489,22.898697],[113.6089228,22.8985115],[113.609234,22.8983325],[113.6095408,22.8981771],[113.6099397,22.8980158],[113.6102667,22.8979088],[113.6106302,22.8978215],[113.6110104,22.8977596],[113.6114051,22.8977183],[113.6118322,22.897706],[113.6156663,22.8977381],[113.6163662,22.8977652],[113.616767,22.8978069],[113.6172309,22.8978833],[113.6176117,22.8979548],[113.6207059,22.8986809],[113.6273221,22.9002724]],[[113.6273221,22.9002724],[113.6293149,22.9007517],[113.6317394,22.9013842],[113.6327727,22.9016023],[113.6340181,22.9017796],[113.6351294,22.901848],[113.636237,22.901849],[113.6373699,22.9017758],[113.6383624,22.9016847],[113.6392902,22.9015699],[113.642355,22.9010079],[113.645466,22.9005111],[113.6483597,22.8999756],[113.6491103,22.8997963],[113.6499578,22.8995654],[113.650797,22.8993077],[113.6516808,22.8989502],[113.6524586,22.8985123],[113.6531086,22.8979734],[113.6536286,22.897255],[113.654076,22.8962365],[113.6543345,22.8946492],[113.6544741,22.8917812],[113.6545142,22.8911074],[113.654652,22.8900211],[113.654888,22.8877033],[113.6551873,22.8853291],[113.6553482,22.8839259],[113.6555369,22.8826887],[113.6557984,22.8812642],[113.6562552,22.8792313],[113.6569042,22.8766667],[113.6571776,22.8756096],[113.657349,22.8750178],[113.6575468,22.8744414],[113.657825,22.8737856],[113.6580738,22.8732472],[113.6584162,22.8726182],[113.6587736,22.8720281],[113.6596663,22.8707222],[113.6614801,22.8681817],[113.6632346,22.8656759],[113.663692,22.8650387],[113.6640723,22.8645266],[113.6645506,22.8638953],[113.6651089,22.8632032],[113.665571,22.8626777],[113.6664031,22.8618714],[113.6672298,22.8610705],[113.6675143,22.8608134],[113.6678574,22.8605288],[113.6682866,22.860211],[113.6686487,22.8599613],[113.6717006,22.857834],[113.6740209,22.8561822],[113.6742812,22.8559806],[113.6745961,22.8557258],[113.6752089,22.8551417],[113.6755119,22.8548126],[113.6758651,22.8542948],[113.6760099,22.8540046],[113.6767936,22.8521646],[113.6781335,22.8489444],[113.6783128,22.8486723],[113.6784471,22.8485162],[113.6798299,22.8468763],[113.6821876,22.8446437],[113.6841142,22.842852],[113.6851444,22.8416528],[113.6855968,22.8410653],[113.6858846,22.8406367],[113.6861027,22.8402592],[113.6862486,22.8400075],[113.6863785,22.8397522],[113.6864909,22.8394616],[113.6865742,22.8392249],[113.6867979,22.8383647],[113.6870015,22.8374233],[113.6871795,22.8363454],[113.6872617,22.8353896],[113.687297,22.8344032],[113.6874434,22.8333368],[113.6875295,22.8329717],[113.6876718,22.8325598],[113.6882522,22.8313893],[113.6887364,22.8304482],[113.6894146,22.8290348],[113.6896551,22.8285015],[113.6897644,22.8281883],[113.6898291,22.8277874],[113.6906281,22.8207367],[113.6910533,22.8171624],[113.6916903,22.8117787],[113.6917387,22.8110409],[113.6918517,22.8090232],[113.6920071,22.806948],[113.6920734,22.8065329],[113.6921549,22.8061704],[113.6922775,22.8058209],[113.6926938,22.8049125],[113.6928512,22.8046597],[113.6931477,22.8042975],[113.6934673,22.8039313],[113.6938017,22.8036097],[113.6941896,22.8033145],[113.6944911,22.8031032],[113.6949189,22.802841]],[[113.6949189,22.802841],[113.695428,22.8025956],[113.6960344,22.8023594],[113.6968292,22.8020906],[113.698469,22.8015871],[113.6989344,22.8014196],[113.6993593,22.8011973],[113.6999194,22.8008191],[113.7038075,22.7978611],[113.7082272,22.7946964],[113.7129584,22.7913632],[113.713882,22.7908324],[113.7142754,22.7906282],[113.714604,22.7904693],[113.7159365,22.7899365],[113.7164567,22.7897692],[113.7168678,22.789651],[113.7173206,22.7895441],[113.7182774,22.7893471],[113.721657,22.7887151]],[[113.721657,22.7887151],[113.7240805,22.7882612],[113.7263426,22.7878434]],[[113.7263426,22.7878434],[113.7312459,22.7869385],[113.7367177,22.7859197],[113.7424967,22.7848321],[113.7464487,22.7840996],[113.75,22.783442954682357]]]},"properties":{"key":"relation:21171637@detail:454_91","osmType":"relation","osmId":21171637,"sourceRegion":"guangdong","featureType":"service","railClass":"intercity","mode":"train","name":"穗深城际快车：竹料=>深圳机场","nameEn":"Guangzhou-Shenzhen ICR Trains Express: Zhuliao => Shenzhen Airport","operator":"广东城际铁路运营有限公司","network":"珠三角城际","status":"operational","color":"#7456A6","dataOrigin":"datum-2026-08-01","sourceKey":"relation:21171637"}},{"type":"Feature","geometry":{"type":"MultiLineString","coordinates":[[[113.61485388645956,23.0],[113.6147901,22.9997609],[113.6145361,22.9986688],[113.6143432,22.9977025],[113.6141932,22.996657],[113.6141138,22.9960051],[113.6138217,22.9932073],[113.6132383,22.987981],[113.6130802,22.9865647],[113.612981,22.9857083]],[[113.612981,22.9857083],[113.6127057,22.9831757],[113.6123195,22.9798196]],[[113.6123195,22.9798196],[113.6119643,22.9766599],[113.6117123,22.9746355],[113.6115913,22.9739522],[113.6110709,22.9715099],[113.6106973,22.9698084],[113.6104744,22.9688809],[113.6102162,22.9679875],[113.6099304,22.9671458],[113.6091702,22.9649407],[113.6082541,22.9623655],[113.6074109,22.9601298],[113.6058025,22.9560883],[113.6043878,22.9525779],[113.6019304,22.9463741],[113.6013689,22.9449623],[113.5999358,22.941387],[113.599308,22.9398522],[113.5987549,22.9384576],[113.5978997,22.9363038],[113.5975939,22.9355034],[113.597326,22.9348175],[113.5971602,22.9343103],[113.5970372,22.9338718],[113.5969303,22.9334435],[113.5968341,22.9329071],[113.596769,22.9323421],[113.5967705,22.9316333],[113.596807,22.9310627],[113.5968814,22.9304731],[113.5970282,22.9297876],[113.5972222,22.9291412],[113.5975043,22.9283959],[113.5978295,22.9277449],[113.598218,22.9271025],[113.598672,22.9264505],[113.5994336,22.9255185],[113.600831,22.9238655],[113.6031546,22.9213018],[113.6036185,22.9207461],[113.6040551,22.920141],[113.6044209,22.9194936],[113.6045366,22.9192721],[113.6046374,22.9190478],[113.604705,22.9188577],[113.6050957,22.9177152],[113.6054288,22.9166499],[113.6056553,22.9158066],[113.6057323,22.9154401],[113.605795,22.9151207],[113.6058509,22.9147878],[113.6058982,22.9144347],[113.6059276,22.9141759],[113.6059705,22.9137139],[113.6061218,22.9116687],[113.6062034,22.9105963],[113.6062949,22.9095445],[113.6064646,22.9067909],[113.6067332,22.9035703],[113.606902,22.9014994],[113.6069434,22.9012744],[113.6070127,22.9010198],[113.6070865,22.9007838],[113.6071959,22.90053],[113.6073363,22.9002701],[113.6076485,22.8997606],[113.6078017,22.8995266],[113.6079492,22.8993289],[113.608129,22.8991332],[113.6083625,22.8989207],[113.6086489,22.898697],[113.6089228,22.8985115],[113.609234,22.8983325],[113.6095408,22.8981771],[113.6099397,22.8980158],[113.6102667,22.8979088],[113.6106302,22.8978215],[113.6110104,22.8977596],[113.6114051,22.8977183],[113.6118322,22.897706],[113.6156663,22.8977381],[113.6163662,22.8977652],[113.616767,22.8978069],[113.6172309,22.8978833],[113.6176117,22.8979548],[113.6207059,22.8986809],[113.6273221,22.9002724]],[[113.6273221,22.9002724],[113.6293149,22.9007517],[113.6317394,22.9013842],[113.6327727,22.9016023],[113.6340181,22.9017796],[113.6351294,22.901848],[113.636237,22.901849],[113.6373699,22.9017758],[113.6383624,22.9016847],[113.6392902,22.9015699],[113.642355,22.9010079],[113.645466,22.9005111],[113.6483597,22.8999756],[113.6491103,22.8997963],[113.6499578,22.8995654],[113.650797,22.8993077],[113.6516808,22.8989502],[113.6524586,22.8985123],[113.6531086,22.8979734],[113.6536286,22.897255],[113.654076,22.8962365],[113.6543345,22.8946492],[113.6544741,22.8917812],[113.6545142,22.8911074],[113.654652,22.8900211],[113.654888,22.8877033],[113.6551873,22.8853291],[113.6553482,22.8839259],[113.6555369,22.8826887],[113.6557984,22.8812642],[113.6562552,22.8792313],[113.6569042,22.8766667],[113.6571776,22.8756096],[113.657349,22.8750178],[113.6575468,22.8744414],[113.657825,22.8737856],[113.6580738,22.8732472],[113.6584162,22.8726182],[113.6587736,22.8720281],[113.6596663,22.8707222],[113.6614801,22.8681817],[113.6632346,22.8656759],[113.663692,22.8650387],[113.6640723,22.8645266],[113.6645506,22.8638953],[113.6651089,22.8632032],[113.665571,22.8626777],[113.6664031,22.8618714],[113.6672298,22.8610705],[113.6675143,22.8608134],[113.6678574,22.8605288],[113.6682866,22.860211],[113.6686487,22.8599613],[113.6717006,22.857834],[113.6740209,22.8561822],[113.6742812,22.8559806],[113.6745961,22.8557258],[113.6752089,22.8551417],[113.6755119,22.8548126],[113.6758651,22.8542948],[113.6760099,22.8540046],[113.6767936,22.8521646],[113.6781335,22.8489444],[113.6783128,22.8486723],[113.6784471,22.8485162],[113.6798299,22.8468763],[113.6821876,22.8446437],[113.6841142,22.842852],[113.6851444,22.8416528],[113.6855968,22.8410653],[113.6858846,22.8406367],[113.6861027,22.8402592],[113.6862486,22.8400075],[113.6863785,22.8397522],[113.6864909,22.8394616],[113.6865742,22.8392249],[113.6867979,22.8383647],[113.6870015,22.8374233],[113.6871795,22.8363454],[113.6872617,22.8353896],[113.687297,22.8344032],[113.6874434,22.8333368],[113.6875295,22.8329717],[113.6876718,22.8325598],[113.6882522,22.8313893],[113.6887364,22.8304482],[113.6894146,22.8290348],[113.6896551,22.8285015],[113.6897644,22.8281883],[113.6898291,22.8277874],[113.6906281,22.8207367],[113.6910533,22.8171624],[113.6916903,22.8117787],[113.6917387,22.8110409],[113.6918517,22.8090232],[113.6920071,22.806948],[113.6920734,22.8065329],[113.6921549,22.8061704],[113.6922775,22.8058209],[113.6926938,22.8049125],[113.6928512,22.8046597],[113.6931477,22.8042975],[113.6934673,22.8039313],[113.6938017,22.8036097],[113.6941896,22.8033145],[113.6944911,22.8031032],[113.6949189,22.802841]],[[113.6949189,22.802841],[113.695428,22.8025956],[113.6960344,22.8023594],[113.6968292,22.8020906],[113.698469,22.8015871],[113.6989344,22.8014196],[113.6993593,22.8011973],[113.6999194,22.8008191],[113.7038075,22.7978611],[113.7082272,22.7946964],[113.7129584,22.7913632],[113.713882,22.7908324],[113.7142754,22.7906282],[113.714604,22.7904693],[113.7159365,22.7899365],[113.7164567,22.7897692],[113.7168678,22.789651],[113.7173206,22.7895441],[113.7182774,22.7893471],[113.721657,22.7887151]],[[113.721657,22.7887151],[113.7240805,22.7882612],[113.7263426,22.7878434]],[[113.7263426,22.7878434],[113.7312459,22.7869385],[113.7367177,22.7859197],[113.7424967,22.7848321],[113.7464487,22.7840996],[113.75,22.783442954682357]]]},"properties":{"key":"relation:21171638@detail:454_91","osmType":"relation","osmId":21171638,"sourceRegion":"guangdong","featureType":"service","railClass":"intercity","mode":"train","name":"穗深城际快车：白云机场北=>深圳机场","nameEn":"Guangzhou-Shenzhen ICR Trains Express: Baiyun Airport North => Shenzhen Airport","operator":"广东城际铁路运营有限公司","network":"珠三角城际","status":"operational","color":"#7456A6","dataOrigin":"datum-2026-08-01","sourceKey":"relation:21171638"}},{"type":"Feature","geometry":{"type":"MultiLineString","coordinates":[[[113.75,22.78340634651229],[113.746441,22.7840644],[113.742489,22.7847969],[113.7367099,22.7858845],[113.7312382,22.7869033],[113.7263398,22.7878073]],[[113.7263398,22.7878073],[113.7240726,22.7882262],[113.7216438,22.7886815]],[[113.7216438,22.7886815],[113.7182643,22.7893143],[113.7173071,22.7895144],[113.7168535,22.789621],[113.7164351,22.7897347],[113.7159201,22.7899053],[113.7145924,22.7904295],[113.7142518,22.7905904],[113.7138632,22.7907978],[113.7129348,22.7913346],[113.7082034,22.7946679],[113.7037831,22.797833],[113.6998955,22.8007907],[113.6993381,22.8011671],[113.6989176,22.8013871],[113.6984557,22.8015533],[113.6968163,22.8020567],[113.6960201,22.802326],[113.6954113,22.8025631],[113.6948973,22.8028111]],[[113.6948973,22.8028111],[113.6944685,22.8030739],[113.6941654,22.8032863],[113.6937751,22.8035833],[113.693438,22.8039075],[113.6931169,22.8042754],[113.6928186,22.8046398],[113.6926588,22.8048965],[113.6922409,22.8058083],[113.6921171,22.8061612],[113.692035,22.8065266],[113.6919683,22.8069442],[113.6918128,22.8090211],[113.6916998,22.8110389],[113.6916514,22.8117756],[113.6910145,22.8171585],[113.6905893,22.8207329],[113.6897904,22.8277829],[113.6897263,22.8281801],[113.6896185,22.8284891],[113.6893787,22.8290206],[113.6887009,22.8304332],[113.6882168,22.8313741],[113.6876353,22.8325468],[113.6874918,22.8329624],[113.6874049,22.8333307],[113.6872581,22.8344003],[113.6872227,22.8353876],[113.6871407,22.8363413],[113.6869631,22.8374171],[113.6867598,22.838357],[113.6865366,22.8392152],[113.686454,22.83945],[113.6863424,22.8397385],[113.6862137,22.8399914],[113.6860683,22.8402423],[113.6858508,22.8406188],[113.6855643,22.8410454],[113.6851132,22.8416312],[113.6848299,22.8419609],[113.684085,22.8428281],[113.6821598,22.8446185],[113.6798004,22.8468527],[113.6784164,22.848494],[113.6782807,22.8486517],[113.6780983,22.8489285],[113.6767572,22.8521516],[113.675974,22.8539905],[113.6758307,22.8542777],[113.6754804,22.8547913],[113.67518,22.8551176],[113.6745692,22.8556998],[113.6742558,22.8559533],[113.6739964,22.8561542],[113.6716769,22.8578054],[113.6686252,22.8599326],[113.6682627,22.8601826],[113.6678321,22.8605014],[113.6674876,22.8607872],[113.667202,22.8610453],[113.6663716,22.8618499],[113.6655417,22.862654],[113.6650781,22.8631812],[113.6645189,22.8638743],[113.6640402,22.8645062],[113.6636596,22.8650186],[113.6632019,22.8656562],[113.6614474,22.8681621],[113.6596335,22.8707027],[113.65874,22.8720098],[113.6583817,22.8726014],[113.6580384,22.8732321],[113.6577889,22.873772],[113.65751,22.8744294],[113.6573115,22.8750077],[113.6571398,22.8756008],[113.6568662,22.8766585],[113.6562171,22.8792236],[113.6557601,22.8812576],[113.6554983,22.8826832],[113.6553095,22.8839215],[113.6551485,22.8853251],[113.6548492,22.8876995],[113.6546132,22.8900173],[113.6544753,22.8911043],[113.6544351,22.8917794],[113.6542956,22.8946457],[113.6540381,22.896227],[113.6535939,22.8972381],[113.6530789,22.8979497],[113.6524352,22.8984834],[113.6516627,22.8989183],[113.650783,22.8992741],[113.6499461,22.8995311],[113.6490999,22.8997617],[113.648351,22.8999406],[113.6454588,22.9004758],[113.6423479,22.9009726],[113.6392838,22.9015344],[113.6383579,22.901649],[113.6373666,22.90174],[113.6362357,22.9018131],[113.6351307,22.9018121],[113.6340224,22.9017439],[113.63278,22.901567],[113.63175,22.9013496],[113.6293253,22.900717],[113.6273365,22.9002386]],[[113.6273365,22.9002386],[113.6207154,22.898646],[113.6176201,22.8979196],[113.6172382,22.8978479],[113.6167726,22.8977713],[113.6163692,22.8977293],[113.6156675,22.8977021],[113.611832,22.89767],[113.6114017,22.8976824],[113.6110069,22.8977223],[113.6106163,22.8977852],[113.6102457,22.8978715],[113.6099008,22.8979875],[113.6095242,22.8981444],[113.6092001,22.8983005],[113.6088975,22.8984764],[113.6085883,22.8986819],[113.6083425,22.8988845],[113.608093,22.8991115],[113.6079127,22.8993111],[113.6077518,22.8995128],[113.6076069,22.8997407],[113.6072968,22.9002454],[113.6071467,22.9005168],[113.6070372,22.9007716],[113.6069573,22.901009],[113.6068943,22.9012648],[113.606857,22.9014969],[113.6066865,22.9035728],[113.6064085,22.9067902],[113.6062488,22.9095389],[113.6061626,22.9105956],[113.606076,22.911658],[113.6059192,22.9137039],[113.6058766,22.9141704],[113.6058513,22.9144305],[113.6058016,22.9148059],[113.6057446,22.9151293],[113.6056867,22.9154303],[113.6056086,22.9157954],[113.6053828,22.916635],[113.6050543,22.917696],[113.6046747,22.9188386],[113.6045988,22.9190367],[113.6045033,22.9192564],[113.6043867,22.919476],[113.6040226,22.920121],[113.6035867,22.9207251],[113.6031237,22.9212797],[113.6008005,22.923843],[113.5994028,22.9254963],[113.5986401,22.9264297],[113.598184,22.9270847],[113.597794,22.9277299],[113.5974677,22.9283832],[113.5971847,22.9291309],[113.59699,22.9297799],[113.5968427,22.9304677],[113.5967681,22.9310596],[113.5967314,22.9316322],[113.59673,22.9323437],[113.5967954,22.932912],[113.5968919,22.9334505],[113.5969992,22.9338803],[113.5971226,22.93432],[113.5972889,22.9348288],[113.5975571,22.9355155],[113.5978629,22.9363159],[113.5987181,22.9384698],[113.5992712,22.9398644],[113.5998991,22.9413993],[113.6013268,22.9449795],[113.6018828,22.9463865],[113.6043511,22.9525903],[113.6057551,22.9561038],[113.6073741,22.960142],[113.6082075,22.9623769],[113.6091194,22.9649515],[113.6098867,22.967159],[113.6101679,22.9680024],[113.6104231,22.9688775],[113.6106592,22.9698163],[113.6110326,22.9715172],[113.6115501,22.9739609],[113.6116735,22.9746399],[113.6119254,22.9766635],[113.6122813,22.9798277]],[[113.6122813,22.9798277],[113.6126668,22.983179],[113.6129421,22.9857117]],[[113.6129421,22.9857117],[113.6130413,22.9865683],[113.6130662,22.9867918],[113.6137828,22.9932109],[113.6140749,22.9960088],[113.6141544,22.9966612],[113.6143046,22.9977081],[113.6144978,22.9986759],[113.614752,22.9997687],[113.61481140085482,23.0]]]},"properties":{"key":"relation:21171639@detail:454_91","osmType":"relation","osmId":21171639,"sourceRegion":"guangdong","featureType":"service","railClass":"intercity","mode":"train","name":"穗深城际快车：深圳机场=>白云机场北","nameEn":"Guangzhou-Shenzhen ICR Trains Express: Shenzhen Airport => Baiyun Airport North","operator":"广东城际铁路运营有限公司","network":"珠三角城际","status":"operational","color":"#7456A6","dataOrigin":"datum-2026-08-01","sourceKey":"relation:21171639"}},{"type":"Feature","geometry":{"type":"MultiLineString","coordinates":[[[113.61485388645956,23.0],[113.6147901,22.9997609],[113.6145361,22.9986688],[113.6143432,22.9977025],[113.6141932,22.996657],[113.6141138,22.9960051],[113.6138217,22.9932073],[113.6132383,22.987981],[113.6130802,22.9865647],[113.612981,22.9857083]],[[113.6123195,22.9798196],[113.6124852,22.9808042],[113.6125922,22.9813956],[113.6126376,22.9816324],[113.6127408,22.9822601],[113.6128472,22.9831638],[113.6129231,22.9838057],[113.6129498,22.9841154],[113.6129626,22.984498],[113.612966,22.9847679],[113.6129647,22.9850535],[113.612981,22.9857083]],[[113.6123195,22.9798196],[113.6119643,22.9766599],[113.6117123,22.9746355],[113.6115913,22.9739522],[113.6110709,22.9715099],[113.6106973,22.9698084],[113.6104744,22.9688809],[113.6102162,22.9679875],[113.6099304,22.9671458],[113.6091702,22.9649407],[113.6082541,22.9623655],[113.6074109,22.9601298],[113.6058025,22.9560883],[113.6043878,22.9525779],[113.6019304,22.9463741],[113.6013689,22.9449623],[113.5999358,22.941387],[113.599308,22.9398522],[113.5987549,22.9384576],[113.5978997,22.9363038],[113.5975939,22.9355034],[113.597326,22.9348175],[113.5971602,22.9343103],[113.5970372,22.9338718],[113.5969303,22.9334435],[113.5968341,22.9329071],[113.596769,22.9323421],[113.5967705,22.9316333],[113.596807,22.9310627],[113.5968814,22.9304731],[113.5970282,22.9297876],[113.5972222,22.9291412],[113.5975043,22.9283959],[113.5978295,22.9277449],[113.598218,22.9271025],[113.598672,22.9264505],[113.5994336,22.9255185],[113.600831,22.9238655],[113.6031546,22.9213018],[113.6036185,22.9207461],[113.6040551,22.920141],[113.6044209,22.9194936],[113.6045366,22.9192721],[113.6046374,22.9190478],[113.604705,22.9188577],[113.6050957,22.9177152],[113.6054288,22.9166499],[113.6056553,22.9158066],[113.6057323,22.9154401],[113.605795,22.9151207],[113.6058509,22.9147878],[113.6058982,22.9144347],[113.6059276,22.9141759],[113.6059705,22.9137139],[113.6061218,22.9116687],[113.6062034,22.9105963],[113.6062949,22.9095445],[113.6064646,22.9067909],[113.6067332,22.9035703],[113.606902,22.9014994],[113.6069434,22.9012744],[113.6070127,22.9010198],[113.6070865,22.9007838],[113.6071959,22.90053],[113.6073363,22.9002701],[113.6076485,22.8997606],[113.6078017,22.8995266],[113.6079492,22.8993289],[113.608129,22.8991332],[113.6083625,22.8989207],[113.6086489,22.898697],[113.6089228,22.8985115],[113.609234,22.8983325],[113.6095408,22.8981771],[113.6099397,22.8980158],[113.6102667,22.8979088],[113.6106302,22.8978215],[113.6110104,22.8977596],[113.6114051,22.8977183],[113.6118322,22.897706],[113.6156663,22.8977381],[113.6163662,22.8977652],[113.616767,22.8978069],[113.6172309,22.8978833],[113.6176117,22.8979548],[113.6207059,22.8986809],[113.6273221,22.9002724]],[[113.6273221,22.9002724],[113.6293149,22.9007517],[113.6317394,22.9013842],[113.6327727,22.9016023],[113.6340181,22.9017796],[113.6351294,22.901848],[113.636237,22.901849],[113.6373699,22.9017758],[113.6383624,22.9016847],[113.6392902,22.9015699],[113.642355,22.9010079],[113.645466,22.9005111],[113.6483597,22.8999756],[113.6491103,22.8997963],[113.6499578,22.8995654],[113.650797,22.8993077],[113.6516808,22.8989502],[113.6524586,22.8985123],[113.6531086,22.8979734],[113.6536286,22.897255],[113.654076,22.8962365],[113.6543345,22.8946492],[113.6544741,22.8917812],[113.6545142,22.8911074],[113.654652,22.8900211],[113.654888,22.8877033],[113.6551873,22.8853291],[113.6553482,22.8839259],[113.6555369,22.8826887],[113.6557984,22.8812642],[113.6562552,22.8792313],[113.6569042,22.8766667],[113.6571776,22.8756096],[113.657349,22.8750178],[113.6575468,22.8744414],[113.657825,22.8737856],[113.6580738,22.8732472],[113.6584162,22.8726182],[113.6587736,22.8720281],[113.6596663,22.8707222],[113.6614801,22.8681817],[113.6632346,22.8656759],[113.663692,22.8650387],[113.6640723,22.8645266],[113.6645506,22.8638953],[113.6651089,22.8632032],[113.665571,22.8626777],[113.6664031,22.8618714],[113.6672298,22.8610705],[113.6675143,22.8608134],[113.6678574,22.8605288],[113.6682866,22.860211],[113.6686487,22.8599613],[113.6717006,22.857834],[113.6740209,22.8561822],[113.6742812,22.8559806],[113.6745961,22.8557258],[113.6752089,22.8551417],[113.6755119,22.8548126],[113.6758651,22.8542948],[113.6760099,22.8540046],[113.6767936,22.8521646],[113.6781335,22.8489444],[113.6783128,22.8486723],[113.6784471,22.8485162],[113.6798299,22.8468763],[113.6821876,22.8446437],[113.6841142,22.842852],[113.6851444,22.8416528],[113.6855968,22.8410653],[113.6858846,22.8406367],[113.6861027,22.8402592],[113.6862486,22.8400075],[113.6863785,22.8397522],[113.6864909,22.8394616],[113.6865742,22.8392249],[113.6867979,22.8383647],[113.6870015,22.8374233],[113.6871795,22.8363454],[113.6872617,22.8353896],[113.687297,22.8344032],[113.6874434,22.8333368],[113.6875295,22.8329717],[113.6876718,22.8325598],[113.6882522,22.8313893],[113.6887364,22.8304482],[113.6894146,22.8290348],[113.6896551,22.8285015],[113.6897644,22.8281883],[113.6898291,22.8277874],[113.6906281,22.8207367],[113.6910533,22.8171624],[113.6916903,22.8117787],[113.6917387,22.8110409],[113.6918517,22.8090232],[113.6920071,22.806948],[113.6920734,22.8065329],[113.6921549,22.8061704],[113.6922775,22.8058209],[113.6926938,22.8049125],[113.6928512,22.8046597],[113.6931477,22.8042975],[113.6934673,22.8039313],[113.6938017,22.8036097],[113.6941896,22.8033145],[113.6944911,22.8031032],[113.6949189,22.802841]],[[113.6949189,22.802841],[113.695428,22.8025956],[113.6960344,22.8023594],[113.6968292,22.8020906],[113.698469,22.8015871],[113.6989344,22.8014196],[113.6993593,22.8011973],[113.6999194,22.8008191],[113.7038075,22.7978611],[113.7082272,22.7946964],[113.7129584,22.7913632],[113.713882,22.7908324],[113.7142754,22.7906282],[113.714604,22.7904693],[113.7159365,22.7899365],[113.7164567,22.7897692],[113.7168678,22.789651],[113.7173206,22.7895441],[113.7182774,22.7893471],[113.721657,22.7887151]],[[113.7263426,22.7878434],[113.7260095,22.7879379],[113.7256354,22.7880592],[113.7253726,22.7881555],[113.7251526,22.7882149],[113.7248267,22.7882928],[113.7244982,22.788362],[113.7241205,22.7884373],[113.7237887,22.788503],[113.7235714,22.7885401],[113.7233502,22.7885759],[113.7231034,22.7886056],[113.7227628,22.7886402],[113.7224919,22.78866],[113.7221418,22.788686],[113.721657,22.7887151]],[[113.7263426,22.7878434],[113.7312459,22.7869385],[113.7367177,22.7859197],[113.7424967,22.7848321],[113.7464487,22.7840996],[113.75,22.783442954682357]]]},"properties":{"key":"relation:21171640@detail:454_91","osmType":"relation","osmId":21171640,"sourceRegion":"guangdong","featureType":"service","railClass":"intercity","mode":"train","name":"穗深城际：竹料=>深圳机场","nameEn":"Guangzhou-Shenzhen ICR Trains: Zhuliao => Shenzhen Airport","operator":"广东城际铁路运营有限公司","network":"珠三角城际","status":"operational","color":"#7456A6","dataOrigin":"datum-2026-08-01","sourceKey":"relation:21171640"}},{"type":"Feature","geometry":{"type":"MultiLineString","coordinates":[[[113.75,22.78340634651229],[113.746441,22.7840644],[113.742489,22.7847969],[113.7367099,22.7858845],[113.7312382,22.7869033],[113.7263398,22.7878073]],[[113.7216438,22.7886815],[113.7232241,22.7882792],[113.7234601,22.7882273],[113.7236841,22.788184],[113.7240478,22.788117],[113.7245505,22.7880245],[113.7248026,22.7879862],[113.725052,22.7879577],[113.7252773,22.7879342],[113.7255167,22.7879157],[113.7259331,22.7878625],[113.7263398,22.7878073]],[[113.7216438,22.7886815],[113.7182643,22.7893143],[113.7173071,22.7895144],[113.7168535,22.789621],[113.7164351,22.7897347],[113.7159201,22.7899053],[113.7145924,22.7904295],[113.7142518,22.7905904],[113.7138632,22.7907978],[113.7129348,22.7913346],[113.7082034,22.7946679],[113.7037831,22.797833],[113.6998955,22.8007907],[113.6993381,22.8011671],[113.6989176,22.8013871],[113.6984557,22.8015533],[113.6968163,22.8020567],[113.6960201,22.802326],[113.6954113,22.8025631],[113.6948973,22.8028111]],[[113.6948973,22.8028111],[113.6944685,22.8030739],[113.6941654,22.8032863],[113.6937751,22.8035833],[113.693438,22.8039075],[113.6931169,22.8042754],[113.6928186,22.8046398],[113.6926588,22.8048965],[113.6922409,22.8058083],[113.6921171,22.8061612],[113.692035,22.8065266],[113.6919683,22.8069442],[113.6918128,22.8090211],[113.6916998,22.8110389],[113.6916514,22.8117756],[113.6910145,22.8171585],[113.6905893,22.8207329],[113.6897904,22.8277829],[113.6897263,22.8281801],[113.6896185,22.8284891],[113.6893787,22.8290206],[113.6887009,22.8304332],[113.6882168,22.8313741],[113.6876353,22.8325468],[113.6874918,22.8329624],[113.6874049,22.8333307],[113.6872581,22.8344003],[113.6872227,22.8353876],[113.6871407,22.8363413],[113.6869631,22.8374171],[113.6867598,22.838357],[113.6865366,22.8392152],[113.686454,22.83945],[113.6863424,22.8397385],[113.6862137,22.8399914],[113.6860683,22.8402423],[113.6858508,22.8406188],[113.6855643,22.8410454],[113.6851132,22.8416312],[113.6848299,22.8419609],[113.684085,22.8428281],[113.6821598,22.8446185],[113.6798004,22.8468527],[113.6784164,22.848494],[113.6782807,22.8486517],[113.6780983,22.8489285],[113.6767572,22.8521516],[113.675974,22.8539905],[113.6758307,22.8542777],[113.6754804,22.8547913],[113.67518,22.8551176],[113.6745692,22.8556998],[113.6742558,22.8559533],[113.6739964,22.8561542],[113.6716769,22.8578054],[113.6686252,22.8599326],[113.6682627,22.8601826],[113.6678321,22.8605014],[113.6674876,22.8607872],[113.667202,22.8610453],[113.6663716,22.8618499],[113.6655417,22.862654],[113.6650781,22.8631812],[113.6645189,22.8638743],[113.6640402,22.8645062],[113.6636596,22.8650186],[113.6632019,22.8656562],[113.6614474,22.8681621],[113.6596335,22.8707027],[113.65874,22.8720098],[113.6583817,22.8726014],[113.6580384,22.8732321],[113.6577889,22.873772],[113.65751,22.8744294],[113.6573115,22.8750077],[113.6571398,22.8756008],[113.6568662,22.8766585],[113.6562171,22.8792236],[113.6557601,22.8812576],[113.6554983,22.8826832],[113.6553095,22.8839215],[113.6551485,22.8853251],[113.6548492,22.8876995],[113.6546132,22.8900173],[113.6544753,22.8911043],[113.6544351,22.8917794],[113.6542956,22.8946457],[113.6540381,22.896227],[113.6535939,22.8972381],[113.6530789,22.8979497],[113.6524352,22.8984834],[113.6516627,22.8989183],[113.650783,22.8992741],[113.6499461,22.8995311],[113.6490999,22.8997617],[113.648351,22.8999406],[113.6454588,22.9004758],[113.6423479,22.9009726],[113.6392838,22.9015344],[113.6383579,22.901649],[113.6373666,22.90174],[113.6362357,22.9018131],[113.6351307,22.9018121],[113.6340224,22.9017439],[113.63278,22.901567],[113.63175,22.9013496],[113.6293253,22.900717],[113.6273365,22.9002386]],[[113.6273365,22.9002386],[113.6207154,22.898646],[113.6176201,22.8979196],[113.6172382,22.8978479],[113.6167726,22.8977713],[113.6163692,22.8977293],[113.6156675,22.8977021],[113.611832,22.89767],[113.6114017,22.8976824],[113.6110069,22.8977223],[113.6106163,22.8977852],[113.6102457,22.8978715],[113.6099008,22.8979875],[113.6095242,22.8981444],[113.6092001,22.8983005],[113.6088975,22.8984764],[113.6085883,22.8986819],[113.6083425,22.8988845],[113.608093,22.8991115],[113.6079127,22.8993111],[113.6077518,22.8995128],[113.6076069,22.8997407],[113.6072968,22.9002454],[113.6071467,22.9005168],[113.6070372,22.9007716],[113.6069573,22.901009],[113.6068943,22.9012648],[113.606857,22.9014969],[113.6066865,22.9035728],[113.6064085,22.9067902],[113.6062488,22.9095389],[113.6061626,22.9105956],[113.606076,22.911658],[113.6059192,22.9137039],[113.6058766,22.9141704],[113.6058513,22.9144305],[113.6058016,22.9148059],[113.6057446,22.9151293],[113.6056867,22.9154303],[113.6056086,22.9157954],[113.6053828,22.916635],[113.6050543,22.917696],[113.6046747,22.9188386],[113.6045988,22.9190367],[113.6045033,22.9192564],[113.6043867,22.919476],[113.6040226,22.920121],[113.6035867,22.9207251],[113.6031237,22.9212797],[113.6008005,22.923843],[113.5994028,22.9254963],[113.5986401,22.9264297],[113.598184,22.9270847],[113.597794,22.9277299],[113.5974677,22.9283832],[113.5971847,22.9291309],[113.59699,22.9297799],[113.5968427,22.9304677],[113.5967681,22.9310596],[113.5967314,22.9316322],[113.59673,22.9323437],[113.5967954,22.932912],[113.5968919,22.9334505],[113.5969992,22.9338803],[113.5971226,22.93432],[113.5972889,22.9348288],[113.5975571,22.9355155],[113.5978629,22.9363159],[113.5987181,22.9384698],[113.5992712,22.9398644],[113.5998991,22.9413993],[113.6013268,22.9449795],[113.6018828,22.9463865],[113.6043511,22.9525903],[113.6057551,22.9561038],[113.6073741,22.960142],[113.6082075,22.9623769],[113.6091194,22.9649515],[113.6098867,22.967159],[113.6101679,22.9680024],[113.6104231,22.9688775],[113.6106592,22.9698163],[113.6110326,22.9715172],[113.6115501,22.9739609],[113.6116735,22.9746399],[113.6119254,22.9766635],[113.6122813,22.9798277]],[[113.6129421,22.9857117],[113.6128371,22.985211],[113.6126959,22.9845316],[113.6126478,22.9842309],[113.612524,22.983191],[113.6124233,22.9823338],[113.6123961,22.9820479],[113.61236,22.9817272],[113.6123459,22.9814708],[113.6122813,22.9798277]],[[113.6129421,22.9857117],[113.6130413,22.9865683],[113.6130662,22.9867918],[113.6137828,22.9932109],[113.6140749,22.9960088],[113.6141544,22.9966612],[113.6143046,22.9977081],[113.6144978,22.9986759],[113.614752,22.9997687],[113.61481140085482,23.0]]]},"properties":{"key":"relation:21171641@detail:454_91","osmType":"relation","osmId":21171641,"sourceRegion":"guangdong","featureType":"service","railClass":"intercity","mode":"train","name":"穗深城际：深圳机场=>竹料","nameEn":"Guangzhou-Shenzhen ICR Trains: Shenzhen Airport => Zhuliao","operator":"广东城际铁路运营有限公司","network":"珠三角城际","status":"operational","color":"#7456A6","dataOrigin":"datum-2026-08-01","sourceKey":"relation:21171641"}}]}