{"type":"FeatureCollection","features":[{"type":"Feature","geometry":{"type":"Point","coordinates":[113.9336953,22.4965491]},"properties":{"key":"node:6715085271","osmType":"node","osmId":6715085271,"sourceRegion":"guangzhou","featureType":"station","railClass":"metro","mode":"subway","name":"湾厦","nameEn":"Wanxia","status":"operational","color":"#126d75","sourceKey":"node:6715085271","stationGroup":"湾厦","hasOperationalRail":true,"hasConstructionRail":false}},{"type":"Feature","geometry":{"type":"Point","coordinates":[113.9264123,22.4891582]},"properties":{"key":"node:6715085272","osmType":"node","osmId":6715085272,"sourceRegion":"guangzhou","featureType":"station","railClass":"metro","mode":"subway","name":"东角头","nameEn":"Dongjiaotou","status":"operational","color":"#126d75","sourceKey":"node:6715085272","stationGroup":"东角头","hasOperationalRail":true,"hasConstructionRail":false}},{"type":"Feature","geometry":{"type":"Point","coordinates":[113.914817,22.4914656]},"properties":{"key":"node:6715085273","osmType":"node","osmId":6715085273,"sourceRegion":"guangzhou","featureType":"station","railClass":"metro","mode":"subway","name":"水湾","nameEn":"Shuiwan","status":"operational","color":"#126d75","sourceKey":"node:6715085273","stationGroup":"水湾","hasOperationalRail":true,"hasConstructionRail":false}},{"type":"Feature","geometry":{"type":"Point","coordinates":[113.9101589,22.4881293]},"properties":{"key":"node:6715085274","osmType":"node","osmId":6715085274,"sourceRegion":"guangzhou","featureType":"station","railClass":"metro","mode":"subway","name":"海上世界","nameEn":"Sea World","status":"operational","color":"#126d75","sourceKey":"node:6715085274","stationGroup":"海上世界","hasOperationalRail":true,"hasConstructionRail":false}},{"type":"Feature","geometry":{"type":"Point","coordinates":[113.8925041,22.4822397]},"properties":{"key":"node:6715085275","osmType":"node","osmId":6715085275,"sourceRegion":"guangzhou","featureType":"station","railClass":"metro","mode":"subway","name":"赤湾","nameEn":"Chiwan","status":"operational","color":"#126d75","sourceKey":"node:6715085275","stationGroup":"赤湾","hasOperationalRail":true,"hasConstructionRail":false}},{"type":"Feature","geometry":{"type":"Point","coordinates":[113.9141015,22.4972856]},"properties":{"key":"node:10111219654","osmType":"node","osmId":10111219654,"sourceRegion":"guangzhou","featureType":"station","railClass":"metro","mode":"subway","name":"花果山","nameEn":"Huaguoshan","status":"operational","color":"#126d75","sourceKey":"node:10111219654","stationGroup":"花果山","hasOperationalRail":true,"hasConstructionRail":false}},{"type":"Feature","geometry":{"type":"Point","coordinates":[113.9088351,22.4880191]},"properties":{"key":"node:10111219662","osmType":"node","osmId":10111219662,"sourceRegion":"guangzhou","featureType":"station","railClass":"metro","mode":"subway","name":"海上世界","nameEn":"Sea World","status":"operational","color":"#126d75","sourceKey":"node:10111219662","stationGroup":"海上世界","hasOperationalRail":true,"hasConstructionRail":false}},{"type":"Feature","geometry":{"type":"LineString","coordinates":[[113.8967688,22.4854551],[113.8969185,22.4851299],[113.8969802,22.4849217],[113.8970446,22.4846739],[113.8971143,22.4844012],[113.8971787,22.4841955],[113.8972565,22.4840121],[113.8973336,22.4838783],[113.8973988,22.4837953]]},"properties":{"key":"way:237885701@detail:455_89","osmType":"way","osmId":237885701,"sourceRegion":"guangzhou","featureType":"infrastructure","railClass":"metro","mode":"subway","name":"未命名","service":"yard","status":"operational","color":"#52636f","sourceKey":"way:237885701"}},{"type":"Feature","geometry":{"type":"LineString","coordinates":[[113.8969721,22.4839229],[113.8968926,22.4842089],[113.8968025,22.4845326],[113.8967281,22.4849688],[113.8967039,22.4851522],[113.8966711,22.4853083],[113.8966369,22.4854098],[113.896551,22.4855684],[113.8962855,22.4860294]]},"properties":{"key":"way:237885702@detail:455_89","osmType":"way","osmId":237885702,"sourceRegion":"guangzhou","featureType":"infrastructure","railClass":"metro","mode":"subway","name":"未命名","service":"yard","status":"operational","color":"#52636f","sourceKey":"way:237885702"}},{"type":"Feature","geometry":{"type":"LineString","coordinates":[[113.8962691,22.486234],[113.8963294,22.4861377],[113.8965693,22.4857724],[113.8966509,22.4856426],[113.8967688,22.4854551],[113.8969215,22.4852122],[113.8971679,22.4848201],[113.8973648,22.4845412],[113.8977219,22.4840393]]},"properties":{"key":"way:237885703@detail:455_89","osmType":"way","osmId":237885703,"sourceRegion":"guangzhou","featureType":"infrastructure","railClass":"metro","mode":"subway","name":"未命名","service":"yard","status":"operational","color":"#52636f","sourceKey":"way:237885703"}},{"type":"Feature","geometry":{"type":"LineString","coordinates":[[113.8969547,22.4846026],[113.89694,22.4842748],[113.89694,22.4841361],[113.8969721,22.4839229],[113.8970043,22.483799]]},"properties":{"key":"way:237885705@detail:455_89","osmType":"way","osmId":237885705,"sourceRegion":"guangzhou","featureType":"infrastructure","railClass":"metro","mode":"subway","name":"未命名","service":"yard","status":"operational","color":"#52636f","sourceKey":"way:237885705"}},{"type":"Feature","geometry":{"type":"LineString","coordinates":[[113.8968926,22.4842089],[113.8967147,22.4845698],[113.8966476,22.4846689],[113.8965745,22.4847606],[113.8964325,22.4849395],[113.8953683,22.4861558]]},"properties":{"key":"way:237885708@detail:455_89","osmType":"way","osmId":237885708,"sourceRegion":"guangzhou","featureType":"infrastructure","railClass":"metro","mode":"subway","name":"未命名","service":"yard","status":"operational","color":"#52636f","sourceKey":"way:237885708"}},{"type":"Feature","geometry":{"type":"LineString","coordinates":[[113.8969215,22.4852122],[113.8970875,22.4848498],[113.8971653,22.4846094],[113.8972316,22.4843963],[113.8973175,22.4841683],[113.8973959,22.4840097],[113.8974968,22.4838693]]},"properties":{"key":"way:237885710@detail:455_89","osmType":"way","osmId":237885710,"sourceRegion":"guangzhou","featureType":"infrastructure","railClass":"metro","mode":"subway","name":"未命名","service":"yard","status":"operational","color":"#52636f","sourceKey":"way:237885710"}},{"type":"Feature","geometry":{"type":"LineString","coordinates":[[113.8966509,22.4856426],[113.8967647,22.4853615],[113.8968776,22.4850828],[113.89694,22.4848027],[113.8969547,22.4846026],[113.8969936,22.4842823],[113.8970493,22.4840865],[113.8971163,22.4839254],[113.8971948,22.4837817],[113.8972622,22.4836922]]},"properties":{"key":"way:237885711@detail:455_89","osmType":"way","osmId":237885711,"sourceRegion":"guangzhou","featureType":"infrastructure","railClass":"metro","mode":"subway","name":"未命名","service":"yard","status":"operational","color":"#52636f","sourceKey":"way:237885711"}},{"type":"Feature","geometry":{"type":"LineString","coordinates":[[113.8971679,22.4848201],[113.8972913,22.4845772],[113.8974013,22.4843294],[113.897473,22.4841931],[113.8975756,22.4840295],[113.8976225,22.4839643]]},"properties":{"key":"way:237885712@detail:455_89","osmType":"way","osmId":237885712,"sourceRegion":"guangzhou","featureType":"infrastructure","railClass":"metro","mode":"subway","name":"未命名","service":"yard","status":"operational","color":"#52636f","sourceKey":"way:237885712"}},{"type":"Feature","geometry":{"type":"LineString","coordinates":[[113.8973882,22.484931],[113.8978386,22.4847141],[113.897962,22.4846366],[113.8980559,22.484553],[113.8982075,22.484406]]},"properties":{"key":"way:243036353@detail:455_89","osmType":"way","osmId":243036353,"sourceRegion":"guangzhou","featureType":"infrastructure","railClass":"metro","mode":"subway","name":"未命名","service":"yard","status":"operational","color":"#52636f","sourceKey":"way:243036353"}},{"type":"Feature","geometry":{"type":"LineString","coordinates":[[113.8971653,22.4846094],[113.8971896,22.4844117],[113.8972378,22.4842327],[113.8973156,22.4840573],[113.8973854,22.4839334],[113.8974568,22.4838391]]},"properties":{"key":"way:243036354@detail:455_89","osmType":"way","osmId":243036354,"sourceRegion":"guangzhou","featureType":"infrastructure","railClass":"metro","mode":"subway","name":"未命名","service":"yard","status":"operational","color":"#52636f","sourceKey":"way:243036354"}},{"type":"Feature","geometry":{"type":"LineString","coordinates":[[113.89721,22.4848454],[113.8973853,22.4846563],[113.897608,22.484416],[113.89785,22.4841361]]},"properties":{"key":"way:243036355@detail:455_89","osmType":"way","osmId":243036355,"sourceRegion":"guangzhou","featureType":"infrastructure","railClass":"metro","mode":"subway","name":"未命名","service":"yard","status":"operational","color":"#52636f","sourceKey":"way:243036355"}},{"type":"Feature","geometry":{"type":"LineString","coordinates":[[113.8975984,22.4847974],[113.8979111,22.4845424],[113.8980184,22.4844458],[113.8981202,22.4843401]]},"properties":{"key":"way:243036356@detail:455_89","osmType":"way","osmId":243036356,"sourceRegion":"guangzhou","featureType":"infrastructure","railClass":"metro","mode":"subway","name":"未命名","service":"yard","status":"operational","color":"#52636f","sourceKey":"way:243036356"}},{"type":"Feature","geometry":{"type":"LineString","coordinates":[[113.8952889,22.4860998],[113.8963582,22.4848849],[113.8964304,22.4847828],[113.896511,22.4846589],[113.8965834,22.4845251],[113.8966692,22.4843498]]},"properties":{"key":"way:243036358@detail:455_89","osmType":"way","osmId":243036358,"sourceRegion":"guangzhou","featureType":"infrastructure","railClass":"metro","mode":"subway","name":"未命名","service":"yard","status":"operational","color":"#52636f","sourceKey":"way:243036358"}},{"type":"Feature","geometry":{"type":"LineString","coordinates":[[113.897608,22.484416],[113.8977482,22.484286],[113.8978156,22.4842249],[113.8978786,22.4841576]]},"properties":{"key":"way:243036359@detail:455_89","osmType":"way","osmId":243036359,"sourceRegion":"guangzhou","featureType":"infrastructure","railClass":"metro","mode":"subway","name":"未命名","service":"yard","status":"operational","color":"#52636f","sourceKey":"way:243036359"}},{"type":"Feature","geometry":{"type":"LineString","coordinates":[[113.8970568,22.4850772],[113.8972781,22.4848473],[113.8974658,22.4846986],[113.8977233,22.4844904],[113.8978708,22.4843522],[113.8979788,22.4842333]]},"properties":{"key":"way:243036360@detail:455_89","osmType":"way","osmId":243036360,"sourceRegion":"guangzhou","featureType":"infrastructure","railClass":"metro","mode":"subway","name":"未命名","service":"yard","status":"operational","color":"#52636f","sourceKey":"way:243036360"}},{"type":"Feature","geometry":{"type":"LineString","coordinates":[[113.8973853,22.4846563],[113.8977796,22.4843194],[113.8978467,22.4842568],[113.8979172,22.4841868]]},"properties":{"key":"way:243036361@detail:455_89","osmType":"way","osmId":243036361,"sourceRegion":"guangzhou","featureType":"infrastructure","railClass":"metro","mode":"subway","name":"未命名","service":"yard","status":"operational","color":"#52636f","sourceKey":"way:243036361"}},{"type":"Feature","geometry":{"type":"LineString","coordinates":[[113.8952315,22.4860592],[113.8962977,22.4848405],[113.8964036,22.4847283],[113.8965163,22.4845722],[113.8966692,22.4843498],[113.8967786,22.4841699],[113.8969106,22.4839507],[113.8970043,22.483799]]},"properties":{"key":"way:243036362@detail:455_89","osmType":"way","osmId":243036362,"sourceRegion":"guangzhou","featureType":"infrastructure","railClass":"metro","mode":"subway","name":"未命名","service":"yard","status":"operational","color":"#52636f","sourceKey":"way:243036362"}},{"type":"Feature","geometry":{"type":"LineString","coordinates":[[113.8974658,22.4846986],[113.8977689,22.4845183],[113.897893,22.4844291],[113.8979835,22.4843535],[113.8980482,22.4842857]]},"properties":{"key":"way:243036363@detail:455_89","osmType":"way","osmId":243036363,"sourceRegion":"guangzhou","featureType":"infrastructure","railClass":"metro","mode":"subway","name":"未命名","service":"yard","status":"operational","color":"#52636f","sourceKey":"way:243036363"}},{"type":"Feature","geometry":{"type":"LineString","coordinates":[[113.8973648,22.4845412],[113.8975356,22.4841905],[113.8976053,22.4840647],[113.8976622,22.4839942]]},"properties":{"key":"way:243036364@detail:455_89","osmType":"way","osmId":243036364,"sourceRegion":"guangzhou","featureType":"infrastructure","railClass":"metro","mode":"subway","name":"未命名","service":"yard","status":"operational","color":"#52636f","sourceKey":"way:243036364"}},{"type":"Feature","geometry":{"type":"LineString","coordinates":[[113.8977233,22.4844904],[113.8978896,22.4843745],[113.8979553,22.48432],[113.8980162,22.4842615]]},"properties":{"key":"way:243036365@detail:455_89","osmType":"way","osmId":243036365,"sourceRegion":"guangzhou","featureType":"infrastructure","railClass":"metro","mode":"subway","name":"未命名","service":"yard","status":"operational","color":"#52636f","sourceKey":"way:243036365"}},{"type":"Feature","geometry":{"type":"LineString","coordinates":[[113.8972316,22.4843963],[113.8973639,22.484154],[113.8974685,22.4839854],[113.8975396,22.4839017]]},"properties":{"key":"way:243036366@detail:455_89","osmType":"way","osmId":243036366,"sourceRegion":"guangzhou","featureType":"infrastructure","railClass":"metro","mode":"subway","name":"未命名","service":"yard","status":"operational","color":"#52636f","sourceKey":"way:243036366"}},{"type":"Feature","geometry":{"type":"LineString","coordinates":[[113.8965753,22.4843968],[113.8963661,22.4845672],[113.8961874,22.4847595],[113.8955587,22.4854743]]},"properties":{"key":"way:243036367@detail:455_89","osmType":"way","osmId":243036367,"sourceRegion":"guangzhou","featureType":"infrastructure","railClass":"metro","mode":"subway","name":"未命名","service":"yard","status":"operational","color":"#52636f","sourceKey":"way:243036367"}},{"type":"Feature","geometry":{"type":"LineString","coordinates":[[113.8966986,22.4848223],[113.8966343,22.4852265],[113.8965941,22.4853752],[113.8965324,22.4855071],[113.8962964,22.4859012]]},"properties":{"key":"way:243036368@detail:455_89","osmType":"way","osmId":243036368,"sourceRegion":"guangzhou","featureType":"infrastructure","railClass":"metro","mode":"subway","name":"未命名","service":"yard","status":"operational","color":"#52636f","sourceKey":"way:243036368"}},{"type":"Feature","geometry":{"type":"LineString","coordinates":[[113.8963112,22.4862562],[113.8967577,22.4855486]]},"properties":{"key":"way:243036369@detail:455_89","osmType":"way","osmId":243036369,"sourceRegion":"guangzhou","featureType":"infrastructure","railClass":"metro","mode":"subway","name":"未命名","service":"yard","status":"operational","color":"#52636f","sourceKey":"way:243036369"}},{"type":"Feature","geometry":{"type":"LineString","coordinates":[[113.8970446,22.4846739],[113.8970635,22.4844185],[113.8971198,22.4841837],[113.8971842,22.4840028],[113.897262,22.4838665],[113.8973482,22.4837571]]},"properties":{"key":"way:243036370@detail:455_89","osmType":"way","osmId":243036370,"sourceRegion":"guangzhou","featureType":"infrastructure","railClass":"metro","mode":"subway","name":"未命名","service":"yard","status":"operational","color":"#52636f","sourceKey":"way:243036370"}},{"type":"Feature","geometry":{"type":"LineString","coordinates":[[113.8965693,22.4857724],[113.8967577,22.4855486],[113.8968435,22.4853999],[113.8970568,22.4850772],[113.89721,22.4848454],[113.8973693,22.4846044],[113.8974873,22.4844326],[113.8975463,22.4843467],[113.8976804,22.4841515],[113.8977539,22.4840634]]},"properties":{"key":"way:243036371@detail:455_89","osmType":"way","osmId":243036371,"sourceRegion":"guangzhou","featureType":"infrastructure","railClass":"metro","mode":"subway","name":"未命名","service":"yard","status":"operational","color":"#52636f","sourceKey":"way:243036371"}},{"type":"Feature","geometry":{"type":"LineString","coordinates":[[113.8968435,22.4853999],[113.8970393,22.4851874],[113.8971091,22.485123],[113.8972352,22.4850307],[113.8973882,22.484931],[113.8975168,22.4848473],[113.8975984,22.4847974],[113.897675,22.4847506],[113.8979111,22.4845994],[113.8980049,22.4845257],[113.8981595,22.4843698]]},"properties":{"key":"way:243036372@detail:455_89","osmType":"way","osmId":243036372,"sourceRegion":"guangzhou","featureType":"infrastructure","railClass":"metro","mode":"subway","name":"未命名","service":"yard","status":"operational","color":"#52636f","sourceKey":"way:243036372"}},{"type":"Feature","geometry":{"type":"LineString","coordinates":[[113.8968025,22.4845326],[113.8966986,22.4848223],[113.8966397,22.4849867],[113.8965726,22.4852537],[113.8965136,22.4854123],[113.8964278,22.4855889],[113.8962508,22.4858789]]},"properties":{"key":"way:243036373@detail:455_89","osmType":"way","osmId":243036373,"sourceRegion":"guangzhou","featureType":"infrastructure","railClass":"metro","mode":"subway","name":"未命名","service":"yard","status":"operational","color":"#52636f","sourceKey":"way:243036373"}},{"type":"Feature","geometry":{"type":"LineString","coordinates":[[113.8955882,22.4854991],[113.8962165,22.4847809],[113.8965753,22.4843968],[113.8967786,22.4841699]]},"properties":{"key":"way:243036374@detail:455_89","osmType":"way","osmId":243036374,"sourceRegion":"guangzhou","featureType":"infrastructure","railClass":"metro","mode":"subway","name":"未命名","service":"yard","status":"operational","color":"#52636f","sourceKey":"way:243036374"}},{"type":"Feature","geometry":{"type":"LineString","coordinates":[[113.8967647,22.4853615],[113.8965405,22.4857097],[113.896227,22.4862118]]},"properties":{"key":"way:243036375@detail:455_89","osmType":"way","osmId":243036375,"sourceRegion":"guangzhou","featureType":"infrastructure","railClass":"metro","mode":"subway","name":"未命名","service":"yard","status":"operational","color":"#52636f","sourceKey":"way:243036375"}},{"type":"Feature","geometry":{"type":"LineString","coordinates":[[113.896227,22.4862118],[113.8961506,22.4863251],[113.8952232,22.4877609]]},"properties":{"key":"way:261689386@detail:455_89","osmType":"way","osmId":261689386,"sourceRegion":"guangzhou","featureType":"infrastructure","railClass":"metro","mode":"subway","name":"未命名","service":"yard","tunnel":"yes","status":"operational","color":"#52636f","sourceKey":"way:261689386"}},{"type":"Feature","geometry":{"type":"LineString","coordinates":[[113.8963112,22.4862562],[113.896228,22.48638],[113.8960659,22.4866371],[113.8958966,22.4869006],[113.895546,22.4874523],[113.8952777,22.4878705],[113.8950236,22.4882],[113.8947335,22.4884616],[113.8944157,22.4886918],[113.8940703,22.4888641],[113.8937369,22.4889811],[113.8934044,22.4890565],[113.8930326,22.4890945],[113.8926651,22.4890969],[113.8922748,22.4890337],[113.8919552,22.4889451],[113.8916398,22.4888208],[113.8913757,22.4886683],[113.8911134,22.4884764],[113.8909049,22.4882906],[113.8905143,22.487897],[113.890279,22.4876405],[113.8900813,22.487364],[113.8899168,22.4870261],[113.8897856,22.4866355],[113.8897362,22.48625],[113.8897456,22.4858955],[113.8898085,22.4855369],[113.8898953,22.4852573],[113.8900429,22.4849568],[113.8901946,22.484706],[113.890419,22.4844482],[113.8913259,22.4835767],[113.8915314,22.4833792],[113.8916171,22.4832969],[113.8917681,22.4831564]]},"properties":{"key":"way:261689412@detail:455_89","osmType":"way","osmId":261689412,"sourceRegion":"guangzhou","featureType":"infrastructure","railClass":"metro","mode":"subway","name":"未命名","service":"yard","tunnel":"yes","status":"operational","color":"#52636f","sourceKey":"way:261689412"}},{"type":"Feature","geometry":{"type":"LineString","coordinates":[[113.8926904,22.4823959],[113.8921099,22.4829521],[113.891857,22.4831937],[113.8912803,22.4837458]]},"properties":{"key":"way:321035039@detail:455_89","osmType":"way","osmId":321035039,"sourceRegion":"guangzhou","featureType":"infrastructure","railClass":"metro","mode":"subway","name":"深圳地铁2号线","nameEn":"Shenzhen Metro Line 2","operator":"深圳地铁运营集团","usage":"main","tunnel":"yes","status":"operational","color":"#52636f","sourceKey":"way:321035039"}},{"type":"Feature","geometry":{"type":"LineString","coordinates":[[113.9339874,22.4948749],[113.9340363,22.4945458],[113.934098,22.4940539],[113.9341517,22.4936475],[113.9341986,22.4932373],[113.9342187,22.4930862],[113.9342402,22.4929747],[113.9342616,22.4928669],[113.9342952,22.4927392],[113.9344374,22.4922377],[113.9347579,22.4912065],[113.9349242,22.4906737],[113.9350209,22.490367],[113.9351173,22.4900516],[113.9352118,22.4897753],[113.9353622,22.4894799],[113.9355038,22.4892602],[113.9356993,22.489043],[113.9358953,22.4888664],[113.9361124,22.4887097],[113.93635,22.488572],[113.9365704,22.488469],[113.9368057,22.488385],[113.9370822,22.4883217],[113.9373663,22.4882921],[113.9376605,22.4882865],[113.9379215,22.4883057],[113.9382074,22.4883622],[113.9384655,22.4884415],[113.938745,22.4885652],[113.9389984,22.4887171],[113.9392574,22.4889234],[113.9394785,22.4891337],[113.9396464,22.4893619],[113.9398138,22.4896576],[113.939925,22.489943],[113.9399855,22.4901855],[113.940011,22.4903771],[113.940015,22.4905559],[113.9400111,22.4909327]]},"properties":{"key":"way:367822000@detail:455_89","osmType":"way","osmId":367822000,"sourceRegion":"guangzhou","featureType":"infrastructure","railClass":"metro","mode":"subway","name":"未命名","service":"yard","tunnel":"yes","status":"operational","color":"#52636f","sourceKey":"way:367822000"}},{"type":"Feature","geometry":{"type":"LineString","coordinates":[[113.9400111,22.4909327],[113.9399746,22.492985]]},"properties":{"key":"way:367822001@detail:455_89","osmType":"way","osmId":367822001,"sourceRegion":"guangzhou","featureType":"infrastructure","railClass":"metro","mode":"subway","name":"未命名","service":"yard","status":"operational","color":"#52636f","sourceKey":"way:367822001"}},{"type":"Feature","geometry":{"type":"LineString","coordinates":[[113.88974810506559,22.5],[113.8911882,22.4987646],[113.8916294,22.4983238],[113.8919484,22.4979392],[113.89228,22.4974339],[113.8924971,22.4970054],[113.892685,22.4965094],[113.8928228,22.4959565],[113.8928851,22.4954817],[113.8928902,22.4948392],[113.8928195,22.4942733],[113.892646,22.4936202],[113.8923749,22.4930007],[113.8920423,22.4924307],[113.8916181,22.4919025],[113.8898817,22.4901545],[113.8894594,22.489634],[113.8891426,22.4891473],[113.8889595,22.4887045],[113.8888326,22.4882982],[113.8887647,22.4879104],[113.8887374,22.4875007],[113.8887418,22.4871449],[113.8887695,22.486735],[113.8888825,22.486315],[113.8890245,22.4859274],[113.8892138,22.4855343],[113.8894303,22.4851913],[113.8897436,22.4847921],[113.8900154,22.4845139],[113.89028,22.4842646],[113.8909039,22.4836611],[113.8911039,22.4834695],[113.891582,22.4830117],[113.8924527,22.4821777]]},"properties":{"key":"way:376887570@detail:455_89","osmType":"way","osmId":376887570,"sourceRegion":"guangzhou","featureType":"infrastructure","railClass":"metro","mode":"subway","name":"深圳地铁5号线","nameEn":"Shenzhen Metro Line 5","operator":"深圳地铁运营集团","usage":"main","tunnel":"yes","status":"operational","color":"#52636f","sourceKey":"way:376887570"}},{"type":"Feature","geometry":{"type":"LineString","coordinates":[[113.9399746,22.492985],[113.9399671,22.4933845],[113.9399611,22.4937048],[113.9399423,22.4947106],[113.9399009,22.4969186],[113.9398962,22.4971664],[113.939866,22.4987784],[113.9398616,22.499015],[113.9398431188789,22.5]]},"properties":{"key":"way:684526361@detail:455_89","osmType":"way","osmId":684526361,"sourceRegion":"guangzhou","featureType":"infrastructure","railClass":"metro","mode":"subway","name":"未命名","service":"yard","status":"operational","color":"#52636f","sourceKey":"way:684526361"}},{"type":"Feature","geometry":{"type":"LineString","coordinates":[[113.93307183565378,22.5],[113.933237,22.4987414],[113.9333113,22.4982966],[113.9336151,22.4964788]]},"properties":{"key":"way:708859444@detail:455_89","osmType":"way","osmId":708859444,"sourceRegion":"guangzhou","featureType":"infrastructure","railClass":"metro","mode":"subway","name":"深圳地铁2号线","nameEn":"Shenzhen Metro Line 2","operator":"深圳地铁运营集团","usage":"main","tunnel":"yes","status":"operational","color":"#52636f","sourceKey":"way:708859444"}},{"type":"Feature","geometry":{"type":"LineString","coordinates":[[113.93327616498625,22.5],[113.9334408,22.4987705],[113.9335154,22.4983238],[113.9338189,22.4965077]]},"properties":{"key":"way:709906012@detail:455_89","osmType":"way","osmId":709906012,"sourceRegion":"guangzhou","featureType":"infrastructure","railClass":"metro","mode":"subway","name":"深圳地铁2号线","nameEn":"Shenzhen Metro Line 2","operator":"深圳地铁运营集团","usage":"main","tunnel":"yes","status":"operational","color":"#52636f","sourceKey":"way:709906012"}},{"type":"Feature","geometry":{"type":"LineString","coordinates":[[113.8925946,22.4823109],[113.8917614,22.4831085],[113.8913682,22.4834849],[113.8911848,22.4836605]]},"properties":{"key":"way:979500214@detail:455_89","osmType":"way","osmId":979500214,"sourceRegion":"guangzhou","featureType":"infrastructure","railClass":"metro","mode":"subway","name":"深圳地铁2号线","nameEn":"Shenzhen Metro Line 2","operator":"深圳地铁运营集团","usage":"main","tunnel":"yes","status":"operational","color":"#52636f","sourceKey":"way:979500214"}},{"type":"Feature","geometry":{"type":"LineString","coordinates":[[113.88955508766627,22.5],[113.8911076,22.4986734],[113.8915411,22.4982484],[113.8918399,22.4978842],[113.8921797,22.4973587],[113.8923787,22.4969576],[113.8925544,22.4964891],[113.8926883,22.4959498],[113.8927488,22.4954884],[113.8927536,22.4948498],[113.8926836,22.4942962],[113.8925124,22.4936547],[113.8922462,22.4930502],[113.891935,22.492515],[113.8914926,22.4919794],[113.8897836,22.4902394],[113.8893574,22.4897257],[113.8890179,22.4891935],[113.8888243,22.4887318],[113.8887113,22.4883248],[113.8886252,22.4879352],[113.8886017,22.4875],[113.8886026,22.4871387],[113.8886425,22.4867119],[113.8887531,22.4862771],[113.8889042,22.4858806],[113.8891021,22.4854855],[113.8893261,22.4851256],[113.8896461,22.4847074],[113.8899238,22.4844226],[113.8908059,22.4835739],[113.8910063,22.483382],[113.8914817,22.4829266],[113.8923546,22.4820907]]},"properties":{"key":"way:979550868@detail:455_89","osmType":"way","osmId":979550868,"sourceRegion":"shenzhen","featureType":"infrastructure","railClass":"metro","mode":"subway","name":"深圳地铁5号线","nameEn":"Shenzhen Metro Line 5","operator":"深圳地铁运营集团","usage":"main","tunnel":"yes","status":"operational","color":"#52636f","sourceKey":"way:979550868"}},{"type":"Feature","geometry":{"type":"LineString","coordinates":[[113.8923546,22.4820907],[113.893115,22.4813625],[113.8947651,22.4797655]]},"properties":{"key":"way:1084667105@detail:455_89","osmType":"way","osmId":1084667105,"sourceRegion":"guangzhou","featureType":"infrastructure","railClass":"metro","mode":"subway","name":"深圳地铁5号线","nameEn":"Shenzhen Metro Line 5","operator":"深圳地铁运营集团","usage":"main","tunnel":"yes","status":"operational","color":"#52636f","sourceKey":"way:1084667105"}},{"type":"Feature","geometry":{"type":"LineString","coordinates":[[113.87840139188361,22.5],[113.8776768,22.4997911],[113.8775135,22.4997714],[113.8773492,22.499761],[113.8771845,22.4997599],[113.8770201,22.4997682],[113.8768565,22.4997857],[113.8766944,22.4998125],[113.8765344,22.4998484],[113.876377,22.4998933],[113.876223,22.499947],[113.87609513643659,22.5]]},"properties":{"key":"way:1190085792@detail:455_89","osmType":"way","osmId":1190085792,"sourceRegion":"guangzhou","featureType":"infrastructure","railClass":"construction","mode":"construction","name":"深圳地铁15号线","nameEn":"Shenzhen Metro Line 15","tunnel":"yes","status":"construction","color":"#52636f","sourceKey":"way:1190085792"}},{"type":"Feature","geometry":{"type":"LineString","coordinates":[[113.8924527,22.4821777],[113.8932129,22.4814498],[113.8948648,22.4798581]]},"properties":{"key":"way:1225561140@detail:455_89","osmType":"way","osmId":1225561140,"sourceRegion":"guangzhou","featureType":"infrastructure","railClass":"metro","mode":"subway","name":"深圳地铁5号线","nameEn":"Shenzhen Metro Line 5","operator":"深圳地铁运营集团","usage":"main","tunnel":"yes","status":"operational","color":"#52636f","sourceKey":"way:1225561140"}},{"type":"Feature","geometry":{"type":"LineString","coordinates":[[113.87826389657262,22.5],[113.8776651,22.4998253],[113.8775046,22.4998067],[113.8773431,22.4997972],[113.8771813,22.4997967],[113.8770198,22.4998054],[113.8768592,22.4998231],[113.8767,22.4998498],[113.8765429,22.4998854],[113.8763884,22.4999298],[113.8762371,22.4999828],[113.87619578078176,22.5]]},"properties":{"key":"way:1252125118@detail:455_89","osmType":"way","osmId":1252125118,"sourceRegion":"shenzhen","featureType":"infrastructure","railClass":"construction","mode":"construction","name":"深圳地铁15号线","nameEn":"Shenzhen Metro Line 15","tunnel":"yes","status":"construction","color":"#52636f","sourceKey":"way:1252125118"}},{"type":"Feature","geometry":{"type":"LineString","coordinates":[[113.94746404095459,22.5],[113.9473162,22.4998091],[113.9472258,22.499674],[113.9470972,22.4994542],[113.9469856,22.4992261],[113.9468918,22.4989913],[113.9468494,22.4988165],[113.9468137,22.4986404],[113.9467849,22.4984632],[113.9467629,22.4982852],[113.9467477,22.4981066],[113.9467394,22.4979276],[113.9467173,22.4975729],[113.9467071,22.4968907],[113.9467287,22.4962086],[113.9468055,22.4951902],[113.946828,22.494974],[113.9469415,22.4939196],[113.9471188,22.4920931],[113.9471152,22.4918548],[113.9470838,22.4916184],[113.9470251,22.4913864],[113.9469398,22.4911615],[113.9468288,22.4909465],[113.9466934,22.4907437],[113.9465352,22.4905556],[113.9463561,22.4903842],[113.9461581,22.4902317],[113.9459425,22.4901006],[113.9457151,22.4899874],[113.9454778,22.4898933],[113.9452323,22.489819],[113.9449807,22.489765],[113.944725,22.4897318],[113.944467,22.4897196],[113.9442089,22.4897286],[113.9439518,22.4897588],[113.9437881,22.4897765],[113.9435371,22.489779],[113.9432868,22.4897724],[113.943037,22.4897566],[113.942788,22.4897316],[113.9425404,22.4896976],[113.9422943,22.4896544],[113.9420504,22.4896023],[113.9418089,22.4895413],[113.9415701,22.4894715],[113.9413346,22.489393],[113.9411029,22.489306],[113.9399759,22.4888717],[113.9395473,22.4886985],[113.9391224,22.4885177],[113.9387013,22.4883294],[113.9382841,22.4881336],[113.9378712,22.4879305],[113.937039,22.4875335],[113.9354266,22.4866718],[113.9351202,22.486508],[113.9349358,22.4864181],[113.9347478,22.4863347],[113.9345565,22.4862581],[113.9343621,22.4861882],[113.9341638,22.4861247],[113.933963,22.4860684],[113.9337599,22.4860192],[113.933555,22.4859772],[113.9333541,22.4859474],[113.9331517,22.4859454],[113.9329512,22.4859709],[113.932757,22.4860235],[113.9325722,22.4861025],[113.928972,22.4877447],[113.9281092,22.4881783],[113.9266331,22.4888516],[113.9260551,22.4891153]]},"properties":{"key":"way:1346638496@detail:455_89","osmType":"way","osmId":1346638496,"sourceRegion":"guangzhou","featureType":"infrastructure","railClass":"construction","mode":"construction","name":"深圳地铁13号线","nameEn":"Shenzhen Metro Line 13","tunnel":"yes","status":"construction","color":"#52636f","sourceKey":"way:1346638496"}},{"type":"Feature","geometry":{"type":"LineString","coordinates":[[113.9260035,22.4890186],[113.9265815,22.488755],[113.9280576,22.4880817],[113.9289548,22.4877125],[113.9325554,22.4860701],[113.9327433,22.4859898],[113.9329431,22.4859357],[113.9331493,22.4859094],[113.9333574,22.4859115],[113.9335619,22.4859418],[113.9337708,22.4859755],[113.9339783,22.4860164],[113.9341838,22.4860647],[113.9343873,22.4861201],[113.9345896,22.4861832],[113.9347891,22.4862533],[113.9349855,22.4863305],[113.9351786,22.4864147],[113.935485,22.4865784],[113.9370976,22.4874403],[113.9378898,22.4878989],[113.9383021,22.4881017],[113.9387185,22.4882972],[113.939139,22.4884852],[113.9395632,22.4886657],[113.9399912,22.4888387],[113.9411177,22.4892728],[113.9413485,22.4893594],[113.9415826,22.4894375],[113.9418199,22.4895069],[113.9420599,22.4895675],[113.9423024,22.4896193],[113.9425468,22.4896621],[113.942793,22.489696],[113.9430404,22.4897208],[113.9432886,22.4897365],[113.9435374,22.4897431],[113.9437856,22.4897405],[113.9439471,22.4897231],[113.9442058,22.4896928],[113.9444673,22.4896837],[113.9447287,22.489696],[113.9449879,22.4897296],[113.9452428,22.4897843],[113.9454915,22.4898597],[113.945732,22.489955],[113.9459624,22.4900697],[113.9461813,22.4902028],[113.9463826,22.4903578],[113.9465647,22.490532],[113.9467254,22.4907232],[113.946863,22.4909293],[113.9469758,22.4911478],[113.9470625,22.4913763],[113.9471222,22.4916121],[113.947154,22.4918524],[113.9471578,22.4920945],[113.9469802,22.4939229],[113.9468674,22.4949772],[113.9468443,22.4951932],[113.9467676,22.4962104],[113.946746,22.496891],[113.9467561,22.4975716],[113.9467782,22.4979253],[113.9467902,22.4980877],[113.9468114,22.4982492],[113.9468417,22.4984095],[113.9468811,22.4985681],[113.9469294,22.4987246],[113.9470027,22.4989576],[113.9470936,22.4991852],[113.9472018,22.4994063],[113.9473269,22.49962],[113.9474134,22.4997494],[113.9476075211978,22.5]]},"properties":{"key":"way:1346638497@detail:455_89","osmType":"way","osmId":1346638497,"sourceRegion":"guangzhou","featureType":"infrastructure","railClass":"construction","mode":"construction","name":"深圳地铁13号线","nameEn":"Shenzhen Metro Line 13","tunnel":"yes","status":"construction","color":"#52636f","sourceKey":"way:1346638497"}},{"type":"Feature","geometry":{"type":"LineString","coordinates":[[113.8913682,22.4834849],[113.89028,22.4842646]]},"properties":{"key":"way:1346881197@detail:455_89","osmType":"way","osmId":1346881197,"sourceRegion":"guangzhou","featureType":"infrastructure","railClass":"metro","mode":"subway","name":"未命名","service":"crossover","tunnel":"yes","status":"operational","color":"#52636f","sourceKey":"way:1346881197"}},{"type":"Feature","geometry":{"type":"LineString","coordinates":[[113.891803,22.4831887],[113.8916531,22.4833324],[113.891569,22.4834137],[113.8913646,22.4836114],[113.8904631,22.4844835],[113.8902431,22.4847362],[113.8900951,22.4849811],[113.8899502,22.485276],[113.8898655,22.4855487],[113.8898038,22.4859005],[113.8897946,22.4862475],[113.8898429,22.4866242],[113.8899715,22.487007],[113.8901326,22.487338],[113.8903257,22.4876081],[113.890558,22.4878614],[113.8909467,22.488253],[113.8911518,22.4884358],[113.8914093,22.4886242],[113.8916668,22.4887729],[113.891975,22.4888943],[113.8922883,22.4889811],[113.89267,22.489043],[113.8930292,22.4890406],[113.8933942,22.4890033],[113.8937196,22.4889296],[113.8940459,22.488815],[113.8943837,22.4886465],[113.894695,22.488421],[113.8949791,22.4881648],[113.8952288,22.487841],[113.8954958,22.4874249],[113.8958468,22.4868725],[113.8960209,22.4866119],[113.8961878,22.4863572],[113.8962691,22.486234]]},"properties":{"key":"way:1346881200@detail:455_89","osmType":"way","osmId":1346881200,"sourceRegion":"guangzhou","featureType":"infrastructure","railClass":"metro","mode":"subway","name":"未命名","service":"yard","tunnel":"yes","status":"operational","color":"#52636f","sourceKey":"way:1346881200"}},{"type":"Feature","geometry":{"type":"LineString","coordinates":[[113.8970043,22.483799],[113.897046,22.4836775],[113.8970829,22.4835747],[113.8971318,22.4834817],[113.897219,22.4833405],[113.8973987,22.48311],[113.8976145,22.4828643],[113.8989776,22.4813127],[113.8992105,22.4810405]]},"properties":{"key":"way:1347053944@detail:455_89","osmType":"way","osmId":1347053944,"sourceRegion":"guangzhou","featureType":"infrastructure","railClass":"metro","mode":"subway","name":"未命名","service":"yard","status":"operational","color":"#52636f","sourceKey":"way:1347053944"}},{"type":"Feature","geometry":{"type":"LineString","coordinates":[[113.8962458,22.4862217],[113.8963294,22.4861377]]},"properties":{"key":"way:1347053945@detail:455_89","osmType":"way","osmId":1347053945,"sourceRegion":"guangzhou","featureType":"infrastructure","railClass":"metro","mode":"subway","name":"未命名","service":"crossover","status":"operational","color":"#52636f","sourceKey":"way:1347053945"}},{"type":"Feature","geometry":{"type":"LineString","coordinates":[[113.8916171,22.4832969],[113.8917614,22.4831085]]},"properties":{"key":"way:1347053948@detail:455_89","osmType":"way","osmId":1347053948,"sourceRegion":"guangzhou","featureType":"infrastructure","railClass":"metro","mode":"subway","name":"未命名","service":"crossover","tunnel":"yes","status":"operational","color":"#52636f","sourceKey":"way:1347053948"}},{"type":"Feature","geometry":{"type":"LineString","coordinates":[[113.891857,22.4831937],[113.8916531,22.4833324]]},"properties":{"key":"way:1347053949@detail:455_89","osmType":"way","osmId":1347053949,"sourceRegion":"guangzhou","featureType":"infrastructure","railClass":"metro","mode":"subway","name":"未命名","service":"crossover","tunnel":"yes","status":"operational","color":"#52636f","sourceKey":"way:1347053949"}},{"type":"Feature","geometry":{"type":"LineString","coordinates":[[113.8903512,22.4910919],[113.8942358,22.4866537]]},"properties":{"key":"way:1347053950@detail:455_89","osmType":"way","osmId":1347053950,"sourceRegion":"guangzhou","featureType":"infrastructure","railClass":"metro","mode":"subway","name":"未命名","service":"yard","tunnel":"yes","status":"operational","color":"#52636f","sourceKey":"way:1347053950"}},{"type":"Feature","geometry":{"type":"LineString","coordinates":[[113.8982075,22.484406],[113.9001882,22.482136]]},"properties":{"key":"way:1347053951@detail:455_89","osmType":"way","osmId":1347053951,"sourceRegion":"guangzhou","featureType":"infrastructure","railClass":"metro","mode":"subway","name":"未命名","service":"yard","status":"operational","color":"#52636f","sourceKey":"way:1347053951"}},{"type":"Feature","geometry":{"type":"LineString","coordinates":[[113.8981595,22.4843698],[113.9001439,22.4821028]]},"properties":{"key":"way:1347053952@detail:455_89","osmType":"way","osmId":1347053952,"sourceRegion":"guangzhou","featureType":"infrastructure","railClass":"metro","mode":"subway","name":"未命名","service":"yard","status":"operational","color":"#52636f","sourceKey":"way:1347053952"}},{"type":"Feature","geometry":{"type":"LineString","coordinates":[[113.8981202,22.4843401],[113.9000997,22.4820697]]},"properties":{"key":"way:1347053953@detail:455_89","osmType":"way","osmId":1347053953,"sourceRegion":"guangzhou","featureType":"infrastructure","railClass":"metro","mode":"subway","name":"未命名","service":"yard","status":"operational","color":"#52636f","sourceKey":"way:1347053953"}},{"type":"Feature","geometry":{"type":"LineString","coordinates":[[113.8980482,22.4842857],[113.9000317,22.4820187]]},"properties":{"key":"way:1347053954@detail:455_89","osmType":"way","osmId":1347053954,"sourceRegion":"guangzhou","featureType":"infrastructure","railClass":"metro","mode":"subway","name":"未命名","service":"yard","status":"operational","color":"#52636f","sourceKey":"way:1347053954"}},{"type":"Feature","geometry":{"type":"LineString","coordinates":[[113.8980162,22.4842615],[113.899997,22.4819927]]},"properties":{"key":"way:1347053955@detail:455_89","osmType":"way","osmId":1347053955,"sourceRegion":"guangzhou","featureType":"infrastructure","railClass":"metro","mode":"subway","name":"未命名","service":"yard","status":"operational","color":"#52636f","sourceKey":"way:1347053955"}},{"type":"Feature","geometry":{"type":"LineString","coordinates":[[113.8979788,22.4842333],[113.8999623,22.4819668]]},"properties":{"key":"way:1347053956@detail:455_89","osmType":"way","osmId":1347053956,"sourceRegion":"guangzhou","featureType":"infrastructure","railClass":"metro","mode":"subway","name":"未命名","service":"yard","status":"operational","color":"#52636f","sourceKey":"way:1347053956"}},{"type":"Feature","geometry":{"type":"LineString","coordinates":[[113.8979172,22.4841868],[113.8999012,22.481921]]},"properties":{"key":"way:1347053957@detail:455_89","osmType":"way","osmId":1347053957,"sourceRegion":"guangzhou","featureType":"infrastructure","railClass":"metro","mode":"subway","name":"未命名","service":"yard","status":"operational","color":"#52636f","sourceKey":"way:1347053957"}},{"type":"Feature","geometry":{"type":"LineString","coordinates":[[113.8978786,22.4841576],[113.8998693,22.4818971]]},"properties":{"key":"way:1347053958@detail:455_89","osmType":"way","osmId":1347053958,"sourceRegion":"guangzhou","featureType":"infrastructure","railClass":"metro","mode":"subway","name":"未命名","service":"yard","status":"operational","color":"#52636f","sourceKey":"way:1347053958"}},{"type":"Feature","geometry":{"type":"LineString","coordinates":[[113.89785,22.4841361],[113.8998374,22.4818732]]},"properties":{"key":"way:1347053959@detail:455_89","osmType":"way","osmId":1347053959,"sourceRegion":"guangzhou","featureType":"infrastructure","railClass":"metro","mode":"subway","name":"未命名","service":"yard","status":"operational","color":"#52636f","sourceKey":"way:1347053959"}},{"type":"Feature","geometry":{"type":"LineString","coordinates":[[113.8977965,22.4840957],[113.8997769,22.4818279]]},"properties":{"key":"way:1347053960@detail:455_89","osmType":"way","osmId":1347053960,"sourceRegion":"guangzhou","featureType":"infrastructure","railClass":"metro","mode":"subway","name":"未命名","service":"yard","status":"operational","color":"#52636f","sourceKey":"way:1347053960"}},{"type":"Feature","geometry":{"type":"LineString","coordinates":[[113.8977539,22.4840634],[113.899741,22.4818009]]},"properties":{"key":"way:1347053961@detail:455_89","osmType":"way","osmId":1347053961,"sourceRegion":"guangzhou","featureType":"infrastructure","railClass":"metro","mode":"subway","name":"未命名","service":"yard","status":"operational","color":"#52636f","sourceKey":"way:1347053961"}},{"type":"Feature","geometry":{"type":"LineString","coordinates":[[113.8977219,22.4840393],[113.899705,22.481774]]},"properties":{"key":"way:1347053962@detail:455_89","osmType":"way","osmId":1347053962,"sourceRegion":"guangzhou","featureType":"infrastructure","railClass":"metro","mode":"subway","name":"未命名","service":"yard","status":"operational","color":"#52636f","sourceKey":"way:1347053962"}},{"type":"Feature","geometry":{"type":"LineString","coordinates":[[113.8976622,22.4839942],[113.8996448,22.4817289]]},"properties":{"key":"way:1347053963@detail:455_89","osmType":"way","osmId":1347053963,"sourceRegion":"guangzhou","featureType":"infrastructure","railClass":"metro","mode":"subway","name":"未命名","service":"yard","status":"operational","color":"#52636f","sourceKey":"way:1347053963"}},{"type":"Feature","geometry":{"type":"LineString","coordinates":[[113.8976225,22.4839643],[113.8996103,22.4817031]]},"properties":{"key":"way:1347053964@detail:455_89","osmType":"way","osmId":1347053964,"sourceRegion":"guangzhou","featureType":"infrastructure","railClass":"metro","mode":"subway","name":"未命名","service":"yard","status":"operational","color":"#52636f","sourceKey":"way:1347053964"}},{"type":"Feature","geometry":{"type":"LineString","coordinates":[[113.8975918,22.4839411],[113.8995748,22.4816765]]},"properties":{"key":"way:1347053965@detail:455_89","osmType":"way","osmId":1347053965,"sourceRegion":"guangzhou","featureType":"infrastructure","railClass":"metro","mode":"subway","name":"未命名","service":"yard","status":"operational","color":"#52636f","sourceKey":"way:1347053965"}},{"type":"Feature","geometry":{"type":"LineString","coordinates":[[113.8975396,22.4839017],[113.8995117,22.4816292]]},"properties":{"key":"way:1347053966@detail:455_89","osmType":"way","osmId":1347053966,"sourceRegion":"guangzhou","featureType":"infrastructure","railClass":"metro","mode":"subway","name":"未命名","service":"yard","status":"operational","color":"#52636f","sourceKey":"way:1347053966"}},{"type":"Feature","geometry":{"type":"LineString","coordinates":[[113.8974968,22.4838693],[113.89948,22.4816054]]},"properties":{"key":"way:1347053967@detail:455_89","osmType":"way","osmId":1347053967,"sourceRegion":"guangzhou","featureType":"infrastructure","railClass":"metro","mode":"subway","name":"未命名","service":"yard","status":"operational","color":"#52636f","sourceKey":"way:1347053967"}},{"type":"Feature","geometry":{"type":"LineString","coordinates":[[113.8974568,22.4838391],[113.8994483,22.4815817]]},"properties":{"key":"way:1347053968@detail:455_89","osmType":"way","osmId":1347053968,"sourceRegion":"guangzhou","featureType":"infrastructure","railClass":"metro","mode":"subway","name":"未命名","service":"yard","status":"operational","color":"#52636f","sourceKey":"way:1347053968"}},{"type":"Feature","geometry":{"type":"LineString","coordinates":[[113.8973988,22.4837953],[113.8993875,22.4815362]]},"properties":{"key":"way:1347053969@detail:455_89","osmType":"way","osmId":1347053969,"sourceRegion":"guangzhou","featureType":"infrastructure","railClass":"metro","mode":"subway","name":"未命名","service":"yard","status":"operational","color":"#52636f","sourceKey":"way:1347053969"}},{"type":"Feature","geometry":{"type":"LineString","coordinates":[[113.8973482,22.4837571],[113.8993272,22.481491]]},"properties":{"key":"way:1347053970@detail:455_89","osmType":"way","osmId":1347053970,"sourceRegion":"guangzhou","featureType":"infrastructure","railClass":"metro","mode":"subway","name":"未命名","service":"yard","status":"operational","color":"#52636f","sourceKey":"way:1347053970"}},{"type":"Feature","geometry":{"type":"LineString","coordinates":[[113.8972622,22.4836922],[113.899224,22.4814631]]},"properties":{"key":"way:1347053971@detail:455_89","osmType":"way","osmId":1347053971,"sourceRegion":"guangzhou","featureType":"infrastructure","railClass":"metro","mode":"subway","name":"未命名","service":"yard","status":"operational","color":"#52636f","sourceKey":"way:1347053971"}},{"type":"Feature","geometry":{"type":"LineString","coordinates":[[113.8974873,22.4844326],[113.8977186,22.4841732],[113.8977965,22.4840957]]},"properties":{"key":"way:1347053972@detail:455_89","osmType":"way","osmId":1347053972,"sourceRegion":"guangzhou","featureType":"infrastructure","railClass":"metro","mode":"subway","name":"未命名","service":"yard","status":"operational","color":"#52636f","sourceKey":"way:1347053972"}},{"type":"Feature","geometry":{"type":"LineString","coordinates":[[113.8972913,22.4845772],[113.8973652,22.484312],[113.8974309,22.484167],[113.8975382,22.4840059],[113.8975918,22.4839411]]},"properties":{"key":"way:1347053973@detail:455_89","osmType":"way","osmId":1347053973,"sourceRegion":"guangzhou","featureType":"infrastructure","railClass":"metro","mode":"subway","name":"未命名","service":"yard","status":"operational","color":"#52636f","sourceKey":"way:1347053973"}},{"type":"Feature","geometry":{"type":"LineString","coordinates":[[113.8973987,22.48311],[113.8975969,22.4828136]]},"properties":{"key":"way:1347053974@detail:455_89","osmType":"way","osmId":1347053974,"sourceRegion":"guangzhou","featureType":"infrastructure","railClass":"metro","mode":"subway","name":"未命名","service":"crossover","status":"operational","color":"#52636f","sourceKey":"way:1347053974"}},{"type":"Feature","geometry":{"type":"LineString","coordinates":[[113.8942358,22.4866537],[113.8975969,22.4828136],[113.8991106,22.4810796]]},"properties":{"key":"way:1347053975@detail:455_89","osmType":"way","osmId":1347053975,"sourceRegion":"guangzhou","featureType":"infrastructure","railClass":"metro","mode":"subway","name":"未命名","service":"yard","status":"operational","color":"#52636f","sourceKey":"way:1347053975"}},{"type":"Feature","geometry":{"type":"LineString","coordinates":[[113.8976145,22.4828643],[113.8978574,22.4826564],[113.8987758,22.4816078],[113.8989776,22.4813127]]},"properties":{"key":"way:1347053976@detail:455_89","osmType":"way","osmId":1347053976,"sourceRegion":"guangzhou","featureType":"infrastructure","railClass":"metro","mode":"subway","name":"未命名","service":"yard","status":"operational","color":"#52636f","sourceKey":"way:1347053976"}},{"type":"Feature","geometry":{"type":"LineString","coordinates":[[113.896228,22.48638],[113.8961301,22.4864897],[113.8960209,22.4866119]]},"properties":{"key":"way:1347053977@detail:455_89","osmType":"way","osmId":1347053977,"sourceRegion":"guangzhou","featureType":"infrastructure","railClass":"metro","mode":"subway","name":"未命名","service":"crossover","tunnel":"yes","status":"operational","color":"#52636f","sourceKey":"way:1347053977"}},{"type":"Feature","geometry":{"type":"LineString","coordinates":[[113.8960659,22.4866371],[113.8961301,22.4864897],[113.8961878,22.4863572]]},"properties":{"key":"way:1347053978@detail:455_89","osmType":"way","osmId":1347053978,"sourceRegion":"guangzhou","featureType":"infrastructure","railClass":"metro","mode":"subway","name":"未命名","service":"crossover","tunnel":"yes","status":"operational","color":"#52636f","sourceKey":"way:1347053978"}},{"type":"Feature","geometry":{"type":"LineString","coordinates":[[113.8961506,22.4863251],[113.8962458,22.4862217]]},"properties":{"key":"way:1347053979@detail:455_89","osmType":"way","osmId":1347053979,"sourceRegion":"guangzhou","featureType":"infrastructure","railClass":"metro","mode":"subway","name":"未命名","service":"crossover","tunnel":"yes","status":"operational","color":"#52636f","sourceKey":"way:1347053979"}},{"type":"Feature","geometry":{"type":"LineString","coordinates":[[113.891582,22.4830117],[113.8912934,22.4831973],[113.8910063,22.483382]]},"properties":{"key":"way:1347053980@detail:455_89","osmType":"way","osmId":1347053980,"sourceRegion":"guangzhou","featureType":"infrastructure","railClass":"metro","mode":"subway","name":"未命名","service":"crossover","tunnel":"yes","status":"operational","color":"#52636f","sourceKey":"way:1347053980"}},{"type":"Feature","geometry":{"type":"LineString","coordinates":[[113.8911039,22.4834695],[113.8912934,22.4831973],[113.8914817,22.4829266]]},"properties":{"key":"way:1347053981@detail:455_89","osmType":"way","osmId":1347053981,"sourceRegion":"guangzhou","featureType":"infrastructure","railClass":"metro","mode":"subway","name":"未命名","service":"crossover","tunnel":"yes","status":"operational","color":"#52636f","sourceKey":"way:1347053981"}},{"type":"Feature","geometry":{"type":"LineString","coordinates":[[113.8913259,22.4835767],[113.8914487,22.4834944],[113.891569,22.4834137]]},"properties":{"key":"way:1347053982@detail:455_89","osmType":"way","osmId":1347053982,"sourceRegion":"guangzhou","featureType":"infrastructure","railClass":"metro","mode":"subway","name":"未命名","service":"crossover","tunnel":"yes","status":"operational","color":"#52636f","sourceKey":"way:1347053982"}},{"type":"Feature","geometry":{"type":"LineString","coordinates":[[113.8915314,22.4833792],[113.8914487,22.4834944],[113.8913646,22.4836114]]},"properties":{"key":"way:1347053983@detail:455_89","osmType":"way","osmId":1347053983,"sourceRegion":"guangzhou","featureType":"infrastructure","railClass":"metro","mode":"subway","name":"未命名","service":"crossover","tunnel":"yes","status":"operational","color":"#52636f","sourceKey":"way:1347053983"}},{"type":"Feature","geometry":{"type":"LineString","coordinates":[[113.8962763,22.4733586],[113.8971019,22.4735678],[113.8976395,22.4736967],[113.8980692,22.473747],[113.898632,22.4737834],[113.899113,22.4737905],[113.901444,22.4736075],[113.902027,22.4735935],[113.9026305,22.4736489],[113.9031443,22.4737385],[113.9036592,22.4739013],[113.9041465,22.4741609],[113.9068898,22.4761094],[113.9081539,22.4771335],[113.9084867,22.4774481],[113.9087004,22.4777881],[113.9087964,22.4781772],[113.9088207,22.4786059],[113.9087438,22.4797905],[113.9086929,22.4800527],[113.908594,22.4803043],[113.9083939,22.4805961],[113.9078294,22.4811624],[113.9076426,22.4814262],[113.9075182,22.4817527],[113.907442,22.4821085],[113.9074205,22.4824377],[113.9074586,22.4843543],[113.907576,22.4850735],[113.9079675,22.4859234],[113.9088925,22.4880033],[113.9097884,22.4897079],[113.910981,22.4920274],[113.9118746,22.4937643],[113.912382,22.4948466],[113.9126024,22.4953019],[113.9129132,22.4957721],[113.9141366,22.4972672],[113.9150966,22.4985249],[113.9152996,22.4988415],[113.9154996,22.4993051],[113.91579560374744,22.5]]},"properties":{"key":"way:1347108782@detail:455_89","osmType":"way","osmId":1347108782,"sourceRegion":"guangzhou","featureType":"infrastructure","railClass":"metro","mode":"subway","name":"深圳地铁12号线","nameEn":"Shenzhen Metro Line 12","operator":"深圳地铁运营集团","usage":"main","tunnel":"yes","status":"operational","color":"#52636f","sourceKey":"way:1347108782"}},{"type":"Feature","geometry":{"type":"LineString","coordinates":[[113.9156965949725,22.5],[113.9154591,22.4993282],[113.9152509,22.4988497],[113.9150531,22.498544],[113.914726,22.498142],[113.9140668,22.4973038],[113.9128425,22.4958028],[113.9125096,22.4952965],[113.9123016,22.4948685],[113.9118221,22.4937805],[113.9109234,22.4920139],[113.9097318,22.4897269],[113.9088304,22.4880191],[113.907839,22.4859557],[113.90762,22.4854814],[113.9074486,22.4850519],[113.9073182,22.4843974],[113.9073057,22.4837684],[113.907327,22.4824416],[113.9073957,22.4820844],[113.90747,22.4817382],[113.9075897,22.4814113],[113.9077877,22.4811254],[113.9081151,22.4808036],[113.9083596,22.4805616],[113.9085469,22.4802922],[113.9086421,22.4800379],[113.9086867,22.4797831],[113.9087604,22.4786068],[113.9087373,22.4781978],[113.9086482,22.4778193],[113.9084194,22.4774717],[113.9081004,22.4771734],[113.9068364,22.4761622],[113.9041183,22.4742073],[113.9036345,22.4739544],[113.9031213,22.473792],[113.9025983,22.4737035],[113.9020525,22.4736504],[113.9015431,22.4736571],[113.9003451,22.4737749],[113.8996675,22.4738413],[113.8990481,22.4738764],[113.8983496,22.4738637],[113.8976105,22.4737878],[113.8970675,22.4736764],[113.8962422,22.4734635]]},"properties":{"key":"way:1347108783@detail:455_89","osmType":"way","osmId":1347108783,"sourceRegion":"guangzhou","featureType":"infrastructure","railClass":"metro","mode":"subway","name":"深圳地铁12号线","nameEn":"Shenzhen Metro Line 12","operator":"深圳地铁运营集团","usage":"main","tunnel":"yes","status":"operational","color":"#52636f","sourceKey":"way:1347108783"}},{"type":"Feature","geometry":{"type":"LineString","coordinates":[[113.9399173,22.4933848],[113.9399392,22.4935447],[113.9399611,22.4937048]]},"properties":{"key":"way:1348187721@detail:455_89","osmType":"way","osmId":1348187721,"sourceRegion":"guangzhou","featureType":"infrastructure","railClass":"metro","mode":"subway","name":"未命名","service":"crossover","status":"operational","color":"#52636f","sourceKey":"way:1348187721"}},{"type":"Feature","geometry":{"type":"LineString","coordinates":[[113.9399113,22.4937045],[113.9399392,22.4935447],[113.9399671,22.4933845]]},"properties":{"key":"way:1348187722@detail:455_89","osmType":"way","osmId":1348187722,"sourceRegion":"guangzhou","featureType":"infrastructure","railClass":"metro","mode":"subway","name":"未命名","service":"crossover","status":"operational","color":"#52636f","sourceKey":"way:1348187722"}},{"type":"Feature","geometry":{"type":"LineString","coordinates":[[113.940011,22.4952137],[113.9399908,22.4961206]]},"properties":{"key":"way:1348187723@detail:455_89","osmType":"way","osmId":1348187723,"sourceRegion":"guangzhou","featureType":"infrastructure","railClass":"metro","mode":"subway","name":"未命名","service":"yard","status":"operational","color":"#52636f","sourceKey":"way:1348187723"}},{"type":"Feature","geometry":{"type":"LineString","coordinates":[[113.9399423,22.4947106],[113.940011,22.4952137],[113.9400445,22.4955346],[113.9400338,22.4961219]]},"properties":{"key":"way:1348187724@detail:455_89","osmType":"way","osmId":1348187724,"sourceRegion":"guangzhou","featureType":"infrastructure","railClass":"metro","mode":"subway","name":"未命名","service":"yard","status":"operational","color":"#52636f","sourceKey":"way:1348187724"}},{"type":"Feature","geometry":{"type":"LineString","coordinates":[[113.9398403,22.497491],[113.9398962,22.4971664]]},"properties":{"key":"way:1348187725@detail:455_89","osmType":"way","osmId":1348187725,"sourceRegion":"guangzhou","featureType":"infrastructure","railClass":"metro","mode":"subway","name":"未命名","service":"crossover","status":"operational","color":"#52636f","sourceKey":"way:1348187725"}},{"type":"Feature","geometry":{"type":"LineString","coordinates":[[113.9399657,22.4974229],[113.9399339,22.4990627]]},"properties":{"key":"way:1348187726@detail:455_89","osmType":"way","osmId":1348187726,"sourceRegion":"guangzhou","featureType":"infrastructure","railClass":"metro","mode":"subway","name":"未命名","service":"yard","status":"operational","color":"#52636f","sourceKey":"way:1348187726"}},{"type":"Feature","geometry":{"type":"LineString","coordinates":[[113.9399009,22.4969186],[113.9399657,22.4974229],[113.9399868,22.4975542],[113.9400043,22.4977134],[113.9400069,22.4978559],[113.9399828,22.4990646]]},"properties":{"key":"way:1348187727@detail:455_89","osmType":"way","osmId":1348187727,"sourceRegion":"guangzhou","featureType":"infrastructure","railClass":"metro","mode":"subway","name":"未命名","service":"yard","status":"operational","color":"#52636f","sourceKey":"way:1348187727"}},{"type":"Feature","geometry":{"type":"LineString","coordinates":[[113.9398616,22.499015],[113.9398929,22.4992839],[113.9398978,22.4994177],[113.93988688229568,22.5]]},"properties":{"key":"way:1348187728@detail:455_89","osmType":"way","osmId":1348187728,"sourceRegion":"guangzhou","featureType":"infrastructure","railClass":"metro","mode":"subway","name":"未命名","service":"yard","status":"operational","color":"#52636f","sourceKey":"way:1348187728"}},{"type":"Feature","geometry":{"type":"LineString","coordinates":[[113.9395295,22.4990225],[113.9395925,22.4986904],[113.9396046,22.4985777],[113.93961,22.4984364],[113.9396703,22.4949318]]},"properties":{"key":"way:1348187729@detail:455_89","osmType":"way","osmId":1348187729,"sourceRegion":"guangzhou","featureType":"infrastructure","railClass":"metro","mode":"subway","name":"未命名","service":"yard","status":"operational","color":"#52636f","sourceKey":"way:1348187729"}},{"type":"Feature","geometry":{"type":"LineString","coordinates":[[113.9396728,22.4987732],[113.9396262,22.4990529],[113.93960843164152,22.5]]},"properties":{"key":"way:1348187730@detail:455_89","osmType":"way","osmId":1348187730,"sourceRegion":"guangzhou","featureType":"infrastructure","railClass":"metro","mode":"subway","name":"未命名","service":"yard","status":"operational","color":"#52636f","sourceKey":"way:1348187730"}},{"type":"Feature","geometry":{"type":"LineString","coordinates":[[113.9398221,22.4984587],[113.939866,22.4987784]]},"properties":{"key":"way:1348187731@detail:455_89","osmType":"way","osmId":1348187731,"sourceRegion":"guangzhou","featureType":"infrastructure","railClass":"metro","mode":"subway","name":"未命名","service":"crossover","status":"operational","color":"#52636f","sourceKey":"way:1348187731"}},{"type":"Feature","geometry":{"type":"LineString","coordinates":[[113.9395224,22.499401],[113.9395483,22.4991885],[113.9395657,22.4990981],[113.9395939,22.4990002],[113.9396728,22.4987732],[113.9397682,22.4984984],[113.9398267,22.4982134]]},"properties":{"key":"way:1348187732@detail:455_89","osmType":"way","osmId":1348187732,"sourceRegion":"guangzhou","featureType":"infrastructure","railClass":"metro","mode":"subway","name":"未命名","service":"yard","status":"operational","color":"#52636f","sourceKey":"way:1348187732"}},{"type":"Feature","geometry":{"type":"LineString","coordinates":[[113.9396262,22.4990529],[113.9396033,22.4991563],[113.9395791,22.4993087],[113.939571,22.4994019],[113.93955977053628,22.5]]},"properties":{"key":"way:1348187733@detail:455_89","osmType":"way","osmId":1348187733,"sourceRegion":"guangzhou","featureType":"infrastructure","railClass":"metro","mode":"subway","name":"未命名","service":"yard","status":"operational","color":"#52636f","sourceKey":"way:1348187733"}},{"type":"Feature","geometry":{"type":"LineString","coordinates":[[113.9395342,22.4987747],[113.9394853,22.4984228],[113.9394705,22.4983212],[113.9394678,22.4982072],[113.9395201,22.4954404],[113.9395241,22.4953252],[113.9395308,22.4952545],[113.9395483,22.4951567],[113.9395791,22.4950451],[113.9397749,22.4944479],[113.9398453,22.4942621],[113.9398594,22.49421],[113.9399067,22.4939499]]},"properties":{"key":"way:1348187734@detail:455_89","osmType":"way","osmId":1348187734,"sourceRegion":"guangzhou","featureType":"infrastructure","railClass":"metro","mode":"subway","name":"未命名","service":"yard","status":"operational","color":"#52636f","sourceKey":"way:1348187734"}},{"type":"Feature","geometry":{"type":"LineString","coordinates":[[113.939832,22.4979297],[113.9397696,22.4975332],[113.9397615,22.4974093],[113.9398152,22.4946059],[113.9398453,22.4942621]]},"properties":{"key":"way:1348187735@detail:455_89","osmType":"way","osmId":1348187735,"sourceRegion":"guangzhou","featureType":"infrastructure","railClass":"metro","mode":"subway","name":"未命名","service":"yard","status":"operational","color":"#52636f","sourceKey":"way:1348187735"}},{"type":"Feature","geometry":{"type":"LineString","coordinates":[[113.9396703,22.4949318],[113.9396341,22.4951133],[113.9396207,22.4952124],[113.939612,22.4953074],[113.9395342,22.4987747],[113.9395295,22.4990225],[113.9395224,22.499401],[113.93951115389797,22.5]]},"properties":{"key":"way:1348187736@detail:455_89","osmType":"way","osmId":1348187736,"sourceRegion":"guangzhou","featureType":"infrastructure","railClass":"metro","mode":"subway","name":"未命名","service":"yard","status":"operational","color":"#52636f","sourceKey":"way:1348187736"}},{"type":"Feature","geometry":{"type":"LineString","coordinates":[[113.9398177,22.4986951],[113.9397521,22.4990584],[113.9397393,22.499144],[113.9396971,22.4994128],[113.9396856,22.4995144],[113.93967648544582,22.5]]},"properties":{"key":"way:1348187737@detail:455_89","osmType":"way","osmId":1348187737,"sourceRegion":"guangzhou","featureType":"infrastructure","railClass":"metro","mode":"subway","name":"未命名","service":"yard","status":"operational","color":"#52636f","sourceKey":"way:1348187737"}},{"type":"Feature","geometry":{"type":"LineString","coordinates":[[113.9397393,22.499144],[113.93972358059182,22.5]]},"properties":{"key":"way:1348187738@detail:455_89","osmType":"way","osmId":1348187738,"sourceRegion":"guangzhou","featureType":"infrastructure","railClass":"metro","mode":"subway","name":"未命名","service":"yard","status":"operational","color":"#52636f","sourceKey":"way:1348187738"}},{"type":"Feature","geometry":{"type":"LineString","coordinates":[[113.9399248,22.4929843],[113.9399173,22.4933848],[113.9399113,22.4937045],[113.9399067,22.4939499],[113.9398403,22.497491],[113.939832,22.4979297],[113.9398267,22.4982134],[113.9398221,22.4984587],[113.9398177,22.4986951],[113.93979321049743,22.5]]},"properties":{"key":"way:1348187739@detail:455_89","osmType":"way","osmId":1348187739,"sourceRegion":"guangzhou","featureType":"infrastructure","railClass":"metro","mode":"subway","name":"未命名","service":"yard","status":"operational","color":"#52636f","sourceKey":"way:1348187739"}},{"type":"Feature","geometry":{"type":"LineString","coordinates":[[113.9399658,22.4909327],[113.9399248,22.4929843]]},"properties":{"key":"way:1348187740@detail:455_89","osmType":"way","osmId":1348187740,"sourceRegion":"guangzhou","featureType":"infrastructure","railClass":"metro","mode":"subway","name":"未命名","service":"yard","status":"operational","color":"#52636f","sourceKey":"way:1348187740"}},{"type":"Feature","geometry":{"type":"LineString","coordinates":[[113.9339707,22.4949744],[113.9339631,22.4951048],[113.9339541,22.4952325]]},"properties":{"key":"way:1348187741@detail:455_89","osmType":"way","osmId":1348187741,"sourceRegion":"guangzhou","featureType":"infrastructure","railClass":"metro","mode":"subway","name":"未命名","service":"crossover","tunnel":"yes","status":"operational","color":"#52636f","sourceKey":"way:1348187741"}},{"type":"Feature","geometry":{"type":"LineString","coordinates":[[113.9339283,22.4952285],[113.9339631,22.4951048],[113.9340001,22.4949789]]},"properties":{"key":"way:1348187742@detail:455_89","osmType":"way","osmId":1348187742,"sourceRegion":"guangzhou","featureType":"infrastructure","railClass":"metro","mode":"subway","name":"未命名","service":"crossover","tunnel":"yes","status":"operational","color":"#52636f","sourceKey":"way:1348187742"}},{"type":"Feature","geometry":{"type":"LineString","coordinates":[[113.9340154,22.4948789],[113.9340653,22.4945492],[113.934127,22.4940571],[113.9341807,22.4936505],[113.9342276,22.4932404],[113.9342476,22.4930902],[113.9342689,22.4929794],[113.9342902,22.4928725],[113.9343235,22.4927458],[113.934479,22.4922442],[113.9347859,22.4912139],[113.9349522,22.4906812],[113.9350489,22.4903745],[113.9351452,22.4900594],[113.9352538,22.4897901],[113.9354014,22.4894976],[113.9355398,22.489287],[113.9357315,22.4890687],[113.9359185,22.4888992],[113.9361426,22.4887466],[113.9363737,22.4886104],[113.9365957,22.4885135],[113.9368292,22.4884319],[113.9370952,22.4883681],[113.9373669,22.4883363],[113.9376583,22.4883283],[113.937916,22.488351],[113.938189,22.4884031],[113.9384411,22.4884814],[113.9387146,22.4886061],[113.9389675,22.4887474],[113.939228,22.4889542],[113.9394344,22.4891682],[113.9396039,22.4893956],[113.9397642,22.4896658],[113.9398823,22.4899506],[113.9399433,22.4901877],[113.9399657,22.4903763],[113.9399694,22.4905572],[113.9399658,22.4909327]]},"properties":{"key":"way:1348187743@detail:455_89","osmType":"way","osmId":1348187743,"sourceRegion":"guangzhou","featureType":"infrastructure","railClass":"metro","mode":"subway","name":"未命名","service":"yard","tunnel":"yes","status":"operational","color":"#52636f","sourceKey":"way:1348187743"}},{"type":"Feature","geometry":{"type":"LineString","coordinates":[[113.9339342,22.4953586],[113.9339694,22.495607]]},"properties":{"key":"way:1348187744@detail:455_89","osmType":"way","osmId":1348187744,"sourceRegion":"guangzhou","featureType":"infrastructure","railClass":"metro","mode":"subway","name":"未命名","service":"crossover","tunnel":"yes","status":"operational","color":"#52636f","sourceKey":"way:1348187744"}},{"type":"Feature","geometry":{"type":"LineString","coordinates":[[113.9340154,22.4948789],[113.9340001,22.4949789],[113.9339541,22.4952325],[113.9339342,22.4953586],[113.9338949,22.4955947]]},"properties":{"key":"way:1348187745@detail:455_89","osmType":"way","osmId":1348187745,"sourceRegion":"guangzhou","featureType":"infrastructure","railClass":"metro","mode":"subway","name":"未命名","service":"yard","tunnel":"yes","status":"operational","color":"#52636f","sourceKey":"way:1348187745"}},{"type":"Feature","geometry":{"type":"LineString","coordinates":[[113.9338679,22.4955902],[113.9338103,22.4953103]]},"properties":{"key":"way:1348187746@detail:455_89","osmType":"way","osmId":1348187746,"sourceRegion":"guangzhou","featureType":"infrastructure","railClass":"metro","mode":"subway","name":"未命名","service":"crossover","tunnel":"yes","status":"operational","color":"#52636f","sourceKey":"way:1348187746"}},{"type":"Feature","geometry":{"type":"LineString","coordinates":[[113.9333113,22.4982966],[113.9334643,22.4980053]]},"properties":{"key":"way:1348187747@detail:455_89","osmType":"way","osmId":1348187747,"sourceRegion":"guangzhou","featureType":"infrastructure","railClass":"metro","mode":"subway","name":"未命名","service":"crossover","tunnel":"yes","status":"operational","color":"#52636f","sourceKey":"way:1348187747"}},{"type":"Feature","geometry":{"type":"LineString","coordinates":[[113.9335154,22.4983238],[113.9334643,22.4980053]]},"properties":{"key":"way:1348187748@detail:455_89","osmType":"way","osmId":1348187748,"sourceRegion":"guangzhou","featureType":"infrastructure","railClass":"metro","mode":"subway","name":"未命名","service":"crossover","tunnel":"yes","status":"operational","color":"#52636f","sourceKey":"way:1348187748"}},{"type":"Feature","geometry":{"type":"LineString","coordinates":[[113.9334134,22.4983102],[113.9334643,22.4980053],[113.933717,22.4964932],[113.9338679,22.4955902],[113.9339283,22.4952285],[113.9339707,22.4949744],[113.9339874,22.4948749]]},"properties":{"key":"way:1348187749@detail:455_89","osmType":"way","osmId":1348187749,"sourceRegion":"guangzhou","featureType":"infrastructure","railClass":"metro","mode":"subway","name":"未命名","service":"yard","tunnel":"yes","status":"operational","color":"#52636f","sourceKey":"way:1348187749"}},{"type":"Feature","geometry":{"type":"LineString","coordinates":[[113.9338189,22.4965077],[113.9339694,22.495607],[113.9340893,22.4948894],[113.9342402,22.4938978],[113.9342844,22.4935459],[113.9343059,22.4932262],[113.93433,22.4929486],[113.9343381,22.492738],[113.9343461,22.4924951],[113.9343356,22.4922571],[113.9343068,22.4919664],[113.9342381,22.4916582],[113.9341616,22.4914148],[113.9340581,22.4911559],[113.9339323,22.4908988],[113.9337863,22.4906323],[113.9336139,22.4903664],[113.9333886,22.4900938],[113.9331123,22.4898484],[113.9328132,22.4896244],[113.9325732,22.4894891],[113.932305,22.4893639],[113.9320155,22.4892509],[113.9317243,22.4891713],[113.9315394,22.4891247],[113.9313212,22.4890853],[113.9310901,22.4890607],[113.9288415,22.4888815],[113.9285713,22.4888646],[113.9281931,22.4888518],[113.9279135,22.4888566],[113.9276574,22.488871],[113.9273732,22.4889122],[113.9271827,22.4889473],[113.9264013,22.4890984],[113.9254425,22.4892837],[113.9250827,22.4893586],[113.9247654,22.4894438],[113.9245006,22.4895289],[113.924292,22.4896051],[113.9240949,22.4896853],[113.9238827,22.4897901],[113.9235445,22.4900155],[113.9233548,22.4901113],[113.9230369,22.4902272],[113.9215248,22.4907016],[113.92035,22.4910503],[113.9199529,22.4911551],[113.9195812,22.4912281],[113.919169,22.4912946],[113.9175288,22.4915183],[113.9169947,22.4915769],[113.9165918,22.4915974],[113.9162262,22.4915811],[113.9156377,22.4915225],[113.9148232,22.4914168],[113.9139358,22.4913017],[113.9133781,22.4911958],[113.9129854,22.4910574],[113.9126344,22.4908907],[113.912142,22.4906597],[113.9118125,22.4904869],[113.9115179,22.4903043],[113.9113104,22.4901049],[113.9111206,22.4898642],[113.9110011,22.4896646],[113.9102019,22.4881089],[113.9096176,22.4869772],[113.90943,22.4865796],[113.9093273,22.4863389],[113.9092454,22.4860841],[113.9091886,22.485831],[113.9091754,22.4856568],[113.9091765,22.4854544],[113.9092079,22.4851707],[113.9095432,22.4839736],[113.909675,22.4835294],[113.9097153,22.4832403],[113.9097378,22.482845],[113.9097342,22.4825652],[113.9097159,22.4822866],[113.9096727,22.4820411],[113.9096098,22.4818208],[113.9094948,22.4815702],[113.9093871,22.4813846],[113.9092737,22.4812096],[113.9090523,22.4809639],[113.9088449,22.4807534],[113.9085531,22.4805306],[113.9082722,22.480317],[113.9079194,22.480059],[113.9074168,22.4796906],[113.9065227,22.4790264],[113.9059787,22.4786299],[113.9055575,22.4783893],[113.9052274,22.4782435],[113.904898,22.4781257],[113.9028382,22.4774146],[113.9024928,22.4773288],[113.9020942,22.4772625],[113.9017994,22.4772435],[113.9013526,22.4772402],[113.9009396,22.4772775],[113.8988118,22.4775884],[113.8983897,22.4776784],[113.8980249,22.4777862],[113.8976246,22.4779266],[113.8972324,22.4781224],[113.8968499,22.4783603],[113.8965024,22.4786267],[113.8961813,22.4789214],[113.8937188,22.4812793],[113.8936275,22.4813565],[113.8933526,22.4815845],[113.8932781,22.4816567],[113.8925946,22.4823109]]},"properties":{"key":"way:1364134529@detail:455_89","osmType":"way","osmId":1364134529,"sourceRegion":"guangzhou","featureType":"infrastructure","railClass":"metro","mode":"subway","name":"深圳地铁2号线","nameEn":"Shenzhen Metro Line 2","operator":"深圳地铁运营集团","usage":"main","tunnel":"yes","status":"operational","color":"#52636f","sourceKey":"way:1364134529"}},{"type":"Feature","geometry":{"type":"LineString","coordinates":[[113.9336151,22.4964788],[113.9338103,22.4953103],[113.9338855,22.4948604],[113.9340296,22.4938755],[113.9340913,22.4935161],[113.9341342,22.4932188],[113.9341745,22.4929375],[113.9341959,22.4927206],[113.9342067,22.4925026],[113.9341974,22.4922613],[113.9341671,22.4919868],[113.9340993,22.4916833],[113.9340256,22.4914542],[113.9339306,22.4912191],[113.9337955,22.4909588],[113.9336521,22.490701],[113.9334878,22.4904556],[113.9332759,22.4901855],[113.9330211,22.4899426],[113.9327366,22.4897247],[113.9324981,22.4895882],[113.9322587,22.4894637],[113.9319777,22.4893542],[113.9316908,22.489272],[113.93151,22.4892266],[113.9313039,22.4891935],[113.9310834,22.4891739],[113.9288355,22.4889987],[113.9285593,22.488986],[113.9281879,22.4889709],[113.9279201,22.4889716],[113.9276615,22.48899],[113.9274015,22.4890263],[113.9272086,22.489062],[113.9264223,22.489214],[113.9254684,22.4893984],[113.9251139,22.4894677],[113.9248095,22.4895452],[113.9245398,22.4896307],[113.9243382,22.4897044],[113.9241394,22.4897854],[113.9239425,22.4898878],[113.9235953,22.4901101],[113.9233995,22.4902019],[113.9230903,22.4903178],[113.9215664,22.4908039],[113.920382,22.491149],[113.9199752,22.4912558],[113.9196035,22.4913351],[113.9191986,22.4914014],[113.9175484,22.4916355],[113.916996,22.491683],[113.9165842,22.4916954],[113.916218,22.4916859],[113.9156228,22.4916204],[113.914811,22.491515],[113.913921,22.4913994],[113.9133566,22.4912661],[113.912957,22.4911289],[113.9126333,22.4909938],[113.9120976,22.4907605],[113.9117737,22.4905855],[113.9114862,22.4904006],[113.9112504,22.4901837],[113.9110431,22.4899409],[113.9108975,22.4897098],[113.9101152,22.48815],[113.9095351,22.4870062],[113.9093587,22.4866323],[113.9092426,22.4863591],[113.9091294,22.4860793],[113.9090737,22.485831],[113.9090509,22.485652],[113.9090514,22.4854149],[113.9090992,22.4851578],[113.9094287,22.4839794],[113.9095496,22.4835061],[113.9095892,22.4832134],[113.9096067,22.4829534],[113.9096068,22.4825573],[113.9095951,22.4823015],[113.9095596,22.4820495],[113.9095012,22.4818476],[113.9094159,22.4816456],[113.9093115,22.4814524],[113.9091764,22.4812538],[113.908967,22.4810201],[113.9087761,22.4808353],[113.9084571,22.4805803],[113.9082185,22.4803932],[113.9078747,22.4801364],[113.9073605,22.4797551],[113.9064642,22.4790925],[113.9059266,22.4787068],[113.9055179,22.4784921],[113.9051822,22.4783543],[113.9048669,22.4782426],[113.9027899,22.4775113],[113.9024655,22.4774239],[113.9020913,22.4773568],[113.9017824,22.4773153],[113.9013581,22.4772992],[113.9009413,22.4773159],[113.8988246,22.4776395],[113.8983981,22.4777318],[113.898045,22.4778321],[113.8976469,22.477974],[113.8972568,22.4781634],[113.8968765,22.478396],[113.896542,22.478657],[113.8962132,22.4789566],[113.8937595,22.4813124],[113.8936758,22.4814036],[113.8934492,22.4816651],[113.8933736,22.4817419],[113.8926904,22.4823959]]},"properties":{"key":"way:1364134530@detail:455_89","osmType":"way","osmId":1364134530,"sourceRegion":"guangzhou","featureType":"infrastructure","railClass":"metro","mode":"subway","name":"深圳地铁2号线","nameEn":"Shenzhen Metro Line 2","operator":"深圳地铁运营集团","usage":"main","tunnel":"yes","status":"operational","color":"#52636f","sourceKey":"way:1364134530"}},{"type":"Feature","geometry":{"type":"LineString","coordinates":[[113.93327616498625,22.5],[113.9334408,22.4987705],[113.9335154,22.4983238],[113.9338189,22.4965077]]},"properties":{"key":"relation:2752374@detail:455_89","osmType":"relation","osmId":2752374,"sourceRegion":"guangzhou","featureType":"service","railClass":"metro","mode":"subway","name":"地铁 2号线：湾厦 → 莲塘","nameEn":"Subway Line 2: Wanxia → Liantang","ref":"2","operator":"深圳地铁集团有限公司","network":"深圳地铁","status":"operational","color":"#DB6D1C","sourceKey":"relation:2752374"}},{"type":"Feature","geometry":{"type":"LineString","coordinates":[[113.88974810506559,22.5],[113.8911882,22.4987646],[113.8916294,22.4983238],[113.8919484,22.4979392],[113.89228,22.4974339],[113.8924971,22.4970054],[113.892685,22.4965094],[113.8928228,22.4959565],[113.8928851,22.4954817],[113.8928902,22.4948392],[113.8928195,22.4942733],[113.892646,22.4936202],[113.8923749,22.4930007],[113.8920423,22.4924307],[113.8916181,22.4919025],[113.8898817,22.4901545],[113.8894594,22.489634],[113.8891426,22.4891473],[113.8889595,22.4887045],[113.8888326,22.4882982],[113.8887647,22.4879104],[113.8887374,22.4875007],[113.8887418,22.4871449],[113.8887695,22.486735],[113.8888825,22.486315],[113.8890245,22.4859274],[113.8892138,22.4855343],[113.8894303,22.4851913],[113.8897436,22.4847921],[113.8900154,22.4845139],[113.89028,22.4842646],[113.8909039,22.4836611],[113.8911039,22.4834695],[113.891582,22.4830117],[113.8924527,22.4821777]]},"properties":{"key":"relation:2752389@detail:455_89","osmType":"relation","osmId":2752389,"sourceRegion":"guangzhou","featureType":"service","railClass":"metro","mode":"subway","name":"地铁 5号线：赤湾 → 大剧院","nameEn":"Subway Line 5: Chiwan → Grand Theater","ref":"5","operator":"深圳地铁集团有限公司","network":"深圳地铁","status":"operational","color":"#9950B2","sourceKey":"relation:2752389"}},{"type":"Feature","geometry":{"type":"LineString","coordinates":[[113.93307183565378,22.5],[113.933237,22.4987414],[113.9333113,22.4982966],[113.9336151,22.4964788]]},"properties":{"key":"relation:9622750@detail:455_89","osmType":"relation","osmId":9622750,"sourceRegion":"guangzhou","featureType":"service","railClass":"metro","mode":"subway","name":"地铁 2号线：莲塘 → 湾厦","nameEn":"Subway Line 2: Liantang → Wanxia","ref":"2","operator":"深圳地铁集团有限公司","network":"深圳地铁","status":"operational","color":"#DB6D1C","sourceKey":"relation:9622750"}},{"type":"Feature","geometry":{"type":"LineString","coordinates":[[113.88955508766627,22.5],[113.8911076,22.4986734],[113.8915411,22.4982484],[113.8918399,22.4978842],[113.8921797,22.4973587],[113.8923787,22.4969576],[113.8925544,22.4964891],[113.8926883,22.4959498],[113.8927488,22.4954884],[113.8927536,22.4948498],[113.8926836,22.4942962],[113.8925124,22.4936547],[113.8922462,22.4930502],[113.891935,22.492515],[113.8914926,22.4919794],[113.8897836,22.4902394],[113.8893574,22.4897257],[113.8890179,22.4891935],[113.8888243,22.4887318],[113.8887113,22.4883248],[113.8886252,22.4879352],[113.8886017,22.4875],[113.8886026,22.4871387],[113.8886425,22.4867119],[113.8887531,22.4862771],[113.8889042,22.4858806],[113.8891021,22.4854855],[113.8893261,22.4851256],[113.8896461,22.4847074],[113.8899238,22.4844226],[113.8908059,22.4835739],[113.8910063,22.483382],[113.8914817,22.4829266],[113.8923546,22.4820907]]},"properties":{"key":"relation:9645951@detail:455_89","osmType":"relation","osmId":9645951,"sourceRegion":"shenzhen","featureType":"service","railClass":"metro","mode":"subway","name":"地铁 5号线：大剧院 → 赤湾","nameEn":"Subway Line 5: Grand Theater → Chiwan","ref":"5","operator":"深圳地铁集团有限公司","network":"深圳地铁","status":"operational","color":"#9950B2","sourceKey":"relation:9645951"}},{"type":"Feature","geometry":{"type":"MultiLineString","coordinates":[[[113.93307183565378,22.5],[113.933237,22.4987414],[113.9333113,22.4982966],[113.9336151,22.4964788]],[[113.9336151,22.4964788],[113.9338103,22.4953103],[113.9338855,22.4948604],[113.9340296,22.4938755],[113.9340913,22.4935161],[113.9341342,22.4932188],[113.9341745,22.4929375],[113.9341959,22.4927206],[113.9342067,22.4925026],[113.9341974,22.4922613],[113.9341671,22.4919868],[113.9340993,22.4916833],[113.9340256,22.4914542],[113.9339306,22.4912191],[113.9337955,22.4909588],[113.9336521,22.490701],[113.9334878,22.4904556],[113.9332759,22.4901855],[113.9330211,22.4899426],[113.9327366,22.4897247],[113.9324981,22.4895882],[113.9322587,22.4894637],[113.9319777,22.4893542],[113.9316908,22.489272],[113.93151,22.4892266],[113.9313039,22.4891935],[113.9310834,22.4891739],[113.9288355,22.4889987],[113.9285593,22.488986],[113.9281879,22.4889709],[113.9279201,22.4889716],[113.9276615,22.48899],[113.9274015,22.4890263],[113.9272086,22.489062],[113.9264223,22.489214],[113.9254684,22.4893984],[113.9251139,22.4894677],[113.9248095,22.4895452],[113.9245398,22.4896307],[113.9243382,22.4897044],[113.9241394,22.4897854],[113.9239425,22.4898878],[113.9235953,22.4901101],[113.9233995,22.4902019],[113.9230903,22.4903178],[113.9215664,22.4908039],[113.920382,22.491149],[113.9199752,22.4912558],[113.9196035,22.4913351],[113.9191986,22.4914014],[113.9175484,22.4916355],[113.916996,22.491683],[113.9165842,22.4916954],[113.916218,22.4916859],[113.9156228,22.4916204],[113.914811,22.491515],[113.913921,22.4913994],[113.9133566,22.4912661],[113.912957,22.4911289],[113.9126333,22.4909938],[113.9120976,22.4907605],[113.9117737,22.4905855],[113.9114862,22.4904006],[113.9112504,22.4901837],[113.9110431,22.4899409],[113.9108975,22.4897098],[113.9101152,22.48815],[113.9095351,22.4870062],[113.9093587,22.4866323],[113.9092426,22.4863591],[113.9091294,22.4860793],[113.9090737,22.485831],[113.9090509,22.485652],[113.9090514,22.4854149],[113.9090992,22.4851578],[113.9094287,22.4839794],[113.9095496,22.4835061],[113.9095892,22.4832134],[113.9096067,22.4829534],[113.9096068,22.4825573],[113.9095951,22.4823015],[113.9095596,22.4820495],[113.9095012,22.4818476],[113.9094159,22.4816456],[113.9093115,22.4814524],[113.9091764,22.4812538],[113.908967,22.4810201],[113.9087761,22.4808353],[113.9084571,22.4805803],[113.9082185,22.4803932],[113.9078747,22.4801364],[113.9073605,22.4797551],[113.9064642,22.4790925],[113.9059266,22.4787068],[113.9055179,22.4784921],[113.9051822,22.4783543],[113.9048669,22.4782426],[113.9027899,22.4775113],[113.9024655,22.4774239],[113.9020913,22.4773568],[113.9017824,22.4773153],[113.9013581,22.4772992],[113.9009413,22.4773159],[113.8988246,22.4776395],[113.8983981,22.4777318],[113.898045,22.4778321],[113.8976469,22.477974],[113.8972568,22.4781634],[113.8968765,22.478396],[113.896542,22.478657],[113.8962132,22.4789566],[113.8937595,22.4813124],[113.8936758,22.4814036],[113.8934492,22.4816651],[113.8933736,22.4817419],[113.8926904,22.4823959]]]},"properties":{"key":"relation:13176925@detail:455_89","osmType":"relation","osmId":13176925,"sourceRegion":"guangzhou","featureType":"service","railClass":"metro","mode":"subway","name":"地铁 2号线：溪涌 → 赤湾","nameEn":"Subway Line 2: Xichong → Chiwan","ref":"2","operator":"深圳地铁集团有限公司","network":"深圳地铁","status":"operational","color":"#DB6D1C","sourceKey":"relation:13176925"}},{"type":"Feature","geometry":{"type":"MultiLineString","coordinates":[[[113.9338189,22.4965077],[113.9339694,22.495607],[113.9340893,22.4948894],[113.9342402,22.4938978],[113.9342844,22.4935459],[113.9343059,22.4932262],[113.93433,22.4929486],[113.9343381,22.492738],[113.9343461,22.4924951],[113.9343356,22.4922571],[113.9343068,22.4919664],[113.9342381,22.4916582],[113.9341616,22.4914148],[113.9340581,22.4911559],[113.9339323,22.4908988],[113.9337863,22.4906323],[113.9336139,22.4903664],[113.9333886,22.4900938],[113.9331123,22.4898484],[113.9328132,22.4896244],[113.9325732,22.4894891],[113.932305,22.4893639],[113.9320155,22.4892509],[113.9317243,22.4891713],[113.9315394,22.4891247],[113.9313212,22.4890853],[113.9310901,22.4890607],[113.9288415,22.4888815],[113.9285713,22.4888646],[113.9281931,22.4888518],[113.9279135,22.4888566],[113.9276574,22.488871],[113.9273732,22.4889122],[113.9271827,22.4889473],[113.9264013,22.4890984],[113.9254425,22.4892837],[113.9250827,22.4893586],[113.9247654,22.4894438],[113.9245006,22.4895289],[113.924292,22.4896051],[113.9240949,22.4896853],[113.9238827,22.4897901],[113.9235445,22.4900155],[113.9233548,22.4901113],[113.9230369,22.4902272],[113.9215248,22.4907016],[113.92035,22.4910503],[113.9199529,22.4911551],[113.9195812,22.4912281],[113.919169,22.4912946],[113.9175288,22.4915183],[113.9169947,22.4915769],[113.9165918,22.4915974],[113.9162262,22.4915811],[113.9156377,22.4915225],[113.9148232,22.4914168],[113.9139358,22.4913017],[113.9133781,22.4911958],[113.9129854,22.4910574],[113.9126344,22.4908907],[113.912142,22.4906597],[113.9118125,22.4904869],[113.9115179,22.4903043],[113.9113104,22.4901049],[113.9111206,22.4898642],[113.9110011,22.4896646],[113.9102019,22.4881089],[113.9096176,22.4869772],[113.90943,22.4865796],[113.9093273,22.4863389],[113.9092454,22.4860841],[113.9091886,22.485831],[113.9091754,22.4856568],[113.9091765,22.4854544],[113.9092079,22.4851707],[113.9095432,22.4839736],[113.909675,22.4835294],[113.9097153,22.4832403],[113.9097378,22.482845],[113.9097342,22.4825652],[113.9097159,22.4822866],[113.9096727,22.4820411],[113.9096098,22.4818208],[113.9094948,22.4815702],[113.9093871,22.4813846],[113.9092737,22.4812096],[113.9090523,22.4809639],[113.9088449,22.4807534],[113.9085531,22.4805306],[113.9082722,22.480317],[113.9079194,22.480059],[113.9074168,22.4796906],[113.9065227,22.4790264],[113.9059787,22.4786299],[113.9055575,22.4783893],[113.9052274,22.4782435],[113.904898,22.4781257],[113.9028382,22.4774146],[113.9024928,22.4773288],[113.9020942,22.4772625],[113.9017994,22.4772435],[113.9013526,22.4772402],[113.9009396,22.4772775],[113.8988118,22.4775884],[113.8983897,22.4776784],[113.8980249,22.4777862],[113.8976246,22.4779266],[113.8972324,22.4781224],[113.8968499,22.4783603],[113.8965024,22.4786267],[113.8961813,22.4789214],[113.8937188,22.4812793],[113.8936275,22.4813565],[113.8933526,22.4815845],[113.8932781,22.4816567],[113.8925946,22.4823109]],[[113.93327616498625,22.5],[113.9334408,22.4987705],[113.9335154,22.4983238],[113.9338189,22.4965077]]]},"properties":{"key":"relation:13176926@detail:455_89","osmType":"relation","osmId":13176926,"sourceRegion":"guangzhou","featureType":"service","railClass":"metro","mode":"subway","name":"地铁 8号线：赤湾 → 溪涌","nameEn":"Subway Line 8: Chiwan → Xichong","ref":"8","operator":"深圳地铁集团有限公司","network":"深圳地铁","status":"operational","color":"#DB6D1C","sourceKey":"relation:13176926"}},{"type":"Feature","geometry":{"type":"LineString","coordinates":[[113.9156965949725,22.5],[113.9154591,22.4993282],[113.9152509,22.4988497],[113.9150531,22.498544],[113.914726,22.498142],[113.9140668,22.4973038],[113.9128425,22.4958028],[113.9125096,22.4952965],[113.9123016,22.4948685],[113.9118221,22.4937805],[113.9109234,22.4920139],[113.9097318,22.4897269],[113.9088304,22.4880191],[113.907839,22.4859557],[113.90762,22.4854814],[113.9074486,22.4850519],[113.9073182,22.4843974],[113.9073057,22.4837684],[113.907327,22.4824416],[113.9073957,22.4820844],[113.90747,22.4817382],[113.9075897,22.4814113],[113.9077877,22.4811254],[113.9081151,22.4808036],[113.9083596,22.4805616],[113.9085469,22.4802922],[113.9086421,22.4800379],[113.9086867,22.4797831],[113.9087604,22.4786068],[113.9087373,22.4781978],[113.9086482,22.4778193],[113.9084194,22.4774717],[113.9081004,22.4771734],[113.9068364,22.4761622],[113.9041183,22.4742073],[113.9036345,22.4739544],[113.9031213,22.473792],[113.9025983,22.4737035],[113.9020525,22.4736504],[113.9015431,22.4736571],[113.9003451,22.4737749],[113.8996675,22.4738413],[113.8990481,22.4738764],[113.8983496,22.4738637],[113.8976105,22.4737878],[113.8970675,22.4736764],[113.8962422,22.4734635]]},"properties":{"key":"relation:14944727@detail:455_89","osmType":"relation","osmId":14944727,"sourceRegion":"guangzhou","featureType":"service","railClass":"metro","mode":"subway","name":"地铁 12号线: 松岗 → 左炮台东","nameEn":"Subway Line 12: Songgang → Zuopaotai East","ref":"12","operator":"深圳市地铁集团","network":"深圳地铁","status":"operational","color":"#A192B2","sourceKey":"relation:14944727"}},{"type":"Feature","geometry":{"type":"LineString","coordinates":[[113.8962763,22.4733586],[113.8971019,22.4735678],[113.8976395,22.4736967],[113.8980692,22.473747],[113.898632,22.4737834],[113.899113,22.4737905],[113.901444,22.4736075],[113.902027,22.4735935],[113.9026305,22.4736489],[113.9031443,22.4737385],[113.9036592,22.4739013],[113.9041465,22.4741609],[113.9068898,22.4761094],[113.9081539,22.4771335],[113.9084867,22.4774481],[113.9087004,22.4777881],[113.9087964,22.4781772],[113.9088207,22.4786059],[113.9087438,22.4797905],[113.9086929,22.4800527],[113.908594,22.4803043],[113.9083939,22.4805961],[113.9078294,22.4811624],[113.9076426,22.4814262],[113.9075182,22.4817527],[113.907442,22.4821085],[113.9074205,22.4824377],[113.9074586,22.4843543],[113.907576,22.4850735],[113.9079675,22.4859234],[113.9088925,22.4880033],[113.9097884,22.4897079],[113.910981,22.4920274],[113.9118746,22.4937643],[113.912382,22.4948466],[113.9126024,22.4953019],[113.9129132,22.4957721],[113.9141366,22.4972672],[113.9150966,22.4985249],[113.9152996,22.4988415],[113.9154996,22.4993051],[113.91579560374744,22.5]]},"properties":{"key":"relation:14944728@detail:455_89","osmType":"relation","osmId":14944728,"sourceRegion":"guangzhou","featureType":"service","railClass":"metro","mode":"subway","name":"地铁 12号线: 左炮台东 → 松岗","nameEn":"Subway Line 12: Zuopaotai East → Songgang","ref":"12","operator":"深圳市地铁集团","network":"深圳地铁","status":"operational","color":"#A192B2","sourceKey":"relation:14944728"}},{"type":"Feature","geometry":{"type":"Point","coordinates":[113.9422214,22.3219881]},"properties":{"key":"node:738427429","osmType":"node","osmId":738427429,"sourceRegion":"shenzhen","featureType":"station","railClass":"metro","mode":"subway","name":"博览馆","nameEn":"AsiaWorld-Expo","ref":"AWE","operator":"香港鐵路有限公司 MTR Corporation","network":"MTR","status":"operational","color":"#126d75","sourceKey":"node:738427429","stationGroup":"博览馆","hasOperationalRail":true,"hasConstructionRail":false}},{"type":"Feature","geometry":{"type":"Point","coordinates":[113.9702204,22.4045356]},"properties":{"key":"node:1716515106","osmType":"node","osmId":1716515106,"sourceRegion":"shenzhen","featureType":"station","railClass":"tram","mode":"tram_stop","name":"大興 (北)","nameEn":"Tai Hing (North)","ref":"212","operator":"香港鐵路有限公司 MTR Corporation Limited","network":"港鐵 MTR","status":"operational","color":"#126d75","sourceKey":"node:1716515106","stationGroup":"大興北","hasOperationalRail":true,"hasConstructionRail":false}},{"type":"Feature","geometry":{"type":"Point","coordinates":[113.9667838,22.3724979]},"properties":{"key":"node:1723162779","osmType":"node","osmId":1723162779,"sourceRegion":"shenzhen","featureType":"station","railClass":"tram","mode":"tram_stop","name":"屯门码头","nameEn":"Tuen Mun Ferry Pier","ref":"001","operator":"香港鐵路有限公司 MTR Corporation Limited","network":"港鐵 MTR","status":"operational","color":"#126d75","sourceKey":"node:1723162779","stationGroup":"屯门码头","hasOperationalRail":true,"hasConstructionRail":false}},{"type":"Feature","geometry":{"type":"Point","coordinates":[113.9661515,22.3726605]},"properties":{"key":"node:1723162822","osmType":"node","osmId":1723162822,"sourceRegion":"shenzhen","featureType":"station","railClass":"tram","mode":"tram_stop","name":"屯门码头","nameEn":"Tuen Mun Ferry Pier","ref":"001","operator":"香港鐵路有限公司 MTR Corporation Limited","network":"港鐵 MTR","status":"operational","color":"#126d75","sourceKey":"node:1723162822","stationGroup":"屯门码头","hasOperationalRail":true,"hasConstructionRail":false}},{"type":"Feature","geometry":{"type":"Point","coordinates":[113.9660529,22.3966939]},"properties":{"key":"node:2297097624","osmType":"node","osmId":2297097624,"sourceRegion":"shenzhen","featureType":"station","railClass":"light_rail","mode":"light_rail","name":"山景 (南)","nameEn":"Shan King (South)","ref":"190","operator":"香港鐵路有限公司 MTR Corporation Limited","network":"港鐵 MTR","status":"operational","color":"#126d75","sourceKey":"node:2297097624","stationGroup":"山景南","hasOperationalRail":true,"hasConstructionRail":false}},{"type":"Feature","geometry":{"type":"Point","coordinates":[113.9993735,22.4559333]},"properties":{"key":"node:6587600064","osmType":"node","osmId":6587600064,"sourceRegion":"shenzhen","featureType":"station","railClass":"light_rail","mode":"light_rail","name":"天瑞","nameEn":"Tin Shui","ref":"460","operator":"香港鐵路有限公司 MTR Corporation Limited","network":"港鐵 MTR","status":"operational","color":"#126d75","sourceKey":"node:6587600064","stationGroup":"天瑞","hasOperationalRail":true,"hasConstructionRail":false}},{"type":"Feature","geometry":{"type":"Point","coordinates":[113.9664784,22.3725605]},"properties":{"key":"node:6606393445","osmType":"node","osmId":6606393445,"sourceRegion":"shenzhen","featureType":"station","railClass":"light_rail","mode":"light_rail","name":"屯门码头","nameEn":"Tuen Mun Ferry Pier","ref":"001","operator":"香港鐵路有限公司 MTR Corporation Limited","network":"港鐵 MTR","status":"operational","color":"#126d75","sourceKey":"node:6606393445","stationGroup":"屯门码头","hasOperationalRail":true,"hasConstructionRail":false}},{"type":"Feature","geometry":{"type":"Point","coordinates":[113.973042,22.3833066]},"properties":{"key":"node:6606417087","osmType":"node","osmId":6606417087,"sourceRegion":"shenzhen","featureType":"station","railClass":"light_rail","mode":"light_rail","name":"豐景園","nameEn":"Goodview Garden","ref":"260","operator":"香港鐵路有限公司 MTR Corporation Limited","network":"港鐵 MTR","status":"operational","color":"#126d75","sourceKey":"node:6606417087","stationGroup":"豐景園","hasOperationalRail":true,"hasConstructionRail":false}},{"type":"Feature","geometry":{"type":"Point","coordinates":[113.9750384,22.3845824]},"properties":{"key":"node:6606417088","osmType":"node","osmId":6606417088,"sourceRegion":"shenzhen","featureType":"station","railClass":"light_rail","mode":"light_rail","name":"兆麟","nameEn":"Siu Lun","ref":"265","operator":"香港鐵路有限公司 MTR Corporation Limited","network":"港鐵 MTR","status":"operational","color":"#126d75","sourceKey":"node:6606417088","stationGroup":"兆麟","hasOperationalRail":true,"hasConstructionRail":false}},{"type":"Feature","geometry":{"type":"Point","coordinates":[113.9735606,22.3866677]},"properties":{"key":"node:6606417733","osmType":"node","osmId":6606417733,"sourceRegion":"shenzhen","featureType":"station","railClass":"light_rail","mode":"light_rail","name":"友愛","nameEn":"Yau Oi","ref":"275","operator":"香港鐵路有限公司 MTR Corporation Limited","network":"港鐵 MTR","status":"operational","color":"#126d75","sourceKey":"node:6606417733","stationGroup":"友愛","hasOperationalRail":true,"hasConstructionRail":false}},{"type":"Feature","geometry":{"type":"Point","coordinates":[113.9767232,22.3946674]},"properties":{"key":"node:6606417736","osmType":"node","osmId":6606417736,"sourceRegion":"shenzhen","featureType":"station","railClass":"light_rail","mode":"light_rail","name":"杯渡","nameEn":"Pui To","ref":"300","operator":"香港鐵路有限公司 MTR Corporation Limited","network":"港鐵 MTR","status":"operational","color":"#126d75","sourceKey":"node:6606417736","stationGroup":"杯渡","hasOperationalRail":true,"hasConstructionRail":false}},{"type":"Feature","geometry":{"type":"Point","coordinates":[113.9774708,22.397437]},"properties":{"key":"node:6606417737","osmType":"node","osmId":6606417737,"sourceRegion":"shenzhen","featureType":"station","railClass":"light_rail","mode":"light_rail","name":"何福堂","nameEn":"Hoh Fuk Tong","ref":"310","operator":"香港鐵路有限公司 MTR Corporation Limited","network":"港鐵 MTR","status":"operational","color":"#126d75","sourceKey":"node:6606417737","stationGroup":"何福堂","hasOperationalRail":true,"hasConstructionRail":false}},{"type":"Feature","geometry":{"type":"Point","coordinates":[113.978045,22.4002799]},"properties":{"key":"node:6606417738","osmType":"node","osmId":6606417738,"sourceRegion":"shenzhen","featureType":"station","railClass":"light_rail","mode":"light_rail","name":"新墟","nameEn":"San Hui","ref":"320","operator":"香港鐵路有限公司 MTR Corporation Limited","network":"港鐵 MTR","status":"operational","color":"#126d75","sourceKey":"node:6606417738","stationGroup":"新墟","hasOperationalRail":true,"hasConstructionRail":false}},{"type":"Feature","geometry":{"type":"Point","coordinates":[113.9795382,22.4031239]},"properties":{"key":"node:6606417739","osmType":"node","osmId":6606417739,"sourceRegion":"shenzhen","featureType":"station","railClass":"light_rail","mode":"light_rail","name":"景峰","nameEn":"Prime View","ref":"330","operator":"香港鐵路有限公司 MTR Corporation Limited","network":"港鐵 MTR","status":"operational","color":"#126d75","sourceKey":"node:6606417739","stationGroup":"景峰","hasOperationalRail":true,"hasConstructionRail":false}},{"type":"Feature","geometry":{"type":"Point","coordinates":[113.9788053,22.4067811]},"properties":{"key":"node:6606417740","osmType":"node","osmId":6606417740,"sourceRegion":"shenzhen","featureType":"station","railClass":"light_rail","mode":"light_rail","name":"凤地","nameEn":"Fung Tei","ref":"340","operator":"香港鐵路有限公司 MTR Corporation Limited","network":"港鐵 MTR","status":"operational","color":"#126d75","sourceKey":"node:6606417740","stationGroup":"凤地","hasOperationalRail":true,"hasConstructionRail":false}},{"type":"Feature","geometry":{"type":"Point","coordinates":[113.974973,22.3913803]},"properties":{"key":"node:6606421452","osmType":"node","osmId":6606421452,"sourceRegion":"shenzhen","featureType":"station","railClass":"light_rail","mode":"light_rail","name":"市中心","nameEn":"Town Centre","ref":"280","operator":"香港鐵路有限公司 MTR Corporation Limited","network":"港鐵 MTR","status":"operational","color":"#126d75","sourceKey":"node:6606421452","stationGroup":"市中心","hasOperationalRail":true,"hasConstructionRail":false}},{"type":"Feature","geometry":{"type":"Point","coordinates":[113.973107,22.3938221]},"properties":{"key":"node:6606421453","osmType":"node","osmId":6606421453,"sourceRegion":"shenzhen","featureType":"station","railClass":"light_rail","mode":"light_rail","name":"屯门","nameEn":"Tuen Mun","ref":"295","operator":"香港鐵路有限公司 MTR Corporation Limited","network":"港鐵 MTR","status":"operational","color":"#126d75","sourceKey":"node:6606421453","stationGroup":"屯门","hasOperationalRail":true,"hasConstructionRail":false}},{"type":"Feature","geometry":{"type":"Point","coordinates":[113.9751,22.3876044]},"properties":{"key":"node:6606426426","osmType":"node","osmId":6606426426,"sourceRegion":"shenzhen","featureType":"station","railClass":"light_rail","mode":"light_rail","name":"安定","nameEn":"On Ting","ref":"270","operator":"香港鐵路有限公司 MTR Corporation Limited","network":"港鐵 MTR","status":"operational","color":"#126d75","sourceKey":"node:6606426426","stationGroup":"安定","hasOperationalRail":true,"hasConstructionRail":false}},{"type":"Feature","geometry":{"type":"Point","coordinates":[113.9689004,22.3951744]},"properties":{"key":"node:6606442387","osmType":"node","osmId":6606442387,"sourceRegion":"shenzhen","featureType":"station","railClass":"light_rail","mode":"light_rail","name":"建安","nameEn":"Kin On","ref":"060","operator":"香港鐵路有限公司 MTR Corporation Limited","network":"港鐵 MTR","status":"operational","color":"#126d75","sourceKey":"node:6606442387","stationGroup":"建安","hasOperationalRail":true,"hasConstructionRail":false}},{"type":"Feature","geometry":{"type":"Point","coordinates":[113.9674614,22.3943554]},"properties":{"key":"node:6606442388","osmType":"node","osmId":6606442388,"sourceRegion":"shenzhen","featureType":"station","railClass":"light_rail","mode":"light_rail","name":"青雲","nameEn":"Tsing Wun","ref":"050","operator":"香港鐵路有限公司 MTR Corporation Limited","network":"港鐵 MTR","status":"operational","color":"#126d75","sourceKey":"node:6606442388","stationGroup":"青雲","hasOperationalRail":true,"hasConstructionRail":false}},{"type":"Feature","geometry":{"type":"Point","coordinates":[113.9671443,22.3906423]},"properties":{"key":"node:6606442389","osmType":"node","osmId":6606442389,"sourceRegion":"shenzhen","featureType":"station","railClass":"light_rail","mode":"light_rail","name":"青山村","nameEn":"Tsing Shan Tsuen","ref":"040","operator":"香港鐵路有限公司 MTR Corporation Limited","network":"港鐵 MTR","status":"operational","color":"#126d75","sourceKey":"node:6606442389","stationGroup":"青山村","hasOperationalRail":true,"hasConstructionRail":false}},{"type":"Feature","geometry":{"type":"Point","coordinates":[113.9650361,22.3852664]},"properties":{"key":"node:6606442390","osmType":"node","osmId":6606442390,"sourceRegion":"shenzhen","featureType":"station","railClass":"light_rail","mode":"light_rail","name":"龍門","nameEn":"Lung Mun","ref":"030","operator":"香港鐵路有限公司 MTR Corporation Limited","network":"港鐵 MTR","status":"operational","color":"#126d75","sourceKey":"node:6606442390","stationGroup":"龍門","hasOperationalRail":true,"hasConstructionRail":false}},{"type":"Feature","geometry":{"type":"Point","coordinates":[113.9633725,22.381827]},"properties":{"key":"node:6606442391","osmType":"node","osmId":6606442391,"sourceRegion":"shenzhen","featureType":"station","railClass":"light_rail","mode":"light_rail","name":"轻铁车厂","nameEn":"Light Rail Depot","ref":"020","operator":"香港鐵路有限公司 MTR Corporation Limited","network":"港鐵 MTR","status":"operational","color":"#126d75","sourceKey":"node:6606442391","stationGroup":"轻铁车厂","hasOperationalRail":true,"hasConstructionRail":false}},{"type":"Feature","geometry":{"type":"Point","coordinates":[113.9617393,22.378144]},"properties":{"key":"node:6606442392","osmType":"node","osmId":6606442392,"sourceRegion":"shenzhen","featureType":"station","railClass":"light_rail","mode":"light_rail","name":"蝴蝶","nameEn":"Butterfly","ref":"015","operator":"香港鐵路有限公司 MTR Corporation Limited","network":"港鐵 MTR","status":"operational","color":"#126d75","sourceKey":"node:6606442392","stationGroup":"蝴蝶","hasOperationalRail":true,"hasConstructionRail":false}},{"type":"Feature","geometry":{"type":"Point","coordinates":[113.9611989,22.375073]},"properties":{"key":"node:6606442393","osmType":"node","osmId":6606442393,"sourceRegion":"shenzhen","featureType":"station","railClass":"light_rail","mode":"light_rail","name":"美樂","nameEn":"Melody Garden","ref":"010","operator":"香港鐵路有限公司 MTR Corporation Limited","network":"港鐵 MTR","status":"operational","color":"#126d75","sourceKey":"node:6606442393","stationGroup":"美樂","hasOperationalRail":true,"hasConstructionRail":false}},{"type":"Feature","geometry":{"type":"Point","coordinates":[113.9644776,22.4052485]},"properties":{"key":"node:6606455882","osmType":"node","osmId":6606455882,"sourceRegion":"shenzhen","featureType":"station","railClass":"light_rail","mode":"light_rail","name":"新圍","nameEn":"San Wai","ref":"160","operator":"香港鐵路有限公司 MTR Corporation Limited","network":"港鐵 MTR","status":"operational","color":"#126d75","sourceKey":"node:6606455882","stationGroup":"新圍","hasOperationalRail":true,"hasConstructionRail":false}},{"type":"Feature","geometry":{"type":"Point","coordinates":[113.9635777,22.4066682]},"properties":{"key":"node:6606455883","osmType":"node","osmId":6606455883,"sourceRegion":"shenzhen","featureType":"station","railClass":"light_rail","mode":"light_rail","name":"良景","nameEn":"Leung King","ref":"150","operator":"香港鐵路有限公司 MTR Corporation Limited","network":"港鐵 MTR","status":"operational","color":"#126d75","sourceKey":"node:6606455883","stationGroup":"良景","hasOperationalRail":true,"hasConstructionRail":false}},{"type":"Feature","geometry":{"type":"Point","coordinates":[113.9663998,22.4077765]},"properties":{"key":"node:6606455884","osmType":"node","osmId":6606455884,"sourceRegion":"shenzhen","featureType":"station","railClass":"light_rail","mode":"light_rail","name":"田景","nameEn":"Tin King","ref":"140","operator":"香港鐵路有限公司 MTR Corporation Limited","network":"港鐵 MTR","status":"operational","color":"#126d75","sourceKey":"node:6606455884","stationGroup":"田景","hasOperationalRail":true,"hasConstructionRail":false}},{"type":"Feature","geometry":{"type":"Point","coordinates":[113.9668753,22.3752391]},"properties":{"key":"node:6606455993","osmType":"node","osmId":6606455993,"sourceRegion":"shenzhen","featureType":"station","railClass":"light_rail","mode":"light_rail","name":"兆禧","nameEn":"Siu Hei","ref":"240","operator":"香港鐵路有限公司 MTR Corporation Limited","network":"港鐵 MTR","status":"operational","color":"#126d75","sourceKey":"node:6606455993","stationGroup":"兆禧","hasOperationalRail":true,"hasConstructionRail":false}},{"type":"Feature","geometry":{"type":"Point","coordinates":[113.9703786,22.3812061]},"properties":{"key":"node:6606455994","osmType":"node","osmId":6606455994,"sourceRegion":"shenzhen","featureType":"station","railClass":"light_rail","mode":"light_rail","name":"屯門泳池","nameEn":"Tuen Mun Swimming Pool","ref":"250","operator":"香港鐵路有限公司 MTR Corporation Limited","network":"港鐵 MTR","status":"operational","color":"#126d75","sourceKey":"node:6606455994","stationGroup":"屯門泳池","hasOperationalRail":true,"hasConstructionRail":false}},{"type":"Feature","geometry":{"type":"Point","coordinates":[113.9766734,22.3825172]},"properties":{"key":"node:6606455995","osmType":"node","osmId":6606455995,"sourceRegion":"shenzhen","featureType":"station","railClass":"light_rail","mode":"light_rail","name":"三圣","nameEn":"Sam Shing","ref":"920","operator":"香港鐵路有限公司 MTR Corporation Limited","network":"港鐵 MTR","status":"operational","color":"#126d75","sourceKey":"node:6606455995","stationGroup":"三圣","hasOperationalRail":true,"hasConstructionRail":false}},{"type":"Feature","geometry":{"type":"Point","coordinates":[113.9771509,22.4078234]},"properties":{"key":"node:6606477007","osmType":"node","osmId":6606477007,"sourceRegion":"shenzhen","featureType":"station","railClass":"light_rail","mode":"light_rail","name":"屯門醫院","nameEn":"Tuen Mun Hospital","ref":"090","operator":"香港鐵路有限公司 MTR Corporation Limited","network":"港鐵 MTR","status":"operational","color":"#126d75","sourceKey":"node:6606477007","stationGroup":"屯門醫院","hasOperationalRail":true,"hasConstructionRail":false}},{"type":"Feature","geometry":{"type":"Point","coordinates":[113.9746126,22.4025158]},"properties":{"key":"node:6606477008","osmType":"node","osmId":6606477008,"sourceRegion":"shenzhen","featureType":"station","railClass":"light_rail","mode":"light_rail","name":"銀圍","nameEn":"Ngan Wai","ref":"230","operator":"香港鐵路有限公司 MTR Corporation Limited","network":"港鐵 MTR","status":"operational","color":"#126d75","sourceKey":"node:6606477008","stationGroup":"銀圍","hasOperationalRail":true,"hasConstructionRail":false}},{"type":"Feature","geometry":{"type":"Point","coordinates":[113.9743456,22.4000751]},"properties":{"key":"node:6606477009","osmType":"node","osmId":6606477009,"sourceRegion":"shenzhen","featureType":"station","railClass":"light_rail","mode":"light_rail","name":"蔡意橋","nameEn":"Choy Yee Bridge","ref":"075","operator":"香港鐵路有限公司 MTR Corporation Limited","network":"港鐵 MTR","status":"operational","color":"#126d75","sourceKey":"node:6606477009","stationGroup":"蔡意橋","hasOperationalRail":true,"hasConstructionRail":false}},{"type":"Feature","geometry":{"type":"Point","coordinates":[113.9730527,22.3971066]},"properties":{"key":"node:6606477010","osmType":"node","osmId":6606477010,"sourceRegion":"shenzhen","featureType":"station","railClass":"light_rail","mode":"light_rail","name":"河田","nameEn":"Ho Tin","ref":"070","operator":"香港鐵路有限公司 MTR Corporation Limited","network":"港鐵 MTR","status":"operational","color":"#126d75","sourceKey":"node:6606477010","stationGroup":"河田","hasOperationalRail":true,"hasConstructionRail":false}},{"type":"Feature","geometry":{"type":"Point","coordinates":[113.9719901,22.4027459]},"properties":{"key":"node:6606477011","osmType":"node","osmId":6606477011,"sourceRegion":"shenzhen","featureType":"station","railClass":"light_rail","mode":"light_rail","name":"大興 (南)","nameEn":"Tai Hing (South)","ref":"220","operator":"香港鐵路有限公司 MTR Corporation Limited","network":"港鐵 MTR","status":"operational","color":"#126d75","sourceKey":"node:6606477011","stationGroup":"大興南","hasOperationalRail":true,"hasConstructionRail":false}},{"type":"Feature","geometry":{"type":"Point","coordinates":[113.9700954,22.4045507]},"properties":{"key":"node:6606477012","osmType":"node","osmId":6606477012,"sourceRegion":"shenzhen","featureType":"station","railClass":"light_rail","mode":"light_rail","name":"大興 (北)","nameEn":"Tai Hing (North)","ref":"212","operator":"香港鐵路有限公司 MTR Corporation Limited","network":"港鐵 MTR","status":"operational","color":"#126d75","sourceKey":"node:6606477012","stationGroup":"大興北","hasOperationalRail":true,"hasConstructionRail":false}},{"type":"Feature","geometry":{"type":"Point","coordinates":[113.9677604,22.401419]},"properties":{"key":"node:6606477013","osmType":"node","osmId":6606477013,"sourceRegion":"shenzhen","featureType":"station","railClass":"light_rail","mode":"light_rail","name":"石排","nameEn":"Shek Pai","ref":"170","operator":"香港鐵路有限公司 MTR Corporation Limited","network":"港鐵 MTR","status":"operational","color":"#126d75","sourceKey":"node:6606477013","stationGroup":"石排","hasOperationalRail":true,"hasConstructionRail":false}},{"type":"Feature","geometry":{"type":"Point","coordinates":[113.9666501,22.3984818]},"properties":{"key":"node:6606477014","osmType":"node","osmId":6606477014,"sourceRegion":"shenzhen","featureType":"station","railClass":"light_rail","mode":"light_rail","name":"山景 (北)","nameEn":"Shan King (North)","ref":"180","operator":"香港鐵路有限公司 MTR Corporation Limited","network":"港鐵 MTR","status":"operational","color":"#126d75","sourceKey":"node:6606477014","stationGroup":"山景北","hasOperationalRail":true,"hasConstructionRail":false}},{"type":"Feature","geometry":{"type":"Point","coordinates":[113.9764566,22.4107151]},"properties":{"key":"node:6606495710","osmType":"node","osmId":6606495710,"sourceRegion":"shenzhen","featureType":"station","railClass":"light_rail","mode":"light_rail","name":"麒麟","nameEn":"Kei Lun","ref":"110","operator":"香港鐵路有限公司 MTR Corporation Limited","network":"港鐵 MTR","status":"operational","color":"#126d75","sourceKey":"node:6606495710","stationGroup":"麒麟","hasOperationalRail":true,"hasConstructionRail":false}},{"type":"Feature","geometry":{"type":"Point","coordinates":[113.9691969,22.4067647]},"properties":{"key":"node:6606495985","osmType":"node","osmId":6606495985,"sourceRegion":"shenzhen","featureType":"station","railClass":"light_rail","mode":"light_rail","name":"建生","nameEn":"Kin Sang","ref":"130","operator":"香港鐵路有限公司 MTR Corporation Limited","network":"港鐵 MTR","status":"operational","color":"#126d75","sourceKey":"node:6606495985","stationGroup":"建生","hasOperationalRail":true,"hasConstructionRail":false}},{"type":"Feature","geometry":{"type":"Point","coordinates":[113.972571,22.4073257]},"properties":{"key":"node:6606495986","osmType":"node","osmId":6606495986,"sourceRegion":"shenzhen","featureType":"station","railClass":"light_rail","mode":"light_rail","name":"青松","nameEn":"Ching Chung","ref":"120","operator":"香港鐵路有限公司 MTR Corporation Limited","network":"港鐵 MTR","status":"operational","color":"#126d75","sourceKey":"node:6606495986","stationGroup":"青松","hasOperationalRail":true,"hasConstructionRail":false}},{"type":"Feature","geometry":{"type":"Point","coordinates":[113.9974787,22.4336604]},"properties":{"key":"node:6606515524","osmType":"node","osmId":6606515524,"sourceRegion":"shenzhen","featureType":"station","railClass":"light_rail","mode":"light_rail","name":"洪水橋","nameEn":"Hung Shui Kiu","ref":"380","operator":"香港鐵路有限公司 MTR Corporation Limited","network":"港鐵 MTR","status":"operational","color":"#126d75","sourceKey":"node:6606515524","stationGroup":"洪水橋","hasOperationalRail":true,"hasConstructionRail":false}},{"type":"Feature","geometry":{"type":"Point","coordinates":[113.9922331,22.4296975]},"properties":{"key":"node:6606555768","osmType":"node","osmId":6606555768,"sourceRegion":"shenzhen","featureType":"station","railClass":"light_rail","mode":"light_rail","name":"鍾屋村","nameEn":"Chung Uk Tsuen","ref":"370","operator":"香港鐵路有限公司 MTR Corporation Limited","network":"港鐵 MTR","status":"operational","color":"#126d75","sourceKey":"node:6606555768","stationGroup":"鍾屋村","hasOperationalRail":true,"hasConstructionRail":false}},{"type":"Feature","geometry":{"type":"Point","coordinates":[113.981894,22.4186987]},"properties":{"key":"node:6606556981","osmType":"node","osmId":6606556981,"sourceRegion":"shenzhen","featureType":"station","railClass":"light_rail","mode":"light_rail","name":"蓝地","nameEn":"Lam Tei","ref":"350","operator":"香港鐵路有限公司 MTR Corporation Limited","network":"港鐵 MTR","status":"operational","color":"#126d75","sourceKey":"node:6606556981","stationGroup":"蓝地","hasOperationalRail":true,"hasConstructionRail":false}},{"type":"Feature","geometry":{"type":"Point","coordinates":[113.9866093,22.4238581]},"properties":{"key":"node:6606556982","osmType":"node","osmId":6606556982,"sourceRegion":"shenzhen","featureType":"station","railClass":"light_rail","mode":"light_rail","name":"泥围","nameEn":"Nai Wai","ref":"360","operator":"香港鐵路有限公司 MTR Corporation Limited","network":"港鐵 MTR","status":"operational","color":"#126d75","sourceKey":"node:6606556982","stationGroup":"泥围","hasOperationalRail":true,"hasConstructionRail":false}},{"type":"Feature","geometry":{"type":"Point","coordinates":[113.9990556,22.4668889]},"properties":{"key":"node:6606574269","osmType":"node","osmId":6606574269,"sourceRegion":"shenzhen","featureType":"station","railClass":"light_rail","mode":"light_rail","name":"天逸","nameEn":"Tin Yat","ref":"550","operator":"香港鐵路有限公司 MTR Corporation Limited","network":"港鐵 MTR","status":"operational","color":"#126d75","sourceKey":"node:6606574269","stationGroup":"天逸","hasOperationalRail":true,"hasConstructionRail":false}},{"type":"Feature","geometry":{"type":"Point","coordinates":[113.9976633,22.4645618]},"properties":{"key":"node:6606574270","osmType":"node","osmId":6606574270,"sourceRegion":"shenzhen","featureType":"station","railClass":"light_rail","mode":"light_rail","name":"天富","nameEn":"Tin Fu","ref":"480","operator":"香港鐵路有限公司 MTR Corporation Limited","network":"港鐵 MTR","status":"operational","color":"#126d75","sourceKey":"node:6606574270","stationGroup":"天富","hasOperationalRail":true,"hasConstructionRail":false}},{"type":"Feature","geometry":{"type":"Point","coordinates":[113.9969877,22.4620072]},"properties":{"key":"node:6606574271","osmType":"node","osmId":6606574271,"sourceRegion":"shenzhen","featureType":"station","railClass":"light_rail","mode":"light_rail","name":"頌富","nameEn":"Chung Fu","ref":"468","operator":"香港鐵路有限公司 MTR Corporation Limited","network":"港鐵 MTR","status":"operational","color":"#126d75","sourceKey":"node:6606574271","stationGroup":"頌富","hasOperationalRail":true,"hasConstructionRail":false}},{"type":"Feature","geometry":{"type":"Point","coordinates":[113.9996008,22.4596928]},"properties":{"key":"node:6606574272","osmType":"node","osmId":6606574272,"sourceRegion":"shenzhen","featureType":"station","railClass":"light_rail","mode":"light_rail","name":"翠湖","nameEn":"Chestwood","ref":"490","operator":"香港鐵路有限公司 MTR Corporation Limited","network":"港鐵 MTR","status":"operational","color":"#126d75","sourceKey":"node:6606574272","stationGroup":"翠湖","hasOperationalRail":true,"hasConstructionRail":false}},{"type":"Feature","geometry":{"type":"Point","coordinates":[113.9672954,22.3971502]},"properties":{"key":"node:6610085346","osmType":"node","osmId":6610085346,"sourceRegion":"shenzhen","featureType":"station","railClass":"light_rail","mode":"light_rail","name":"鳴琴","nameEn":"Ming Kum","ref":"200","operator":"香港鐵路有限公司 MTR Corporation Limited","network":"港鐵 MTR","status":"operational","color":"#126d75","sourceKey":"node:6610085346","stationGroup":"鳴琴","hasOperationalRail":true,"hasConstructionRail":false}},{"type":"Feature","geometry":{"type":"Point","coordinates":[113.9758783,22.4035304]},"properties":{"key":"node:6610162152","osmType":"node","osmId":6610162152,"sourceRegion":"shenzhen","featureType":"station","railClass":"light_rail","mode":"light_rail","name":"泽丰","nameEn":"Affluence","ref":"080","operator":"香港鐵路有限公司 MTR Corporation Limited","network":"港鐵 MTR","status":"operational","color":"#126d75","sourceKey":"node:6610162152","stationGroup":"泽丰","hasOperationalRail":true,"hasConstructionRail":false}},{"type":"Feature","geometry":{"type":"Point","coordinates":[113.9782711,22.4120102]},"properties":{"key":"node:6635604450","osmType":"node","osmId":6635604450,"sourceRegion":"shenzhen","featureType":"station","railClass":"light_rail","mode":"light_rail","name":"兆康","nameEn":"Siu Hong","ref":"100","operator":"香港鐵路有限公司 MTR Corporation Limited","network":"港鐵 MTR","status":"operational","color":"#126d75","sourceKey":"node:6635604450","stationGroup":"兆康","hasOperationalRail":true,"hasConstructionRail":false}},{"type":"Feature","geometry":{"type":"Point","coordinates":[113.9073872,22.4797136]},"properties":{"key":"node:6715085276","osmType":"node","osmId":6715085276,"sourceRegion":"shenzhen","featureType":"station","railClass":"metro","mode":"subway","name":"蛇口港","nameEn":"Shekou Port","status":"operational","color":"#126d75","sourceKey":"node:6715085276","stationGroup":"蛇口港","hasOperationalRail":true,"hasConstructionRail":false}},{"type":"Feature","geometry":{"type":"Point","coordinates":[113.999271,22.4355369]},"properties":{"key":"node:7801123225","osmType":"node","osmId":7801123225,"sourceRegion":"shenzhen","featureType":"station","railClass":"light_rail","mode":"light_rail","name":"洪天路緊急月台","nameEn":"Hung Tin Road Emergency Platform","ref":"385","operator":"香港鐵路有限公司 MTR Corporation Limited","network":"港鐵 MTR","status":"operational","color":"#126d75","sourceKey":"node:7801123225","stationGroup":"洪天路緊急月台","hasOperationalRail":true,"hasConstructionRail":false}},{"type":"Feature","geometry":{"type":"Point","coordinates":[113.8962603,22.4734087]},"properties":{"key":"node:10111219544","osmType":"node","osmId":10111219544,"sourceRegion":"shenzhen","featureType":"station","railClass":"metro","mode":"subway","name":"左炮台东","nameEn":"Zuopaitai East","status":"operational","color":"#126d75","sourceKey":"node:10111219544","stationGroup":"左炮台东","hasOperationalRail":true,"hasConstructionRail":false}},{"type":"Feature","geometry":{"type":"Point","coordinates":[113.9068609,22.4761311]},"properties":{"key":"node:10111219606","osmType":"node","osmId":10111219606,"sourceRegion":"shenzhen","featureType":"station","railClass":"metro","mode":"subway","name":"太子湾","nameEn":"Taiziwan","status":"operational","color":"#126d75","sourceKey":"node:10111219606","stationGroup":"太子湾","hasOperationalRail":true,"hasConstructionRail":false}},{"type":"Feature","geometry":{"type":"LineString","coordinates":[[113.9433884,22.3222524],[113.9422192,22.3219972]]},"properties":{"key":"way:4181592@detail:455_89","osmType":"way","osmId":4181592,"sourceRegion":"shenzhen","featureType":"infrastructure","railClass":"metro","mode":"subway","name":"港铁机场快线","nameEn":"MTR Airport Express","operator":"香港鐵路有限公司 MTR Corporation","network":"MTR","bridge":"yes","status":"operational","color":"#52636f","sourceKey":"way:4181592"}},{"type":"Feature","geometry":{"type":"LineString","coordinates":[[113.9989107,22.4346946],[113.9989381,22.4347163],[113.9989487,22.4347263],[113.998964,22.4347427],[113.9989801,22.4347645],[113.9989943,22.4347901],[113.9990034,22.4348104],[113.9990109,22.4348347],[113.9990152,22.4348607],[113.9990165,22.4348851],[113.9990145,22.4349105],[113.9990084,22.4349379],[113.999,22.4349627],[113.9989679,22.4350394]]},"properties":{"key":"way:25622085@detail:455_89","osmType":"way","osmId":25622085,"sourceRegion":"shenzhen","featureType":"infrastructure","railClass":"light_rail","mode":"light_rail","name":"輕鐵","nameEn":"Light Rail","operator":"香港鐵路有限公司 MTR Corporation Limited","network":"港鐵 MTR","service":"siding","status":"operational","color":"#52636f","sourceKey":"way:25622085"}},{"type":"Feature","geometry":{"type":"LineString","coordinates":[[113.9781112,22.41101],[113.978197,22.4113008]]},"properties":{"key":"way:27275780@detail:455_89","osmType":"way","osmId":27275780,"sourceRegion":"shenzhen","featureType":"infrastructure","railClass":"light_rail","mode":"light_rail","name":"轻铁","nameEn":"Light Rail","operator":"香港鐵路有限公司 MTR Corporation Limited","network":"港鐵 MTR","usage":"branch","status":"operational","color":"#52636f","sourceKey":"way:27275780"}},{"type":"Feature","geometry":{"type":"LineString","coordinates":[[113.9747669,22.3939748],[113.9747072,22.3939339],[113.9746712,22.3938881],[113.9746444,22.3938336],[113.9746323,22.3937757],[113.9746344,22.393731],[113.9746462,22.3936682]]},"properties":{"key":"way:40430290@detail:455_89","osmType":"way","osmId":40430290,"sourceRegion":"shenzhen","featureType":"infrastructure","railClass":"light_rail","mode":"light_rail","name":"輕鐵","nameEn":"Light Rail","operator":"香港鐵路有限公司 MTR Corporation Limited","network":"港鐵 MTR","usage":"branch","bridge":"yes","status":"operational","color":"#52636f","sourceKey":"way:40430290"}},{"type":"Feature","geometry":{"type":"LineString","coordinates":[[113.9757984,22.3943736],[113.9759862,22.3944413],[113.9763134,22.3945629],[113.9764188,22.3945973],[113.9767772,22.3947007],[113.9770599,22.3947842],[113.9774214,22.3948923],[113.9774717,22.3949107],[113.9775164,22.3949323],[113.9775615,22.3949579],[113.977608,22.3949875],[113.9776517,22.3950268],[113.9776969,22.3950776],[113.9777348,22.3951305],[113.9777639,22.3951914],[113.9777794,22.3952502],[113.9777864,22.3953134],[113.9777872,22.3953788],[113.9777812,22.3954497],[113.9777702,22.3955133],[113.9775768,22.3966597]]},"properties":{"key":"way:41176251@detail:455_89","osmType":"way","osmId":41176251,"sourceRegion":"shenzhen","featureType":"infrastructure","railClass":"light_rail","mode":"light_rail","name":"輕鐵","nameEn":"Light Rail","operator":"香港鐵路有限公司 MTR Corporation Limited","network":"港鐵 MTR","usage":"branch","bridge":"yes","status":"operational","color":"#52636f","sourceKey":"way:41176251"}},{"type":"Feature","geometry":{"type":"LineString","coordinates":[[113.9722718,22.3941555],[113.9722533,22.3941955],[113.9722354,22.3942523],[113.9722285,22.3942799],[113.9722241,22.3943025],[113.9722224,22.3943239],[113.9722234,22.3943482],[113.9722267,22.3943749],[113.9722307,22.3943971],[113.9722475,22.394461],[113.9722911,22.394608]]},"properties":{"key":"way:41176253@detail:455_89","osmType":"way","osmId":41176253,"sourceRegion":"shenzhen","featureType":"infrastructure","railClass":"light_rail","mode":"light_rail","name":"轻铁","nameEn":"Light Rail","operator":"香港鐵路有限公司 MTR Corporation Limited","network":"港鐵 MTR","usage":"main","bridge":"yes","status":"operational","color":"#52636f","sourceKey":"way:41176253"}},{"type":"Feature","geometry":{"type":"LineString","coordinates":[[113.9743188,22.393893],[113.9747387,22.3940134]]},"properties":{"key":"way:41176309@detail:455_89","osmType":"way","osmId":41176309,"sourceRegion":"shenzhen","featureType":"infrastructure","railClass":"light_rail","mode":"light_rail","name":"輕鐵","nameEn":"Light Rail","operator":"香港鐵路有限公司 MTR Corporation Limited","network":"港鐵 MTR","usage":"branch","bridge":"yes","status":"operational","color":"#52636f","sourceKey":"way:41176309"}},{"type":"Feature","geometry":{"type":"LineString","coordinates":[[113.9775768,22.3966597],[113.9774906,22.3972007],[113.9774588,22.3974043],[113.9774053,22.3977117],[113.977394,22.3977988],[113.9773875,22.397925],[113.9773838,22.3980213],[113.9773798,22.3982401],[113.9773763,22.398354],[113.9773829,22.3984744],[113.9773929,22.3985922],[113.9774239,22.3987898],[113.9774694,22.3990033],[113.9775158,22.3991479],[113.9775797,22.399325],[113.9776102,22.3993969],[113.9776837,22.3995648],[113.9777339,22.399668],[113.9778064,22.3998013],[113.9778673,22.3999253],[113.9779194,22.4000349],[113.9780179,22.4002502],[113.9781754,22.4006042],[113.978222,22.4007154],[113.9782971,22.4009121],[113.9783781,22.4011079],[113.9784052,22.4011656],[113.9784404,22.4012291],[113.9784974,22.4013287],[113.979137,22.4025195],[113.9791973,22.402631],[113.9792692,22.4027719],[113.9793215,22.4028823],[113.9794346,22.4031419],[113.9795621,22.403439],[113.9795823,22.403499],[113.979599,22.4035524],[113.9796145,22.4036109],[113.9796288,22.4036764],[113.9796408,22.4037498],[113.9796472,22.4038112],[113.9796508,22.403873],[113.979652,22.4039428],[113.9796489,22.404017],[113.9796404,22.4040973],[113.9796272,22.4041751],[113.9796091,22.4042505],[113.9795872,22.4043215],[113.9795596,22.4043952],[113.9795314,22.4044608],[113.9794955,22.404533],[113.9794495,22.4046136],[113.9793961,22.4046949],[113.9793424,22.4047708],[113.9790281,22.4051797],[113.9789748,22.4052555],[113.9789184,22.4053426],[113.9788587,22.4054439],[113.9788076,22.4055395],[113.978771,22.4056183],[113.9787362,22.4057056],[113.9787093,22.405788]]},"properties":{"key":"way:41176500@detail:455_89","osmType":"way","osmId":41176500,"sourceRegion":"shenzhen","featureType":"infrastructure","railClass":"light_rail","mode":"light_rail","name":"輕鐵","nameEn":"Light Rail","operator":"香港鐵路有限公司 MTR Corporation Limited","network":"港鐵 MTR","usage":"branch","status":"operational","color":"#52636f","sourceKey":"way:41176500"}},{"type":"Feature","geometry":{"type":"LineString","coordinates":[[113.9798556,22.4144423],[113.9793413,22.4128747],[113.9792948,22.4127168],[113.9790219,22.4117934],[113.9788143,22.411087],[113.9787524,22.4108771],[113.9784151,22.4097992],[113.9782932,22.4094611],[113.9781577,22.4091708],[113.9780756,22.4090113],[113.9778576,22.408628]]},"properties":{"key":"way:41178303@detail:455_89","osmType":"way","osmId":41178303,"sourceRegion":"shenzhen","featureType":"infrastructure","railClass":"national","mode":"rail","name":"港铁屯马线","nameEn":"MTR Tuen Ma Line","ref":"TML","operator":"香港鐵路有限公司 MTR Corporation Limited","network":"港鐵 MTR","usage":"main","bridge":"viaduct","status":"operational","color":"#E54848","sourceKey":"way:41178303"}},{"type":"Feature","geometry":{"type":"LineString","coordinates":[[113.9794518,22.4142879],[113.979194,22.4139845],[113.9791343,22.4139185],[113.979071,22.4138449],[113.9790203,22.4137793],[113.9789689,22.41371],[113.9789159,22.4136202],[113.9788715,22.413535],[113.9788345,22.4134416],[113.978802,22.4133451],[113.9787741,22.4132431],[113.9787301,22.4130553],[113.9786243,22.4125511]]},"properties":{"key":"way:41707176@detail:455_89","osmType":"way","osmId":41707176,"sourceRegion":"shenzhen","featureType":"infrastructure","railClass":"light_rail","mode":"light_rail","name":"轻铁","nameEn":"Light Rail","operator":"香港鐵路有限公司 MTR Corporation Limited","network":"港鐵 MTR","usage":"main","status":"operational","color":"#52636f","sourceKey":"way:41707176"}},{"type":"Feature","geometry":{"type":"LineString","coordinates":[[113.9641788,22.3829979],[113.9642086,22.3829855],[113.9644223,22.3828973],[113.9644592,22.3828764],[113.9644912,22.3828495],[113.9645172,22.3828175],[113.9645362,22.3827816],[113.9645472,22.3827436],[113.9645512,22.3827032],[113.9645465,22.3826635],[113.9645339,22.3826252],[113.9644995,22.3825544]]},"properties":{"key":"way:42448305@detail:455_89","osmType":"way","osmId":42448305,"sourceRegion":"shenzhen","featureType":"infrastructure","railClass":"light_rail","mode":"light_rail","name":"輕鐵","nameEn":"Light Rail","operator":"香港鐵路有限公司 MTR Corporation Limited","network":"港鐵 MTR","service":"spur","status":"operational","color":"#52636f","sourceKey":"way:42448305"}},{"type":"Feature","geometry":{"type":"LineString","coordinates":[[113.9400007,22.321513],[113.9390502,22.3213056],[113.9381888,22.3211176],[113.9379749,22.3210662],[113.9377684,22.3210052],[113.9375951,22.3209418],[113.9374378,22.3208744],[113.9372822,22.3207959],[113.9371341,22.3207109],[113.9369907,22.3206168],[113.9368585,22.3205184],[113.9366799,22.3203665],[113.9365734,22.3202624],[113.9364967,22.3201767],[113.9364133,22.3200783],[113.9363371,22.3199819],[113.9362765,22.3198956],[113.9362048,22.3197841],[113.9361231,22.3196396],[113.9360587,22.3195077],[113.9360066,22.3193828],[113.9359582,22.3192515],[113.9359191,22.3191181],[113.9358848,22.3189781],[113.9358567,22.3188276],[113.9358409,22.3186937],[113.935833,22.3185654],[113.9358295,22.3184057],[113.9358389,22.318232],[113.9358668,22.3180046],[113.9359254,22.3177795],[113.9359718,22.3176453],[113.9360433,22.3174643],[113.9366103,22.3159044],[113.9371277,22.3145204],[113.9374094,22.3137445],[113.9377816,22.3127541],[113.937904,22.3124195],[113.9379505,22.3122809],[113.9380132,22.3120887],[113.9380786,22.3118528],[113.9381376,22.3116328],[113.9381931,22.3114142],[113.9382386,22.3112083],[113.9382636,22.3110844],[113.9382943,22.3109142],[113.9383318,22.3106663],[113.9383707,22.3103716],[113.9383946,22.3101292]]},"properties":{"key":"way:42807048@detail:455_89","osmType":"way","osmId":42807048,"sourceRegion":"shenzhen","featureType":"infrastructure","railClass":"metro","mode":"subway","name":"港铁机场快线","nameEn":"MTR Airport Express","operator":"香港鐵路有限公司 MTR Corporation Limited","network":"港鐵 MTR","usage":"main","bridge":"yes","status":"operational","color":"#52636f","sourceKey":"way:42807048"}},{"type":"Feature","geometry":{"type":"LineString","coordinates":[[113.9782318,22.4112941],[113.9782237,22.411232],[113.9782188,22.4111847],[113.9782157,22.4111223],[113.9782128,22.4110536],[113.9782021,22.4109961],[113.9781915,22.4109538],[113.9778136,22.4096566],[113.9777924,22.409596],[113.9777678,22.4095392],[113.9777355,22.4094791],[113.9776397,22.4093417]]},"properties":{"key":"way:55444110@detail:455_89","osmType":"way","osmId":55444110,"sourceRegion":"shenzhen","featureType":"infrastructure","railClass":"light_rail","mode":"light_rail","name":"轻铁","nameEn":"Light Rail","operator":"香港鐵路有限公司 MTR Corporation Limited","network":"港鐵 MTR","usage":"main","status":"operational","color":"#52636f","sourceKey":"way:55444110"}},{"type":"Feature","geometry":{"type":"LineString","coordinates":[[113.9677749,22.3953486],[113.9680652,22.3953538],[113.9681031,22.3953532],[113.968163,22.3953496],[113.9682212,22.3953437],[113.9682968,22.3953316],[113.9683534,22.3953203],[113.9686916,22.3952398],[113.9689046,22.3951896],[113.9693366,22.3950882],[113.9697656,22.3949878],[113.9699697,22.3949367],[113.9701949,22.3948699],[113.9704116,22.3948148]]},"properties":{"key":"way:55444217@detail:455_89","osmType":"way","osmId":55444217,"sourceRegion":"shenzhen","featureType":"infrastructure","railClass":"light_rail","mode":"light_rail","name":"輕鐵","nameEn":"Light Rail","operator":"香港鐵路有限公司 MTR Corporation Limited","network":"港鐵 MTR","usage":"branch","status":"operational","color":"#52636f","sourceKey":"way:55444217"}},{"type":"Feature","geometry":{"type":"LineString","coordinates":[[113.971957,22.3944485],[113.9720162,22.3944444],[113.9720431,22.3944441],[113.9720676,22.3944452],[113.9720917,22.394448],[113.9721116,22.394452],[113.9721316,22.3944587],[113.9721526,22.3944673],[113.9721709,22.3944767],[113.9721908,22.3944891],[113.9722079,22.3945012],[113.972223,22.3945138],[113.9722414,22.394533],[113.972256,22.3945498],[113.9722704,22.3945685],[113.9722811,22.3945866],[113.9722911,22.394608]]},"properties":{"key":"way:55444296@detail:455_89","osmType":"way","osmId":55444296,"sourceRegion":"shenzhen","featureType":"infrastructure","railClass":"light_rail","mode":"light_rail","name":"轻铁","nameEn":"Light Rail","operator":"香港鐵路有限公司 MTR Corporation Limited","network":"港鐵 MTR","usage":"branch","bridge":"yes","status":"operational","color":"#52636f","sourceKey":"way:55444296"}},{"type":"Feature","geometry":{"type":"LineString","coordinates":[[113.9670403,22.3721796],[113.9669055,22.3722155]]},"properties":{"key":"way:61857642@detail:455_89","osmType":"way","osmId":61857642,"sourceRegion":"shenzhen","featureType":"infrastructure","railClass":"light_rail","mode":"light_rail","name":"轻铁","nameEn":"Light Rail","operator":"香港鐵路有限公司 MTR Corporation Limited","network":"港鐵 MTR","status":"operational","color":"#52636f","sourceKey":"way:61857642"}},{"type":"Feature","geometry":{"type":"LineString","coordinates":[[113.9690776,22.37929],[113.9679391,22.3786108]]},"properties":{"key":"way:61857644@detail:455_89","osmType":"way","osmId":61857644,"sourceRegion":"shenzhen","featureType":"infrastructure","railClass":"light_rail","mode":"light_rail","name":"輕鐵","nameEn":"Light Rail","operator":"香港鐵路有限公司 MTR Corporation Limited","network":"港鐵 MTR","usage":"main","bridge":"yes","status":"operational","color":"#52636f","sourceKey":"way:61857644"}},{"type":"Feature","geometry":{"type":"LineString","coordinates":[[113.9663625,22.4079047],[113.9666352,22.4080197],[113.9666648,22.4080311],[113.9666968,22.4080392],[113.9667309,22.4080426],[113.9667608,22.4080426],[113.9667926,22.4080389],[113.9668233,22.4080314],[113.966858,22.4080174],[113.966884,22.4080028],[113.9669055,22.4079872],[113.9669275,22.4079676],[113.9669457,22.4079467],[113.9669613,22.4079233],[113.966974,22.4078985],[113.9669829,22.4078731],[113.9669891,22.4078438],[113.9669907,22.407813],[113.9669875,22.4077797],[113.9669825,22.4077555],[113.9669738,22.4077314],[113.9669608,22.4077067],[113.9669477,22.4076871],[113.9669333,22.4076696],[113.9669173,22.4076531],[113.9669013,22.4076395],[113.9668811,22.4076256],[113.9668582,22.4076127],[113.9668341,22.4076025],[113.9668069,22.4075952],[113.9667788,22.4075907],[113.9667498,22.4075893],[113.9667138,22.4075906]]},"properties":{"key":"way:61857702@detail:455_89","osmType":"way","osmId":61857702,"sourceRegion":"shenzhen","featureType":"infrastructure","railClass":"light_rail","mode":"light_rail","name":"輕鐵","nameEn":"Light Rail","operator":"香港鐵路有限公司 MTR Corporation Limited","network":"港鐵 MTR","service":"siding","status":"operational","color":"#52636f","sourceKey":"way:61857702"}},{"type":"Feature","geometry":{"type":"LineString","coordinates":[[113.9668251,22.4045],[113.9665947,22.4045228],[113.9664238,22.4045441],[113.966327,22.4045601],[113.9662718,22.4045749],[113.9661763,22.40461],[113.9659183,22.4047226],[113.9656347,22.4048509]]},"properties":{"key":"way:61857710@detail:455_89","osmType":"way","osmId":61857710,"sourceRegion":"shenzhen","featureType":"infrastructure","railClass":"light_rail","mode":"light_rail","name":"輕鐵","nameEn":"Light Rail","operator":"香港鐵路有限公司 MTR Corporation Limited","network":"港鐵 MTR","usage":"main","status":"operational","color":"#52636f","sourceKey":"way:61857710"}},{"type":"Feature","geometry":{"type":"LineString","coordinates":[[113.9668251,22.4045],[113.9667995,22.404499],[113.9667743,22.4044955],[113.9667509,22.4044909],[113.9667256,22.4044835],[113.9667008,22.4044739],[113.9666811,22.4044637],[113.9666621,22.404451],[113.9666436,22.4044364],[113.9666278,22.4044212],[113.9666137,22.4044047],[113.9666,22.4043857],[113.9665888,22.4043669],[113.9665789,22.404344],[113.9665718,22.4043214],[113.9665672,22.4042959],[113.9665655,22.4042734],[113.9665668,22.4042507],[113.9665701,22.4042294],[113.9665764,22.4042057],[113.9665883,22.4041781],[113.9666034,22.4041529],[113.9666188,22.4041329]]},"properties":{"key":"way:61857711@detail:455_89","osmType":"way","osmId":61857711,"sourceRegion":"shenzhen","featureType":"infrastructure","railClass":"light_rail","mode":"light_rail","name":"輕鐵","nameEn":"Light Rail","operator":"香港鐵路有限公司 MTR Corporation Limited","network":"港鐵 MTR","usage":"main","status":"operational","color":"#52636f","sourceKey":"way:61857711"}},{"type":"Feature","geometry":{"type":"LineString","coordinates":[[113.9673742,22.3963205],[113.9673688,22.3962816],[113.967357,22.3962439],[113.9673376,22.3962074],[113.9673177,22.3961794],[113.9672941,22.3961541],[113.9672667,22.3961315],[113.9672372,22.396113],[113.9672048,22.396098],[113.9671707,22.3960871],[113.9671352,22.3960804],[113.9670991,22.396078]]},"properties":{"key":"way:61857733@detail:455_89","osmType":"way","osmId":61857733,"sourceRegion":"shenzhen","featureType":"infrastructure","railClass":"light_rail","mode":"light_rail","name":"輕鐵","nameEn":"Light Rail","operator":"香港鐵路有限公司 MTR Corporation Limited","network":"港鐵 MTR","service":"siding","status":"operational","color":"#52636f","sourceKey":"way:61857733"}},{"type":"Feature","geometry":{"type":"LineString","coordinates":[[113.9749846,22.3833875],[113.9749744,22.3833553],[113.9749611,22.383327],[113.9749445,22.3833001],[113.974919,22.383272],[113.9748899,22.3832477],[113.9748579,22.3832285],[113.974826,22.3832163],[113.9748019,22.3832097],[113.974776,22.3832057],[113.9747459,22.383203],[113.9747184,22.3832028],[113.9746368,22.3832072]]},"properties":{"key":"way:64376387@detail:455_89","osmType":"way","osmId":64376387,"sourceRegion":"shenzhen","featureType":"infrastructure","railClass":"light_rail","mode":"light_rail","name":"輕鐵","nameEn":"Light Rail","operator":"香港鐵路有限公司 MTR Corporation Limited","network":"港鐵 MTR","usage":"main","status":"operational","color":"#52636f","sourceKey":"way:64376387"}},{"type":"Feature","geometry":{"type":"LineString","coordinates":[[113.9749477,22.3857013],[113.9749805,22.3857302],[113.9750093,22.3857624],[113.9750338,22.3857976],[113.9750536,22.3858352],[113.9750684,22.3858747],[113.975078,22.3859156],[113.9750822,22.3859573]]},"properties":{"key":"way:65250020@detail:455_89","osmType":"way","osmId":65250020,"sourceRegion":"shenzhen","featureType":"infrastructure","railClass":"light_rail","mode":"light_rail","name":"輕鐵","nameEn":"Light Rail","operator":"香港鐵路有限公司 MTR Corporation Limited","network":"港鐵 MTR","service":"crossover","status":"operational","color":"#52636f","sourceKey":"way:65250020"}},{"type":"Feature","geometry":{"type":"LineString","coordinates":[[113.9751971,22.388824],[113.9751774,22.3887525],[113.9751577,22.3887033],[113.9751062,22.3886453],[113.9750987,22.3886413],[113.9750339,22.3886066],[113.9749656,22.3885873],[113.9748728,22.3885743],[113.974779,22.3885693],[113.974181,22.3885647],[113.9740965,22.388564],[113.9735624,22.3885599],[113.9732524,22.3885575],[113.9731711,22.3885576],[113.9731275,22.3885564],[113.9730857,22.388545],[113.9730579,22.3885306],[113.9730335,22.3885117],[113.9730122,22.3884874],[113.9729964,22.3884596],[113.9729858,22.3884226],[113.9729851,22.3883843],[113.9729741,22.3878638],[113.9729634,22.3874773],[113.9729455,22.3870147],[113.9729529,22.3869495],[113.9729933,22.386859],[113.9730534,22.3867946],[113.973101,22.3867635],[113.973154,22.3867411],[113.9732322,22.3867261],[113.9733936,22.3867068],[113.9735852,22.3867019]]},"properties":{"key":"way:65250024@detail:455_89","osmType":"way","osmId":65250024,"sourceRegion":"shenzhen","featureType":"infrastructure","railClass":"light_rail","mode":"light_rail","name":"轻铁","nameEn":"Light Rail","operator":"香港鐵路有限公司 MTR Corporation Limited","network":"港鐵 MTR","service":"siding","status":"operational","color":"#52636f","sourceKey":"way:65250024"}},{"type":"Feature","geometry":{"type":"LineString","coordinates":[[113.9764108,22.4094658],[113.9763694,22.4094796],[113.9763332,22.4094936],[113.9763016,22.4095074],[113.9762894,22.4095142],[113.976269,22.4095255],[113.9762456,22.4095414],[113.9762294,22.409556],[113.9762133,22.4095723],[113.976194,22.4095972],[113.9761788,22.4096241],[113.9761668,22.4096542],[113.9761588,22.4096888],[113.9761566,22.4097139],[113.9761566,22.4097376],[113.9761601,22.4097628],[113.9761673,22.4097866]]},"properties":{"key":"way:65250069@detail:455_89","osmType":"way","osmId":65250069,"sourceRegion":"shenzhen","featureType":"infrastructure","railClass":"light_rail","mode":"light_rail","name":"轻铁","nameEn":"Light Rail","operator":"香港鐵路有限公司 MTR Corporation Limited","network":"港鐵 MTR","service":"branch","status":"operational","color":"#52636f","sourceKey":"way:65250069"}},{"type":"Feature","geometry":{"type":"LineString","coordinates":[[113.9762204,22.409815],[113.9762113,22.4097788],[113.9762091,22.4097472],[113.9762109,22.4097176],[113.9762158,22.4096888],[113.9762263,22.4096594],[113.9762408,22.4096321],[113.9762587,22.4096077],[113.9762829,22.4095832],[113.976308,22.4095621],[113.9763339,22.4095452],[113.9763703,22.4095267],[113.976413,22.4095092],[113.9764498,22.4094968]]},"properties":{"key":"way:65250070@detail:455_89","osmType":"way","osmId":65250070,"sourceRegion":"shenzhen","featureType":"infrastructure","railClass":"light_rail","mode":"light_rail","name":"轻铁","nameEn":"Light Rail","operator":"香港鐵路有限公司 MTR Corporation Limited","network":"港鐵 MTR","service":"branch","status":"operational","color":"#52636f","sourceKey":"way:65250070"}},{"type":"Feature","geometry":{"type":"LineString","coordinates":[[113.9764108,22.4094658],[113.9763063,22.4094903],[113.9762819,22.4094948],[113.9762659,22.4094978],[113.9762302,22.4095021],[113.9762034,22.409502],[113.9761754,22.4094989],[113.9761466,22.4094912],[113.976115,22.4094778],[113.976084,22.4094577],[113.9760497,22.4094294],[113.9760254,22.4094051],[113.975999,22.4093731],[113.97597,22.4093346]]},"properties":{"key":"way:65250330@detail:455_89","osmType":"way","osmId":65250330,"sourceRegion":"shenzhen","featureType":"infrastructure","railClass":"light_rail","mode":"light_rail","name":"轻铁","nameEn":"Light Rail","operator":"香港鐵路有限公司 MTR Corporation Limited","network":"港鐵 MTR","service":"branch","status":"operational","color":"#52636f","sourceKey":"way:65250330"}},{"type":"Feature","geometry":{"type":"LineString","coordinates":[[113.9757872,22.402385],[113.9757434,22.4022338],[113.9756382,22.4019002],[113.9754719,22.4014843],[113.9748936,22.4001645],[113.9744359,22.3991834],[113.9742485,22.3987449],[113.9740806,22.3982196],[113.9740549,22.3981392],[113.974038,22.3980864],[113.9738397,22.3973967],[113.9737563,22.3970669],[113.9736923,22.3967635]]},"properties":{"key":"way:111707416@detail:455_89","osmType":"way","osmId":111707416,"sourceRegion":"shenzhen","featureType":"infrastructure","railClass":"national","mode":"rail","name":"港铁屯马线","nameEn":"MTR Tuen Ma Line","ref":"TML","operator":"香港鐵路有限公司 MTR Corporation Limited","network":"港鐵 MTR","usage":"main","bridge":"yes","status":"operational","color":"#E54848","sourceKey":"way:111707416"}},{"type":"Feature","geometry":{"type":"LineString","coordinates":[[113.9782318,22.4112941],[113.9781544,22.4110005]]},"properties":{"key":"way:120521479@detail:455_89","osmType":"way","osmId":120521479,"sourceRegion":"shenzhen","featureType":"infrastructure","railClass":"light_rail","mode":"light_rail","name":"轻铁","nameEn":"Light Rail","operator":"香港鐵路有限公司 MTR Corporation Limited","network":"港鐵 MTR","usage":"branch","status":"operational","color":"#52636f","sourceKey":"way:120521479"}},{"type":"Feature","geometry":{"type":"LineString","coordinates":[[113.9743188,22.393893],[113.9743926,22.3938932],[113.9744485,22.3938799],[113.9744948,22.3938622],[113.9745359,22.3938359],[113.9745702,22.3938053],[113.9745957,22.3937722],[113.9746187,22.3937241],[113.9746462,22.3936682]]},"properties":{"key":"way:158985159@detail:455_89","osmType":"way","osmId":158985159,"sourceRegion":"shenzhen","featureType":"infrastructure","railClass":"light_rail","mode":"light_rail","name":"輕鐵","nameEn":"Light Rail","operator":"香港鐵路有限公司 MTR Corporation Limited","network":"港鐵 MTR","bridge":"yes","status":"operational","color":"#52636f","sourceKey":"way:158985159"}},{"type":"Feature","geometry":{"type":"LineString","coordinates":[[113.9754163,22.4019556],[113.9754196,22.4019881],[113.9754197,22.4020241],[113.975416,22.4020554],[113.9754114,22.4020794],[113.9754048,22.4021025],[113.9753947,22.4021279],[113.9753837,22.4021507],[113.9753686,22.4021745],[113.9753457,22.4022026],[113.9753225,22.4022267],[113.9752985,22.4022475],[113.9752732,22.4022655],[113.9752423,22.4022843],[113.975214,22.4022997],[113.9751855,22.4023129],[113.9751532,22.4023252]]},"properties":{"key":"way:158994859@detail:455_89","osmType":"way","osmId":158994859,"sourceRegion":"shenzhen","featureType":"infrastructure","railClass":"light_rail","mode":"light_rail","name":"轻铁","nameEn":"Light Rail","operator":"香港鐵路有限公司 MTR Corporation Limited","network":"港鐵 MTR","usage":"main","status":"operational","color":"#52636f","sourceKey":"way:158994859"}},{"type":"Feature","geometry":{"type":"LineString","coordinates":[[113.9634135,22.3820803],[113.9637935,22.3829435],[113.9638108,22.3829761],[113.9638335,22.3830056],[113.963861,22.3830314],[113.9638927,22.3830528],[113.9639313,22.3830717],[113.9639729,22.3830838],[113.9640162,22.3830888],[113.9640423,22.3830885],[113.9640812,22.3830834],[113.9641189,22.3830726],[113.9641542,22.3830566],[113.9641987,22.3830389]]},"properties":{"key":"way:159115565@detail:455_89","osmType":"way","osmId":159115565,"sourceRegion":"shenzhen","featureType":"infrastructure","railClass":"light_rail","mode":"light_rail","name":"轻铁","nameEn":"Light Rail","operator":"香港鐵路有限公司 MTR Corporation Limited","network":"港鐵 MTR","service":"spur","status":"operational","color":"#52636f","sourceKey":"way:159115565"}},{"type":"Feature","geometry":{"type":"LineString","coordinates":[[113.9749346,22.3930902],[113.9749757,22.3929762],[113.9750108,22.3928313],[113.9750269,22.3927041],[113.9750311,22.3926005],[113.9750231,22.3924668],[113.9750151,22.3923505],[113.9750029,22.3921529]]},"properties":{"key":"way:159115566@detail:455_89","osmType":"way","osmId":159115566,"sourceRegion":"shenzhen","featureType":"infrastructure","railClass":"light_rail","mode":"light_rail","name":"轻铁","nameEn":"Light Rail","operator":"香港鐵路有限公司 MTR Corporation Limited","network":"港鐵 MTR","usage":"main","status":"operational","color":"#52636f","sourceKey":"way:159115566"}},{"type":"Feature","geometry":{"type":"LineString","coordinates":[[113.9761552,22.3825023],[113.9758906,22.3823909]]},"properties":{"key":"way:159115567@detail:455_89","osmType":"way","osmId":159115567,"sourceRegion":"shenzhen","featureType":"infrastructure","railClass":"light_rail","mode":"light_rail","name":"輕鐵","nameEn":"Light Rail","operator":"香港鐵路有限公司 MTR Corporation Limited","network":"港鐵 MTR","status":"operational","color":"#52636f","sourceKey":"way:159115567"}},{"type":"Feature","geometry":{"type":"LineString","coordinates":[[113.9725476,22.3953955],[113.9723204,22.3945669]]},"properties":{"key":"way:159542848@detail:455_89","osmType":"way","osmId":159542848,"sourceRegion":"shenzhen","featureType":"infrastructure","railClass":"light_rail","mode":"light_rail","name":"轻铁","nameEn":"Light Rail","operator":"香港鐵路有限公司 MTR Corporation Limited","network":"港鐵 MTR","usage":"main","bridge":"yes","status":"operational","color":"#52636f","sourceKey":"way:159542848"}},{"type":"Feature","geometry":{"type":"LineString","coordinates":[[113.96774,22.3953024],[113.9677106,22.395298],[113.9676836,22.3952916],[113.9676594,22.3952825],[113.9676343,22.3952706],[113.9676096,22.3952554],[113.9675757,22.39523],[113.9675554,22.3952054],[113.9675374,22.3951794],[113.9675238,22.3951522],[113.9675139,22.3951262],[113.9675073,22.3950994],[113.9675028,22.3950662]]},"properties":{"key":"way:159542852@detail:455_89","osmType":"way","osmId":159542852,"sourceRegion":"shenzhen","featureType":"infrastructure","railClass":"light_rail","mode":"light_rail","name":"輕鐵","nameEn":"Light Rail","operator":"香港鐵路有限公司 MTR Corporation Limited","network":"港鐵 MTR","usage":"branch","status":"operational","color":"#52636f","sourceKey":"way:159542852"}},{"type":"Feature","geometry":{"type":"LineString","coordinates":[[113.9755853,22.4024722],[113.9754772,22.4020347]]},"properties":{"key":"way:159542854@detail:455_89","osmType":"way","osmId":159542854,"sourceRegion":"shenzhen","featureType":"infrastructure","railClass":"light_rail","mode":"light_rail","name":"轻铁","nameEn":"Light Rail","operator":"香港鐵路有限公司 MTR Corporation Limited","network":"港鐵 MTR","usage":"main","status":"operational","color":"#52636f","sourceKey":"way:159542854"}},{"type":"Feature","geometry":{"type":"LineString","coordinates":[[113.9751857,22.4023562],[113.9752144,22.4023441],[113.9752527,22.4023258],[113.9752939,22.4023027],[113.9753285,22.4022767],[113.9753574,22.4022522],[113.975387,22.4022214],[113.9754128,22.402191],[113.9754422,22.4021493],[113.9754574,22.4021199],[113.9754673,22.402096],[113.9754741,22.4020689],[113.9754772,22.4020347]]},"properties":{"key":"way:159542857@detail:455_89","osmType":"way","osmId":159542857,"sourceRegion":"shenzhen","featureType":"infrastructure","railClass":"light_rail","mode":"light_rail","name":"轻铁","nameEn":"Light Rail","operator":"香港鐵路有限公司 MTR Corporation Limited","network":"港鐵 MTR","usage":"main","status":"operational","color":"#52636f","sourceKey":"way:159542857"}},{"type":"Feature","geometry":{"type":"LineString","coordinates":[[113.9722718,22.3941555],[113.9722263,22.3942233],[113.9721952,22.3942661],[113.9721655,22.3943024],[113.9721368,22.3943321],[113.9721129,22.3943528],[113.9720913,22.3943654],[113.9720674,22.3943753],[113.9720435,22.3943819],[113.9719485,22.3944037]]},"properties":{"key":"way:159542860@detail:455_89","osmType":"way","osmId":159542860,"sourceRegion":"shenzhen","featureType":"infrastructure","railClass":"light_rail","mode":"light_rail","name":"轻铁","nameEn":"Light Rail","operator":"香港鐵路有限公司 MTR Corporation Limited","network":"港鐵 MTR","usage":"branch","bridge":"yes","status":"operational","color":"#52636f","sourceKey":"way:159542860"}},{"type":"Feature","geometry":{"type":"LineString","coordinates":[[113.9723204,22.3945669],[113.9722783,22.3944193],[113.9722725,22.3943942],[113.9722698,22.3943735],[113.9722682,22.3943413],[113.9722694,22.3943119],[113.9722736,22.3942806],[113.9722792,22.3942531],[113.9722906,22.3942209],[113.9723042,22.3941906],[113.972318,22.3941639]]},"properties":{"key":"way:159542864@detail:455_89","osmType":"way","osmId":159542864,"sourceRegion":"shenzhen","featureType":"infrastructure","railClass":"light_rail","mode":"light_rail","name":"轻铁","nameEn":"Light Rail","operator":"香港鐵路有限公司 MTR Corporation Limited","network":"港鐵 MTR","usage":"main","bridge":"yes","status":"operational","color":"#52636f","sourceKey":"way:159542864"}},{"type":"Feature","geometry":{"type":"LineString","coordinates":[[113.9781544,22.4110005],[113.9780094,22.4105221],[113.9777018,22.4095471],[113.9776822,22.4094652],[113.9776682,22.4093902],[113.977656,22.4093021],[113.9776496,22.4092131],[113.9776488,22.4091527],[113.9776533,22.4091005],[113.9776602,22.409058],[113.9776723,22.4090018],[113.9776891,22.4089482],[113.9777162,22.4088757],[113.9777409,22.4088219],[113.9777713,22.4087646],[113.9778029,22.4087163],[113.9778282,22.4086827],[113.9778731,22.4086282],[113.9779148,22.4085814],[113.9779645,22.4085299],[113.9780199,22.4084778],[113.9780947,22.4084155],[113.9786673,22.4079828],[113.9787313,22.4079291],[113.9788054,22.4078574],[113.9788437,22.407809],[113.9788714,22.4077647],[113.9788944,22.4077207],[113.978917,22.4076637],[113.978932,22.407606],[113.9789418,22.4075395],[113.9789441,22.4074586],[113.97894,22.4074053],[113.9789309,22.4073448],[113.9788651,22.4070313],[113.978811,22.4067586],[113.9787657,22.4065348],[113.9787352,22.4063803],[113.9787252,22.4063118],[113.9787165,22.4062512],[113.9787111,22.4061937],[113.9787068,22.4061103],[113.9787129,22.4060021],[113.9787273,22.4058949],[113.9787478,22.4057988]]},"properties":{"key":"way:159542866@detail:455_89","osmType":"way","osmId":159542866,"sourceRegion":"shenzhen","featureType":"infrastructure","railClass":"light_rail","mode":"light_rail","name":"轻铁","nameEn":"Light Rail","operator":"香港鐵路有限公司 MTR Corporation Limited","network":"港鐵 MTR","usage":"branch","bridge":"yes","status":"operational","color":"#52636f","sourceKey":"way:159542866"}},{"type":"Feature","geometry":{"type":"LineString","coordinates":[[113.9787093,22.405788],[113.9786871,22.4058927],[113.9786743,22.4059843],[113.9786665,22.4060979],[113.9786696,22.4061933],[113.9786827,22.4063069],[113.9786952,22.4063926],[113.9787252,22.4065422],[113.9787706,22.4067658],[113.9788244,22.4070377],[113.9788834,22.4073163],[113.9788931,22.40738],[113.9788995,22.4074427],[113.9789009,22.4074998],[113.9788967,22.4075562],[113.9788876,22.4076085],[113.9788695,22.4076685],[113.9788461,22.4077206],[113.9788222,22.4077616],[113.9787715,22.4078312],[113.9787245,22.4078807],[113.9786524,22.4079433],[113.9780433,22.4083966],[113.9779771,22.4084531],[113.9779333,22.4084946],[113.9778847,22.4085445],[113.9778292,22.4086059],[113.9777761,22.4086769],[113.9777316,22.4087469],[113.9776936,22.4088172],[113.9776694,22.4088718],[113.9776463,22.4089387],[113.9776287,22.4090026],[113.977617,22.4090637],[113.9776101,22.4091159],[113.9776067,22.4091635],[113.9776066,22.4092165],[113.9776097,22.4092811],[113.9776244,22.4093774],[113.9776412,22.409468],[113.9776604,22.4095479],[113.9781112,22.41101]]},"properties":{"key":"way:159542870@detail:455_89","osmType":"way","osmId":159542870,"sourceRegion":"shenzhen","featureType":"infrastructure","railClass":"light_rail","mode":"light_rail","name":"轻铁","nameEn":"Light Rail","operator":"香港鐵路有限公司 MTR Corporation Limited","network":"港鐵 MTR","usage":"branch","bridge":"yes","status":"operational","color":"#52636f","sourceKey":"way:159542870"}},{"type":"Feature","geometry":{"type":"LineString","coordinates":[[113.9787478,22.4057988],[113.9787825,22.4056955],[113.9788305,22.4055825],[113.9788853,22.4054724],[113.9789356,22.4053857],[113.9789967,22.4052904],[113.9790746,22.4051808],[113.9791378,22.4050963],[113.9793843,22.40478],[113.9794394,22.4047037],[113.9794734,22.4046547],[113.9795018,22.4046105],[113.9795341,22.4045537],[113.9795804,22.4044609],[113.9796147,22.4043779],[113.9796346,22.4043177],[113.9796622,22.4042187],[113.9796761,22.4041511],[113.9796859,22.4040841],[113.9796925,22.4040166],[113.9796959,22.4039329],[113.9796946,22.4038616],[113.9796903,22.4037941],[113.9796826,22.4037288],[113.9796722,22.4036697],[113.9796565,22.4036023],[113.979637,22.4035332],[113.9796212,22.403484],[113.9795989,22.4034263],[113.979469,22.4031278],[113.9793563,22.4028683],[113.979304,22.4027573],[113.9792275,22.4026114],[113.9791679,22.4025054],[113.9785347,22.4013192],[113.9784864,22.4012244],[113.9784517,22.4011604],[113.9784228,22.4011013],[113.9783332,22.4009015],[113.9782593,22.4007084],[113.9782084,22.4005926],[113.9780452,22.4002411],[113.9779501,22.4000232],[113.9779046,22.399918],[113.9778467,22.3997987],[113.9777702,22.3996549],[113.9777203,22.3995536],[113.9776477,22.3993876],[113.9776211,22.3993224],[113.9775547,22.3991426],[113.9775091,22.3989994],[113.9774648,22.3987895],[113.9774338,22.3985902],[113.9774212,22.3984661],[113.9774146,22.3983597],[113.9774163,22.3982396],[113.977423,22.3980226],[113.9774251,22.3979246],[113.9774324,22.3978051],[113.9774438,22.3977171],[113.9774907,22.3974112],[113.9775258,22.3972066],[113.9776226,22.3966679]]},"properties":{"key":"way:159542871@detail:455_89","osmType":"way","osmId":159542871,"sourceRegion":"shenzhen","featureType":"infrastructure","railClass":"light_rail","mode":"light_rail","name":"輕鐵","nameEn":"Light Rail","operator":"香港鐵路有限公司 MTR Corporation Limited","network":"港鐵 MTR","usage":"branch","status":"operational","color":"#52636f","sourceKey":"way:159542871"}},{"type":"Feature","geometry":{"type":"LineString","coordinates":[[113.9698527,22.4046145],[113.9698289,22.4046486],[113.9698123,22.4046862],[113.9698036,22.404726],[113.9698033,22.4047419],[113.969803,22.4047666],[113.969807,22.4047882],[113.9698105,22.4048066],[113.9698258,22.4048447],[113.9698486,22.4048794],[113.9698788,22.4049055],[113.9699145,22.4049246],[113.9699539,22.4049364],[113.969995,22.4049401],[113.9700361,22.4049356],[113.9700752,22.4049232],[113.9701106,22.4049034],[113.9701406,22.4048771],[113.9701639,22.4048455],[113.9701793,22.4048101],[113.9701863,22.4047724],[113.9701911,22.4047426],[113.9701977,22.4047008],[113.9702204,22.4045356],[113.9702479,22.4043423],[113.9702509,22.4043249],[113.9702629,22.4042801],[113.9702759,22.4042442],[113.9702918,22.4042094]]},"properties":{"key":"way:159542883@detail:455_89","osmType":"way","osmId":159542883,"sourceRegion":"shenzhen","featureType":"infrastructure","railClass":"light_rail","mode":"light_rail","name":"輕鐵","nameEn":"Light Rail","operator":"香港鐵路有限公司 MTR Corporation Limited","network":"港鐵 MTR","service":"siding","status":"operational","color":"#52636f","sourceKey":"way:159542883"}},{"type":"Feature","geometry":{"type":"LineString","coordinates":[[113.9702918,22.4042094],[113.9703115,22.4041874],[113.9706405,22.4038225],[113.9706688,22.4037912],[113.9708507,22.4035772],[113.9710282,22.4033601],[113.9712849,22.4030784],[113.9715228,22.4028301],[113.971558,22.4028033],[113.9715976,22.4027825],[113.9716405,22.4027682],[113.9716854,22.4027609],[113.9717436,22.4027608],[113.9718293,22.4027688],[113.9720476,22.4027927],[113.9722216,22.4028118],[113.9724718,22.4028408],[113.9725796,22.4028487],[113.9726706,22.4028474],[113.9726991,22.4028439],[113.9727335,22.4028382],[113.972773,22.402829],[113.9727995,22.4028218],[113.9728796,22.4027944],[113.9729154,22.4027824],[113.9730059,22.4027552],[113.9730829,22.4027366],[113.9731604,22.4027244],[113.9732362,22.4027193],[113.9733131,22.4027196],[113.973571,22.4027302],[113.9737486,22.4027384],[113.9737988,22.4027382],[113.9738632,22.4027365],[113.9739355,22.4027302],[113.9740172,22.4027171],[113.9740823,22.4027017],[113.9743705,22.4026116],[113.9746082,22.4025368],[113.9751857,22.4023562]]},"properties":{"key":"way:159542886@detail:455_89","osmType":"way","osmId":159542886,"sourceRegion":"shenzhen","featureType":"infrastructure","railClass":"light_rail","mode":"light_rail","name":"轻铁","nameEn":"Light Rail","operator":"香港鐵路有限公司 MTR Corporation Limited","network":"港鐵 MTR","usage":"main","status":"operational","color":"#52636f","sourceKey":"way:159542886"}},{"type":"Feature","geometry":{"type":"LineString","coordinates":[[113.9635567,22.382304],[113.9636755,22.3824722],[113.9637844,22.3827192],[113.9638551,22.3828795],[113.9638743,22.3829131],[113.9638993,22.3829432],[113.9639295,22.3829688],[113.963964,22.3829894],[113.9640037,22.3830045],[113.9640449,22.3830132],[113.9640597,22.3830137],[113.964089,22.3830147],[113.9641326,22.3830088],[113.9641788,22.3829979]]},"properties":{"key":"way:159543503@detail:455_89","osmType":"way","osmId":159543503,"sourceRegion":"shenzhen","featureType":"infrastructure","railClass":"light_rail","mode":"light_rail","name":"轻铁","nameEn":"Light Rail","operator":"香港鐵路有限公司 MTR Corporation Limited","network":"港鐵 MTR","service":"spur","status":"operational","color":"#52636f","sourceKey":"way:159543503"}},{"type":"Feature","geometry":{"type":"LineString","coordinates":[[113.9645673,22.3828858],[113.9653296,22.3825704],[113.9664374,22.3820995],[113.9665058,22.382056],[113.9665511,22.3819752],[113.966569,22.3818967],[113.9665695,22.3818024],[113.9665748,22.3816775],[113.9665737,22.3815815],[113.9665635,22.3814799],[113.9665505,22.3814318],[113.9665309,22.381352],[113.9664921,22.3812069],[113.9664666,22.3811102],[113.9664435,22.3810177],[113.9664239,22.3809304],[113.9664029,22.3808323],[113.9663778,22.3807068],[113.9663556,22.3806584],[113.9663228,22.3806119],[113.9662835,22.3805759],[113.9662365,22.3805556],[113.9661897,22.3805408],[113.9661304,22.3805292],[113.9660699,22.380525],[113.9660094,22.3805281],[113.9659498,22.3805387],[113.9658923,22.3805564],[113.9642475,22.3812374],[113.9642119,22.3812575],[113.9641788,22.381281],[113.9641458,22.3813108],[113.964117,22.3813441],[113.9640967,22.3813805],[113.9640769,22.3814207],[113.9640549,22.3814583],[113.9640272,22.3814926],[113.964016,22.3815029],[113.9639944,22.3815228],[113.9639604,22.3815462],[113.9639234,22.3815652],[113.963884,22.3815794],[113.9638665,22.3815833],[113.9638428,22.3815886]]},"properties":{"key":"way:159543505@detail:455_89","osmType":"way","osmId":159543505,"sourceRegion":"shenzhen","featureType":"infrastructure","railClass":"light_rail","mode":"light_rail","name":"轻铁","nameEn":"Light Rail","operator":"香港鐵路有限公司 MTR Corporation Limited","network":"港鐵 MTR","service":"yard","status":"operational","color":"#52636f","sourceKey":"way:159543505"}},{"type":"Feature","geometry":{"type":"LineString","coordinates":[[113.9672326,22.4033557],[113.9671697,22.403471],[113.9671291,22.4035391],[113.9670938,22.4035895],[113.9670537,22.4036411],[113.967005,22.4036968],[113.9669635,22.4037429],[113.9665197,22.4041791],[113.9665039,22.4041968],[113.9664906,22.4042159],[113.9664805,22.4042347],[113.9664704,22.4042599],[113.966464,22.4042843],[113.9664603,22.4043134],[113.9664609,22.4043383],[113.966465,22.4043631],[113.9664728,22.4043902],[113.9664808,22.4044094],[113.9664948,22.4044331],[113.9665099,22.4044543],[113.9665241,22.4044706],[113.9665436,22.4044891],[113.9665666,22.4045064],[113.9665947,22.4045228],[113.9666267,22.4045355],[113.9666494,22.4045426],[113.9666736,22.4045469],[113.9666974,22.4045497],[113.9667236,22.4045502]]},"properties":{"key":"way:159543506@detail:455_89","osmType":"way","osmId":159543506,"sourceRegion":"shenzhen","featureType":"infrastructure","railClass":"light_rail","mode":"light_rail","name":"輕鐵","nameEn":"Light Rail","operator":"香港鐵路有限公司 MTR Corporation Limited","network":"港鐵 MTR","usage":"main","status":"operational","color":"#52636f","sourceKey":"way:159543506"}},{"type":"Feature","geometry":{"type":"LineString","coordinates":[[113.964515,22.3842506],[113.964413,22.3840037],[113.9640696,22.3833276],[113.9640604,22.3832871],[113.9640586,22.3832458],[113.9640644,22.3832047],[113.9640802,22.3831686],[113.9640979,22.3831275],[113.964125,22.3830936],[113.9641579,22.3830644],[113.9641987,22.3830389],[113.9642286,22.3830265],[113.9644449,22.3829364],[113.9645673,22.3828858]]},"properties":{"key":"way:159543510@detail:455_89","osmType":"way","osmId":159543510,"sourceRegion":"shenzhen","featureType":"infrastructure","railClass":"light_rail","mode":"light_rail","name":"轻铁","nameEn":"Light Rail","operator":"香港鐵路有限公司 MTR Corporation Limited","network":"港鐵 MTR","service":"spur","status":"operational","color":"#52636f","sourceKey":"way:159543510"}},{"type":"Feature","geometry":{"type":"LineString","coordinates":[[113.9657368,22.4048431],[113.965781,22.4048162],[113.9659183,22.4047226],[113.9661451,22.4045683],[113.9662081,22.4045199],[113.9662706,22.404468],[113.9663572,22.4043883],[113.966464,22.4042843],[113.9666188,22.4041329]]},"properties":{"key":"way:159543511@detail:455_89","osmType":"way","osmId":159543511,"sourceRegion":"shenzhen","featureType":"infrastructure","railClass":"light_rail","mode":"light_rail","name":"輕鐵","nameEn":"Light Rail","operator":"香港鐵路有限公司 MTR Corporation Limited","network":"港鐵 MTR","usage":"main","status":"operational","color":"#52636f","sourceKey":"way:159543511"}},{"type":"Feature","geometry":{"type":"LineString","coordinates":[[113.9772001,22.4093254],[113.9772374,22.409316],[113.9772821,22.4093017],[113.9773212,22.4092863],[113.977363,22.4092691],[113.977413,22.4092423],[113.9774345,22.4092263],[113.9774527,22.4092097],[113.9774706,22.4091873],[113.9774881,22.4091603],[113.9775009,22.4091255],[113.9775103,22.4090941],[113.9775115,22.4090595],[113.9775099,22.409024],[113.9775036,22.4089869]]},"properties":{"key":"way:159543513@detail:455_89","osmType":"way","osmId":159543513,"sourceRegion":"shenzhen","featureType":"infrastructure","railClass":"light_rail","mode":"light_rail","name":"轻铁","nameEn":"Light Rail","operator":"香港鐵路有限公司 MTR Corporation Limited","network":"港鐵 MTR","service":"branch","status":"operational","color":"#52636f","sourceKey":"way:159543513"}},{"type":"Feature","geometry":{"type":"LineString","coordinates":[[113.97597,22.4093346],[113.9759064,22.409218],[113.975874,22.409166],[113.975846,22.4091249],[113.9758092,22.4090745],[113.9757727,22.4090268],[113.9757058,22.4089453],[113.9756339,22.4088635],[113.9755538,22.4087805],[113.9754662,22.4086939],[113.9753839,22.4086158],[113.9753039,22.4085457],[113.975217,22.408472],[113.9751215,22.4083955],[113.9750112,22.4083123],[113.9748786,22.4082187],[113.9747388,22.4081282],[113.9745927,22.4080412],[113.9744187,22.4079466],[113.9743358,22.4079044],[113.9742012,22.4078405],[113.9740948,22.4077941],[113.9739817,22.4077474],[113.9738495,22.4076958],[113.9737547,22.4076611],[113.9736123,22.407612],[113.9735348,22.4075874],[113.973398,22.4075461],[113.9732055,22.4074949],[113.9728574,22.4074048],[113.9725636,22.4073283],[113.9714169,22.4070319],[113.9713066,22.4070035],[113.9712229,22.4069823],[113.9708155,22.4068625],[113.9705517,22.4067789],[113.9701234,22.4066432],[113.9700527,22.4066226],[113.9699847,22.4066074],[113.96991,22.4065955],[113.9698311,22.4065881],[113.969767,22.4065885],[113.9697008,22.4065948],[113.9696443,22.4066031],[113.969588,22.4066138],[113.9695335,22.4066278],[113.9694749,22.4066458],[113.9694176,22.4066663],[113.9691898,22.4067479],[113.969061,22.4067941],[113.9689909,22.4068192],[113.9689414,22.4068369],[113.9688893,22.4068556],[113.9673012,22.4074208],[113.9672192,22.4074505],[113.9670985,22.4074927],[113.9669948,22.4075226],[113.9669204,22.4075429],[113.9668189,22.4075675],[113.9667138,22.4075906]]},"properties":{"key":"way:159543516@detail:455_89","osmType":"way","osmId":159543516,"sourceRegion":"shenzhen","featureType":"infrastructure","railClass":"light_rail","mode":"light_rail","name":"轻铁","nameEn":"Light Rail","operator":"香港鐵路有限公司 MTR Corporation Limited","network":"港鐵 MTR","usage":"main","status":"operational","color":"#52636f","sourceKey":"way:159543516"}},{"type":"Feature","geometry":{"type":"LineString","coordinates":[[113.9673617,22.3958623],[113.9673516,22.3959043],[113.9673339,22.395944],[113.967309,22.3959803],[113.9672777,22.3960121],[113.9672387,22.3960397],[113.967195,22.3960603],[113.9671479,22.3960732],[113.9670991,22.396078]]},"properties":{"key":"way:159543517@detail:455_89","osmType":"way","osmId":159543517,"sourceRegion":"shenzhen","featureType":"infrastructure","railClass":"light_rail","mode":"light_rail","name":"輕鐵","nameEn":"Light Rail","operator":"香港鐵路有限公司 MTR Corporation Limited","network":"港鐵 MTR","service":"siding","status":"operational","color":"#52636f","sourceKey":"way:159543517"}},{"type":"Feature","geometry":{"type":"LineString","coordinates":[[113.9666188,22.4041329],[113.9670052,22.4037534],[113.9670379,22.4037171],[113.967084,22.4036642],[113.9671218,22.403614],[113.9671583,22.4035613],[113.9671991,22.403493],[113.9675387,22.402872],[113.9676061,22.4027372],[113.9676461,22.4026426],[113.9676925,22.4025168],[113.967721,22.4024267],[113.9677479,22.4023276],[113.9677686,22.4022389],[113.9677848,22.4021445],[113.9677986,22.4020354],[113.9678085,22.4018963],[113.9678098,22.4017751],[113.9678031,22.4015955],[113.9677935,22.4015],[113.967782,22.4014161],[113.9677675,22.4013326],[113.9677112,22.4010504],[113.9676942,22.4009636],[113.9676777,22.4008848],[113.9676546,22.4007695],[113.9674751,22.3997771],[113.9673643,22.3992773]]},"properties":{"key":"way:159543518@detail:455_89","osmType":"way","osmId":159543518,"sourceRegion":"shenzhen","featureType":"infrastructure","railClass":"light_rail","mode":"light_rail","name":"輕鐵","nameEn":"Light Rail","operator":"香港鐵路有限公司 MTR Corporation Limited","network":"港鐵 MTR","usage":"main","status":"operational","color":"#52636f","sourceKey":"way:159543518"}},{"type":"Feature","geometry":{"type":"LineString","coordinates":[[113.978197,22.4113008],[113.9782145,22.4113541]]},"properties":{"key":"way:159543519@detail:455_89","osmType":"way","osmId":159543519,"sourceRegion":"shenzhen","featureType":"infrastructure","railClass":"light_rail","mode":"light_rail","name":"轻铁","nameEn":"Light Rail","operator":"香港鐵路有限公司 MTR Corporation Limited","network":"港鐵 MTR","usage":"main","status":"operational","color":"#52636f","sourceKey":"way:159543519"}},{"type":"Feature","geometry":{"type":"LineString","coordinates":[[113.9631602,22.3808886],[113.9631742,22.3809905],[113.9631715,22.3810784],[113.9631866,22.3811567]]},"properties":{"key":"way:159543520@detail:455_89","osmType":"way","osmId":159543520,"sourceRegion":"shenzhen","featureType":"infrastructure","railClass":"light_rail","mode":"light_rail","name":"輕鐵","nameEn":"Light Rail","operator":"香港鐵路有限公司 MTR Corporation Limited","network":"港鐵 MTR","service":"crossover","status":"operational","color":"#52636f","sourceKey":"way:159543520"}},{"type":"Feature","geometry":{"type":"LineString","coordinates":[[113.96774,22.3953024],[113.9676837,22.3953009],[113.9676281,22.3952995],[113.9675987,22.3953013],[113.9675721,22.3953045],[113.9675608,22.3953068],[113.9675346,22.3953145],[113.9675131,22.3953228],[113.9674947,22.3953328],[113.9674752,22.3953476],[113.9674591,22.3953616],[113.9674401,22.3953854],[113.9674263,22.3954063],[113.9674126,22.3954309],[113.967403,22.3954527],[113.9673948,22.3954758],[113.9673878,22.3955014],[113.9673841,22.3955203]]},"properties":{"key":"way:159543521@detail:455_89","osmType":"way","osmId":159543521,"sourceRegion":"shenzhen","featureType":"infrastructure","railClass":"light_rail","mode":"light_rail","name":"輕鐵","nameEn":"Light Rail","operator":"香港鐵路有限公司 MTR Corporation Limited","network":"港鐵 MTR","usage":"branch","status":"operational","color":"#52636f","sourceKey":"way:159543521"}},{"type":"Feature","geometry":{"type":"LineString","coordinates":[[113.9776397,22.4093417],[113.9776071,22.409306],[113.9775765,22.4092844],[113.9775427,22.409267],[113.9774967,22.4092498],[113.9774535,22.409242],[113.977413,22.4092423],[113.9773638,22.409248],[113.9773189,22.4092574],[113.9771932,22.4092874]]},"properties":{"key":"way:159543522@detail:455_89","osmType":"way","osmId":159543522,"sourceRegion":"shenzhen","featureType":"infrastructure","railClass":"light_rail","mode":"light_rail","name":"轻铁","nameEn":"Light Rail","operator":"香港鐵路有限公司 MTR Corporation Limited","network":"港鐵 MTR","service":"branch","status":"operational","color":"#52636f","sourceKey":"way:159543522"}},{"type":"Feature","geometry":{"type":"LineString","coordinates":[[113.9782145,22.4113541],[113.9782247,22.4114212],[113.9782271,22.4114705],[113.9782256,22.4115149],[113.9782209,22.4115548],[113.9782112,22.4115915],[113.9781992,22.4116264],[113.9781756,22.4116699],[113.9780884,22.4118129]]},"properties":{"key":"way:159543523@detail:455_89","osmType":"way","osmId":159543523,"sourceRegion":"shenzhen","featureType":"infrastructure","railClass":"light_rail","mode":"light_rail","name":"轻铁","nameEn":"Light Rail","operator":"香港鐵路有限公司 MTR Corporation Limited","network":"港鐵 MTR","usage":"main","status":"operational","color":"#52636f","sourceKey":"way:159543523"}},{"type":"Feature","geometry":{"type":"LineString","coordinates":[[113.9667138,22.4075906],[113.9664372,22.4076484],[113.9662107,22.4076976],[113.9658958,22.4077668],[113.9658245,22.4077788],[113.9657523,22.4077876],[113.9656652,22.4077928],[113.965589,22.4077925],[113.9655098,22.4077889],[113.9654211,22.407781],[113.965342,22.4077695],[113.9652602,22.4077543],[113.9650393,22.4077121],[113.9648454,22.4076697],[113.9647875,22.4076549],[113.9647246,22.4076356],[113.964658,22.4076114],[113.9646068,22.4075899],[113.9645548,22.4075651],[113.9645061,22.4075365],[113.9644699,22.4075131],[113.9644271,22.4074822],[113.9643929,22.4074551],[113.9640732,22.4071795],[113.9640205,22.4071318],[113.9639651,22.4070777],[113.9639165,22.4070276],[113.9638855,22.4069939],[113.963733,22.4068182]]},"properties":{"key":"way:159543524@detail:455_89","osmType":"way","osmId":159543524,"sourceRegion":"shenzhen","featureType":"infrastructure","railClass":"light_rail","mode":"light_rail","name":"輕鐵","nameEn":"Light Rail","operator":"香港鐵路有限公司 MTR Corporation Limited","network":"港鐵 MTR","usage":"main","status":"operational","color":"#52636f","sourceKey":"way:159543524"}},{"type":"Feature","geometry":{"type":"LineString","coordinates":[[113.9670083,22.399467],[113.9670619,22.399487],[113.967119,22.3994947],[113.9671764,22.3994895],[113.9672309,22.3994719],[113.9672793,22.3994428],[113.9673076,22.399415],[113.9673188,22.3994039],[113.9673387,22.3993713],[113.9673643,22.3992773]]},"properties":{"key":"way:159543525@detail:455_89","osmType":"way","osmId":159543525,"sourceRegion":"shenzhen","featureType":"infrastructure","railClass":"light_rail","mode":"light_rail","name":"輕鐵","nameEn":"Light Rail","operator":"香港鐵路有限公司 MTR Corporation Limited","network":"港鐵 MTR","service":"siding","status":"operational","color":"#52636f","sourceKey":"way:159543525"}},{"type":"Feature","geometry":{"type":"LineString","coordinates":[[113.9759947,22.4094537],[113.9760124,22.4094746],[113.976028,22.4094898],[113.976049,22.4095049],[113.9760699,22.409517],[113.9760911,22.409527],[113.9761165,22.4095361],[113.9761459,22.4095426],[113.9761737,22.4095456],[113.9762002,22.4095454],[113.9762456,22.4095414],[113.9762863,22.4095334],[113.976296,22.4095312],[113.9764498,22.4094968]]},"properties":{"key":"way:159543526@detail:455_89","osmType":"way","osmId":159543526,"sourceRegion":"shenzhen","featureType":"infrastructure","railClass":"light_rail","mode":"light_rail","name":"轻铁","nameEn":"Light Rail","operator":"香港鐵路有限公司 MTR Corporation Limited","network":"港鐵 MTR","service":"branch","status":"operational","color":"#52636f","sourceKey":"way:159543526"}},{"type":"Feature","geometry":{"type":"LineString","coordinates":[[113.9778058,22.4121559],[113.977852,22.412144],[113.9778997,22.4121271],[113.9779421,22.4121035],[113.9779758,22.4120751],[113.9780063,22.4120356],[113.9781323,22.4118367]]},"properties":{"key":"way:159543527@detail:455_89","osmType":"way","osmId":159543527,"sourceRegion":"shenzhen","featureType":"infrastructure","railClass":"light_rail","mode":"light_rail","name":"轻铁","nameEn":"Light Rail","operator":"香港鐵路有限公司 MTR Corporation Limited","network":"港鐵 MTR","usage":"main","status":"operational","color":"#52636f","sourceKey":"way:159543527"}},{"type":"Feature","geometry":{"type":"LineString","coordinates":[[113.9673643,22.3992773],[113.9673468,22.3991885],[113.9673113,22.3990287],[113.9672832,22.3988677],[113.9672624,22.3987057],[113.967249,22.3985431],[113.967243,22.39838],[113.9672444,22.3982169],[113.9672546,22.3980351],[113.9673067,22.3973242],[113.9673172,22.3971513],[113.9673278,22.396978],[113.9673396,22.3968102],[113.9673445,22.3967411]]},"properties":{"key":"way:159543528@detail:455_89","osmType":"way","osmId":159543528,"sourceRegion":"shenzhen","featureType":"infrastructure","railClass":"light_rail","mode":"light_rail","name":"輕鐵","nameEn":"Light Rail","operator":"香港鐵路有限公司 MTR Corporation Limited","network":"港鐵 MTR","usage":"main","status":"operational","color":"#52636f","sourceKey":"way:159543528"}},{"type":"Feature","geometry":{"type":"LineString","coordinates":[[113.9673445,22.3967411],[113.9673961,22.396493],[113.9674332,22.3960605],[113.9674386,22.3959852],[113.9674627,22.3955751],[113.9674659,22.3955554],[113.9674712,22.3955326],[113.9674789,22.3955116],[113.9674896,22.3954883],[113.967503,22.3954654],[113.9675146,22.3954494],[113.9675306,22.3954336],[113.9675483,22.3954191],[113.967567,22.3954059],[113.9676023,22.3953883],[113.9676276,22.3953776],[113.9676583,22.3953683],[113.9676848,22.395362],[113.9677135,22.3953567],[113.967746,22.3953518],[113.9677749,22.3953486]]},"properties":{"key":"way:159543530@detail:455_89","osmType":"way","osmId":159543530,"sourceRegion":"shenzhen","featureType":"infrastructure","railClass":"light_rail","mode":"light_rail","name":"輕鐵","nameEn":"Light Rail","operator":"香港鐵路有限公司 MTR Corporation Limited","network":"港鐵 MTR","usage":"branch","status":"operational","color":"#52636f","sourceKey":"way:159543530"}},{"type":"Feature","geometry":{"type":"LineString","coordinates":[[113.9638428,22.3815886],[113.9635977,22.381559],[113.9635001,22.3815421],[113.9634572,22.3815351],[113.9634162,22.3815213],[113.963379,22.3815013],[113.9633477,22.3814752],[113.9633185,22.3814453],[113.963297,22.3814108],[113.9632822,22.3813735]]},"properties":{"key":"way:159543531@detail:455_89","osmType":"way","osmId":159543531,"sourceRegion":"shenzhen","featureType":"infrastructure","railClass":"light_rail","mode":"light_rail","name":"轻铁","nameEn":"Light Rail","operator":"香港鐵路有限公司 MTR Corporation Limited","network":"港鐵 MTR","service":"spur","status":"operational","color":"#52636f","sourceKey":"way:159543531"}},{"type":"Feature","geometry":{"type":"LineString","coordinates":[[113.9786243,22.4125511],[113.9786112,22.4125101],[113.9785968,22.4124762],[113.9785806,22.4124488],[113.9785627,22.4124252],[113.9785422,22.4124034],[113.9785164,22.4123815],[113.9784908,22.4123669],[113.9784656,22.4123528],[113.9782588,22.4122446],[113.9780689,22.412146],[113.9780229,22.4121225],[113.9779841,22.4121093],[113.9779421,22.4121035],[113.9778922,22.4121055],[113.9778408,22.4121109],[113.9777975,22.4121205]]},"properties":{"key":"way:159543532@detail:455_89","osmType":"way","osmId":159543532,"sourceRegion":"shenzhen","featureType":"infrastructure","railClass":"light_rail","mode":"light_rail","name":"轻铁","nameEn":"Light Rail","operator":"香港鐵路有限公司 MTR Corporation Limited","network":"港鐵 MTR","usage":"main","status":"operational","color":"#52636f","sourceKey":"way:159543532"}},{"type":"Feature","geometry":{"type":"LineString","coordinates":[[113.9745955,22.3936561],[113.9745799,22.3937138],[113.974572,22.3937596],[113.9745702,22.3938053],[113.9745769,22.3938501],[113.9745895,22.3938878],[113.9746176,22.3939286],[113.9746758,22.3939787],[113.9747387,22.3940134]]},"properties":{"key":"way:159846405@detail:455_89","osmType":"way","osmId":159846405,"sourceRegion":"shenzhen","featureType":"infrastructure","railClass":"light_rail","mode":"light_rail","name":"輕鐵","nameEn":"Light Rail","operator":"香港鐵路有限公司 MTR Corporation Limited","network":"港鐵 MTR","usage":"branch","bridge":"yes","status":"operational","color":"#52636f","sourceKey":"way:159846405"}},{"type":"Feature","geometry":{"type":"LineString","coordinates":[[113.9749668,22.3903902],[113.9748931,22.3906623],[113.9748595,22.3908034],[113.9748518,22.3908773],[113.9748518,22.3909371],[113.9748535,22.3910041],[113.9748608,22.3913037],[113.9748666,22.391576],[113.9748695,22.3917164],[113.9748753,22.3918095],[113.9748876,22.3919192],[113.9749063,22.3920215],[113.9749358,22.3921383]]},"properties":{"key":"way:159846724@detail:455_89","osmType":"way","osmId":159846724,"sourceRegion":"shenzhen","featureType":"infrastructure","railClass":"light_rail","mode":"light_rail","name":"轻铁","nameEn":"Light Rail","operator":"香港鐵路有限公司 MTR Corporation Limited","network":"港鐵 MTR","usage":"main","status":"operational","color":"#52636f","sourceKey":"way:159846724"}},{"type":"Feature","geometry":{"type":"LineString","coordinates":[[113.9751971,22.388824],[113.9751947,22.3886412],[113.9751945,22.3885761],[113.9751913,22.3884407],[113.9751807,22.3883402],[113.9751372,22.388032],[113.9751269,22.3879246]]},"properties":{"key":"way:159846726@detail:455_89","osmType":"way","osmId":159846726,"sourceRegion":"shenzhen","featureType":"infrastructure","railClass":"light_rail","mode":"light_rail","name":"輕鐵","nameEn":"Light Rail","operator":"香港鐵路有限公司 MTR Corporation Limited","network":"港鐵 MTR","usage":"main","status":"operational","color":"#52636f","sourceKey":"way:159846726"}},{"type":"Feature","geometry":{"type":"LineString","coordinates":[[113.9663512,22.3818962],[113.966427,22.3818618],[113.9664358,22.3818578],[113.9664803,22.3818249],[113.9665274,22.3817725]]},"properties":{"key":"way:159846728@detail:455_89","osmType":"way","osmId":159846728,"sourceRegion":"shenzhen","featureType":"infrastructure","railClass":"light_rail","mode":"light_rail","name":"轻铁","nameEn":"Light Rail","operator":"香港鐵路有限公司 MTR Corporation Limited","network":"港鐵 MTR","service":"yard","status":"operational","color":"#52636f","sourceKey":"way:159846728"}},{"type":"Feature","geometry":{"type":"LineString","coordinates":[[113.9679194,22.378637],[113.9690627,22.379317]]},"properties":{"key":"way:159846730@detail:455_89","osmType":"way","osmId":159846730,"sourceRegion":"shenzhen","featureType":"infrastructure","railClass":"light_rail","mode":"light_rail","name":"輕鐵","nameEn":"Light Rail","operator":"香港鐵路有限公司 MTR Corporation Limited","network":"港鐵 MTR","usage":"main","bridge":"yes","status":"operational","color":"#52636f","sourceKey":"way:159846730"}},{"type":"Feature","geometry":{"type":"LineString","coordinates":[[113.9665378,22.3816188],[113.966545,22.381589],[113.9665563,22.3815361],[113.9665635,22.3814799]]},"properties":{"key":"way:159846732@detail:455_89","osmType":"way","osmId":159846732,"sourceRegion":"shenzhen","featureType":"infrastructure","railClass":"light_rail","mode":"light_rail","name":"轻铁","nameEn":"Light Rail","operator":"香港鐵路有限公司 MTR Corporation Limited","network":"港鐵 MTR","service":"yard","status":"operational","color":"#52636f","sourceKey":"way:159846732"}},{"type":"Feature","geometry":{"type":"LineString","coordinates":[[113.9750822,22.3859573],[113.9750881,22.3864821],[113.9750806,22.3866421],[113.9750698,22.3868707]]},"properties":{"key":"way:159846733@detail:455_89","osmType":"way","osmId":159846733,"sourceRegion":"shenzhen","featureType":"infrastructure","railClass":"light_rail","mode":"light_rail","name":"輕鐵","nameEn":"Light Rail","operator":"香港鐵路有限公司 MTR Corporation Limited","network":"港鐵 MTR","usage":"main","status":"operational","color":"#52636f","sourceKey":"way:159846733"}},{"type":"Feature","geometry":{"type":"LineString","coordinates":[[113.9663709,22.381937],[113.9664069,22.3819217],[113.9664423,22.3818943],[113.9664729,22.3818706],[113.9664976,22.3818413],[113.966516,22.3818082],[113.9665274,22.3817725]]},"properties":{"key":"way:159846742@detail:455_89","osmType":"way","osmId":159846742,"sourceRegion":"shenzhen","featureType":"infrastructure","railClass":"light_rail","mode":"light_rail","name":"轻铁","nameEn":"Light Rail","operator":"香港鐵路有限公司 MTR Corporation Limited","network":"港鐵 MTR","service":"yard","status":"operational","color":"#52636f","sourceKey":"way:159846742"}},{"type":"Feature","geometry":{"type":"LineString","coordinates":[[113.964207,22.3816432],[113.9642188,22.3816179],[113.9642467,22.3815763],[113.9642809,22.381539],[113.9643206,22.3815066],[113.964365,22.3814799],[113.9660097,22.3807989],[113.9660559,22.38078],[113.966105,22.3807693],[113.9661554,22.3807671],[113.9662053,22.3807736],[113.9662532,22.3807884],[113.9662944,22.3808097]]},"properties":{"key":"way:159846743@detail:455_89","osmType":"way","osmId":159846743,"sourceRegion":"shenzhen","featureType":"infrastructure","railClass":"light_rail","mode":"light_rail","name":"轻铁","nameEn":"Light Rail","operator":"香港鐵路有限公司 MTR Corporation Limited","network":"港鐵 MTR","service":"yard","status":"operational","color":"#52636f","sourceKey":"way:159846743"}},{"type":"Feature","geometry":{"type":"LineString","coordinates":[[113.9642976,22.3819141],[113.9643157,22.3818744],[113.9643481,22.3818269],[113.9643869,22.3817859],[113.964432,22.3817508],[113.9644824,22.3817225],[113.9661272,22.3810415],[113.9661663,22.3810319],[113.9662065,22.3810284],[113.9662468,22.3810312],[113.9662861,22.3810401],[113.9663232,22.3810548],[113.9663545,22.3810735]]},"properties":{"key":"way:159846744@detail:455_89","osmType":"way","osmId":159846744,"sourceRegion":"shenzhen","featureType":"infrastructure","railClass":"light_rail","mode":"light_rail","name":"轻铁","nameEn":"Light Rail","operator":"香港鐵路有限公司 MTR Corporation Limited","network":"港鐵 MTR","service":"yard","status":"operational","color":"#52636f","sourceKey":"way:159846744"}},{"type":"Feature","geometry":{"type":"LineString","coordinates":[[113.9663643,22.3811589],[113.9663282,22.3811401],[113.9662894,22.3811268],[113.9662488,22.3811192],[113.9662075,22.3811178],[113.9661663,22.3811223],[113.9645216,22.3818033],[113.9644761,22.381826],[113.9644349,22.381855],[113.9643992,22.3818896],[113.9643696,22.3819288],[113.964347,22.3819718],[113.9643319,22.3820176]]},"properties":{"key":"way:159846746@detail:455_89","osmType":"way","osmId":159846746,"sourceRegion":"shenzhen","featureType":"infrastructure","railClass":"light_rail","mode":"light_rail","name":"轻铁","nameEn":"Light Rail","operator":"香港鐵路有限公司 MTR Corporation Limited","network":"港鐵 MTR","service":"yard","status":"operational","color":"#52636f","sourceKey":"way:159846746"}},{"type":"Feature","geometry":{"type":"LineString","coordinates":[[113.9642393,22.3817399],[113.9642525,22.3817118],[113.9642817,22.3816673],[113.9643172,22.3816268],[113.9643583,22.3815911],[113.9644041,22.3815608],[113.9660489,22.3808798],[113.9660928,22.380865],[113.9661389,22.3808575],[113.9661856,22.3808576],[113.9662317,22.3808653],[113.9662755,22.3808802],[113.9663159,22.380902]]},"properties":{"key":"way:159846750@detail:455_89","osmType":"way","osmId":159846750,"sourceRegion":"shenzhen","featureType":"infrastructure","railClass":"light_rail","mode":"light_rail","name":"轻铁","nameEn":"Light Rail","operator":"香港鐵路有限公司 MTR Corporation Limited","network":"港鐵 MTR","service":"yard","status":"operational","color":"#52636f","sourceKey":"way:159846750"}},{"type":"Feature","geometry":{"type":"LineString","coordinates":[[113.9642676,22.3818251],[113.9642887,22.3817787],[113.9643176,22.3817361],[113.9643537,22.3816984],[113.964396,22.3816666],[113.9644433,22.3816417],[113.966088,22.3809606],[113.9661387,22.3809481],[113.9661911,22.3809449],[113.9662431,22.3809511],[113.9662929,22.3809667],[113.9663352,22.3809891]]},"properties":{"key":"way:159846751@detail:455_89","osmType":"way","osmId":159846751,"sourceRegion":"shenzhen","featureType":"infrastructure","railClass":"light_rail","mode":"light_rail","name":"轻铁","nameEn":"Light Rail","operator":"香港鐵路有限公司 MTR Corporation Limited","network":"港鐵 MTR","service":"yard","status":"operational","color":"#52636f","sourceKey":"way:159846751"}},{"type":"Feature","geometry":{"type":"LineString","coordinates":[[113.9641749,22.3815471],[113.9641939,22.3815154],[113.9642313,22.3814706],[113.9642756,22.3814315],[113.9643258,22.3813991],[113.9659706,22.3807181],[113.9660115,22.380699],[113.9660553,22.3806862],[113.9661006,22.38068],[113.9661465,22.3806805],[113.9661917,22.3806879],[113.966235,22.3807018],[113.9662743,22.3807213]]},"properties":{"key":"way:159846752@detail:455_89","osmType":"way","osmId":159846752,"sourceRegion":"shenzhen","featureType":"infrastructure","railClass":"light_rail","mode":"light_rail","name":"轻铁","nameEn":"Light Rail","operator":"香港鐵路有限公司 MTR Corporation Limited","network":"港鐵 MTR","service":"yard","status":"operational","color":"#52636f","sourceKey":"way:159846752"}},{"type":"Feature","geometry":{"type":"LineString","coordinates":[[113.9659314,22.3806372],[113.9659835,22.3806193],[113.9660379,22.3806088],[113.9660935,22.380606],[113.9661488,22.3806111],[113.9662026,22.3806238],[113.966257,22.3806457]]},"properties":{"key":"way:159846753@detail:455_89","osmType":"way","osmId":159846753,"sourceRegion":"shenzhen","featureType":"infrastructure","railClass":"light_rail","mode":"light_rail","name":"輕鐵","nameEn":"Light Rail","operator":"香港鐵路有限公司 MTR Corporation Limited","network":"港鐵 MTR","service":"yard","status":"operational","color":"#52636f","sourceKey":"way:159846753"}},{"type":"Feature","geometry":{"type":"LineString","coordinates":[[113.9748845,22.3833329],[113.974906,22.3833608],[113.9749225,22.3833942],[113.9749346,22.383429],[113.9749551,22.3835347],[113.9749703,22.3837838],[113.9750012,22.3842903],[113.975019,22.3845834],[113.9750324,22.3848009],[113.9750584,22.385203],[113.9750726,22.385471],[113.9750822,22.3859573]]},"properties":{"key":"way:159846758@detail:455_89","osmType":"way","osmId":159846758,"sourceRegion":"shenzhen","featureType":"infrastructure","railClass":"light_rail","mode":"light_rail","name":"輕鐵","nameEn":"Light Rail","operator":"香港鐵路有限公司 MTR Corporation Limited","network":"港鐵 MTR","usage":"main","status":"operational","color":"#52636f","sourceKey":"way:159846758"}},{"type":"Feature","geometry":{"type":"LineString","coordinates":[[113.9662598,22.3812028],[113.9663469,22.3812168],[113.9664106,22.381247],[113.966464,22.3812909],[113.966504,22.3813457],[113.9665306,22.3813919],[113.9665505,22.3814318]]},"properties":{"key":"way:159846759@detail:455_89","osmType":"way","osmId":159846759,"sourceRegion":"shenzhen","featureType":"infrastructure","railClass":"light_rail","mode":"light_rail","name":"轻铁","nameEn":"Light Rail","operator":"香港鐵路有限公司 MTR Corporation Limited","network":"港鐵 MTR","service":"yard","status":"operational","color":"#52636f","sourceKey":"way:159846759"}},{"type":"Feature","geometry":{"type":"LineString","coordinates":[[113.9644995,22.3825544],[113.9645252,22.3825923],[113.9645582,22.3826251],[113.9645972,22.3826516],[113.9646409,22.3826709],[113.9646877,22.3826822],[113.9647275,22.3826865],[113.9647674,22.3826848],[113.9648066,22.3826772],[113.9648439,22.3826638]]},"properties":{"key":"way:159846762@detail:455_89","osmType":"way","osmId":159846762,"sourceRegion":"shenzhen","featureType":"infrastructure","railClass":"light_rail","mode":"light_rail","name":"輕鐵","nameEn":"Light Rail","operator":"香港鐵路有限公司 MTR Corporation Limited","network":"港鐵 MTR","service":"yard","status":"operational","color":"#52636f","sourceKey":"way:159846762"}},{"type":"Feature","geometry":{"type":"LineString","coordinates":[[113.9639641,22.3817526],[113.964135,22.3821081],[113.9641494,22.3821319],[113.9641659,22.3821545],[113.9641916,22.382183],[113.9642208,22.3822085],[113.9643148,22.3822908],[113.964414,22.3823779]]},"properties":{"key":"way:159846764@detail:455_89","osmType":"way","osmId":159846764,"sourceRegion":"shenzhen","featureType":"infrastructure","railClass":"light_rail","mode":"light_rail","name":"轻铁","nameEn":"Light Rail","operator":"香港鐵路有限公司 MTR Corporation Limited","network":"港鐵 MTR","service":"yard","status":"operational","color":"#52636f","sourceKey":"way:159846764"}},{"type":"Feature","geometry":{"type":"LineString","coordinates":[[113.9644397,22.3819725],[113.9643974,22.3820241],[113.9643679,22.3820828],[113.9643524,22.3821459],[113.9643514,22.3822106],[113.9643705,22.3822885]]},"properties":{"key":"way:159846765@detail:455_89","osmType":"way","osmId":159846765,"sourceRegion":"shenzhen","featureType":"infrastructure","railClass":"light_rail","mode":"light_rail","name":"轻铁","nameEn":"Light Rail","operator":"香港鐵路有限公司 MTR Corporation Limited","network":"港鐵 MTR","service":"yard","status":"operational","color":"#52636f","sourceKey":"way:159846765"}},{"type":"Feature","geometry":{"type":"LineString","coordinates":[[113.9748527,22.3830147],[113.9748328,22.3830813],[113.9748243,22.383123],[113.9748219,22.3831639],[113.9748226,22.3831909],[113.974826,22.3832163],[113.9748326,22.3832398],[113.9748453,22.3832683],[113.9748603,22.3832949],[113.9748845,22.3833329]]},"properties":{"key":"way:159846768@detail:455_89","osmType":"way","osmId":159846768,"sourceRegion":"shenzhen","featureType":"infrastructure","railClass":"light_rail","mode":"light_rail","name":"輕鐵","nameEn":"Light Rail","operator":"香港鐵路有限公司 MTR Corporation Limited","network":"港鐵 MTR","usage":"branch","status":"operational","color":"#52636f","sourceKey":"way:159846768"}},{"type":"Feature","geometry":{"type":"LineString","coordinates":[[113.9745955,22.3936561],[113.9745635,22.393711],[113.974532,22.3937492],[113.9744787,22.3937986],[113.9744327,22.3938248],[113.9743697,22.3938378],[113.9743016,22.3938387]]},"properties":{"key":"way:159846771@detail:455_89","osmType":"way","osmId":159846771,"sourceRegion":"shenzhen","featureType":"infrastructure","railClass":"light_rail","mode":"light_rail","name":"輕鐵","nameEn":"Light Rail","operator":"香港鐵路有限公司 MTR Corporation Limited","network":"港鐵 MTR","bridge":"yes","status":"operational","color":"#52636f","sourceKey":"way:159846771"}},{"type":"Feature","geometry":{"type":"LineString","coordinates":[[113.9651517,22.3823618],[113.965209,22.3822953],[113.9652407,22.3822672],[113.9652791,22.3822428],[113.9663813,22.3817674],[113.9664151,22.3817529],[113.966472,22.3817188],[113.9665113,22.3816709],[113.9665378,22.3816188]]},"properties":{"key":"way:159846773@detail:455_89","osmType":"way","osmId":159846773,"sourceRegion":"shenzhen","featureType":"infrastructure","railClass":"light_rail","mode":"light_rail","name":"轻铁","nameEn":"Light Rail","operator":"香港鐵路有限公司 MTR Corporation Limited","network":"港鐵 MTR","service":"yard","status":"operational","color":"#52636f","sourceKey":"way:159846773"}},{"type":"Feature","geometry":{"type":"LineString","coordinates":[[113.9648439,22.3826638],[113.9649016,22.3826269],[113.9649542,22.3825841],[113.965001,22.3825359],[113.9650819,22.3824424],[113.9651517,22.3823618],[113.9651993,22.3823271],[113.9652489,22.3823005],[113.9653004,22.3822817]]},"properties":{"key":"way:159846774@detail:455_89","osmType":"way","osmId":159846774,"sourceRegion":"shenzhen","featureType":"infrastructure","railClass":"light_rail","mode":"light_rail","name":"輕鐵","nameEn":"Light Rail","operator":"香港鐵路有限公司 MTR Corporation Limited","network":"港鐵 MTR","service":"yard","status":"operational","color":"#52636f","sourceKey":"way:159846774"}},{"type":"Feature","geometry":{"type":"LineString","coordinates":[[113.9773593,22.382493],[113.9773202,22.3824832],[113.9772831,22.3824774],[113.9772642,22.3824785],[113.9771788,22.3824863],[113.9767297,22.382554],[113.9764989,22.3825889],[113.9764695,22.382592],[113.9764591,22.3825921],[113.9764078,22.3825915],[113.9763692,22.3825865],[113.9763305,22.3825774],[113.9761552,22.3825023]]},"properties":{"key":"way:159846778@detail:455_89","osmType":"way","osmId":159846778,"sourceRegion":"shenzhen","featureType":"infrastructure","railClass":"light_rail","mode":"light_rail","name":"輕鐵","nameEn":"Light Rail","operator":"香港鐵路有限公司 MTR Corporation Limited","network":"港鐵 MTR","service":"siding","status":"operational","color":"#52636f","sourceKey":"way:159846778"}},{"type":"Feature","geometry":{"type":"LineString","coordinates":[[113.9773593,22.382493],[113.97721,22.3824298],[113.9771773,22.3824202],[113.97714,22.3824139],[113.9771077,22.3824111],[113.9766172,22.3824804]]},"properties":{"key":"way:159846780@detail:455_89","osmType":"way","osmId":159846780,"sourceRegion":"shenzhen","featureType":"infrastructure","railClass":"light_rail","mode":"light_rail","name":"輕鐵","nameEn":"Light Rail","operator":"香港鐵路有限公司 MTR Corporation Limited","network":"港鐵 MTR","status":"operational","color":"#52636f","sourceKey":"way:159846780"}},{"type":"Feature","geometry":{"type":"LineString","coordinates":[[113.9649399,22.382624],[113.9651303,22.3825201],[113.965328,22.3824323],[113.9664238,22.3819864],[113.9664692,22.3819635],[113.9664795,22.3819545],[113.9665211,22.3819131],[113.9665506,22.3818639],[113.9665695,22.3818024]]},"properties":{"key":"way:159846781@detail:455_89","osmType":"way","osmId":159846781,"sourceRegion":"shenzhen","featureType":"infrastructure","railClass":"light_rail","mode":"light_rail","name":"轻铁","nameEn":"Light Rail","operator":"香港鐵路有限公司 MTR Corporation Limited","network":"港鐵 MTR","service":"yard","status":"operational","color":"#52636f","sourceKey":"way:159846781"}},{"type":"Feature","geometry":{"type":"LineString","coordinates":[[113.9750029,22.3921529],[113.9750029,22.3920735],[113.9750092,22.3920069],[113.9750229,22.3919379],[113.9750429,22.3918667],[113.9750596,22.3917984],[113.9750686,22.3917464],[113.9750727,22.3916893],[113.9750738,22.3916359],[113.9750666,22.3913686],[113.9750572,22.3910505],[113.9750501,22.3906037],[113.9750526,22.3904926],[113.9750592,22.3903956],[113.9750754,22.3902579]]},"properties":{"key":"way:159846784@detail:455_89","osmType":"way","osmId":159846784,"sourceRegion":"shenzhen","featureType":"infrastructure","railClass":"light_rail","mode":"light_rail","name":"轻铁","nameEn":"Light Rail","operator":"香港鐵路有限公司 MTR Corporation Limited","network":"港鐵 MTR","service":"siding","status":"operational","color":"#52636f","sourceKey":"way:159846784"}},{"type":"Feature","geometry":{"type":"LineString","coordinates":[[113.9673742,22.3963205],[113.9673955,22.3960364],[113.9673977,22.3960037],[113.9674234,22.3955459],[113.9674377,22.3954524],[113.9674591,22.3953616],[113.9674791,22.3952828],[113.9674863,22.3952462],[113.9674917,22.3952062],[113.9675028,22.3950662]]},"properties":{"key":"way:160262026@detail:455_89","osmType":"way","osmId":160262026,"sourceRegion":"shenzhen","featureType":"infrastructure","railClass":"light_rail","mode":"light_rail","name":"輕鐵","nameEn":"Light Rail","operator":"香港鐵路有限公司 MTR Corporation Limited","network":"港鐵 MTR","usage":"main","status":"operational","color":"#52636f","sourceKey":"way:160262026"}},{"type":"Feature","geometry":{"type":"LineString","coordinates":[[113.9679391,22.3786108],[113.9676711,22.3784509],[113.9675814,22.3783943],[113.9674959,22.3783365],[113.9674311,22.3782879],[113.9673721,22.3782383],[113.9673125,22.3781837],[113.9672577,22.378124],[113.9672135,22.3780689],[113.9671749,22.3780121],[113.9671439,22.3779584],[113.9671151,22.3779028],[113.9670811,22.3778278],[113.9670476,22.3777465],[113.9670066,22.3776338],[113.9669726,22.3775403],[113.9669491,22.3774756],[113.9666871,22.3767549],[113.9666588,22.3766656],[113.9665779,22.376358],[113.9665628,22.376288],[113.9665511,22.3762144],[113.9665434,22.376147],[113.9665408,22.3760793],[113.9665431,22.3760153],[113.9665497,22.3759611],[113.966561,22.3759001],[113.9665754,22.3758421],[113.9665924,22.3757896],[113.9666157,22.3757311],[113.9666447,22.3756697],[113.9667235,22.3755285],[113.9668826,22.3752432],[113.9669936,22.3750449],[113.9675104,22.3741293],[113.9675661,22.3740339],[113.9676263,22.3739367],[113.9676933,22.3738331],[113.9678154,22.3736478],[113.9678823,22.3735373],[113.9679265,22.3734587],[113.9679634,22.373386],[113.9679914,22.3733251],[113.9680189,22.3732547],[113.9680538,22.3731519],[113.9680782,22.3730706],[113.9680958,22.3729917],[113.9681097,22.3729071],[113.9681211,22.3728145],[113.9681263,22.3727695],[113.9681351,22.372699],[113.9681451,22.3726155],[113.9681551,22.3725311],[113.9681574,22.3724653],[113.9681585,22.3724414]]},"properties":{"key":"way:160262028@detail:455_89","osmType":"way","osmId":160262028,"sourceRegion":"shenzhen","featureType":"infrastructure","railClass":"light_rail","mode":"light_rail","name":"轻铁","nameEn":"Light Rail","operator":"香港鐵路有限公司 MTR Corporation Limited","network":"港鐵 MTR","usage":"main","status":"operational","color":"#52636f","sourceKey":"way:160262028"}},{"type":"Feature","geometry":{"type":"LineString","coordinates":[[113.9665352,22.3723166],[113.9664044,22.3723518],[113.9663503,22.3723737],[113.9663044,22.3724066],[113.9662843,22.3724307],[113.9661515,22.3726605],[113.9660429,22.3728455],[113.9659953,22.3729033],[113.9659614,22.3729388],[113.96592,22.3729689],[113.9658756,22.3729959]]},"properties":{"key":"way:160262030@detail:455_89","osmType":"way","osmId":160262030,"sourceRegion":"shenzhen","featureType":"infrastructure","railClass":"light_rail","mode":"light_rail","name":"轻铁","nameEn":"Light Rail","operator":"香港鐵路有限公司 MTR Corporation Limited","network":"港鐵 MTR","status":"operational","color":"#52636f","sourceKey":"way:160262030"}},{"type":"Feature","geometry":{"type":"LineString","coordinates":[[113.9669055,22.3722155],[113.9667754,22.37225]]},"properties":{"key":"way:160262031@detail:455_89","osmType":"way","osmId":160262031,"sourceRegion":"shenzhen","featureType":"infrastructure","railClass":"light_rail","mode":"light_rail","name":"轻铁","nameEn":"Light Rail","operator":"香港鐵路有限公司 MTR Corporation Limited","network":"港鐵 MTR","status":"operational","color":"#52636f","sourceKey":"way:160262031"}},{"type":"Feature","geometry":{"type":"LineString","coordinates":[[113.9666512,22.3722853],[113.9665352,22.3723166]]},"properties":{"key":"way:160262032@detail:455_89","osmType":"way","osmId":160262032,"sourceRegion":"shenzhen","featureType":"infrastructure","railClass":"light_rail","mode":"light_rail","name":"轻铁","nameEn":"Light Rail","operator":"香港鐵路有限公司 MTR Corporation Limited","network":"港鐵 MTR","status":"operational","color":"#52636f","sourceKey":"way:160262032"}},{"type":"Feature","geometry":{"type":"LineString","coordinates":[[113.9667754,22.37225],[113.9666512,22.3722853]]},"properties":{"key":"way:160262034@detail:455_89","osmType":"way","osmId":160262034,"sourceRegion":"shenzhen","featureType":"infrastructure","railClass":"light_rail","mode":"light_rail","name":"轻铁","nameEn":"Light Rail","operator":"香港鐵路有限公司 MTR Corporation Limited","network":"港鐵 MTR","status":"operational","color":"#52636f","sourceKey":"way:160262034"}},{"type":"Feature","geometry":{"type":"LineString","coordinates":[[113.9658381,22.3730067],[113.9657667,22.3730107],[113.9657026,22.373004],[113.9656472,22.3729864],[113.9656172,22.3729714]]},"properties":{"key":"way:160262036@detail:455_89","osmType":"way","osmId":160262036,"sourceRegion":"shenzhen","featureType":"infrastructure","railClass":"light_rail","mode":"light_rail","name":"轻铁","nameEn":"Light Rail","operator":"香港鐵路有限公司 MTR Corporation Limited","network":"港鐵 MTR","usage":"main","status":"operational","color":"#52636f","sourceKey":"way:160262036"}},{"type":"Feature","geometry":{"type":"LineString","coordinates":[[113.9794093,22.4143086],[113.9795228,22.414444],[113.9796423,22.4145987],[113.979709,22.4146868],[113.9797728,22.4147891],[113.9804144,22.4160169]]},"properties":{"key":"way:161557652@detail:455_89","osmType":"way","osmId":161557652,"sourceRegion":"shenzhen","featureType":"infrastructure","railClass":"light_rail","mode":"light_rail","name":"轻铁","nameEn":"Light Rail","operator":"香港鐵路有限公司 MTR Corporation Limited","network":"港鐵 MTR","usage":"main","bridge":"yes","status":"operational","color":"#52636f","sourceKey":"way:161557652"}},{"type":"Feature","geometry":{"type":"LineString","coordinates":[[113.9785863,22.4125585],[113.9786905,22.4130601],[113.9787352,22.4132491],[113.9787617,22.4133526],[113.9787992,22.4134569],[113.9788331,22.4135419],[113.9788784,22.4136296],[113.9789325,22.4137195],[113.9789892,22.4137945],[113.9790393,22.41386],[113.9791021,22.4139323],[113.979158,22.4139959],[113.9794093,22.4143086]]},"properties":{"key":"way:161557654@detail:455_89","osmType":"way","osmId":161557654,"sourceRegion":"shenzhen","featureType":"infrastructure","railClass":"light_rail","mode":"light_rail","name":"轻铁","nameEn":"Light Rail","operator":"香港鐵路有限公司 MTR Corporation Limited","network":"港鐵 MTR","usage":"main","status":"operational","color":"#52636f","sourceKey":"way:161557654"}},{"type":"Feature","geometry":{"type":"LineString","coordinates":[[113.9994446,22.4356892],[113.9994129,22.4356612],[113.9993262,22.4355698],[113.9992996,22.4355441],[113.9992706,22.4355196],[113.9990378,22.4353463]]},"properties":{"key":"way:161557657@detail:455_89","osmType":"way","osmId":161557657,"sourceRegion":"shenzhen","featureType":"infrastructure","railClass":"light_rail","mode":"light_rail","name":"輕鐵","nameEn":"Light Rail","operator":"香港鐵路有限公司 MTR Corporation Limited","network":"港鐵 MTR","service":"yard","status":"operational","color":"#52636f","sourceKey":"way:161557657"}},{"type":"Feature","geometry":{"type":"LineString","coordinates":[[113.9849373,22.4221158],[113.9849475,22.422127],[113.9849843,22.4221673],[113.9850175,22.4222014],[113.985042,22.4222273],[113.9863554,22.4236166],[113.9865729,22.4238468],[113.9867828,22.4240675],[113.9871897,22.4244956],[113.9872171,22.4245244],[113.9872667,22.4245786],[113.9881352,22.4255277],[113.9890071,22.4264542],[113.9890498,22.4264995],[113.9891023,22.4265545],[113.9900727,22.4275894],[113.9901199,22.4276397],[113.9902553,22.4277835],[113.9903292,22.4278604],[113.991343,22.4289159],[113.9913938,22.4289688],[113.9914544,22.4290276],[113.9917282,22.4292932],[113.9922035,22.4296983],[113.9924352,22.4298877],[113.9930255,22.4303941],[113.9931347,22.4304827],[113.9932168,22.430552],[113.9939613,22.4311541],[113.9942795,22.4314091],[113.9944142,22.4315154],[113.9945535,22.4316217],[113.9946958,22.4317257],[113.9948214,22.431817],[113.9949498,22.4319031],[113.9951308,22.4320265],[113.995438,22.4322448],[113.9961724,22.4327613],[113.9962113,22.4327884],[113.9974391,22.4336572],[113.9976374,22.4337979],[113.9983669,22.4343098],[113.9984436,22.4343631],[113.9988653,22.434662],[113.9989107,22.4346946],[113.9992029,22.4349088],[113.9996437,22.4352325],[113.99985,22.4353863],[113.9999974,22.4354858],[114.0,22.43548758891032]]},"properties":{"key":"way:161557659@detail:455_89","osmType":"way","osmId":161557659,"sourceRegion":"shenzhen","featureType":"infrastructure","railClass":"light_rail","mode":"light_rail","name":"轻铁","nameEn":"Light Rail","operator":"香港鐵路有限公司 MTR Corporation Limited","network":"港鐵 MTR","usage":"main","status":"operational","color":"#52636f","sourceKey":"way:161557659"}},{"type":"Feature","geometry":{"type":"LineString","coordinates":[[113.9993193,22.4349458],[113.999286,22.4349291],[113.9992678,22.4349218],[113.9992475,22.4349161],[113.9992252,22.4349117],[113.9992029,22.4349088],[113.9991737,22.4349093],[113.9991402,22.4349135],[113.999124,22.4349175],[113.9991052,22.434923],[113.9990859,22.4349303],[113.9990623,22.4349418],[113.9990412,22.4349552],[113.9990211,22.4349719],[113.9990078,22.434985],[113.9989942,22.4350001],[113.9989803,22.435019],[113.9989679,22.4350394]]},"properties":{"key":"way:161557667@detail:455_89","osmType":"way","osmId":161557667,"sourceRegion":"shenzhen","featureType":"infrastructure","railClass":"light_rail","mode":"light_rail","name":"輕鐵","nameEn":"Light Rail","operator":"香港鐵路有限公司 MTR Corporation Limited","network":"港鐵 MTR","service":"siding","status":"operational","color":"#52636f","sourceKey":"way:161557667"}},{"type":"Feature","geometry":{"type":"LineString","coordinates":[[113.9998109,22.4356828],[113.9998396,22.4356613],[113.999865,22.435644],[113.9998887,22.4356293],[113.9999139,22.4356158],[113.9999378,22.4356048],[113.999962,22.4355952],[113.9999818,22.4355897],[114.0,22.435586559292034]]},"properties":{"key":"way:161557672@detail:455_89","osmType":"way","osmId":161557672,"sourceRegion":"shenzhen","featureType":"infrastructure","railClass":"light_rail","mode":"light_rail","name":"輕鐵","nameEn":"Light Rail","operator":"香港鐵路有限公司 MTR Corporation Limited","network":"港鐵 MTR","service":"siding","status":"operational","color":"#52636f","sourceKey":"way:161557672"}},{"type":"Feature","geometry":{"type":"LineString","coordinates":[[113.9804534,22.4159974],[113.980311,22.4157199],[113.979814,22.4147732],[113.9797492,22.4146634],[113.9796838,22.4145701],[113.9795583,22.4144178],[113.9794518,22.4142879]]},"properties":{"key":"way:161558745@detail:455_89","osmType":"way","osmId":161558745,"sourceRegion":"shenzhen","featureType":"infrastructure","railClass":"light_rail","mode":"light_rail","name":"轻铁","nameEn":"Light Rail","operator":"香港鐵路有限公司 MTR Corporation Limited","network":"港鐵 MTR","usage":"main","bridge":"yes","status":"operational","color":"#52636f","sourceKey":"way:161558745"}},{"type":"Feature","geometry":{"type":"LineString","coordinates":[[114.0,22.435444953178653],[113.9998084,22.4353115],[113.9995586,22.4351176],[113.9994053,22.4350076],[113.9993193,22.4349458],[113.9990608,22.4347549],[113.9985812,22.4344188],[113.9984659,22.4343376],[113.9976598,22.4337709],[113.9974676,22.4336358],[113.9963135,22.432809],[113.9962358,22.4327574],[113.9954643,22.4322122],[113.9951562,22.431997],[113.9949768,22.4318728],[113.9948469,22.4317846],[113.9947232,22.4316963],[113.9945822,22.4315893],[113.9944456,22.431484],[113.9943112,22.4313766],[113.9939943,22.4311222],[113.9932437,22.4305219],[113.9931585,22.4304499],[113.9930519,22.4303625],[113.9924606,22.4298594],[113.9922253,22.4296735],[113.9917474,22.4292722],[113.9914853,22.4290072],[113.991422,22.4289431],[113.9913731,22.4288921],[113.9903639,22.4278392],[113.9902901,22.4277596],[113.9901476,22.4276166],[113.990099,22.4275647],[113.9891302,22.4265287],[113.9890798,22.4264768],[113.9890353,22.4264284],[113.9873102,22.4245539],[113.9872564,22.4244954],[113.9872292,22.4244676],[113.986814,22.424044],[113.9866045,22.4238234],[113.9863809,22.4235915],[113.9850826,22.4222074],[113.9850621,22.4221855],[113.9850331,22.4221565],[113.9849862,22.4221099],[113.9849704,22.4220943]]},"properties":{"key":"way:161558747@detail:455_89","osmType":"way","osmId":161558747,"sourceRegion":"shenzhen","featureType":"infrastructure","railClass":"light_rail","mode":"light_rail","name":"轻铁","nameEn":"Light Rail","operator":"香港鐵路有限公司 MTR Corporation Limited","network":"港鐵 MTR","usage":"main","status":"operational","color":"#52636f","sourceKey":"way:161558747"}},{"type":"Feature","geometry":{"type":"LineString","coordinates":[[113.9993595,22.4678434],[113.9993491,22.4678029],[113.9993459,22.4677614],[113.9993499,22.46772],[113.999361,22.4676797],[113.999379,22.4676415],[113.9994033,22.4676065],[113.9994334,22.4675755],[113.9994684,22.4675494]]},"properties":{"key":"way:166251847@detail:455_89","osmType":"way","osmId":166251847,"sourceRegion":"shenzhen","featureType":"infrastructure","railClass":"light_rail","mode":"light_rail","name":"輕鐵","nameEn":"Light Rail","operator":"香港鐵路有限公司 MTR Corporation Limited","network":"港鐵 MTR","service":"siding","status":"operational","color":"#52636f","sourceKey":"way:166251847"}},{"type":"Feature","geometry":{"type":"LineString","coordinates":[[113.9995633,22.467296],[113.9995459,22.4672532],[113.9995252,22.4672117],[113.9995013,22.4671717]]},"properties":{"key":"way:166251848@detail:455_89","osmType":"way","osmId":166251848,"sourceRegion":"shenzhen","featureType":"infrastructure","railClass":"light_rail","mode":"light_rail","name":"輕鐵","nameEn":"Light Rail","operator":"香港鐵路有限公司 MTR Corporation Limited","network":"港鐵 MTR","status":"operational","color":"#52636f","sourceKey":"way:166251848"}},{"type":"Feature","geometry":{"type":"LineString","coordinates":[[113.9973612,22.4634669],[113.9974706,22.4639688],[113.9975475,22.4642524],[113.9975869,22.4643799],[113.9976446,22.4645667],[113.9977022,22.4647534],[113.9977105,22.4647803],[113.9978143,22.4650822],[113.9979072,22.465323],[113.9980066,22.4655616],[113.9981126,22.4657978],[113.998169,22.4659163],[113.9982188,22.4660176],[113.9982671,22.4661132],[113.9983438,22.4662624],[113.9984535,22.4664694],[113.9984848,22.4665238]]},"properties":{"key":"way:166251849@detail:455_89","osmType":"way","osmId":166251849,"sourceRegion":"shenzhen","featureType":"infrastructure","railClass":"light_rail","mode":"light_rail","name":"輕鐵","nameEn":"Light Rail","operator":"香港鐵路有限公司 MTR Corporation Limited","network":"港鐵 MTR","usage":"main","status":"operational","color":"#52636f","sourceKey":"way:166251849"}},{"type":"Feature","geometry":{"type":"LineString","coordinates":[[113.9990967,22.4675087],[113.9991676,22.4675479],[113.9992068,22.46757],[113.9992496,22.4675853],[113.9992948,22.4675931],[113.9993407,22.4675933],[113.9993859,22.4675859],[113.9994289,22.4675711],[113.9994684,22.4675494]]},"properties":{"key":"way:166251850@detail:455_89","osmType":"way","osmId":166251850,"sourceRegion":"shenzhen","featureType":"infrastructure","railClass":"light_rail","mode":"light_rail","name":"輕鐵","nameEn":"Light Rail","operator":"香港鐵路有限公司 MTR Corporation Limited","network":"港鐵 MTR","service":"siding","status":"operational","color":"#52636f","sourceKey":"way:166251850"}},{"type":"Feature","geometry":{"type":"LineString","coordinates":[[113.9986496,22.4662095],[113.9986072,22.4662272],[113.9985687,22.4662515],[113.9985353,22.4662814],[113.9985081,22.4663163],[113.9984878,22.466355],[113.9984751,22.4663964],[113.9984721,22.4664228],[113.9984703,22.4664392],[113.9984736,22.4664821],[113.9984848,22.4665238]]},"properties":{"key":"way:166251851@detail:455_89","osmType":"way","osmId":166251851,"sourceRegion":"shenzhen","featureType":"infrastructure","railClass":"light_rail","mode":"light_rail","name":"輕鐵","nameEn":"Light Rail","operator":"香港鐵路有限公司 MTR Corporation Limited","network":"港鐵 MTR","service":"siding","status":"operational","color":"#52636f","sourceKey":"way:166251851"}},{"type":"Feature","geometry":{"type":"LineString","coordinates":[[113.9995013,22.4671717],[113.9994765,22.4671447],[113.9994486,22.4671205],[113.9994178,22.4670994],[113.9993886,22.467084],[113.9993658,22.4670728],[113.9993439,22.4670602],[113.999323,22.4670463],[113.9993031,22.4670311],[113.9992844,22.4670147],[113.999268,22.4669984],[113.9991569,22.4668216],[113.9990457,22.4666448],[113.9990228,22.4666024],[113.999011,22.4665745],[113.9990036,22.4665454],[113.9990009,22.4665188],[113.9990007,22.4664931],[113.9990004,22.4664567],[113.9989947,22.4664217],[113.9989847,22.4663875],[113.9989704,22.4663546]]},"properties":{"key":"way:166251852@detail:455_89","osmType":"way","osmId":166251852,"sourceRegion":"shenzhen","featureType":"infrastructure","railClass":"light_rail","mode":"light_rail","name":"輕鐵","nameEn":"Light Rail","operator":"香港鐵路有限公司 MTR Corporation Limited","network":"港鐵 MTR","service":"siding","status":"operational","color":"#52636f","sourceKey":"way:166251852"}},{"type":"Feature","geometry":{"type":"LineString","coordinates":[[114.0,22.46879834231177],[113.9999282,22.468697],[113.9993595,22.4678434]]},"properties":{"key":"way:166251853@detail:455_89","osmType":"way","osmId":166251853,"sourceRegion":"shenzhen","featureType":"infrastructure","railClass":"light_rail","mode":"light_rail","name":"輕鐵","nameEn":"Light Rail","operator":"香港鐵路有限公司 MTR Corporation Limited","network":"港鐵 MTR","usage":"main","status":"operational","color":"#52636f","sourceKey":"way:166251853"}},{"type":"Feature","geometry":{"type":"LineString","coordinates":[[113.9981199,22.4589947],[113.9982868,22.4590759],[113.9993177,22.4595777],[113.9995715,22.4597012],[113.9998225,22.4598228],[114.0,22.45990880749925]]},"properties":{"key":"way:166899418@detail:455_89","osmType":"way","osmId":166899418,"sourceRegion":"shenzhen","featureType":"infrastructure","railClass":"light_rail","mode":"light_rail","name":"輕鐵","nameEn":"Light Rail","operator":"香港鐵路有限公司 MTR Corporation Limited","network":"港鐵 MTR","usage":"branch","status":"operational","color":"#52636f","sourceKey":"way:166899418"}},{"type":"Feature","geometry":{"type":"LineString","coordinates":[[113.9981802,22.4589823],[113.9981307,22.4589504],[113.9981042,22.4589305],[113.998074,22.4589039],[113.9980513,22.4588826],[113.9980333,22.4588626],[113.9980284,22.4588546],[113.9980104,22.4588299],[113.9979958,22.4588056],[113.9979843,22.4587845],[113.9979715,22.458754],[113.9979604,22.4587239],[113.9979553,22.4586981],[113.9979505,22.4586724],[113.9979471,22.4586276],[113.9979483,22.4585867],[113.9979538,22.4585481],[113.9979619,22.4585131],[113.9979722,22.4584817],[113.9979839,22.4584538]]},"properties":{"key":"way:166899715@detail:455_89","osmType":"way","osmId":166899715,"sourceRegion":"shenzhen","featureType":"infrastructure","railClass":"light_rail","mode":"light_rail","name":"輕鐵","nameEn":"Light Rail","operator":"香港鐵路有限公司 MTR Corporation Limited","network":"港鐵 MTR","usage":"branch","status":"operational","color":"#52636f","sourceKey":"way:166899715"}},{"type":"Feature","geometry":{"type":"LineString","coordinates":[[113.9976238,22.4590936],[113.9976392,22.4590722],[113.997658,22.4590498],[113.9976761,22.4590318],[113.9976999,22.4590109],[113.9977228,22.4589942],[113.9977485,22.4589791],[113.9977759,22.4589663],[113.9978064,22.4589554],[113.9978378,22.4589474],[113.9978641,22.4589435],[113.9978897,22.4589412],[113.9979121,22.4589412],[113.9979454,22.4589435],[113.9979742,22.4589472],[113.9979859,22.4589473],[113.9980161,22.4589545],[113.99804,22.4589626],[113.9980677,22.4589719],[113.998092,22.4589818],[113.9981199,22.4589947]]},"properties":{"key":"way:166899717@detail:455_89","osmType":"way","osmId":166899717,"sourceRegion":"shenzhen","featureType":"infrastructure","railClass":"light_rail","mode":"light_rail","name":"輕鐵","nameEn":"Light Rail","operator":"香港鐵路有限公司 MTR Corporation Limited","network":"港鐵 MTR","usage":"branch","status":"operational","color":"#52636f","sourceKey":"way:166899717"}},{"type":"Feature","geometry":{"type":"LineString","coordinates":[[113.9979259,22.458481],[113.9979146,22.4585087],[113.9979029,22.458541],[113.9978944,22.4585712],[113.9978877,22.4586034],[113.9978845,22.4586308],[113.9978845,22.4586635],[113.9978876,22.4586992],[113.9978943,22.4587324],[113.9979045,22.4587689],[113.9979179,22.4588032],[113.9979355,22.4588356],[113.9979524,22.4588602],[113.997972,22.4588837],[113.9979962,22.4589072],[113.9980044,22.4589142],[113.9980307,22.4589369],[113.9980609,22.4589589],[113.9980909,22.4589784],[113.9981199,22.4589947]]},"properties":{"key":"way:166899718@detail:455_89","osmType":"way","osmId":166899718,"sourceRegion":"shenzhen","featureType":"infrastructure","railClass":"light_rail","mode":"light_rail","name":"輕鐵","nameEn":"Light Rail","operator":"香港鐵路有限公司 MTR Corporation Limited","network":"港鐵 MTR","usage":"branch","status":"operational","color":"#52636f","sourceKey":"way:166899718"}},{"type":"Feature","geometry":{"type":"LineString","coordinates":[[113.9981802,22.4589823],[113.9980124,22.4588995],[113.997972,22.4588837],[113.9979526,22.4588745],[113.9979303,22.4588669],[113.9979099,22.4588618],[113.9978873,22.4588579],[113.9978561,22.4588564],[113.9978208,22.4588589],[113.9977917,22.4588645],[113.997765,22.4588731],[113.9977422,22.4588831],[113.9977221,22.4588942],[113.9977041,22.4589063],[113.9976881,22.4589197],[113.9976719,22.4589355],[113.9976611,22.4589478],[113.9976516,22.4589608],[113.9976403,22.4589787]]},"properties":{"key":"way:166899720@detail:455_89","osmType":"way","osmId":166899720,"sourceRegion":"shenzhen","featureType":"infrastructure","railClass":"light_rail","mode":"light_rail","name":"輕鐵","nameEn":"Light Rail","operator":"香港鐵路有限公司 MTR Corporation Limited","network":"港鐵 MTR","usage":"branch","status":"operational","color":"#52636f","sourceKey":"way:166899720"}},{"type":"Feature","geometry":{"type":"LineString","coordinates":[[113.9967997,22.4608937],[113.9967963,22.4610073],[113.9967906,22.4613643],[113.9967902,22.4613822],[113.9967874,22.4615293],[113.9967902,22.461586],[113.9967972,22.4616375],[113.9968118,22.4616961],[113.99683,22.4617483],[113.9968844,22.4618533],[113.9969703,22.4620153],[113.9970562,22.4621773],[113.997145,22.4623449],[113.9971679,22.4623936],[113.9971875,22.4624441],[113.9972034,22.4624957],[113.9972112,22.4625289],[113.9972153,22.4625464],[113.9973612,22.4634669]]},"properties":{"key":"way:166899721@detail:455_89","osmType":"way","osmId":166899721,"sourceRegion":"shenzhen","featureType":"infrastructure","railClass":"light_rail","mode":"light_rail","name":"輕鐵","nameEn":"Light Rail","operator":"香港鐵路有限公司 MTR Corporation Limited","network":"港鐵 MTR","usage":"main","bridge":"yes","status":"operational","color":"#52636f","sourceKey":"way:166899721"}},{"type":"Feature","geometry":{"type":"LineString","coordinates":[[113.9974015,22.4634612],[113.9972533,22.4625389],[113.9972492,22.4625213],[113.9972412,22.462487],[113.9972245,22.4624331],[113.997204,22.4623804],[113.9971803,22.4623299],[113.9970911,22.4621615],[113.9970051,22.4619992],[113.996919,22.4618369],[113.9968673,22.4617381],[113.9968493,22.4616866],[113.9968366,22.4616351],[113.996829,22.4615828],[113.9968263,22.4615288],[113.9968291,22.4613828],[113.9968294,22.4613649],[113.9968348,22.4610244],[113.9968391,22.4608969]]},"properties":{"key":"way:166899722@detail:455_89","osmType":"way","osmId":166899722,"sourceRegion":"shenzhen","featureType":"infrastructure","railClass":"light_rail","mode":"light_rail","name":"輕鐵","nameEn":"Light Rail","operator":"香港鐵路有限公司 MTR Corporation Limited","network":"港鐵 MTR","usage":"main","bridge":"yes","status":"operational","color":"#52636f","sourceKey":"way:166899722"}},{"type":"Feature","geometry":{"type":"LineString","coordinates":[[113.9979259,22.458481],[113.9978301,22.4586488],[113.9978123,22.4586778]]},"properties":{"key":"way:166899724@detail:455_89","osmType":"way","osmId":166899724,"sourceRegion":"shenzhen","featureType":"infrastructure","railClass":"light_rail","mode":"light_rail","name":"輕鐵","nameEn":"Light Rail","operator":"香港鐵路有限公司 MTR Corporation Limited","network":"港鐵 MTR","usage":"main","status":"operational","color":"#52636f","sourceKey":"way:166899724"}},{"type":"Feature","geometry":{"type":"LineString","coordinates":[[113.9968391,22.4608969],[113.9968432,22.46083],[113.9968495,22.4607657],[113.9968618,22.4606744],[113.9968825,22.4605684],[113.996911,22.4604573],[113.9969406,22.460364],[113.9969716,22.4602826],[113.9970128,22.4601883],[113.9970456,22.4601226],[113.9970534,22.460107],[113.9970796,22.4600579],[113.9972018,22.4598346],[113.9973038,22.4596608],[113.9974867,22.4593314]]},"properties":{"key":"way:166899725@detail:455_89","osmType":"way","osmId":166899725,"sourceRegion":"shenzhen","featureType":"infrastructure","railClass":"light_rail","mode":"light_rail","name":"輕鐵","nameEn":"Light Rail","operator":"香港鐵路有限公司 MTR Corporation Limited","network":"港鐵 MTR","usage":"main","status":"operational","color":"#52636f","sourceKey":"way:166899725"}},{"type":"Feature","geometry":{"type":"LineString","coordinates":[[113.9978123,22.4586778],[113.9977909,22.4587071],[113.9977693,22.4587344],[113.9977443,22.4587627],[113.99771,22.458797],[113.9976741,22.4588273],[113.9976428,22.4588519],[113.9976158,22.458871],[113.9975785,22.4588942],[113.9975437,22.4589133],[113.9975155,22.4589272],[113.9974835,22.4589416],[113.997455,22.4589535],[113.9974197,22.4589671],[113.9973889,22.4589777],[113.9973546,22.4589885],[113.997193,22.4590372],[113.9971639,22.4590472],[113.9971394,22.4590576],[113.9971189,22.4590696],[113.9970968,22.4590857],[113.9970788,22.4591021],[113.9970616,22.4591223],[113.9970462,22.459145],[113.9970348,22.4591672],[113.9970258,22.4591929],[113.9970202,22.4592171],[113.9970168,22.4592413],[113.9970161,22.4592654],[113.9970182,22.4592902],[113.997023,22.4593142],[113.9970313,22.4593382],[113.997042,22.4593598],[113.997057,22.4593833],[113.9970771,22.4594061],[113.997099,22.4594255],[113.9971224,22.4594412],[113.997148,22.4594543],[113.9971712,22.4594637],[113.997196,22.4594707],[113.9972215,22.4594748],[113.9972456,22.4594772],[113.9972802,22.4594765],[113.9973188,22.4594706],[113.9973359,22.4594663],[113.9973541,22.4594599],[113.9973745,22.4594505],[113.9973907,22.4594414],[113.997409,22.459429],[113.9974248,22.4594152],[113.9974421,22.4593948],[113.9974661,22.4593622],[113.9974867,22.4593314]]},"properties":{"key":"way:166899726@detail:455_89","osmType":"way","osmId":166899726,"sourceRegion":"shenzhen","featureType":"infrastructure","railClass":"light_rail","mode":"light_rail","name":"輕鐵","nameEn":"Light Rail","operator":"香港鐵路有限公司 MTR Corporation Limited","network":"港鐵 MTR","service":"crossover","status":"operational","color":"#52636f","sourceKey":"way:166899726"}},{"type":"Feature","geometry":{"type":"LineString","coordinates":[[114.0,22.44431834780335],[113.9991882,22.4439525],[113.9968082,22.4428131],[113.9964861,22.4426531],[113.9961354,22.4424642],[113.9958485,22.4423033],[113.9955451,22.4421201],[113.9949096,22.4416936],[113.9943403,22.4412634],[113.9937693,22.4407759],[113.9934305,22.4404563],[113.9930004,22.4400119],[113.9926608,22.4396273],[113.9923537,22.4392475],[113.9920942,22.4389015],[113.991759,22.4384093],[113.9915198,22.4380215],[113.9912969,22.4376258],[113.9912136,22.4374689],[113.9911021,22.4372478],[113.9909979,22.4370323],[113.9885371,22.4318251],[113.9863106,22.4271134],[113.9846484,22.4236012],[113.9844073,22.4231046],[113.9842166,22.4227243],[113.9840327,22.4223752],[113.9836266,22.4216452],[113.9826891,22.4199851],[113.9817953,22.4184004],[113.9815345,22.4179042]]},"properties":{"key":"way:192243920@detail:455_89","osmType":"way","osmId":192243920,"sourceRegion":"shenzhen","featureType":"infrastructure","railClass":"national","mode":"rail","name":"港铁屯马线","nameEn":"MTR Tuen Ma Line","ref":"TML","operator":"香港鐵路有限公司 MTR Corporation Limited","network":"港鐵 MTR","usage":"main","bridge":"viaduct","status":"operational","color":"#E54848","sourceKey":"way:192243920"}},{"type":"Feature","geometry":{"type":"LineString","coordinates":[[113.9777941,22.408879],[113.9780039,22.4092667],[113.978132,22.4095484],[113.9782326,22.4098259],[113.9784592,22.4105517],[113.9785739,22.4109221],[113.978636,22.4111326],[113.9788437,22.4118356],[113.9791166,22.4127629],[113.9791628,22.4129196],[113.9791862,22.4129811],[113.9796554,22.4142808],[113.9797569,22.4145056]]},"properties":{"key":"way:207698335@detail:455_89","osmType":"way","osmId":207698335,"sourceRegion":"shenzhen","featureType":"infrastructure","railClass":"national","mode":"rail","name":"港铁屯马线","nameEn":"MTR Tuen Ma Line","ref":"TML","operator":"香港鐵路有限公司 MTR Corporation Limited","network":"港鐵 MTR","usage":"main","bridge":"viaduct","status":"operational","color":"#E54848","sourceKey":"way:207698335"}},{"type":"Feature","geometry":{"type":"LineString","coordinates":[[113.9731045,22.3953319],[113.9733178,22.3961528],[113.973405,22.3964915],[113.9734434,22.3966218],[113.9735131,22.3968304]]},"properties":{"key":"way:207698342@detail:455_89","osmType":"way","osmId":207698342,"sourceRegion":"shenzhen","featureType":"infrastructure","railClass":"national","mode":"rail","name":"港铁屯马线","nameEn":"MTR Tuen Ma Line","ref":"TML","operator":"香港鐵路有限公司 MTR Corporation Limited","network":"港鐵 MTR","usage":"main","bridge":"yes","status":"operational","color":"#E54848","sourceKey":"way:207698342"}},{"type":"Feature","geometry":{"type":"LineString","coordinates":[[113.9778576,22.408628],[113.9777849,22.4085079],[113.9775987,22.408165],[113.9774626,22.4078975],[113.9773521,22.407621],[113.9759775,22.4030238],[113.9758316,22.4025361],[113.9758077,22.402456]]},"properties":{"key":"way:207698345@detail:455_89","osmType":"way","osmId":207698345,"sourceRegion":"shenzhen","featureType":"infrastructure","railClass":"national","mode":"rail","name":"港铁屯马线","nameEn":"MTR Tuen Ma Line","ref":"TML","operator":"香港鐵路有限公司 MTR Corporation Limited","network":"港鐵 MTR","usage":"main","status":"operational","color":"#E54848","sourceKey":"way:207698345"}},{"type":"Feature","geometry":{"type":"LineString","coordinates":[[113.9757576,22.4024666],[113.9773635,22.4079169],[113.9774994,22.4082672],[113.9776692,22.4086374],[113.9777941,22.408879]]},"properties":{"key":"way:207698347@detail:455_89","osmType":"way","osmId":207698347,"sourceRegion":"shenzhen","featureType":"infrastructure","railClass":"national","mode":"rail","name":"港铁屯马线","nameEn":"MTR Tuen Ma Line","ref":"TML","operator":"香港鐵路有限公司 MTR Corporation Limited","network":"港鐵 MTR","usage":"main","status":"operational","color":"#E54848","sourceKey":"way:207698347"}},{"type":"Feature","geometry":{"type":"LineString","coordinates":[[113.995409,22.3143217],[113.9957261,22.3147359],[113.9964583,22.31574],[113.9967082,22.3160795],[113.9972657,22.3168302],[113.9979447,22.3177519],[113.9981647,22.3180372],[113.9984167,22.3183474],[113.9986127,22.318575],[113.9988428,22.3188152],[113.9990735,22.3190499],[113.9992854,22.3192494],[113.999622,22.3195195],[113.9998091,22.3196694],[114.0,22.319813433981285]]},"properties":{"key":"way:219993794@detail:455_89","osmType":"way","osmId":219993794,"sourceRegion":"shenzhen","featureType":"infrastructure","railClass":"metro","mode":"subway","name":"大嶼山及機場鐵路","nameEn":"Lantau and Airport Railway","ref":"LAR","operator":"香港鐵路有限公司 MTR Corporation Limited","network":"港鐵 MTR","usage":"main","status":"operational","color":"#52636f","sourceKey":"way:219993794"}},{"type":"Feature","geometry":{"type":"LineString","coordinates":[[114.0,22.319765258823526],[113.9998374,22.3196457],[113.9993417,22.319252],[113.9990934,22.3190175],[113.9988767,22.3188019],[113.9986388,22.3185475],[113.9984414,22.3183219],[113.9981887,22.3180139],[113.9979696,22.3177269],[113.997269,22.3167818],[113.9960905,22.3151484],[113.9954686,22.3143346]]},"properties":{"key":"way:219993991@detail:455_89","osmType":"way","osmId":219993991,"sourceRegion":"shenzhen","featureType":"infrastructure","railClass":"metro","mode":"subway","name":"大嶼山及機場鐵路","nameEn":"Lantau and Airport Railway","ref":"LAR","operator":"香港鐵路有限公司 MTR Corporation Limited","network":"港鐵 MTR","usage":"main","status":"operational","color":"#52636f","sourceKey":"way:219993991"}},{"type":"Feature","geometry":{"type":"LineString","coordinates":[[113.9736923,22.3967635],[113.9736558,22.3965744],[113.9736229,22.3964376],[113.9735347,22.3961047],[113.9733214,22.3952837]]},"properties":{"key":"way:220343046@detail:455_89","osmType":"way","osmId":220343046,"sourceRegion":"shenzhen","featureType":"infrastructure","railClass":"national","mode":"rail","name":"港铁屯马线","nameEn":"MTR Tuen Ma Line","ref":"TML","operator":"香港鐵路有限公司 MTR Corporation Limited","network":"港鐵 MTR","usage":"main","bridge":"yes","status":"operational","color":"#E54848","sourceKey":"way:220343046"}},{"type":"Feature","geometry":{"type":"LineString","coordinates":[[113.9736923,22.3967635],[113.9737516,22.3971764],[113.9738054,22.3974611],[113.9738684,22.3977234],[113.9740106,22.3982951]]},"properties":{"key":"way:220343049@detail:455_89","osmType":"way","osmId":220343049,"sourceRegion":"shenzhen","featureType":"infrastructure","railClass":"national","mode":"rail","name":"港铁屯马线","nameEn":"MTR Tuen Ma Line","operator":"香港鐵路有限公司 MTR Corporation","network":"MTR","bridge":"yes","status":"operational","color":"#E54848","sourceKey":"way:220343049"}},{"type":"Feature","geometry":{"type":"LineString","coordinates":[[113.9735131,22.3968304],[113.9737194,22.3975056],[113.9737881,22.397721],[113.9740106,22.3982951],[113.9741913,22.3987784],[113.9744434,22.3993297],[113.9747846,22.4000696],[113.9752584,22.4011468],[113.9754912,22.4016793],[113.9755883,22.4019388],[113.9756815,22.402221],[113.9757358,22.4023954]]},"properties":{"key":"way:220343054@detail:455_89","osmType":"way","osmId":220343054,"sourceRegion":"shenzhen","featureType":"infrastructure","railClass":"national","mode":"rail","name":"港铁屯马线","nameEn":"MTR Tuen Ma Line","ref":"TML","operator":"香港鐵路有限公司 MTR Corporation Limited","network":"港鐵 MTR","usage":"main","bridge":"yes","status":"operational","color":"#E54848","sourceKey":"way:220343054"}},{"type":"Feature","geometry":{"type":"LineString","coordinates":[[113.9740806,22.3982196],[113.9738684,22.3977234],[113.9735893,22.3970202],[113.9735131,22.3968304]]},"properties":{"key":"way:220343059@detail:455_89","osmType":"way","osmId":220343059,"sourceRegion":"shenzhen","featureType":"infrastructure","railClass":"national","mode":"rail","name":"港铁屯马线","nameEn":"MTR Tuen Ma Line","operator":"香港鐵路有限公司 MTR Corporation","network":"MTR","bridge":"yes","status":"operational","color":"#E54848","sourceKey":"way:220343059"}},{"type":"Feature","geometry":{"type":"LineString","coordinates":[[113.9723204,22.3945669],[113.9723111,22.3945461],[113.9722982,22.3945229],[113.9722839,22.3945011],[113.9722745,22.394488],[113.9722621,22.3944749],[113.9722475,22.394461],[113.9722359,22.3944516],[113.9722215,22.3944419],[113.9722026,22.3944317],[113.9721827,22.3944231],[113.9721592,22.3944164],[113.9721354,22.3944116],[113.9720948,22.3944068],[113.972058,22.3944045],[113.9719718,22.3944024],[113.9719485,22.3944037]]},"properties":{"key":"way:221325496@detail:455_89","osmType":"way","osmId":221325496,"sourceRegion":"shenzhen","featureType":"infrastructure","railClass":"light_rail","mode":"light_rail","name":"轻铁","nameEn":"Light Rail","operator":"香港鐵路有限公司 MTR Corporation Limited","network":"港鐵 MTR","usage":"branch","bridge":"yes","status":"operational","color":"#52636f","sourceKey":"way:221325496"}},{"type":"Feature","geometry":{"type":"LineString","coordinates":[[113.9704116,22.3948148],[113.9708466,22.3947074],[113.9716192,22.3945254],[113.971957,22.3944485]]},"properties":{"key":"way:221325497@detail:455_89","osmType":"way","osmId":221325497,"sourceRegion":"shenzhen","featureType":"infrastructure","railClass":"light_rail","mode":"light_rail","name":"轻铁","nameEn":"Light Rail","operator":"香港鐵路有限公司 MTR Corporation Limited","network":"港鐵 MTR","usage":"branch","bridge":"yes","status":"operational","color":"#52636f","sourceKey":"way:221325497"}},{"type":"Feature","geometry":{"type":"LineString","coordinates":[[113.9747669,22.3939748],[113.9746176,22.3939286],[113.9744485,22.3938799],[113.9743016,22.3938387]]},"properties":{"key":"way:221325498@detail:455_89","osmType":"way","osmId":221325498,"sourceRegion":"shenzhen","featureType":"infrastructure","railClass":"light_rail","mode":"light_rail","name":"輕鐵","nameEn":"Light Rail","operator":"香港鐵路有限公司 MTR Corporation Limited","network":"港鐵 MTR","usage":"branch","bridge":"yes","status":"operational","color":"#52636f","sourceKey":"way:221325498"}},{"type":"Feature","geometry":{"type":"LineString","coordinates":[[113.9750754,22.3902579],[113.9751529,22.3898256],[113.9751753,22.3896298],[113.9751877,22.3892082],[113.9751971,22.388824]]},"properties":{"key":"way:221325499@detail:455_89","osmType":"way","osmId":221325499,"sourceRegion":"shenzhen","featureType":"infrastructure","railClass":"light_rail","mode":"light_rail","name":"輕鐵","nameEn":"Light Rail","operator":"香港鐵路有限公司 MTR Corporation Limited","network":"港鐵 MTR","usage":"main","status":"operational","color":"#52636f","sourceKey":"way:221325499"}},{"type":"Feature","geometry":{"type":"LineString","coordinates":[[113.9774502,22.4089376],[113.9774531,22.4089918],[113.9774506,22.4090428],[113.9774434,22.409098],[113.9774327,22.4091323],[113.9774161,22.4091603],[113.9773891,22.4091913],[113.9773552,22.4092186],[113.9773153,22.4092406],[113.9772846,22.4092533],[113.9772561,22.4092654],[113.9772267,22.4092767],[113.9771932,22.4092874]]},"properties":{"key":"way:221325500@detail:455_89","osmType":"way","osmId":221325500,"sourceRegion":"shenzhen","featureType":"infrastructure","railClass":"light_rail","mode":"light_rail","name":"轻铁","nameEn":"Light Rail","operator":"香港鐵路有限公司 MTR Corporation Limited","network":"港鐵 MTR","service":"branch","status":"operational","color":"#52636f","sourceKey":"way:221325500"}},{"type":"Feature","geometry":{"type":"LineString","coordinates":[[113.9771932,22.4092874],[113.9764108,22.4094658]]},"properties":{"key":"way:221325501@detail:455_89","osmType":"way","osmId":221325501,"sourceRegion":"shenzhen","featureType":"infrastructure","railClass":"light_rail","mode":"light_rail","name":"轻铁","nameEn":"Light Rail","operator":"香港鐵路有限公司 MTR Corporation Limited","network":"港鐵 MTR","service":"branch","status":"operational","color":"#52636f","sourceKey":"way:221325501"}},{"type":"Feature","geometry":{"type":"LineString","coordinates":[[113.9776039,22.409476],[113.9780457,22.4109846],[113.9780622,22.4110335],[113.9780859,22.4110857],[113.9781206,22.4111488],[113.9781521,22.4112],[113.9781738,22.411241],[113.978197,22.4113008]]},"properties":{"key":"way:221325502@detail:455_89","osmType":"way","osmId":221325502,"sourceRegion":"shenzhen","featureType":"infrastructure","railClass":"light_rail","mode":"light_rail","name":"轻铁","nameEn":"Light Rail","operator":"香港鐵路有限公司 MTR Corporation Limited","network":"港鐵 MTR","usage":"main","status":"operational","color":"#52636f","sourceKey":"way:221325502"}},{"type":"Feature","geometry":{"type":"LineString","coordinates":[[113.9719485,22.3944037],[113.9703998,22.3947778]]},"properties":{"key":"way:221325503@detail:455_89","osmType":"way","osmId":221325503,"sourceRegion":"shenzhen","featureType":"infrastructure","railClass":"light_rail","mode":"light_rail","name":"轻铁","nameEn":"Light Rail","operator":"香港鐵路有限公司 MTR Corporation Limited","network":"港鐵 MTR","usage":"branch","bridge":"yes","status":"operational","color":"#52636f","sourceKey":"way:221325503"}},{"type":"Feature","geometry":{"type":"LineString","coordinates":[[113.9776397,22.4093417],[113.9776064,22.409292],[113.9775822,22.4092475],[113.9775634,22.4091994],[113.9775521,22.4091633],[113.9775036,22.4089869]]},"properties":{"key":"way:221325504@detail:455_89","osmType":"way","osmId":221325504,"sourceRegion":"shenzhen","featureType":"infrastructure","railClass":"light_rail","mode":"light_rail","name":"轻铁","nameEn":"Light Rail","operator":"香港鐵路有限公司 MTR Corporation Limited","network":"港鐵 MTR","usage":"main","status":"operational","color":"#52636f","sourceKey":"way:221325504"}},{"type":"Feature","geometry":{"type":"LineString","coordinates":[[113.9764498,22.4094968],[113.9772001,22.4093254]]},"properties":{"key":"way:221325505@detail:455_89","osmType":"way","osmId":221325505,"sourceRegion":"shenzhen","featureType":"infrastructure","railClass":"light_rail","mode":"light_rail","name":"轻铁","nameEn":"Light Rail","operator":"香港鐵路有限公司 MTR Corporation Limited","network":"港鐵 MTR","service":"branch","status":"operational","color":"#52636f","sourceKey":"way:221325505"}},{"type":"Feature","geometry":{"type":"LineString","coordinates":[[113.9750698,22.3868707],[113.9750802,22.3873256],[113.9750793,22.3873366]]},"properties":{"key":"way:221325506@detail:455_89","osmType":"way","osmId":221325506,"sourceRegion":"shenzhen","featureType":"infrastructure","railClass":"light_rail","mode":"light_rail","name":"輕鐵","nameEn":"Light Rail","operator":"香港鐵路有限公司 MTR Corporation Limited","network":"港鐵 MTR","usage":"main","status":"operational","color":"#52636f","sourceKey":"way:221325506"}},{"type":"Feature","geometry":{"type":"LineString","coordinates":[[113.972318,22.3941639],[113.9723501,22.3941233],[113.9723861,22.3940854],[113.9724252,22.3940491],[113.9724666,22.394017],[113.9725163,22.3939883],[113.9725721,22.3939677],[113.9730817,22.3938547],[113.9736365,22.393737],[113.973704,22.3937297],[113.9737767,22.3937308],[113.9738467,22.3937434],[113.9739054,22.3937591],[113.9743188,22.393893]]},"properties":{"key":"way:221325508@detail:455_89","osmType":"way","osmId":221325508,"sourceRegion":"shenzhen","featureType":"infrastructure","railClass":"light_rail","mode":"light_rail","name":"轻铁","nameEn":"Light Rail","operator":"香港鐵路有限公司 MTR Corporation Limited","network":"港鐵 MTR","usage":"main","bridge":"yes","status":"operational","color":"#52636f","sourceKey":"way:221325508"}},{"type":"Feature","geometry":{"type":"LineString","coordinates":[[113.9754772,22.4020347],[113.9753935,22.4017],[113.9753604,22.4015949],[113.9753107,22.4014646],[113.9752755,22.401387],[113.9752404,22.4013164],[113.9751165,22.4010973],[113.9749941,22.4008915],[113.9749278,22.4007886],[113.9748546,22.4006854],[113.9747885,22.4005995],[113.9745756,22.4003342],[113.9743725,22.4000788],[113.974313,22.4000059],[113.9738108,22.3993771],[113.9737208,22.3992546],[113.9736501,22.3991505],[113.9735993,22.3990666],[113.9735517,22.3989828],[113.9735131,22.3989053],[113.9734847,22.3988433],[113.9734521,22.3987645],[113.973423,22.3986869],[113.973395,22.3985956],[113.973374,22.3985155],[113.9733451,22.3983878],[113.9733188,22.3982609],[113.9732756,22.3980406],[113.9732576,22.3979602],[113.9732246,22.3978334],[113.9731181,22.397448],[113.9730141,22.3970809],[113.9729073,22.3966925],[113.9725476,22.3953955]]},"properties":{"key":"way:221325509@detail:455_89","osmType":"way","osmId":221325509,"sourceRegion":"shenzhen","featureType":"infrastructure","railClass":"light_rail","mode":"light_rail","name":"轻铁","nameEn":"Light Rail","operator":"香港鐵路有限公司 MTR Corporation Limited","network":"港鐵 MTR","usage":"main","status":"operational","color":"#52636f","sourceKey":"way:221325509"}},{"type":"Feature","geometry":{"type":"LineString","coordinates":[[113.9746462,22.3936682],[113.9746934,22.3935253],[113.9747184,22.3934673],[113.9747622,22.3933911],[113.9748281,22.3932963],[113.9748853,22.3931997],[113.9749346,22.3930902]]},"properties":{"key":"way:221325512@detail:455_89","osmType":"way","osmId":221325512,"sourceRegion":"shenzhen","featureType":"infrastructure","railClass":"light_rail","mode":"light_rail","name":"輕鐵","nameEn":"Light Rail","operator":"香港鐵路有限公司 MTR Corporation Limited","network":"港鐵 MTR","usage":"main","bridge":"yes","status":"operational","color":"#52636f","sourceKey":"way:221325512"}},{"type":"Feature","geometry":{"type":"LineString","coordinates":[[113.971957,22.3944485],[113.972058,22.3944211],[113.9720948,22.3944068],[113.9721214,22.3943954],[113.9721454,22.3943816],[113.9721635,22.3943684],[113.9721845,22.3943494],[113.9722241,22.3943025],[113.972318,22.3941639]]},"properties":{"key":"way:221325513@detail:455_89","osmType":"way","osmId":221325513,"sourceRegion":"shenzhen","featureType":"infrastructure","railClass":"light_rail","mode":"light_rail","name":"轻铁","nameEn":"Light Rail","operator":"香港鐵路有限公司 MTR Corporation Limited","network":"港鐵 MTR","usage":"branch","bridge":"yes","status":"operational","color":"#52636f","sourceKey":"way:221325513"}},{"type":"Feature","geometry":{"type":"LineString","coordinates":[[113.9751857,22.4023562],[113.9752189,22.4023496],[113.9752544,22.4023452],[113.975293,22.4023435],[113.9753303,22.4023465],[113.9753682,22.4023535],[113.9754039,22.4023649],[113.9754276,22.4023762],[113.9754538,22.4023923],[113.975481,22.4024161],[113.9755084,22.4024487],[113.9755308,22.4024803],[113.9755465,22.4025101],[113.9755627,22.4025488]]},"properties":{"key":"way:221325514@detail:455_89","osmType":"way","osmId":221325514,"sourceRegion":"shenzhen","featureType":"infrastructure","railClass":"light_rail","mode":"light_rail","name":"轻铁","nameEn":"Light Rail","operator":"香港鐵路有限公司 MTR Corporation Limited","network":"港鐵 MTR","usage":"main","status":"operational","color":"#52636f","sourceKey":"way:221325514"}},{"type":"Feature","geometry":{"type":"LineString","coordinates":[[113.9750029,22.3921529],[113.9749937,22.392032],[113.9749908,22.3919448],[113.974987,22.3918167],[113.9749848,22.3916259],[113.9749779,22.3913397],[113.9749696,22.3910306],[113.9749663,22.390937],[113.9749663,22.3908657],[113.9749706,22.3907926],[113.9749809,22.3907171],[113.9750014,22.390595],[113.9750754,22.3902579]]},"properties":{"key":"way:221325516@detail:455_89","osmType":"way","osmId":221325516,"sourceRegion":"shenzhen","featureType":"infrastructure","railClass":"light_rail","mode":"light_rail","name":"轻铁","nameEn":"Light Rail","operator":"香港鐵路有限公司 MTR Corporation Limited","network":"港鐵 MTR","usage":"main","status":"operational","color":"#52636f","sourceKey":"way:221325516"}},{"type":"Feature","geometry":{"type":"LineString","coordinates":[[113.9749358,22.3921383],[113.9749599,22.3922312],[113.9749743,22.3923491],[113.9749815,22.3924639],[113.9749867,22.3925987],[113.9749827,22.3927049],[113.9749679,22.3928247],[113.9749339,22.3929633],[113.9748949,22.3930745]]},"properties":{"key":"way:221325517@detail:455_89","osmType":"way","osmId":221325517,"sourceRegion":"shenzhen","featureType":"infrastructure","railClass":"light_rail","mode":"light_rail","name":"轻铁","nameEn":"Light Rail","operator":"香港鐵路有限公司 MTR Corporation Limited","network":"港鐵 MTR","usage":"main","status":"operational","color":"#52636f","sourceKey":"way:221325517"}},{"type":"Feature","geometry":{"type":"LineString","coordinates":[[113.9743016,22.3938387],[113.9738945,22.3937104],[113.973819,22.3936896],[113.9737499,22.3936812],[113.9736821,22.393683],[113.9736248,22.3936903],[113.9730692,22.3938077],[113.9725656,22.3939213],[113.9725118,22.3939404],[113.9724521,22.393974],[113.9723993,22.3940149],[113.9723543,22.3940588],[113.9723169,22.3941017],[113.9722718,22.3941555]]},"properties":{"key":"way:221325518@detail:455_89","osmType":"way","osmId":221325518,"sourceRegion":"shenzhen","featureType":"infrastructure","railClass":"light_rail","mode":"light_rail","name":"轻铁","nameEn":"Light Rail","operator":"香港鐵路有限公司 MTR Corporation Limited","network":"港鐵 MTR","usage":"main","bridge":"yes","status":"operational","color":"#52636f","sourceKey":"way:221325518"}},{"type":"Feature","geometry":{"type":"LineString","coordinates":[[113.9748949,22.3930745],[113.9748471,22.3931833],[113.9747873,22.3932799],[113.9747236,22.3933693],[113.974673,22.3934527],[113.974649,22.3935098],[113.9745955,22.3936561]]},"properties":{"key":"way:221325519@detail:455_89","osmType":"way","osmId":221325519,"sourceRegion":"shenzhen","featureType":"infrastructure","railClass":"light_rail","mode":"light_rail","name":"輕鐵","nameEn":"Light Rail","operator":"香港鐵路有限公司 MTR Corporation Limited","network":"港鐵 MTR","usage":"main","bridge":"yes","status":"operational","color":"#52636f","sourceKey":"way:221325519"}},{"type":"Feature","geometry":{"type":"LineString","coordinates":[[113.9772001,22.4093254],[113.9772812,22.4093092],[113.9773302,22.4093051],[113.97738,22.4093064],[113.9774321,22.4093172],[113.9774801,22.4093365],[113.9775235,22.4093679],[113.9775616,22.4094092],[113.9775842,22.4094401],[113.9776039,22.409476]]},"properties":{"key":"way:221325520@detail:455_89","osmType":"way","osmId":221325520,"sourceRegion":"shenzhen","featureType":"infrastructure","railClass":"light_rail","mode":"light_rail","name":"轻铁","nameEn":"Light Rail","operator":"香港鐵路有限公司 MTR Corporation Limited","network":"港鐵 MTR","service":"branch","status":"operational","color":"#52636f","sourceKey":"way:221325520"}},{"type":"Feature","geometry":{"type":"LineString","coordinates":[[113.9749668,22.3903902],[113.9749455,22.3905148],[113.974936,22.3906067],[113.9749288,22.3907214],[113.9749249,22.3908321],[113.9749268,22.3909264],[113.9749308,22.3910228],[113.9749429,22.3913211],[113.9749539,22.3916799],[113.9749523,22.3917566],[113.9749437,22.3918324],[113.974931,22.391936],[113.9749261,22.3920067],[113.9749261,22.3920637],[113.9749358,22.3921383]]},"properties":{"key":"way:221325523@detail:455_89","osmType":"way","osmId":221325523,"sourceRegion":"shenzhen","featureType":"infrastructure","railClass":"light_rail","mode":"light_rail","name":"轻铁","nameEn":"Light Rail","operator":"香港鐵路有限公司 MTR Corporation Limited","network":"港鐵 MTR","service":"siding","status":"operational","color":"#52636f","sourceKey":"way:221325523"}},{"type":"Feature","geometry":{"type":"LineString","coordinates":[[113.9782145,22.4113541],[113.9782745,22.4115854],[113.9782975,22.4116635],[113.9783156,22.4117167]]},"properties":{"key":"way:221373839@detail:455_89","osmType":"way","osmId":221373839,"sourceRegion":"shenzhen","featureType":"infrastructure","railClass":"light_rail","mode":"light_rail","name":"轻铁","nameEn":"Light Rail","operator":"香港鐵路有限公司 MTR Corporation Limited","network":"港鐵 MTR","usage":"main","status":"operational","color":"#52636f","sourceKey":"way:221373839"}},{"type":"Feature","geometry":{"type":"LineString","coordinates":[[113.9786243,22.4125511],[113.9786122,22.4124951],[113.9786008,22.4124512],[113.9785867,22.4124038],[113.9785677,22.4123443],[113.9785561,22.4123097],[113.9785459,22.412281]]},"properties":{"key":"way:221373842@detail:455_89","osmType":"way","osmId":221373842,"sourceRegion":"shenzhen","featureType":"infrastructure","railClass":"light_rail","mode":"light_rail","name":"轻铁","nameEn":"Light Rail","operator":"香港鐵路有限公司 MTR Corporation Limited","network":"港鐵 MTR","usage":"main","status":"operational","color":"#52636f","sourceKey":"way:221373842"}},{"type":"Feature","geometry":{"type":"LineString","coordinates":[[114.0,22.459867011159538],[113.9998405,22.45979],[113.9995899,22.4596684],[113.9993367,22.4595451],[113.9983413,22.4590602],[113.9983057,22.4590429],[113.9981802,22.4589823]]},"properties":{"key":"way:221446346@detail:455_89","osmType":"way","osmId":221446346,"sourceRegion":"shenzhen","featureType":"infrastructure","railClass":"light_rail","mode":"light_rail","name":"輕鐵","nameEn":"Light Rail","operator":"香港鐵路有限公司 MTR Corporation Limited","network":"港鐵 MTR","usage":"branch","status":"operational","color":"#52636f","sourceKey":"way:221446346"}},{"type":"Feature","geometry":{"type":"LineString","coordinates":[[113.9974867,22.4593314],[113.9975305,22.4592597],[113.9976009,22.4591343],[113.9976238,22.4590936]]},"properties":{"key":"way:221446355@detail:455_89","osmType":"way","osmId":221446355,"sourceRegion":"shenzhen","featureType":"infrastructure","railClass":"light_rail","mode":"light_rail","name":"輕鐵","nameEn":"Light Rail","operator":"香港鐵路有限公司 MTR Corporation Limited","network":"港鐵 MTR","usage":"main","status":"operational","color":"#52636f","sourceKey":"way:221446355"}},{"type":"Feature","geometry":{"type":"LineString","coordinates":[[113.9976403,22.4589787],[113.9973745,22.4594505],[113.9972664,22.4596435],[113.9971678,22.4598188],[113.9970426,22.4600426],[113.9970101,22.4601026],[113.9970073,22.4601082],[113.9969752,22.4601724],[113.996935,22.460264],[113.9969054,22.4603405],[113.9968753,22.460432],[113.9968516,22.4605197],[113.9968328,22.4606047],[113.9968174,22.4606959],[113.9968094,22.4607573],[113.996804,22.460815],[113.9967997,22.4608937]]},"properties":{"key":"way:221446356@detail:455_89","osmType":"way","osmId":221446356,"sourceRegion":"shenzhen","featureType":"infrastructure","railClass":"light_rail","mode":"light_rail","name":"輕鐵","nameEn":"Light Rail","operator":"香港鐵路有限公司 MTR Corporation Limited","network":"港鐵 MTR","usage":"main","status":"operational","color":"#52636f","sourceKey":"way:221446356"}},{"type":"Feature","geometry":{"type":"LineString","coordinates":[[113.9976238,22.4590936],[113.9977422,22.4588831],[113.9978845,22.4586308],[113.9979839,22.4584538]]},"properties":{"key":"way:221446363@detail:455_89","osmType":"way","osmId":221446363,"sourceRegion":"shenzhen","featureType":"infrastructure","railClass":"light_rail","mode":"light_rail","name":"輕鐵","nameEn":"Light Rail","operator":"香港鐵路有限公司 MTR Corporation Limited","network":"港鐵 MTR","usage":"main","status":"operational","color":"#52636f","sourceKey":"way:221446363"}},{"type":"Feature","geometry":{"type":"LineString","coordinates":[[113.9978123,22.4586778],[113.9977902,22.4587158],[113.9976403,22.4589787]]},"properties":{"key":"way:221446365@detail:455_89","osmType":"way","osmId":221446365,"sourceRegion":"shenzhen","featureType":"infrastructure","railClass":"light_rail","mode":"light_rail","name":"輕鐵","nameEn":"Light Rail","operator":"香港鐵路有限公司 MTR Corporation Limited","network":"港鐵 MTR","usage":"main","status":"operational","color":"#52636f","sourceKey":"way:221446365"}},{"type":"Feature","geometry":{"type":"LineString","coordinates":[[113.9782786,22.4114549],[113.9782318,22.4112941]]},"properties":{"key":"way:221446367@detail:455_89","osmType":"way","osmId":221446367,"sourceRegion":"shenzhen","featureType":"infrastructure","railClass":"light_rail","mode":"light_rail","name":"轻铁","nameEn":"Light Rail","operator":"香港鐵路有限公司 MTR Corporation Limited","network":"港鐵 MTR","usage":"main","status":"operational","color":"#52636f","sourceKey":"way:221446367"}},{"type":"Feature","geometry":{"type":"LineString","coordinates":[[113.9989109,22.4662624],[113.9988722,22.4662379],[113.9988314,22.4662174],[113.9987873,22.4662039],[113.9987485,22.466199],[113.9987413,22.4661981],[113.9986949,22.4662],[113.9986496,22.4662095]]},"properties":{"key":"way:221450085@detail:455_89","osmType":"way","osmId":221450085,"sourceRegion":"shenzhen","featureType":"infrastructure","railClass":"light_rail","mode":"light_rail","name":"輕鐵","nameEn":"Light Rail","operator":"香港鐵路有限公司 MTR Corporation Limited","network":"港鐵 MTR","service":"siding","status":"operational","color":"#52636f","sourceKey":"way:221450085"}},{"type":"Feature","geometry":{"type":"LineString","coordinates":[[113.9986496,22.4662095],[113.9986056,22.4662204],[113.9985604,22.4662248],[113.9985149,22.4662225],[113.9984704,22.4662137],[113.998428,22.4661986],[113.9983835,22.4661742],[113.9983444,22.4661428],[113.998312,22.4661126]]},"properties":{"key":"way:221450086@detail:455_89","osmType":"way","osmId":221450086,"sourceRegion":"shenzhen","featureType":"infrastructure","railClass":"light_rail","mode":"light_rail","name":"輕鐵","nameEn":"Light Rail","operator":"香港鐵路有限公司 MTR Corporation Limited","network":"港鐵 MTR","service":"siding","status":"operational","color":"#52636f","sourceKey":"way:221450086"}},{"type":"Feature","geometry":{"type":"LineString","coordinates":[[113.9990967,22.4675087],[113.9993261,22.4678619],[113.9998967,22.4687182],[113.999991,22.4688512],[114.0,22.468863560175702]]},"properties":{"key":"way:221450087@detail:455_89","osmType":"way","osmId":221450087,"sourceRegion":"shenzhen","featureType":"infrastructure","railClass":"light_rail","mode":"light_rail","name":"輕鐵","nameEn":"Light Rail","operator":"香港鐵路有限公司 MTR Corporation Limited","network":"港鐵 MTR","usage":"main","status":"operational","color":"#52636f","sourceKey":"way:221450087"}},{"type":"Feature","geometry":{"type":"LineString","coordinates":[[113.9994684,22.4675494],[113.9995017,22.4675227],[113.9995296,22.467491],[113.9995511,22.4674554],[113.9995656,22.4674169],[113.9995727,22.4673766],[113.9995722,22.4673358],[113.9995633,22.467296]]},"properties":{"key":"way:221450088@detail:455_89","osmType":"way","osmId":221450088,"sourceRegion":"shenzhen","featureType":"infrastructure","railClass":"light_rail","mode":"light_rail","name":"輕鐵","nameEn":"Light Rail","operator":"香港鐵路有限公司 MTR Corporation Limited","network":"港鐵 MTR","service":"siding","status":"operational","color":"#52636f","sourceKey":"way:221450088"}},{"type":"Feature","geometry":{"type":"LineString","coordinates":[[113.9984848,22.4665238],[113.9985684,22.466674],[113.998595,22.4667188],[113.9986835,22.4668653],[113.9987878,22.4670313],[113.9988936,22.4671994],[113.9989058,22.467218],[113.9990967,22.4675087]]},"properties":{"key":"way:221450089@detail:455_89","osmType":"way","osmId":221450089,"sourceRegion":"shenzhen","featureType":"infrastructure","railClass":"light_rail","mode":"light_rail","name":"輕鐵","nameEn":"Light Rail","operator":"香港鐵路有限公司 MTR Corporation Limited","network":"港鐵 MTR","usage":"main","status":"operational","color":"#52636f","sourceKey":"way:221450089"}},{"type":"Feature","geometry":{"type":"LineString","coordinates":[[113.998312,22.4661126],[113.9983057,22.4660999],[113.9982543,22.4660053],[113.9981483,22.4657836],[113.9980427,22.4655483],[113.9979436,22.4653105],[113.9978509,22.4650701],[113.9977479,22.4647704],[113.9977396,22.4647436],[113.9976819,22.4645568],[113.9976243,22.4643701],[113.9975849,22.4642425],[113.9975084,22.4639605],[113.9974015,22.4634612]]},"properties":{"key":"way:221450090@detail:455_89","osmType":"way","osmId":221450090,"sourceRegion":"shenzhen","featureType":"infrastructure","railClass":"light_rail","mode":"light_rail","name":"輕鐵","nameEn":"Light Rail","operator":"香港鐵路有限公司 MTR Corporation Limited","network":"港鐵 MTR","usage":"main","status":"operational","color":"#52636f","sourceKey":"way:221450090"}},{"type":"Feature","geometry":{"type":"LineString","coordinates":[[113.9995633,22.467296],[113.9995507,22.4672144],[113.9995409,22.4671624],[113.999527,22.4671112],[113.9995122,22.4670691],[113.9994946,22.4670279],[113.9994354,22.4669337],[113.9993185,22.4667478]]},"properties":{"key":"way:221450091@detail:455_89","osmType":"way","osmId":221450091,"sourceRegion":"shenzhen","featureType":"infrastructure","railClass":"light_rail","mode":"light_rail","name":"輕鐵","nameEn":"Light Rail","operator":"香港鐵路有限公司 MTR Corporation Limited","network":"港鐵 MTR","service":"siding","status":"operational","color":"#52636f","sourceKey":"way:221450091"}},{"type":"Feature","geometry":{"type":"LineString","coordinates":[[113.9993595,22.4678434],[113.9991676,22.4675479],[113.9989394,22.4672],[113.9989272,22.4671814],[113.9988215,22.4670133],[113.9987171,22.4668473],[113.9986519,22.4667393],[113.9986284,22.4667003],[113.9986027,22.4666571],[113.9985108,22.4664933],[113.9984721,22.4664228],[113.9983789,22.466247],[113.998312,22.4661126]]},"properties":{"key":"way:221450092@detail:455_89","osmType":"way","osmId":221450092,"sourceRegion":"shenzhen","featureType":"infrastructure","railClass":"light_rail","mode":"light_rail","name":"輕鐵","nameEn":"Light Rail","operator":"香港鐵路有限公司 MTR Corporation Limited","network":"港鐵 MTR","usage":"main","status":"operational","color":"#52636f","sourceKey":"way:221450092"}},{"type":"Feature","geometry":{"type":"LineString","coordinates":[[113.9995013,22.4671717],[113.9993589,22.4669747],[113.9993458,22.4669566],[113.9992407,22.4667895]]},"properties":{"key":"way:221450093@detail:455_89","osmType":"way","osmId":221450093,"sourceRegion":"shenzhen","featureType":"infrastructure","railClass":"light_rail","mode":"light_rail","name":"輕鐵","nameEn":"Light Rail","operator":"香港鐵路有限公司 MTR Corporation Limited","network":"港鐵 MTR","service":"siding","status":"operational","color":"#52636f","sourceKey":"way:221450093"}},{"type":"Feature","geometry":{"type":"LineString","coordinates":[[113.9989704,22.4663546],[113.9989109,22.4662624]]},"properties":{"key":"way:221450095@detail:455_89","osmType":"way","osmId":221450095,"sourceRegion":"shenzhen","featureType":"infrastructure","railClass":"light_rail","mode":"light_rail","name":"輕鐵","nameEn":"Light Rail","operator":"香港鐵路有限公司 MTR Corporation Limited","network":"港鐵 MTR","service":"siding","status":"operational","color":"#52636f","sourceKey":"way:221450095"}},{"type":"Feature","geometry":{"type":"LineString","coordinates":[[113.9998648,22.4443054],[113.9991347,22.4440172]]},"properties":{"key":"way:222089572@detail:455_89","osmType":"way","osmId":222089572,"sourceRegion":"shenzhen","featureType":"infrastructure","railClass":"minor","mode":"rail","name":"未命名","operator":"香港鐵路有限公司 MTR Corporation","network":"MTR","service":"siding","bridge":"viaduct","status":"operational","color":"#52636f","sourceKey":"way:222089572"}},{"type":"Feature","geometry":{"type":"LineString","coordinates":[[113.9991882,22.4439525],[113.9998648,22.4443054],[114.0,22.44436635659848]]},"properties":{"key":"way:222089574@detail:455_89","osmType":"way","osmId":222089574,"sourceRegion":"shenzhen","featureType":"infrastructure","railClass":"minor","mode":"rail","name":"未命名","operator":"香港鐵路有限公司 MTR Corporation","network":"MTR","service":"siding","bridge":"viaduct","status":"operational","color":"#52636f","sourceKey":"way:222089574"}},{"type":"Feature","geometry":{"type":"LineString","coordinates":[[113.9814917,22.4179227],[113.9817546,22.4184207],[113.9836065,22.4217001],[113.9839124,22.4222509],[113.9841728,22.4227443],[113.9843801,22.423151],[113.9846203,22.4236478],[113.9862645,22.4271341],[113.9884929,22.4318474],[113.990861,22.4368561],[113.9910556,22.4372586],[113.9911591,22.4374651],[113.9912549,22.4376492],[113.9914759,22.4380412],[113.9917326,22.4384557],[113.9920487,22.4389205],[113.9923072,22.4392707],[113.9926152,22.4396531],[113.9927789,22.4398445],[113.9929547,22.4400414],[113.993382,22.4404885],[113.9935574,22.440659],[113.9937371,22.4408275],[113.9942923,22.4413079],[113.994898,22.4417712],[113.9955025,22.4421819],[113.9957344,22.4423273],[113.9960997,22.4425397],[113.9964426,22.4427269],[113.996767,22.4428906],[113.9991347,22.4440172],[114.0,22.4444102294827]]},"properties":{"key":"way:230683402@detail:455_89","osmType":"way","osmId":230683402,"sourceRegion":"shenzhen","featureType":"infrastructure","railClass":"national","mode":"rail","name":"港铁屯马线","nameEn":"MTR Tuen Ma Line","ref":"TML","operator":"香港鐵路有限公司 MTR Corporation Limited","network":"港鐵 MTR","usage":"main","bridge":"viaduct","status":"operational","color":"#E54848","sourceKey":"way:230683402"}},{"type":"Feature","geometry":{"type":"LineString","coordinates":[[113.9358274,22.3189872],[113.9358609,22.3191282],[113.9359022,22.3192664],[113.9359521,22.3194043],[113.9360065,22.319531],[113.9360715,22.3196665],[113.9361516,22.3198065],[113.9362445,22.3199509],[113.9363276,22.3200607],[113.9363939,22.3201441],[113.9364671,22.3202302],[113.9365507,22.3203193],[113.9366375,22.3204031],[113.9368312,22.3205683],[113.9369568,22.3206609],[113.9371019,22.3207556],[113.9372523,22.3208435],[113.9374092,22.3209225],[113.9375709,22.3209926],[113.937747,22.321059],[113.9379581,22.3211274],[113.9382101,22.3211966],[113.9387018,22.3213123],[113.9390338,22.3213847],[113.9391632,22.3214078],[113.9392352,22.3214189],[113.9395342,22.3214531],[113.9398258,22.3214862],[113.9398944,22.3214958],[113.9400007,22.321513]]},"properties":{"key":"way:251613610@detail:455_89","osmType":"way","osmId":251613610,"sourceRegion":"shenzhen","featureType":"infrastructure","railClass":"metro","mode":"subway","name":"港铁机场快线","nameEn":"MTR Airport Express","operator":"香港鐵路有限公司 MTR Corporation Limited","network":"港鐵 MTR","usage":"main","bridge":"yes","status":"operational","color":"#52636f","sourceKey":"way:251613610"}},{"type":"Feature","geometry":{"type":"LineString","coordinates":[[113.9725109,22.3954036],[113.9728873,22.3967567],[113.9729793,22.3970876],[113.9731818,22.3978168],[113.973218,22.3979688],[113.9732363,22.3980507],[113.9732789,22.3982666],[113.9733039,22.3983885],[113.9733366,22.3985323],[113.9733579,22.3986098],[113.9733835,22.3986959],[113.9734089,22.3987637],[113.9734436,22.3988495],[113.9734766,22.3989217],[113.9735125,22.3989937],[113.9735574,22.3990741],[113.9736027,22.3991496],[113.9736468,22.3992159],[113.9736961,22.3992835],[113.9737897,22.3994067],[113.9741138,22.3998135],[113.9742834,22.4000267],[113.9743433,22.4001001],[113.9747248,22.400579],[113.9748163,22.4006972],[113.9748895,22.4007991],[113.9749592,22.4009052],[113.9750839,22.4011169],[113.9752067,22.401334],[113.9752568,22.4014347],[113.9753001,22.4015343],[113.9753236,22.4016012],[113.9753495,22.4016846],[113.9754163,22.4019556]]},"properties":{"key":"way:258426758@detail:455_89","osmType":"way","osmId":258426758,"sourceRegion":"shenzhen","featureType":"infrastructure","railClass":"light_rail","mode":"light_rail","name":"轻铁","nameEn":"Light Rail","operator":"香港鐵路有限公司 MTR Corporation Limited","network":"港鐵 MTR","usage":"main","status":"operational","color":"#52636f","sourceKey":"way:258426758"}},{"type":"Feature","geometry":{"type":"LineString","coordinates":[[113.9390338,22.3213847],[113.9399811,22.3215911]]},"properties":{"key":"way:264444510@detail:455_89","osmType":"way","osmId":264444510,"sourceRegion":"shenzhen","featureType":"infrastructure","railClass":"metro","mode":"subway","name":"港铁机场快线","nameEn":"MTR Airport Express","operator":"香港鐵路有限公司 MTR Corporation","network":"MTR","service":"siding","bridge":"yes","status":"operational","color":"#52636f","sourceKey":"way:264444510"}},{"type":"Feature","geometry":{"type":"LineString","coordinates":[[113.9399811,22.3215911],[113.9398825,22.3215643],[113.9397482,22.3215239],[113.9395342,22.3214531],[113.9392872,22.321372],[113.9391794,22.3213399],[113.9390502,22.3213056]]},"properties":{"key":"way:264444511@detail:455_89","osmType":"way","osmId":264444511,"sourceRegion":"shenzhen","featureType":"infrastructure","railClass":"metro","mode":"subway","name":"港铁机场快线","nameEn":"MTR Airport Express","operator":"香港鐵路有限公司 MTR Corporation","network":"MTR","service":"siding","bridge":"yes","status":"operational","color":"#52636f","sourceKey":"way:264444511"}},{"type":"Feature","geometry":{"type":"LineString","coordinates":[[113.9433785,22.3223313],[113.9399811,22.3215911]]},"properties":{"key":"way:264444512@detail:455_89","osmType":"way","osmId":264444512,"sourceRegion":"shenzhen","featureType":"infrastructure","railClass":"metro","mode":"subway","name":"港铁机场快线","nameEn":"MTR Airport Express","operator":"香港鐵路有限公司 MTR Corporation","network":"MTR","service":"siding","bridge":"yes","status":"operational","color":"#52636f","sourceKey":"way:264444512"}},{"type":"Feature","geometry":{"type":"LineString","coordinates":[[113.9751532,22.4023252],[113.9748548,22.4024199],[113.974594,22.402503],[113.9741216,22.4026522],[113.9740701,22.402666],[113.9739995,22.4026804],[113.9739036,22.4026945],[113.9738562,22.4026985],[113.9737946,22.4027006],[113.9737103,22.4026989],[113.9735772,22.4026926],[113.9733196,22.4026801],[113.9732209,22.4026756],[113.9731279,22.4026793],[113.9730357,22.4026907],[113.9729441,22.4027118],[113.9728813,22.402728],[113.9728348,22.4027447],[113.972805,22.4027536],[113.9727747,22.4027611],[113.9727389,22.4027681],[113.9727027,22.402773],[113.9726432,22.4027766],[113.9725835,22.4027748],[113.9723275,22.4027424],[113.972232,22.4027323],[113.9719894,22.4027052],[113.9717743,22.4026818],[113.9717547,22.4026796],[113.9716831,22.4026743],[113.9716627,22.4026742],[113.9716252,22.4026791],[113.9715889,22.4026894],[113.9715549,22.4027049],[113.971524,22.4027253],[113.9714971,22.4027499],[113.9713672,22.4028905],[113.9712294,22.4030351],[113.9709727,22.4033168],[113.9708911,22.4034139],[113.970793,22.4035361],[113.9706119,22.4037491],[113.9704597,22.4039179],[113.970256,22.4041438],[113.9702362,22.4041657],[113.9701179,22.404309],[113.9700659,22.4043719],[113.9699463,22.4044997],[113.9698527,22.4046145]]},"properties":{"key":"way:276683748@detail:455_89","osmType":"way","osmId":276683748,"sourceRegion":"shenzhen","featureType":"infrastructure","railClass":"light_rail","mode":"light_rail","name":"轻铁","nameEn":"Light Rail","operator":"香港鐵路有限公司 MTR Corporation Limited","network":"港鐵 MTR","usage":"main","status":"operational","color":"#52636f","sourceKey":"way:276683748"}},{"type":"Feature","geometry":{"type":"LineString","coordinates":[[113.9776226,22.3966679],[113.9778161,22.3955223],[113.9778266,22.3954501],[113.9778324,22.3953778],[113.977831,22.3953126],[113.9778235,22.395245],[113.9778131,22.3951983],[113.9777954,22.3951505],[113.9777724,22.395108],[113.9777419,22.3950661],[113.9777019,22.3950188],[113.9776491,22.3949708],[113.9775959,22.3949287],[113.9775386,22.3948957],[113.97749,22.3948725],[113.9774325,22.394852],[113.9770742,22.3947441],[113.9767912,22.3946624],[113.9764342,22.394557],[113.9763259,22.3945228],[113.9760088,22.3944003],[113.9758171,22.3943298]]},"properties":{"key":"way:276683749@detail:455_89","osmType":"way","osmId":276683749,"sourceRegion":"shenzhen","featureType":"infrastructure","railClass":"light_rail","mode":"light_rail","name":"輕鐵","nameEn":"Light Rail","operator":"香港鐵路有限公司 MTR Corporation Limited","network":"港鐵 MTR","usage":"branch","bridge":"yes","status":"operational","color":"#52636f","sourceKey":"way:276683749"}},{"type":"Feature","geometry":{"type":"LineString","coordinates":[[113.9667236,22.4045502],[113.9670154,22.4045165],[113.9671402,22.4045042],[113.967194,22.4045006],[113.9672489,22.4044972],[113.9673721,22.404492],[113.9675154,22.4044909],[113.9676574,22.4044937],[113.9677673,22.4044983],[113.9679122,22.4045084],[113.9680374,22.4045232],[113.9681677,22.4045444],[113.968292,22.4045702],[113.9684187,22.4046023],[113.9685288,22.4046332],[113.968635,22.4046688],[113.9687675,22.4047187],[113.9692866,22.4049324],[113.9693233,22.4049446],[113.9693615,22.4049534],[113.9694018,22.4049591],[113.9694404,22.4049603],[113.9694817,22.4049571],[113.9695275,22.4049477],[113.9695683,22.4049346],[113.9695994,22.4049207],[113.969627,22.4049054],[113.9696506,22.4048895],[113.9696755,22.4048698],[113.9697532,22.4047948],[113.9698033,22.4047419],[113.9699703,22.4045658],[113.9700886,22.4044338],[113.9702918,22.4042094]]},"properties":{"key":"way:276683750@detail:455_89","osmType":"way","osmId":276683750,"sourceRegion":"shenzhen","featureType":"infrastructure","railClass":"light_rail","mode":"light_rail","name":"輕鐵","nameEn":"Light Rail","operator":"香港鐵路有限公司 MTR Corporation Limited","network":"港鐵 MTR","usage":"main","status":"operational","color":"#52636f","sourceKey":"way:276683750"}},{"type":"Feature","geometry":{"type":"LineString","coordinates":[[113.9777975,22.4121205],[113.9772041,22.4122744],[113.9769782,22.4123317],[113.9769139,22.4123448],[113.9768215,22.4123598],[113.9767738,22.412365],[113.9767272,22.4123673],[113.9766888,22.4123676],[113.9766434,22.412365],[113.9766015,22.4123601],[113.9765613,22.4123516],[113.9765223,22.4123395],[113.9764616,22.4123048],[113.9764365,22.4122844],[113.9764093,22.4122589],[113.9763859,22.4122334],[113.9763647,22.4122063],[113.9763476,22.4121781],[113.9763337,22.4121482],[113.9763233,22.4121177],[113.9763161,22.4120874],[113.9763117,22.4120571],[113.9763105,22.4120199],[113.9763131,22.4119738],[113.9763194,22.4119222],[113.976327,22.4118789],[113.9763549,22.4117543],[113.9763761,22.4116316],[113.976384,22.4115774],[113.9763877,22.4115391],[113.9764091,22.4112633],[113.9764183,22.4111048],[113.9764215,22.4109941],[113.9764234,22.4107746],[113.9764234,22.4107716],[113.9764214,22.4106807],[113.976413,22.410552],[113.9763956,22.4103997],[113.9763682,22.4102332],[113.9763517,22.4101563],[113.9763336,22.4100841],[113.9763187,22.4100358],[113.9762992,22.4099845],[113.9762504,22.4098747],[113.9762204,22.409815]]},"properties":{"key":"way:276683751@detail:455_89","osmType":"way","osmId":276683751,"sourceRegion":"shenzhen","featureType":"infrastructure","railClass":"light_rail","mode":"light_rail","name":"轻铁","nameEn":"Light Rail","operator":"香港鐵路有限公司 MTR Corporation Limited","network":"港鐵 MTR","usage":"main","status":"operational","color":"#52636f","sourceKey":"way:276683751"}},{"type":"Feature","geometry":{"type":"LineString","coordinates":[[113.9673445,22.3967411],[113.9673742,22.3963205]]},"properties":{"key":"way:276683752@detail:455_89","osmType":"way","osmId":276683752,"sourceRegion":"shenzhen","featureType":"infrastructure","railClass":"light_rail","mode":"light_rail","name":"輕鐵","nameEn":"Light Rail","operator":"香港鐵路有限公司 MTR Corporation Limited","network":"港鐵 MTR","usage":"main","status":"operational","color":"#52636f","sourceKey":"way:276683752"}},{"type":"Feature","geometry":{"type":"LineString","coordinates":[[113.9722911,22.394608],[113.9725109,22.3954036]]},"properties":{"key":"way:276683753@detail:455_89","osmType":"way","osmId":276683753,"sourceRegion":"shenzhen","featureType":"infrastructure","railClass":"light_rail","mode":"light_rail","name":"轻铁","nameEn":"Light Rail","operator":"香港鐵路有限公司 MTR Corporation Limited","network":"港鐵 MTR","usage":"main","bridge":"yes","status":"operational","color":"#52636f","sourceKey":"way:276683753"}},{"type":"Feature","geometry":{"type":"LineString","coordinates":[[113.9762204,22.409815],[113.9761588,22.4096888],[113.9760699,22.409517],[113.97597,22.4093346]]},"properties":{"key":"way:276683754@detail:455_89","osmType":"way","osmId":276683754,"sourceRegion":"shenzhen","featureType":"infrastructure","railClass":"light_rail","mode":"light_rail","name":"轻铁","nameEn":"Light Rail","operator":"香港鐵路有限公司 MTR Corporation Limited","network":"港鐵 MTR","usage":"main","status":"operational","color":"#52636f","sourceKey":"way:276683754"}},{"type":"Feature","geometry":{"type":"LineString","coordinates":[[113.9761673,22.4097866],[113.9761971,22.4098484],[113.9762478,22.4099611],[113.9762734,22.4100264],[113.976293,22.4100856],[113.9763151,22.4101637],[113.9763308,22.4102334],[113.976358,22.4104025],[113.9763781,22.4105813],[113.9763843,22.4106822],[113.9763873,22.4107674],[113.9763848,22.4110146],[113.9763742,22.4112232],[113.9763516,22.4115307],[113.9763475,22.4115734],[113.9763391,22.4116331],[113.9763138,22.4117657],[113.9762823,22.4118894],[113.9762693,22.4119624],[113.9762651,22.4120173],[113.9762656,22.4120434],[113.9762705,22.4120883],[113.9762745,22.4121117],[113.9762834,22.4121424],[113.9762965,22.4121738],[113.9763092,22.4121975],[113.9763247,22.4122218],[113.9763454,22.4122508],[113.9763623,22.4122709],[113.9763797,22.4122894],[113.9764037,22.4123118],[113.9764237,22.4123286],[113.9764378,22.4123384],[113.9764478,22.4123453],[113.9764705,22.4123589],[113.976503,22.4123742],[113.9765355,22.412386],[113.9765682,22.4123942],[113.9765998,22.4124004],[113.9766414,22.4124061],[113.9766766,22.4124086],[113.9767133,22.4124091],[113.9767677,22.4124056],[113.9768042,22.4124015],[113.9768453,22.4123957],[113.9768842,22.4123881],[113.9769354,22.4123773],[113.9775919,22.4122114],[113.9778058,22.4121559]]},"properties":{"key":"way:276683755@detail:455_89","osmType":"way","osmId":276683755,"sourceRegion":"shenzhen","featureType":"infrastructure","railClass":"light_rail","mode":"light_rail","name":"轻铁","nameEn":"Light Rail","operator":"香港鐵路有限公司 MTR Corporation Limited","network":"港鐵 MTR","usage":"main","status":"operational","color":"#52636f","sourceKey":"way:276683755"}},{"type":"Feature","geometry":{"type":"LineString","coordinates":[[113.9670991,22.396078],[113.9663086,22.3961051],[113.9662648,22.3961114],[113.966223,22.3961248],[113.9661844,22.396145],[113.9661503,22.3961712],[113.9661219,22.3962027],[113.9661001,22.3962384],[113.9660856,22.3962771],[113.9660788,22.3963176],[113.9660767,22.3964696]]},"properties":{"key":"way:276683756@detail:455_89","osmType":"way","osmId":276683756,"sourceRegion":"shenzhen","featureType":"infrastructure","railClass":"light_rail","mode":"light_rail","name":"輕鐵","nameEn":"Light Rail","operator":"香港鐵路有限公司 MTR Corporation Limited","network":"港鐵 MTR","service":"siding","status":"operational","color":"#52636f","sourceKey":"way:276683756"}},{"type":"Feature","geometry":{"type":"LineString","coordinates":[[113.9746368,22.3832072],[113.9740588,22.3832317],[113.9732491,22.3832678],[113.9730445,22.3832794],[113.9727186,22.3832953],[113.9708657,22.3834125],[113.9708117,22.3834074],[113.9707593,22.3833941],[113.97071,22.383373],[113.9706652,22.3833446],[113.9706308,22.3833147],[113.9706015,22.3832806],[113.9705778,22.3832429],[113.9705601,22.3832024],[113.9705489,22.3831601],[113.9705334,22.3830361],[113.9704186,22.3814719],[113.9703882,22.3811755],[113.9703548,22.3807557]]},"properties":{"key":"way:276683757@detail:455_89","osmType":"way","osmId":276683757,"sourceRegion":"shenzhen","featureType":"infrastructure","railClass":"light_rail","mode":"light_rail","name":"輕鐵","nameEn":"Light Rail","operator":"香港鐵路有限公司 MTR Corporation Limited","network":"港鐵 MTR","usage":"main","status":"operational","color":"#52636f","sourceKey":"way:276683757"}},{"type":"Feature","geometry":{"type":"LineString","coordinates":[[113.9690627,22.379317],[113.9696266,22.3796524],[113.9696689,22.3796792],[113.9698262,22.379784],[113.9698979,22.3798366],[113.9699496,22.3798784],[113.9699991,22.3799221],[113.970044,22.3799674],[113.9700896,22.3800201],[113.9701317,22.3800764],[113.9701682,22.3801349],[113.9702013,22.380199],[113.9702279,22.3802619],[113.9702519,22.380332],[113.9702732,22.3804117],[113.9702884,22.380489],[113.9703076,22.3806371],[113.9703171,22.3807577]]},"properties":{"key":"way:276683758@detail:455_89","osmType":"way","osmId":276683758,"sourceRegion":"shenzhen","featureType":"infrastructure","railClass":"light_rail","mode":"light_rail","name":"輕鐵","nameEn":"Light Rail","operator":"香港鐵路有限公司 MTR Corporation Limited","network":"港鐵 MTR","usage":"main","status":"operational","color":"#52636f","sourceKey":"way:276683758"}},{"type":"Feature","geometry":{"type":"LineString","coordinates":[[113.9750423,22.3827374],[113.975161,22.3825135],[113.9751946,22.3824605],[113.9752298,22.3824175],[113.9752675,22.3823853],[113.9752993,22.3823631],[113.9753302,22.3823451],[113.9753582,22.382334],[113.9753786,22.3823285],[113.9754188,22.3823195],[113.975468,22.3823164],[113.9755774,22.3823288],[113.9756592,22.3823518],[113.9759651,22.3824805]]},"properties":{"key":"way:276683759@detail:455_89","osmType":"way","osmId":276683759,"sourceRegion":"shenzhen","featureType":"infrastructure","railClass":"light_rail","mode":"light_rail","name":"輕鐵","nameEn":"Light Rail","operator":"香港鐵路有限公司 MTR Corporation Limited","network":"港鐵 MTR","usage":"branch","status":"operational","color":"#52636f","sourceKey":"way:276683759"}},{"type":"Feature","geometry":{"type":"LineString","coordinates":[[113.9656347,22.4048509],[113.9650159,22.4051295],[113.9649769,22.405144],[113.9649256,22.4051607],[113.9648802,22.4051724],[113.9648371,22.4051803],[113.9644748,22.4052311],[113.9641646,22.4052737],[113.9637986,22.4053234],[113.9637596,22.4053307],[113.9636935,22.4053474],[113.9636319,22.4053682],[113.9635897,22.4053861],[113.9635457,22.4054082],[113.9635087,22.4054297],[113.9634755,22.4054512],[113.9634442,22.4054749],[113.9634096,22.4055047],[113.9633872,22.4055271],[113.9633608,22.4055561],[113.9633392,22.4055828],[113.963319,22.4056112],[113.9633138,22.4056194],[113.963304,22.4056348],[113.9632975,22.405645],[113.9632722,22.4056897],[113.9632504,22.4057358],[113.9632375,22.4057688],[113.9632244,22.4058092],[113.9632119,22.4058615],[113.9632039,22.4059132],[113.9631988,22.4059758],[113.9631996,22.4060324],[113.9632052,22.4060944],[113.9632137,22.4061454],[113.9632261,22.406194],[113.963246,22.4062508],[113.9632737,22.4063095],[113.9633055,22.4063654],[113.963337,22.4064134],[113.9633737,22.4064623],[113.9634761,22.4065821]]},"properties":{"key":"way:276683760@detail:455_89","osmType":"way","osmId":276683760,"sourceRegion":"shenzhen","featureType":"infrastructure","railClass":"light_rail","mode":"light_rail","name":"輕鐵","nameEn":"Light Rail","operator":"香港鐵路有限公司 MTR Corporation Limited","network":"港鐵 MTR","usage":"main","status":"operational","color":"#52636f","sourceKey":"way:276683760"}},{"type":"Feature","geometry":{"type":"LineString","coordinates":[[113.9759947,22.4094537],[113.9760576,22.4095671],[113.9760779,22.409607],[113.9761013,22.409653],[113.9761673,22.4097866]]},"properties":{"key":"way:276683761@detail:455_89","osmType":"way","osmId":276683761,"sourceRegion":"shenzhen","featureType":"infrastructure","railClass":"light_rail","mode":"light_rail","name":"轻铁","nameEn":"Light Rail","operator":"香港鐵路有限公司 MTR Corporation Limited","network":"港鐵 MTR","usage":"main","status":"operational","color":"#52636f","sourceKey":"way:276683761"}},{"type":"Feature","geometry":{"type":"LineString","coordinates":[[113.9659796,22.4077886],[113.9662203,22.4077351],[113.9664466,22.4076858],[113.9668341,22.4076025],[113.9669257,22.4075812],[113.9669967,22.4075611],[113.9671,22.4075288],[113.9672203,22.4074863],[113.9673034,22.4074567],[113.9689034,22.4068891],[113.9689543,22.4068709],[113.9690049,22.4068527],[113.9692039,22.4067815],[113.9694318,22.4066996],[113.9694901,22.4066778],[113.9695498,22.4066597],[113.9696108,22.4066455],[113.9696727,22.4066352],[113.9697352,22.4066288],[113.9697981,22.4066265],[113.9698609,22.4066282],[113.9699235,22.4066339],[113.9699855,22.4066436],[113.9700466,22.4066572],[113.9701066,22.4066747],[113.9705394,22.4068111],[113.9708173,22.4068987],[113.9712054,22.4070125],[113.9712872,22.4070338],[113.9713986,22.4070631],[113.9725555,22.4073625],[113.9728479,22.4074378],[113.9733211,22.4075596],[113.9735206,22.4076188],[113.9737493,22.4076957],[113.9739464,22.4077704],[113.9740404,22.407809],[113.9741858,22.4078731],[113.9743164,22.4079344],[113.974398,22.4079772],[113.97461,22.4080939],[113.974751,22.4081802],[113.974908,22.4082853],[113.9750688,22.4084027],[113.9751961,22.4085039],[113.975321,22.4086114],[113.9754163,22.4086985],[113.9755127,22.4087922],[113.9756041,22.4088882],[113.9756954,22.4089919],[113.9757696,22.409085],[113.9758352,22.4091783],[113.9758753,22.4092414],[113.9759158,22.4093114],[113.9759947,22.4094537]]},"properties":{"key":"way:276683763@detail:455_89","osmType":"way","osmId":276683763,"sourceRegion":"shenzhen","featureType":"infrastructure","railClass":"light_rail","mode":"light_rail","name":"轻铁","nameEn":"Light Rail","operator":"香港鐵路有限公司 MTR Corporation Limited","network":"港鐵 MTR","usage":"main","status":"operational","color":"#52636f","sourceKey":"way:276683763"}},{"type":"Feature","geometry":{"type":"LineString","coordinates":[[113.9657368,22.4048431],[113.9660059,22.4047207],[113.9660973,22.4046814],[113.9661511,22.40466],[113.9662131,22.4046377],[113.9663085,22.40461],[113.9663706,22.4045954],[113.9664298,22.4045841],[113.9664932,22.404575],[113.9667236,22.4045502]]},"properties":{"key":"way:276683765@detail:455_89","osmType":"way","osmId":276683765,"sourceRegion":"shenzhen","featureType":"infrastructure","railClass":"light_rail","mode":"light_rail","name":"輕鐵","nameEn":"Light Rail","operator":"香港鐵路有限公司 MTR Corporation Limited","network":"港鐵 MTR","usage":"main","status":"operational","color":"#52636f","sourceKey":"way:276683765"}},{"type":"Feature","geometry":{"type":"LineString","coordinates":[[113.9749846,22.3833875],[113.9749662,22.3831023],[113.9749682,22.3830475],[113.9749749,22.3829811],[113.9749831,22.3829229],[113.9749986,22.3828579],[113.9750172,22.3827978],[113.9750423,22.3827374]]},"properties":{"key":"way:276683766@detail:455_89","osmType":"way","osmId":276683766,"sourceRegion":"shenzhen","featureType":"infrastructure","railClass":"light_rail","mode":"light_rail","name":"輕鐵","nameEn":"Light Rail","operator":"香港鐵路有限公司 MTR Corporation Limited","network":"港鐵 MTR","usage":"branch","status":"operational","color":"#52636f","sourceKey":"way:276683766"}},{"type":"Feature","geometry":{"type":"LineString","coordinates":[[113.9670083,22.399467],[113.9672984,22.3996242],[113.967327,22.399642],[113.9673576,22.3996665],[113.9673822,22.3996926],[113.9674028,22.3997216],[113.967419,22.3997528],[113.9674323,22.3997854]]},"properties":{"key":"way:276683767@detail:455_89","osmType":"way","osmId":276683767,"sourceRegion":"shenzhen","featureType":"infrastructure","railClass":"light_rail","mode":"light_rail","name":"輕鐵","nameEn":"Light Rail","operator":"香港鐵路有限公司 MTR Corporation Limited","network":"港鐵 MTR","service":"siding","status":"operational","color":"#52636f","sourceKey":"way:276683767"}},{"type":"Feature","geometry":{"type":"LineString","coordinates":[[113.9751011,22.3852882],[113.9750712,22.3847989],[113.9750578,22.3845814],[113.97504,22.3842883],[113.9750091,22.3837818],[113.9749939,22.3835327],[113.9749846,22.3833875]]},"properties":{"key":"way:276683769@detail:455_89","osmType":"way","osmId":276683769,"sourceRegion":"shenzhen","featureType":"infrastructure","railClass":"light_rail","mode":"light_rail","name":"輕鐵","nameEn":"Light Rail","operator":"香港鐵路有限公司 MTR Corporation Limited","network":"港鐵 MTR","usage":"main","status":"operational","color":"#52636f","sourceKey":"way:276683769"}},{"type":"Feature","geometry":{"type":"LineString","coordinates":[[113.9755853,22.4024722],[113.9755747,22.4024481],[113.9755626,22.4024254],[113.9755474,22.4024034],[113.9755355,22.4023897],[113.9755205,22.4023757],[113.9754854,22.4023501],[113.9754579,22.4023358],[113.975422,22.4023218],[113.9753874,22.4023123],[113.9753585,22.4023067],[113.9753256,22.4023035],[113.9752939,22.4023027],[113.9752517,22.4023052],[113.975202,22.4023137],[113.9751532,22.4023252]]},"properties":{"key":"way:276683770@detail:455_89","osmType":"way","osmId":276683770,"sourceRegion":"shenzhen","featureType":"infrastructure","railClass":"light_rail","mode":"light_rail","name":"轻铁","nameEn":"Light Rail","operator":"香港鐵路有限公司 MTR Corporation Limited","network":"港鐵 MTR","usage":"main","status":"operational","color":"#52636f","sourceKey":"way:276683770"}},{"type":"Feature","geometry":{"type":"LineString","coordinates":[[113.9672326,22.4033557],[113.9671135,22.4035119],[113.967031,22.4036108],[113.9669347,22.403714],[113.9663025,22.4043375],[113.9661864,22.4044473],[113.9661008,22.4045201],[113.9660073,22.4045957],[113.9659538,22.4046359],[113.9658097,22.4047367],[113.9656985,22.4048119],[113.9656347,22.4048509]]},"properties":{"key":"way:276683771@detail:455_89","osmType":"way","osmId":276683771,"sourceRegion":"shenzhen","featureType":"infrastructure","railClass":"light_rail","mode":"light_rail","name":"輕鐵","nameEn":"Light Rail","operator":"香港鐵路有限公司 MTR Corporation Limited","network":"港鐵 MTR","usage":"main","status":"operational","color":"#52636f","sourceKey":"way:276683771"}},{"type":"Feature","geometry":{"type":"LineString","coordinates":[[113.9778058,22.4121559],[113.9778492,22.4121482],[113.9778917,22.4121462],[113.9779363,22.4121487],[113.9779757,22.4121572],[113.9780118,22.4121685],[113.9780455,22.4121852],[113.9782362,22.4122803],[113.9784424,22.4123909],[113.9784729,22.4124072],[113.978506,22.4124313],[113.9785324,22.4124567],[113.9785539,22.4124861],[113.9785717,22.4125188],[113.9785863,22.4125585]]},"properties":{"key":"way:276683772@detail:455_89","osmType":"way","osmId":276683772,"sourceRegion":"shenzhen","featureType":"infrastructure","railClass":"light_rail","mode":"light_rail","name":"轻铁","nameEn":"Light Rail","operator":"香港鐵路有限公司 MTR Corporation Limited","network":"港鐵 MTR","usage":"main","status":"operational","color":"#52636f","sourceKey":"way:276683772"}},{"type":"Feature","geometry":{"type":"LineString","coordinates":[[113.9703998,22.3947778],[113.9703252,22.3947955],[113.9701809,22.394836],[113.969951,22.3949059],[113.9697458,22.394957],[113.9693278,22.3950564],[113.9688962,22.3951593],[113.9686834,22.3952098],[113.9683465,22.3952862],[113.9682783,22.3952983],[113.968216,22.3953066],[113.9681617,22.3953109],[113.9681095,22.3953127],[113.9680658,22.3953127],[113.96774,22.3953024]]},"properties":{"key":"way:276683773@detail:455_89","osmType":"way","osmId":276683773,"sourceRegion":"shenzhen","featureType":"infrastructure","railClass":"light_rail","mode":"light_rail","name":"輕鐵","nameEn":"Light Rail","operator":"香港鐵路有限公司 MTR Corporation Limited","network":"港鐵 MTR","usage":"branch","status":"operational","color":"#52636f","sourceKey":"way:276683773"}},{"type":"Feature","geometry":{"type":"LineString","coordinates":[[113.9775036,22.4089869],[113.9771307,22.4078086],[113.9770382,22.4074952],[113.9758686,22.4035116],[113.9757758,22.4031955],[113.9757083,22.402967],[113.9755853,22.4024722]]},"properties":{"key":"way:276683774@detail:455_89","osmType":"way","osmId":276683774,"sourceRegion":"shenzhen","featureType":"infrastructure","railClass":"light_rail","mode":"light_rail","name":"轻铁","nameEn":"Light Rail","operator":"香港鐵路有限公司 MTR Corporation Limited","network":"港鐵 MTR","usage":"main","status":"operational","color":"#52636f","sourceKey":"way:276683774"}},{"type":"Feature","geometry":{"type":"LineString","coordinates":[[113.9674341,22.3945717],[113.9674672,22.3947848],[113.9674694,22.394823],[113.9674516,22.3951394],[113.9674522,22.395158],[113.9674545,22.3951776],[113.9674589,22.3951939],[113.9674663,22.3952122],[113.9674756,22.3952296],[113.9674863,22.3952462],[113.9675037,22.395265],[113.9675239,22.3952828],[113.9675458,22.3952977],[113.9675608,22.3953068],[113.9675717,22.3953129],[113.9675939,22.3953217],[113.9676185,22.3953296],[113.9676498,22.3953367],[113.9676845,22.3953431],[113.9677107,22.3953459],[113.9677353,22.3953476],[113.9677749,22.3953486]]},"properties":{"key":"way:276683775@detail:455_89","osmType":"way","osmId":276683775,"sourceRegion":"shenzhen","featureType":"infrastructure","railClass":"light_rail","mode":"light_rail","name":"輕鐵","nameEn":"Light Rail","operator":"香港鐵路有限公司 MTR Corporation Limited","network":"港鐵 MTR","usage":"branch","status":"operational","color":"#52636f","sourceKey":"way:276683775"}},{"type":"Feature","geometry":{"type":"LineString","coordinates":[[113.9673617,22.3958623],[113.9673508,22.3960169],[113.9673376,22.3962074],[113.9673431,22.396278],[113.9673202,22.3966145],[113.967301,22.3968061],[113.9672842,22.3969743],[113.9672736,22.397149],[113.967263,22.3973219],[113.9672108,22.3980341],[113.9672007,22.3982157],[113.9671993,22.3983805],[113.9672054,22.3985453],[113.9672189,22.3987096],[113.9672399,22.3988733],[113.9672683,22.399036],[113.9673038,22.3991975],[113.9673387,22.3993713],[113.9674323,22.3997854]]},"properties":{"key":"way:276683776@detail:455_89","osmType":"way","osmId":276683776,"sourceRegion":"shenzhen","featureType":"infrastructure","railClass":"light_rail","mode":"light_rail","name":"輕鐵","nameEn":"Light Rail","operator":"香港鐵路有限公司 MTR Corporation Limited","network":"港鐵 MTR","usage":"main","status":"operational","color":"#52636f","sourceKey":"way:276683776"}},{"type":"Feature","geometry":{"type":"LineString","coordinates":[[113.9674323,22.3997854],[113.9676204,22.4007755],[113.9676425,22.4008875],[113.9676584,22.4009657],[113.967676,22.4010559],[113.9677244,22.4013397],[113.9677387,22.4014218],[113.9677501,22.4015044],[113.9677594,22.4015981],[113.9677686,22.4017626],[113.9677675,22.4018965],[113.9677576,22.4020402],[113.9677469,22.4021258],[113.96771,22.4023204],[113.9676818,22.4024246],[113.9676495,22.4025224],[113.9676011,22.4026484],[113.9674809,22.4029003],[113.9672326,22.4033557]]},"properties":{"key":"way:276683777@detail:455_89","osmType":"way","osmId":276683777,"sourceRegion":"shenzhen","featureType":"infrastructure","railClass":"light_rail","mode":"light_rail","name":"輕鐵","nameEn":"Light Rail","operator":"香港鐵路有限公司 MTR Corporation Limited","network":"港鐵 MTR","usage":"main","status":"operational","color":"#52636f","sourceKey":"way:276683777"}},{"type":"Feature","geometry":{"type":"LineString","coordinates":[[113.9673841,22.3955203],[113.9673617,22.3958623]]},"properties":{"key":"way:276683778@detail:455_89","osmType":"way","osmId":276683778,"sourceRegion":"shenzhen","featureType":"infrastructure","railClass":"light_rail","mode":"light_rail","name":"輕鐵","nameEn":"Light Rail","operator":"香港鐵路有限公司 MTR Corporation Limited","network":"港鐵 MTR","usage":"main","status":"operational","color":"#52636f","sourceKey":"way:276683778"}},{"type":"Feature","geometry":{"type":"LineString","coordinates":[[113.9698527,22.4046145],[113.969713,22.4047622],[113.9696285,22.4048403],[113.9696033,22.4048567],[113.9695714,22.404873],[113.9695385,22.4048864],[113.9695059,22.4048958],[113.9694676,22.4049028],[113.9694267,22.4049058],[113.9693817,22.4049048],[113.9693356,22.4048991],[113.9692868,22.4048889],[113.9692429,22.4048747],[113.968774,22.404682],[113.9686519,22.4046361],[113.9685446,22.4046003],[113.9684226,22.4045665],[113.9683058,22.4045379],[113.9681786,22.4045111],[113.9680513,22.4044906],[113.9679204,22.4044748],[113.9677811,22.4044628],[113.9676632,22.404457],[113.9674924,22.4044536],[113.9673783,22.4044552],[113.9672304,22.4044616],[113.967177,22.4044651],[113.9671439,22.4044675],[113.9670204,22.4044799],[113.9668251,22.4045]]},"properties":{"key":"way:276687988@detail:455_89","osmType":"way","osmId":276687988,"sourceRegion":"shenzhen","featureType":"infrastructure","railClass":"light_rail","mode":"light_rail","name":"輕鐵","nameEn":"Light Rail","operator":"香港鐵路有限公司 MTR Corporation Limited","network":"港鐵 MTR","usage":"main","status":"operational","color":"#52636f","sourceKey":"way:276687988"}},{"type":"Feature","geometry":{"type":"LineString","coordinates":[[113.9754163,22.4019556],[113.9754574,22.4021199],[113.9755205,22.4023757],[113.9755627,22.4025488]]},"properties":{"key":"way:276687989@detail:455_89","osmType":"way","osmId":276687989,"sourceRegion":"shenzhen","featureType":"infrastructure","railClass":"light_rail","mode":"light_rail","name":"轻铁","nameEn":"Light Rail","operator":"香港鐵路有限公司 MTR Corporation Limited","network":"港鐵 MTR","usage":"main","status":"operational","color":"#52636f","sourceKey":"way:276687989"}},{"type":"Feature","geometry":{"type":"LineString","coordinates":[[113.9658381,22.3730067],[113.9656427,22.3730627]]},"properties":{"key":"way:276687990@detail:455_89","osmType":"way","osmId":276687990,"sourceRegion":"shenzhen","featureType":"infrastructure","railClass":"light_rail","mode":"light_rail","name":"轻铁","nameEn":"Light Rail","operator":"香港鐵路有限公司 MTR Corporation Limited","network":"港鐵 MTR","usage":"main","status":"operational","color":"#52636f","sourceKey":"way:276687990"}},{"type":"Feature","geometry":{"type":"LineString","coordinates":[[113.966015,22.372956],[113.9658756,22.3729959]]},"properties":{"key":"way:276687991@detail:455_89","osmType":"way","osmId":276687991,"sourceRegion":"shenzhen","featureType":"infrastructure","railClass":"light_rail","mode":"light_rail","name":"轻铁","nameEn":"Light Rail","operator":"香港鐵路有限公司 MTR Corporation Limited","network":"港鐵 MTR","status":"operational","color":"#52636f","sourceKey":"way:276687991"}},{"type":"Feature","geometry":{"type":"LineString","coordinates":[[113.9661379,22.3729184],[113.966015,22.372956]]},"properties":{"key":"way:276687992@detail:455_89","osmType":"way","osmId":276687992,"sourceRegion":"shenzhen","featureType":"infrastructure","railClass":"light_rail","mode":"light_rail","name":"輕鐵","nameEn":"Light Rail","operator":"香港鐵路有限公司 MTR Corporation Limited","network":"港鐵 MTR","status":"operational","color":"#52636f","sourceKey":"way:276687992"}},{"type":"Feature","geometry":{"type":"LineString","coordinates":[[113.9663835,22.3728483],[113.9662548,22.3728841]]},"properties":{"key":"way:276687993@detail:455_89","osmType":"way","osmId":276687993,"sourceRegion":"shenzhen","featureType":"infrastructure","railClass":"light_rail","mode":"light_rail","name":"輕鐵","nameEn":"Light Rail","operator":"香港鐵路有限公司 MTR Corporation Limited","network":"港鐵 MTR","status":"operational","color":"#52636f","sourceKey":"way:276687993"}},{"type":"Feature","geometry":{"type":"LineString","coordinates":[[113.9671295,22.3721569],[113.9670403,22.3721796]]},"properties":{"key":"way:276687994@detail:455_89","osmType":"way","osmId":276687994,"sourceRegion":"shenzhen","featureType":"infrastructure","railClass":"light_rail","mode":"light_rail","name":"轻铁","nameEn":"Light Rail","operator":"香港鐵路有限公司 MTR Corporation Limited","network":"港鐵 MTR","usage":"main","status":"operational","color":"#52636f","sourceKey":"way:276687994"}},{"type":"Feature","geometry":{"type":"LineString","coordinates":[[113.9662548,22.3728841],[113.9661379,22.3729184]]},"properties":{"key":"way:276687995@detail:455_89","osmType":"way","osmId":276687995,"sourceRegion":"shenzhen","featureType":"infrastructure","railClass":"light_rail","mode":"light_rail","name":"輕鐵","nameEn":"Light Rail","operator":"香港鐵路有限公司 MTR Corporation Limited","network":"港鐵 MTR","status":"operational","color":"#52636f","sourceKey":"way:276687995"}},{"type":"Feature","geometry":{"type":"LineString","coordinates":[[113.9658756,22.3729959],[113.9658381,22.3730067]]},"properties":{"key":"way:276687996@detail:455_89","osmType":"way","osmId":276687996,"sourceRegion":"shenzhen","featureType":"infrastructure","railClass":"light_rail","mode":"light_rail","name":"轻铁","nameEn":"Light Rail","operator":"香港鐵路有限公司 MTR Corporation Limited","network":"港鐵 MTR","service":"crossover","status":"operational","color":"#52636f","sourceKey":"way:276687996"}},{"type":"Feature","geometry":{"type":"LineString","coordinates":[[113.9665352,22.3723166],[113.9664807,22.3723396],[113.9664403,22.3723677],[113.9664176,22.3723954],[113.96629,22.3726294]]},"properties":{"key":"way:276687997@detail:455_89","osmType":"way","osmId":276687997,"sourceRegion":"shenzhen","featureType":"infrastructure","railClass":"light_rail","mode":"light_rail","name":"轻铁","nameEn":"Light Rail","operator":"香港鐵路有限公司 MTR Corporation Limited","network":"港鐵 MTR","status":"operational","color":"#52636f","sourceKey":"way:276687997"}},{"type":"Feature","geometry":{"type":"LineString","coordinates":[[113.9667754,22.37225],[113.9667237,22.372275],[113.9666829,22.3723059],[113.9666619,22.3723324],[113.966538,22.3725607]]},"properties":{"key":"way:276687998@detail:455_89","osmType":"way","osmId":276687998,"sourceRegion":"shenzhen","featureType":"infrastructure","railClass":"light_rail","mode":"light_rail","name":"轻铁","nameEn":"Light Rail","operator":"香港鐵路有限公司 MTR Corporation Limited","network":"港鐵 MTR","status":"operational","color":"#52636f","sourceKey":"way:276687998"}},{"type":"Feature","geometry":{"type":"LineString","coordinates":[[113.9666512,22.3722853],[113.9666005,22.3723094],[113.9665622,22.3723388],[113.9665414,22.3723634],[113.9664154,22.3725946]]},"properties":{"key":"way:276687999@detail:455_89","osmType":"way","osmId":276687999,"sourceRegion":"shenzhen","featureType":"infrastructure","railClass":"light_rail","mode":"light_rail","name":"轻铁","nameEn":"Light Rail","operator":"香港鐵路有限公司 MTR Corporation Limited","network":"港鐵 MTR","status":"operational","color":"#52636f","sourceKey":"way:276687999"}},{"type":"Feature","geometry":{"type":"LineString","coordinates":[[113.9669055,22.3722155],[113.9668495,22.3722411],[113.9668072,22.3722742],[113.9667856,22.3723],[113.9666595,22.3725334]]},"properties":{"key":"way:276688000@detail:455_89","osmType":"way","osmId":276688000,"sourceRegion":"shenzhen","featureType":"infrastructure","railClass":"light_rail","mode":"light_rail","name":"轻铁","nameEn":"Light Rail","operator":"香港鐵路有限公司 MTR Corporation Limited","network":"港鐵 MTR","status":"operational","color":"#52636f","sourceKey":"way:276688000"}},{"type":"Feature","geometry":{"type":"LineString","coordinates":[[113.9670403,22.3721796],[113.9669812,22.372206],[113.9669382,22.3722397],[113.9669181,22.3722675],[113.9667838,22.3724979],[113.9666636,22.3727053],[113.9666372,22.3727373],[113.9666078,22.3727653],[113.9665627,22.3727931],[113.9665127,22.3728119],[113.9663835,22.3728483]]},"properties":{"key":"way:276688001@detail:455_89","osmType":"way","osmId":276688001,"sourceRegion":"shenzhen","featureType":"infrastructure","railClass":"light_rail","mode":"light_rail","name":"轻铁","nameEn":"Light Rail","operator":"香港鐵路有限公司 MTR Corporation Limited","network":"港鐵 MTR","status":"operational","color":"#52636f","sourceKey":"way:276688001"}},{"type":"Feature","geometry":{"type":"LineString","coordinates":[[113.9774502,22.4089376],[113.9775009,22.4091255],[113.9775427,22.409267],[113.9776039,22.409476]]},"properties":{"key":"way:276703237@detail:455_89","osmType":"way","osmId":276703237,"sourceRegion":"shenzhen","featureType":"infrastructure","railClass":"light_rail","mode":"light_rail","name":"轻铁","nameEn":"Light Rail","operator":"香港鐵路有限公司 MTR Corporation Limited","network":"港鐵 MTR","usage":"main","status":"operational","color":"#52636f","sourceKey":"way:276703237"}},{"type":"Feature","geometry":{"type":"LineString","coordinates":[[113.9755627,22.4025488],[113.9756406,22.4028636],[113.9756987,22.4030744],[113.9757375,22.4032046],[113.975831,22.4035202],[113.9765741,22.4060441],[113.9770039,22.4075038],[113.9770954,22.4078144],[113.9774502,22.4089376]]},"properties":{"key":"way:276703241@detail:455_89","osmType":"way","osmId":276703241,"sourceRegion":"shenzhen","featureType":"infrastructure","railClass":"light_rail","mode":"light_rail","name":"轻铁","nameEn":"Light Rail","operator":"香港鐵路有限公司 MTR Corporation Limited","network":"港鐵 MTR","usage":"main","status":"operational","color":"#52636f","sourceKey":"way:276703241"}},{"type":"Feature","geometry":{"type":"LineString","coordinates":[[113.9989679,22.4350394],[113.9989432,22.4350954],[113.9989333,22.4351228],[113.9989281,22.435142],[113.9989237,22.4351658],[113.9989219,22.4351881],[113.9989231,22.4352152],[113.9989284,22.4352446],[113.9989355,22.4352689],[113.9989456,22.4352902],[113.9989604,22.4353148],[113.9989738,22.4353319],[113.9989893,22.4353489],[113.9990079,22.4353649],[113.9992569,22.4355512],[113.9993897,22.4356511],[113.9994224,22.4356749],[113.9994446,22.4356892],[113.9994896,22.4357189],[113.9995187,22.4357318],[113.9995503,22.4357448],[113.9995816,22.4357521],[113.999609,22.4357551],[113.999635,22.4357548],[113.9996603,22.4357521],[113.9996843,22.4357469],[113.9997104,22.4357389],[113.9997337,22.43573],[113.9997571,22.4357196],[113.9997779,22.4357081],[113.9997945,22.4356964],[113.9998109,22.4356828]]},"properties":{"key":"way:276724666@detail:455_89","osmType":"way","osmId":276724666,"sourceRegion":"shenzhen","featureType":"infrastructure","railClass":"light_rail","mode":"light_rail","name":"輕鐵","nameEn":"Light Rail","operator":"香港鐵路有限公司 MTR Corporation Limited","network":"港鐵 MTR","service":"siding","status":"operational","color":"#52636f","sourceKey":"way:276724666"}},{"type":"Feature","geometry":{"type":"LineString","coordinates":[[113.9998109,22.4356828],[113.9998269,22.4356659],[113.9998418,22.4356477],[113.999855,22.4356272],[113.9998653,22.4356049],[113.9998753,22.4355769],[113.9998799,22.4355557],[113.9998822,22.4355358],[113.9998827,22.4355126],[113.9998814,22.4354915],[113.9998771,22.4354677],[113.99987,22.4354415],[113.99985,22.4353863],[113.9998358,22.4353525],[113.9998282,22.4353378],[113.9998184,22.4353226],[113.9998084,22.4353115]]},"properties":{"key":"way:276724672@detail:455_89","osmType":"way","osmId":276724672,"sourceRegion":"shenzhen","featureType":"infrastructure","railClass":"light_rail","mode":"light_rail","name":"輕鐵","nameEn":"Light Rail","operator":"香港鐵路有限公司 MTR Corporation Limited","network":"港鐵 MTR","service":"siding","status":"operational","color":"#52636f","sourceKey":"way:276724672"}},{"type":"Feature","geometry":{"type":"LineString","coordinates":[[113.9674341,22.3945717],[113.967432,22.3947795],[113.9674301,22.3948289],[113.9673841,22.3955203]]},"properties":{"key":"way:276921793@detail:455_89","osmType":"way","osmId":276921793,"sourceRegion":"shenzhen","featureType":"infrastructure","railClass":"light_rail","mode":"light_rail","name":"輕鐵","nameEn":"Light Rail","operator":"香港鐵路有限公司 MTR Corporation Limited","network":"港鐵 MTR","usage":"branch","status":"operational","color":"#52636f","sourceKey":"way:276921793"}},{"type":"Feature","geometry":{"type":"LineString","coordinates":[[113.9675028,22.3950662],[113.9675173,22.394833],[113.9675146,22.394785],[113.9675094,22.3947479],[113.9674752,22.3945742],[113.9674734,22.3945404],[113.9674801,22.3943558],[113.9674911,22.3940961],[113.9674912,22.393379],[113.9675137,22.392492],[113.9674934,22.3915309],[113.9674845,22.3914361],[113.9674725,22.3913611],[113.9674534,22.391286],[113.967429,22.3912168],[113.9673995,22.391145],[113.9672929,22.3909179],[113.9671516,22.3906158],[113.9661735,22.3885266],[113.9660679,22.3882902],[113.9659884,22.3880929],[113.9659385,22.3879513],[113.9658824,22.387761],[113.965864,22.3876927],[113.9658365,22.3875693],[113.9658135,22.3874577],[113.965647,22.3865952],[113.9656245,22.3864935],[113.9655905,22.3863641],[113.9655539,22.3862567],[113.9655288,22.3861946],[113.9654933,22.3861161],[113.9651628,22.3854554],[113.9650567,22.3852573],[113.9649214,22.3849881],[113.964798,22.3847419],[113.964515,22.3842506],[113.964375,22.3840187],[113.9640264,22.3833323],[113.963962,22.3831954],[113.9638927,22.3830528],[113.9638323,22.3829287],[113.9635567,22.382304],[113.9634591,22.3820935],[113.9634352,22.3819961],[113.9633926,22.3818228],[113.9633268,22.3815549],[113.9632822,22.3813735],[113.9632615,22.3812894],[113.9632268,22.3811482],[113.9631602,22.3808886],[113.9630202,22.3802974],[113.9629325,22.3799302],[113.9627892,22.3795854],[113.9625583,22.3791951],[113.9618629,22.3782752],[113.9617525,22.3781351],[113.9615671,22.377904],[113.9604786,22.3765756],[113.9604308,22.3765161],[113.9603966,22.3764622],[113.960365,22.3763941],[113.9603514,22.3763334],[113.960346,22.376261],[113.9603454,22.3762048],[113.9603497,22.3761453],[113.9603698,22.3760677],[113.9603935,22.3760081],[113.960423,22.3759578],[113.960449,22.3759211],[113.9604959,22.3758727],[113.9605352,22.3758334],[113.9609968,22.3753928],[113.9610453,22.3753267],[113.961216,22.3750842],[113.9613926,22.3748676],[113.9614622,22.3747834],[113.9615235,22.3747046],[113.9616433,22.3745508],[113.9618003,22.3743754],[113.9620985,22.3740234],[113.9621505,22.3739696],[113.9622071,22.37392],[113.9622678,22.3738747],[113.962337,22.3738315],[113.96241,22.3737939],[113.9624664,22.3737645],[113.9625249,22.373739],[113.9625752,22.3737217],[113.9626459,22.3737006],[113.9627076,22.3736878],[113.9649391,22.3733021],[113.9651811,22.37324],[113.9656019,22.3731243],[113.9656571,22.3731074]]},"properties":{"key":"way:276921794@detail:455_89","osmType":"way","osmId":276921794,"sourceRegion":"shenzhen","featureType":"infrastructure","railClass":"light_rail","mode":"light_rail","name":"轻铁","nameEn":"Light Rail","operator":"香港鐵路有限公司 MTR Corporation Limited","network":"港鐵 MTR","usage":"main","status":"operational","color":"#52636f","sourceKey":"way:276921794"}},{"type":"Feature","geometry":{"type":"LineString","coordinates":[[113.9746368,22.3832072],[113.9746746,22.3831984],[113.9747037,22.383188],[113.9747325,22.3831725],[113.9747569,22.3831545],[113.974783,22.3831302],[113.9748054,22.3831042],[113.9748223,22.3830771],[113.9748527,22.3830147]]},"properties":{"key":"way:279727125@detail:455_89","osmType":"way","osmId":279727125,"sourceRegion":"shenzhen","featureType":"infrastructure","railClass":"light_rail","mode":"light_rail","name":"輕鐵","nameEn":"Light Rail","operator":"香港鐵路有限公司 MTR Corporation Limited","network":"港鐵 MTR","usage":"branch","status":"operational","color":"#52636f","sourceKey":"way:279727125"}},{"type":"Feature","geometry":{"type":"LineString","coordinates":[[113.9746593,22.3832517],[113.9747026,22.3832509],[113.9747364,22.3832533],[113.974766,22.3832595],[113.9747949,22.3832699],[113.9748243,22.3832846],[113.9748505,22.3833008],[113.9748845,22.3833329]]},"properties":{"key":"way:280428842@detail:455_89","osmType":"way","osmId":280428842,"sourceRegion":"shenzhen","featureType":"infrastructure","railClass":"light_rail","mode":"light_rail","name":"輕鐵","nameEn":"Light Rail","operator":"香港鐵路有限公司 MTR Corporation Limited","network":"港鐵 MTR","usage":"main","status":"operational","color":"#52636f","sourceKey":"way:280428842"}},{"type":"Feature","geometry":{"type":"LineString","coordinates":[[113.9758171,22.3943298],[113.9751222,22.3940956],[113.9747669,22.3939748]]},"properties":{"key":"way:396574928@detail:455_89","osmType":"way","osmId":396574928,"sourceRegion":"shenzhen","featureType":"infrastructure","railClass":"light_rail","mode":"light_rail","name":"輕鐵","nameEn":"Light Rail","operator":"香港鐵路有限公司 MTR Corporation Limited","network":"港鐵 MTR","usage":"branch","bridge":"yes","status":"operational","color":"#52636f","sourceKey":"way:396574928"}},{"type":"Feature","geometry":{"type":"LineString","coordinates":[[113.9747387,22.3940134],[113.9751045,22.3941357],[113.9757984,22.3943736]]},"properties":{"key":"way:396574929@detail:455_89","osmType":"way","osmId":396574929,"sourceRegion":"shenzhen","featureType":"infrastructure","railClass":"light_rail","mode":"light_rail","name":"輕鐵","nameEn":"Light Rail","operator":"香港鐵路有限公司 MTR Corporation Limited","network":"港鐵 MTR","usage":"branch","bridge":"yes","status":"operational","color":"#52636f","sourceKey":"way:396574929"}},{"type":"Feature","geometry":{"type":"LineString","coordinates":[[113.9666595,22.3725334],[113.9665396,22.3727339],[113.9665063,22.3727738],[113.9664758,22.3728014],[113.9664401,22.3728245],[113.9663835,22.3728483]]},"properties":{"key":"way:396574930@detail:455_89","osmType":"way","osmId":396574930,"sourceRegion":"shenzhen","featureType":"infrastructure","railClass":"light_rail","mode":"light_rail","name":"轻铁","nameEn":"Light Rail","operator":"香港鐵路有限公司 MTR Corporation Limited","network":"港鐵 MTR","status":"operational","color":"#52636f","sourceKey":"way:396574930"}},{"type":"Feature","geometry":{"type":"LineString","coordinates":[[113.9780884,22.4118129],[113.9779655,22.4120138],[113.9779407,22.4120494],[113.977916,22.4120714],[113.9778839,22.4120895],[113.977839,22.4121079],[113.9777975,22.4121205]]},"properties":{"key":"way:396574931@detail:455_89","osmType":"way","osmId":396574931,"sourceRegion":"shenzhen","featureType":"infrastructure","railClass":"light_rail","mode":"light_rail","name":"轻铁","nameEn":"Light Rail","operator":"香港鐵路有限公司 MTR Corporation Limited","network":"港鐵 MTR","usage":"main","status":"operational","color":"#52636f","sourceKey":"way:396574931"}},{"type":"Feature","geometry":{"type":"LineString","coordinates":[[113.9664154,22.3725946],[113.9663037,22.3727867],[113.9662612,22.3728401],[113.9662303,22.3728692],[113.9661925,22.3728936],[113.9661379,22.3729184]]},"properties":{"key":"way:396574932@detail:455_89","osmType":"way","osmId":396574932,"sourceRegion":"shenzhen","featureType":"infrastructure","railClass":"light_rail","mode":"light_rail","name":"轻铁","nameEn":"Light Rail","operator":"香港鐵路有限公司 MTR Corporation Limited","network":"港鐵 MTR","status":"operational","color":"#52636f","sourceKey":"way:396574932"}},{"type":"Feature","geometry":{"type":"LineString","coordinates":[[113.9781323,22.4118367],[113.978225,22.411693],[113.9782487,22.4116488],[113.9782556,22.4116333],[113.9782745,22.4115854],[113.978282,22.4115488],[113.9782852,22.4115189],[113.9782839,22.4114874],[113.9782786,22.4114549]]},"properties":{"key":"way:396574933@detail:455_89","osmType":"way","osmId":396574933,"sourceRegion":"shenzhen","featureType":"infrastructure","railClass":"light_rail","mode":"light_rail","name":"轻铁","nameEn":"Light Rail","operator":"香港鐵路有限公司 MTR Corporation Limited","network":"港鐵 MTR","usage":"main","status":"operational","color":"#52636f","sourceKey":"way:396574933"}},{"type":"Feature","geometry":{"type":"LineString","coordinates":[[113.9766172,22.3824804],[113.9763856,22.3825155],[113.9763505,22.3825192],[113.9763312,22.3825199],[113.9763125,22.3825209],[113.976275,22.3825207],[113.9762346,22.3825174],[113.9761946,22.3825112],[113.9761552,22.3825023]]},"properties":{"key":"way:436519478@detail:455_89","osmType":"way","osmId":436519478,"sourceRegion":"shenzhen","featureType":"infrastructure","railClass":"light_rail","mode":"light_rail","name":"輕鐵","nameEn":"Light Rail","operator":"香港鐵路有限公司 MTR Corporation Limited","network":"港鐵 MTR","status":"operational","color":"#52636f","sourceKey":"way:436519478"}},{"type":"Feature","geometry":{"type":"LineString","coordinates":[[113.9663625,22.4079047],[113.9661491,22.4078151],[113.9661148,22.4078038],[113.9660873,22.4077961],[113.9660613,22.4077903],[113.9660349,22.4077869],[113.9660103,22.4077863],[113.9659796,22.4077886]]},"properties":{"key":"way:436522000@detail:455_89","osmType":"way","osmId":436522000,"sourceRegion":"shenzhen","featureType":"infrastructure","railClass":"light_rail","mode":"light_rail","name":"輕鐵","nameEn":"Light Rail","operator":"香港鐵路有限公司 MTR Corporation Limited","network":"港鐵 MTR","service":"siding","status":"operational","color":"#52636f","sourceKey":"way:436522000"}},{"type":"Feature","geometry":{"type":"LineString","coordinates":[[113.96629,22.3726294],[113.9661864,22.3728112],[113.9661384,22.3728738],[113.9661116,22.3729013],[113.9660702,22.37293],[113.966015,22.372956]]},"properties":{"key":"way:436522001@detail:455_89","osmType":"way","osmId":436522001,"sourceRegion":"shenzhen","featureType":"infrastructure","railClass":"light_rail","mode":"light_rail","name":"轻铁","nameEn":"Light Rail","operator":"香港鐵路有限公司 MTR Corporation Limited","network":"港鐵 MTR","status":"operational","color":"#52636f","sourceKey":"way:436522001"}},{"type":"Feature","geometry":{"type":"LineString","coordinates":[[113.966538,22.3725607],[113.9664224,22.3727569],[113.9663842,22.3728053],[113.9663525,22.372834],[113.9663115,22.3728595],[113.9662548,22.3728841]]},"properties":{"key":"way:436530247@detail:455_89","osmType":"way","osmId":436530247,"sourceRegion":"shenzhen","featureType":"infrastructure","railClass":"light_rail","mode":"light_rail","name":"轻铁","nameEn":"Light Rail","operator":"香港鐵路有限公司 MTR Corporation Limited","network":"港鐵 MTR","status":"operational","color":"#52636f","sourceKey":"way:436530247"}},{"type":"Feature","geometry":{"type":"LineString","coordinates":[[113.9993185,22.4667478],[113.9992134,22.4665807],[113.9991331,22.466453],[113.9991173,22.4664282],[113.999115,22.4664246],[113.9990936,22.466398],[113.9990694,22.4663737],[113.9990426,22.4663519],[113.9989109,22.4662624]]},"properties":{"key":"way:436813608@detail:455_89","osmType":"way","osmId":436813608,"sourceRegion":"shenzhen","featureType":"infrastructure","railClass":"light_rail","mode":"light_rail","name":"輕鐵","nameEn":"Light Rail","operator":"香港鐵路有限公司 MTR Corporation Limited","network":"港鐵 MTR","status":"operational","color":"#52636f","sourceKey":"way:436813608"}},{"type":"Feature","geometry":{"type":"LineString","coordinates":[[113.9735852,22.3867019],[113.9737785,22.3866994],[113.9738029,22.3866988],[113.9740358,22.3866926],[113.9746109,22.3866942],[113.9748772,22.3866917],[113.9749139,22.3866972],[113.9749489,22.3867088],[113.9749811,22.3867258],[113.9750096,22.3867479],[113.9750334,22.3867744],[113.9750517,22.3868043],[113.975064,22.3868367],[113.9750698,22.3868707]]},"properties":{"key":"way:436813609@detail:455_89","osmType":"way","osmId":436813609,"sourceRegion":"shenzhen","featureType":"infrastructure","railClass":"light_rail","mode":"light_rail","name":"輕鐵","nameEn":"Light Rail","operator":"香港鐵路有限公司 MTR Corporation Limited","network":"港鐵 MTR","service":"siding","status":"operational","color":"#52636f","sourceKey":"way:436813609"}},{"type":"Feature","geometry":{"type":"LineString","coordinates":[[113.9992407,22.4667895],[113.9991357,22.4666225],[113.9990447,22.4664687],[113.9989704,22.4663546]]},"properties":{"key":"way:436813991@detail:455_89","osmType":"way","osmId":436813991,"sourceRegion":"shenzhen","featureType":"infrastructure","railClass":"light_rail","mode":"light_rail","name":"輕鐵","nameEn":"Light Rail","operator":"香港鐵路有限公司 MTR Corporation Limited","network":"港鐵 MTR","service":"siding","status":"operational","color":"#52636f","sourceKey":"way:436813991"}},{"type":"Feature","geometry":{"type":"LineString","coordinates":[[113.9733214,22.3952837],[113.973108,22.3944627],[113.9728177,22.393342]]},"properties":{"key":"way:442160598@detail:455_89","osmType":"way","osmId":442160598,"sourceRegion":"shenzhen","featureType":"infrastructure","railClass":"national","mode":"rail","name":"港铁屯马线","nameEn":"MTR Tuen Ma Line","ref":"TML","operator":"香港鐵路有限公司 MTR Corporation Limited","network":"港鐵 MTR","usage":"main","bridge":"yes","status":"operational","color":"#E54848","sourceKey":"way:442160598"}},{"type":"Feature","geometry":{"type":"LineString","coordinates":[[113.9725963,22.3933795],[113.9728911,22.3945109],[113.9731045,22.3953319]]},"properties":{"key":"way:442160599@detail:455_89","osmType":"way","osmId":442160599,"sourceRegion":"shenzhen","featureType":"infrastructure","railClass":"national","mode":"rail","name":"港铁屯马线","nameEn":"MTR Tuen Ma Line","ref":"TML","operator":"香港鐵路有限公司 MTR Corporation Limited","network":"港鐵 MTR","usage":"main","bridge":"yes","status":"operational","color":"#E54848","sourceKey":"way:442160599"}},{"type":"Feature","geometry":{"type":"LineString","coordinates":[[113.9810717,22.4172022],[113.9804534,22.4159974]]},"properties":{"key":"way:452589525@detail:455_89","osmType":"way","osmId":452589525,"sourceRegion":"shenzhen","featureType":"infrastructure","railClass":"light_rail","mode":"light_rail","name":"轻铁","nameEn":"Light Rail","operator":"香港鐵路有限公司 MTR Corporation Limited","network":"港鐵 MTR","usage":"main","status":"operational","color":"#52636f","sourceKey":"way:452589525"}},{"type":"Feature","geometry":{"type":"LineString","coordinates":[[113.9812229,22.4174969],[113.9810717,22.4172022]]},"properties":{"key":"way:452589526@detail:455_89","osmType":"way","osmId":452589526,"sourceRegion":"shenzhen","featureType":"infrastructure","railClass":"light_rail","mode":"light_rail","name":"輕鐵","nameEn":"Light Rail","operator":"香港鐵路有限公司 MTR Corporation Limited","network":"港鐵 MTR","usage":"main","bridge":"yes","status":"operational","color":"#52636f","sourceKey":"way:452589526"}},{"type":"Feature","geometry":{"type":"LineString","coordinates":[[113.9810735,22.4173095],[113.9812262,22.4176039]]},"properties":{"key":"way:452589527@detail:455_89","osmType":"way","osmId":452589527,"sourceRegion":"shenzhen","featureType":"infrastructure","railClass":"light_rail","mode":"light_rail","name":"輕鐵","nameEn":"Light Rail","operator":"香港鐵路有限公司 MTR Corporation Limited","network":"港鐵 MTR","usage":"main","bridge":"yes","status":"operational","color":"#52636f","sourceKey":"way:452589527"}},{"type":"Feature","geometry":{"type":"LineString","coordinates":[[113.9804144,22.4160169],[113.9810735,22.4173095]]},"properties":{"key":"way:452589528@detail:455_89","osmType":"way","osmId":452589528,"sourceRegion":"shenzhen","featureType":"infrastructure","railClass":"light_rail","mode":"light_rail","name":"轻铁","nameEn":"Light Rail","operator":"香港鐵路有限公司 MTR Corporation Limited","network":"港鐵 MTR","usage":"main","status":"operational","color":"#52636f","sourceKey":"way:452589528"}},{"type":"Feature","geometry":{"type":"LineString","coordinates":[[113.9422192,22.3219972],[113.9400007,22.321513]]},"properties":{"key":"way:454650621@detail:455_89","osmType":"way","osmId":454650621,"sourceRegion":"shenzhen","featureType":"infrastructure","railClass":"metro","mode":"subway","name":"港铁机场快线","nameEn":"MTR Airport Express","operator":"香港鐵路有限公司 MTR Corporation Limited","network":"港鐵 MTR","usage":"main","bridge":"yes","status":"operational","color":"#52636f","sourceKey":"way:454650621"}},{"type":"Feature","geometry":{"type":"LineString","coordinates":[[113.9394945,22.3170519],[113.9388144,22.3188792],[113.9386162,22.3192023],[113.9351041,22.323789],[113.9347296,22.3242145],[113.9342735,22.3245554],[113.9337939,22.3248563],[113.9333212,22.3250446],[113.9273166,22.326769],[113.9267668,22.326885],[113.926276,22.3269716],[113.9258085,22.3270229],[113.9253388,22.3270613],[113.9247799,22.3270731],[113.9243163,22.3270471],[113.9238367,22.3270006],[113.9234743,22.326941],[113.9230848,22.3268781],[113.9225507,22.3267519],[113.9219721,22.326595],[113.9212759,22.3263881],[113.9207892,22.3262689],[113.9201919,22.3261849],[113.9197987,22.3260948],[113.9142067,22.3243056]]},"properties":{"key":"way:631286038@detail:455_89","osmType":"way","osmId":631286038,"sourceRegion":"shenzhen","featureType":"infrastructure","railClass":"construction","mode":"construction","name":"香港国际机场旅客捷运系统","nameEn":"Hong Kong International Airport Automated People Mover","tunnel":"yes","status":"construction","color":"#52636f","sourceKey":"way:631286038"}},{"type":"Feature","geometry":{"type":"LineString","coordinates":[[113.9654307,22.3734897],[113.9659333,22.3752509],[113.9665209,22.3772785],[113.9666136,22.3775994],[113.967155,22.3794682],[113.9672316,22.3798126],[113.9672417,22.3798578],[113.967317,22.3801964],[113.967344,22.3803177],[113.9673814,22.3805293],[113.9674509,22.3809223],[113.9675289,22.3813636],[113.967574,22.3816671],[113.9675975,22.3818253],[113.9676497,22.3821336],[113.9677101,22.38249],[113.9677401,22.3826017],[113.9677653,22.3826957],[113.9677933,22.3828],[113.967914,22.3831101],[113.9679944,22.3832688],[113.9680818,22.3833995],[113.9684137,22.3838958],[113.9687344,22.3843753],[113.9692524,22.3851499],[113.9694386,22.3854284],[113.9695501,22.3855951],[113.9696075,22.3856718],[113.9697671,22.3858851],[113.9698935,22.3860539],[113.9700914,22.3862669],[113.9704454,22.386648],[113.9705815,22.3867946],[113.9707381,22.3869631],[113.9710172,22.3872636],[113.971408,22.3878654],[113.9715254,22.3881751],[113.9716325,22.3884577],[113.9723002,22.3913721],[113.9723611,22.3917382],[113.9725435,22.3931121],[113.9725963,22.3933795]]},"properties":{"key":"way:646939988@detail:455_89","osmType":"way","osmId":646939988,"sourceRegion":"shenzhen","featureType":"infrastructure","railClass":"construction","mode":"construction","name":"港铁屯马线","nameEn":"MTR Tuen Ma Line","ref":"TML","operator":"香港鐵路有限公司 MTR Corporation Limited","network":"港鐵 MTR","usage":"main","bridge":"viaduct","status":"construction","color":"#52636f","sourceKey":"way:646939988"}},{"type":"Feature","geometry":{"type":"LineString","coordinates":[[113.9728177,22.393342],[113.9723477,22.3913626],[113.9716798,22.3884472],[113.9715719,22.3881634],[113.9714529,22.3878503],[113.9710768,22.3872442],[113.9708005,22.3869098],[113.9706506,22.3867285],[113.9705285,22.3865807],[113.970221,22.3861898],[113.970048,22.3859698],[113.9699308,22.3858208],[113.9697728,22.3856199],[113.9697264,22.3855517],[113.9696139,22.3853864],[113.9694237,22.3851069],[113.9688501,22.3842638],[113.9685412,22.3838097],[113.9682155,22.383331],[113.9681259,22.3831993],[113.9680105,22.3830009],[113.967914,22.3827976],[113.9678654,22.3826772],[113.9678238,22.3825739],[113.9677799,22.3824652],[113.9677155,22.3821329],[113.9676597,22.3818194],[113.9676303,22.3816541],[113.9675774,22.3813569],[113.9674964,22.3809021],[113.9674026,22.3803279],[113.9673811,22.3801962],[113.9673028,22.3798036],[113.9671871,22.3793699],[113.9666772,22.3775748],[113.966589,22.3772643],[113.9663529,22.3762672],[113.96607,22.3752082],[113.9655858,22.3734657]]},"properties":{"key":"way:646939989@detail:455_89","osmType":"way","osmId":646939989,"sourceRegion":"shenzhen","featureType":"infrastructure","railClass":"construction","mode":"construction","name":"港铁屯马线","nameEn":"MTR Tuen Ma Line","ref":"TML","operator":"香港鐵路有限公司 MTR Corporation Limited","network":"港鐵 MTR","usage":"main","bridge":"viaduct","status":"construction","color":"#52636f","sourceKey":"way:646939989"}},{"type":"Feature","geometry":{"type":"LineString","coordinates":[[113.9785459,22.412281],[113.9784408,22.4119631]]},"properties":{"key":"way:738730404@detail:455_89","osmType":"way","osmId":738730404,"sourceRegion":"shenzhen","featureType":"infrastructure","railClass":"light_rail","mode":"light_rail","name":"轻铁","nameEn":"Light Rail","operator":"香港鐵路有限公司 MTR Corporation Limited","network":"港鐵 MTR","usage":"main","status":"operational","color":"#52636f","sourceKey":"way:738730404"}},{"type":"Feature","geometry":{"type":"LineString","coordinates":[[113.9784924,22.4122527],[113.978513,22.4123221],[113.9785331,22.4123771],[113.9785422,22.4124034],[113.978562,22.4124681],[113.9785775,22.4125229],[113.9785863,22.4125585]]},"properties":{"key":"way:738730405@detail:455_89","osmType":"way","osmId":738730405,"sourceRegion":"shenzhen","featureType":"infrastructure","railClass":"light_rail","mode":"light_rail","name":"轻铁","nameEn":"Light Rail","operator":"香港鐵路有限公司 MTR Corporation Limited","network":"港鐵 MTR","usage":"main","status":"operational","color":"#52636f","sourceKey":"way:738730405"}},{"type":"Feature","geometry":{"type":"LineString","coordinates":[[113.9783454,22.4116745],[113.9783383,22.4116518],[113.9782786,22.4114549]]},"properties":{"key":"way:738730406@detail:455_89","osmType":"way","osmId":738730406,"sourceRegion":"shenzhen","featureType":"infrastructure","railClass":"light_rail","mode":"light_rail","name":"轻铁","nameEn":"Light Rail","operator":"香港鐵路有限公司 MTR Corporation Limited","network":"港鐵 MTR","usage":"main","status":"operational","color":"#52636f","sourceKey":"way:738730406"}},{"type":"Feature","geometry":{"type":"LineString","coordinates":[[113.9783156,22.4117167],[113.9784003,22.4119738],[113.9784924,22.4122527]]},"properties":{"key":"way:738730407@detail:455_89","osmType":"way","osmId":738730407,"sourceRegion":"shenzhen","featureType":"infrastructure","railClass":"light_rail","mode":"light_rail","name":"轻铁","nameEn":"Light Rail","operator":"香港鐵路有限公司 MTR Corporation Limited","network":"港鐵 MTR","usage":"main","status":"operational","color":"#52636f","sourceKey":"way:738730407"}},{"type":"Feature","geometry":{"type":"LineString","coordinates":[[113.9758906,22.3823909],[113.9756868,22.3823032],[113.9755872,22.3822695],[113.9755659,22.382266],[113.9755217,22.3822573],[113.9754459,22.3822651],[113.9753671,22.3822779],[113.9753402,22.3822865],[113.97531,22.3822997],[113.9752773,22.3823162],[113.9752461,22.3823368],[113.9752168,22.3823614],[113.9751828,22.3823977],[113.9751524,22.3824369],[113.975129,22.3824743],[113.975105,22.3825166],[113.9748527,22.3830147]]},"properties":{"key":"way:738742320@detail:455_89","osmType":"way","osmId":738742320,"sourceRegion":"shenzhen","featureType":"infrastructure","railClass":"light_rail","mode":"light_rail","name":"輕鐵","nameEn":"Light Rail","operator":"香港鐵路有限公司 MTR Corporation Limited","network":"港鐵 MTR","usage":"branch","status":"operational","color":"#52636f","sourceKey":"way:738742320"}},{"type":"Feature","geometry":{"type":"LineString","coordinates":[[113.9759651,22.3824805],[113.9764833,22.3826961],[113.976693,22.3827864],[113.9768988,22.3828736],[113.9770465,22.3829383],[113.9771525,22.3829836],[113.9772299,22.3830005],[113.977322,22.3830031],[113.9773847,22.3829917],[113.9774503,22.3829634],[113.9775078,22.3829177],[113.9775486,22.3828619],[113.9775746,22.3828015],[113.9775842,22.3827404],[113.9775797,22.3826906],[113.9775565,22.3826317],[113.9775329,22.3825911],[113.9774998,22.3825614],[113.9774623,22.3825393],[113.9773593,22.382493]]},"properties":{"key":"way:738742321@detail:455_89","osmType":"way","osmId":738742321,"sourceRegion":"shenzhen","featureType":"infrastructure","railClass":"light_rail","mode":"light_rail","name":"輕鐵","nameEn":"Light Rail","operator":"香港鐵路有限公司 MTR Corporation Limited","network":"港鐵 MTR","usage":"branch","status":"operational","color":"#52636f","sourceKey":"way:738742321"}},{"type":"Feature","geometry":{"type":"LineString","coordinates":[[113.9751011,22.3852882],[113.9750914,22.3852581],[113.9750768,22.3852296],[113.9750584,22.385203],[113.9750236,22.3851719],[113.974985,22.3851452],[113.9749413,22.3851263],[113.9748944,22.385116],[113.9748462,22.3851147],[113.9747988,22.3851225],[113.974754,22.385139],[113.9747138,22.3851635],[113.9746797,22.3851951],[113.9746533,22.3852323],[113.9746356,22.3852738],[113.9746274,22.3853177],[113.974629,22.3853623],[113.9746403,22.3854056],[113.9746608,22.3854459],[113.9746898,22.3854815]]},"properties":{"key":"way:738744374@detail:455_89","osmType":"way","osmId":738744374,"sourceRegion":"shenzhen","featureType":"infrastructure","railClass":"light_rail","mode":"light_rail","name":"輕鐵","nameEn":"Light Rail","operator":"香港鐵路有限公司 MTR Corporation Limited","network":"港鐵 MTR","service":"crossover","status":"operational","color":"#52636f","sourceKey":"way:738744374"}},{"type":"Feature","geometry":{"type":"LineString","coordinates":[[113.9746898,22.3854815],[113.9749477,22.3857013]]},"properties":{"key":"way:738744375@detail:455_89","osmType":"way","osmId":738744375,"sourceRegion":"shenzhen","featureType":"infrastructure","railClass":"light_rail","mode":"light_rail","name":"輕鐵","nameEn":"Light Rail","operator":"香港鐵路有限公司 MTR Corporation Limited","network":"港鐵 MTR","service":"crossover","status":"operational","color":"#52636f","sourceKey":"way:738744375"}},{"type":"Feature","geometry":{"type":"LineString","coordinates":[[113.9751269,22.3879246],[113.9751264,22.3878348],[113.9751228,22.3875741],[113.9751236,22.3873561]]},"properties":{"key":"way:738767301@detail:455_89","osmType":"way","osmId":738767301,"sourceRegion":"shenzhen","featureType":"infrastructure","railClass":"light_rail","mode":"light_rail","name":"輕鐵","nameEn":"Light Rail","operator":"香港鐵路有限公司 MTR Corporation Limited","network":"港鐵 MTR","usage":"main","status":"operational","color":"#52636f","sourceKey":"way:738767301"}},{"type":"Feature","geometry":{"type":"LineString","coordinates":[[113.9750819,22.3879246],[113.9750905,22.3880336],[113.975138,22.3883454],[113.9751479,22.388441],[113.9751539,22.3886081],[113.9751545,22.3886412],[113.9751577,22.3887033],[113.9751484,22.3892107],[113.9751287,22.3896253],[113.9751082,22.3898196],[113.9750206,22.3902006],[113.9749668,22.3903902]]},"properties":{"key":"way:738767303@detail:455_89","osmType":"way","osmId":738767303,"sourceRegion":"shenzhen","featureType":"infrastructure","railClass":"light_rail","mode":"light_rail","name":"輕鐵","nameEn":"Light Rail","operator":"香港鐵路有限公司 MTR Corporation Limited","network":"港鐵 MTR","usage":"main","status":"operational","color":"#52636f","sourceKey":"way:738767303"}},{"type":"Feature","geometry":{"type":"LineString","coordinates":[[113.9751236,22.3873561],[113.9751237,22.3873263],[113.9751086,22.3868723],[113.9751195,22.3866414],[113.9751269,22.3864817],[113.9751211,22.3859569],[113.9751121,22.3854689],[113.9751011,22.3852882]]},"properties":{"key":"way:738767306@detail:455_89","osmType":"way","osmId":738767306,"sourceRegion":"shenzhen","featureType":"infrastructure","railClass":"light_rail","mode":"light_rail","name":"輕鐵","nameEn":"Light Rail","operator":"香港鐵路有限公司 MTR Corporation Limited","network":"港鐵 MTR","usage":"main","status":"operational","color":"#52636f","sourceKey":"way:738767306"}},{"type":"Feature","geometry":{"type":"LineString","coordinates":[[113.9750793,22.3873366],[113.9750826,22.3875746],[113.9750798,22.3878343],[113.9750819,22.3879246]]},"properties":{"key":"way:738767307@detail:455_89","osmType":"way","osmId":738767307,"sourceRegion":"shenzhen","featureType":"infrastructure","railClass":"light_rail","mode":"light_rail","name":"輕鐵","nameEn":"Light Rail","operator":"香港鐵路有限公司 MTR Corporation Limited","network":"港鐵 MTR","usage":"main","status":"operational","color":"#52636f","sourceKey":"way:738767307"}},{"type":"Feature","geometry":{"type":"LineString","coordinates":[[113.9656571,22.3731074],[113.9666044,22.3728361],[113.9666774,22.3728176],[113.9667269,22.3728017],[113.9667779,22.3727798],[113.9668208,22.372752],[113.9668751,22.3727279],[113.9670515,22.3726799],[113.9672795,22.3726149],[113.9673536,22.3725927],[113.9674134,22.3725544],[113.9674585,22.3725035],[113.9674847,22.3724494],[113.9674959,22.372386],[113.9674896,22.3723269],[113.9674651,22.3722665],[113.9674284,22.3722187],[113.9673874,22.3721852],[113.9673574,22.3721683],[113.9673353,22.3721589],[113.9673159,22.3721524],[113.9672724,22.3721434],[113.9672121,22.3721426],[113.9671295,22.3721569]]},"properties":{"key":"way:738796812@detail:455_89","osmType":"way","osmId":738796812,"sourceRegion":"shenzhen","featureType":"infrastructure","railClass":"light_rail","mode":"light_rail","name":"轻铁","nameEn":"Light Rail","operator":"香港鐵路有限公司 MTR Corporation Limited","network":"港鐵 MTR","usage":"main","status":"operational","color":"#52636f","sourceKey":"way:738796812"}},{"type":"Feature","geometry":{"type":"LineString","coordinates":[[113.9656427,22.3730627],[113.9655893,22.3730791],[113.96517,22.3731966],[113.9649235,22.3732574],[113.9626643,22.3736545],[113.9625623,22.3736816],[113.9624782,22.3737122],[113.9623914,22.3737537],[113.9623134,22.3737953],[113.9622395,22.3738428],[113.9621787,22.373889],[113.9621217,22.3739393],[113.962069,22.3739934],[113.9617659,22.3743483],[113.9616072,22.3745302],[113.9614815,22.37469],[113.9614271,22.3747608],[113.9613632,22.3748446],[113.9611818,22.3750618],[113.9610196,22.375309],[113.9609698,22.3753707],[113.9605085,22.3758092],[113.9604628,22.3758511],[113.9604161,22.375896],[113.9603856,22.3759347],[113.9603523,22.3759898],[113.960328,22.3760529],[113.9603119,22.3761134],[113.9603061,22.3761641],[113.9603027,22.3762252],[113.9603027,22.376261],[113.9603088,22.3763343],[113.9603246,22.3764018],[113.9603577,22.3764751],[113.9603904,22.3765327],[113.9604442,22.3765993],[113.9615406,22.3779217],[113.9617261,22.378153],[113.9618369,22.3782934],[113.9625305,22.3792234],[113.9627531,22.3796047],[113.9628875,22.3799413],[113.9629822,22.3803086],[113.9630901,22.3808185],[113.9631866,22.3811567],[113.963221,22.3812966],[113.9632865,22.3815634],[113.9633523,22.3818312],[113.9633949,22.3820045],[113.9634135,22.3820803],[113.9634696,22.3823086],[113.9635386,22.3824649],[113.9637561,22.3829581],[113.9639513,22.3833641],[113.9641791,22.3838126],[113.9642971,22.3839977],[113.9644765,22.3842642],[113.9647607,22.3847685],[113.9648798,22.3850055],[113.9650155,22.3852754],[113.9651206,22.3854739],[113.9652145,22.3856484],[113.9654596,22.3861361],[113.9655141,22.3862623],[113.9655528,22.3863681],[113.9655853,22.3864842],[113.9655999,22.3865456],[113.9657709,22.3874318],[113.9658141,22.3876421],[113.9658303,22.3877101],[113.9658593,22.3878167],[113.9658901,22.3879238],[113.9659273,22.3880331],[113.9659932,22.3882077],[113.9661225,22.3884976],[113.9669957,22.3903668],[113.9671183,22.390629],[113.9673345,22.3910914],[113.9673634,22.3911576],[113.9673922,22.3912328],[113.9674194,22.3913165],[113.9674325,22.3913651],[113.9674434,22.3914218],[113.9674561,22.3915355],[113.9674614,22.3924921],[113.9674357,22.3933753],[113.9674488,22.3940957],[113.9674427,22.394355],[113.9674341,22.3945717]]},"properties":{"key":"way:738796813@detail:455_89","osmType":"way","osmId":738796813,"sourceRegion":"shenzhen","featureType":"infrastructure","railClass":"light_rail","mode":"light_rail","name":"轻铁","nameEn":"Light Rail","operator":"香港鐵路有限公司 MTR Corporation Limited","network":"港鐵 MTR","usage":"main","status":"operational","color":"#52636f","sourceKey":"way:738796813"}},{"type":"Feature","geometry":{"type":"LineString","coordinates":[[113.9681157,22.3724507],[113.9681163,22.3724738],[113.9681113,22.3725332],[113.9681012,22.3726192],[113.9680914,22.3727021],[113.9680828,22.3727688],[113.9680664,22.3729074],[113.9680508,22.3729987],[113.9680328,22.3730772],[113.968009,22.3731597],[113.9679847,22.3732342],[113.9679583,22.3733018],[113.9679245,22.3733758],[113.9678888,22.3734474],[113.9678378,22.3735392],[113.9677818,22.3736319],[113.9676057,22.373902],[113.9675398,22.3740091],[113.9674747,22.3741216],[113.9669614,22.3750295],[113.9668501,22.3752272],[113.9666903,22.3755122],[113.9665955,22.3756822],[113.9665728,22.3757297],[113.9665501,22.3757834],[113.9665328,22.3758343],[113.9665181,22.3758876],[113.9665077,22.3759388],[113.9664998,22.375996],[113.9664962,22.3760626],[113.9664984,22.3761302],[113.966506,22.3761962],[113.9665184,22.3762658],[113.9665367,22.3763426],[113.9666235,22.3766723],[113.966645,22.3767442],[113.9666723,22.3768268],[113.9669124,22.3774874],[113.966936,22.3775526],[113.96697,22.377646],[113.9669958,22.377717],[113.9670241,22.3777896],[113.9670523,22.3778564],[113.9670813,22.3779186],[113.9671135,22.3779786],[113.9671519,22.3780421],[113.9671874,22.3780926],[113.9672317,22.3781472],[113.9672816,22.3782007],[113.9673305,22.378247],[113.9673837,22.3782929],[113.967448,22.3783431],[113.9675223,22.378395],[113.9676029,22.3784475],[113.9676591,22.3784822],[113.9679194,22.378637]]},"properties":{"key":"way:738796814@detail:455_89","osmType":"way","osmId":738796814,"sourceRegion":"shenzhen","featureType":"infrastructure","railClass":"light_rail","mode":"light_rail","name":"轻铁","nameEn":"Light Rail","operator":"香港鐵路有限公司 MTR Corporation Limited","network":"港鐵 MTR","usage":"main","status":"operational","color":"#52636f","sourceKey":"way:738796814"}},{"type":"Feature","geometry":{"type":"LineString","coordinates":[[113.9681585,22.3724414],[113.9681466,22.3723402],[113.9680959,22.3721976],[113.9680236,22.3721005],[113.9679304,22.3720371],[113.9678408,22.3720022],[113.9677314,22.3719839],[113.9676158,22.3719888],[113.9675222,22.3720107],[113.9674695,22.3720323],[113.9674192,22.3720569],[113.9673796,22.3720817],[113.9673218,22.3721049],[113.9672994,22.3721138],[113.9671295,22.3721569]]},"properties":{"key":"way:738796815@detail:455_89","osmType":"way","osmId":738796815,"sourceRegion":"shenzhen","featureType":"infrastructure","railClass":"light_rail","mode":"light_rail","name":"轻铁","nameEn":"Light Rail","operator":"香港鐵路有限公司 MTR Corporation Limited","network":"港鐵 MTR","usage":"main","status":"operational","color":"#52636f","sourceKey":"way:738796815"}},{"type":"Feature","geometry":{"type":"LineString","coordinates":[[113.9656172,22.3729714],[113.965558,22.3729262],[113.965511,22.3728621],[113.9654933,22.3728188],[113.9654843,22.3727732],[113.9654903,22.3726896],[113.9655164,22.3726252],[113.9655559,22.3725731],[113.9656191,22.3725247],[113.9657082,22.3724921]]},"properties":{"key":"way:738796816@detail:455_89","osmType":"way","osmId":738796816,"sourceRegion":"shenzhen","featureType":"infrastructure","railClass":"light_rail","mode":"light_rail","name":"轻铁","nameEn":"Light Rail","operator":"香港鐵路有限公司 MTR Corporation Limited","network":"港鐵 MTR","usage":"main","status":"operational","color":"#52636f","sourceKey":"way:738796816"}},{"type":"Feature","geometry":{"type":"LineString","coordinates":[[113.9657082,22.3724921],[113.9662449,22.372341],[113.9673146,22.3720667],[113.9673721,22.3720583],[113.9674192,22.3720569],[113.9674761,22.3720576],[113.9675343,22.3720496],[113.9676219,22.3720303],[113.9677271,22.3720228],[113.9678269,22.3720395],[113.9679063,22.3720713],[113.967988,22.372126],[113.9680557,22.3722142],[113.9681035,22.3723482],[113.9681157,22.3724507]]},"properties":{"key":"way:738796817@detail:455_89","osmType":"way","osmId":738796817,"sourceRegion":"shenzhen","featureType":"infrastructure","railClass":"light_rail","mode":"light_rail","name":"轻铁","nameEn":"Light Rail","operator":"香港鐵路有限公司 MTR Corporation Limited","network":"港鐵 MTR","usage":"main","status":"operational","color":"#52636f","sourceKey":"way:738796817"}},{"type":"Feature","geometry":{"type":"LineString","coordinates":[[113.9660767,22.3964696],[113.9660737,22.3966967],[113.9660727,22.3967742]]},"properties":{"key":"way:738797086@detail:455_89","osmType":"way","osmId":738797086,"sourceRegion":"shenzhen","featureType":"infrastructure","railClass":"light_rail","mode":"light_rail","name":"輕鐵","nameEn":"Light Rail","operator":"香港鐵路有限公司 MTR Corporation Limited","network":"港鐵 MTR","status":"operational","color":"#52636f","sourceKey":"way:738797086"}},{"type":"Feature","geometry":{"type":"LineString","coordinates":[[113.9660727,22.3967742],[113.9660711,22.3968945],[113.9660713,22.3969073],[113.9660718,22.3969386],[113.9660778,22.3969824],[113.966089,22.3970253],[113.9661053,22.3970668],[113.9661264,22.3971063],[113.9665713,22.3978194],[113.9666041,22.3978953],[113.9666297,22.3979734],[113.9666482,22.3980533],[113.9666592,22.3981343],[113.9666627,22.3982159],[113.9666626,22.3982921]]},"properties":{"key":"way:738797087@detail:455_89","osmType":"way","osmId":738797087,"sourceRegion":"shenzhen","featureType":"infrastructure","railClass":"light_rail","mode":"light_rail","name":"輕鐵","nameEn":"Light Rail","operator":"香港鐵路有限公司 MTR Corporation Limited","network":"港鐵 MTR","service":"siding","status":"operational","color":"#52636f","sourceKey":"way:738797087"}},{"type":"Feature","geometry":{"type":"LineString","coordinates":[[113.9666626,22.3982921],[113.9666623,22.3984819],[113.9666619,22.3986716]]},"properties":{"key":"way:738797088@detail:455_89","osmType":"way","osmId":738797088,"sourceRegion":"shenzhen","featureType":"infrastructure","railClass":"light_rail","mode":"light_rail","name":"輕鐵","nameEn":"Light Rail","operator":"香港鐵路有限公司 MTR Corporation Limited","network":"港鐵 MTR","service":"siding","status":"operational","color":"#52636f","sourceKey":"way:738797088"}},{"type":"Feature","geometry":{"type":"LineString","coordinates":[[113.9666619,22.3986716],[113.9666442,22.3991268],[113.9666474,22.3991699],[113.9666582,22.3992118],[113.9666765,22.3992516],[113.9667015,22.399288],[113.9667328,22.3993201],[113.9667693,22.399347],[113.9668102,22.3993679],[113.9670083,22.399467]]},"properties":{"key":"way:738797089@detail:455_89","osmType":"way","osmId":738797089,"sourceRegion":"shenzhen","featureType":"infrastructure","railClass":"light_rail","mode":"light_rail","name":"輕鐵","nameEn":"Light Rail","operator":"香港鐵路有限公司 MTR Corporation Limited","network":"港鐵 MTR","service":"siding","status":"operational","color":"#52636f","sourceKey":"way:738797089"}},{"type":"Feature","geometry":{"type":"LineString","coordinates":[[113.9637013,22.4068417],[113.9638471,22.4070096],[113.9638743,22.4070395],[113.963927,22.4070947],[113.9639864,22.4071516],[113.9640594,22.4072167],[113.9643129,22.4074369],[113.9643788,22.407492],[113.9644306,22.4075325],[113.9644796,22.4075666],[113.9645289,22.4075963],[113.9645823,22.407624],[113.9646336,22.407647],[113.9646883,22.4076668],[113.964754,22.4076871],[113.9648196,22.4077037],[113.9650318,22.4077454],[113.9652492,22.4077881],[113.9654249,22.4078216],[113.9654998,22.4078315],[113.9655729,22.4078381],[113.9656353,22.4078397],[113.9656899,22.4078381],[113.965749,22.4078335],[113.9658148,22.4078243],[113.9658674,22.4078142],[113.9659796,22.4077886]]},"properties":{"key":"way:738797341@detail:455_89","osmType":"way","osmId":738797341,"sourceRegion":"shenzhen","featureType":"infrastructure","railClass":"light_rail","mode":"light_rail","name":"輕鐵","nameEn":"Light Rail","operator":"香港鐵路有限公司 MTR Corporation Limited","network":"港鐵 MTR","usage":"main","status":"operational","color":"#52636f","sourceKey":"way:738797341"}},{"type":"Feature","geometry":{"type":"LineString","coordinates":[[113.963733,22.4068182],[113.9635936,22.4066563],[113.9635264,22.4065783]]},"properties":{"key":"way:738797342@detail:455_89","osmType":"way","osmId":738797342,"sourceRegion":"shenzhen","featureType":"infrastructure","railClass":"light_rail","mode":"light_rail","name":"輕鐵","nameEn":"Light Rail","operator":"香港鐵路有限公司 MTR Corporation Limited","network":"港鐵 MTR","usage":"main","status":"operational","color":"#52636f","sourceKey":"way:738797342"}},{"type":"Feature","geometry":{"type":"LineString","coordinates":[[113.9634761,22.4065821],[113.9635618,22.40668],[113.9637013,22.4068417]]},"properties":{"key":"way:738797343@detail:455_89","osmType":"way","osmId":738797343,"sourceRegion":"shenzhen","featureType":"infrastructure","railClass":"light_rail","mode":"light_rail","name":"輕鐵","nameEn":"Light Rail","operator":"香港鐵路有限公司 MTR Corporation Limited","network":"港鐵 MTR","usage":"main","status":"operational","color":"#52636f","sourceKey":"way:738797343"}},{"type":"Feature","geometry":{"type":"LineString","coordinates":[[113.9635264,22.4065783],[113.9634059,22.4064391],[113.9633719,22.4063923],[113.963344,22.4063491],[113.9633129,22.4062911],[113.9632891,22.4062353],[113.9632662,22.4061667],[113.9632538,22.4061155],[113.9632477,22.4060731],[113.9632438,22.406014],[113.963245,22.4059567],[113.9632506,22.4059032],[113.9632595,22.4058542],[113.9632755,22.4057945],[113.9632844,22.4057684],[113.9632979,22.405734],[113.9633199,22.4056883],[113.9633422,22.4056494],[113.9633465,22.4056432],[113.9633619,22.4056206],[113.9633708,22.4056089],[113.963382,22.4055943],[113.9634028,22.4055695],[113.9634329,22.4055391],[113.9634541,22.4055194],[113.9634859,22.4054938],[113.9635208,22.4054701],[113.9635623,22.4054462],[113.9636153,22.4054195],[113.9636595,22.4054013],[113.9637069,22.4053847],[113.9637571,22.4053712],[113.9638047,22.4053612],[113.96417,22.4053091],[113.9644805,22.4052659],[113.9648955,22.4052068],[113.964944,22.4051949],[113.9650144,22.4051683],[113.9657368,22.4048431]]},"properties":{"key":"way:738797344@detail:455_89","osmType":"way","osmId":738797344,"sourceRegion":"shenzhen","featureType":"infrastructure","railClass":"light_rail","mode":"light_rail","name":"輕鐵","nameEn":"Light Rail","operator":"香港鐵路有限公司 MTR Corporation Limited","network":"港鐵 MTR","usage":"main","status":"operational","color":"#52636f","sourceKey":"way:738797344"}},{"type":"Feature","geometry":{"type":"LineString","coordinates":[[113.9652791,22.3822428],[113.9648858,22.3824001]]},"properties":{"key":"way:749849562@detail:455_89","osmType":"way","osmId":749849562,"sourceRegion":"shenzhen","featureType":"infrastructure","railClass":"light_rail","mode":"light_rail","name":"輕鐵","nameEn":"Light Rail","operator":"香港鐵路有限公司 MTR Corporation Limited","network":"港鐵 MTR","service":"yard","status":"operational","color":"#52636f","sourceKey":"way:749849562"}},{"type":"Feature","geometry":{"type":"LineString","coordinates":[[113.9703548,22.3807557],[113.9703446,22.3806355],[113.9703289,22.3804856],[113.9703218,22.3804342],[113.9703105,22.3803778],[113.9702988,22.3803318],[113.9702813,22.3802729],[113.97026,22.3802155],[113.9702329,22.3801563],[113.9701984,22.380096],[113.9701609,22.3800376],[113.9701221,22.3799857],[113.9700862,22.3799443],[113.9700437,22.379902],[113.9700002,22.3798648],[113.9699478,22.3798236],[113.9698734,22.3797685],[113.9698338,22.3797411],[113.9690776,22.37929]]},"properties":{"key":"way:766639149@detail:455_89","osmType":"way","osmId":766639149,"sourceRegion":"shenzhen","featureType":"infrastructure","railClass":"light_rail","mode":"light_rail","name":"輕鐵","nameEn":"Light Rail","operator":"香港鐵路有限公司 MTR Corporation Limited","network":"港鐵 MTR","usage":"main","status":"operational","color":"#52636f","sourceKey":"way:766639149"}},{"type":"Feature","geometry":{"type":"LineString","coordinates":[[113.9703171,22.3807577],[113.9703558,22.3812447],[113.9703779,22.3814734],[113.9704964,22.3830392],[113.9705106,22.3831838],[113.9705196,22.3832343],[113.9705304,22.3832765],[113.9705457,22.3833116],[113.9705655,22.383344],[113.9705916,22.3833748],[113.9706254,22.3834015],[113.9706617,22.383422],[113.9707011,22.3834372],[113.9707425,22.3834467],[113.9707849,22.3834502],[113.9727218,22.3833417],[113.9730479,22.3833279],[113.9732515,22.3833162],[113.9740649,22.3832717],[113.9746593,22.3832517]]},"properties":{"key":"way:766639150@detail:455_89","osmType":"way","osmId":766639150,"sourceRegion":"shenzhen","featureType":"infrastructure","railClass":"light_rail","mode":"light_rail","name":"輕鐵","nameEn":"Light Rail","operator":"香港鐵路有限公司 MTR Corporation Limited","network":"港鐵 MTR","usage":"main","status":"operational","color":"#52636f","sourceKey":"way:766639150"}},{"type":"Feature","geometry":{"type":"LineString","coordinates":[[113.9644995,22.3825544],[113.9644545,22.3824615],[113.964414,22.3823779],[113.9643705,22.3822885],[113.9642949,22.3821329],[113.9642197,22.3819771],[113.9641434,22.3818217],[113.9641284,22.3817324],[113.9641159,22.38168],[113.9641117,22.3816264],[113.9641161,22.3815728],[113.9641289,22.3815204],[113.9641501,22.3814704]]},"properties":{"key":"way:774651084@detail:455_89","osmType":"way","osmId":774651084,"sourceRegion":"shenzhen","featureType":"infrastructure","railClass":"light_rail","mode":"light_rail","name":"轻铁","nameEn":"Light Rail","operator":"香港鐵路有限公司 MTR Corporation Limited","network":"港鐵 MTR","service":"yard","status":"operational","color":"#52636f","sourceKey":"way:774651084"}},{"type":"Feature","geometry":{"type":"LineString","coordinates":[[113.9644449,22.3829364],[113.9644713,22.3829254],[113.9645176,22.3828934],[113.9646535,22.3827672],[113.9646751,22.3827465],[113.9646971,22.382729],[113.9647215,22.3827146],[113.9647479,22.3827035],[113.9648439,22.3826638],[113.9649399,22.382624],[113.9649664,22.3826132],[113.9649943,22.382606],[113.9650231,22.3826026],[113.9650541,22.3826015],[113.965152,22.3825966],[113.9652464,22.3825918],[113.9653031,22.3825812],[113.9653296,22.3825704]]},"properties":{"key":"way:774651085@detail:455_89","osmType":"way","osmId":774651085,"sourceRegion":"shenzhen","featureType":"infrastructure","railClass":"light_rail","mode":"light_rail","name":"輕鐵","nameEn":"Light Rail","operator":"香港鐵路有限公司 MTR Corporation Limited","network":"港鐵 MTR","service":"yard","status":"operational","color":"#52636f","sourceKey":"way:774651085"}},{"type":"Feature","geometry":{"type":"LineString","coordinates":[[113.9641434,22.3818217],[113.9640854,22.3817088],[113.9640594,22.381671],[113.9640158,22.3816315],[113.9639628,22.3816036],[113.9639038,22.3815889],[113.9638428,22.3815886]]},"properties":{"key":"way:774651086@detail:455_89","osmType":"way","osmId":774651086,"sourceRegion":"shenzhen","featureType":"infrastructure","railClass":"light_rail","mode":"light_rail","name":"轻铁","nameEn":"Light Rail","operator":"香港鐵路有限公司 MTR Corporation Limited","network":"港鐵 MTR","service":"yard","status":"operational","color":"#52636f","sourceKey":"way:774651086"}},{"type":"Feature","geometry":{"type":"LineString","coordinates":[[113.9757358,22.4023954],[113.9757576,22.4024666]]},"properties":{"key":"way:916238727@detail:455_89","osmType":"way","osmId":916238727,"sourceRegion":"shenzhen","featureType":"infrastructure","railClass":"national","mode":"rail","name":"港铁屯马线","nameEn":"MTR Tuen Ma Line","ref":"TML","operator":"香港鐵路有限公司 MTR Corporation Limited","network":"港鐵 MTR","usage":"main","status":"operational","color":"#E54848","sourceKey":"way:916238727"}},{"type":"Feature","geometry":{"type":"LineString","coordinates":[[113.9758077,22.402456],[113.9757872,22.402385]]},"properties":{"key":"way:916238728@detail:455_89","osmType":"way","osmId":916238728,"sourceRegion":"shenzhen","featureType":"infrastructure","railClass":"national","mode":"rail","name":"港铁屯马线","nameEn":"MTR Tuen Ma Line","ref":"TML","operator":"香港鐵路有限公司 MTR Corporation Limited","network":"港鐵 MTR","usage":"main","status":"operational","color":"#E54848","sourceKey":"way:916238728"}},{"type":"Feature","geometry":{"type":"LineString","coordinates":[[113.9784408,22.4119631],[113.9783454,22.4116745]]},"properties":{"key":"way:934235275@detail:455_89","osmType":"way","osmId":934235275,"sourceRegion":"shenzhen","featureType":"infrastructure","railClass":"light_rail","mode":"light_rail","name":"轻铁","nameEn":"Light Rail","operator":"香港鐵路有限公司 MTR Corporation Limited","network":"港鐵 MTR","usage":"main","status":"operational","color":"#52636f","sourceKey":"way:934235275"}},{"type":"Feature","geometry":{"type":"LineString","coordinates":[[113.9705285,22.3865807],[113.9701804,22.3860862],[113.9698318,22.3855902],[113.9682734,22.3832861]]},"properties":{"key":"way:1061167577@detail:455_89","osmType":"way","osmId":1061167577,"sourceRegion":"shenzhen","featureType":"infrastructure","railClass":"construction","mode":"construction","name":"港铁屯马线","nameEn":"MTR Tuen Ma Line","operator":"香港鐵路有限公司 MTR Corporation Limited","network":"港鐵 MTR","service":"siding","bridge":"viaduct","status":"construction","color":"#52636f","sourceKey":"way:1061167577"}},{"type":"Feature","geometry":{"type":"LineString","coordinates":[[113.9675975,22.3818253],[113.967627,22.3821899],[113.9676511,22.3824702],[113.9677075,22.3827306],[113.9678308,22.3830729],[113.9679408,22.383306],[113.9695233,22.3856794]]},"properties":{"key":"way:1061167578@detail:455_89","osmType":"way","osmId":1061167578,"sourceRegion":"shenzhen","featureType":"infrastructure","railClass":"construction","mode":"construction","name":"港铁屯马线","nameEn":"MTR Tuen Ma Line","operator":"香港鐵路有限公司 MTR Corporation Limited","network":"港鐵 MTR","service":"siding","bridge":"viaduct","status":"construction","color":"#52636f","sourceKey":"way:1061167578"}},{"type":"Feature","geometry":{"type":"LineString","coordinates":[[113.9666772,22.3775748],[113.9666001,22.3773912],[113.9665209,22.3772785]]},"properties":{"key":"way:1061203347@detail:455_89","osmType":"way","osmId":1061203347,"sourceRegion":"shenzhen","featureType":"infrastructure","railClass":"construction","mode":"construction","name":"港铁屯马线","nameEn":"MTR Tuen Ma Line","operator":"香港鐵路有限公司 MTR Corporation Limited","network":"港鐵 MTR","service":"crossover","bridge":"viaduct","status":"construction","color":"#52636f","sourceKey":"way:1061203347"}},{"type":"Feature","geometry":{"type":"LineString","coordinates":[[113.966589,22.3772643],[113.9666001,22.3773912],[113.9666136,22.3775994]]},"properties":{"key":"way:1061203348@detail:455_89","osmType":"way","osmId":1061203348,"sourceRegion":"shenzhen","featureType":"infrastructure","railClass":"construction","mode":"construction","name":"港铁屯马线","nameEn":"MTR Tuen Ma Line","operator":"香港鐵路有限公司 MTR Corporation Limited","network":"港鐵 MTR","service":"crossover","bridge":"viaduct","status":"construction","color":"#52636f","sourceKey":"way:1061203348"}},{"type":"Feature","geometry":{"type":"LineString","coordinates":[[113.9143477,22.3238479],[113.9199708,22.32564],[113.9202888,22.3257656],[113.9207135,22.3259778],[113.9211026,22.3261202],[113.9223907,22.3265191],[113.9232427,22.3267129],[113.9238732,22.3268024],[113.924444,22.3268422],[113.9249743,22.326864],[113.9256109,22.3268327],[113.9261928,22.3267567],[113.9268025,22.3266544],[113.9273406,22.3265289],[113.9332024,22.3248283],[113.9336902,22.3246412],[113.9341718,22.3243762],[113.9346298,22.3240551],[113.934978,22.323717],[113.9353432,22.3232342],[113.9378381,22.3198666],[113.9381276,22.3193105],[113.9390103,22.3168956]]},"properties":{"key":"way:1194189030@detail:455_89","osmType":"way","osmId":1194189030,"sourceRegion":"shenzhen","featureType":"infrastructure","railClass":"construction","mode":"construction","name":"香港国际机场旅客捷运系统","nameEn":"Hong Kong International Airport Automated People Mover","tunnel":"yes","status":"construction","color":"#52636f","sourceKey":"way:1194189030"}},{"type":"Feature","geometry":{"type":"LineString","coordinates":[[113.9641501,22.3814704],[113.9641743,22.3814255],[113.9642056,22.3813845],[113.9642434,22.3813485],[113.9642867,22.3813183],[113.9659314,22.3806372]]},"properties":{"key":"way:1292842152@detail:455_89","osmType":"way","osmId":1292842152,"sourceRegion":"shenzhen","featureType":"infrastructure","railClass":"light_rail","mode":"light_rail","name":"轻铁","nameEn":"Light Rail","operator":"香港鐵路有限公司 MTR Corporation Limited","network":"港鐵 MTR","service":"yard","status":"operational","color":"#52636f","sourceKey":"way:1292842152"}},{"type":"Feature","geometry":{"type":"LineString","coordinates":[[113.9662598,22.3812028],[113.9662057,22.3812043],[113.9645607,22.3818842],[113.9645153,22.3819074],[113.9644746,22.3819371],[113.9644397,22.3819725]]},"properties":{"key":"way:1292842153@detail:455_89","osmType":"way","osmId":1292842153,"sourceRegion":"shenzhen","featureType":"infrastructure","railClass":"light_rail","mode":"light_rail","name":"轻铁","nameEn":"Light Rail","operator":"香港鐵路有限公司 MTR Corporation Limited","network":"港鐵 MTR","service":"yard","status":"operational","color":"#52636f","sourceKey":"way:1292842153"}},{"type":"Feature","geometry":{"type":"LineString","coordinates":[[113.9643319,22.3820176],[113.9643247,22.382064],[113.9643252,22.382111],[113.9643335,22.3821573],[113.9643514,22.3822106]]},"properties":{"key":"way:1292842154@detail:455_89","osmType":"way","osmId":1292842154,"sourceRegion":"shenzhen","featureType":"infrastructure","railClass":"light_rail","mode":"light_rail","name":"轻铁","nameEn":"Light Rail","operator":"香港鐵路有限公司 MTR Corporation Limited","network":"港鐵 MTR","service":"yard","status":"operational","color":"#52636f","sourceKey":"way:1292842154"}},{"type":"Feature","geometry":{"type":"LineString","coordinates":[[113.9642949,22.3821329],[113.9642718,22.3820363],[113.9642771,22.3819738],[113.9642976,22.3819141]]},"properties":{"key":"way:1292842155@detail:455_89","osmType":"way","osmId":1292842155,"sourceRegion":"shenzhen","featureType":"infrastructure","railClass":"light_rail","mode":"light_rail","name":"轻铁","nameEn":"Light Rail","operator":"香港鐵路有限公司 MTR Corporation Limited","network":"港鐵 MTR","service":"yard","status":"operational","color":"#52636f","sourceKey":"way:1292842155"}},{"type":"Feature","geometry":{"type":"LineString","coordinates":[[113.9642718,22.3820363],[113.9642568,22.3819908],[113.9642498,22.3819438],[113.9642506,22.3818964],[113.964259,22.3818496],[113.9642676,22.3818251]]},"properties":{"key":"way:1292842156@detail:455_89","osmType":"way","osmId":1292842156,"sourceRegion":"shenzhen","featureType":"infrastructure","railClass":"light_rail","mode":"light_rail","name":"轻铁","nameEn":"Light Rail","operator":"香港鐵路有限公司 MTR Corporation Limited","network":"港鐵 MTR","service":"yard","status":"operational","color":"#52636f","sourceKey":"way:1292842156"}},{"type":"Feature","geometry":{"type":"LineString","coordinates":[[113.9642197,22.3819771],[113.9642073,22.3819217],[113.9642048,22.3818751],[113.9642094,22.3818287],[113.964221,22.3817833],[113.9642393,22.3817399]]},"properties":{"key":"way:1292842157@detail:455_89","osmType":"way","osmId":1292842157,"sourceRegion":"shenzhen","featureType":"infrastructure","railClass":"light_rail","mode":"light_rail","name":"轻铁","nameEn":"Light Rail","operator":"香港鐵路有限公司 MTR Corporation Limited","network":"港鐵 MTR","service":"yard","status":"operational","color":"#52636f","sourceKey":"way:1292842157"}},{"type":"Feature","geometry":{"type":"LineString","coordinates":[[113.9642073,22.3819217],[113.964189,22.3818558],[113.9641796,22.3818077],[113.964178,22.3817587],[113.9641841,22.3817101],[113.9641978,22.3816629],[113.964207,22.3816432]]},"properties":{"key":"way:1292842158@detail:455_89","osmType":"way","osmId":1292842158,"sourceRegion":"shenzhen","featureType":"infrastructure","railClass":"light_rail","mode":"light_rail","name":"轻铁","nameEn":"Light Rail","operator":"香港鐵路有限公司 MTR Corporation Limited","network":"港鐵 MTR","service":"yard","status":"operational","color":"#52636f","sourceKey":"way:1292842158"}},{"type":"Feature","geometry":{"type":"LineString","coordinates":[[113.9641284,22.3817324],[113.9641306,22.3816752],[113.9641428,22.3816188],[113.9641643,22.3815649],[113.9641749,22.3815471]]},"properties":{"key":"way:1292842159@detail:455_89","osmType":"way","osmId":1292842159,"sourceRegion":"shenzhen","featureType":"infrastructure","railClass":"light_rail","mode":"light_rail","name":"轻铁","nameEn":"Light Rail","operator":"香港鐵路有限公司 MTR Corporation Limited","network":"港鐵 MTR","service":"yard","status":"operational","color":"#52636f","sourceKey":"way:1292842159"}},{"type":"Feature","geometry":{"type":"LineString","coordinates":[[113.966504,22.3813457],[113.9664428,22.3812364],[113.9664039,22.3811892],[113.9663849,22.3811731],[113.9663643,22.3811589]]},"properties":{"key":"way:1292842160@detail:455_89","osmType":"way","osmId":1292842160,"sourceRegion":"shenzhen","featureType":"infrastructure","railClass":"light_rail","mode":"light_rail","name":"轻铁","nameEn":"Light Rail","operator":"香港鐵路有限公司 MTR Corporation Limited","network":"港鐵 MTR","service":"yard","status":"operational","color":"#52636f","sourceKey":"way:1292842160"}},{"type":"Feature","geometry":{"type":"LineString","coordinates":[[113.9663545,22.3810735],[113.9663768,22.3810906],[113.9663945,22.381108],[113.9664321,22.3811545],[113.9664689,22.3812189],[113.9664951,22.3812729],[113.9665309,22.381352]]},"properties":{"key":"way:1292842161@detail:455_89","osmType":"way","osmId":1292842161,"sourceRegion":"shenzhen","featureType":"infrastructure","railClass":"light_rail","mode":"light_rail","name":"轻铁","nameEn":"Light Rail","operator":"香港鐵路有限公司 MTR Corporation Limited","network":"港鐵 MTR","service":"yard","status":"operational","color":"#52636f","sourceKey":"way:1292842161"}},{"type":"Feature","geometry":{"type":"LineString","coordinates":[[113.9663352,22.3809891],[113.9663777,22.3810224],[113.9664219,22.3810773],[113.9664555,22.381134],[113.9664921,22.3812069]]},"properties":{"key":"way:1292842162@detail:455_89","osmType":"way","osmId":1292842162,"sourceRegion":"shenzhen","featureType":"infrastructure","railClass":"light_rail","mode":"light_rail","name":"轻铁","nameEn":"Light Rail","operator":"香港鐵路有限公司 MTR Corporation Limited","network":"港鐵 MTR","service":"yard","status":"operational","color":"#52636f","sourceKey":"way:1292842162"}},{"type":"Feature","geometry":{"type":"LineString","coordinates":[[113.9663159,22.380902],[113.9663442,22.3809233],[113.966369,22.380948],[113.9663978,22.3809841],[113.9664307,22.3810404],[113.9664666,22.3811102]]},"properties":{"key":"way:1292842163@detail:455_89","osmType":"way","osmId":1292842163,"sourceRegion":"shenzhen","featureType":"infrastructure","railClass":"light_rail","mode":"light_rail","name":"轻铁","nameEn":"Light Rail","operator":"香港鐵路有限公司 MTR Corporation Limited","network":"港鐵 MTR","service":"yard","status":"operational","color":"#52636f","sourceKey":"way:1292842163"}},{"type":"Feature","geometry":{"type":"LineString","coordinates":[[113.9662944,22.3808097],[113.9663197,22.3808271],[113.9663402,22.3808451],[113.9663755,22.3808855],[113.9664073,22.3809381],[113.9664435,22.3810177]]},"properties":{"key":"way:1292842164@detail:455_89","osmType":"way","osmId":1292842164,"sourceRegion":"shenzhen","featureType":"infrastructure","railClass":"light_rail","mode":"light_rail","name":"轻铁","nameEn":"Light Rail","operator":"香港鐵路有限公司 MTR Corporation Limited","network":"港鐵 MTR","service":"yard","status":"operational","color":"#52636f","sourceKey":"way:1292842164"}},{"type":"Feature","geometry":{"type":"LineString","coordinates":[[113.9662743,22.3807213],[113.966314,22.3807496],[113.9663539,22.3807902],[113.9663851,22.3808432],[113.9664239,22.3809304]]},"properties":{"key":"way:1292842165@detail:455_89","osmType":"way","osmId":1292842165,"sourceRegion":"shenzhen","featureType":"infrastructure","railClass":"light_rail","mode":"light_rail","name":"轻铁","nameEn":"Light Rail","operator":"香港鐵路有限公司 MTR Corporation Limited","network":"港鐵 MTR","service":"yard","status":"operational","color":"#52636f","sourceKey":"way:1292842165"}},{"type":"Feature","geometry":{"type":"LineString","coordinates":[[113.966257,22.3806457],[113.9662953,22.3806671],[113.9663355,22.3807066],[113.9663704,22.3807601],[113.9664029,22.3808323]]},"properties":{"key":"way:1292842166@detail:455_89","osmType":"way","osmId":1292842166,"sourceRegion":"shenzhen","featureType":"infrastructure","railClass":"light_rail","mode":"light_rail","name":"轻铁","nameEn":"Light Rail","operator":"香港鐵路有限公司 MTR Corporation Limited","network":"港鐵 MTR","service":"yard","status":"operational","color":"#52636f","sourceKey":"way:1292842166"}},{"type":"Feature","geometry":{"type":"LineString","coordinates":[[113.9653004,22.3822817],[113.9663312,22.381855]]},"properties":{"key":"way:1292842171@detail:455_89","osmType":"way","osmId":1292842171,"sourceRegion":"shenzhen","featureType":"infrastructure","railClass":"light_rail","mode":"light_rail","name":"轻铁","nameEn":"Light Rail","operator":"香港鐵路有限公司 MTR Corporation Limited","network":"港鐵 MTR","service":"yard","status":"operational","color":"#52636f","sourceKey":"way:1292842171"}},{"type":"Feature","geometry":{"type":"LineString","coordinates":[[113.9653204,22.3823229],[113.9663512,22.3818962]]},"properties":{"key":"way:1292842172@detail:455_89","osmType":"way","osmId":1292842172,"sourceRegion":"shenzhen","featureType":"infrastructure","railClass":"light_rail","mode":"light_rail","name":"轻铁","nameEn":"Light Rail","operator":"香港鐵路有限公司 MTR Corporation Limited","network":"港鐵 MTR","service":"yard","status":"operational","color":"#52636f","sourceKey":"way:1292842172"}},{"type":"Feature","geometry":{"type":"LineString","coordinates":[[113.9663312,22.381855],[113.9664076,22.3818218],[113.966447,22.3817972],[113.9664767,22.3817683],[113.9665089,22.3817262],[113.9665245,22.381685],[113.9665378,22.3816188]]},"properties":{"key":"way:1292842173@detail:455_89","osmType":"way","osmId":1292842173,"sourceRegion":"shenzhen","featureType":"infrastructure","railClass":"light_rail","mode":"light_rail","name":"轻铁","nameEn":"Light Rail","operator":"香港鐵路有限公司 MTR Corporation Limited","network":"港鐵 MTR","service":"yard","status":"operational","color":"#52636f","sourceKey":"way:1292842173"}},{"type":"Feature","geometry":{"type":"LineString","coordinates":[[113.9650819,22.3824424],[113.9651269,22.3824069],[113.9651684,22.3823836],[113.9653204,22.3823229]]},"properties":{"key":"way:1292842174@detail:455_89","osmType":"way","osmId":1292842174,"sourceRegion":"shenzhen","featureType":"infrastructure","railClass":"light_rail","mode":"light_rail","name":"輕鐵","nameEn":"Light Rail","operator":"香港鐵路有限公司 MTR Corporation Limited","network":"港鐵 MTR","service":"yard","status":"operational","color":"#52636f","sourceKey":"way:1292842174"}},{"type":"Feature","geometry":{"type":"LineString","coordinates":[[113.9653401,22.3823636],[113.9662917,22.3819698],[113.9663709,22.381937]]},"properties":{"key":"way:1292842175@detail:455_89","osmType":"way","osmId":1292842175,"sourceRegion":"shenzhen","featureType":"infrastructure","railClass":"light_rail","mode":"light_rail","name":"轻铁","nameEn":"Light Rail","operator":"香港鐵路有限公司 MTR Corporation Limited","network":"港鐵 MTR","service":"yard","status":"operational","color":"#52636f","sourceKey":"way:1292842175"}},{"type":"Feature","geometry":{"type":"LineString","coordinates":[[113.9665274,22.3817725],[113.966548,22.3817456],[113.9665622,22.3817189],[113.9665748,22.3816775]]},"properties":{"key":"way:1292842178@detail:455_89","osmType":"way","osmId":1292842178,"sourceRegion":"shenzhen","featureType":"infrastructure","railClass":"light_rail","mode":"light_rail","name":"轻铁","nameEn":"Light Rail","operator":"香港鐵路有限公司 MTR Corporation Limited","network":"港鐵 MTR","service":"yard","status":"operational","color":"#52636f","sourceKey":"way:1292842178"}},{"type":"Feature","geometry":{"type":"LineString","coordinates":[[113.965001,22.3825359],[113.9650557,22.3824942],[113.9650957,22.3824681],[113.9651328,22.3824512],[113.9653401,22.3823636]]},"properties":{"key":"way:1292842179@detail:455_89","osmType":"way","osmId":1292842179,"sourceRegion":"shenzhen","featureType":"infrastructure","railClass":"light_rail","mode":"light_rail","name":"輕鐵","nameEn":"Light Rail","operator":"香港鐵路有限公司 MTR Corporation Limited","network":"港鐵 MTR","service":"yard","status":"operational","color":"#52636f","sourceKey":"way:1292842179"}},{"type":"Feature","geometry":{"type":"LineString","coordinates":[[113.9642971,22.3839977],[113.9642982,22.3839936],[113.9642171,22.3837977],[113.9639887,22.3833483],[113.9639715,22.3833122],[113.9639612,22.3832739],[113.963958,22.3832346],[113.963962,22.3831954],[113.9639733,22.3831568],[113.9639916,22.3831206],[113.9640162,22.3830888],[113.9640343,22.383071],[113.9640641,22.3830472],[113.964078,22.3830395],[113.9640982,22.3830282],[113.9641352,22.3830147],[113.9641788,22.3829979]]},"properties":{"key":"way:1292842200@detail:455_89","osmType":"way","osmId":1292842200,"sourceRegion":"shenzhen","featureType":"infrastructure","railClass":"light_rail","mode":"light_rail","name":"轻铁","nameEn":"Light Rail","operator":"香港鐵路有限公司 MTR Corporation Limited","network":"港鐵 MTR","service":"spur","status":"operational","color":"#52636f","sourceKey":"way:1292842200"}},{"type":"Feature","geometry":{"type":"LineString","coordinates":[[113.9746593,22.3832517],[113.9747173,22.383239],[113.97475,22.3832225],[113.974776,22.3832057],[113.9747994,22.3831863],[113.9748219,22.3831639],[113.9748441,22.3831252],[113.9748649,22.3830868],[113.9750423,22.3827374]]},"properties":{"key":"way:1344038739@detail:455_89","osmType":"way","osmId":1344038739,"sourceRegion":"shenzhen","featureType":"infrastructure","railClass":"light_rail","mode":"light_rail","name":"輕鐵","nameEn":"Light Rail","operator":"香港鐵路有限公司 MTR Corporation Limited","network":"港鐵 MTR","usage":"branch","status":"operational","color":"#52636f","sourceKey":"way:1344038739"}},{"type":"Feature","geometry":{"type":"LineString","coordinates":[[113.9797569,22.4145056],[113.9799606,22.4149168],[113.98036,22.4157354],[113.980762,22.416492]]},"properties":{"key":"way:1369943435@detail:455_89","osmType":"way","osmId":1369943435,"sourceRegion":"shenzhen","featureType":"infrastructure","railClass":"national","mode":"rail","name":"港铁屯马线","nameEn":"MTR Tuen Ma Line","ref":"TML","operator":"香港鐵路有限公司 MTR Corporation Limited","network":"港鐵 MTR","usage":"main","bridge":"viaduct","status":"operational","color":"#E54848","sourceKey":"way:1369943435"}},{"type":"Feature","geometry":{"type":"LineString","coordinates":[[113.9808063,22.4164738],[113.9803978,22.4156774],[113.9800982,22.4150494],[113.979983,22.4147917],[113.9798556,22.4144423]]},"properties":{"key":"way:1369943436@detail:455_89","osmType":"way","osmId":1369943436,"sourceRegion":"shenzhen","featureType":"infrastructure","railClass":"national","mode":"rail","name":"港铁屯马线","nameEn":"MTR Tuen Ma Line","ref":"TML","operator":"香港鐵路有限公司 MTR Corporation Limited","network":"港鐵 MTR","usage":"main","bridge":"viaduct","status":"operational","color":"#E54848","sourceKey":"way:1369943436"}},{"type":"Feature","geometry":{"type":"LineString","coordinates":[[113.9815345,22.4179042],[113.9814058,22.4176514],[113.980889,22.4166363],[113.9808063,22.4164738]]},"properties":{"key":"way:1369943437@detail:455_89","osmType":"way","osmId":1369943437,"sourceRegion":"shenzhen","featureType":"infrastructure","railClass":"national","mode":"rail","name":"港铁屯马线","nameEn":"MTR Tuen Ma Line","ref":"TML","operator":"香港鐵路有限公司 MTR Corporation Limited","network":"港鐵 MTR","usage":"main","bridge":"viaduct","status":"operational","color":"#E54848","sourceKey":"way:1369943437"}},{"type":"Feature","geometry":{"type":"LineString","coordinates":[[113.980762,22.416492],[113.9808447,22.4166541],[113.9813625,22.4176693],[113.9814917,22.4179227]]},"properties":{"key":"way:1369943438@detail:455_89","osmType":"way","osmId":1369943438,"sourceRegion":"shenzhen","featureType":"infrastructure","railClass":"national","mode":"rail","name":"港铁屯马线","nameEn":"MTR Tuen Ma Line","ref":"TML","operator":"香港鐵路有限公司 MTR Corporation Limited","network":"港鐵 MTR","usage":"main","bridge":"viaduct","status":"operational","color":"#E54848","sourceKey":"way:1369943438"}},{"type":"Feature","geometry":{"type":"LineString","coordinates":[[113.9814058,22.4176514],[113.9812715,22.4174075],[113.9811449,22.4171921],[113.9809929,22.4169255],[113.9808447,22.4166541]]},"properties":{"key":"way:1372952247@detail:455_89","osmType":"way","osmId":1372952247,"sourceRegion":"shenzhen","featureType":"infrastructure","railClass":"minor","mode":"rail","name":"港铁屯马线","nameEn":"MTR Tuen Ma Line","ref":"TML","operator":"香港鐵路有限公司 MTR Corporation Limited","network":"港鐵 MTR","service":"crossover","bridge":"viaduct","status":"operational","color":"#52636f","sourceKey":"way:1372952247"}},{"type":"Feature","geometry":{"type":"LineString","coordinates":[[113.9813625,22.4176693],[113.981245,22.4174197],[113.9811449,22.4171921],[113.9810195,22.4169112],[113.980889,22.4166363]]},"properties":{"key":"way:1372952248@detail:455_89","osmType":"way","osmId":1372952248,"sourceRegion":"shenzhen","featureType":"infrastructure","railClass":"minor","mode":"rail","name":"港铁屯马线","nameEn":"MTR Tuen Ma Line","ref":"TML","operator":"香港鐵路有限公司 MTR Corporation Limited","network":"港鐵 MTR","service":"crossover","bridge":"viaduct","status":"operational","color":"#52636f","sourceKey":"way:1372952248"}},{"type":"Feature","geometry":{"type":"LineString","coordinates":[[114.0,22.454792496962433],[113.9996123,22.4554867],[113.9995676,22.4555613],[113.9995184,22.455644],[113.9993853,22.4558814],[113.999251,22.4561192],[113.9984939,22.4574728],[113.9984477,22.4575533],[113.9983957,22.4576468],[113.9980258,22.4583086],[113.9979998,22.4583551],[113.9979259,22.458481]]},"properties":{"key":"way:1384231642@detail:455_89","osmType":"way","osmId":1384231642,"sourceRegion":"shenzhen","featureType":"infrastructure","railClass":"light_rail","mode":"light_rail","name":"輕鐵","nameEn":"Light Rail","operator":"香港鐵路有限公司 MTR Corporation Limited","network":"港鐵 MTR","usage":"main","status":"operational","color":"#52636f","sourceKey":"way:1384231642"}},{"type":"Feature","geometry":{"type":"LineString","coordinates":[[113.9979839,22.4584538],[113.9980333,22.4583713],[113.9984268,22.4576621],[113.9984779,22.4575696],[113.9985257,22.4574872],[113.9992805,22.4561333],[113.9994144,22.4558962],[113.999551,22.4556611],[113.9996019,22.4555787],[113.9996455,22.4555033],[114.0,22.45487278838364]]},"properties":{"key":"way:1384231644@detail:455_89","osmType":"way","osmId":1384231644,"sourceRegion":"shenzhen","featureType":"infrastructure","railClass":"light_rail","mode":"light_rail","name":"輕鐵","nameEn":"Light Rail","operator":"香港鐵路有限公司 MTR Corporation Limited","network":"港鐵 MTR","usage":"main","status":"operational","color":"#52636f","sourceKey":"way:1384231644"}},{"type":"Feature","geometry":{"type":"LineString","coordinates":[[113.8918883,22.4723563],[113.8924973,22.4724546],[113.8936282,22.4726878],[113.8962763,22.4733586]]},"properties":{"key":"way:1464087529@detail:455_89","osmType":"way","osmId":1464087529,"sourceRegion":"shenzhen","featureType":"infrastructure","railClass":"metro","mode":"subway","name":"深圳地铁12号线","nameEn":"Shenzhen Metro Line 12","operator":"深圳地铁运营集团","usage":"main","tunnel":"yes","status":"operational","color":"#52636f","sourceKey":"way:1464087529"}},{"type":"Feature","geometry":{"type":"LineString","coordinates":[[113.8962422,22.4734635],[113.8935472,22.4727684],[113.8924874,22.4725541],[113.8918718,22.4724341]]},"properties":{"key":"way:1464087530@detail:455_89","osmType":"way","osmId":1464087530,"sourceRegion":"shenzhen","featureType":"infrastructure","railClass":"metro","mode":"subway","name":"深圳地铁12号线","nameEn":"Shenzhen Metro Line 12","operator":"深圳地铁运营集团","usage":"main","tunnel":"yes","status":"operational","color":"#52636f","sourceKey":"way:1464087530"}},{"type":"Feature","geometry":{"type":"LineString","coordinates":[[113.9812262,22.4176039],[113.9817121,22.4184953],[113.9818293,22.4186953],[113.9819656,22.4188987],[113.9822295,22.4192777],[113.982596,22.4197296],[113.9831606,22.4203205],[113.9839927,22.4211621],[113.9840268,22.4211966],[113.9840667,22.4212402],[113.9841099,22.4212837],[113.9847399,22.4219126]]},"properties":{"key":"way:1473941285@detail:455_89","osmType":"way","osmId":1473941285,"sourceRegion":"shenzhen","featureType":"infrastructure","railClass":"light_rail","mode":"light_rail","name":"轻铁","nameEn":"Light Rail","operator":"香港鐵路有限公司 MTR Corporation Limited","network":"港鐵 MTR","usage":"main","status":"operational","color":"#52636f","sourceKey":"way:1473941285"}},{"type":"Feature","geometry":{"type":"LineString","coordinates":[[113.9847707,22.4218922],[113.9841508,22.4212619],[113.9840999,22.4212102],[113.9840607,22.4211693],[113.9840253,22.4211339],[113.9836162,22.4207249],[113.9831888,22.4202938],[113.9826262,22.4197025],[113.9822655,22.4192552],[113.9820934,22.4190296],[113.9819948,22.4188831],[113.9818604,22.4186794],[113.9817461,22.418477],[113.9813143,22.417675],[113.9812229,22.4174969]]},"properties":{"key":"way:1473941286@detail:455_89","osmType":"way","osmId":1473941286,"sourceRegion":"shenzhen","featureType":"infrastructure","railClass":"light_rail","mode":"light_rail","name":"轻铁","nameEn":"Light Rail","operator":"香港鐵路有限公司 MTR Corporation Limited","network":"港鐵 MTR","usage":"main","status":"operational","color":"#52636f","sourceKey":"way:1473941286"}},{"type":"Feature","geometry":{"type":"LineString","coordinates":[[113.9849704,22.4220943],[113.9849531,22.4220778],[113.9849228,22.4220469],[113.9847707,22.4218922]]},"properties":{"key":"way:1473941287@detail:455_89","osmType":"way","osmId":1473941287,"sourceRegion":"shenzhen","featureType":"infrastructure","railClass":"light_rail","mode":"light_rail","name":"轻铁","nameEn":"Light Rail","operator":"香港鐵路有限公司 MTR Corporation Limited","network":"港鐵 MTR","usage":"main","bridge":"yes","status":"operational","color":"#52636f","sourceKey":"way:1473941287"}},{"type":"Feature","geometry":{"type":"LineString","coordinates":[[113.9847399,22.4219126],[113.9849224,22.4221007],[113.9849373,22.4221158]]},"properties":{"key":"way:1473941288@detail:455_89","osmType":"way","osmId":1473941288,"sourceRegion":"shenzhen","featureType":"infrastructure","railClass":"light_rail","mode":"light_rail","name":"轻铁","nameEn":"Light Rail","operator":"香港鐵路有限公司 MTR Corporation Limited","network":"港鐵 MTR","usage":"main","bridge":"yes","status":"operational","color":"#52636f","sourceKey":"way:1473941288"}},{"type":"Feature","geometry":{"type":"MultiLineString","coordinates":[[[113.9994445,22.4669036],[113.9992344,22.4665694],[113.9992513,22.4665604],[113.9992681,22.4665514],[113.9994782,22.4668855],[113.9994445,22.4669036]],[[113.997643,22.4643651],[113.9977583,22.4647387],[113.997777,22.4647337],[113.9977957,22.4647288],[113.9976804,22.4643553],[113.9976617,22.4643602],[113.997643,22.4643651]],[[113.9969363,22.4618287],[113.9969536,22.4618205],[113.9969709,22.4618124],[113.9971435,22.4621378],[113.997126,22.4621457],[113.9971086,22.4621536],[113.9969363,22.4618287]],[[113.9993297,22.4596379],[113.9996752,22.4598056],[113.9996807,22.4597959],[113.9996934,22.4597732],[113.9993471,22.4596069],[113.9993351,22.4596284],[113.9993297,22.4596379]],[[113.9976296,22.4337257],[113.9976417,22.4337112],[113.9976538,22.4336967],[113.997365,22.4334906],[113.9973518,22.4335064],[113.9973408,22.4335196],[113.9976296,22.4337257]],[[113.9923735,22.4297841],[113.9923853,22.4297725],[113.9923951,22.4297628],[113.9921129,22.4295263],[113.9920914,22.4295476],[113.9923735,22.4297841]],[[113.9869738,22.4241537],[113.9867143,22.4238855],[113.9867064,22.423892],[113.9866972,22.4238996],[113.9869567,22.4241679],[113.9869641,22.4241617],[113.9869738,22.4241537]],[[113.9819082,22.4186793],[113.9821075,22.4189714],[113.9821273,22.4189598],[113.9820601,22.4188612],[113.9819281,22.4186677],[113.9819185,22.4186733],[113.9819082,22.4186793]],[[113.9784141,22.4115812],[113.9783874,22.4116227],[113.9784093,22.4116972],[113.9783951,22.4117007],[113.9783788,22.4117057],[113.9785509,22.4122509],[113.9785667,22.4122458],[113.9785806,22.4122435],[113.9785489,22.4121406],[113.9785808,22.4121317],[113.9785453,22.4120145],[113.9784982,22.4118589],[113.9784141,22.4115812]],[[113.9771909,22.4079572],[113.9772263,22.407948],[113.9771218,22.4076021],[113.9771015,22.4076073],[113.9770863,22.4076113],[113.9771909,22.4079572]],[[113.9759307,22.4036797],[113.9759595,22.4036725],[113.9758566,22.4033222],[113.9758279,22.4033294],[113.9759307,22.4036797]],[[113.9747029,22.4004708],[113.9747258,22.4004551],[113.9744944,22.4001661],[113.9744867,22.4001713],[113.9744715,22.4001817],[113.9747029,22.4004708]],[[113.9732012,22.3975885],[113.9731051,22.3972415],[113.973096,22.3972437],[113.973079,22.3972477],[113.9731751,22.3975946],[113.9732012,22.3975885]],[[113.9727441,22.3940565],[113.9727621,22.3941184],[113.9728177,22.3941052],[113.9730261,22.3940595],[113.9730851,22.394045],[113.9730741,22.3940039],[113.973123,22.3939932],[113.9731347,22.3940346],[113.9732098,22.3940182],[113.973197,22.3939681],[113.9733171,22.3939426],[113.9733296,22.3939912],[113.9734979,22.3939554],[113.9734875,22.3939127],[113.9735607,22.3938972],[113.9735321,22.3937812],[113.9726507,22.3939763],[113.9726773,22.3940707],[113.9727441,22.3940565]],[[113.9750902,22.3915187],[113.9751051,22.3915184],[113.9751315,22.3915181],[113.9751388,22.3915179],[113.9751351,22.3913293],[113.9751251,22.3913303],[113.975108,22.3913297],[113.9751056,22.3912077],[113.9750934,22.3912079],[113.9750841,22.3912081],[113.9750902,22.3915187]],[[113.9733994,22.3867514],[113.9737758,22.3867467],[113.9737753,22.3867154],[113.973399,22.3867201],[113.9733994,22.3867514]],[[113.9993185,22.4667478],[113.9992134,22.4665807],[113.9991331,22.466453],[113.9991173,22.4664282],[113.999115,22.4664246],[113.9990936,22.466398],[113.9990694,22.4663737],[113.9990426,22.4663519],[113.9989109,22.4662624]],[[113.9989109,22.4662624],[113.9988722,22.4662379],[113.9988314,22.4662174],[113.9987873,22.4662039],[113.9987485,22.466199],[113.9987413,22.4661981],[113.9986949,22.4662],[113.9986496,22.4662095]],[[113.9986496,22.4662095],[113.9986056,22.4662204],[113.9985604,22.4662248],[113.9985149,22.4662225],[113.9984704,22.4662137],[113.998428,22.4661986],[113.9983835,22.4661742],[113.9983444,22.4661428],[113.998312,22.4661126]],[[113.998312,22.4661126],[113.9983057,22.4660999],[113.9982543,22.4660053],[113.9981483,22.4657836],[113.9980427,22.4655483],[113.9979436,22.4653105],[113.9978509,22.4650701],[113.9977479,22.4647704],[113.9977396,22.4647436],[113.9976819,22.4645568],[113.9976243,22.4643701],[113.9975849,22.4642425],[113.9975084,22.4639605],[113.9974015,22.4634612]],[[113.9974015,22.4634612],[113.9972533,22.4625389],[113.9972492,22.4625213],[113.9972412,22.462487],[113.9972245,22.4624331],[113.997204,22.4623804],[113.9971803,22.4623299],[113.9970911,22.4621615],[113.9970051,22.4619992],[113.996919,22.4618369],[113.9968673,22.4617381],[113.9968493,22.4616866],[113.9968366,22.4616351],[113.996829,22.4615828],[113.9968263,22.4615288],[113.9968291,22.4613828],[113.9968294,22.4613649],[113.9968348,22.4610244],[113.9968391,22.4608969]],[[113.9968391,22.4608969],[113.9968432,22.46083],[113.9968495,22.4607657],[113.9968618,22.4606744],[113.9968825,22.4605684],[113.996911,22.4604573],[113.9969406,22.460364],[113.9969716,22.4602826],[113.9970128,22.4601883],[113.9970456,22.4601226],[113.9970534,22.460107],[113.9970796,22.4600579],[113.9972018,22.4598346],[113.9973038,22.4596608],[113.9974867,22.4593314]],[[113.9974867,22.4593314],[113.9975305,22.4592597],[113.9976009,22.4591343],[113.9976238,22.4590936]],[[113.9976238,22.4590936],[113.9976392,22.4590722],[113.997658,22.4590498],[113.9976761,22.4590318],[113.9976999,22.4590109],[113.9977228,22.4589942],[113.9977485,22.4589791],[113.9977759,22.4589663],[113.9978064,22.4589554],[113.9978378,22.4589474],[113.9978641,22.4589435],[113.9978897,22.4589412],[113.9979121,22.4589412],[113.9979454,22.4589435],[113.9979742,22.4589472],[113.9979859,22.4589473],[113.9980161,22.4589545],[113.99804,22.4589626],[113.9980677,22.4589719],[113.998092,22.4589818],[113.9981199,22.4589947]],[[113.9981199,22.4589947],[113.9982868,22.4590759],[113.9993177,22.4595777],[113.9995715,22.4597012],[113.9998225,22.4598228],[114.0,22.45990880749925]],[[114.0,22.435444953178653],[113.9998084,22.4353115],[113.9995586,22.4351176],[113.9994053,22.4350076],[113.9993193,22.4349458],[113.9990608,22.4347549],[113.9985812,22.4344188],[113.9984659,22.4343376],[113.9976598,22.4337709],[113.9974676,22.4336358],[113.9963135,22.432809],[113.9962358,22.4327574],[113.9954643,22.4322122],[113.9951562,22.431997],[113.9949768,22.4318728],[113.9948469,22.4317846],[113.9947232,22.4316963],[113.9945822,22.4315893],[113.9944456,22.431484],[113.9943112,22.4313766],[113.9939943,22.4311222],[113.9932437,22.4305219],[113.9931585,22.4304499],[113.9930519,22.4303625],[113.9924606,22.4298594],[113.9922253,22.4296735],[113.9917474,22.4292722],[113.9914853,22.4290072],[113.991422,22.4289431],[113.9913731,22.4288921],[113.9903639,22.4278392],[113.9902901,22.4277596],[113.9901476,22.4276166],[113.990099,22.4275647],[113.9891302,22.4265287],[113.9890798,22.4264768],[113.9890353,22.4264284],[113.9873102,22.4245539],[113.9872564,22.4244954],[113.9872292,22.4244676],[113.986814,22.424044],[113.9866045,22.4238234],[113.9863809,22.4235915],[113.9850826,22.4222074],[113.9850621,22.4221855],[113.9850331,22.4221565],[113.9849862,22.4221099],[113.9849704,22.4220943]],[[113.9849704,22.4220943],[113.9849531,22.4220778],[113.9849228,22.4220469],[113.9847707,22.4218922]],[[113.9847707,22.4218922],[113.9841508,22.4212619],[113.9840999,22.4212102],[113.9840607,22.4211693],[113.9840253,22.4211339],[113.9836162,22.4207249],[113.9831888,22.4202938],[113.9826262,22.4197025],[113.9822655,22.4192552],[113.9820934,22.4190296],[113.9819948,22.4188831],[113.9818604,22.4186794],[113.9817461,22.418477],[113.9813143,22.417675],[113.9812229,22.4174969]],[[113.9812229,22.4174969],[113.9810717,22.4172022]],[[113.9810717,22.4172022],[113.9804534,22.4159974]],[[113.9804534,22.4159974],[113.980311,22.4157199],[113.979814,22.4147732],[113.9797492,22.4146634],[113.9796838,22.4145701],[113.9795583,22.4144178],[113.9794518,22.4142879]],[[113.9794518,22.4142879],[113.979194,22.4139845],[113.9791343,22.4139185],[113.979071,22.4138449],[113.9790203,22.4137793],[113.9789689,22.41371],[113.9789159,22.4136202],[113.9788715,22.413535],[113.9788345,22.4134416],[113.978802,22.4133451],[113.9787741,22.4132431],[113.9787301,22.4130553],[113.9786243,22.4125511]],[[113.9786243,22.4125511],[113.9786122,22.4124951],[113.9786008,22.4124512],[113.9785867,22.4124038],[113.9785677,22.4123443],[113.9785561,22.4123097],[113.9785459,22.412281]],[[113.9785459,22.412281],[113.9784408,22.4119631]],[[113.9784408,22.4119631],[113.9783454,22.4116745]],[[113.9783454,22.4116745],[113.9783383,22.4116518],[113.9782786,22.4114549]],[[113.9782786,22.4114549],[113.9782318,22.4112941]],[[113.9782318,22.4112941],[113.9782237,22.411232],[113.9782188,22.4111847],[113.9782157,22.4111223],[113.9782128,22.4110536],[113.9782021,22.4109961],[113.9781915,22.4109538],[113.9778136,22.4096566],[113.9777924,22.409596],[113.9777678,22.4095392],[113.9777355,22.4094791],[113.9776397,22.4093417]],[[113.9776397,22.4093417],[113.9776064,22.409292],[113.9775822,22.4092475],[113.9775634,22.4091994],[113.9775521,22.4091633],[113.9775036,22.4089869]],[[113.9775036,22.4089869],[113.9771307,22.4078086],[113.9770382,22.4074952],[113.9758686,22.4035116],[113.9757758,22.4031955],[113.9757083,22.402967],[113.9755853,22.4024722]],[[113.9755853,22.4024722],[113.9754772,22.4020347]],[[113.9754772,22.4020347],[113.9753935,22.4017],[113.9753604,22.4015949],[113.9753107,22.4014646],[113.9752755,22.401387],[113.9752404,22.4013164],[113.9751165,22.4010973],[113.9749941,22.4008915],[113.9749278,22.4007886],[113.9748546,22.4006854],[113.9747885,22.4005995],[113.9745756,22.4003342],[113.9743725,22.4000788],[113.974313,22.4000059],[113.9738108,22.3993771],[113.9737208,22.3992546],[113.9736501,22.3991505],[113.9735993,22.3990666],[113.9735517,22.3989828],[113.9735131,22.3989053],[113.9734847,22.3988433],[113.9734521,22.3987645],[113.973423,22.3986869],[113.973395,22.3985956],[113.973374,22.3985155],[113.9733451,22.3983878],[113.9733188,22.3982609],[113.9732756,22.3980406],[113.9732576,22.3979602],[113.9732246,22.3978334],[113.9731181,22.397448],[113.9730141,22.3970809],[113.9729073,22.3966925],[113.9725476,22.3953955]],[[113.9725476,22.3953955],[113.9723204,22.3945669]],[[113.9723204,22.3945669],[113.9722783,22.3944193],[113.9722725,22.3943942],[113.9722698,22.3943735],[113.9722682,22.3943413],[113.9722694,22.3943119],[113.9722736,22.3942806],[113.9722792,22.3942531],[113.9722906,22.3942209],[113.9723042,22.3941906],[113.972318,22.3941639]],[[113.972318,22.3941639],[113.9723501,22.3941233],[113.9723861,22.3940854],[113.9724252,22.3940491],[113.9724666,22.394017],[113.9725163,22.3939883],[113.9725721,22.3939677],[113.9730817,22.3938547],[113.9736365,22.393737],[113.973704,22.3937297],[113.9737767,22.3937308],[113.9738467,22.3937434],[113.9739054,22.3937591],[113.9743188,22.393893]],[[113.9743188,22.393893],[113.9743926,22.3938932],[113.9744485,22.3938799],[113.9744948,22.3938622],[113.9745359,22.3938359],[113.9745702,22.3938053],[113.9745957,22.3937722],[113.9746187,22.3937241],[113.9746462,22.3936682]],[[113.9746462,22.3936682],[113.9746934,22.3935253],[113.9747184,22.3934673],[113.9747622,22.3933911],[113.9748281,22.3932963],[113.9748853,22.3931997],[113.9749346,22.3930902]],[[113.9749346,22.3930902],[113.9749757,22.3929762],[113.9750108,22.3928313],[113.9750269,22.3927041],[113.9750311,22.3926005],[113.9750231,22.3924668],[113.9750151,22.3923505],[113.9750029,22.3921529]],[[113.9750029,22.3921529],[113.9750029,22.3920735],[113.9750092,22.3920069],[113.9750229,22.3919379],[113.9750429,22.3918667],[113.9750596,22.3917984],[113.9750686,22.3917464],[113.9750727,22.3916893],[113.9750738,22.3916359],[113.9750666,22.3913686],[113.9750572,22.3910505],[113.9750501,22.3906037],[113.9750526,22.3904926],[113.9750592,22.3903956],[113.9750754,22.3902579]],[[113.9750754,22.3902579],[113.9751529,22.3898256],[113.9751753,22.3896298],[113.9751877,22.3892082],[113.9751971,22.388824]],[[113.9751971,22.388824],[113.9751774,22.3887525],[113.9751577,22.3887033],[113.9751062,22.3886453],[113.9750987,22.3886413],[113.9750339,22.3886066],[113.9749656,22.3885873],[113.9748728,22.3885743],[113.974779,22.3885693],[113.974181,22.3885647],[113.9740965,22.388564],[113.9735624,22.3885599],[113.9732524,22.3885575],[113.9731711,22.3885576],[113.9731275,22.3885564],[113.9730857,22.388545],[113.9730579,22.3885306],[113.9730335,22.3885117],[113.9730122,22.3884874],[113.9729964,22.3884596],[113.9729858,22.3884226],[113.9729851,22.3883843],[113.9729741,22.3878638],[113.9729634,22.3874773],[113.9729455,22.3870147],[113.9729529,22.3869495],[113.9729933,22.386859],[113.9730534,22.3867946],[113.973101,22.3867635],[113.973154,22.3867411],[113.9732322,22.3867261],[113.9733936,22.3867068],[113.9735852,22.3867019]]]},"properties":{"key":"relation:2926506@detail:455_89","osmType":"relation","osmId":2926506,"sourceRegion":"shenzhen","featureType":"service","railClass":"light_rail","mode":"light_rail","name":"輕鐵751綫（天逸 → 友愛）","nameEn":"Light Rail 751 (Tin Yat → Yau Oi)","ref":"751","operator":"香港鐵路有限公司 MTR Corporation Limited","network":"輕鐵 Light Rail","status":"operational","color":"#F58C14","sourceKey":"relation:2926506"}},{"type":"Feature","geometry":{"type":"MultiLineString","coordinates":[[[113.9994445,22.4669036],[113.9992344,22.4665694],[113.9992513,22.4665604],[113.9992681,22.4665514],[113.9994782,22.4668855],[113.9994445,22.4669036]],[[113.997643,22.4643651],[113.9977583,22.4647387],[113.997777,22.4647337],[113.9977957,22.4647288],[113.9976804,22.4643553],[113.9976617,22.4643602],[113.997643,22.4643651]],[[113.9969363,22.4618287],[113.9969536,22.4618205],[113.9969709,22.4618124],[113.9971435,22.4621378],[113.997126,22.4621457],[113.9971086,22.4621536],[113.9969363,22.4618287]],[[113.9993297,22.4596379],[113.9996752,22.4598056],[113.9996807,22.4597959],[113.9996934,22.4597732],[113.9993471,22.4596069],[113.9993351,22.4596284],[113.9993297,22.4596379]],[[113.9993185,22.4667478],[113.9992134,22.4665807],[113.9991331,22.466453],[113.9991173,22.4664282],[113.999115,22.4664246],[113.9990936,22.466398],[113.9990694,22.4663737],[113.9990426,22.4663519],[113.9989109,22.4662624]],[[113.9989109,22.4662624],[113.9988722,22.4662379],[113.9988314,22.4662174],[113.9987873,22.4662039],[113.9987485,22.466199],[113.9987413,22.4661981],[113.9986949,22.4662],[113.9986496,22.4662095]],[[113.9986496,22.4662095],[113.9986056,22.4662204],[113.9985604,22.4662248],[113.9985149,22.4662225],[113.9984704,22.4662137],[113.998428,22.4661986],[113.9983835,22.4661742],[113.9983444,22.4661428],[113.998312,22.4661126]],[[113.998312,22.4661126],[113.9983057,22.4660999],[113.9982543,22.4660053],[113.9981483,22.4657836],[113.9980427,22.4655483],[113.9979436,22.4653105],[113.9978509,22.4650701],[113.9977479,22.4647704],[113.9977396,22.4647436],[113.9976819,22.4645568],[113.9976243,22.4643701],[113.9975849,22.4642425],[113.9975084,22.4639605],[113.9974015,22.4634612]],[[113.9974015,22.4634612],[113.9972533,22.4625389],[113.9972492,22.4625213],[113.9972412,22.462487],[113.9972245,22.4624331],[113.997204,22.4623804],[113.9971803,22.4623299],[113.9970911,22.4621615],[113.9970051,22.4619992],[113.996919,22.4618369],[113.9968673,22.4617381],[113.9968493,22.4616866],[113.9968366,22.4616351],[113.996829,22.4615828],[113.9968263,22.4615288],[113.9968291,22.4613828],[113.9968294,22.4613649],[113.9968348,22.4610244],[113.9968391,22.4608969]],[[113.9968391,22.4608969],[113.9968432,22.46083],[113.9968495,22.4607657],[113.9968618,22.4606744],[113.9968825,22.4605684],[113.996911,22.4604573],[113.9969406,22.460364],[113.9969716,22.4602826],[113.9970128,22.4601883],[113.9970456,22.4601226],[113.9970534,22.460107],[113.9970796,22.4600579],[113.9972018,22.4598346],[113.9973038,22.4596608],[113.9974867,22.4593314]],[[113.9974867,22.4593314],[113.9975305,22.4592597],[113.9976009,22.4591343],[113.9976238,22.4590936]],[[113.9976238,22.4590936],[113.9976392,22.4590722],[113.997658,22.4590498],[113.9976761,22.4590318],[113.9976999,22.4590109],[113.9977228,22.4589942],[113.9977485,22.4589791],[113.9977759,22.4589663],[113.9978064,22.4589554],[113.9978378,22.4589474],[113.9978641,22.4589435],[113.9978897,22.4589412],[113.9979121,22.4589412],[113.9979454,22.4589435],[113.9979742,22.4589472],[113.9979859,22.4589473],[113.9980161,22.4589545],[113.99804,22.4589626],[113.9980677,22.4589719],[113.998092,22.4589818],[113.9981199,22.4589947]],[[113.9981199,22.4589947],[113.9982868,22.4590759],[113.9993177,22.4595777],[113.9995715,22.4597012],[113.9998225,22.4598228],[114.0,22.45990880749925]]]},"properties":{"key":"relation:2929802@detail:455_89","osmType":"relation","osmId":2929802,"sourceRegion":"shenzhen","featureType":"service","railClass":"light_rail","mode":"light_rail","name":"輕鐵751P綫（天逸 → 天水圍）","nameEn":"Light Rail 751P (Tin Yat → Tin Shui Wai)","ref":"751P","operator":"香港鐵路有限公司 MTR Corporation Limited","network":"輕鐵 Light Rail","status":"operational","color":"#000000","sourceKey":"relation:2929802"}},{"type":"Feature","geometry":{"type":"MultiLineString","coordinates":[[[113.9987675,22.4668202],[113.9987496,22.4668298],[113.9987339,22.4668382],[113.998944,22.4671724],[113.9989619,22.4671627],[113.9989776,22.4671543],[113.9987675,22.4668202]],[[113.997643,22.4643651],[113.9977583,22.4647387],[113.997777,22.4647337],[113.9977957,22.4647288],[113.9976804,22.4643553],[113.9976617,22.4643602],[113.997643,22.4643651]],[[113.9969363,22.4618287],[113.9969536,22.4618205],[113.9969709,22.4618124],[113.9971435,22.4621378],[113.997126,22.4621457],[113.9971086,22.4621536],[113.9969363,22.4618287]],[[113.9993587,22.4561131],[113.9995401,22.4557972],[113.9995256,22.4557901],[113.9995135,22.4557841],[113.999332,22.4561],[113.9993463,22.4561071],[113.9993587,22.4561131]],[[114.0,22.46879834231177],[113.9999282,22.468697],[113.9993595,22.4678434]],[[113.9993595,22.4678434],[113.9991676,22.4675479],[113.9989394,22.4672],[113.9989272,22.4671814],[113.9988215,22.4670133],[113.9987171,22.4668473],[113.9986519,22.4667393],[113.9986284,22.4667003],[113.9986027,22.4666571],[113.9985108,22.4664933],[113.9984721,22.4664228],[113.9983789,22.466247],[113.998312,22.4661126]],[[113.998312,22.4661126],[113.9983057,22.4660999],[113.9982543,22.4660053],[113.9981483,22.4657836],[113.9980427,22.4655483],[113.9979436,22.4653105],[113.9978509,22.4650701],[113.9977479,22.4647704],[113.9977396,22.4647436],[113.9976819,22.4645568],[113.9976243,22.4643701],[113.9975849,22.4642425],[113.9975084,22.4639605],[113.9974015,22.4634612]],[[113.9974015,22.4634612],[113.9972533,22.4625389],[113.9972492,22.4625213],[113.9972412,22.462487],[113.9972245,22.4624331],[113.997204,22.4623804],[113.9971803,22.4623299],[113.9970911,22.4621615],[113.9970051,22.4619992],[113.996919,22.4618369],[113.9968673,22.4617381],[113.9968493,22.4616866],[113.9968366,22.4616351],[113.996829,22.4615828],[113.9968263,22.4615288],[113.9968291,22.4613828],[113.9968294,22.4613649],[113.9968348,22.4610244],[113.9968391,22.4608969]],[[113.9968391,22.4608969],[113.9968432,22.46083],[113.9968495,22.4607657],[113.9968618,22.4606744],[113.9968825,22.4605684],[113.996911,22.4604573],[113.9969406,22.460364],[113.9969716,22.4602826],[113.9970128,22.4601883],[113.9970456,22.4601226],[113.9970534,22.460107],[113.9970796,22.4600579],[113.9972018,22.4598346],[113.9973038,22.4596608],[113.9974867,22.4593314]],[[113.9974867,22.4593314],[113.9975305,22.4592597],[113.9976009,22.4591343],[113.9976238,22.4590936]],[[113.9976238,22.4590936],[113.9977422,22.4588831],[113.9978845,22.4586308],[113.9979839,22.4584538]],[[113.9979839,22.4584538],[113.9980333,22.4583713],[113.9984268,22.4576621],[113.9984779,22.4575696],[113.9985257,22.4574872],[113.9992805,22.4561333],[113.9994144,22.4558962],[113.999551,22.4556611],[113.9996019,22.4555787],[113.9996455,22.4555033],[114.0,22.45487278838364]]]},"properties":{"key":"relation:2941692@detail:455_89","osmType":"relation","osmId":2941692,"sourceRegion":"shenzhen","featureType":"service","railClass":"light_rail","mode":"light_rail","name":"輕鐵705綫（天水圍循環綫）","nameEn":"Light Rail 705 (Tin Shui Wai Circular)","ref":"705","operator":"香港鐵路有限公司 MTR Corporation Limited","network":"輕鐵 Light Rail","status":"operational","color":"#8CC022","sourceKey":"relation:2941692"}},{"type":"Feature","geometry":{"type":"MultiLineString","coordinates":[[[113.9992524,22.4560607],[113.9994324,22.4557407],[113.9994181,22.4557337],[113.9994067,22.4557274],[113.9992277,22.4560486],[113.9992423,22.4560562],[113.9992524,22.4560607]],[[113.9968325,22.4618779],[113.9968498,22.4618697],[113.9968671,22.4618615],[113.9970387,22.4621852],[113.9970212,22.4621931],[113.9970038,22.462201],[113.9968325,22.4618779]],[[113.9975308,22.4643947],[113.9975495,22.4643898],[113.9975682,22.4643848],[113.9976835,22.4647584],[113.9976648,22.4647633],[113.9976461,22.4647682],[113.9975308,22.4643947]],[[113.9988431,22.4672265],[113.998861,22.4672169],[113.9988767,22.4672085],[113.9986666,22.4668743],[113.9986487,22.4668839],[113.998633,22.4668924],[113.9988431,22.4672265]],[[113.9979259,22.458481],[113.9978301,22.4586488],[113.9978123,22.4586778]],[[113.9978123,22.4586778],[113.9977902,22.4587158],[113.9976403,22.4589787]],[[113.9976403,22.4589787],[113.9973745,22.4594505],[113.9972664,22.4596435],[113.9971678,22.4598188],[113.9970426,22.4600426],[113.9970101,22.4601026],[113.9970073,22.4601082],[113.9969752,22.4601724],[113.996935,22.460264],[113.9969054,22.4603405],[113.9968753,22.460432],[113.9968516,22.4605197],[113.9968328,22.4606047],[113.9968174,22.4606959],[113.9968094,22.4607573],[113.996804,22.460815],[113.9967997,22.4608937]],[[113.9967997,22.4608937],[113.9967963,22.4610073],[113.9967906,22.4613643],[113.9967902,22.4613822],[113.9967874,22.4615293],[113.9967902,22.461586],[113.9967972,22.4616375],[113.9968118,22.4616961],[113.99683,22.4617483],[113.9968844,22.4618533],[113.9969703,22.4620153],[113.9970562,22.4621773],[113.997145,22.4623449],[113.9971679,22.4623936],[113.9971875,22.4624441],[113.9972034,22.4624957],[113.9972112,22.4625289],[113.9972153,22.4625464],[113.9973612,22.4634669]],[[113.9973612,22.4634669],[113.9974706,22.4639688],[113.9975475,22.4642524],[113.9975869,22.4643799],[113.9976446,22.4645667],[113.9977022,22.4647534],[113.9977105,22.4647803],[113.9978143,22.4650822],[113.9979072,22.465323],[113.9980066,22.4655616],[113.9981126,22.4657978],[113.998169,22.4659163],[113.9982188,22.4660176],[113.9982671,22.4661132],[113.9983438,22.4662624],[113.9984535,22.4664694],[113.9984848,22.4665238]],[[113.9984848,22.4665238],[113.9985684,22.466674],[113.998595,22.4667188],[113.9986835,22.4668653],[113.9987878,22.4670313],[113.9988936,22.4671994],[113.9989058,22.467218],[113.9990967,22.4675087]],[[113.9990967,22.4675087],[113.9993261,22.4678619],[113.9998967,22.4687182],[113.999991,22.4688512],[114.0,22.468863560175702]],[[114.0,22.454792496962433],[113.9996123,22.4554867],[113.9995676,22.4555613],[113.9995184,22.455644],[113.9993853,22.4558814],[113.999251,22.4561192],[113.9984939,22.4574728],[113.9984477,22.4575533],[113.9983957,22.4576468],[113.9980258,22.4583086],[113.9979998,22.4583551],[113.9979259,22.458481]]]},"properties":{"key":"relation:2941790@detail:455_89","osmType":"relation","osmId":2941790,"sourceRegion":"shenzhen","featureType":"service","railClass":"light_rail","mode":"light_rail","name":"輕鐵706綫（天水圍循環綫）","nameEn":"Light Rail 706 (Tin Shui Wai Circular)","ref":"706","operator":"香港鐵路有限公司 MTR Corporation Limited","network":"輕鐵 Light Rail","status":"operational","color":"#BA85BB","sourceKey":"relation:2941790"}},{"type":"Feature","geometry":{"type":"MultiLineString","coordinates":[[[113.9992524,22.4560607],[113.9994324,22.4557407],[113.9994181,22.4557337],[113.9994067,22.4557274],[113.9992277,22.4560486],[113.9992423,22.4560562],[113.9992524,22.4560607]],[[113.9968325,22.4618779],[113.9968498,22.4618697],[113.9968671,22.4618615],[113.9970387,22.4621852],[113.9970212,22.4621931],[113.9970038,22.462201],[113.9968325,22.4618779]],[[113.9975308,22.4643947],[113.9975495,22.4643898],[113.9975682,22.4643848],[113.9976835,22.4647584],[113.9976648,22.4647633],[113.9976461,22.4647682],[113.9975308,22.4643947]],[[113.9991924,22.466592],[113.9991756,22.466601],[113.9991588,22.4666101],[113.9993689,22.4669442],[113.9994025,22.4669261],[113.9991924,22.466592]],[[114.0,22.454792496962433],[113.9996123,22.4554867],[113.9995676,22.4555613],[113.9995184,22.455644],[113.9993853,22.4558814],[113.999251,22.4561192],[113.9984939,22.4574728],[113.9984477,22.4575533],[113.9983957,22.4576468],[113.9980258,22.4583086],[113.9979998,22.4583551],[113.9979259,22.458481]],[[113.9979259,22.458481],[113.9978301,22.4586488],[113.9978123,22.4586778]],[[113.9978123,22.4586778],[113.9977902,22.4587158],[113.9976403,22.4589787]],[[113.9976403,22.4589787],[113.9973745,22.4594505],[113.9972664,22.4596435],[113.9971678,22.4598188],[113.9970426,22.4600426],[113.9970101,22.4601026],[113.9970073,22.4601082],[113.9969752,22.4601724],[113.996935,22.460264],[113.9969054,22.4603405],[113.9968753,22.460432],[113.9968516,22.4605197],[113.9968328,22.4606047],[113.9968174,22.4606959],[113.9968094,22.4607573],[113.996804,22.460815],[113.9967997,22.4608937]],[[113.9967997,22.4608937],[113.9967963,22.4610073],[113.9967906,22.4613643],[113.9967902,22.4613822],[113.9967874,22.4615293],[113.9967902,22.461586],[113.9967972,22.4616375],[113.9968118,22.4616961],[113.99683,22.4617483],[113.9968844,22.4618533],[113.9969703,22.4620153],[113.9970562,22.4621773],[113.997145,22.4623449],[113.9971679,22.4623936],[113.9971875,22.4624441],[113.9972034,22.4624957],[113.9972112,22.4625289],[113.9972153,22.4625464],[113.9973612,22.4634669]],[[113.9973612,22.4634669],[113.9974706,22.4639688],[113.9975475,22.4642524],[113.9975869,22.4643799],[113.9976446,22.4645667],[113.9977022,22.4647534],[113.9977105,22.4647803],[113.9978143,22.4650822],[113.9979072,22.465323],[113.9980066,22.4655616],[113.9981126,22.4657978],[113.998169,22.4659163],[113.9982188,22.4660176],[113.9982671,22.4661132],[113.9983438,22.4662624],[113.9984535,22.4664694],[113.9984848,22.4665238]],[[113.9984848,22.4665238],[113.9985684,22.466674],[113.998595,22.4667188],[113.9986835,22.4668653],[113.9987878,22.4670313],[113.9988936,22.4671994],[113.9989058,22.467218],[113.9990967,22.4675087]],[[113.9990967,22.4675087],[113.9991676,22.4675479],[113.9992068,22.46757],[113.9992496,22.4675853],[113.9992948,22.4675931],[113.9993407,22.4675933],[113.9993859,22.4675859],[113.9994289,22.4675711],[113.9994684,22.4675494]],[[113.9994684,22.4675494],[113.9995017,22.4675227],[113.9995296,22.467491],[113.9995511,22.4674554],[113.9995656,22.4674169],[113.9995727,22.4673766],[113.9995722,22.4673358],[113.9995633,22.467296]],[[113.9995633,22.467296],[113.9995459,22.4672532],[113.9995252,22.4672117],[113.9995013,22.4671717]],[[113.9995013,22.4671717],[113.9993589,22.4669747],[113.9993458,22.4669566],[113.9992407,22.4667895]]]},"properties":{"key":"relation:2942633@detail:455_89","osmType":"relation","osmId":2942633,"sourceRegion":"shenzhen","featureType":"service","railClass":"light_rail","mode":"light_rail","name":"輕鐵761P綫（元朗 → 天逸）","nameEn":"Light Rail 761P (Yuen Long → Tin Yat)","ref":"761P","operator":"香港鐵路有限公司 MTR Corporation Limited","network":"輕鐵 Light Rail","status":"operational","color":"#70147B","sourceKey":"relation:2942633"}},{"type":"Feature","geometry":{"type":"MultiLineString","coordinates":[[[113.9780665,22.4119864],[113.9780992,22.4120037],[113.9781535,22.4119162],[113.978168,22.4119246],[113.9781832,22.4119334],[113.9781305,22.412018],[113.9781377,22.4120436],[113.9782711,22.4120102],[113.9782878,22.4117921],[113.9782685,22.4117336],[113.9782349,22.4117121],[113.9780665,22.4119864]],[[113.9723721,22.4072626],[113.9727473,22.4073613],[113.9727521,22.4073454],[113.9727547,22.407337],[113.9723796,22.4072383],[113.9723721,22.4072626]],[[113.968991,22.4067566],[113.969095,22.4067193],[113.969343,22.4066304],[113.9693476,22.4066414],[113.9693615,22.4066744],[113.9690094,22.4068005],[113.9689956,22.4067676],[113.968991,22.4067566]],[[113.9662554,22.4076737],[113.9666102,22.4075974],[113.9666063,22.4075817],[113.9666023,22.4075661],[113.9662479,22.407644],[113.9662516,22.4076586],[113.9662554,22.4076737]],[[113.9634913,22.4065157],[113.9637208,22.4067748],[113.9637455,22.4067561],[113.963516,22.406497],[113.9635052,22.4065051],[113.9634913,22.4065157]],[[113.9642963,22.4053472],[113.9646823,22.4052934],[113.9646756,22.4052521],[113.9642896,22.4053059],[113.9642926,22.4053242],[113.9642963,22.4053472]],[[113.9678528,22.40158],[113.9678334,22.4015816],[113.9678141,22.4015833],[113.9678056,22.4014987],[113.967794,22.4014145],[113.9677794,22.4013306],[113.9677618,22.4012473],[113.9677808,22.4012438],[113.9677999,22.4012404],[113.9678177,22.4013243],[113.9678325,22.4014094],[113.9678442,22.4014948],[113.9678528,22.40158]],[[113.9673981,22.396982],[113.9673698,22.3972077],[113.9673552,22.3972069],[113.9673479,22.3973264],[113.9673188,22.3973249],[113.9673399,22.396979],[113.9673593,22.39698],[113.967369,22.3969805],[113.9673779,22.396981],[113.9673981,22.396982]],[[113.9687285,22.395277],[113.9691044,22.3951883],[113.9691002,22.395173],[113.9690969,22.3951609],[113.968721,22.3952495],[113.9687249,22.3952638],[113.9687285,22.395277]],[[113.9727441,22.3940565],[113.9727621,22.3941184],[113.9728177,22.3941052],[113.9730261,22.3940595],[113.9730851,22.394045],[113.9730741,22.3940039],[113.973123,22.3939932],[113.9731347,22.3940346],[113.9732098,22.3940182],[113.973197,22.3939681],[113.9733171,22.3939426],[113.9733296,22.3939912],[113.9734979,22.3939554],[113.9734875,22.3939127],[113.9735607,22.3938972],[113.9735321,22.3937812],[113.9726507,22.3939763],[113.9726773,22.3940707],[113.9727441,22.3940565]],[[113.9750902,22.3915187],[113.9751051,22.3915184],[113.9751315,22.3915181],[113.9751388,22.3915179],[113.9751351,22.3913293],[113.9751251,22.3913303],[113.975108,22.3913297],[113.9751056,22.3912077],[113.9750934,22.3912079],[113.9750841,22.3912081],[113.9750902,22.3915187]],[[113.9751343,22.387796],[113.9751566,22.3877959],[113.9751818,22.3877958],[113.9751833,22.387353],[113.9751606,22.387353],[113.9751358,22.3873531],[113.9751343,22.387796]],[[113.9750905,22.3843994],[113.9750784,22.3844],[113.9750663,22.3844007],[113.9750882,22.38476],[113.9751003,22.3847594],[113.9751125,22.3847587],[113.9750905,22.3843994]],[[113.9764975,22.3827202],[113.9768709,22.3828845],[113.9768652,22.3828956],[113.9768592,22.3829074],[113.9764858,22.3827431],[113.9764975,22.3827202]],[[113.9781323,22.4118367],[113.978225,22.411693],[113.9782487,22.4116488],[113.9782556,22.4116333],[113.9782745,22.4115854],[113.978282,22.4115488],[113.9782852,22.4115189],[113.9782839,22.4114874],[113.9782786,22.4114549]],[[113.9782786,22.4114549],[113.9782318,22.4112941]],[[113.9782318,22.4112941],[113.9782237,22.411232],[113.9782188,22.4111847],[113.9782157,22.4111223],[113.9782128,22.4110536],[113.9782021,22.4109961],[113.9781915,22.4109538],[113.9778136,22.4096566],[113.9777924,22.409596],[113.9777678,22.4095392],[113.9777355,22.4094791],[113.9776397,22.4093417]],[[113.9776397,22.4093417],[113.9776071,22.409306],[113.9775765,22.4092844],[113.9775427,22.409267],[113.9774967,22.4092498],[113.9774535,22.409242],[113.977413,22.4092423],[113.9773638,22.409248],[113.9773189,22.4092574],[113.9771932,22.4092874]],[[113.9771932,22.4092874],[113.9764108,22.4094658]],[[113.9764108,22.4094658],[113.9763063,22.4094903],[113.9762819,22.4094948],[113.9762659,22.4094978],[113.9762302,22.4095021],[113.9762034,22.409502],[113.9761754,22.4094989],[113.9761466,22.4094912],[113.976115,22.4094778],[113.976084,22.4094577],[113.9760497,22.4094294],[113.9760254,22.4094051],[113.975999,22.4093731],[113.97597,22.4093346]],[[113.97597,22.4093346],[113.9759064,22.409218],[113.975874,22.409166],[113.975846,22.4091249],[113.9758092,22.4090745],[113.9757727,22.4090268],[113.9757058,22.4089453],[113.9756339,22.4088635],[113.9755538,22.4087805],[113.9754662,22.4086939],[113.9753839,22.4086158],[113.9753039,22.4085457],[113.975217,22.408472],[113.9751215,22.4083955],[113.9750112,22.4083123],[113.9748786,22.4082187],[113.9747388,22.4081282],[113.9745927,22.4080412],[113.9744187,22.4079466],[113.9743358,22.4079044],[113.9742012,22.4078405],[113.9740948,22.4077941],[113.9739817,22.4077474],[113.9738495,22.4076958],[113.9737547,22.4076611],[113.9736123,22.407612],[113.9735348,22.4075874],[113.973398,22.4075461],[113.9732055,22.4074949],[113.9728574,22.4074048],[113.9725636,22.4073283],[113.9714169,22.4070319],[113.9713066,22.4070035],[113.9712229,22.4069823],[113.9708155,22.4068625],[113.9705517,22.4067789],[113.9701234,22.4066432],[113.9700527,22.4066226],[113.9699847,22.4066074],[113.96991,22.4065955],[113.9698311,22.4065881],[113.969767,22.4065885],[113.9697008,22.4065948],[113.9696443,22.4066031],[113.969588,22.4066138],[113.9695335,22.4066278],[113.9694749,22.4066458],[113.9694176,22.4066663],[113.9691898,22.4067479],[113.969061,22.4067941],[113.9689909,22.4068192],[113.9689414,22.4068369],[113.9688893,22.4068556],[113.9673012,22.4074208],[113.9672192,22.4074505],[113.9670985,22.4074927],[113.9669948,22.4075226],[113.9669204,22.4075429],[113.9668189,22.4075675],[113.9667138,22.4075906]],[[113.9667138,22.4075906],[113.9664372,22.4076484],[113.9662107,22.4076976],[113.9658958,22.4077668],[113.9658245,22.4077788],[113.9657523,22.4077876],[113.9656652,22.4077928],[113.965589,22.4077925],[113.9655098,22.4077889],[113.9654211,22.407781],[113.965342,22.4077695],[113.9652602,22.4077543],[113.9650393,22.4077121],[113.9648454,22.4076697],[113.9647875,22.4076549],[113.9647246,22.4076356],[113.964658,22.4076114],[113.9646068,22.4075899],[113.9645548,22.4075651],[113.9645061,22.4075365],[113.9644699,22.4075131],[113.9644271,22.4074822],[113.9643929,22.4074551],[113.9640732,22.4071795],[113.9640205,22.4071318],[113.9639651,22.4070777],[113.9639165,22.4070276],[113.9638855,22.4069939],[113.963733,22.4068182]],[[113.963733,22.4068182],[113.9635936,22.4066563],[113.9635264,22.4065783]],[[113.9635264,22.4065783],[113.9634059,22.4064391],[113.9633719,22.4063923],[113.963344,22.4063491],[113.9633129,22.4062911],[113.9632891,22.4062353],[113.9632662,22.4061667],[113.9632538,22.4061155],[113.9632477,22.4060731],[113.9632438,22.406014],[113.963245,22.4059567],[113.9632506,22.4059032],[113.9632595,22.4058542],[113.9632755,22.4057945],[113.9632844,22.4057684],[113.9632979,22.405734],[113.9633199,22.4056883],[113.9633422,22.4056494],[113.9633465,22.4056432],[113.9633619,22.4056206],[113.9633708,22.4056089],[113.963382,22.4055943],[113.9634028,22.4055695],[113.9634329,22.4055391],[113.9634541,22.4055194],[113.9634859,22.4054938],[113.9635208,22.4054701],[113.9635623,22.4054462],[113.9636153,22.4054195],[113.9636595,22.4054013],[113.9637069,22.4053847],[113.9637571,22.4053712],[113.9638047,22.4053612],[113.96417,22.4053091],[113.9644805,22.4052659],[113.9648955,22.4052068],[113.964944,22.4051949],[113.9650144,22.4051683],[113.9657368,22.4048431]],[[113.9657368,22.4048431],[113.965781,22.4048162],[113.9659183,22.4047226],[113.9661451,22.4045683],[113.9662081,22.4045199],[113.9662706,22.404468],[113.9663572,22.4043883],[113.966464,22.4042843],[113.9666188,22.4041329]],[[113.9666188,22.4041329],[113.9670052,22.4037534],[113.9670379,22.4037171],[113.967084,22.4036642],[113.9671218,22.403614],[113.9671583,22.4035613],[113.9671991,22.403493],[113.9675387,22.402872],[113.9676061,22.4027372],[113.9676461,22.4026426],[113.9676925,22.4025168],[113.967721,22.4024267],[113.9677479,22.4023276],[113.9677686,22.4022389],[113.9677848,22.4021445],[113.9677986,22.4020354],[113.9678085,22.4018963],[113.9678098,22.4017751],[113.9678031,22.4015955],[113.9677935,22.4015],[113.967782,22.4014161],[113.9677675,22.4013326],[113.9677112,22.4010504],[113.9676942,22.4009636],[113.9676777,22.4008848],[113.9676546,22.4007695],[113.9674751,22.3997771],[113.9673643,22.3992773]],[[113.9673643,22.3992773],[113.9673468,22.3991885],[113.9673113,22.3990287],[113.9672832,22.3988677],[113.9672624,22.3987057],[113.967249,22.3985431],[113.967243,22.39838],[113.9672444,22.3982169],[113.9672546,22.3980351],[113.9673067,22.3973242],[113.9673172,22.3971513],[113.9673278,22.396978],[113.9673396,22.3968102],[113.9673445,22.3967411]],[[113.9673445,22.3967411],[113.9673961,22.396493],[113.9674332,22.3960605],[113.9674386,22.3959852],[113.9674627,22.3955751],[113.9674659,22.3955554],[113.9674712,22.3955326],[113.9674789,22.3955116],[113.9674896,22.3954883],[113.967503,22.3954654],[113.9675146,22.3954494],[113.9675306,22.3954336],[113.9675483,22.3954191],[113.967567,22.3954059],[113.9676023,22.3953883],[113.9676276,22.3953776],[113.9676583,22.3953683],[113.9676848,22.395362],[113.9677135,22.3953567],[113.967746,22.3953518],[113.9677749,22.3953486]],[[113.9677749,22.3953486],[113.9680652,22.3953538],[113.9681031,22.3953532],[113.968163,22.3953496],[113.9682212,22.3953437],[113.9682968,22.3953316],[113.9683534,22.3953203],[113.9686916,22.3952398],[113.9689046,22.3951896],[113.9693366,22.3950882],[113.9697656,22.3949878],[113.9699697,22.3949367],[113.9701949,22.3948699],[113.9704116,22.3948148]],[[113.9704116,22.3948148],[113.9708466,22.3947074],[113.9716192,22.3945254],[113.971957,22.3944485]],[[113.971957,22.3944485],[113.972058,22.3944211],[113.9720948,22.3944068],[113.9721214,22.3943954],[113.9721454,22.3943816],[113.9721635,22.3943684],[113.9721845,22.3943494],[113.9722241,22.3943025],[113.972318,22.3941639]],[[113.972318,22.3941639],[113.9723501,22.3941233],[113.9723861,22.3940854],[113.9724252,22.3940491],[113.9724666,22.394017],[113.9725163,22.3939883],[113.9725721,22.3939677],[113.9730817,22.3938547],[113.9736365,22.393737],[113.973704,22.3937297],[113.9737767,22.3937308],[113.9738467,22.3937434],[113.9739054,22.3937591],[113.9743188,22.393893]],[[113.9743188,22.393893],[113.9743926,22.3938932],[113.9744485,22.3938799],[113.9744948,22.3938622],[113.9745359,22.3938359],[113.9745702,22.3938053],[113.9745957,22.3937722],[113.9746187,22.3937241],[113.9746462,22.3936682]],[[113.9746462,22.3936682],[113.9746934,22.3935253],[113.9747184,22.3934673],[113.9747622,22.3933911],[113.9748281,22.3932963],[113.9748853,22.3931997],[113.9749346,22.3930902]],[[113.9749346,22.3930902],[113.9749757,22.3929762],[113.9750108,22.3928313],[113.9750269,22.3927041],[113.9750311,22.3926005],[113.9750231,22.3924668],[113.9750151,22.3923505],[113.9750029,22.3921529]],[[113.9750029,22.3921529],[113.9750029,22.3920735],[113.9750092,22.3920069],[113.9750229,22.3919379],[113.9750429,22.3918667],[113.9750596,22.3917984],[113.9750686,22.3917464],[113.9750727,22.3916893],[113.9750738,22.3916359],[113.9750666,22.3913686],[113.9750572,22.3910505],[113.9750501,22.3906037],[113.9750526,22.3904926],[113.9750592,22.3903956],[113.9750754,22.3902579]],[[113.9750754,22.3902579],[113.9751529,22.3898256],[113.9751753,22.3896298],[113.9751877,22.3892082],[113.9751971,22.388824]],[[113.9751971,22.388824],[113.9751947,22.3886412],[113.9751945,22.3885761],[113.9751913,22.3884407],[113.9751807,22.3883402],[113.9751372,22.388032],[113.9751269,22.3879246]],[[113.9751269,22.3879246],[113.9751264,22.3878348],[113.9751228,22.3875741],[113.9751236,22.3873561]],[[113.9751236,22.3873561],[113.9751237,22.3873263],[113.9751086,22.3868723],[113.9751195,22.3866414],[113.9751269,22.3864817],[113.9751211,22.3859569],[113.9751121,22.3854689],[113.9751011,22.3852882]],[[113.9751011,22.3852882],[113.9750712,22.3847989],[113.9750578,22.3845814],[113.97504,22.3842883],[113.9750091,22.3837818],[113.9749939,22.3835327],[113.9749846,22.3833875]],[[113.9749846,22.3833875],[113.9749662,22.3831023],[113.9749682,22.3830475],[113.9749749,22.3829811],[113.9749831,22.3829229],[113.9749986,22.3828579],[113.9750172,22.3827978],[113.9750423,22.3827374]],[[113.9750423,22.3827374],[113.975161,22.3825135],[113.9751946,22.3824605],[113.9752298,22.3824175],[113.9752675,22.3823853],[113.9752993,22.3823631],[113.9753302,22.3823451],[113.9753582,22.382334],[113.9753786,22.3823285],[113.9754188,22.3823195],[113.975468,22.3823164],[113.9755774,22.3823288],[113.9756592,22.3823518],[113.9759651,22.3824805]],[[113.9759651,22.3824805],[113.9764833,22.3826961],[113.976693,22.3827864],[113.9768988,22.3828736],[113.9770465,22.3829383],[113.9771525,22.3829836],[113.9772299,22.3830005],[113.977322,22.3830031],[113.9773847,22.3829917],[113.9774503,22.3829634],[113.9775078,22.3829177],[113.9775486,22.3828619],[113.9775746,22.3828015],[113.9775842,22.3827404],[113.9775797,22.3826906],[113.9775565,22.3826317],[113.9775329,22.3825911],[113.9774998,22.3825614],[113.9774623,22.3825393],[113.9773593,22.382493]],[[113.9773593,22.382493],[113.97721,22.3824298],[113.9771773,22.3824202],[113.97714,22.3824139],[113.9771077,22.3824111],[113.9766172,22.3824804]]]},"properties":{"key":"relation:3515354@detail:455_89","osmType":"relation","osmId":3515354,"sourceRegion":"shenzhen","featureType":"service","railClass":"light_rail","mode":"light_rail","name":"輕鐵505綫（兆康 → 三聖）","nameEn":"Light Rail 505 (Siu Hong → Sam Shing)","ref":"505","operator":"香港鐵路有限公司 MTR Corporation Limited","network":"輕鐵 Light Rail","status":"operational","color":"#E6180A","sourceKey":"relation:3515354"}},{"type":"Feature","geometry":{"type":"MultiLineString","coordinates":[[[113.9661432,22.372753],[113.9661628,22.3727625],[113.9661802,22.3727711],[113.9663509,22.3724732],[113.9663324,22.3724641],[113.966314,22.3724551],[113.9661432,22.372753]],[[113.9669348,22.3750676],[113.9669062,22.3750536],[113.9668919,22.3750466],[113.9667145,22.3753619],[113.9667288,22.3753688],[113.9667576,22.3753826],[113.9669348,22.3750676]],[[113.9703578,22.3814301],[113.970338,22.3810588],[113.9703238,22.3810595],[113.9703122,22.38106],[113.970332,22.3814312],[113.9703451,22.3814306],[113.9703578,22.3814301]],[[113.9728209,22.3833535],[113.9728215,22.3833634],[113.9728223,22.3833794],[113.9731781,22.3833626],[113.9731774,22.383349],[113.9731767,22.3833361],[113.9728209,22.3833535]],[[113.9749887,22.3844047],[113.9749765,22.3844054],[113.9749644,22.384406],[113.9749864,22.3847653],[113.9749985,22.3847647],[113.9750106,22.3847641],[113.9749887,22.3844047]],[[113.9750141,22.3877998],[113.9750374,22.3877997],[113.9750615,22.3877996],[113.9750595,22.3873539],[113.9750379,22.3873539],[113.975012,22.387354],[113.9750141,22.3877998]],[[113.974805,22.3914577],[113.9748179,22.3914573],[113.9748525,22.3914563],[113.9748417,22.3911437],[113.9748262,22.3911443],[113.9747942,22.3911451],[113.974805,22.3914577]],[[113.9726223,22.3938856],[113.9735098,22.3936953],[113.9734814,22.3935882],[113.9732355,22.39364],[113.9732471,22.3936857],[113.9731262,22.3937116],[113.9731128,22.3936634],[113.9730468,22.3936779],[113.9730563,22.3937185],[113.973,22.3937307],[113.9729901,22.3936908],[113.9728722,22.3937154],[113.9728841,22.3937556],[113.9727923,22.3937747],[113.9727815,22.3937355],[113.9726671,22.393759],[113.9726815,22.3938131],[113.9726078,22.3938303],[113.9726223,22.3938856]],[[113.972933,22.3969727],[113.9728436,22.3966509],[113.9728312,22.3966539],[113.9728177,22.3966571],[113.972907,22.3969788],[113.9729177,22.3969763],[113.972933,22.3969727]],[[113.9741832,22.3999932],[113.9742038,22.3999791],[113.9742195,22.3999684],[113.9739845,22.3996746],[113.9739482,22.3996994],[113.9741832,22.3999932]],[[113.9746568,22.4024389],[113.9746673,22.4024662],[113.9750336,22.4023504],[113.975023,22.4023222],[113.9747706,22.4024026],[113.9746568,22.4024389]],[[113.9718104,22.4026692],[113.9718132,22.4026469],[113.9719937,22.4026666],[113.9721025,22.4026785],[113.9721742,22.4026864],[113.9721714,22.4027087],[113.9718104,22.4026692]],[[113.9705646,22.403784],[113.9705497,22.4037725],[113.9705347,22.403761],[113.9703062,22.4040145],[113.9703211,22.404026],[113.9703361,22.4040375],[113.9705646,22.403784]],[[113.9642812,22.4052429],[113.9646644,22.4051901],[113.9646588,22.4051557],[113.9642756,22.4052085],[113.9642788,22.4052283],[113.9642812,22.4052429]],[[113.9634185,22.4065713],[113.9636466,22.4068324],[113.9636658,22.4068181],[113.9634377,22.406557],[113.9634279,22.4065643],[113.9634185,22.4065713]],[[113.9661632,22.4078758],[113.9665169,22.4080249],[113.9665257,22.408007],[113.9665333,22.4079916],[113.9661795,22.4078427],[113.9661731,22.4078556],[113.9661632,22.4078758]],[[113.96629,22.3726294],[113.9661864,22.3728112],[113.9661384,22.3728738],[113.9661116,22.3729013],[113.9660702,22.37293],[113.966015,22.372956]],[[113.966015,22.372956],[113.9658756,22.3729959]],[[113.9658756,22.3729959],[113.9658381,22.3730067]],[[113.9658381,22.3730067],[113.9657667,22.3730107],[113.9657026,22.373004],[113.9656472,22.3729864],[113.9656172,22.3729714]],[[113.9656172,22.3729714],[113.965558,22.3729262],[113.965511,22.3728621],[113.9654933,22.3728188],[113.9654843,22.3727732],[113.9654903,22.3726896],[113.9655164,22.3726252],[113.9655559,22.3725731],[113.9656191,22.3725247],[113.9657082,22.3724921]],[[113.9657082,22.3724921],[113.9662449,22.372341],[113.9673146,22.3720667],[113.9673721,22.3720583],[113.9674192,22.3720569],[113.9674761,22.3720576],[113.9675343,22.3720496],[113.9676219,22.3720303],[113.9677271,22.3720228],[113.9678269,22.3720395],[113.9679063,22.3720713],[113.967988,22.372126],[113.9680557,22.3722142],[113.9681035,22.3723482],[113.9681157,22.3724507]],[[113.9681157,22.3724507],[113.9681163,22.3724738],[113.9681113,22.3725332],[113.9681012,22.3726192],[113.9680914,22.3727021],[113.9680828,22.3727688],[113.9680664,22.3729074],[113.9680508,22.3729987],[113.9680328,22.3730772],[113.968009,22.3731597],[113.9679847,22.3732342],[113.9679583,22.3733018],[113.9679245,22.3733758],[113.9678888,22.3734474],[113.9678378,22.3735392],[113.9677818,22.3736319],[113.9676057,22.373902],[113.9675398,22.3740091],[113.9674747,22.3741216],[113.9669614,22.3750295],[113.9668501,22.3752272],[113.9666903,22.3755122],[113.9665955,22.3756822],[113.9665728,22.3757297],[113.9665501,22.3757834],[113.9665328,22.3758343],[113.9665181,22.3758876],[113.9665077,22.3759388],[113.9664998,22.375996],[113.9664962,22.3760626],[113.9664984,22.3761302],[113.966506,22.3761962],[113.9665184,22.3762658],[113.9665367,22.3763426],[113.9666235,22.3766723],[113.966645,22.3767442],[113.9666723,22.3768268],[113.9669124,22.3774874],[113.966936,22.3775526],[113.96697,22.377646],[113.9669958,22.377717],[113.9670241,22.3777896],[113.9670523,22.3778564],[113.9670813,22.3779186],[113.9671135,22.3779786],[113.9671519,22.3780421],[113.9671874,22.3780926],[113.9672317,22.3781472],[113.9672816,22.3782007],[113.9673305,22.378247],[113.9673837,22.3782929],[113.967448,22.3783431],[113.9675223,22.378395],[113.9676029,22.3784475],[113.9676591,22.3784822],[113.9679194,22.378637]],[[113.9679194,22.378637],[113.9690627,22.379317]],[[113.9690627,22.379317],[113.9696266,22.3796524],[113.9696689,22.3796792],[113.9698262,22.379784],[113.9698979,22.3798366],[113.9699496,22.3798784],[113.9699991,22.3799221],[113.970044,22.3799674],[113.9700896,22.3800201],[113.9701317,22.3800764],[113.9701682,22.3801349],[113.9702013,22.380199],[113.9702279,22.3802619],[113.9702519,22.380332],[113.9702732,22.3804117],[113.9702884,22.380489],[113.9703076,22.3806371],[113.9703171,22.3807577]],[[113.9703171,22.3807577],[113.9703558,22.3812447],[113.9703779,22.3814734],[113.9704964,22.3830392],[113.9705106,22.3831838],[113.9705196,22.3832343],[113.9705304,22.3832765],[113.9705457,22.3833116],[113.9705655,22.383344],[113.9705916,22.3833748],[113.9706254,22.3834015],[113.9706617,22.383422],[113.9707011,22.3834372],[113.9707425,22.3834467],[113.9707849,22.3834502],[113.9727218,22.3833417],[113.9730479,22.3833279],[113.9732515,22.3833162],[113.9740649,22.3832717],[113.9746593,22.3832517]],[[113.9746593,22.3832517],[113.9747026,22.3832509],[113.9747364,22.3832533],[113.974766,22.3832595],[113.9747949,22.3832699],[113.9748243,22.3832846],[113.9748505,22.3833008],[113.9748845,22.3833329]],[[113.9748845,22.3833329],[113.974906,22.3833608],[113.9749225,22.3833942],[113.9749346,22.383429],[113.9749551,22.3835347],[113.9749703,22.3837838],[113.9750012,22.3842903],[113.975019,22.3845834],[113.9750324,22.3848009],[113.9750584,22.385203],[113.9750726,22.385471],[113.9750822,22.3859573]],[[113.9750822,22.3859573],[113.9750881,22.3864821],[113.9750806,22.3866421],[113.9750698,22.3868707]],[[113.9750698,22.3868707],[113.9750802,22.3873256],[113.9750793,22.3873366]],[[113.9750793,22.3873366],[113.9750826,22.3875746],[113.9750798,22.3878343],[113.9750819,22.3879246]],[[113.9750819,22.3879246],[113.9750905,22.3880336],[113.975138,22.3883454],[113.9751479,22.388441],[113.9751539,22.3886081],[113.9751545,22.3886412],[113.9751577,22.3887033],[113.9751484,22.3892107],[113.9751287,22.3896253],[113.9751082,22.3898196],[113.9750206,22.3902006],[113.9749668,22.3903902]],[[113.9749668,22.3903902],[113.9748931,22.3906623],[113.9748595,22.3908034],[113.9748518,22.3908773],[113.9748518,22.3909371],[113.9748535,22.3910041],[113.9748608,22.3913037],[113.9748666,22.391576],[113.9748695,22.3917164],[113.9748753,22.3918095],[113.9748876,22.3919192],[113.9749063,22.3920215],[113.9749358,22.3921383]],[[113.9749358,22.3921383],[113.9749599,22.3922312],[113.9749743,22.3923491],[113.9749815,22.3924639],[113.9749867,22.3925987],[113.9749827,22.3927049],[113.9749679,22.3928247],[113.9749339,22.3929633],[113.9748949,22.3930745]],[[113.9748949,22.3930745],[113.9748471,22.3931833],[113.9747873,22.3932799],[113.9747236,22.3933693],[113.974673,22.3934527],[113.974649,22.3935098],[113.9745955,22.3936561]],[[113.9745955,22.3936561],[113.9745635,22.393711],[113.974532,22.3937492],[113.9744787,22.3937986],[113.9744327,22.3938248],[113.9743697,22.3938378],[113.9743016,22.3938387]],[[113.9743016,22.3938387],[113.9738945,22.3937104],[113.973819,22.3936896],[113.9737499,22.3936812],[113.9736821,22.393683],[113.9736248,22.3936903],[113.9730692,22.3938077],[113.9725656,22.3939213],[113.9725118,22.3939404],[113.9724521,22.393974],[113.9723993,22.3940149],[113.9723543,22.3940588],[113.9723169,22.3941017],[113.9722718,22.3941555]],[[113.9722718,22.3941555],[113.9722533,22.3941955],[113.9722354,22.3942523],[113.9722285,22.3942799],[113.9722241,22.3943025],[113.9722224,22.3943239],[113.9722234,22.3943482],[113.9722267,22.3943749],[113.9722307,22.3943971],[113.9722475,22.394461],[113.9722911,22.394608]],[[113.9722911,22.394608],[113.9725109,22.3954036]],[[113.9725109,22.3954036],[113.9728873,22.3967567],[113.9729793,22.3970876],[113.9731818,22.3978168],[113.973218,22.3979688],[113.9732363,22.3980507],[113.9732789,22.3982666],[113.9733039,22.3983885],[113.9733366,22.3985323],[113.9733579,22.3986098],[113.9733835,22.3986959],[113.9734089,22.3987637],[113.9734436,22.3988495],[113.9734766,22.3989217],[113.9735125,22.3989937],[113.9735574,22.3990741],[113.9736027,22.3991496],[113.9736468,22.3992159],[113.9736961,22.3992835],[113.9737897,22.3994067],[113.9741138,22.3998135],[113.9742834,22.4000267],[113.9743433,22.4001001],[113.9747248,22.400579],[113.9748163,22.4006972],[113.9748895,22.4007991],[113.9749592,22.4009052],[113.9750839,22.4011169],[113.9752067,22.401334],[113.9752568,22.4014347],[113.9753001,22.4015343],[113.9753236,22.4016012],[113.9753495,22.4016846],[113.9754163,22.4019556]],[[113.9754163,22.4019556],[113.9754196,22.4019881],[113.9754197,22.4020241],[113.975416,22.4020554],[113.9754114,22.4020794],[113.9754048,22.4021025],[113.9753947,22.4021279],[113.9753837,22.4021507],[113.9753686,22.4021745],[113.9753457,22.4022026],[113.9753225,22.4022267],[113.9752985,22.4022475],[113.9752732,22.4022655],[113.9752423,22.4022843],[113.975214,22.4022997],[113.9751855,22.4023129],[113.9751532,22.4023252]],[[113.9751532,22.4023252],[113.9748548,22.4024199],[113.974594,22.402503],[113.9741216,22.4026522],[113.9740701,22.402666],[113.9739995,22.4026804],[113.9739036,22.4026945],[113.9738562,22.4026985],[113.9737946,22.4027006],[113.9737103,22.4026989],[113.9735772,22.4026926],[113.9733196,22.4026801],[113.9732209,22.4026756],[113.9731279,22.4026793],[113.9730357,22.4026907],[113.9729441,22.4027118],[113.9728813,22.402728],[113.9728348,22.4027447],[113.972805,22.4027536],[113.9727747,22.4027611],[113.9727389,22.4027681],[113.9727027,22.402773],[113.9726432,22.4027766],[113.9725835,22.4027748],[113.9723275,22.4027424],[113.972232,22.4027323],[113.9719894,22.4027052],[113.9717743,22.4026818],[113.9717547,22.4026796],[113.9716831,22.4026743],[113.9716627,22.4026742],[113.9716252,22.4026791],[113.9715889,22.4026894],[113.9715549,22.4027049],[113.971524,22.4027253],[113.9714971,22.4027499],[113.9713672,22.4028905],[113.9712294,22.4030351],[113.9709727,22.4033168],[113.9708911,22.4034139],[113.970793,22.4035361],[113.9706119,22.4037491],[113.9704597,22.4039179],[113.970256,22.4041438],[113.9702362,22.4041657],[113.9701179,22.404309],[113.9700659,22.4043719],[113.9699463,22.4044997],[113.9698527,22.4046145]],[[113.9698527,22.4046145],[113.969713,22.4047622],[113.9696285,22.4048403],[113.9696033,22.4048567],[113.9695714,22.404873],[113.9695385,22.4048864],[113.9695059,22.4048958],[113.9694676,22.4049028],[113.9694267,22.4049058],[113.9693817,22.4049048],[113.9693356,22.4048991],[113.9692868,22.4048889],[113.9692429,22.4048747],[113.968774,22.404682],[113.9686519,22.4046361],[113.9685446,22.4046003],[113.9684226,22.4045665],[113.9683058,22.4045379],[113.9681786,22.4045111],[113.9680513,22.4044906],[113.9679204,22.4044748],[113.9677811,22.4044628],[113.9676632,22.404457],[113.9674924,22.4044536],[113.9673783,22.4044552],[113.9672304,22.4044616],[113.967177,22.4044651],[113.9671439,22.4044675],[113.9670204,22.4044799],[113.9668251,22.4045]],[[113.9668251,22.4045],[113.9665947,22.4045228],[113.9664238,22.4045441],[113.966327,22.4045601],[113.9662718,22.4045749],[113.9661763,22.40461],[113.9659183,22.4047226],[113.9656347,22.4048509]],[[113.9656347,22.4048509],[113.9650159,22.4051295],[113.9649769,22.405144],[113.9649256,22.4051607],[113.9648802,22.4051724],[113.9648371,22.4051803],[113.9644748,22.4052311],[113.9641646,22.4052737],[113.9637986,22.4053234],[113.9637596,22.4053307],[113.9636935,22.4053474],[113.9636319,22.4053682],[113.9635897,22.4053861],[113.9635457,22.4054082],[113.9635087,22.4054297],[113.9634755,22.4054512],[113.9634442,22.4054749],[113.9634096,22.4055047],[113.9633872,22.4055271],[113.9633608,22.4055561],[113.9633392,22.4055828],[113.963319,22.4056112],[113.9633138,22.4056194],[113.963304,22.4056348],[113.9632975,22.405645],[113.9632722,22.4056897],[113.9632504,22.4057358],[113.9632375,22.4057688],[113.9632244,22.4058092],[113.9632119,22.4058615],[113.9632039,22.4059132],[113.9631988,22.4059758],[113.9631996,22.4060324],[113.9632052,22.4060944],[113.9632137,22.4061454],[113.9632261,22.406194],[113.963246,22.4062508],[113.9632737,22.4063095],[113.9633055,22.4063654],[113.963337,22.4064134],[113.9633737,22.4064623],[113.9634761,22.4065821]],[[113.9634761,22.4065821],[113.9635618,22.40668],[113.9637013,22.4068417]],[[113.9637013,22.4068417],[113.9638471,22.4070096],[113.9638743,22.4070395],[113.963927,22.4070947],[113.9639864,22.4071516],[113.9640594,22.4072167],[113.9643129,22.4074369],[113.9643788,22.407492],[113.9644306,22.4075325],[113.9644796,22.4075666],[113.9645289,22.4075963],[113.9645823,22.407624],[113.9646336,22.407647],[113.9646883,22.4076668],[113.964754,22.4076871],[113.9648196,22.4077037],[113.9650318,22.4077454],[113.9652492,22.4077881],[113.9654249,22.4078216],[113.9654998,22.4078315],[113.9655729,22.4078381],[113.9656353,22.4078397],[113.9656899,22.4078381],[113.965749,22.4078335],[113.9658148,22.4078243],[113.9658674,22.4078142],[113.9659796,22.4077886]],[[113.9663625,22.4079047],[113.9661491,22.4078151],[113.9661148,22.4078038],[113.9660873,22.4077961],[113.9660613,22.4077903],[113.9660349,22.4077869],[113.9660103,22.4077863],[113.9659796,22.4077886]]]},"properties":{"key":"relation:3679916@detail:455_89","osmType":"relation","osmId":3679916,"sourceRegion":"shenzhen","featureType":"service","railClass":"light_rail","mode":"light_rail","name":"輕鐵507綫（屯門碼頭 → 田景）","nameEn":"Light Rail 507 (Tuen Mun Ferry Pier → Tin King)","ref":"507","operator":"香港鐵路有限公司 MTR Corporation Limited","network":"輕鐵 Light Rail","status":"operational","color":"#1A8539","sourceKey":"relation:3679916"}},{"type":"Feature","geometry":{"type":"MultiLineString","coordinates":[[[113.966382,22.3726987],[113.9664016,22.3727082],[113.966419,22.3727168],[113.9665897,22.3724189],[113.9665712,22.3724098],[113.9665528,22.3724008],[113.966382,22.3726987]],[[113.9610125,22.3751926],[113.9610305,22.3752044],[113.9610466,22.375215],[113.9612576,22.3749401],[113.9612405,22.3749288],[113.9612235,22.3749177],[113.9610125,22.3751926]],[[113.9618253,22.3783016],[113.9616033,22.3780202],[113.9615899,22.3780288],[113.9615779,22.3780366],[113.9617999,22.3783179],[113.9618253,22.3783016]],[[113.9633831,22.382007],[113.9632979,22.3816604],[113.9632884,22.3816624],[113.963279,22.3816644],[113.9632695,22.3816664],[113.9633546,22.382013],[113.9633831,22.382007]],[[113.9650532,22.3854438],[113.965069,22.3854369],[113.9650837,22.3854304],[113.964929,22.3851284],[113.9649103,22.3851366],[113.9648985,22.3851418],[113.9650532,22.3854438]],[[113.9670432,22.3905438],[113.9670596,22.3905372],[113.9669052,22.3902071],[113.9668889,22.3902145],[113.9668788,22.3902191],[113.9670334,22.3905478],[113.9670432,22.3905438]],[[113.9673838,22.3944911],[113.9674029,22.3944915],[113.9674256,22.3944921],[113.9674329,22.3942172],[113.9674086,22.3942166],[113.9673911,22.3942163],[113.9673838,22.3944911]],[[113.9672721,22.3969732],[113.9672527,22.3969722],[113.967243,22.3969717],[113.9672218,22.3973198],[113.9672315,22.3973203],[113.9672509,22.3973213],[113.9672721,22.3969732]],[[113.9676544,22.4012545],[113.9676735,22.4012512],[113.9676926,22.4012479],[113.9677125,22.4013417],[113.9677267,22.4014234],[113.967738,22.4015056],[113.9677473,22.4015988],[113.9677279,22.4015999],[113.9677085,22.4016011],[113.9676993,22.4015095],[113.9676882,22.4014286],[113.9676742,22.401348],[113.9676544,22.4012545]],[[113.9700984,22.4044478],[113.9701074,22.4044551],[113.9701164,22.4044624],[113.9700877,22.4044927],[113.9701057,22.4045073],[113.9698958,22.4047286],[113.9698718,22.4047091],[113.9698598,22.4046994],[113.9700984,22.4044478]],[[113.9722257,22.4028597],[113.9718576,22.4028194],[113.9718599,22.4028015],[113.9718621,22.4027837],[113.9720462,22.4028039],[113.9722303,22.402824],[113.9722257,22.4028597]],[[113.9741993,22.4027047],[113.974568,22.4025898],[113.9745647,22.4025805],[113.9745587,22.4025639],[113.9741898,22.4026798],[113.9741957,22.4026952],[113.9741993,22.4027047]],[[113.975841,22.4037032],[113.9758702,22.4036958],[113.9757671,22.403345],[113.9757378,22.4033523],[113.975841,22.4037032]],[[113.9771008,22.4080275],[113.9771397,22.4080177],[113.9770354,22.407666],[113.977018,22.4076704],[113.9770077,22.407673],[113.9770376,22.4077739],[113.9770264,22.4077768],[113.9771008,22.4080275]],[[113.9782981,22.4117252],[113.9782828,22.4117294],[113.9782685,22.4117336],[113.9782878,22.4117921],[113.9782711,22.4120102],[113.9784053,22.4121748],[113.9784263,22.4121691],[113.9784415,22.4121648],[113.9782981,22.4117252]],[[113.9815701,22.4183746],[113.9816717,22.418547],[113.9817329,22.4186508],[113.9817488,22.4186778],[113.9817694,22.4186675],[113.9815907,22.4183643],[113.981579,22.4183701],[113.9815701,22.4183746]],[[113.9864721,22.4237612],[113.9862126,22.4234929],[113.9862048,22.4234994],[113.9861955,22.4235071],[113.9864549,22.4237754],[113.9864642,22.4237677],[113.9864721,22.4237612]],[[113.9923172,22.4298461],[113.9923248,22.4298385],[113.9923394,22.429824],[113.9920562,22.4295886],[113.9920459,22.4295989],[113.992034,22.4296108],[113.9923172,22.4298461]],[[113.9975666,22.4338037],[113.9975774,22.4337903],[113.9975902,22.4337744],[113.9972979,22.4335726],[113.9972861,22.4335873],[113.9972742,22.4336019],[113.9975666,22.4338037]],[[113.966538,22.3725607],[113.9664224,22.3727569],[113.9663842,22.3728053],[113.9663525,22.372834],[113.9663115,22.3728595],[113.9662548,22.3728841]],[[113.9662548,22.3728841],[113.9661379,22.3729184]],[[113.9661379,22.3729184],[113.966015,22.372956]],[[113.966015,22.372956],[113.9658756,22.3729959]],[[113.9658756,22.3729959],[113.9658381,22.3730067]],[[113.9658381,22.3730067],[113.9656427,22.3730627]],[[113.9656427,22.3730627],[113.9655893,22.3730791],[113.96517,22.3731966],[113.9649235,22.3732574],[113.9626643,22.3736545],[113.9625623,22.3736816],[113.9624782,22.3737122],[113.9623914,22.3737537],[113.9623134,22.3737953],[113.9622395,22.3738428],[113.9621787,22.373889],[113.9621217,22.3739393],[113.962069,22.3739934],[113.9617659,22.3743483],[113.9616072,22.3745302],[113.9614815,22.37469],[113.9614271,22.3747608],[113.9613632,22.3748446],[113.9611818,22.3750618],[113.9610196,22.375309],[113.9609698,22.3753707],[113.9605085,22.3758092],[113.9604628,22.3758511],[113.9604161,22.375896],[113.9603856,22.3759347],[113.9603523,22.3759898],[113.960328,22.3760529],[113.9603119,22.3761134],[113.9603061,22.3761641],[113.9603027,22.3762252],[113.9603027,22.376261],[113.9603088,22.3763343],[113.9603246,22.3764018],[113.9603577,22.3764751],[113.9603904,22.3765327],[113.9604442,22.3765993],[113.9615406,22.3779217],[113.9617261,22.378153],[113.9618369,22.3782934],[113.9625305,22.3792234],[113.9627531,22.3796047],[113.9628875,22.3799413],[113.9629822,22.3803086],[113.9630901,22.3808185],[113.9631866,22.3811567],[113.963221,22.3812966],[113.9632865,22.3815634],[113.9633523,22.3818312],[113.9633949,22.3820045],[113.9634135,22.3820803],[113.9634696,22.3823086],[113.9635386,22.3824649],[113.9637561,22.3829581],[113.9639513,22.3833641],[113.9641791,22.3838126],[113.9642971,22.3839977],[113.9644765,22.3842642],[113.9647607,22.3847685],[113.9648798,22.3850055],[113.9650155,22.3852754],[113.9651206,22.3854739],[113.9652145,22.3856484],[113.9654596,22.3861361],[113.9655141,22.3862623],[113.9655528,22.3863681],[113.9655853,22.3864842],[113.9655999,22.3865456],[113.9657709,22.3874318],[113.9658141,22.3876421],[113.9658303,22.3877101],[113.9658593,22.3878167],[113.9658901,22.3879238],[113.9659273,22.3880331],[113.9659932,22.3882077],[113.9661225,22.3884976],[113.9669957,22.3903668],[113.9671183,22.390629],[113.9673345,22.3910914],[113.9673634,22.3911576],[113.9673922,22.3912328],[113.9674194,22.3913165],[113.9674325,22.3913651],[113.9674434,22.3914218],[113.9674561,22.3915355],[113.9674614,22.3924921],[113.9674357,22.3933753],[113.9674488,22.3940957],[113.9674427,22.394355],[113.9674341,22.3945717]],[[113.9674341,22.3945717],[113.967432,22.3947795],[113.9674301,22.3948289],[113.9673841,22.3955203]],[[113.9673841,22.3955203],[113.9673617,22.3958623]],[[113.9673617,22.3958623],[113.9673508,22.3960169],[113.9673376,22.3962074],[113.9673431,22.396278],[113.9673202,22.3966145],[113.967301,22.3968061],[113.9672842,22.3969743],[113.9672736,22.397149],[113.967263,22.3973219],[113.9672108,22.3980341],[113.9672007,22.3982157],[113.9671993,22.3983805],[113.9672054,22.3985453],[113.9672189,22.3987096],[113.9672399,22.3988733],[113.9672683,22.399036],[113.9673038,22.3991975],[113.9673387,22.3993713],[113.9674323,22.3997854]],[[113.9674323,22.3997854],[113.9676204,22.4007755],[113.9676425,22.4008875],[113.9676584,22.4009657],[113.967676,22.4010559],[113.9677244,22.4013397],[113.9677387,22.4014218],[113.9677501,22.4015044],[113.9677594,22.4015981],[113.9677686,22.4017626],[113.9677675,22.4018965],[113.9677576,22.4020402],[113.9677469,22.4021258],[113.96771,22.4023204],[113.9676818,22.4024246],[113.9676495,22.4025224],[113.9676011,22.4026484],[113.9674809,22.4029003],[113.9672326,22.4033557]],[[113.9672326,22.4033557],[113.9671697,22.403471],[113.9671291,22.4035391],[113.9670938,22.4035895],[113.9670537,22.4036411],[113.967005,22.4036968],[113.9669635,22.4037429],[113.9665197,22.4041791],[113.9665039,22.4041968],[113.9664906,22.4042159],[113.9664805,22.4042347],[113.9664704,22.4042599],[113.966464,22.4042843],[113.9664603,22.4043134],[113.9664609,22.4043383],[113.966465,22.4043631],[113.9664728,22.4043902],[113.9664808,22.4044094],[113.9664948,22.4044331],[113.9665099,22.4044543],[113.9665241,22.4044706],[113.9665436,22.4044891],[113.9665666,22.4045064],[113.9665947,22.4045228],[113.9666267,22.4045355],[113.9666494,22.4045426],[113.9666736,22.4045469],[113.9666974,22.4045497],[113.9667236,22.4045502]],[[113.9667236,22.4045502],[113.9670154,22.4045165],[113.9671402,22.4045042],[113.967194,22.4045006],[113.9672489,22.4044972],[113.9673721,22.404492],[113.9675154,22.4044909],[113.9676574,22.4044937],[113.9677673,22.4044983],[113.9679122,22.4045084],[113.9680374,22.4045232],[113.9681677,22.4045444],[113.968292,22.4045702],[113.9684187,22.4046023],[113.9685288,22.4046332],[113.968635,22.4046688],[113.9687675,22.4047187],[113.9692866,22.4049324],[113.9693233,22.4049446],[113.9693615,22.4049534],[113.9694018,22.4049591],[113.9694404,22.4049603],[113.9694817,22.4049571],[113.9695275,22.4049477],[113.9695683,22.4049346],[113.9695994,22.4049207],[113.969627,22.4049054],[113.9696506,22.4048895],[113.9696755,22.4048698],[113.9697532,22.4047948],[113.9698033,22.4047419],[113.9699703,22.4045658],[113.9700886,22.4044338],[113.9702918,22.4042094]],[[113.9702918,22.4042094],[113.9703115,22.4041874],[113.9706405,22.4038225],[113.9706688,22.4037912],[113.9708507,22.4035772],[113.9710282,22.4033601],[113.9712849,22.4030784],[113.9715228,22.4028301],[113.971558,22.4028033],[113.9715976,22.4027825],[113.9716405,22.4027682],[113.9716854,22.4027609],[113.9717436,22.4027608],[113.9718293,22.4027688],[113.9720476,22.4027927],[113.9722216,22.4028118],[113.9724718,22.4028408],[113.9725796,22.4028487],[113.9726706,22.4028474],[113.9726991,22.4028439],[113.9727335,22.4028382],[113.972773,22.402829],[113.9727995,22.4028218],[113.9728796,22.4027944],[113.9729154,22.4027824],[113.9730059,22.4027552],[113.9730829,22.4027366],[113.9731604,22.4027244],[113.9732362,22.4027193],[113.9733131,22.4027196],[113.973571,22.4027302],[113.9737486,22.4027384],[113.9737988,22.4027382],[113.9738632,22.4027365],[113.9739355,22.4027302],[113.9740172,22.4027171],[113.9740823,22.4027017],[113.9743705,22.4026116],[113.9746082,22.4025368],[113.9751857,22.4023562]],[[113.9751857,22.4023562],[113.9752189,22.4023496],[113.9752544,22.4023452],[113.975293,22.4023435],[113.9753303,22.4023465],[113.9753682,22.4023535],[113.9754039,22.4023649],[113.9754276,22.4023762],[113.9754538,22.4023923],[113.975481,22.4024161],[113.9755084,22.4024487],[113.9755308,22.4024803],[113.9755465,22.4025101],[113.9755627,22.4025488]],[[113.9755627,22.4025488],[113.9756406,22.4028636],[113.9756987,22.4030744],[113.9757375,22.4032046],[113.975831,22.4035202],[113.9765741,22.4060441],[113.9770039,22.4075038],[113.9770954,22.4078144],[113.9774502,22.4089376]],[[113.9774502,22.4089376],[113.9775009,22.4091255],[113.9775427,22.409267],[113.9776039,22.409476]],[[113.9776039,22.409476],[113.9780457,22.4109846],[113.9780622,22.4110335],[113.9780859,22.4110857],[113.9781206,22.4111488],[113.9781521,22.4112],[113.9781738,22.411241],[113.978197,22.4113008]],[[113.978197,22.4113008],[113.9782145,22.4113541]],[[113.9782145,22.4113541],[113.9782745,22.4115854],[113.9782975,22.4116635],[113.9783156,22.4117167]],[[113.9783156,22.4117167],[113.9784003,22.4119738],[113.9784924,22.4122527]],[[113.9784924,22.4122527],[113.978513,22.4123221],[113.9785331,22.4123771],[113.9785422,22.4124034],[113.978562,22.4124681],[113.9785775,22.4125229],[113.9785863,22.4125585]],[[113.9785863,22.4125585],[113.9786905,22.4130601],[113.9787352,22.4132491],[113.9787617,22.4133526],[113.9787992,22.4134569],[113.9788331,22.4135419],[113.9788784,22.4136296],[113.9789325,22.4137195],[113.9789892,22.4137945],[113.9790393,22.41386],[113.9791021,22.4139323],[113.979158,22.4139959],[113.9794093,22.4143086]],[[113.9794093,22.4143086],[113.9795228,22.414444],[113.9796423,22.4145987],[113.979709,22.4146868],[113.9797728,22.4147891],[113.9804144,22.4160169]],[[113.9804144,22.4160169],[113.9810735,22.4173095]],[[113.9810735,22.4173095],[113.9812262,22.4176039]],[[113.9812262,22.4176039],[113.9817121,22.4184953],[113.9818293,22.4186953],[113.9819656,22.4188987],[113.9822295,22.4192777],[113.982596,22.4197296],[113.9831606,22.4203205],[113.9839927,22.4211621],[113.9840268,22.4211966],[113.9840667,22.4212402],[113.9841099,22.4212837],[113.9847399,22.4219126]],[[113.9847399,22.4219126],[113.9849224,22.4221007],[113.9849373,22.4221158]],[[113.9849373,22.4221158],[113.9849475,22.422127],[113.9849843,22.4221673],[113.9850175,22.4222014],[113.985042,22.4222273],[113.9863554,22.4236166],[113.9865729,22.4238468],[113.9867828,22.4240675],[113.9871897,22.4244956],[113.9872171,22.4245244],[113.9872667,22.4245786],[113.9881352,22.4255277],[113.9890071,22.4264542],[113.9890498,22.4264995],[113.9891023,22.4265545],[113.9900727,22.4275894],[113.9901199,22.4276397],[113.9902553,22.4277835],[113.9903292,22.4278604],[113.991343,22.4289159],[113.9913938,22.4289688],[113.9914544,22.4290276],[113.9917282,22.4292932],[113.9922035,22.4296983],[113.9924352,22.4298877],[113.9930255,22.4303941],[113.9931347,22.4304827],[113.9932168,22.430552],[113.9939613,22.4311541],[113.9942795,22.4314091],[113.9944142,22.4315154],[113.9945535,22.4316217],[113.9946958,22.4317257],[113.9948214,22.431817],[113.9949498,22.4319031],[113.9951308,22.4320265],[113.995438,22.4322448],[113.9961724,22.4327613],[113.9962113,22.4327884],[113.9974391,22.4336572],[113.9976374,22.4337979],[113.9983669,22.4343098],[113.9984436,22.4343631],[113.9988653,22.434662],[113.9989107,22.4346946],[113.9992029,22.4349088],[113.9996437,22.4352325],[113.99985,22.4353863],[113.9999974,22.4354858],[114.0,22.43548758891032]]]},"properties":{"key":"relation:3680161@detail:455_89","osmType":"relation","osmId":3680161,"sourceRegion":"shenzhen","featureType":"service","railClass":"light_rail","mode":"light_rail","name":"輕鐵610綫（屯門碼頭 → 元朗）","nameEn":"Light Rail 610 (Tuen Mun Ferry Pier → Yuen Long)","ref":"610","operator":"香港鐵路有限公司 MTR Corporation Limited","network":"輕鐵 Light Rail","status":"operational","color":"#8D3219","sourceKey":"relation:3680161"}},{"type":"Feature","geometry":{"type":"MultiLineString","coordinates":[[[113.9976296,22.4337257],[113.9976417,22.4337112],[113.9976538,22.4336967],[113.997365,22.4334906],[113.9973518,22.4335064],[113.9973408,22.4335196],[113.9976296,22.4337257]],[[113.9923735,22.4297841],[113.9923853,22.4297725],[113.9923951,22.4297628],[113.9921129,22.4295263],[113.9920914,22.4295476],[113.9923735,22.4297841]],[[113.9869738,22.4241537],[113.9867143,22.4238855],[113.9867064,22.423892],[113.9866972,22.4238996],[113.9869567,22.4241679],[113.9869641,22.4241617],[113.9869738,22.4241537]],[[113.9819082,22.4186793],[113.9821075,22.4189714],[113.9821273,22.4189598],[113.9820601,22.4188612],[113.9819281,22.4186677],[113.9819185,22.4186733],[113.9819082,22.4186793]],[[113.9784141,22.4115812],[113.9783874,22.4116227],[113.9784093,22.4116972],[113.9783951,22.4117007],[113.9783788,22.4117057],[113.9785509,22.4122509],[113.9785667,22.4122458],[113.9785806,22.4122435],[113.9785489,22.4121406],[113.9785808,22.4121317],[113.9785453,22.4120145],[113.9784982,22.4118589],[113.9784141,22.4115812]],[[113.9788592,22.4069204],[113.9788759,22.4069175],[113.9788828,22.4069163],[113.9788125,22.4065659],[113.9788038,22.4065674],[113.9787878,22.4065702],[113.9788592,22.4069204]],[[113.97958,22.4033043],[113.9795889,22.4033009],[113.9794422,22.4029648],[113.9794301,22.4029693],[113.979418,22.4029738],[113.9795647,22.40331],[113.97958,22.4033043]],[[113.9779772,22.400063],[113.9781184,22.4003733],[113.9781349,22.4003677],[113.9781467,22.4003624],[113.9780054,22.400052],[113.9779926,22.400057],[113.9779772,22.400063]],[[113.9774731,22.397588],[113.9774934,22.3975908],[113.9775032,22.3975924],[113.9775614,22.3972547],[113.9775476,22.3972524],[113.9775308,22.3972505],[113.9774731,22.397588]],[[113.9769905,22.3947004],[113.977004,22.3946641],[113.9770122,22.3946391],[113.9769828,22.3946311],[113.9766369,22.3945303],[113.9766285,22.3945567],[113.9766177,22.3945896],[113.9769905,22.3947004]],[[113.9750902,22.3915187],[113.9751051,22.3915184],[113.9751315,22.3915181],[113.9751388,22.3915179],[113.9751351,22.3913293],[113.9751251,22.3913303],[113.975108,22.3913297],[113.9751056,22.3912077],[113.9750934,22.3912079],[113.9750841,22.3912081],[113.9750902,22.3915187]],[[113.9751343,22.387796],[113.9751566,22.3877959],[113.9751818,22.3877958],[113.9751833,22.387353],[113.9751606,22.387353],[113.9751358,22.3873531],[113.9751343,22.387796]],[[113.9750905,22.3843994],[113.9750784,22.3844],[113.9750663,22.3844007],[113.9750882,22.38476],[113.9751003,22.3847594],[113.9751125,22.3847587],[113.9750905,22.3843994]],[[113.9728143,22.3832495],[113.9728152,22.3832624],[113.9728161,22.3832771],[113.9731808,22.3832591],[113.9731808,22.3832483],[113.9731777,22.383231],[113.9728143,22.3832495]],[[113.9704526,22.3813575],[113.9704328,22.3809863],[113.9704212,22.3809868],[113.970407,22.3809875],[113.9704268,22.3813587],[113.9704408,22.3813581],[113.9704526,22.3813575]],[[113.9668364,22.3754206],[113.9668284,22.3754167],[113.9668087,22.3754073],[113.9669865,22.3750883],[113.9670076,22.3750984],[113.9670153,22.3751021],[113.9668364,22.3754206]],[[113.9664976,22.3726764],[113.9665171,22.372686],[113.9665345,22.3726945],[113.9667052,22.3723967],[113.9666867,22.3723876],[113.9666683,22.3723786],[113.9664976,22.3726764]],[[114.0,22.435444953178653],[113.9998084,22.4353115],[113.9995586,22.4351176],[113.9994053,22.4350076],[113.9993193,22.4349458],[113.9990608,22.4347549],[113.9985812,22.4344188],[113.9984659,22.4343376],[113.9976598,22.4337709],[113.9974676,22.4336358],[113.9963135,22.432809],[113.9962358,22.4327574],[113.9954643,22.4322122],[113.9951562,22.431997],[113.9949768,22.4318728],[113.9948469,22.4317846],[113.9947232,22.4316963],[113.9945822,22.4315893],[113.9944456,22.431484],[113.9943112,22.4313766],[113.9939943,22.4311222],[113.9932437,22.4305219],[113.9931585,22.4304499],[113.9930519,22.4303625],[113.9924606,22.4298594],[113.9922253,22.4296735],[113.9917474,22.4292722],[113.9914853,22.4290072],[113.991422,22.4289431],[113.9913731,22.4288921],[113.9903639,22.4278392],[113.9902901,22.4277596],[113.9901476,22.4276166],[113.990099,22.4275647],[113.9891302,22.4265287],[113.9890798,22.4264768],[113.9890353,22.4264284],[113.9873102,22.4245539],[113.9872564,22.4244954],[113.9872292,22.4244676],[113.986814,22.424044],[113.9866045,22.4238234],[113.9863809,22.4235915],[113.9850826,22.4222074],[113.9850621,22.4221855],[113.9850331,22.4221565],[113.9849862,22.4221099],[113.9849704,22.4220943]],[[113.9849704,22.4220943],[113.9849531,22.4220778],[113.9849228,22.4220469],[113.9847707,22.4218922]],[[113.9847707,22.4218922],[113.9841508,22.4212619],[113.9840999,22.4212102],[113.9840607,22.4211693],[113.9840253,22.4211339],[113.9836162,22.4207249],[113.9831888,22.4202938],[113.9826262,22.4197025],[113.9822655,22.4192552],[113.9820934,22.4190296],[113.9819948,22.4188831],[113.9818604,22.4186794],[113.9817461,22.418477],[113.9813143,22.417675],[113.9812229,22.4174969]],[[113.9812229,22.4174969],[113.9810717,22.4172022]],[[113.9810717,22.4172022],[113.9804534,22.4159974]],[[113.9804534,22.4159974],[113.980311,22.4157199],[113.979814,22.4147732],[113.9797492,22.4146634],[113.9796838,22.4145701],[113.9795583,22.4144178],[113.9794518,22.4142879]],[[113.9794518,22.4142879],[113.979194,22.4139845],[113.9791343,22.4139185],[113.979071,22.4138449],[113.9790203,22.4137793],[113.9789689,22.41371],[113.9789159,22.4136202],[113.9788715,22.413535],[113.9788345,22.4134416],[113.978802,22.4133451],[113.9787741,22.4132431],[113.9787301,22.4130553],[113.9786243,22.4125511]],[[113.9786243,22.4125511],[113.9786122,22.4124951],[113.9786008,22.4124512],[113.9785867,22.4124038],[113.9785677,22.4123443],[113.9785561,22.4123097],[113.9785459,22.412281]],[[113.9785459,22.412281],[113.9784408,22.4119631]],[[113.9784408,22.4119631],[113.9783454,22.4116745]],[[113.9783454,22.4116745],[113.9783383,22.4116518],[113.9782786,22.4114549]],[[113.9782786,22.4114549],[113.9782318,22.4112941]],[[113.9782318,22.4112941],[113.9781544,22.4110005]],[[113.9781544,22.4110005],[113.9780094,22.4105221],[113.9777018,22.4095471],[113.9776822,22.4094652],[113.9776682,22.4093902],[113.977656,22.4093021],[113.9776496,22.4092131],[113.9776488,22.4091527],[113.9776533,22.4091005],[113.9776602,22.409058],[113.9776723,22.4090018],[113.9776891,22.4089482],[113.9777162,22.4088757],[113.9777409,22.4088219],[113.9777713,22.4087646],[113.9778029,22.4087163],[113.9778282,22.4086827],[113.9778731,22.4086282],[113.9779148,22.4085814],[113.9779645,22.4085299],[113.9780199,22.4084778],[113.9780947,22.4084155],[113.9786673,22.4079828],[113.9787313,22.4079291],[113.9788054,22.4078574],[113.9788437,22.407809],[113.9788714,22.4077647],[113.9788944,22.4077207],[113.978917,22.4076637],[113.978932,22.407606],[113.9789418,22.4075395],[113.9789441,22.4074586],[113.97894,22.4074053],[113.9789309,22.4073448],[113.9788651,22.4070313],[113.978811,22.4067586],[113.9787657,22.4065348],[113.9787352,22.4063803],[113.9787252,22.4063118],[113.9787165,22.4062512],[113.9787111,22.4061937],[113.9787068,22.4061103],[113.9787129,22.4060021],[113.9787273,22.4058949],[113.9787478,22.4057988]],[[113.9787478,22.4057988],[113.9787825,22.4056955],[113.9788305,22.4055825],[113.9788853,22.4054724],[113.9789356,22.4053857],[113.9789967,22.4052904],[113.9790746,22.4051808],[113.9791378,22.4050963],[113.9793843,22.40478],[113.9794394,22.4047037],[113.9794734,22.4046547],[113.9795018,22.4046105],[113.9795341,22.4045537],[113.9795804,22.4044609],[113.9796147,22.4043779],[113.9796346,22.4043177],[113.9796622,22.4042187],[113.9796761,22.4041511],[113.9796859,22.4040841],[113.9796925,22.4040166],[113.9796959,22.4039329],[113.9796946,22.4038616],[113.9796903,22.4037941],[113.9796826,22.4037288],[113.9796722,22.4036697],[113.9796565,22.4036023],[113.979637,22.4035332],[113.9796212,22.403484],[113.9795989,22.4034263],[113.979469,22.4031278],[113.9793563,22.4028683],[113.979304,22.4027573],[113.9792275,22.4026114],[113.9791679,22.4025054],[113.9785347,22.4013192],[113.9784864,22.4012244],[113.9784517,22.4011604],[113.9784228,22.4011013],[113.9783332,22.4009015],[113.9782593,22.4007084],[113.9782084,22.4005926],[113.9780452,22.4002411],[113.9779501,22.4000232],[113.9779046,22.399918],[113.9778467,22.3997987],[113.9777702,22.3996549],[113.9777203,22.3995536],[113.9776477,22.3993876],[113.9776211,22.3993224],[113.9775547,22.3991426],[113.9775091,22.3989994],[113.9774648,22.3987895],[113.9774338,22.3985902],[113.9774212,22.3984661],[113.9774146,22.3983597],[113.9774163,22.3982396],[113.977423,22.3980226],[113.9774251,22.3979246],[113.9774324,22.3978051],[113.9774438,22.3977171],[113.9774907,22.3974112],[113.9775258,22.3972066],[113.9776226,22.3966679]],[[113.9776226,22.3966679],[113.9778161,22.3955223],[113.9778266,22.3954501],[113.9778324,22.3953778],[113.977831,22.3953126],[113.9778235,22.395245],[113.9778131,22.3951983],[113.9777954,22.3951505],[113.9777724,22.395108],[113.9777419,22.3950661],[113.9777019,22.3950188],[113.9776491,22.3949708],[113.9775959,22.3949287],[113.9775386,22.3948957],[113.97749,22.3948725],[113.9774325,22.394852],[113.9770742,22.3947441],[113.9767912,22.3946624],[113.9764342,22.394557],[113.9763259,22.3945228],[113.9760088,22.3944003],[113.9758171,22.3943298]],[[113.9758171,22.3943298],[113.9751222,22.3940956],[113.9747669,22.3939748]],[[113.9747669,22.3939748],[113.9747072,22.3939339],[113.9746712,22.3938881],[113.9746444,22.3938336],[113.9746323,22.3937757],[113.9746344,22.393731],[113.9746462,22.3936682]],[[113.9746462,22.3936682],[113.9746934,22.3935253],[113.9747184,22.3934673],[113.9747622,22.3933911],[113.9748281,22.3932963],[113.9748853,22.3931997],[113.9749346,22.3930902]],[[113.9749346,22.3930902],[113.9749757,22.3929762],[113.9750108,22.3928313],[113.9750269,22.3927041],[113.9750311,22.3926005],[113.9750231,22.3924668],[113.9750151,22.3923505],[113.9750029,22.3921529]],[[113.9750029,22.3921529],[113.9750029,22.3920735],[113.9750092,22.3920069],[113.9750229,22.3919379],[113.9750429,22.3918667],[113.9750596,22.3917984],[113.9750686,22.3917464],[113.9750727,22.3916893],[113.9750738,22.3916359],[113.9750666,22.3913686],[113.9750572,22.3910505],[113.9750501,22.3906037],[113.9750526,22.3904926],[113.9750592,22.3903956],[113.9750754,22.3902579]],[[113.9750754,22.3902579],[113.9751529,22.3898256],[113.9751753,22.3896298],[113.9751877,22.3892082],[113.9751971,22.388824]],[[113.9751971,22.388824],[113.9751947,22.3886412],[113.9751945,22.3885761],[113.9751913,22.3884407],[113.9751807,22.3883402],[113.9751372,22.388032],[113.9751269,22.3879246]],[[113.9751269,22.3879246],[113.9751264,22.3878348],[113.9751228,22.3875741],[113.9751236,22.3873561]],[[113.9751236,22.3873561],[113.9751237,22.3873263],[113.9751086,22.3868723],[113.9751195,22.3866414],[113.9751269,22.3864817],[113.9751211,22.3859569],[113.9751121,22.3854689],[113.9751011,22.3852882]],[[113.9751011,22.3852882],[113.9750712,22.3847989],[113.9750578,22.3845814],[113.97504,22.3842883],[113.9750091,22.3837818],[113.9749939,22.3835327],[113.9749846,22.3833875]],[[113.9749846,22.3833875],[113.9749744,22.3833553],[113.9749611,22.383327],[113.9749445,22.3833001],[113.974919,22.383272],[113.9748899,22.3832477],[113.9748579,22.3832285],[113.974826,22.3832163],[113.9748019,22.3832097],[113.974776,22.3832057],[113.9747459,22.383203],[113.9747184,22.3832028],[113.9746368,22.3832072]],[[113.9746368,22.3832072],[113.9740588,22.3832317],[113.9732491,22.3832678],[113.9730445,22.3832794],[113.9727186,22.3832953],[113.9708657,22.3834125],[113.9708117,22.3834074],[113.9707593,22.3833941],[113.97071,22.383373],[113.9706652,22.3833446],[113.9706308,22.3833147],[113.9706015,22.3832806],[113.9705778,22.3832429],[113.9705601,22.3832024],[113.9705489,22.3831601],[113.9705334,22.3830361],[113.9704186,22.3814719],[113.9703882,22.3811755],[113.9703548,22.3807557]],[[113.9703548,22.3807557],[113.9703446,22.3806355],[113.9703289,22.3804856],[113.9703218,22.3804342],[113.9703105,22.3803778],[113.9702988,22.3803318],[113.9702813,22.3802729],[113.97026,22.3802155],[113.9702329,22.3801563],[113.9701984,22.380096],[113.9701609,22.3800376],[113.9701221,22.3799857],[113.9700862,22.3799443],[113.9700437,22.379902],[113.9700002,22.3798648],[113.9699478,22.3798236],[113.9698734,22.3797685],[113.9698338,22.3797411],[113.9690776,22.37929]],[[113.9690776,22.37929],[113.9679391,22.3786108]],[[113.9679391,22.3786108],[113.9676711,22.3784509],[113.9675814,22.3783943],[113.9674959,22.3783365],[113.9674311,22.3782879],[113.9673721,22.3782383],[113.9673125,22.3781837],[113.9672577,22.378124],[113.9672135,22.3780689],[113.9671749,22.3780121],[113.9671439,22.3779584],[113.9671151,22.3779028],[113.9670811,22.3778278],[113.9670476,22.3777465],[113.9670066,22.3776338],[113.9669726,22.3775403],[113.9669491,22.3774756],[113.9666871,22.3767549],[113.9666588,22.3766656],[113.9665779,22.376358],[113.9665628,22.376288],[113.9665511,22.3762144],[113.9665434,22.376147],[113.9665408,22.3760793],[113.9665431,22.3760153],[113.9665497,22.3759611],[113.966561,22.3759001],[113.9665754,22.3758421],[113.9665924,22.3757896],[113.9666157,22.3757311],[113.9666447,22.3756697],[113.9667235,22.3755285],[113.9668826,22.3752432],[113.9669936,22.3750449],[113.9675104,22.3741293],[113.9675661,22.3740339],[113.9676263,22.3739367],[113.9676933,22.3738331],[113.9678154,22.3736478],[113.9678823,22.3735373],[113.9679265,22.3734587],[113.9679634,22.373386],[113.9679914,22.3733251],[113.9680189,22.3732547],[113.9680538,22.3731519],[113.9680782,22.3730706],[113.9680958,22.3729917],[113.9681097,22.3729071],[113.9681211,22.3728145],[113.9681263,22.3727695],[113.9681351,22.372699],[113.9681451,22.3726155],[113.9681551,22.3725311],[113.9681574,22.3724653],[113.9681585,22.3724414]],[[113.9681585,22.3724414],[113.9681466,22.3723402],[113.9680959,22.3721976],[113.9680236,22.3721005],[113.9679304,22.3720371],[113.9678408,22.3720022],[113.9677314,22.3719839],[113.9676158,22.3719888],[113.9675222,22.3720107],[113.9674695,22.3720323],[113.9674192,22.3720569],[113.9673796,22.3720817],[113.9673218,22.3721049],[113.9672994,22.3721138],[113.9671295,22.3721569]],[[113.9671295,22.3721569],[113.9670403,22.3721796]],[[113.9670403,22.3721796],[113.9669055,22.3722155]],[[113.9669055,22.3722155],[113.9668495,22.3722411],[113.9668072,22.3722742],[113.9667856,22.3723],[113.9666595,22.3725334]]]},"properties":{"key":"relation:3680323@detail:455_89","osmType":"relation","osmId":3680323,"sourceRegion":"shenzhen","featureType":"service","railClass":"light_rail","mode":"light_rail","name":"輕鐵614綫（元朗 → 屯門碼頭）","nameEn":"Light Rail 614 (Yuen Long → Tuen Mun Ferry Pier)","ref":"614","operator":"香港鐵路有限公司 MTR Corporation Limited","network":"輕鐵 Light Rail","status":"operational","color":"#44ADC3","sourceKey":"relation:3680323"}},{"type":"Feature","geometry":{"type":"MultiLineString","coordinates":[[[113.9976296,22.4337257],[113.9976417,22.4337112],[113.9976538,22.4336967],[113.997365,22.4334906],[113.9973518,22.4335064],[113.9973408,22.4335196],[113.9976296,22.4337257]],[[113.9923735,22.4297841],[113.9923853,22.4297725],[113.9923951,22.4297628],[113.9921129,22.4295263],[113.9920914,22.4295476],[113.9923735,22.4297841]],[[113.9869738,22.4241537],[113.9867143,22.4238855],[113.9867064,22.423892],[113.9866972,22.4238996],[113.9869567,22.4241679],[113.9869641,22.4241617],[113.9869738,22.4241537]],[[113.9819082,22.4186793],[113.9821075,22.4189714],[113.9821273,22.4189598],[113.9820601,22.4188612],[113.9819281,22.4186677],[113.9819185,22.4186733],[113.9819082,22.4186793]],[[113.9784141,22.4115812],[113.9783874,22.4116227],[113.9784093,22.4116972],[113.9783951,22.4117007],[113.9783788,22.4117057],[113.9785509,22.4122509],[113.9785667,22.4122458],[113.9785806,22.4122435],[113.9785489,22.4121406],[113.9785808,22.4121317],[113.9785453,22.4120145],[113.9784982,22.4118589],[113.9784141,22.4115812]],[[113.9723721,22.4072626],[113.9727473,22.4073613],[113.9727521,22.4073454],[113.9727547,22.407337],[113.9723796,22.4072383],[113.9723721,22.4072626]],[[113.968991,22.4067566],[113.969095,22.4067193],[113.969343,22.4066304],[113.9693476,22.4066414],[113.9693615,22.4066744],[113.9690094,22.4068005],[113.9689956,22.4067676],[113.968991,22.4067566]],[[113.9662554,22.4076737],[113.9666102,22.4075974],[113.9666063,22.4075817],[113.9666023,22.4075661],[113.9662479,22.407644],[113.9662516,22.4076586],[113.9662554,22.4076737]],[[113.9634913,22.4065157],[113.9637208,22.4067748],[113.9637455,22.4067561],[113.963516,22.406497],[113.9635052,22.4065051],[113.9634913,22.4065157]],[[113.9642963,22.4053472],[113.9646823,22.4052934],[113.9646756,22.4052521],[113.9642896,22.4053059],[113.9642926,22.4053242],[113.9642963,22.4053472]],[[113.9678528,22.40158],[113.9678334,22.4015816],[113.9678141,22.4015833],[113.9678056,22.4014987],[113.967794,22.4014145],[113.9677794,22.4013306],[113.9677618,22.4012473],[113.9677808,22.4012438],[113.9677999,22.4012404],[113.9678177,22.4013243],[113.9678325,22.4014094],[113.9678442,22.4014948],[113.9678528,22.40158]],[[113.9673981,22.396982],[113.9673698,22.3972077],[113.9673552,22.3972069],[113.9673479,22.3973264],[113.9673188,22.3973249],[113.9673399,22.396979],[113.9673593,22.39698],[113.967369,22.3969805],[113.9673779,22.396981],[113.9673981,22.396982]],[[113.9674918,22.3944924],[113.9675288,22.3944931],[113.9675349,22.3942182],[113.9675267,22.394218],[113.9674979,22.3942175],[113.9674918,22.3944924]],[[113.9673851,22.3910766],[113.9674112,22.3910659],[113.9672556,22.3907366],[113.9672467,22.3907404],[113.9672314,22.3907469],[113.9673851,22.3910766]],[[113.9651471,22.3854051],[113.965164,22.3853977],[113.9651776,22.3853917],[113.9650229,22.3850897],[113.9650074,22.3850965],[113.9649924,22.3851031],[113.9651471,22.3854051]],[[113.9633618,22.381647],[113.963447,22.3819936],[113.9634944,22.3819836],[113.9634092,22.381637],[113.9633855,22.381642],[113.9633618,22.381647]],[[113.9618988,22.3782514],[113.9616767,22.37797],[113.9616669,22.3779763],[113.9616513,22.3779864],[113.9618734,22.3782678],[113.9618851,22.3782609],[113.9618988,22.3782514]],[[113.9610712,22.375297],[113.9610896,22.3753095],[113.9611035,22.3753182],[113.9613139,22.3750439],[113.9613009,22.3750336],[113.9612815,22.3750227],[113.9610712,22.375297]],[[113.9668804,22.3727455],[113.966889,22.3727741],[113.9672399,22.3726828],[113.9672313,22.3726541],[113.9668804,22.3727455]],[[114.0,22.435444953178653],[113.9998084,22.4353115],[113.9995586,22.4351176],[113.9994053,22.4350076],[113.9993193,22.4349458],[113.9990608,22.4347549],[113.9985812,22.4344188],[113.9984659,22.4343376],[113.9976598,22.4337709],[113.9974676,22.4336358],[113.9963135,22.432809],[113.9962358,22.4327574],[113.9954643,22.4322122],[113.9951562,22.431997],[113.9949768,22.4318728],[113.9948469,22.4317846],[113.9947232,22.4316963],[113.9945822,22.4315893],[113.9944456,22.431484],[113.9943112,22.4313766],[113.9939943,22.4311222],[113.9932437,22.4305219],[113.9931585,22.4304499],[113.9930519,22.4303625],[113.9924606,22.4298594],[113.9922253,22.4296735],[113.9917474,22.4292722],[113.9914853,22.4290072],[113.991422,22.4289431],[113.9913731,22.4288921],[113.9903639,22.4278392],[113.9902901,22.4277596],[113.9901476,22.4276166],[113.990099,22.4275647],[113.9891302,22.4265287],[113.9890798,22.4264768],[113.9890353,22.4264284],[113.9873102,22.4245539],[113.9872564,22.4244954],[113.9872292,22.4244676],[113.986814,22.424044],[113.9866045,22.4238234],[113.9863809,22.4235915],[113.9850826,22.4222074],[113.9850621,22.4221855],[113.9850331,22.4221565],[113.9849862,22.4221099],[113.9849704,22.4220943]],[[113.9849704,22.4220943],[113.9849531,22.4220778],[113.9849228,22.4220469],[113.9847707,22.4218922]],[[113.9847707,22.4218922],[113.9841508,22.4212619],[113.9840999,22.4212102],[113.9840607,22.4211693],[113.9840253,22.4211339],[113.9836162,22.4207249],[113.9831888,22.4202938],[113.9826262,22.4197025],[113.9822655,22.4192552],[113.9820934,22.4190296],[113.9819948,22.4188831],[113.9818604,22.4186794],[113.9817461,22.418477],[113.9813143,22.417675],[113.9812229,22.4174969]],[[113.9812229,22.4174969],[113.9810717,22.4172022]],[[113.9810717,22.4172022],[113.9804534,22.4159974]],[[113.9804534,22.4159974],[113.980311,22.4157199],[113.979814,22.4147732],[113.9797492,22.4146634],[113.9796838,22.4145701],[113.9795583,22.4144178],[113.9794518,22.4142879]],[[113.9794518,22.4142879],[113.979194,22.4139845],[113.9791343,22.4139185],[113.979071,22.4138449],[113.9790203,22.4137793],[113.9789689,22.41371],[113.9789159,22.4136202],[113.9788715,22.413535],[113.9788345,22.4134416],[113.978802,22.4133451],[113.9787741,22.4132431],[113.9787301,22.4130553],[113.9786243,22.4125511]],[[113.9786243,22.4125511],[113.9786122,22.4124951],[113.9786008,22.4124512],[113.9785867,22.4124038],[113.9785677,22.4123443],[113.9785561,22.4123097],[113.9785459,22.412281]],[[113.9785459,22.412281],[113.9784408,22.4119631]],[[113.9784408,22.4119631],[113.9783454,22.4116745]],[[113.9783454,22.4116745],[113.9783383,22.4116518],[113.9782786,22.4114549]],[[113.9782786,22.4114549],[113.9782318,22.4112941]],[[113.9782318,22.4112941],[113.9782237,22.411232],[113.9782188,22.4111847],[113.9782157,22.4111223],[113.9782128,22.4110536],[113.9782021,22.4109961],[113.9781915,22.4109538],[113.9778136,22.4096566],[113.9777924,22.409596],[113.9777678,22.4095392],[113.9777355,22.4094791],[113.9776397,22.4093417]],[[113.9776397,22.4093417],[113.9776071,22.409306],[113.9775765,22.4092844],[113.9775427,22.409267],[113.9774967,22.4092498],[113.9774535,22.409242],[113.977413,22.4092423],[113.9773638,22.409248],[113.9773189,22.4092574],[113.9771932,22.4092874]],[[113.9771932,22.4092874],[113.9764108,22.4094658]],[[113.9764108,22.4094658],[113.9763063,22.4094903],[113.9762819,22.4094948],[113.9762659,22.4094978],[113.9762302,22.4095021],[113.9762034,22.409502],[113.9761754,22.4094989],[113.9761466,22.4094912],[113.976115,22.4094778],[113.976084,22.4094577],[113.9760497,22.4094294],[113.9760254,22.4094051],[113.975999,22.4093731],[113.97597,22.4093346]],[[113.97597,22.4093346],[113.9759064,22.409218],[113.975874,22.409166],[113.975846,22.4091249],[113.9758092,22.4090745],[113.9757727,22.4090268],[113.9757058,22.4089453],[113.9756339,22.4088635],[113.9755538,22.4087805],[113.9754662,22.4086939],[113.9753839,22.4086158],[113.9753039,22.4085457],[113.975217,22.408472],[113.9751215,22.4083955],[113.9750112,22.4083123],[113.9748786,22.4082187],[113.9747388,22.4081282],[113.9745927,22.4080412],[113.9744187,22.4079466],[113.9743358,22.4079044],[113.9742012,22.4078405],[113.9740948,22.4077941],[113.9739817,22.4077474],[113.9738495,22.4076958],[113.9737547,22.4076611],[113.9736123,22.407612],[113.9735348,22.4075874],[113.973398,22.4075461],[113.9732055,22.4074949],[113.9728574,22.4074048],[113.9725636,22.4073283],[113.9714169,22.4070319],[113.9713066,22.4070035],[113.9712229,22.4069823],[113.9708155,22.4068625],[113.9705517,22.4067789],[113.9701234,22.4066432],[113.9700527,22.4066226],[113.9699847,22.4066074],[113.96991,22.4065955],[113.9698311,22.4065881],[113.969767,22.4065885],[113.9697008,22.4065948],[113.9696443,22.4066031],[113.969588,22.4066138],[113.9695335,22.4066278],[113.9694749,22.4066458],[113.9694176,22.4066663],[113.9691898,22.4067479],[113.969061,22.4067941],[113.9689909,22.4068192],[113.9689414,22.4068369],[113.9688893,22.4068556],[113.9673012,22.4074208],[113.9672192,22.4074505],[113.9670985,22.4074927],[113.9669948,22.4075226],[113.9669204,22.4075429],[113.9668189,22.4075675],[113.9667138,22.4075906]],[[113.9667138,22.4075906],[113.9664372,22.4076484],[113.9662107,22.4076976],[113.9658958,22.4077668],[113.9658245,22.4077788],[113.9657523,22.4077876],[113.9656652,22.4077928],[113.965589,22.4077925],[113.9655098,22.4077889],[113.9654211,22.407781],[113.965342,22.4077695],[113.9652602,22.4077543],[113.9650393,22.4077121],[113.9648454,22.4076697],[113.9647875,22.4076549],[113.9647246,22.4076356],[113.964658,22.4076114],[113.9646068,22.4075899],[113.9645548,22.4075651],[113.9645061,22.4075365],[113.9644699,22.4075131],[113.9644271,22.4074822],[113.9643929,22.4074551],[113.9640732,22.4071795],[113.9640205,22.4071318],[113.9639651,22.4070777],[113.9639165,22.4070276],[113.9638855,22.4069939],[113.963733,22.4068182]],[[113.963733,22.4068182],[113.9635936,22.4066563],[113.9635264,22.4065783]],[[113.9635264,22.4065783],[113.9634059,22.4064391],[113.9633719,22.4063923],[113.963344,22.4063491],[113.9633129,22.4062911],[113.9632891,22.4062353],[113.9632662,22.4061667],[113.9632538,22.4061155],[113.9632477,22.4060731],[113.9632438,22.406014],[113.963245,22.4059567],[113.9632506,22.4059032],[113.9632595,22.4058542],[113.9632755,22.4057945],[113.9632844,22.4057684],[113.9632979,22.405734],[113.9633199,22.4056883],[113.9633422,22.4056494],[113.9633465,22.4056432],[113.9633619,22.4056206],[113.9633708,22.4056089],[113.963382,22.4055943],[113.9634028,22.4055695],[113.9634329,22.4055391],[113.9634541,22.4055194],[113.9634859,22.4054938],[113.9635208,22.4054701],[113.9635623,22.4054462],[113.9636153,22.4054195],[113.9636595,22.4054013],[113.9637069,22.4053847],[113.9637571,22.4053712],[113.9638047,22.4053612],[113.96417,22.4053091],[113.9644805,22.4052659],[113.9648955,22.4052068],[113.964944,22.4051949],[113.9650144,22.4051683],[113.9657368,22.4048431]],[[113.9657368,22.4048431],[113.965781,22.4048162],[113.9659183,22.4047226],[113.9661451,22.4045683],[113.9662081,22.4045199],[113.9662706,22.404468],[113.9663572,22.4043883],[113.966464,22.4042843],[113.9666188,22.4041329]],[[113.9666188,22.4041329],[113.9670052,22.4037534],[113.9670379,22.4037171],[113.967084,22.4036642],[113.9671218,22.403614],[113.9671583,22.4035613],[113.9671991,22.403493],[113.9675387,22.402872],[113.9676061,22.4027372],[113.9676461,22.4026426],[113.9676925,22.4025168],[113.967721,22.4024267],[113.9677479,22.4023276],[113.9677686,22.4022389],[113.9677848,22.4021445],[113.9677986,22.4020354],[113.9678085,22.4018963],[113.9678098,22.4017751],[113.9678031,22.4015955],[113.9677935,22.4015],[113.967782,22.4014161],[113.9677675,22.4013326],[113.9677112,22.4010504],[113.9676942,22.4009636],[113.9676777,22.4008848],[113.9676546,22.4007695],[113.9674751,22.3997771],[113.9673643,22.3992773]],[[113.9673643,22.3992773],[113.9673468,22.3991885],[113.9673113,22.3990287],[113.9672832,22.3988677],[113.9672624,22.3987057],[113.967249,22.3985431],[113.967243,22.39838],[113.9672444,22.3982169],[113.9672546,22.3980351],[113.9673067,22.3973242],[113.9673172,22.3971513],[113.9673278,22.396978],[113.9673396,22.3968102],[113.9673445,22.3967411]],[[113.9673445,22.3967411],[113.9673742,22.3963205]],[[113.9673742,22.3963205],[113.9673955,22.3960364],[113.9673977,22.3960037],[113.9674234,22.3955459],[113.9674377,22.3954524],[113.9674591,22.3953616],[113.9674791,22.3952828],[113.9674863,22.3952462],[113.9674917,22.3952062],[113.9675028,22.3950662]],[[113.9675028,22.3950662],[113.9675173,22.394833],[113.9675146,22.394785],[113.9675094,22.3947479],[113.9674752,22.3945742],[113.9674734,22.3945404],[113.9674801,22.3943558],[113.9674911,22.3940961],[113.9674912,22.393379],[113.9675137,22.392492],[113.9674934,22.3915309],[113.9674845,22.3914361],[113.9674725,22.3913611],[113.9674534,22.391286],[113.967429,22.3912168],[113.9673995,22.391145],[113.9672929,22.3909179],[113.9671516,22.3906158],[113.9661735,22.3885266],[113.9660679,22.3882902],[113.9659884,22.3880929],[113.9659385,22.3879513],[113.9658824,22.387761],[113.965864,22.3876927],[113.9658365,22.3875693],[113.9658135,22.3874577],[113.965647,22.3865952],[113.9656245,22.3864935],[113.9655905,22.3863641],[113.9655539,22.3862567],[113.9655288,22.3861946],[113.9654933,22.3861161],[113.9651628,22.3854554],[113.9650567,22.3852573],[113.9649214,22.3849881],[113.964798,22.3847419],[113.964515,22.3842506],[113.964375,22.3840187],[113.9640264,22.3833323],[113.963962,22.3831954],[113.9638927,22.3830528],[113.9638323,22.3829287],[113.9635567,22.382304],[113.9634591,22.3820935],[113.9634352,22.3819961],[113.9633926,22.3818228],[113.9633268,22.3815549],[113.9632822,22.3813735],[113.9632615,22.3812894],[113.9632268,22.3811482],[113.9631602,22.3808886],[113.9630202,22.3802974],[113.9629325,22.3799302],[113.9627892,22.3795854],[113.9625583,22.3791951],[113.9618629,22.3782752],[113.9617525,22.3781351],[113.9615671,22.377904],[113.9604786,22.3765756],[113.9604308,22.3765161],[113.9603966,22.3764622],[113.960365,22.3763941],[113.9603514,22.3763334],[113.960346,22.376261],[113.9603454,22.3762048],[113.9603497,22.3761453],[113.9603698,22.3760677],[113.9603935,22.3760081],[113.960423,22.3759578],[113.960449,22.3759211],[113.9604959,22.3758727],[113.9605352,22.3758334],[113.9609968,22.3753928],[113.9610453,22.3753267],[113.961216,22.3750842],[113.9613926,22.3748676],[113.9614622,22.3747834],[113.9615235,22.3747046],[113.9616433,22.3745508],[113.9618003,22.3743754],[113.9620985,22.3740234],[113.9621505,22.3739696],[113.9622071,22.37392],[113.9622678,22.3738747],[113.962337,22.3738315],[113.96241,22.3737939],[113.9624664,22.3737645],[113.9625249,22.373739],[113.9625752,22.3737217],[113.9626459,22.3737006],[113.9627076,22.3736878],[113.9649391,22.3733021],[113.9651811,22.37324],[113.9656019,22.3731243],[113.9656571,22.3731074]],[[113.9656571,22.3731074],[113.9666044,22.3728361],[113.9666774,22.3728176],[113.9667269,22.3728017],[113.9667779,22.3727798],[113.9668208,22.372752],[113.9668751,22.3727279],[113.9670515,22.3726799],[113.9672795,22.3726149],[113.9673536,22.3725927],[113.9674134,22.3725544],[113.9674585,22.3725035],[113.9674847,22.3724494],[113.9674959,22.372386],[113.9674896,22.3723269],[113.9674651,22.3722665],[113.9674284,22.3722187],[113.9673874,22.3721852],[113.9673574,22.3721683],[113.9673353,22.3721589],[113.9673159,22.3721524],[113.9672724,22.3721434],[113.9672121,22.3721426],[113.9671295,22.3721569]],[[113.9671295,22.3721569],[113.9670403,22.3721796]],[[113.9670403,22.3721796],[113.9669055,22.3722155]],[[113.9669055,22.3722155],[113.9667754,22.37225]],[[113.9667754,22.37225],[113.9666512,22.3722853]],[[113.9666512,22.3722853],[113.9666005,22.3723094],[113.9665622,22.3723388],[113.9665414,22.3723634],[113.9664154,22.3725946]]]},"properties":{"key":"relation:3680520@detail:455_89","osmType":"relation","osmId":3680520,"sourceRegion":"shenzhen","featureType":"service","railClass":"light_rail","mode":"light_rail","name":"輕鐵615綫（元朗 → 屯門碼頭）","nameEn":"Light Rail 615 (Yuen Long → Tuen Mun Ferry Pier)","ref":"615","operator":"香港鐵路有限公司 MTR Corporation Limited","network":"輕鐵 Light Rail","status":"operational","color":"#F4E619","sourceKey":"relation:3680520"}},{"type":"Feature","geometry":{"type":"MultiLineString","coordinates":[[[113.9409065,22.3216352],[113.9435219,22.3222053],[113.9436955,22.3222422],[113.9437313,22.3222581],[113.9437816,22.3222804],[113.9437689,22.3223229],[113.9408865,22.3217018],[113.9409065,22.3216352]],[[113.9360811,22.3167641],[113.9362454,22.3168159],[113.9369236,22.3149741],[113.936753,22.3149217],[113.9366296,22.3152611],[113.9364127,22.3158571],[113.9362059,22.3164266],[113.9360811,22.3167641]],[[113.9422192,22.3219972],[113.9400007,22.321513]],[[113.9400007,22.321513],[113.9390502,22.3213056],[113.9381888,22.3211176],[113.9379749,22.3210662],[113.9377684,22.3210052],[113.9375951,22.3209418],[113.9374378,22.3208744],[113.9372822,22.3207959],[113.9371341,22.3207109],[113.9369907,22.3206168],[113.9368585,22.3205184],[113.9366799,22.3203665],[113.9365734,22.3202624],[113.9364967,22.3201767],[113.9364133,22.3200783],[113.9363371,22.3199819],[113.9362765,22.3198956],[113.9362048,22.3197841],[113.9361231,22.3196396],[113.9360587,22.3195077],[113.9360066,22.3193828],[113.9359582,22.3192515],[113.9359191,22.3191181],[113.9358848,22.3189781],[113.9358567,22.3188276],[113.9358409,22.3186937],[113.935833,22.3185654],[113.9358295,22.3184057],[113.9358389,22.318232],[113.9358668,22.3180046],[113.9359254,22.3177795],[113.9359718,22.3176453],[113.9360433,22.3174643],[113.9366103,22.3159044],[113.9371277,22.3145204],[113.9374094,22.3137445],[113.9377816,22.3127541],[113.937904,22.3124195],[113.9379505,22.3122809],[113.9380132,22.3120887],[113.9380786,22.3118528],[113.9381376,22.3116328],[113.9381931,22.3114142],[113.9382386,22.3112083],[113.9382636,22.3110844],[113.9382943,22.3109142],[113.9383318,22.3106663],[113.9383707,22.3103716],[113.9383946,22.3101292]],[[113.9383946,22.3101292],[113.9384059,22.3099495],[113.9384135,22.3097813],[113.9384182,22.3095947],[113.9384176,22.3093762],[113.9384105,22.3091269],[113.9383987,22.3088996],[113.9383793,22.3086592],[113.9383523,22.3084098],[113.9383082,22.3081133],[113.9382613,22.3078561],[113.938213,22.3076255],[113.9381635,22.3074193],[113.9380991,22.3071868],[113.938033,22.30697],[113.937956,22.3067354],[113.9378634,22.3064733],[113.9377508,22.3061709],[113.9368364,22.3037727],[113.9367054,22.3034217],[113.9366318,22.3032188],[113.9365487,22.3029753],[113.9364972,22.3028188],[113.9364205,22.3025591],[113.936357,22.3023065],[113.9363125,22.3021094],[113.9362492,22.3017862],[113.9362041,22.3014569],[113.9361836,22.3012674],[113.9361703,22.3011182],[113.9361508,22.3007789],[113.9361479,22.3006305],[113.9361482,22.3004604],[113.9361527,22.3002736],[113.9361657,22.3000182],[113.9361853,22.2997431],[113.9362123,22.2994617],[113.9362556,22.2990972],[113.9362986,22.2987997],[113.9363598,22.2984447],[113.9364399,22.2980558],[113.9365157,22.297729],[113.9365948,22.2974267],[113.936681,22.2971232],[113.9367827,22.2967995],[113.9369024,22.2964566],[113.9370026,22.2961952],[113.9371052,22.2959484],[113.9371969,22.2957398],[113.937276,22.2955708],[113.9374002,22.2953196],[113.9374934,22.2951428],[113.9375622,22.2950169],[113.9376776,22.294814],[113.9377835,22.2946384]],[[113.9377835,22.2946384],[113.9378759,22.2944885],[113.9379699,22.2943426],[113.9380479,22.2942262],[113.9381669,22.2940532],[113.9383019,22.2938688],[113.9384231,22.2937093],[113.9385625,22.2935319],[113.9387103,22.2933536],[113.9388688,22.2931701],[113.938998,22.2930251],[113.9391633,22.2928518],[113.9393257,22.2926854],[113.9394909,22.2925244],[113.9396666,22.2923586]],[[113.9396666,22.2923586],[113.9399433,22.2921104],[113.9400216,22.2920458]],[[113.9400216,22.2920458],[113.9401419,22.2919465],[113.9404192,22.2917327],[113.9407938,22.2914641],[113.9412494,22.291164]],[[113.9412494,22.291164],[113.9415629,22.2909795],[113.941958,22.2907767],[113.9423078,22.2906186]],[[113.9423078,22.2906186],[113.9426638,22.2904679]],[[113.9426638,22.2904679],[113.9427793,22.2904235],[113.9432927,22.2902514],[113.943767,22.2901203]],[[113.943767,22.2901203],[113.9442036,22.2900241],[113.9446793,22.2899369],[113.9452102,22.2898743],[113.9457189,22.2898472],[113.9462515,22.2898523]],[[113.9462515,22.2898523],[113.9465945,22.2898686],[113.9469399,22.2898989]],[[113.9469399,22.2898989],[113.947038,22.2899089],[113.947499,22.2899732],[113.9480195,22.290067]],[[113.9480195,22.290067],[113.9483358,22.290143],[113.9486516,22.2902371],[113.9490115,22.2903515],[113.949326,22.2904631],[113.9495758,22.2905618],[113.9498444,22.2906837],[113.9500992,22.2908088],[113.9505495,22.291052],[113.9509401,22.2912856],[113.9513114,22.2915411],[113.9517566,22.2918759],[113.9520892,22.2921539],[113.9524647,22.2925212],[113.9528805,22.2929307],[113.9533863,22.2934172],[113.9538085,22.2938216],[113.9543266,22.2942893],[113.954695,22.2945966],[113.9550772,22.2948869],[113.9554967,22.29518],[113.9559379,22.2954801],[113.9564399,22.2957911],[113.956749,22.2959645],[113.9570241,22.2961085],[113.9577257,22.296457],[113.9583291,22.2967222],[113.9588816,22.2969399],[113.9592695,22.2970776],[113.9598482,22.2972582],[113.9605878,22.2974554],[113.9620526,22.297791]],[[113.9620526,22.297791],[113.9631859,22.2980739]],[[113.9631859,22.2980739],[113.9642679,22.2983408],[113.9656987,22.2986931],[113.9659894,22.2987621],[113.9664788,22.2988781],[113.9671911,22.2990452],[113.9675705,22.2991334]],[[113.9675705,22.2991334],[113.967926,22.2992204]],[[113.967926,22.2992204],[113.9682331,22.2993003],[113.9688396,22.2994575],[113.9696389,22.2996535],[113.9700251,22.2997478],[113.9707158,22.2999432],[113.971031,22.3000318],[113.9712594,22.3001011]],[[113.9712594,22.3001011],[113.9714961,22.3001732],[113.9717985,22.3002849],[113.9720364,22.3003856]],[[113.9720364,22.3003856],[113.9722314,22.3004668],[113.9726959,22.3006766],[113.9730813,22.3008656],[113.973453,22.301073],[113.9742979,22.3015495],[113.9752498,22.3020863],[113.9759623,22.3024887],[113.9766969,22.3029145],[113.9774066,22.3033263],[113.97753,22.3033982]],[[113.97753,22.3033982],[113.9780154,22.3036687]],[[113.9780154,22.3036687],[113.9785551,22.3039701],[113.9794052,22.3044515],[113.9805651,22.3050868]],[[113.9805651,22.3050868],[113.9806509,22.3051323],[113.9811483,22.3053959],[113.9817786,22.3057358],[113.9824844,22.3061191],[113.9832726,22.3065398],[113.9839878,22.3069494],[113.9847666,22.3074108],[113.985421,22.3077756],[113.9864617,22.3083588],[113.9873629,22.3088898],[113.9875656,22.3090034],[113.9883209,22.3094269],[113.9891332,22.3098948],[113.9902919,22.3105598],[113.9909625,22.3109518],[113.9915154,22.3112681],[113.9926228,22.3119171],[113.993076,22.3122149],[113.993693,22.3126715],[113.9943392,22.31321],[113.994629,22.3134878]],[[113.994629,22.3134878],[113.9950219,22.3138876],[113.995409,22.3143217]],[[113.995409,22.3143217],[113.9957261,22.3147359],[113.9964583,22.31574],[113.9967082,22.3160795],[113.9972657,22.3168302],[113.9979447,22.3177519],[113.9981647,22.3180372],[113.9984167,22.3183474],[113.9986127,22.318575],[113.9988428,22.3188152],[113.9990735,22.3190499],[113.9992854,22.3192494],[113.999622,22.3195195],[113.9998091,22.3196694],[114.0,22.319813433981285]]]},"properties":{"key":"relation:5317238@detail:455_89","osmType":"relation","osmId":5317238,"sourceRegion":"shenzhen","featureType":"service","railClass":"metro","mode":"subway","name":"機場快綫","nameEn":"Airport Express","ref":"AEL","operator":"香港鐵路有限公司 MTR Corporation","network":"港鐵 MTR","status":"operational","color":"#00888a","sourceKey":"relation:5317238"}},{"type":"Feature","geometry":{"type":"MultiLineString","coordinates":[[[113.9367674,22.314931],[113.9368695,22.3149631],[113.9361957,22.316796],[113.9360933,22.3167638],[113.9361935,22.3164912],[113.9364301,22.3158479],[113.9366598,22.3152235],[113.9367674,22.314931]],[[113.9370351,22.31502],[113.9369197,22.3149827],[113.9362407,22.3168088],[113.936358,22.3168448],[113.936462,22.3165587],[113.936903,22.315369],[113.9370351,22.31502]],[[113.9409065,22.3216352],[113.9435219,22.3222053],[113.9436955,22.3222422],[113.9437313,22.3222581],[113.9437816,22.3222804],[113.9437689,22.3223229],[113.9408865,22.3217018],[113.9409065,22.3216352]],[[114.0,22.319765258823526],[113.9998374,22.3196457],[113.9993417,22.319252],[113.9990934,22.3190175],[113.9988767,22.3188019],[113.9986388,22.3185475],[113.9984414,22.3183219],[113.9981887,22.3180139],[113.9979696,22.3177269],[113.997269,22.3167818],[113.9960905,22.3151484],[113.9954686,22.3143346]],[[113.9954686,22.3143346],[113.995063,22.313879],[113.9946811,22.3134815]],[[113.9946811,22.3134815],[113.994369,22.3131837],[113.9934197,22.3124074],[113.9929086,22.3120368],[113.9908367,22.3108248],[113.9840083,22.3069175],[113.9831417,22.3064308],[113.9822329,22.3059335],[113.9808058,22.3051655],[113.9803573,22.3049147]],[[113.9803573,22.3049147],[113.9794259,22.3044194],[113.9785758,22.30394],[113.9780528,22.303646]],[[113.9780528,22.303646],[113.9775913,22.3033898],[113.9775084,22.3033404]],[[113.9775084,22.3033404],[113.9767624,22.3028958],[113.9759902,22.3024465],[113.9748605,22.3018013],[113.9736759,22.3011174],[113.9732333,22.3008705],[113.9728141,22.3006427],[113.972423,22.3004569],[113.9721145,22.3003256],[113.9717969,22.3002042],[113.9715855,22.3001309]],[[113.9715855,22.3001309],[113.9710406,22.2999729],[113.9707692,22.2998982]],[[113.9707692,22.2998982],[113.9699193,22.2996772],[113.9683647,22.2992914],[113.9679348,22.2991753]],[[113.9679348,22.2991753],[113.967584,22.2990898]],[[113.967584,22.2990898],[113.9672055,22.2990007],[113.9664933,22.2988345],[113.966005,22.2987158],[113.9657091,22.2986439],[113.9642817,22.2982888],[113.9632862,22.2980434]],[[113.9632862,22.2980434],[113.9621015,22.2977556]],[[113.9621015,22.2977556],[113.9606054,22.2974052],[113.9598661,22.2972078],[113.95929,22.297029],[113.9589063,22.2968932],[113.958356,22.2966778],[113.9577523,22.2964136],[113.9570502,22.2960676],[113.9567732,22.2959244],[113.9564667,22.295752],[113.955967,22.2954479],[113.9555225,22.2951453],[113.9551139,22.2948525],[113.9547237,22.2945616],[113.9543518,22.2942559],[113.9538329,22.2937875],[113.9534013,22.293381],[113.9521216,22.2921244],[113.9517869,22.2918371],[113.9513431,22.2914993],[113.950961,22.2912366],[113.9505793,22.2910064],[113.9501297,22.290758],[113.9498803,22.2906308],[113.9496067,22.2905068],[113.9493593,22.2904096],[113.9490341,22.2902903],[113.9486736,22.2901746],[113.9483587,22.2900828],[113.948036,22.2900043]],[[113.948036,22.2900043],[113.9475099,22.2899121],[113.9470447,22.2898532],[113.9469414,22.2898419]],[[113.9469414,22.2898419],[113.9466002,22.2898105],[113.9462505,22.2897915]],[[113.9462505,22.2897915],[113.9457207,22.2897854],[113.9452026,22.2898121],[113.9446676,22.2898771],[113.9441929,22.2899646],[113.9437601,22.29006]],[[113.9437601,22.29006],[113.9432743,22.2901938],[113.9427599,22.2903746],[113.9426435,22.2904214],[113.9426216,22.2904288]],[[113.9426216,22.2904288],[113.9422653,22.2905803]],[[113.9422653,22.2905803],[113.941934,22.2907317],[113.9415357,22.290937],[113.9412182,22.2911218]],[[113.9412182,22.2911218],[113.9407646,22.2914263],[113.9403911,22.2916976],[113.9400837,22.2919421],[113.9399966,22.2920142]],[[113.9399966,22.2920142],[113.9399225,22.2920756],[113.9396344,22.292332]],[[113.9396344,22.292332],[113.9394507,22.2925066],[113.9392262,22.2927269],[113.9390521,22.292902],[113.9389017,22.2930672],[113.9387585,22.2932289],[113.9385966,22.2934211],[113.9384532,22.2935981],[113.9383234,22.2937659],[113.9381989,22.293934],[113.9380658,22.2941224],[113.9379285,22.2943244],[113.9378402,22.2944624],[113.9377439,22.2946172]],[[113.9377439,22.2946172],[113.9376531,22.2947685],[113.9375334,22.2949779],[113.9374532,22.295125],[113.9373221,22.295377],[113.9371733,22.2956859],[113.9370158,22.2960459],[113.9368825,22.2963831],[113.9367344,22.2968031],[113.9366133,22.2971957],[113.9365218,22.2975246],[113.9364338,22.2978792],[113.9363636,22.2981913],[113.9363037,22.298506],[113.9362358,22.2989167],[113.9361774,22.2993536],[113.9361385,22.2997617],[113.9361164,22.300088],[113.936108,22.3002922],[113.9361049,22.3005197],[113.9361073,22.3007441],[113.9361179,22.300973],[113.9361328,22.3011967],[113.9361534,22.3014091],[113.9361973,22.3017374],[113.9362364,22.301959],[113.9362576,22.3020671],[113.9363037,22.3022738],[113.9363381,22.3024087],[113.9363878,22.3025959],[113.9364441,22.3027855],[113.9364896,22.302932],[113.9365322,22.3030624],[113.9365866,22.303221],[113.9366496,22.3033959],[113.9367045,22.3035431],[113.93777,22.3063472],[113.9378366,22.3065338],[113.9378939,22.3066989],[113.9379508,22.3068707],[113.938019,22.3070925],[113.9380829,22.307322],[113.9381381,22.3075446],[113.9381828,22.3077451],[113.9382197,22.3079313],[113.9382565,22.3081391],[113.9382855,22.3083358],[113.9383127,22.3085598],[113.9383314,22.3087858],[113.9383455,22.309015],[113.9383546,22.309231],[113.9383586,22.3094483],[113.9383604,22.3096478],[113.9383569,22.3098173],[113.9383511,22.3099657],[113.9383407,22.3101216]],[[113.9383407,22.3101216],[113.9383245,22.3103359],[113.9382866,22.3106606],[113.9382525,22.3108928],[113.9381986,22.3111752],[113.9381497,22.3114017],[113.9380964,22.3116129],[113.9380299,22.3118373],[113.9379566,22.3120735],[113.9378952,22.3122637],[113.9378472,22.3123984],[113.937725,22.3127351]],[[113.937725,22.3127351],[113.9375027,22.3133407],[113.9372232,22.3140805],[113.9370982,22.3144196],[113.9370635,22.3145137],[113.9365583,22.3158892],[113.9359908,22.3174217],[113.9359173,22.3176192],[113.9358655,22.317769],[113.9358081,22.3179968],[113.9357818,22.3182282],[113.9357717,22.3184004],[113.9357749,22.3185736],[113.9357826,22.3186948],[113.9357994,22.3188349],[113.9358274,22.3189872]],[[113.9358274,22.3189872],[113.9358609,22.3191282],[113.9359022,22.3192664],[113.9359521,22.3194043],[113.9360065,22.319531],[113.9360715,22.3196665],[113.9361516,22.3198065],[113.9362445,22.3199509],[113.9363276,22.3200607],[113.9363939,22.3201441],[113.9364671,22.3202302],[113.9365507,22.3203193],[113.9366375,22.3204031],[113.9368312,22.3205683],[113.9369568,22.3206609],[113.9371019,22.3207556],[113.9372523,22.3208435],[113.9374092,22.3209225],[113.9375709,22.3209926],[113.937747,22.321059],[113.9379581,22.3211274],[113.9382101,22.3211966],[113.9387018,22.3213123],[113.9390338,22.3213847],[113.9391632,22.3214078],[113.9392352,22.3214189],[113.9395342,22.3214531],[113.9398258,22.3214862],[113.9398944,22.3214958],[113.9400007,22.321513]],[[113.9422192,22.3219972],[113.9400007,22.321513]]]},"properties":{"key":"relation:5317239@detail:455_89","osmType":"relation","osmId":5317239,"sourceRegion":"shenzhen","featureType":"service","railClass":"metro","mode":"subway","name":"機場快綫","nameEn":"Airport Express","ref":"AEL","operator":"香港鐵路有限公司 MTR Corporation","network":"港鐵 MTR","status":"operational","color":"#00888a","sourceKey":"relation:5317239"}},{"type":"Feature","geometry":{"type":"MultiLineString","coordinates":[[[113.9413221,22.289278],[113.9417914,22.2896088],[113.942013,22.2897617],[113.9422523,22.2899255],[113.9425317,22.2901235],[113.9426785,22.2902346]],[[113.9426785,22.2902346],[113.9431251,22.2905858]],[[113.9431251,22.2905858],[113.9438585,22.2911302],[113.9443388,22.2914758],[113.9446885,22.2917034],[113.9449592,22.2918495],[113.945232,22.2919753],[113.9455429,22.2921036],[113.9458393,22.292199],[113.9461325,22.2922761],[113.9464209,22.2923215],[113.9501874,22.2927721],[113.9506017,22.2928421],[113.9508879,22.2929072],[113.9512171,22.292996],[113.9516931,22.29316],[113.9522924,22.2934157],[113.9527523,22.2936326],[113.9531606,22.2938518],[113.9534697,22.2940319]],[[113.9534697,22.2940319],[113.9539585,22.2943342],[113.9544185,22.2946449],[113.9550538,22.2950762],[113.9553093,22.2952503],[113.9555194,22.2953864],[113.9561222,22.2957695],[113.9564975,22.2960002],[113.9568866,22.2962182],[113.9573085,22.2964356],[113.9577018,22.2966183],[113.9581698,22.2968245],[113.95913,22.297219],[113.9597185,22.2974497],[113.9600201,22.2975657],[113.9603383,22.2976641],[113.9606488,22.2977478],[113.9611087,22.2978497],[113.9617814,22.2979678],[113.9623664,22.2980654],[113.9627698,22.2981241],[113.963264,22.2982067],[113.9637732,22.2983018],[113.9645668,22.2984698],[113.9656938,22.2987364],[113.966466,22.2989234],[113.9671791,22.2990918],[113.9675612,22.2991797]],[[113.9675612,22.2991797],[113.9679107,22.2992631]],[[113.9679107,22.2992631],[113.968128,22.2993201],[113.968853,22.2995019],[113.9695964,22.2996943],[113.9707027,22.299989],[113.971015,22.3000785],[113.9712672,22.3001509]],[[113.9712672,22.3001509],[113.971511,22.3002265],[113.9717888,22.300328],[113.9720502,22.3004397]],[[113.9720502,22.3004397],[113.9725458,22.300669],[113.9730505,22.3009152],[113.9738339,22.3013435],[113.9741926,22.3015478],[113.9746573,22.3018125],[113.975124,22.3020706],[113.9759365,22.3025295],[113.9764973,22.3028622],[113.9767493,22.3030024],[113.9772912,22.3033213],[113.9773163,22.3033356],[113.9774315,22.303401],[113.9775487,22.3034677]],[[113.9775487,22.3034677],[113.9779779,22.3037059]],[[113.9779779,22.3037059],[113.9785292,22.3040141],[113.9788845,22.3042147],[113.9794907,22.3045373],[113.9805651,22.3050868]],[[113.9805651,22.3050868],[113.9806509,22.3051323],[113.9811483,22.3053959],[113.9817786,22.3057358],[113.9824844,22.3061191],[113.9832726,22.3065398],[113.9839878,22.3069494],[113.9847666,22.3074108],[113.985421,22.3077756],[113.9864617,22.3083588],[113.9873629,22.3088898],[113.9875656,22.3090034],[113.9883209,22.3094269],[113.9891332,22.3098948],[113.9902919,22.3105598],[113.9909625,22.3109518],[113.9915154,22.3112681],[113.9926228,22.3119171],[113.993076,22.3122149],[113.993693,22.3126715],[113.9943392,22.31321],[113.994629,22.3134878]],[[113.994629,22.3134878],[113.9950219,22.3138876],[113.995409,22.3143217]],[[113.995409,22.3143217],[113.9957261,22.3147359],[113.9964583,22.31574],[113.9967082,22.3160795],[113.9972657,22.3168302],[113.9979447,22.3177519],[113.9981647,22.3180372],[113.9984167,22.3183474],[113.9986127,22.318575],[113.9988428,22.3188152],[113.9990735,22.3190499],[113.9992854,22.3192494],[113.999622,22.3195195],[113.9998091,22.3196694],[114.0,22.319813433981285]]]},"properties":{"key":"relation:5317704@detail:455_89","osmType":"relation","osmId":5317704,"sourceRegion":"shenzhen","featureType":"service","railClass":"metro","mode":"subway","name":"東涌綫","nameEn":"Tung Chung Line","ref":"TCL","operator":"香港鐵路有限公司 MTR Corporation","network":"港鐵 MTR","status":"operational","color":"#f7943e","sourceKey":"relation:5317704"}},{"type":"Feature","geometry":{"type":"MultiLineString","coordinates":[[[114.0,22.319765258823526],[113.9998374,22.3196457],[113.9993417,22.319252],[113.9990934,22.3190175],[113.9988767,22.3188019],[113.9986388,22.3185475],[113.9984414,22.3183219],[113.9981887,22.3180139],[113.9979696,22.3177269],[113.997269,22.3167818],[113.9960905,22.3151484],[113.9954686,22.3143346]],[[113.9954686,22.3143346],[113.995063,22.313879],[113.9946811,22.3134815]],[[113.9946811,22.3134815],[113.994369,22.3131837],[113.9934197,22.3124074],[113.9929086,22.3120368],[113.9908367,22.3108248],[113.9840083,22.3069175],[113.9831417,22.3064308],[113.9822329,22.3059335],[113.9808058,22.3051655],[113.9803573,22.3049147]],[[113.9803573,22.3049147],[113.9796038,22.3044773],[113.9786052,22.3039015],[113.9781092,22.3036225]],[[113.9781092,22.3036225],[113.9774972,22.3032781]],[[113.9774972,22.3032781],[113.976695,22.3027992],[113.9760249,22.3024071],[113.9751159,22.3018914],[113.9741722,22.3013441],[113.9737048,22.3010693],[113.973073,22.3007127],[113.9726291,22.3004889],[113.9722989,22.3003413],[113.9719284,22.3002002],[113.971567,22.3000788]],[[113.971567,22.3000788],[113.971024,22.2999215],[113.9707332,22.2998393]],[[113.9707332,22.2998393],[113.9699251,22.2996357],[113.9691528,22.2994415],[113.9688314,22.2993602],[113.9680336,22.2991514],[113.9679547,22.2991314]],[[113.9679547,22.2991314],[113.9675961,22.2990472]],[[113.9675961,22.2990472],[113.9672199,22.2989563],[113.9665955,22.2987927],[113.9660725,22.2986551],[113.9653968,22.298474],[113.964756,22.2982855],[113.9643268,22.2981758],[113.9640789,22.29812],[113.963873,22.2980761],[113.9635554,22.2980187],[113.9632054,22.2979725],[113.9629299,22.2979444],[113.9626165,22.2979136],[113.9624585,22.2979032],[113.961586,22.2978143],[113.961116,22.2977503],[113.9607877,22.2976896],[113.9603664,22.2975935],[113.9600435,22.2974966],[113.9597324,22.2973961],[113.9591539,22.2971786],[113.9581918,22.296783],[113.9577271,22.2965822],[113.9573328,22.2963969],[113.9569178,22.2961828],[113.9565268,22.295964],[113.9561478,22.2957337],[113.9556762,22.2954341],[113.9553363,22.2952138],[113.9550823,22.2950407],[113.9544507,22.2946057],[113.9539941,22.2942949],[113.953503,22.2939904]],[[113.953503,22.2939904],[113.9531879,22.2938062],[113.9527828,22.2935866],[113.9523209,22.293368],[113.9517239,22.2931053],[113.9512319,22.2929348],[113.9509007,22.2928478],[113.9506198,22.2927819],[113.9501998,22.2927086],[113.9464184,22.2922645],[113.9461433,22.2922216],[113.9458578,22.2921549],[113.9455663,22.2920516],[113.9452643,22.2919231],[113.9449881,22.2917937],[113.9447238,22.2916523],[113.9443758,22.2914304],[113.9438935,22.2910861],[113.9431608,22.2905483]],[[113.9431608,22.2905483],[113.942715,22.2901998]],[[113.942715,22.2901998],[113.9425822,22.2900766],[113.9423305,22.2898424],[113.9421007,22.289656],[113.9418886,22.2895023],[113.9414054,22.2891578]]]},"properties":{"key":"relation:5317706@detail:455_89","osmType":"relation","osmId":5317706,"sourceRegion":"shenzhen","featureType":"service","railClass":"metro","mode":"subway","name":"東涌綫","nameEn":"Tung Chung Line","ref":"TCL","operator":"香港鐵路有限公司 MTR Corporation","network":"港鐵 MTR","status":"operational","color":"#f7943e","sourceKey":"relation:5317706"}},{"type":"Feature","geometry":{"type":"MultiLineString","coordinates":[[[113.9780665,22.4119864],[113.9780992,22.4120037],[113.9781535,22.4119162],[113.978168,22.4119246],[113.9781832,22.4119334],[113.9781305,22.412018],[113.9781377,22.4120436],[113.9782711,22.4120102],[113.9782878,22.4117921],[113.9782685,22.4117336],[113.9782349,22.4117121],[113.9780665,22.4119864]],[[113.9788592,22.4069204],[113.9788759,22.4069175],[113.9788828,22.4069163],[113.9788125,22.4065659],[113.9788038,22.4065674],[113.9787878,22.4065702],[113.9788592,22.4069204]],[[113.97958,22.4033043],[113.9795889,22.4033009],[113.9794422,22.4029648],[113.9794301,22.4029693],[113.979418,22.4029738],[113.9795647,22.40331],[113.97958,22.4033043]],[[113.9779772,22.400063],[113.9781184,22.4003733],[113.9781349,22.4003677],[113.9781467,22.4003624],[113.9780054,22.400052],[113.9779926,22.400057],[113.9779772,22.400063]],[[113.9774731,22.397588],[113.9774934,22.3975908],[113.9775032,22.3975924],[113.9775614,22.3972547],[113.9775476,22.3972524],[113.9775308,22.3972505],[113.9774731,22.397588]],[[113.9769905,22.3947004],[113.977004,22.3946641],[113.9770122,22.3946391],[113.9769828,22.3946311],[113.9766369,22.3945303],[113.9766285,22.3945567],[113.9766177,22.3945896],[113.9769905,22.3947004]],[[113.9750902,22.3915187],[113.9751051,22.3915184],[113.9751315,22.3915181],[113.9751388,22.3915179],[113.9751351,22.3913293],[113.9751251,22.3913303],[113.975108,22.3913297],[113.9751056,22.3912077],[113.9750934,22.3912079],[113.9750841,22.3912081],[113.9750902,22.3915187]],[[113.9751343,22.387796],[113.9751566,22.3877959],[113.9751818,22.3877958],[113.9751833,22.387353],[113.9751606,22.387353],[113.9751358,22.3873531],[113.9751343,22.387796]],[[113.9750905,22.3843994],[113.9750784,22.3844],[113.9750663,22.3844007],[113.9750882,22.38476],[113.9751003,22.3847594],[113.9751125,22.3847587],[113.9750905,22.3843994]],[[113.9728143,22.3832495],[113.9728152,22.3832624],[113.9728161,22.3832771],[113.9731808,22.3832591],[113.9731808,22.3832483],[113.9731777,22.383231],[113.9728143,22.3832495]],[[113.9704526,22.3813575],[113.9704328,22.3809863],[113.9704212,22.3809868],[113.970407,22.3809875],[113.9704268,22.3813587],[113.9704408,22.3813581],[113.9704526,22.3813575]],[[113.9668364,22.3754206],[113.9668284,22.3754167],[113.9668087,22.3754073],[113.9669865,22.3750883],[113.9670076,22.3750984],[113.9670153,22.3751021],[113.9668364,22.3754206]],[[113.9662616,22.3727277],[113.9662811,22.3727373],[113.9662985,22.3727459],[113.9664693,22.372448],[113.9664507,22.3724389],[113.9664323,22.3724299],[113.9662616,22.3727277]],[[113.9781323,22.4118367],[113.978225,22.411693],[113.9782487,22.4116488],[113.9782556,22.4116333],[113.9782745,22.4115854],[113.978282,22.4115488],[113.9782852,22.4115189],[113.9782839,22.4114874],[113.9782786,22.4114549]],[[113.9782786,22.4114549],[113.9782318,22.4112941]],[[113.9782318,22.4112941],[113.9781544,22.4110005]],[[113.9781544,22.4110005],[113.9780094,22.4105221],[113.9777018,22.4095471],[113.9776822,22.4094652],[113.9776682,22.4093902],[113.977656,22.4093021],[113.9776496,22.4092131],[113.9776488,22.4091527],[113.9776533,22.4091005],[113.9776602,22.409058],[113.9776723,22.4090018],[113.9776891,22.4089482],[113.9777162,22.4088757],[113.9777409,22.4088219],[113.9777713,22.4087646],[113.9778029,22.4087163],[113.9778282,22.4086827],[113.9778731,22.4086282],[113.9779148,22.4085814],[113.9779645,22.4085299],[113.9780199,22.4084778],[113.9780947,22.4084155],[113.9786673,22.4079828],[113.9787313,22.4079291],[113.9788054,22.4078574],[113.9788437,22.407809],[113.9788714,22.4077647],[113.9788944,22.4077207],[113.978917,22.4076637],[113.978932,22.407606],[113.9789418,22.4075395],[113.9789441,22.4074586],[113.97894,22.4074053],[113.9789309,22.4073448],[113.9788651,22.4070313],[113.978811,22.4067586],[113.9787657,22.4065348],[113.9787352,22.4063803],[113.9787252,22.4063118],[113.9787165,22.4062512],[113.9787111,22.4061937],[113.9787068,22.4061103],[113.9787129,22.4060021],[113.9787273,22.4058949],[113.9787478,22.4057988]],[[113.9787478,22.4057988],[113.9787825,22.4056955],[113.9788305,22.4055825],[113.9788853,22.4054724],[113.9789356,22.4053857],[113.9789967,22.4052904],[113.9790746,22.4051808],[113.9791378,22.4050963],[113.9793843,22.40478],[113.9794394,22.4047037],[113.9794734,22.4046547],[113.9795018,22.4046105],[113.9795341,22.4045537],[113.9795804,22.4044609],[113.9796147,22.4043779],[113.9796346,22.4043177],[113.9796622,22.4042187],[113.9796761,22.4041511],[113.9796859,22.4040841],[113.9796925,22.4040166],[113.9796959,22.4039329],[113.9796946,22.4038616],[113.9796903,22.4037941],[113.9796826,22.4037288],[113.9796722,22.4036697],[113.9796565,22.4036023],[113.979637,22.4035332],[113.9796212,22.403484],[113.9795989,22.4034263],[113.979469,22.4031278],[113.9793563,22.4028683],[113.979304,22.4027573],[113.9792275,22.4026114],[113.9791679,22.4025054],[113.9785347,22.4013192],[113.9784864,22.4012244],[113.9784517,22.4011604],[113.9784228,22.4011013],[113.9783332,22.4009015],[113.9782593,22.4007084],[113.9782084,22.4005926],[113.9780452,22.4002411],[113.9779501,22.4000232],[113.9779046,22.399918],[113.9778467,22.3997987],[113.9777702,22.3996549],[113.9777203,22.3995536],[113.9776477,22.3993876],[113.9776211,22.3993224],[113.9775547,22.3991426],[113.9775091,22.3989994],[113.9774648,22.3987895],[113.9774338,22.3985902],[113.9774212,22.3984661],[113.9774146,22.3983597],[113.9774163,22.3982396],[113.977423,22.3980226],[113.9774251,22.3979246],[113.9774324,22.3978051],[113.9774438,22.3977171],[113.9774907,22.3974112],[113.9775258,22.3972066],[113.9776226,22.3966679]],[[113.9776226,22.3966679],[113.9778161,22.3955223],[113.9778266,22.3954501],[113.9778324,22.3953778],[113.977831,22.3953126],[113.9778235,22.395245],[113.9778131,22.3951983],[113.9777954,22.3951505],[113.9777724,22.395108],[113.9777419,22.3950661],[113.9777019,22.3950188],[113.9776491,22.3949708],[113.9775959,22.3949287],[113.9775386,22.3948957],[113.97749,22.3948725],[113.9774325,22.394852],[113.9770742,22.3947441],[113.9767912,22.3946624],[113.9764342,22.394557],[113.9763259,22.3945228],[113.9760088,22.3944003],[113.9758171,22.3943298]],[[113.9758171,22.3943298],[113.9751222,22.3940956],[113.9747669,22.3939748]],[[113.9747669,22.3939748],[113.9747072,22.3939339],[113.9746712,22.3938881],[113.9746444,22.3938336],[113.9746323,22.3937757],[113.9746344,22.393731],[113.9746462,22.3936682]],[[113.9746462,22.3936682],[113.9746934,22.3935253],[113.9747184,22.3934673],[113.9747622,22.3933911],[113.9748281,22.3932963],[113.9748853,22.3931997],[113.9749346,22.3930902]],[[113.9749346,22.3930902],[113.9749757,22.3929762],[113.9750108,22.3928313],[113.9750269,22.3927041],[113.9750311,22.3926005],[113.9750231,22.3924668],[113.9750151,22.3923505],[113.9750029,22.3921529]],[[113.9750029,22.3921529],[113.9750029,22.3920735],[113.9750092,22.3920069],[113.9750229,22.3919379],[113.9750429,22.3918667],[113.9750596,22.3917984],[113.9750686,22.3917464],[113.9750727,22.3916893],[113.9750738,22.3916359],[113.9750666,22.3913686],[113.9750572,22.3910505],[113.9750501,22.3906037],[113.9750526,22.3904926],[113.9750592,22.3903956],[113.9750754,22.3902579]],[[113.9750754,22.3902579],[113.9751529,22.3898256],[113.9751753,22.3896298],[113.9751877,22.3892082],[113.9751971,22.388824]],[[113.9751971,22.388824],[113.9751947,22.3886412],[113.9751945,22.3885761],[113.9751913,22.3884407],[113.9751807,22.3883402],[113.9751372,22.388032],[113.9751269,22.3879246]],[[113.9751269,22.3879246],[113.9751264,22.3878348],[113.9751228,22.3875741],[113.9751236,22.3873561]],[[113.9751236,22.3873561],[113.9751237,22.3873263],[113.9751086,22.3868723],[113.9751195,22.3866414],[113.9751269,22.3864817],[113.9751211,22.3859569],[113.9751121,22.3854689],[113.9751011,22.3852882]],[[113.9751011,22.3852882],[113.9750712,22.3847989],[113.9750578,22.3845814],[113.97504,22.3842883],[113.9750091,22.3837818],[113.9749939,22.3835327],[113.9749846,22.3833875]],[[113.9749846,22.3833875],[113.9749744,22.3833553],[113.9749611,22.383327],[113.9749445,22.3833001],[113.974919,22.383272],[113.9748899,22.3832477],[113.9748579,22.3832285],[113.974826,22.3832163],[113.9748019,22.3832097],[113.974776,22.3832057],[113.9747459,22.383203],[113.9747184,22.3832028],[113.9746368,22.3832072]],[[113.9746368,22.3832072],[113.9740588,22.3832317],[113.9732491,22.3832678],[113.9730445,22.3832794],[113.9727186,22.3832953],[113.9708657,22.3834125],[113.9708117,22.3834074],[113.9707593,22.3833941],[113.97071,22.383373],[113.9706652,22.3833446],[113.9706308,22.3833147],[113.9706015,22.3832806],[113.9705778,22.3832429],[113.9705601,22.3832024],[113.9705489,22.3831601],[113.9705334,22.3830361],[113.9704186,22.3814719],[113.9703882,22.3811755],[113.9703548,22.3807557]],[[113.9703548,22.3807557],[113.9703446,22.3806355],[113.9703289,22.3804856],[113.9703218,22.3804342],[113.9703105,22.3803778],[113.9702988,22.3803318],[113.9702813,22.3802729],[113.97026,22.3802155],[113.9702329,22.3801563],[113.9701984,22.380096],[113.9701609,22.3800376],[113.9701221,22.3799857],[113.9700862,22.3799443],[113.9700437,22.379902],[113.9700002,22.3798648],[113.9699478,22.3798236],[113.9698734,22.3797685],[113.9698338,22.3797411],[113.9690776,22.37929]],[[113.9690776,22.37929],[113.9679391,22.3786108]],[[113.9679391,22.3786108],[113.9676711,22.3784509],[113.9675814,22.3783943],[113.9674959,22.3783365],[113.9674311,22.3782879],[113.9673721,22.3782383],[113.9673125,22.3781837],[113.9672577,22.378124],[113.9672135,22.3780689],[113.9671749,22.3780121],[113.9671439,22.3779584],[113.9671151,22.3779028],[113.9670811,22.3778278],[113.9670476,22.3777465],[113.9670066,22.3776338],[113.9669726,22.3775403],[113.9669491,22.3774756],[113.9666871,22.3767549],[113.9666588,22.3766656],[113.9665779,22.376358],[113.9665628,22.376288],[113.9665511,22.3762144],[113.9665434,22.376147],[113.9665408,22.3760793],[113.9665431,22.3760153],[113.9665497,22.3759611],[113.966561,22.3759001],[113.9665754,22.3758421],[113.9665924,22.3757896],[113.9666157,22.3757311],[113.9666447,22.3756697],[113.9667235,22.3755285],[113.9668826,22.3752432],[113.9669936,22.3750449],[113.9675104,22.3741293],[113.9675661,22.3740339],[113.9676263,22.3739367],[113.9676933,22.3738331],[113.9678154,22.3736478],[113.9678823,22.3735373],[113.9679265,22.3734587],[113.9679634,22.373386],[113.9679914,22.3733251],[113.9680189,22.3732547],[113.9680538,22.3731519],[113.9680782,22.3730706],[113.9680958,22.3729917],[113.9681097,22.3729071],[113.9681211,22.3728145],[113.9681263,22.3727695],[113.9681351,22.372699],[113.9681451,22.3726155],[113.9681551,22.3725311],[113.9681574,22.3724653],[113.9681585,22.3724414]],[[113.9681585,22.3724414],[113.9681466,22.3723402],[113.9680959,22.3721976],[113.9680236,22.3721005],[113.9679304,22.3720371],[113.9678408,22.3720022],[113.9677314,22.3719839],[113.9676158,22.3719888],[113.9675222,22.3720107],[113.9674695,22.3720323],[113.9674192,22.3720569],[113.9673796,22.3720817],[113.9673218,22.3721049],[113.9672994,22.3721138],[113.9671295,22.3721569]],[[113.9671295,22.3721569],[113.9670403,22.3721796]],[[113.9670403,22.3721796],[113.9669055,22.3722155]],[[113.9669055,22.3722155],[113.9667754,22.37225]],[[113.9667754,22.37225],[113.9666512,22.3722853]],[[113.9666512,22.3722853],[113.9666005,22.3723094],[113.9665622,22.3723388],[113.9665414,22.3723634],[113.9664154,22.3725946]]]},"properties":{"key":"relation:5955256@detail:455_89","osmType":"relation","osmId":5955256,"sourceRegion":"shenzhen","featureType":"service","railClass":"light_rail","mode":"light_rail","name":"輕鐵614P綫（兆康 → 屯門碼頭）","nameEn":"Light Rail 614P (Siu Hong → Tuen Mun Ferry Pier)","ref":"614P","operator":"香港鐵路有限公司 MTR Corporation Limited","network":"輕鐵 Light Rail","status":"operational","color":"#F4858D","sourceKey":"relation:5955256"}},{"type":"Feature","geometry":{"type":"MultiLineString","coordinates":[[[113.9664976,22.3726764],[113.9665171,22.372686],[113.9665345,22.3726945],[113.9667052,22.3723967],[113.9666867,22.3723876],[113.9666683,22.3723786],[113.9664976,22.3726764]],[[113.9669348,22.3750676],[113.9669062,22.3750536],[113.9668919,22.3750466],[113.9667145,22.3753619],[113.9667288,22.3753688],[113.9667576,22.3753826],[113.9669348,22.3750676]],[[113.9703578,22.3814301],[113.970338,22.3810588],[113.9703238,22.3810595],[113.9703122,22.38106],[113.970332,22.3814312],[113.9703451,22.3814306],[113.9703578,22.3814301]],[[113.9728209,22.3833535],[113.9728215,22.3833634],[113.9728223,22.3833794],[113.9731781,22.3833626],[113.9731774,22.383349],[113.9731767,22.3833361],[113.9728209,22.3833535]],[[113.9749887,22.3844047],[113.9749765,22.3844054],[113.9749644,22.384406],[113.9749864,22.3847653],[113.9749985,22.3847647],[113.9750106,22.3847641],[113.9749887,22.3844047]],[[113.9750141,22.3877998],[113.9750374,22.3877997],[113.9750615,22.3877996],[113.9750595,22.3873539],[113.9750379,22.3873539],[113.975012,22.387354],[113.9750141,22.3877998]],[[113.974805,22.3914577],[113.9748179,22.3914573],[113.9748525,22.3914563],[113.9748417,22.3911437],[113.9748262,22.3911443],[113.9747942,22.3911451],[113.974805,22.3914577]],[[113.9769489,22.3948256],[113.976956,22.3948035],[113.9769637,22.3947824],[113.9765951,22.3946745],[113.9765888,22.3946926],[113.9765812,22.3947137],[113.9769489,22.3948256]],[[113.9773823,22.3975731],[113.9773987,22.3975757],[113.9774115,22.3975776],[113.9774714,22.3972427],[113.9774586,22.3972407],[113.9774422,22.3972382],[113.9773823,22.3975731]],[[113.9778959,22.4000901],[113.9780355,22.4004011],[113.9780491,22.4003952],[113.9780624,22.4003908],[113.9779227,22.4000798],[113.9779095,22.4000849],[113.9778959,22.4000901]],[[113.9795032,22.4033338],[113.9793568,22.4029998],[113.9793397,22.4030062],[113.9793278,22.4030107],[113.9794754,22.4033443],[113.9794844,22.4033409],[113.9795032,22.4033338]],[[113.978763,22.4069369],[113.9787725,22.4069352],[113.9787896,22.4069323],[113.9787203,22.4065825],[113.9787012,22.4065857],[113.9786914,22.4065874],[113.978763,22.4069369]],[[113.9779778,22.411967],[113.9781646,22.4116615],[113.9781446,22.4116508],[113.9781202,22.4116375],[113.9780214,22.4117909],[113.9780299,22.4117958],[113.9780377,22.4118001],[113.9780123,22.4118411],[113.9780208,22.4118456],[113.9780277,22.4118491],[113.9779615,22.4119586],[113.9779694,22.4119627],[113.9779778,22.411967]],[[113.9666595,22.3725334],[113.9665396,22.3727339],[113.9665063,22.3727738],[113.9664758,22.3728014],[113.9664401,22.3728245],[113.9663835,22.3728483]],[[113.9663835,22.3728483],[113.9662548,22.3728841]],[[113.9662548,22.3728841],[113.9661379,22.3729184]],[[113.9661379,22.3729184],[113.966015,22.372956]],[[113.966015,22.372956],[113.9658756,22.3729959]],[[113.9658756,22.3729959],[113.9658381,22.3730067]],[[113.9658381,22.3730067],[113.9657667,22.3730107],[113.9657026,22.373004],[113.9656472,22.3729864],[113.9656172,22.3729714]],[[113.9656172,22.3729714],[113.965558,22.3729262],[113.965511,22.3728621],[113.9654933,22.3728188],[113.9654843,22.3727732],[113.9654903,22.3726896],[113.9655164,22.3726252],[113.9655559,22.3725731],[113.9656191,22.3725247],[113.9657082,22.3724921]],[[113.9657082,22.3724921],[113.9662449,22.372341],[113.9673146,22.3720667],[113.9673721,22.3720583],[113.9674192,22.3720569],[113.9674761,22.3720576],[113.9675343,22.3720496],[113.9676219,22.3720303],[113.9677271,22.3720228],[113.9678269,22.3720395],[113.9679063,22.3720713],[113.967988,22.372126],[113.9680557,22.3722142],[113.9681035,22.3723482],[113.9681157,22.3724507]],[[113.9681157,22.3724507],[113.9681163,22.3724738],[113.9681113,22.3725332],[113.9681012,22.3726192],[113.9680914,22.3727021],[113.9680828,22.3727688],[113.9680664,22.3729074],[113.9680508,22.3729987],[113.9680328,22.3730772],[113.968009,22.3731597],[113.9679847,22.3732342],[113.9679583,22.3733018],[113.9679245,22.3733758],[113.9678888,22.3734474],[113.9678378,22.3735392],[113.9677818,22.3736319],[113.9676057,22.373902],[113.9675398,22.3740091],[113.9674747,22.3741216],[113.9669614,22.3750295],[113.9668501,22.3752272],[113.9666903,22.3755122],[113.9665955,22.3756822],[113.9665728,22.3757297],[113.9665501,22.3757834],[113.9665328,22.3758343],[113.9665181,22.3758876],[113.9665077,22.3759388],[113.9664998,22.375996],[113.9664962,22.3760626],[113.9664984,22.3761302],[113.966506,22.3761962],[113.9665184,22.3762658],[113.9665367,22.3763426],[113.9666235,22.3766723],[113.966645,22.3767442],[113.9666723,22.3768268],[113.9669124,22.3774874],[113.966936,22.3775526],[113.96697,22.377646],[113.9669958,22.377717],[113.9670241,22.3777896],[113.9670523,22.3778564],[113.9670813,22.3779186],[113.9671135,22.3779786],[113.9671519,22.3780421],[113.9671874,22.3780926],[113.9672317,22.3781472],[113.9672816,22.3782007],[113.9673305,22.378247],[113.9673837,22.3782929],[113.967448,22.3783431],[113.9675223,22.378395],[113.9676029,22.3784475],[113.9676591,22.3784822],[113.9679194,22.378637]],[[113.9679194,22.378637],[113.9690627,22.379317]],[[113.9690627,22.379317],[113.9696266,22.3796524],[113.9696689,22.3796792],[113.9698262,22.379784],[113.9698979,22.3798366],[113.9699496,22.3798784],[113.9699991,22.3799221],[113.970044,22.3799674],[113.9700896,22.3800201],[113.9701317,22.3800764],[113.9701682,22.3801349],[113.9702013,22.380199],[113.9702279,22.3802619],[113.9702519,22.380332],[113.9702732,22.3804117],[113.9702884,22.380489],[113.9703076,22.3806371],[113.9703171,22.3807577]],[[113.9703171,22.3807577],[113.9703558,22.3812447],[113.9703779,22.3814734],[113.9704964,22.3830392],[113.9705106,22.3831838],[113.9705196,22.3832343],[113.9705304,22.3832765],[113.9705457,22.3833116],[113.9705655,22.383344],[113.9705916,22.3833748],[113.9706254,22.3834015],[113.9706617,22.383422],[113.9707011,22.3834372],[113.9707425,22.3834467],[113.9707849,22.3834502],[113.9727218,22.3833417],[113.9730479,22.3833279],[113.9732515,22.3833162],[113.9740649,22.3832717],[113.9746593,22.3832517]],[[113.9746593,22.3832517],[113.9747026,22.3832509],[113.9747364,22.3832533],[113.974766,22.3832595],[113.9747949,22.3832699],[113.9748243,22.3832846],[113.9748505,22.3833008],[113.9748845,22.3833329]],[[113.9748845,22.3833329],[113.974906,22.3833608],[113.9749225,22.3833942],[113.9749346,22.383429],[113.9749551,22.3835347],[113.9749703,22.3837838],[113.9750012,22.3842903],[113.975019,22.3845834],[113.9750324,22.3848009],[113.9750584,22.385203],[113.9750726,22.385471],[113.9750822,22.3859573]],[[113.9750822,22.3859573],[113.9750881,22.3864821],[113.9750806,22.3866421],[113.9750698,22.3868707]],[[113.9750698,22.3868707],[113.9750802,22.3873256],[113.9750793,22.3873366]],[[113.9750793,22.3873366],[113.9750826,22.3875746],[113.9750798,22.3878343],[113.9750819,22.3879246]],[[113.9750819,22.3879246],[113.9750905,22.3880336],[113.975138,22.3883454],[113.9751479,22.388441],[113.9751539,22.3886081],[113.9751545,22.3886412],[113.9751577,22.3887033],[113.9751484,22.3892107],[113.9751287,22.3896253],[113.9751082,22.3898196],[113.9750206,22.3902006],[113.9749668,22.3903902]],[[113.9749668,22.3903902],[113.9748931,22.3906623],[113.9748595,22.3908034],[113.9748518,22.3908773],[113.9748518,22.3909371],[113.9748535,22.3910041],[113.9748608,22.3913037],[113.9748666,22.391576],[113.9748695,22.3917164],[113.9748753,22.3918095],[113.9748876,22.3919192],[113.9749063,22.3920215],[113.9749358,22.3921383]],[[113.9749358,22.3921383],[113.9749599,22.3922312],[113.9749743,22.3923491],[113.9749815,22.3924639],[113.9749867,22.3925987],[113.9749827,22.3927049],[113.9749679,22.3928247],[113.9749339,22.3929633],[113.9748949,22.3930745]],[[113.9748949,22.3930745],[113.9748471,22.3931833],[113.9747873,22.3932799],[113.9747236,22.3933693],[113.974673,22.3934527],[113.974649,22.3935098],[113.9745955,22.3936561]],[[113.9745955,22.3936561],[113.9745799,22.3937138],[113.974572,22.3937596],[113.9745702,22.3938053],[113.9745769,22.3938501],[113.9745895,22.3938878],[113.9746176,22.3939286],[113.9746758,22.3939787],[113.9747387,22.3940134]],[[113.9747387,22.3940134],[113.9751045,22.3941357],[113.9757984,22.3943736]],[[113.9757984,22.3943736],[113.9759862,22.3944413],[113.9763134,22.3945629],[113.9764188,22.3945973],[113.9767772,22.3947007],[113.9770599,22.3947842],[113.9774214,22.3948923],[113.9774717,22.3949107],[113.9775164,22.3949323],[113.9775615,22.3949579],[113.977608,22.3949875],[113.9776517,22.3950268],[113.9776969,22.3950776],[113.9777348,22.3951305],[113.9777639,22.3951914],[113.9777794,22.3952502],[113.9777864,22.3953134],[113.9777872,22.3953788],[113.9777812,22.3954497],[113.9777702,22.3955133],[113.9775768,22.3966597]],[[113.9775768,22.3966597],[113.9774906,22.3972007],[113.9774588,22.3974043],[113.9774053,22.3977117],[113.977394,22.3977988],[113.9773875,22.397925],[113.9773838,22.3980213],[113.9773798,22.3982401],[113.9773763,22.398354],[113.9773829,22.3984744],[113.9773929,22.3985922],[113.9774239,22.3987898],[113.9774694,22.3990033],[113.9775158,22.3991479],[113.9775797,22.399325],[113.9776102,22.3993969],[113.9776837,22.3995648],[113.9777339,22.399668],[113.9778064,22.3998013],[113.9778673,22.3999253],[113.9779194,22.4000349],[113.9780179,22.4002502],[113.9781754,22.4006042],[113.978222,22.4007154],[113.9782971,22.4009121],[113.9783781,22.4011079],[113.9784052,22.4011656],[113.9784404,22.4012291],[113.9784974,22.4013287],[113.979137,22.4025195],[113.9791973,22.402631],[113.9792692,22.4027719],[113.9793215,22.4028823],[113.9794346,22.4031419],[113.9795621,22.403439],[113.9795823,22.403499],[113.979599,22.4035524],[113.9796145,22.4036109],[113.9796288,22.4036764],[113.9796408,22.4037498],[113.9796472,22.4038112],[113.9796508,22.403873],[113.979652,22.4039428],[113.9796489,22.404017],[113.9796404,22.4040973],[113.9796272,22.4041751],[113.9796091,22.4042505],[113.9795872,22.4043215],[113.9795596,22.4043952],[113.9795314,22.4044608],[113.9794955,22.404533],[113.9794495,22.4046136],[113.9793961,22.4046949],[113.9793424,22.4047708],[113.9790281,22.4051797],[113.9789748,22.4052555],[113.9789184,22.4053426],[113.9788587,22.4054439],[113.9788076,22.4055395],[113.978771,22.4056183],[113.9787362,22.4057056],[113.9787093,22.405788]],[[113.9787093,22.405788],[113.9786871,22.4058927],[113.9786743,22.4059843],[113.9786665,22.4060979],[113.9786696,22.4061933],[113.9786827,22.4063069],[113.9786952,22.4063926],[113.9787252,22.4065422],[113.9787706,22.4067658],[113.9788244,22.4070377],[113.9788834,22.4073163],[113.9788931,22.40738],[113.9788995,22.4074427],[113.9789009,22.4074998],[113.9788967,22.4075562],[113.9788876,22.4076085],[113.9788695,22.4076685],[113.9788461,22.4077206],[113.9788222,22.4077616],[113.9787715,22.4078312],[113.9787245,22.4078807],[113.9786524,22.4079433],[113.9780433,22.4083966],[113.9779771,22.4084531],[113.9779333,22.4084946],[113.9778847,22.4085445],[113.9778292,22.4086059],[113.9777761,22.4086769],[113.9777316,22.4087469],[113.9776936,22.4088172],[113.9776694,22.4088718],[113.9776463,22.4089387],[113.9776287,22.4090026],[113.977617,22.4090637],[113.9776101,22.4091159],[113.9776067,22.4091635],[113.9776066,22.4092165],[113.9776097,22.4092811],[113.9776244,22.4093774],[113.9776412,22.409468],[113.9776604,22.4095479],[113.9781112,22.41101]],[[113.9781112,22.41101],[113.978197,22.4113008]],[[113.978197,22.4113008],[113.9782145,22.4113541]],[[113.9782145,22.4113541],[113.9782247,22.4114212],[113.9782271,22.4114705],[113.9782256,22.4115149],[113.9782209,22.4115548],[113.9782112,22.4115915],[113.9781992,22.4116264],[113.9781756,22.4116699],[113.9780884,22.4118129]]]},"properties":{"key":"relation:5955257@detail:455_89","osmType":"relation","osmId":5955257,"sourceRegion":"shenzhen","featureType":"service","railClass":"light_rail","mode":"light_rail","name":"輕鐵614P綫（屯門碼頭 → 兆康）","nameEn":"Light Rail 614P (Tuen Mun Ferry Pier → Siu Hong)","ref":"614P","operator":"香港鐵路有限公司 MTR Corporation Limited","network":"輕鐵 Light Rail","status":"operational","color":"#F4858D","sourceKey":"relation:5955257"}},{"type":"Feature","geometry":{"type":"MultiLineString","coordinates":[[[113.9779778,22.411967],[113.9781646,22.4116615],[113.9781446,22.4116508],[113.9781202,22.4116375],[113.9780214,22.4117909],[113.9780299,22.4117958],[113.9780377,22.4118001],[113.9780123,22.4118411],[113.9780208,22.4118456],[113.9780277,22.4118491],[113.9779615,22.4119586],[113.9779694,22.4119627],[113.9779778,22.411967]],[[113.9764402,22.4104093],[113.9764205,22.4102884],[113.976393,22.410292],[113.9764186,22.4104627],[113.9764351,22.4106547],[113.9764641,22.4106529],[113.976455,22.4105365],[113.9764402,22.4104093]],[[113.9723721,22.4072626],[113.9727473,22.4073613],[113.9727521,22.4073454],[113.9727547,22.407337],[113.9723796,22.4072383],[113.9723721,22.4072626]],[[113.968991,22.4067566],[113.969095,22.4067193],[113.969343,22.4066304],[113.9693476,22.4066414],[113.9693615,22.4066744],[113.9690094,22.4068005],[113.9689956,22.4067676],[113.968991,22.4067566]],[[113.9662554,22.4076737],[113.9666102,22.4075974],[113.9666063,22.4075817],[113.9666023,22.4075661],[113.9662479,22.407644],[113.9662516,22.4076586],[113.9662554,22.4076737]],[[113.9634913,22.4065157],[113.9637208,22.4067748],[113.9637455,22.4067561],[113.963516,22.406497],[113.9635052,22.4065051],[113.9634913,22.4065157]],[[113.9642963,22.4053472],[113.9646823,22.4052934],[113.9646756,22.4052521],[113.9642896,22.4053059],[113.9642926,22.4053242],[113.9642963,22.4053472]],[[113.9678528,22.40158],[113.9678334,22.4015816],[113.9678141,22.4015833],[113.9678056,22.4014987],[113.967794,22.4014145],[113.9677794,22.4013306],[113.9677618,22.4012473],[113.9677808,22.4012438],[113.9677999,22.4012404],[113.9678177,22.4013243],[113.9678325,22.4014094],[113.9678442,22.4014948],[113.9678528,22.40158]],[[113.9673981,22.396982],[113.9673698,22.3972077],[113.9673552,22.3972069],[113.9673479,22.3973264],[113.9673188,22.3973249],[113.9673399,22.396979],[113.9673593,22.39698],[113.967369,22.3969805],[113.9673779,22.396981],[113.9673981,22.396982]],[[113.9674918,22.3944924],[113.9675288,22.3944931],[113.9675349,22.3942182],[113.9675267,22.394218],[113.9674979,22.3942175],[113.9674918,22.3944924]],[[113.9673851,22.3910766],[113.9674112,22.3910659],[113.9672556,22.3907366],[113.9672467,22.3907404],[113.9672314,22.3907469],[113.9673851,22.3910766]],[[113.9651471,22.3854051],[113.965164,22.3853977],[113.9651776,22.3853917],[113.9650229,22.3850897],[113.9650074,22.3850965],[113.9649924,22.3851031],[113.9651471,22.3854051]],[[113.9633618,22.381647],[113.963447,22.3819936],[113.9634944,22.3819836],[113.9634092,22.381637],[113.9633855,22.381642],[113.9633618,22.381647]],[[113.9618988,22.3782514],[113.9616767,22.37797],[113.9616669,22.3779763],[113.9616513,22.3779864],[113.9618734,22.3782678],[113.9618851,22.3782609],[113.9618988,22.3782514]],[[113.9610712,22.375297],[113.9610896,22.3753095],[113.9611035,22.3753182],[113.9613139,22.3750439],[113.9613009,22.3750336],[113.9612815,22.3750227],[113.9610712,22.375297]],[[113.9668804,22.3727455],[113.966889,22.3727741],[113.9672399,22.3726828],[113.9672313,22.3726541],[113.9668804,22.3727455]],[[113.9780884,22.4118129],[113.9779655,22.4120138],[113.9779407,22.4120494],[113.977916,22.4120714],[113.9778839,22.4120895],[113.977839,22.4121079],[113.9777975,22.4121205]],[[113.9777975,22.4121205],[113.9772041,22.4122744],[113.9769782,22.4123317],[113.9769139,22.4123448],[113.9768215,22.4123598],[113.9767738,22.412365],[113.9767272,22.4123673],[113.9766888,22.4123676],[113.9766434,22.412365],[113.9766015,22.4123601],[113.9765613,22.4123516],[113.9765223,22.4123395],[113.9764616,22.4123048],[113.9764365,22.4122844],[113.9764093,22.4122589],[113.9763859,22.4122334],[113.9763647,22.4122063],[113.9763476,22.4121781],[113.9763337,22.4121482],[113.9763233,22.4121177],[113.9763161,22.4120874],[113.9763117,22.4120571],[113.9763105,22.4120199],[113.9763131,22.4119738],[113.9763194,22.4119222],[113.976327,22.4118789],[113.9763549,22.4117543],[113.9763761,22.4116316],[113.976384,22.4115774],[113.9763877,22.4115391],[113.9764091,22.4112633],[113.9764183,22.4111048],[113.9764215,22.4109941],[113.9764234,22.4107746],[113.9764234,22.4107716],[113.9764214,22.4106807],[113.976413,22.410552],[113.9763956,22.4103997],[113.9763682,22.4102332],[113.9763517,22.4101563],[113.9763336,22.4100841],[113.9763187,22.4100358],[113.9762992,22.4099845],[113.9762504,22.4098747],[113.9762204,22.409815]],[[113.9762204,22.409815],[113.9761588,22.4096888],[113.9760699,22.409517],[113.97597,22.4093346]],[[113.97597,22.4093346],[113.9759064,22.409218],[113.975874,22.409166],[113.975846,22.4091249],[113.9758092,22.4090745],[113.9757727,22.4090268],[113.9757058,22.4089453],[113.9756339,22.4088635],[113.9755538,22.4087805],[113.9754662,22.4086939],[113.9753839,22.4086158],[113.9753039,22.4085457],[113.975217,22.408472],[113.9751215,22.4083955],[113.9750112,22.4083123],[113.9748786,22.4082187],[113.9747388,22.4081282],[113.9745927,22.4080412],[113.9744187,22.4079466],[113.9743358,22.4079044],[113.9742012,22.4078405],[113.9740948,22.4077941],[113.9739817,22.4077474],[113.9738495,22.4076958],[113.9737547,22.4076611],[113.9736123,22.407612],[113.9735348,22.4075874],[113.973398,22.4075461],[113.9732055,22.4074949],[113.9728574,22.4074048],[113.9725636,22.4073283],[113.9714169,22.4070319],[113.9713066,22.4070035],[113.9712229,22.4069823],[113.9708155,22.4068625],[113.9705517,22.4067789],[113.9701234,22.4066432],[113.9700527,22.4066226],[113.9699847,22.4066074],[113.96991,22.4065955],[113.9698311,22.4065881],[113.969767,22.4065885],[113.9697008,22.4065948],[113.9696443,22.4066031],[113.969588,22.4066138],[113.9695335,22.4066278],[113.9694749,22.4066458],[113.9694176,22.4066663],[113.9691898,22.4067479],[113.969061,22.4067941],[113.9689909,22.4068192],[113.9689414,22.4068369],[113.9688893,22.4068556],[113.9673012,22.4074208],[113.9672192,22.4074505],[113.9670985,22.4074927],[113.9669948,22.4075226],[113.9669204,22.4075429],[113.9668189,22.4075675],[113.9667138,22.4075906]],[[113.9667138,22.4075906],[113.9664372,22.4076484],[113.9662107,22.4076976],[113.9658958,22.4077668],[113.9658245,22.4077788],[113.9657523,22.4077876],[113.9656652,22.4077928],[113.965589,22.4077925],[113.9655098,22.4077889],[113.9654211,22.407781],[113.965342,22.4077695],[113.9652602,22.4077543],[113.9650393,22.4077121],[113.9648454,22.4076697],[113.9647875,22.4076549],[113.9647246,22.4076356],[113.964658,22.4076114],[113.9646068,22.4075899],[113.9645548,22.4075651],[113.9645061,22.4075365],[113.9644699,22.4075131],[113.9644271,22.4074822],[113.9643929,22.4074551],[113.9640732,22.4071795],[113.9640205,22.4071318],[113.9639651,22.4070777],[113.9639165,22.4070276],[113.9638855,22.4069939],[113.963733,22.4068182]],[[113.963733,22.4068182],[113.9635936,22.4066563],[113.9635264,22.4065783]],[[113.9635264,22.4065783],[113.9634059,22.4064391],[113.9633719,22.4063923],[113.963344,22.4063491],[113.9633129,22.4062911],[113.9632891,22.4062353],[113.9632662,22.4061667],[113.9632538,22.4061155],[113.9632477,22.4060731],[113.9632438,22.406014],[113.963245,22.4059567],[113.9632506,22.4059032],[113.9632595,22.4058542],[113.9632755,22.4057945],[113.9632844,22.4057684],[113.9632979,22.405734],[113.9633199,22.4056883],[113.9633422,22.4056494],[113.9633465,22.4056432],[113.9633619,22.4056206],[113.9633708,22.4056089],[113.963382,22.4055943],[113.9634028,22.4055695],[113.9634329,22.4055391],[113.9634541,22.4055194],[113.9634859,22.4054938],[113.9635208,22.4054701],[113.9635623,22.4054462],[113.9636153,22.4054195],[113.9636595,22.4054013],[113.9637069,22.4053847],[113.9637571,22.4053712],[113.9638047,22.4053612],[113.96417,22.4053091],[113.9644805,22.4052659],[113.9648955,22.4052068],[113.964944,22.4051949],[113.9650144,22.4051683],[113.9657368,22.4048431]],[[113.9657368,22.4048431],[113.965781,22.4048162],[113.9659183,22.4047226],[113.9661451,22.4045683],[113.9662081,22.4045199],[113.9662706,22.404468],[113.9663572,22.4043883],[113.966464,22.4042843],[113.9666188,22.4041329]],[[113.9666188,22.4041329],[113.9670052,22.4037534],[113.9670379,22.4037171],[113.967084,22.4036642],[113.9671218,22.403614],[113.9671583,22.4035613],[113.9671991,22.403493],[113.9675387,22.402872],[113.9676061,22.4027372],[113.9676461,22.4026426],[113.9676925,22.4025168],[113.967721,22.4024267],[113.9677479,22.4023276],[113.9677686,22.4022389],[113.9677848,22.4021445],[113.9677986,22.4020354],[113.9678085,22.4018963],[113.9678098,22.4017751],[113.9678031,22.4015955],[113.9677935,22.4015],[113.967782,22.4014161],[113.9677675,22.4013326],[113.9677112,22.4010504],[113.9676942,22.4009636],[113.9676777,22.4008848],[113.9676546,22.4007695],[113.9674751,22.3997771],[113.9673643,22.3992773]],[[113.9673643,22.3992773],[113.9673468,22.3991885],[113.9673113,22.3990287],[113.9672832,22.3988677],[113.9672624,22.3987057],[113.967249,22.3985431],[113.967243,22.39838],[113.9672444,22.3982169],[113.9672546,22.3980351],[113.9673067,22.3973242],[113.9673172,22.3971513],[113.9673278,22.396978],[113.9673396,22.3968102],[113.9673445,22.3967411]],[[113.9673445,22.3967411],[113.9673742,22.3963205]],[[113.9673742,22.3963205],[113.9673955,22.3960364],[113.9673977,22.3960037],[113.9674234,22.3955459],[113.9674377,22.3954524],[113.9674591,22.3953616],[113.9674791,22.3952828],[113.9674863,22.3952462],[113.9674917,22.3952062],[113.9675028,22.3950662]],[[113.9675028,22.3950662],[113.9675173,22.394833],[113.9675146,22.394785],[113.9675094,22.3947479],[113.9674752,22.3945742],[113.9674734,22.3945404],[113.9674801,22.3943558],[113.9674911,22.3940961],[113.9674912,22.393379],[113.9675137,22.392492],[113.9674934,22.3915309],[113.9674845,22.3914361],[113.9674725,22.3913611],[113.9674534,22.391286],[113.967429,22.3912168],[113.9673995,22.391145],[113.9672929,22.3909179],[113.9671516,22.3906158],[113.9661735,22.3885266],[113.9660679,22.3882902],[113.9659884,22.3880929],[113.9659385,22.3879513],[113.9658824,22.387761],[113.965864,22.3876927],[113.9658365,22.3875693],[113.9658135,22.3874577],[113.965647,22.3865952],[113.9656245,22.3864935],[113.9655905,22.3863641],[113.9655539,22.3862567],[113.9655288,22.3861946],[113.9654933,22.3861161],[113.9651628,22.3854554],[113.9650567,22.3852573],[113.9649214,22.3849881],[113.964798,22.3847419],[113.964515,22.3842506],[113.964375,22.3840187],[113.9640264,22.3833323],[113.963962,22.3831954],[113.9638927,22.3830528],[113.9638323,22.3829287],[113.9635567,22.382304],[113.9634591,22.3820935],[113.9634352,22.3819961],[113.9633926,22.3818228],[113.9633268,22.3815549],[113.9632822,22.3813735],[113.9632615,22.3812894],[113.9632268,22.3811482],[113.9631602,22.3808886],[113.9630202,22.3802974],[113.9629325,22.3799302],[113.9627892,22.3795854],[113.9625583,22.3791951],[113.9618629,22.3782752],[113.9617525,22.3781351],[113.9615671,22.377904],[113.9604786,22.3765756],[113.9604308,22.3765161],[113.9603966,22.3764622],[113.960365,22.3763941],[113.9603514,22.3763334],[113.960346,22.376261],[113.9603454,22.3762048],[113.9603497,22.3761453],[113.9603698,22.3760677],[113.9603935,22.3760081],[113.960423,22.3759578],[113.960449,22.3759211],[113.9604959,22.3758727],[113.9605352,22.3758334],[113.9609968,22.3753928],[113.9610453,22.3753267],[113.961216,22.3750842],[113.9613926,22.3748676],[113.9614622,22.3747834],[113.9615235,22.3747046],[113.9616433,22.3745508],[113.9618003,22.3743754],[113.9620985,22.3740234],[113.9621505,22.3739696],[113.9622071,22.37392],[113.9622678,22.3738747],[113.962337,22.3738315],[113.96241,22.3737939],[113.9624664,22.3737645],[113.9625249,22.373739],[113.9625752,22.3737217],[113.9626459,22.3737006],[113.9627076,22.3736878],[113.9649391,22.3733021],[113.9651811,22.37324],[113.9656019,22.3731243],[113.9656571,22.3731074]],[[113.9656571,22.3731074],[113.9666044,22.3728361],[113.9666774,22.3728176],[113.9667269,22.3728017],[113.9667779,22.3727798],[113.9668208,22.372752],[113.9668751,22.3727279],[113.9670515,22.3726799],[113.9672795,22.3726149],[113.9673536,22.3725927],[113.9674134,22.3725544],[113.9674585,22.3725035],[113.9674847,22.3724494],[113.9674959,22.372386],[113.9674896,22.3723269],[113.9674651,22.3722665],[113.9674284,22.3722187],[113.9673874,22.3721852],[113.9673574,22.3721683],[113.9673353,22.3721589],[113.9673159,22.3721524],[113.9672724,22.3721434],[113.9672121,22.3721426],[113.9671295,22.3721569]],[[113.9671295,22.3721569],[113.9670403,22.3721796]],[[113.9670403,22.3721796],[113.9669055,22.3722155]],[[113.9669055,22.3722155],[113.9668495,22.3722411],[113.9668072,22.3722742],[113.9667856,22.3723],[113.9666595,22.3725334]]]},"properties":{"key":"relation:5955258@detail:455_89","osmType":"relation","osmId":5955258,"sourceRegion":"shenzhen","featureType":"service","railClass":"light_rail","mode":"light_rail","name":"輕鐵615P綫（兆康 → 屯門碼頭）","nameEn":"Light Rail 615P (Siu Hong → Tuen Mun Ferry Pier)","ref":"615P","operator":"香港鐵路有限公司 MTR Corporation Limited","network":"輕鐵 Light Rail","status":"operational","color":"#006684","sourceKey":"relation:5955258"}},{"type":"Feature","geometry":{"type":"MultiLineString","coordinates":[[[113.9662616,22.3727277],[113.9662811,22.3727373],[113.9662985,22.3727459],[113.9664693,22.372448],[113.9664507,22.3724389],[113.9664323,22.3724299],[113.9662616,22.3727277]],[[113.9610125,22.3751926],[113.9610305,22.3752044],[113.9610466,22.375215],[113.9612576,22.3749401],[113.9612405,22.3749288],[113.9612235,22.3749177],[113.9610125,22.3751926]],[[113.9618253,22.3783016],[113.9616033,22.3780202],[113.9615899,22.3780288],[113.9615779,22.3780366],[113.9617999,22.3783179],[113.9618253,22.3783016]],[[113.9633831,22.382007],[113.9632979,22.3816604],[113.9632884,22.3816624],[113.963279,22.3816644],[113.9632695,22.3816664],[113.9633546,22.382013],[113.9633831,22.382007]],[[113.9650532,22.3854438],[113.965069,22.3854369],[113.9650837,22.3854304],[113.964929,22.3851284],[113.9649103,22.3851366],[113.9648985,22.3851418],[113.9650532,22.3854438]],[[113.9670432,22.3905438],[113.9670596,22.3905372],[113.9669052,22.3902071],[113.9668889,22.3902145],[113.9668788,22.3902191],[113.9670334,22.3905478],[113.9670432,22.3905438]],[[113.9673838,22.3944911],[113.9674029,22.3944915],[113.9674256,22.3944921],[113.9674329,22.3942172],[113.9674086,22.3942166],[113.9673911,22.3942163],[113.9673838,22.3944911]],[[113.9672721,22.3969732],[113.9672527,22.3969722],[113.967243,22.3969717],[113.9672218,22.3973198],[113.9672315,22.3973203],[113.9672509,22.3973213],[113.9672721,22.3969732]],[[113.9676544,22.4012545],[113.9676735,22.4012512],[113.9676926,22.4012479],[113.9677125,22.4013417],[113.9677267,22.4014234],[113.967738,22.4015056],[113.9677473,22.4015988],[113.9677279,22.4015999],[113.9677085,22.4016011],[113.9676993,22.4015095],[113.9676882,22.4014286],[113.9676742,22.401348],[113.9676544,22.4012545]],[[113.9642812,22.4052429],[113.9646644,22.4051901],[113.9646588,22.4051557],[113.9642756,22.4052085],[113.9642788,22.4052283],[113.9642812,22.4052429]],[[113.9634185,22.4065713],[113.9636466,22.4068324],[113.9636658,22.4068181],[113.9634377,22.406557],[113.9634279,22.4065643],[113.9634185,22.4065713]],[[113.9662676,22.4077663],[113.9666456,22.4076843],[113.9666429,22.4076737],[113.9666392,22.4076591],[113.9662611,22.4077406],[113.966265,22.4077558],[113.9662676,22.4077663]],[[113.9690322,22.406855],[113.9693843,22.4067288],[113.9693948,22.406754],[113.9692793,22.4067954],[113.9692188,22.406817],[113.9691583,22.4068387],[113.9690428,22.4068801],[113.9690322,22.406855]],[[113.972349,22.4073468],[113.9727226,22.4074449],[113.9727254,22.4074359],[113.9727291,22.4074237],[113.9723556,22.4073256],[113.972349,22.4073468]],[[113.9763641,22.4111594],[113.9763705,22.4107966],[113.9763525,22.4107965],[113.976341,22.4107962],[113.976334,22.4111579],[113.9763446,22.4111585],[113.9763641,22.4111594]],[[113.9780665,22.4119864],[113.9780992,22.4120037],[113.9781535,22.4119162],[113.978168,22.4119246],[113.9781832,22.4119334],[113.9781305,22.412018],[113.9781377,22.4120436],[113.9782711,22.4120102],[113.9782878,22.4117921],[113.9782685,22.4117336],[113.9782349,22.4117121],[113.9780665,22.4119864]],[[113.9664154,22.3725946],[113.9663037,22.3727867],[113.9662612,22.3728401],[113.9662303,22.3728692],[113.9661925,22.3728936],[113.9661379,22.3729184]],[[113.9661379,22.3729184],[113.966015,22.372956]],[[113.966015,22.372956],[113.9658756,22.3729959]],[[113.9658756,22.3729959],[113.9658381,22.3730067]],[[113.9658381,22.3730067],[113.9656427,22.3730627]],[[113.9656427,22.3730627],[113.9655893,22.3730791],[113.96517,22.3731966],[113.9649235,22.3732574],[113.9626643,22.3736545],[113.9625623,22.3736816],[113.9624782,22.3737122],[113.9623914,22.3737537],[113.9623134,22.3737953],[113.9622395,22.3738428],[113.9621787,22.373889],[113.9621217,22.3739393],[113.962069,22.3739934],[113.9617659,22.3743483],[113.9616072,22.3745302],[113.9614815,22.37469],[113.9614271,22.3747608],[113.9613632,22.3748446],[113.9611818,22.3750618],[113.9610196,22.375309],[113.9609698,22.3753707],[113.9605085,22.3758092],[113.9604628,22.3758511],[113.9604161,22.375896],[113.9603856,22.3759347],[113.9603523,22.3759898],[113.960328,22.3760529],[113.9603119,22.3761134],[113.9603061,22.3761641],[113.9603027,22.3762252],[113.9603027,22.376261],[113.9603088,22.3763343],[113.9603246,22.3764018],[113.9603577,22.3764751],[113.9603904,22.3765327],[113.9604442,22.3765993],[113.9615406,22.3779217],[113.9617261,22.378153],[113.9618369,22.3782934],[113.9625305,22.3792234],[113.9627531,22.3796047],[113.9628875,22.3799413],[113.9629822,22.3803086],[113.9630901,22.3808185],[113.9631866,22.3811567],[113.963221,22.3812966],[113.9632865,22.3815634],[113.9633523,22.3818312],[113.9633949,22.3820045],[113.9634135,22.3820803],[113.9634696,22.3823086],[113.9635386,22.3824649],[113.9637561,22.3829581],[113.9639513,22.3833641],[113.9641791,22.3838126],[113.9642971,22.3839977],[113.9644765,22.3842642],[113.9647607,22.3847685],[113.9648798,22.3850055],[113.9650155,22.3852754],[113.9651206,22.3854739],[113.9652145,22.3856484],[113.9654596,22.3861361],[113.9655141,22.3862623],[113.9655528,22.3863681],[113.9655853,22.3864842],[113.9655999,22.3865456],[113.9657709,22.3874318],[113.9658141,22.3876421],[113.9658303,22.3877101],[113.9658593,22.3878167],[113.9658901,22.3879238],[113.9659273,22.3880331],[113.9659932,22.3882077],[113.9661225,22.3884976],[113.9669957,22.3903668],[113.9671183,22.390629],[113.9673345,22.3910914],[113.9673634,22.3911576],[113.9673922,22.3912328],[113.9674194,22.3913165],[113.9674325,22.3913651],[113.9674434,22.3914218],[113.9674561,22.3915355],[113.9674614,22.3924921],[113.9674357,22.3933753],[113.9674488,22.3940957],[113.9674427,22.394355],[113.9674341,22.3945717]],[[113.9674341,22.3945717],[113.967432,22.3947795],[113.9674301,22.3948289],[113.9673841,22.3955203]],[[113.9673841,22.3955203],[113.9673617,22.3958623]],[[113.9673617,22.3958623],[113.9673508,22.3960169],[113.9673376,22.3962074],[113.9673431,22.396278],[113.9673202,22.3966145],[113.967301,22.3968061],[113.9672842,22.3969743],[113.9672736,22.397149],[113.967263,22.3973219],[113.9672108,22.3980341],[113.9672007,22.3982157],[113.9671993,22.3983805],[113.9672054,22.3985453],[113.9672189,22.3987096],[113.9672399,22.3988733],[113.9672683,22.399036],[113.9673038,22.3991975],[113.9673387,22.3993713],[113.9674323,22.3997854]],[[113.9674323,22.3997854],[113.9676204,22.4007755],[113.9676425,22.4008875],[113.9676584,22.4009657],[113.967676,22.4010559],[113.9677244,22.4013397],[113.9677387,22.4014218],[113.9677501,22.4015044],[113.9677594,22.4015981],[113.9677686,22.4017626],[113.9677675,22.4018965],[113.9677576,22.4020402],[113.9677469,22.4021258],[113.96771,22.4023204],[113.9676818,22.4024246],[113.9676495,22.4025224],[113.9676011,22.4026484],[113.9674809,22.4029003],[113.9672326,22.4033557]],[[113.9672326,22.4033557],[113.9671135,22.4035119],[113.967031,22.4036108],[113.9669347,22.403714],[113.9663025,22.4043375],[113.9661864,22.4044473],[113.9661008,22.4045201],[113.9660073,22.4045957],[113.9659538,22.4046359],[113.9658097,22.4047367],[113.9656985,22.4048119],[113.9656347,22.4048509]],[[113.9656347,22.4048509],[113.9650159,22.4051295],[113.9649769,22.405144],[113.9649256,22.4051607],[113.9648802,22.4051724],[113.9648371,22.4051803],[113.9644748,22.4052311],[113.9641646,22.4052737],[113.9637986,22.4053234],[113.9637596,22.4053307],[113.9636935,22.4053474],[113.9636319,22.4053682],[113.9635897,22.4053861],[113.9635457,22.4054082],[113.9635087,22.4054297],[113.9634755,22.4054512],[113.9634442,22.4054749],[113.9634096,22.4055047],[113.9633872,22.4055271],[113.9633608,22.4055561],[113.9633392,22.4055828],[113.963319,22.4056112],[113.9633138,22.4056194],[113.963304,22.4056348],[113.9632975,22.405645],[113.9632722,22.4056897],[113.9632504,22.4057358],[113.9632375,22.4057688],[113.9632244,22.4058092],[113.9632119,22.4058615],[113.9632039,22.4059132],[113.9631988,22.4059758],[113.9631996,22.4060324],[113.9632052,22.4060944],[113.9632137,22.4061454],[113.9632261,22.406194],[113.963246,22.4062508],[113.9632737,22.4063095],[113.9633055,22.4063654],[113.963337,22.4064134],[113.9633737,22.4064623],[113.9634761,22.4065821]],[[113.9634761,22.4065821],[113.9635618,22.40668],[113.9637013,22.4068417]],[[113.9637013,22.4068417],[113.9638471,22.4070096],[113.9638743,22.4070395],[113.963927,22.4070947],[113.9639864,22.4071516],[113.9640594,22.4072167],[113.9643129,22.4074369],[113.9643788,22.407492],[113.9644306,22.4075325],[113.9644796,22.4075666],[113.9645289,22.4075963],[113.9645823,22.407624],[113.9646336,22.407647],[113.9646883,22.4076668],[113.964754,22.4076871],[113.9648196,22.4077037],[113.9650318,22.4077454],[113.9652492,22.4077881],[113.9654249,22.4078216],[113.9654998,22.4078315],[113.9655729,22.4078381],[113.9656353,22.4078397],[113.9656899,22.4078381],[113.965749,22.4078335],[113.9658148,22.4078243],[113.9658674,22.4078142],[113.9659796,22.4077886]],[[113.9659796,22.4077886],[113.9662203,22.4077351],[113.9664466,22.4076858],[113.9668341,22.4076025],[113.9669257,22.4075812],[113.9669967,22.4075611],[113.9671,22.4075288],[113.9672203,22.4074863],[113.9673034,22.4074567],[113.9689034,22.4068891],[113.9689543,22.4068709],[113.9690049,22.4068527],[113.9692039,22.4067815],[113.9694318,22.4066996],[113.9694901,22.4066778],[113.9695498,22.4066597],[113.9696108,22.4066455],[113.9696727,22.4066352],[113.9697352,22.4066288],[113.9697981,22.4066265],[113.9698609,22.4066282],[113.9699235,22.4066339],[113.9699855,22.4066436],[113.9700466,22.4066572],[113.9701066,22.4066747],[113.9705394,22.4068111],[113.9708173,22.4068987],[113.9712054,22.4070125],[113.9712872,22.4070338],[113.9713986,22.4070631],[113.9725555,22.4073625],[113.9728479,22.4074378],[113.9733211,22.4075596],[113.9735206,22.4076188],[113.9737493,22.4076957],[113.9739464,22.4077704],[113.9740404,22.407809],[113.9741858,22.4078731],[113.9743164,22.4079344],[113.974398,22.4079772],[113.97461,22.4080939],[113.974751,22.4081802],[113.974908,22.4082853],[113.9750688,22.4084027],[113.9751961,22.4085039],[113.975321,22.4086114],[113.9754163,22.4086985],[113.9755127,22.4087922],[113.9756041,22.4088882],[113.9756954,22.4089919],[113.9757696,22.409085],[113.9758352,22.4091783],[113.9758753,22.4092414],[113.9759158,22.4093114],[113.9759947,22.4094537]],[[113.9759947,22.4094537],[113.9760576,22.4095671],[113.9760779,22.409607],[113.9761013,22.409653],[113.9761673,22.4097866]],[[113.9761673,22.4097866],[113.9761971,22.4098484],[113.9762478,22.4099611],[113.9762734,22.4100264],[113.976293,22.4100856],[113.9763151,22.4101637],[113.9763308,22.4102334],[113.976358,22.4104025],[113.9763781,22.4105813],[113.9763843,22.4106822],[113.9763873,22.4107674],[113.9763848,22.4110146],[113.9763742,22.4112232],[113.9763516,22.4115307],[113.9763475,22.4115734],[113.9763391,22.4116331],[113.9763138,22.4117657],[113.9762823,22.4118894],[113.9762693,22.4119624],[113.9762651,22.4120173],[113.9762656,22.4120434],[113.9762705,22.4120883],[113.9762745,22.4121117],[113.9762834,22.4121424],[113.9762965,22.4121738],[113.9763092,22.4121975],[113.9763247,22.4122218],[113.9763454,22.4122508],[113.9763623,22.4122709],[113.9763797,22.4122894],[113.9764037,22.4123118],[113.9764237,22.4123286],[113.9764378,22.4123384],[113.9764478,22.4123453],[113.9764705,22.4123589],[113.976503,22.4123742],[113.9765355,22.412386],[113.9765682,22.4123942],[113.9765998,22.4124004],[113.9766414,22.4124061],[113.9766766,22.4124086],[113.9767133,22.4124091],[113.9767677,22.4124056],[113.9768042,22.4124015],[113.9768453,22.4123957],[113.9768842,22.4123881],[113.9769354,22.4123773],[113.9775919,22.4122114],[113.9778058,22.4121559]],[[113.9778058,22.4121559],[113.977852,22.412144],[113.9778997,22.4121271],[113.9779421,22.4121035],[113.9779758,22.4120751],[113.9780063,22.4120356],[113.9781323,22.4118367]]]},"properties":{"key":"relation:5955259@detail:455_89","osmType":"relation","osmId":5955259,"sourceRegion":"shenzhen","featureType":"service","railClass":"light_rail","mode":"light_rail","name":"輕鐵615P綫（屯門碼頭 → 兆康）","nameEn":"Light Rail 615P (Tuen Mun Ferry Pier → Siu Hong)","ref":"615P","operator":"香港鐵路有限公司 MTR Corporation Limited","network":"輕鐵 Light Rail","status":"operational","color":"#006684","sourceKey":"relation:5955259"}},{"type":"Feature","geometry":{"type":"MultiLineString","coordinates":[[[113.9733903,22.3963855],[113.9728599,22.3943288],[113.9729537,22.394308],[113.9734841,22.3963646],[113.9733903,22.3963855]],[[113.9785742,22.4108705],[113.9791412,22.4127945],[113.9792151,22.4127759],[113.9786481,22.4108518],[113.9785742,22.4108705]],[[113.9731045,22.3953319],[113.9733178,22.3961528],[113.973405,22.3964915],[113.9734434,22.3966218],[113.9735131,22.3968304]],[[113.9735131,22.3968304],[113.9737194,22.3975056],[113.9737881,22.397721],[113.9740106,22.3982951],[113.9741913,22.3987784],[113.9744434,22.3993297],[113.9747846,22.4000696],[113.9752584,22.4011468],[113.9754912,22.4016793],[113.9755883,22.4019388],[113.9756815,22.402221],[113.9757358,22.4023954]],[[113.9757358,22.4023954],[113.9757576,22.4024666]],[[113.9757576,22.4024666],[113.9773635,22.4079169],[113.9774994,22.4082672],[113.9776692,22.4086374],[113.9777941,22.408879]],[[113.9777941,22.408879],[113.9780039,22.4092667],[113.978132,22.4095484],[113.9782326,22.4098259],[113.9784592,22.4105517],[113.9785739,22.4109221],[113.978636,22.4111326],[113.9788437,22.4118356],[113.9791166,22.4127629],[113.9791628,22.4129196],[113.9791862,22.4129811],[113.9796554,22.4142808],[113.9797569,22.4145056]],[[113.9797569,22.4145056],[113.9799606,22.4149168],[113.98036,22.4157354],[113.980762,22.416492]],[[113.980762,22.416492],[113.9808447,22.4166541],[113.9813625,22.4176693],[113.9814917,22.4179227]],[[113.9814917,22.4179227],[113.9817546,22.4184207],[113.9836065,22.4217001],[113.9839124,22.4222509],[113.9841728,22.4227443],[113.9843801,22.423151],[113.9846203,22.4236478],[113.9862645,22.4271341],[113.9884929,22.4318474],[113.990861,22.4368561],[113.9910556,22.4372586],[113.9911591,22.4374651],[113.9912549,22.4376492],[113.9914759,22.4380412],[113.9917326,22.4384557],[113.9920487,22.4389205],[113.9923072,22.4392707],[113.9926152,22.4396531],[113.9927789,22.4398445],[113.9929547,22.4400414],[113.993382,22.4404885],[113.9935574,22.440659],[113.9937371,22.4408275],[113.9942923,22.4413079],[113.994898,22.4417712],[113.9955025,22.4421819],[113.9957344,22.4423273],[113.9960997,22.4425397],[113.9964426,22.4427269],[113.996767,22.4428906],[113.9991347,22.4440172],[114.0,22.4444102294827]]]},"properties":{"key":"relation:6102298@detail:455_89","osmType":"relation","osmId":6102298,"sourceRegion":"shenzhen","featureType":"service","railClass":"metro","mode":"subway","name":"港鐵屯馬綫","nameEn":"MTR Tuen Ma Line","ref":"TML","operator":"香港鐵路有限公司 MTR Corporation","network":"港鐵 MTR","status":"operational","color":"#923011","sourceKey":"relation:6102298"}},{"type":"Feature","geometry":{"type":"MultiLineString","coordinates":[[[113.9786481,22.4108518],[113.9792151,22.4127759],[113.9792891,22.4127572],[113.978722,22.4108332],[113.9786481,22.4108518]],[[113.9729537,22.394308],[113.9734841,22.3963646],[113.9735772,22.396344],[113.9730468,22.3942873],[113.9729537,22.394308]],[[114.0,22.44431834780335],[113.9991882,22.4439525],[113.9968082,22.4428131],[113.9964861,22.4426531],[113.9961354,22.4424642],[113.9958485,22.4423033],[113.9955451,22.4421201],[113.9949096,22.4416936],[113.9943403,22.4412634],[113.9937693,22.4407759],[113.9934305,22.4404563],[113.9930004,22.4400119],[113.9926608,22.4396273],[113.9923537,22.4392475],[113.9920942,22.4389015],[113.991759,22.4384093],[113.9915198,22.4380215],[113.9912969,22.4376258],[113.9912136,22.4374689],[113.9911021,22.4372478],[113.9909979,22.4370323],[113.9885371,22.4318251],[113.9863106,22.4271134],[113.9846484,22.4236012],[113.9844073,22.4231046],[113.9842166,22.4227243],[113.9840327,22.4223752],[113.9836266,22.4216452],[113.9826891,22.4199851],[113.9817953,22.4184004],[113.9815345,22.4179042]],[[113.9815345,22.4179042],[113.9814058,22.4176514],[113.980889,22.4166363],[113.9808063,22.4164738]],[[113.9808063,22.4164738],[113.9803978,22.4156774],[113.9800982,22.4150494],[113.979983,22.4147917],[113.9798556,22.4144423]],[[113.9798556,22.4144423],[113.9793413,22.4128747],[113.9792948,22.4127168],[113.9790219,22.4117934],[113.9788143,22.411087],[113.9787524,22.4108771],[113.9784151,22.4097992],[113.9782932,22.4094611],[113.9781577,22.4091708],[113.9780756,22.4090113],[113.9778576,22.408628]],[[113.9778576,22.408628],[113.9777849,22.4085079],[113.9775987,22.408165],[113.9774626,22.4078975],[113.9773521,22.407621],[113.9759775,22.4030238],[113.9758316,22.4025361],[113.9758077,22.402456]],[[113.9758077,22.402456],[113.9757872,22.402385]],[[113.9757872,22.402385],[113.9757434,22.4022338],[113.9756382,22.4019002],[113.9754719,22.4014843],[113.9748936,22.4001645],[113.9744359,22.3991834],[113.9742485,22.3987449],[113.9740806,22.3982196],[113.9740549,22.3981392],[113.974038,22.3980864],[113.9738397,22.3973967],[113.9737563,22.3970669],[113.9736923,22.3967635]],[[113.9736923,22.3967635],[113.9736558,22.3965744],[113.9736229,22.3964376],[113.9735347,22.3961047],[113.9733214,22.3952837]]]},"properties":{"key":"relation:6102299@detail:455_89","osmType":"relation","osmId":6102299,"sourceRegion":"shenzhen","featureType":"service","railClass":"metro","mode":"subway","name":"港鐵屯馬綫","nameEn":"MTR Tuen Ma Line","ref":"TML","operator":"香港鐵路有限公司 MTR Corporation","network":"港鐵 MTR","status":"operational","color":"#923011","sourceKey":"relation:6102299"}},{"type":"Feature","geometry":{"type":"MultiLineString","coordinates":[[[113.976381,22.3824898],[113.9768449,22.3824218],[113.9768415,22.3824018],[113.976838,22.3823817],[113.9763741,22.3824497],[113.9763776,22.3824697],[113.976381,22.3824898]],[[113.9749887,22.3844047],[113.9749765,22.3844054],[113.9749644,22.384406],[113.9749864,22.3847653],[113.9749985,22.3847647],[113.9750106,22.3847641],[113.9749887,22.3844047]],[[113.9750141,22.3877998],[113.9750374,22.3877997],[113.9750615,22.3877996],[113.9750595,22.3873539],[113.9750379,22.3873539],[113.975012,22.387354],[113.9750141,22.3877998]],[[113.974805,22.3914577],[113.9748179,22.3914573],[113.9748525,22.3914563],[113.9748417,22.3911437],[113.9748262,22.3911443],[113.9747942,22.3911451],[113.974805,22.3914577]],[[113.9726223,22.3938856],[113.9735098,22.3936953],[113.9734814,22.3935882],[113.9732355,22.39364],[113.9732471,22.3936857],[113.9731262,22.3937116],[113.9731128,22.3936634],[113.9730468,22.3936779],[113.9730563,22.3937185],[113.973,22.3937307],[113.9729901,22.3936908],[113.9728722,22.3937154],[113.9728841,22.3937556],[113.9727923,22.3937747],[113.9727815,22.3937355],[113.9726671,22.393759],[113.9726815,22.3938131],[113.9726078,22.3938303],[113.9726223,22.3938856]],[[113.9687046,22.3951902],[113.9690805,22.3951015],[113.9690762,22.3950859],[113.9690732,22.395075],[113.9686973,22.3951637],[113.9687009,22.395177],[113.9687046,22.3951902]],[[113.9660203,22.3968763],[113.9660333,22.3968765],[113.9660592,22.3968768],[113.966064,22.3965163],[113.9660381,22.396516],[113.9660251,22.3965159],[113.9660203,22.3968763]],[[113.9666498,22.3986716],[113.9666505,22.3982921],[113.9666092,22.398292],[113.9666085,22.3986715],[113.9666498,22.3986716]],[[113.9676544,22.4012545],[113.9676735,22.4012512],[113.9676926,22.4012479],[113.9677125,22.4013417],[113.9677267,22.4014234],[113.967738,22.4015056],[113.9677473,22.4015988],[113.9677279,22.4015999],[113.9677085,22.4016011],[113.9676993,22.4015095],[113.9676882,22.4014286],[113.9676742,22.401348],[113.9676544,22.4012545]],[[113.9642812,22.4052429],[113.9646644,22.4051901],[113.9646588,22.4051557],[113.9642756,22.4052085],[113.9642788,22.4052283],[113.9642812,22.4052429]],[[113.9634185,22.4065713],[113.9636466,22.4068324],[113.9636658,22.4068181],[113.9634377,22.406557],[113.9634279,22.4065643],[113.9634185,22.4065713]],[[113.9662676,22.4077663],[113.9666456,22.4076843],[113.9666429,22.4076737],[113.9666392,22.4076591],[113.9662611,22.4077406],[113.966265,22.4077558],[113.9662676,22.4077663]],[[113.9690322,22.406855],[113.9693843,22.4067288],[113.9693948,22.406754],[113.9692793,22.4067954],[113.9692188,22.406817],[113.9691583,22.4068387],[113.9690428,22.4068801],[113.9690322,22.406855]],[[113.972349,22.4073468],[113.9727226,22.4074449],[113.9727254,22.4074359],[113.9727291,22.4074237],[113.9723556,22.4073256],[113.972349,22.4073468]],[[113.9763641,22.4111594],[113.9763705,22.4107966],[113.9763525,22.4107965],[113.976341,22.4107962],[113.976334,22.4111579],[113.9763446,22.4111585],[113.9763641,22.4111594]],[[113.9780665,22.4119864],[113.9780992,22.4120037],[113.9781535,22.4119162],[113.978168,22.4119246],[113.9781832,22.4119334],[113.9781305,22.412018],[113.9781377,22.4120436],[113.9782711,22.4120102],[113.9782878,22.4117921],[113.9782685,22.4117336],[113.9782349,22.4117121],[113.9780665,22.4119864]],[[113.9766172,22.3824804],[113.9763856,22.3825155],[113.9763505,22.3825192],[113.9763312,22.3825199],[113.9763125,22.3825209],[113.976275,22.3825207],[113.9762346,22.3825174],[113.9761946,22.3825112],[113.9761552,22.3825023]],[[113.9761552,22.3825023],[113.9758906,22.3823909]],[[113.9758906,22.3823909],[113.9756868,22.3823032],[113.9755872,22.3822695],[113.9755659,22.382266],[113.9755217,22.3822573],[113.9754459,22.3822651],[113.9753671,22.3822779],[113.9753402,22.3822865],[113.97531,22.3822997],[113.9752773,22.3823162],[113.9752461,22.3823368],[113.9752168,22.3823614],[113.9751828,22.3823977],[113.9751524,22.3824369],[113.975129,22.3824743],[113.975105,22.3825166],[113.9748527,22.3830147]],[[113.9748527,22.3830147],[113.9748328,22.3830813],[113.9748243,22.383123],[113.9748219,22.3831639],[113.9748226,22.3831909],[113.974826,22.3832163],[113.9748326,22.3832398],[113.9748453,22.3832683],[113.9748603,22.3832949],[113.9748845,22.3833329]],[[113.9748845,22.3833329],[113.974906,22.3833608],[113.9749225,22.3833942],[113.9749346,22.383429],[113.9749551,22.3835347],[113.9749703,22.3837838],[113.9750012,22.3842903],[113.975019,22.3845834],[113.9750324,22.3848009],[113.9750584,22.385203],[113.9750726,22.385471],[113.9750822,22.3859573]],[[113.9750822,22.3859573],[113.9750881,22.3864821],[113.9750806,22.3866421],[113.9750698,22.3868707]],[[113.9750698,22.3868707],[113.9750802,22.3873256],[113.9750793,22.3873366]],[[113.9750793,22.3873366],[113.9750826,22.3875746],[113.9750798,22.3878343],[113.9750819,22.3879246]],[[113.9750819,22.3879246],[113.9750905,22.3880336],[113.975138,22.3883454],[113.9751479,22.388441],[113.9751539,22.3886081],[113.9751545,22.3886412],[113.9751577,22.3887033],[113.9751484,22.3892107],[113.9751287,22.3896253],[113.9751082,22.3898196],[113.9750206,22.3902006],[113.9749668,22.3903902]],[[113.9749668,22.3903902],[113.9748931,22.3906623],[113.9748595,22.3908034],[113.9748518,22.3908773],[113.9748518,22.3909371],[113.9748535,22.3910041],[113.9748608,22.3913037],[113.9748666,22.391576],[113.9748695,22.3917164],[113.9748753,22.3918095],[113.9748876,22.3919192],[113.9749063,22.3920215],[113.9749358,22.3921383]],[[113.9749358,22.3921383],[113.9749599,22.3922312],[113.9749743,22.3923491],[113.9749815,22.3924639],[113.9749867,22.3925987],[113.9749827,22.3927049],[113.9749679,22.3928247],[113.9749339,22.3929633],[113.9748949,22.3930745]],[[113.9748949,22.3930745],[113.9748471,22.3931833],[113.9747873,22.3932799],[113.9747236,22.3933693],[113.974673,22.3934527],[113.974649,22.3935098],[113.9745955,22.3936561]],[[113.9745955,22.3936561],[113.9745635,22.393711],[113.974532,22.3937492],[113.9744787,22.3937986],[113.9744327,22.3938248],[113.9743697,22.3938378],[113.9743016,22.3938387]],[[113.9743016,22.3938387],[113.9738945,22.3937104],[113.973819,22.3936896],[113.9737499,22.3936812],[113.9736821,22.393683],[113.9736248,22.3936903],[113.9730692,22.3938077],[113.9725656,22.3939213],[113.9725118,22.3939404],[113.9724521,22.393974],[113.9723993,22.3940149],[113.9723543,22.3940588],[113.9723169,22.3941017],[113.9722718,22.3941555]],[[113.9722718,22.3941555],[113.9722263,22.3942233],[113.9721952,22.3942661],[113.9721655,22.3943024],[113.9721368,22.3943321],[113.9721129,22.3943528],[113.9720913,22.3943654],[113.9720674,22.3943753],[113.9720435,22.3943819],[113.9719485,22.3944037]],[[113.9719485,22.3944037],[113.9703998,22.3947778]],[[113.9703998,22.3947778],[113.9703252,22.3947955],[113.9701809,22.394836],[113.969951,22.3949059],[113.9697458,22.394957],[113.9693278,22.3950564],[113.9688962,22.3951593],[113.9686834,22.3952098],[113.9683465,22.3952862],[113.9682783,22.3952983],[113.968216,22.3953066],[113.9681617,22.3953109],[113.9681095,22.3953127],[113.9680658,22.3953127],[113.96774,22.3953024]],[[113.96774,22.3953024],[113.9676837,22.3953009],[113.9676281,22.3952995],[113.9675987,22.3953013],[113.9675721,22.3953045],[113.9675608,22.3953068],[113.9675346,22.3953145],[113.9675131,22.3953228],[113.9674947,22.3953328],[113.9674752,22.3953476],[113.9674591,22.3953616],[113.9674401,22.3953854],[113.9674263,22.3954063],[113.9674126,22.3954309],[113.967403,22.3954527],[113.9673948,22.3954758],[113.9673878,22.3955014],[113.9673841,22.3955203]],[[113.9673841,22.3955203],[113.9673617,22.3958623]],[[113.9673617,22.3958623],[113.9673516,22.3959043],[113.9673339,22.395944],[113.967309,22.3959803],[113.9672777,22.3960121],[113.9672387,22.3960397],[113.967195,22.3960603],[113.9671479,22.3960732],[113.9670991,22.396078]],[[113.9670991,22.396078],[113.9663086,22.3961051],[113.9662648,22.3961114],[113.966223,22.3961248],[113.9661844,22.396145],[113.9661503,22.3961712],[113.9661219,22.3962027],[113.9661001,22.3962384],[113.9660856,22.3962771],[113.9660788,22.3963176],[113.9660767,22.3964696]],[[113.9660767,22.3964696],[113.9660737,22.3966967],[113.9660727,22.3967742]],[[113.9660727,22.3967742],[113.9660711,22.3968945],[113.9660713,22.3969073],[113.9660718,22.3969386],[113.9660778,22.3969824],[113.966089,22.3970253],[113.9661053,22.3970668],[113.9661264,22.3971063],[113.9665713,22.3978194],[113.9666041,22.3978953],[113.9666297,22.3979734],[113.9666482,22.3980533],[113.9666592,22.3981343],[113.9666627,22.3982159],[113.9666626,22.3982921]],[[113.9666626,22.3982921],[113.9666623,22.3984819],[113.9666619,22.3986716]],[[113.9666619,22.3986716],[113.9666442,22.3991268],[113.9666474,22.3991699],[113.9666582,22.3992118],[113.9666765,22.3992516],[113.9667015,22.399288],[113.9667328,22.3993201],[113.9667693,22.399347],[113.9668102,22.3993679],[113.9670083,22.399467]],[[113.9670083,22.399467],[113.9672984,22.3996242],[113.967327,22.399642],[113.9673576,22.3996665],[113.9673822,22.3996926],[113.9674028,22.3997216],[113.967419,22.3997528],[113.9674323,22.3997854]],[[113.9674323,22.3997854],[113.9676204,22.4007755],[113.9676425,22.4008875],[113.9676584,22.4009657],[113.967676,22.4010559],[113.9677244,22.4013397],[113.9677387,22.4014218],[113.9677501,22.4015044],[113.9677594,22.4015981],[113.9677686,22.4017626],[113.9677675,22.4018965],[113.9677576,22.4020402],[113.9677469,22.4021258],[113.96771,22.4023204],[113.9676818,22.4024246],[113.9676495,22.4025224],[113.9676011,22.4026484],[113.9674809,22.4029003],[113.9672326,22.4033557]],[[113.9672326,22.4033557],[113.9671135,22.4035119],[113.967031,22.4036108],[113.9669347,22.403714],[113.9663025,22.4043375],[113.9661864,22.4044473],[113.9661008,22.4045201],[113.9660073,22.4045957],[113.9659538,22.4046359],[113.9658097,22.4047367],[113.9656985,22.4048119],[113.9656347,22.4048509]],[[113.9656347,22.4048509],[113.9650159,22.4051295],[113.9649769,22.405144],[113.9649256,22.4051607],[113.9648802,22.4051724],[113.9648371,22.4051803],[113.9644748,22.4052311],[113.9641646,22.4052737],[113.9637986,22.4053234],[113.9637596,22.4053307],[113.9636935,22.4053474],[113.9636319,22.4053682],[113.9635897,22.4053861],[113.9635457,22.4054082],[113.9635087,22.4054297],[113.9634755,22.4054512],[113.9634442,22.4054749],[113.9634096,22.4055047],[113.9633872,22.4055271],[113.9633608,22.4055561],[113.9633392,22.4055828],[113.963319,22.4056112],[113.9633138,22.4056194],[113.963304,22.4056348],[113.9632975,22.405645],[113.9632722,22.4056897],[113.9632504,22.4057358],[113.9632375,22.4057688],[113.9632244,22.4058092],[113.9632119,22.4058615],[113.9632039,22.4059132],[113.9631988,22.4059758],[113.9631996,22.4060324],[113.9632052,22.4060944],[113.9632137,22.4061454],[113.9632261,22.406194],[113.963246,22.4062508],[113.9632737,22.4063095],[113.9633055,22.4063654],[113.963337,22.4064134],[113.9633737,22.4064623],[113.9634761,22.4065821]],[[113.9634761,22.4065821],[113.9635618,22.40668],[113.9637013,22.4068417]],[[113.9637013,22.4068417],[113.9638471,22.4070096],[113.9638743,22.4070395],[113.963927,22.4070947],[113.9639864,22.4071516],[113.9640594,22.4072167],[113.9643129,22.4074369],[113.9643788,22.407492],[113.9644306,22.4075325],[113.9644796,22.4075666],[113.9645289,22.4075963],[113.9645823,22.407624],[113.9646336,22.407647],[113.9646883,22.4076668],[113.964754,22.4076871],[113.9648196,22.4077037],[113.9650318,22.4077454],[113.9652492,22.4077881],[113.9654249,22.4078216],[113.9654998,22.4078315],[113.9655729,22.4078381],[113.9656353,22.4078397],[113.9656899,22.4078381],[113.965749,22.4078335],[113.9658148,22.4078243],[113.9658674,22.4078142],[113.9659796,22.4077886]],[[113.9659796,22.4077886],[113.9662203,22.4077351],[113.9664466,22.4076858],[113.9668341,22.4076025],[113.9669257,22.4075812],[113.9669967,22.4075611],[113.9671,22.4075288],[113.9672203,22.4074863],[113.9673034,22.4074567],[113.9689034,22.4068891],[113.9689543,22.4068709],[113.9690049,22.4068527],[113.9692039,22.4067815],[113.9694318,22.4066996],[113.9694901,22.4066778],[113.9695498,22.4066597],[113.9696108,22.4066455],[113.9696727,22.4066352],[113.9697352,22.4066288],[113.9697981,22.4066265],[113.9698609,22.4066282],[113.9699235,22.4066339],[113.9699855,22.4066436],[113.9700466,22.4066572],[113.9701066,22.4066747],[113.9705394,22.4068111],[113.9708173,22.4068987],[113.9712054,22.4070125],[113.9712872,22.4070338],[113.9713986,22.4070631],[113.9725555,22.4073625],[113.9728479,22.4074378],[113.9733211,22.4075596],[113.9735206,22.4076188],[113.9737493,22.4076957],[113.9739464,22.4077704],[113.9740404,22.407809],[113.9741858,22.4078731],[113.9743164,22.4079344],[113.974398,22.4079772],[113.97461,22.4080939],[113.974751,22.4081802],[113.974908,22.4082853],[113.9750688,22.4084027],[113.9751961,22.4085039],[113.975321,22.4086114],[113.9754163,22.4086985],[113.9755127,22.4087922],[113.9756041,22.4088882],[113.9756954,22.4089919],[113.9757696,22.409085],[113.9758352,22.4091783],[113.9758753,22.4092414],[113.9759158,22.4093114],[113.9759947,22.4094537]],[[113.9759947,22.4094537],[113.9760576,22.4095671],[113.9760779,22.409607],[113.9761013,22.409653],[113.9761673,22.4097866]],[[113.9761673,22.4097866],[113.9761971,22.4098484],[113.9762478,22.4099611],[113.9762734,22.4100264],[113.976293,22.4100856],[113.9763151,22.4101637],[113.9763308,22.4102334],[113.976358,22.4104025],[113.9763781,22.4105813],[113.9763843,22.4106822],[113.9763873,22.4107674],[113.9763848,22.4110146],[113.9763742,22.4112232],[113.9763516,22.4115307],[113.9763475,22.4115734],[113.9763391,22.4116331],[113.9763138,22.4117657],[113.9762823,22.4118894],[113.9762693,22.4119624],[113.9762651,22.4120173],[113.9762656,22.4120434],[113.9762705,22.4120883],[113.9762745,22.4121117],[113.9762834,22.4121424],[113.9762965,22.4121738],[113.9763092,22.4121975],[113.9763247,22.4122218],[113.9763454,22.4122508],[113.9763623,22.4122709],[113.9763797,22.4122894],[113.9764037,22.4123118],[113.9764237,22.4123286],[113.9764378,22.4123384],[113.9764478,22.4123453],[113.9764705,22.4123589],[113.976503,22.4123742],[113.9765355,22.412386],[113.9765682,22.4123942],[113.9765998,22.4124004],[113.9766414,22.4124061],[113.9766766,22.4124086],[113.9767133,22.4124091],[113.9767677,22.4124056],[113.9768042,22.4124015],[113.9768453,22.4123957],[113.9768842,22.4123881],[113.9769354,22.4123773],[113.9775919,22.4122114],[113.9778058,22.4121559]],[[113.9778058,22.4121559],[113.977852,22.412144],[113.9778997,22.4121271],[113.9779421,22.4121035],[113.9779758,22.4120751],[113.9780063,22.4120356],[113.9781323,22.4118367]]]},"properties":{"key":"relation:6481282@detail:455_89","osmType":"relation","osmId":6481282,"sourceRegion":"shenzhen","featureType":"service","railClass":"light_rail","mode":"light_rail","name":"輕鐵505綫（三聖 → 兆康）","nameEn":"Light Rail 505 (Sam Shing → Siu Hong)","ref":"505","operator":"香港鐵路有限公司 MTR Corporation Limited","network":"輕鐵 Light Rail","status":"operational","color":"#E6180A","sourceKey":"relation:6481282"}},{"type":"Feature","geometry":{"type":"MultiLineString","coordinates":[[[113.9661632,22.4078758],[113.9665169,22.4080249],[113.9665257,22.408007],[113.9665333,22.4079916],[113.9661795,22.4078427],[113.9661731,22.4078556],[113.9661632,22.4078758]],[[113.9634913,22.4065157],[113.9637208,22.4067748],[113.9637455,22.4067561],[113.963516,22.406497],[113.9635052,22.4065051],[113.9634913,22.4065157]],[[113.9642963,22.4053472],[113.9646823,22.4052934],[113.9646756,22.4052521],[113.9642896,22.4053059],[113.9642926,22.4053242],[113.9642963,22.4053472]],[[113.9700984,22.4044478],[113.9701074,22.4044551],[113.9701164,22.4044624],[113.9700877,22.4044927],[113.9701057,22.4045073],[113.9698958,22.4047286],[113.9698718,22.4047091],[113.9698598,22.4046994],[113.9700984,22.4044478]],[[113.9722257,22.4028597],[113.9718576,22.4028194],[113.9718599,22.4028015],[113.9718621,22.4027837],[113.9720462,22.4028039],[113.9722303,22.402824],[113.9722257,22.4028597]],[[113.9741993,22.4027047],[113.974568,22.4025898],[113.9745647,22.4025805],[113.9745587,22.4025639],[113.9741898,22.4026798],[113.9741957,22.4026952],[113.9741993,22.4027047]],[[113.9747029,22.4004708],[113.9747258,22.4004551],[113.9744944,22.4001661],[113.9744867,22.4001713],[113.9744715,22.4001817],[113.9747029,22.4004708]],[[113.9732012,22.3975885],[113.9731051,22.3972415],[113.973096,22.3972437],[113.973079,22.3972477],[113.9731751,22.3975946],[113.9732012,22.3975885]],[[113.9727441,22.3940565],[113.9727621,22.3941184],[113.9728177,22.3941052],[113.9730261,22.3940595],[113.9730851,22.394045],[113.9730741,22.3940039],[113.973123,22.3939932],[113.9731347,22.3940346],[113.9732098,22.3940182],[113.973197,22.3939681],[113.9733171,22.3939426],[113.9733296,22.3939912],[113.9734979,22.3939554],[113.9734875,22.3939127],[113.9735607,22.3938972],[113.9735321,22.3937812],[113.9726507,22.3939763],[113.9726773,22.3940707],[113.9727441,22.3940565]],[[113.9750902,22.3915187],[113.9751051,22.3915184],[113.9751315,22.3915181],[113.9751388,22.3915179],[113.9751351,22.3913293],[113.9751251,22.3913303],[113.975108,22.3913297],[113.9751056,22.3912077],[113.9750934,22.3912079],[113.9750841,22.3912081],[113.9750902,22.3915187]],[[113.9751343,22.387796],[113.9751566,22.3877959],[113.9751818,22.3877958],[113.9751833,22.387353],[113.9751606,22.387353],[113.9751358,22.3873531],[113.9751343,22.387796]],[[113.9750905,22.3843994],[113.9750784,22.3844],[113.9750663,22.3844007],[113.9750882,22.38476],[113.9751003,22.3847594],[113.9751125,22.3847587],[113.9750905,22.3843994]],[[113.9728143,22.3832495],[113.9728152,22.3832624],[113.9728161,22.3832771],[113.9731808,22.3832591],[113.9731808,22.3832483],[113.9731777,22.383231],[113.9728143,22.3832495]],[[113.9704526,22.3813575],[113.9704328,22.3809863],[113.9704212,22.3809868],[113.970407,22.3809875],[113.9704268,22.3813587],[113.9704408,22.3813581],[113.9704526,22.3813575]],[[113.9668364,22.3754206],[113.9668284,22.3754167],[113.9668087,22.3754073],[113.9669865,22.3750883],[113.9670076,22.3750984],[113.9670153,22.3751021],[113.9668364,22.3754206]],[[113.9661432,22.372753],[113.9661628,22.3727625],[113.9661802,22.3727711],[113.9663509,22.3724732],[113.9663324,22.3724641],[113.966314,22.3724551],[113.9661432,22.372753]],[[113.9663625,22.4079047],[113.9666352,22.4080197],[113.9666648,22.4080311],[113.9666968,22.4080392],[113.9667309,22.4080426],[113.9667608,22.4080426],[113.9667926,22.4080389],[113.9668233,22.4080314],[113.966858,22.4080174],[113.966884,22.4080028],[113.9669055,22.4079872],[113.9669275,22.4079676],[113.9669457,22.4079467],[113.9669613,22.4079233],[113.966974,22.4078985],[113.9669829,22.4078731],[113.9669891,22.4078438],[113.9669907,22.407813],[113.9669875,22.4077797],[113.9669825,22.4077555],[113.9669738,22.4077314],[113.9669608,22.4077067],[113.9669477,22.4076871],[113.9669333,22.4076696],[113.9669173,22.4076531],[113.9669013,22.4076395],[113.9668811,22.4076256],[113.9668582,22.4076127],[113.9668341,22.4076025],[113.9668069,22.4075952],[113.9667788,22.4075907],[113.9667498,22.4075893],[113.9667138,22.4075906]],[[113.9667138,22.4075906],[113.9664372,22.4076484],[113.9662107,22.4076976],[113.9658958,22.4077668],[113.9658245,22.4077788],[113.9657523,22.4077876],[113.9656652,22.4077928],[113.965589,22.4077925],[113.9655098,22.4077889],[113.9654211,22.407781],[113.965342,22.4077695],[113.9652602,22.4077543],[113.9650393,22.4077121],[113.9648454,22.4076697],[113.9647875,22.4076549],[113.9647246,22.4076356],[113.964658,22.4076114],[113.9646068,22.4075899],[113.9645548,22.4075651],[113.9645061,22.4075365],[113.9644699,22.4075131],[113.9644271,22.4074822],[113.9643929,22.4074551],[113.9640732,22.4071795],[113.9640205,22.4071318],[113.9639651,22.4070777],[113.9639165,22.4070276],[113.9638855,22.4069939],[113.963733,22.4068182]],[[113.963733,22.4068182],[113.9635936,22.4066563],[113.9635264,22.4065783]],[[113.9635264,22.4065783],[113.9634059,22.4064391],[113.9633719,22.4063923],[113.963344,22.4063491],[113.9633129,22.4062911],[113.9632891,22.4062353],[113.9632662,22.4061667],[113.9632538,22.4061155],[113.9632477,22.4060731],[113.9632438,22.406014],[113.963245,22.4059567],[113.9632506,22.4059032],[113.9632595,22.4058542],[113.9632755,22.4057945],[113.9632844,22.4057684],[113.9632979,22.405734],[113.9633199,22.4056883],[113.9633422,22.4056494],[113.9633465,22.4056432],[113.9633619,22.4056206],[113.9633708,22.4056089],[113.963382,22.4055943],[113.9634028,22.4055695],[113.9634329,22.4055391],[113.9634541,22.4055194],[113.9634859,22.4054938],[113.9635208,22.4054701],[113.9635623,22.4054462],[113.9636153,22.4054195],[113.9636595,22.4054013],[113.9637069,22.4053847],[113.9637571,22.4053712],[113.9638047,22.4053612],[113.96417,22.4053091],[113.9644805,22.4052659],[113.9648955,22.4052068],[113.964944,22.4051949],[113.9650144,22.4051683],[113.9657368,22.4048431]],[[113.9657368,22.4048431],[113.9660059,22.4047207],[113.9660973,22.4046814],[113.9661511,22.40466],[113.9662131,22.4046377],[113.9663085,22.40461],[113.9663706,22.4045954],[113.9664298,22.4045841],[113.9664932,22.404575],[113.9667236,22.4045502]],[[113.9667236,22.4045502],[113.9670154,22.4045165],[113.9671402,22.4045042],[113.967194,22.4045006],[113.9672489,22.4044972],[113.9673721,22.404492],[113.9675154,22.4044909],[113.9676574,22.4044937],[113.9677673,22.4044983],[113.9679122,22.4045084],[113.9680374,22.4045232],[113.9681677,22.4045444],[113.968292,22.4045702],[113.9684187,22.4046023],[113.9685288,22.4046332],[113.968635,22.4046688],[113.9687675,22.4047187],[113.9692866,22.4049324],[113.9693233,22.4049446],[113.9693615,22.4049534],[113.9694018,22.4049591],[113.9694404,22.4049603],[113.9694817,22.4049571],[113.9695275,22.4049477],[113.9695683,22.4049346],[113.9695994,22.4049207],[113.969627,22.4049054],[113.9696506,22.4048895],[113.9696755,22.4048698],[113.9697532,22.4047948],[113.9698033,22.4047419],[113.9699703,22.4045658],[113.9700886,22.4044338],[113.9702918,22.4042094]],[[113.9702918,22.4042094],[113.9703115,22.4041874],[113.9706405,22.4038225],[113.9706688,22.4037912],[113.9708507,22.4035772],[113.9710282,22.4033601],[113.9712849,22.4030784],[113.9715228,22.4028301],[113.971558,22.4028033],[113.9715976,22.4027825],[113.9716405,22.4027682],[113.9716854,22.4027609],[113.9717436,22.4027608],[113.9718293,22.4027688],[113.9720476,22.4027927],[113.9722216,22.4028118],[113.9724718,22.4028408],[113.9725796,22.4028487],[113.9726706,22.4028474],[113.9726991,22.4028439],[113.9727335,22.4028382],[113.972773,22.402829],[113.9727995,22.4028218],[113.9728796,22.4027944],[113.9729154,22.4027824],[113.9730059,22.4027552],[113.9730829,22.4027366],[113.9731604,22.4027244],[113.9732362,22.4027193],[113.9733131,22.4027196],[113.973571,22.4027302],[113.9737486,22.4027384],[113.9737988,22.4027382],[113.9738632,22.4027365],[113.9739355,22.4027302],[113.9740172,22.4027171],[113.9740823,22.4027017],[113.9743705,22.4026116],[113.9746082,22.4025368],[113.9751857,22.4023562]],[[113.9751857,22.4023562],[113.9752144,22.4023441],[113.9752527,22.4023258],[113.9752939,22.4023027],[113.9753285,22.4022767],[113.9753574,22.4022522],[113.975387,22.4022214],[113.9754128,22.402191],[113.9754422,22.4021493],[113.9754574,22.4021199],[113.9754673,22.402096],[113.9754741,22.4020689],[113.9754772,22.4020347]],[[113.9754772,22.4020347],[113.9753935,22.4017],[113.9753604,22.4015949],[113.9753107,22.4014646],[113.9752755,22.401387],[113.9752404,22.4013164],[113.9751165,22.4010973],[113.9749941,22.4008915],[113.9749278,22.4007886],[113.9748546,22.4006854],[113.9747885,22.4005995],[113.9745756,22.4003342],[113.9743725,22.4000788],[113.974313,22.4000059],[113.9738108,22.3993771],[113.9737208,22.3992546],[113.9736501,22.3991505],[113.9735993,22.3990666],[113.9735517,22.3989828],[113.9735131,22.3989053],[113.9734847,22.3988433],[113.9734521,22.3987645],[113.973423,22.3986869],[113.973395,22.3985956],[113.973374,22.3985155],[113.9733451,22.3983878],[113.9733188,22.3982609],[113.9732756,22.3980406],[113.9732576,22.3979602],[113.9732246,22.3978334],[113.9731181,22.397448],[113.9730141,22.3970809],[113.9729073,22.3966925],[113.9725476,22.3953955]],[[113.9725476,22.3953955],[113.9723204,22.3945669]],[[113.9723204,22.3945669],[113.9722783,22.3944193],[113.9722725,22.3943942],[113.9722698,22.3943735],[113.9722682,22.3943413],[113.9722694,22.3943119],[113.9722736,22.3942806],[113.9722792,22.3942531],[113.9722906,22.3942209],[113.9723042,22.3941906],[113.972318,22.3941639]],[[113.972318,22.3941639],[113.9723501,22.3941233],[113.9723861,22.3940854],[113.9724252,22.3940491],[113.9724666,22.394017],[113.9725163,22.3939883],[113.9725721,22.3939677],[113.9730817,22.3938547],[113.9736365,22.393737],[113.973704,22.3937297],[113.9737767,22.3937308],[113.9738467,22.3937434],[113.9739054,22.3937591],[113.9743188,22.393893]],[[113.9743188,22.393893],[113.9743926,22.3938932],[113.9744485,22.3938799],[113.9744948,22.3938622],[113.9745359,22.3938359],[113.9745702,22.3938053],[113.9745957,22.3937722],[113.9746187,22.3937241],[113.9746462,22.3936682]],[[113.9746462,22.3936682],[113.9746934,22.3935253],[113.9747184,22.3934673],[113.9747622,22.3933911],[113.9748281,22.3932963],[113.9748853,22.3931997],[113.9749346,22.3930902]],[[113.9749346,22.3930902],[113.9749757,22.3929762],[113.9750108,22.3928313],[113.9750269,22.3927041],[113.9750311,22.3926005],[113.9750231,22.3924668],[113.9750151,22.3923505],[113.9750029,22.3921529]],[[113.9750029,22.3921529],[113.9750029,22.3920735],[113.9750092,22.3920069],[113.9750229,22.3919379],[113.9750429,22.3918667],[113.9750596,22.3917984],[113.9750686,22.3917464],[113.9750727,22.3916893],[113.9750738,22.3916359],[113.9750666,22.3913686],[113.9750572,22.3910505],[113.9750501,22.3906037],[113.9750526,22.3904926],[113.9750592,22.3903956],[113.9750754,22.3902579]],[[113.9750754,22.3902579],[113.9751529,22.3898256],[113.9751753,22.3896298],[113.9751877,22.3892082],[113.9751971,22.388824]],[[113.9751971,22.388824],[113.9751947,22.3886412],[113.9751945,22.3885761],[113.9751913,22.3884407],[113.9751807,22.3883402],[113.9751372,22.388032],[113.9751269,22.3879246]],[[113.9751269,22.3879246],[113.9751264,22.3878348],[113.9751228,22.3875741],[113.9751236,22.3873561]],[[113.9751236,22.3873561],[113.9751237,22.3873263],[113.9751086,22.3868723],[113.9751195,22.3866414],[113.9751269,22.3864817],[113.9751211,22.3859569],[113.9751121,22.3854689],[113.9751011,22.3852882]],[[113.9751011,22.3852882],[113.9750712,22.3847989],[113.9750578,22.3845814],[113.97504,22.3842883],[113.9750091,22.3837818],[113.9749939,22.3835327],[113.9749846,22.3833875]],[[113.9749846,22.3833875],[113.9749744,22.3833553],[113.9749611,22.383327],[113.9749445,22.3833001],[113.974919,22.383272],[113.9748899,22.3832477],[113.9748579,22.3832285],[113.974826,22.3832163],[113.9748019,22.3832097],[113.974776,22.3832057],[113.9747459,22.383203],[113.9747184,22.3832028],[113.9746368,22.3832072]],[[113.9746368,22.3832072],[113.9740588,22.3832317],[113.9732491,22.3832678],[113.9730445,22.3832794],[113.9727186,22.3832953],[113.9708657,22.3834125],[113.9708117,22.3834074],[113.9707593,22.3833941],[113.97071,22.383373],[113.9706652,22.3833446],[113.9706308,22.3833147],[113.9706015,22.3832806],[113.9705778,22.3832429],[113.9705601,22.3832024],[113.9705489,22.3831601],[113.9705334,22.3830361],[113.9704186,22.3814719],[113.9703882,22.3811755],[113.9703548,22.3807557]],[[113.9703548,22.3807557],[113.9703446,22.3806355],[113.9703289,22.3804856],[113.9703218,22.3804342],[113.9703105,22.3803778],[113.9702988,22.3803318],[113.9702813,22.3802729],[113.97026,22.3802155],[113.9702329,22.3801563],[113.9701984,22.380096],[113.9701609,22.3800376],[113.9701221,22.3799857],[113.9700862,22.3799443],[113.9700437,22.379902],[113.9700002,22.3798648],[113.9699478,22.3798236],[113.9698734,22.3797685],[113.9698338,22.3797411],[113.9690776,22.37929]],[[113.9690776,22.37929],[113.9679391,22.3786108]],[[113.9679391,22.3786108],[113.9676711,22.3784509],[113.9675814,22.3783943],[113.9674959,22.3783365],[113.9674311,22.3782879],[113.9673721,22.3782383],[113.9673125,22.3781837],[113.9672577,22.378124],[113.9672135,22.3780689],[113.9671749,22.3780121],[113.9671439,22.3779584],[113.9671151,22.3779028],[113.9670811,22.3778278],[113.9670476,22.3777465],[113.9670066,22.3776338],[113.9669726,22.3775403],[113.9669491,22.3774756],[113.9666871,22.3767549],[113.9666588,22.3766656],[113.9665779,22.376358],[113.9665628,22.376288],[113.9665511,22.3762144],[113.9665434,22.376147],[113.9665408,22.3760793],[113.9665431,22.3760153],[113.9665497,22.3759611],[113.966561,22.3759001],[113.9665754,22.3758421],[113.9665924,22.3757896],[113.9666157,22.3757311],[113.9666447,22.3756697],[113.9667235,22.3755285],[113.9668826,22.3752432],[113.9669936,22.3750449],[113.9675104,22.3741293],[113.9675661,22.3740339],[113.9676263,22.3739367],[113.9676933,22.3738331],[113.9678154,22.3736478],[113.9678823,22.3735373],[113.9679265,22.3734587],[113.9679634,22.373386],[113.9679914,22.3733251],[113.9680189,22.3732547],[113.9680538,22.3731519],[113.9680782,22.3730706],[113.9680958,22.3729917],[113.9681097,22.3729071],[113.9681211,22.3728145],[113.9681263,22.3727695],[113.9681351,22.372699],[113.9681451,22.3726155],[113.9681551,22.3725311],[113.9681574,22.3724653],[113.9681585,22.3724414]],[[113.9681585,22.3724414],[113.9681466,22.3723402],[113.9680959,22.3721976],[113.9680236,22.3721005],[113.9679304,22.3720371],[113.9678408,22.3720022],[113.9677314,22.3719839],[113.9676158,22.3719888],[113.9675222,22.3720107],[113.9674695,22.3720323],[113.9674192,22.3720569],[113.9673796,22.3720817],[113.9673218,22.3721049],[113.9672994,22.3721138],[113.9671295,22.3721569]],[[113.9671295,22.3721569],[113.9670403,22.3721796]],[[113.9670403,22.3721796],[113.9669055,22.3722155]],[[113.9669055,22.3722155],[113.9667754,22.37225]],[[113.9667754,22.37225],[113.9666512,22.3722853]],[[113.9666512,22.3722853],[113.9665352,22.3723166]],[[113.9665352,22.3723166],[113.9664807,22.3723396],[113.9664403,22.3723677],[113.9664176,22.3723954],[113.96629,22.3726294]]]},"properties":{"key":"relation:6481316@detail:455_89","osmType":"relation","osmId":6481316,"sourceRegion":"shenzhen","featureType":"service","railClass":"light_rail","mode":"light_rail","name":"輕鐵507綫（田景 → 屯門碼頭）","nameEn":"Light Rail 507 (Tin King → Tuen Mun Ferry Pier)","ref":"507","operator":"香港鐵路有限公司 MTR Corporation Limited","network":"輕鐵 Light Rail","status":"operational","color":"#1A8539","sourceKey":"relation:6481316"}},{"type":"Feature","geometry":{"type":"MultiLineString","coordinates":[[[113.9976296,22.4337257],[113.9976417,22.4337112],[113.9976538,22.4336967],[113.997365,22.4334906],[113.9973518,22.4335064],[113.9973408,22.4335196],[113.9976296,22.4337257]],[[113.9923735,22.4297841],[113.9923853,22.4297725],[113.9923951,22.4297628],[113.9921129,22.4295263],[113.9920914,22.4295476],[113.9923735,22.4297841]],[[113.9869738,22.4241537],[113.9867143,22.4238855],[113.9867064,22.423892],[113.9866972,22.4238996],[113.9869567,22.4241679],[113.9869641,22.4241617],[113.9869738,22.4241537]],[[113.9819082,22.4186793],[113.9821075,22.4189714],[113.9821273,22.4189598],[113.9820601,22.4188612],[113.9819281,22.4186677],[113.9819185,22.4186733],[113.9819082,22.4186793]],[[113.9784141,22.4115812],[113.9783874,22.4116227],[113.9784093,22.4116972],[113.9783951,22.4117007],[113.9783788,22.4117057],[113.9785509,22.4122509],[113.9785667,22.4122458],[113.9785806,22.4122435],[113.9785489,22.4121406],[113.9785808,22.4121317],[113.9785453,22.4120145],[113.9784982,22.4118589],[113.9784141,22.4115812]],[[113.9771909,22.4079572],[113.9772263,22.407948],[113.9771218,22.4076021],[113.9771015,22.4076073],[113.9770863,22.4076113],[113.9771909,22.4079572]],[[113.9759307,22.4036797],[113.9759595,22.4036725],[113.9758566,22.4033222],[113.9758279,22.4033294],[113.9759307,22.4036797]],[[113.9746568,22.4024389],[113.9746673,22.4024662],[113.9750336,22.4023504],[113.975023,22.4023222],[113.9747706,22.4024026],[113.9746568,22.4024389]],[[113.9718104,22.4026692],[113.9718132,22.4026469],[113.9719937,22.4026666],[113.9721025,22.4026785],[113.9721742,22.4026864],[113.9721714,22.4027087],[113.9718104,22.4026692]],[[113.9705646,22.403784],[113.9705497,22.4037725],[113.9705347,22.403761],[113.9703062,22.4040145],[113.9703211,22.404026],[113.9703361,22.4040375],[113.9705646,22.403784]],[[113.9678528,22.40158],[113.9678334,22.4015816],[113.9678141,22.4015833],[113.9678056,22.4014987],[113.967794,22.4014145],[113.9677794,22.4013306],[113.9677618,22.4012473],[113.9677808,22.4012438],[113.9677999,22.4012404],[113.9678177,22.4013243],[113.9678325,22.4014094],[113.9678442,22.4014948],[113.9678528,22.40158]],[[113.9673981,22.396982],[113.9673698,22.3972077],[113.9673552,22.3972069],[113.9673479,22.3973264],[113.9673188,22.3973249],[113.9673399,22.396979],[113.9673593,22.39698],[113.967369,22.3969805],[113.9673779,22.396981],[113.9673981,22.396982]],[[113.9674918,22.3944924],[113.9675288,22.3944931],[113.9675349,22.3942182],[113.9675267,22.394218],[113.9674979,22.3942175],[113.9674918,22.3944924]],[[113.9673851,22.3910766],[113.9674112,22.3910659],[113.9672556,22.3907366],[113.9672467,22.3907404],[113.9672314,22.3907469],[113.9673851,22.3910766]],[[113.9651471,22.3854051],[113.965164,22.3853977],[113.9651776,22.3853917],[113.9650229,22.3850897],[113.9650074,22.3850965],[113.9649924,22.3851031],[113.9651471,22.3854051]],[[113.9633618,22.381647],[113.963447,22.3819936],[113.9634944,22.3819836],[113.9634092,22.381637],[113.9633855,22.381642],[113.9633618,22.381647]],[[113.9618988,22.3782514],[113.9616767,22.37797],[113.9616669,22.3779763],[113.9616513,22.3779864],[113.9618734,22.3782678],[113.9618851,22.3782609],[113.9618988,22.3782514]],[[113.9610712,22.375297],[113.9610896,22.3753095],[113.9611035,22.3753182],[113.9613139,22.3750439],[113.9613009,22.3750336],[113.9612815,22.3750227],[113.9610712,22.375297]],[[113.9668804,22.3727455],[113.966889,22.3727741],[113.9672399,22.3726828],[113.9672313,22.3726541],[113.9668804,22.3727455]],[[114.0,22.435444953178653],[113.9998084,22.4353115],[113.9995586,22.4351176],[113.9994053,22.4350076],[113.9993193,22.4349458],[113.9990608,22.4347549],[113.9985812,22.4344188],[113.9984659,22.4343376],[113.9976598,22.4337709],[113.9974676,22.4336358],[113.9963135,22.432809],[113.9962358,22.4327574],[113.9954643,22.4322122],[113.9951562,22.431997],[113.9949768,22.4318728],[113.9948469,22.4317846],[113.9947232,22.4316963],[113.9945822,22.4315893],[113.9944456,22.431484],[113.9943112,22.4313766],[113.9939943,22.4311222],[113.9932437,22.4305219],[113.9931585,22.4304499],[113.9930519,22.4303625],[113.9924606,22.4298594],[113.9922253,22.4296735],[113.9917474,22.4292722],[113.9914853,22.4290072],[113.991422,22.4289431],[113.9913731,22.4288921],[113.9903639,22.4278392],[113.9902901,22.4277596],[113.9901476,22.4276166],[113.990099,22.4275647],[113.9891302,22.4265287],[113.9890798,22.4264768],[113.9890353,22.4264284],[113.9873102,22.4245539],[113.9872564,22.4244954],[113.9872292,22.4244676],[113.986814,22.424044],[113.9866045,22.4238234],[113.9863809,22.4235915],[113.9850826,22.4222074],[113.9850621,22.4221855],[113.9850331,22.4221565],[113.9849862,22.4221099],[113.9849704,22.4220943]],[[113.9849704,22.4220943],[113.9849531,22.4220778],[113.9849228,22.4220469],[113.9847707,22.4218922]],[[113.9847707,22.4218922],[113.9841508,22.4212619],[113.9840999,22.4212102],[113.9840607,22.4211693],[113.9840253,22.4211339],[113.9836162,22.4207249],[113.9831888,22.4202938],[113.9826262,22.4197025],[113.9822655,22.4192552],[113.9820934,22.4190296],[113.9819948,22.4188831],[113.9818604,22.4186794],[113.9817461,22.418477],[113.9813143,22.417675],[113.9812229,22.4174969]],[[113.9812229,22.4174969],[113.9810717,22.4172022]],[[113.9810717,22.4172022],[113.9804534,22.4159974]],[[113.9804534,22.4159974],[113.980311,22.4157199],[113.979814,22.4147732],[113.9797492,22.4146634],[113.9796838,22.4145701],[113.9795583,22.4144178],[113.9794518,22.4142879]],[[113.9794518,22.4142879],[113.979194,22.4139845],[113.9791343,22.4139185],[113.979071,22.4138449],[113.9790203,22.4137793],[113.9789689,22.41371],[113.9789159,22.4136202],[113.9788715,22.413535],[113.9788345,22.4134416],[113.978802,22.4133451],[113.9787741,22.4132431],[113.9787301,22.4130553],[113.9786243,22.4125511]],[[113.9786243,22.4125511],[113.9786122,22.4124951],[113.9786008,22.4124512],[113.9785867,22.4124038],[113.9785677,22.4123443],[113.9785561,22.4123097],[113.9785459,22.412281]],[[113.9785459,22.412281],[113.9784408,22.4119631]],[[113.9784408,22.4119631],[113.9783454,22.4116745]],[[113.9783454,22.4116745],[113.9783383,22.4116518],[113.9782786,22.4114549]],[[113.9782786,22.4114549],[113.9782318,22.4112941]],[[113.9782318,22.4112941],[113.9782237,22.411232],[113.9782188,22.4111847],[113.9782157,22.4111223],[113.9782128,22.4110536],[113.9782021,22.4109961],[113.9781915,22.4109538],[113.9778136,22.4096566],[113.9777924,22.409596],[113.9777678,22.4095392],[113.9777355,22.4094791],[113.9776397,22.4093417]],[[113.9776397,22.4093417],[113.9776064,22.409292],[113.9775822,22.4092475],[113.9775634,22.4091994],[113.9775521,22.4091633],[113.9775036,22.4089869]],[[113.9775036,22.4089869],[113.9771307,22.4078086],[113.9770382,22.4074952],[113.9758686,22.4035116],[113.9757758,22.4031955],[113.9757083,22.402967],[113.9755853,22.4024722]],[[113.9755853,22.4024722],[113.9755747,22.4024481],[113.9755626,22.4024254],[113.9755474,22.4024034],[113.9755355,22.4023897],[113.9755205,22.4023757],[113.9754854,22.4023501],[113.9754579,22.4023358],[113.975422,22.4023218],[113.9753874,22.4023123],[113.9753585,22.4023067],[113.9753256,22.4023035],[113.9752939,22.4023027],[113.9752517,22.4023052],[113.975202,22.4023137],[113.9751532,22.4023252]],[[113.9751532,22.4023252],[113.9748548,22.4024199],[113.974594,22.402503],[113.9741216,22.4026522],[113.9740701,22.402666],[113.9739995,22.4026804],[113.9739036,22.4026945],[113.9738562,22.4026985],[113.9737946,22.4027006],[113.9737103,22.4026989],[113.9735772,22.4026926],[113.9733196,22.4026801],[113.9732209,22.4026756],[113.9731279,22.4026793],[113.9730357,22.4026907],[113.9729441,22.4027118],[113.9728813,22.402728],[113.9728348,22.4027447],[113.972805,22.4027536],[113.9727747,22.4027611],[113.9727389,22.4027681],[113.9727027,22.402773],[113.9726432,22.4027766],[113.9725835,22.4027748],[113.9723275,22.4027424],[113.972232,22.4027323],[113.9719894,22.4027052],[113.9717743,22.4026818],[113.9717547,22.4026796],[113.9716831,22.4026743],[113.9716627,22.4026742],[113.9716252,22.4026791],[113.9715889,22.4026894],[113.9715549,22.4027049],[113.971524,22.4027253],[113.9714971,22.4027499],[113.9713672,22.4028905],[113.9712294,22.4030351],[113.9709727,22.4033168],[113.9708911,22.4034139],[113.970793,22.4035361],[113.9706119,22.4037491],[113.9704597,22.4039179],[113.970256,22.4041438],[113.9702362,22.4041657],[113.9701179,22.404309],[113.9700659,22.4043719],[113.9699463,22.4044997],[113.9698527,22.4046145]],[[113.9698527,22.4046145],[113.969713,22.4047622],[113.9696285,22.4048403],[113.9696033,22.4048567],[113.9695714,22.404873],[113.9695385,22.4048864],[113.9695059,22.4048958],[113.9694676,22.4049028],[113.9694267,22.4049058],[113.9693817,22.4049048],[113.9693356,22.4048991],[113.9692868,22.4048889],[113.9692429,22.4048747],[113.968774,22.404682],[113.9686519,22.4046361],[113.9685446,22.4046003],[113.9684226,22.4045665],[113.9683058,22.4045379],[113.9681786,22.4045111],[113.9680513,22.4044906],[113.9679204,22.4044748],[113.9677811,22.4044628],[113.9676632,22.404457],[113.9674924,22.4044536],[113.9673783,22.4044552],[113.9672304,22.4044616],[113.967177,22.4044651],[113.9671439,22.4044675],[113.9670204,22.4044799],[113.9668251,22.4045]],[[113.9668251,22.4045],[113.9667995,22.404499],[113.9667743,22.4044955],[113.9667509,22.4044909],[113.9667256,22.4044835],[113.9667008,22.4044739],[113.9666811,22.4044637],[113.9666621,22.404451],[113.9666436,22.4044364],[113.9666278,22.4044212],[113.9666137,22.4044047],[113.9666,22.4043857],[113.9665888,22.4043669],[113.9665789,22.404344],[113.9665718,22.4043214],[113.9665672,22.4042959],[113.9665655,22.4042734],[113.9665668,22.4042507],[113.9665701,22.4042294],[113.9665764,22.4042057],[113.9665883,22.4041781],[113.9666034,22.4041529],[113.9666188,22.4041329]],[[113.9666188,22.4041329],[113.9670052,22.4037534],[113.9670379,22.4037171],[113.967084,22.4036642],[113.9671218,22.403614],[113.9671583,22.4035613],[113.9671991,22.403493],[113.9675387,22.402872],[113.9676061,22.4027372],[113.9676461,22.4026426],[113.9676925,22.4025168],[113.967721,22.4024267],[113.9677479,22.4023276],[113.9677686,22.4022389],[113.9677848,22.4021445],[113.9677986,22.4020354],[113.9678085,22.4018963],[113.9678098,22.4017751],[113.9678031,22.4015955],[113.9677935,22.4015],[113.967782,22.4014161],[113.9677675,22.4013326],[113.9677112,22.4010504],[113.9676942,22.4009636],[113.9676777,22.4008848],[113.9676546,22.4007695],[113.9674751,22.3997771],[113.9673643,22.3992773]],[[113.9673643,22.3992773],[113.9673468,22.3991885],[113.9673113,22.3990287],[113.9672832,22.3988677],[113.9672624,22.3987057],[113.967249,22.3985431],[113.967243,22.39838],[113.9672444,22.3982169],[113.9672546,22.3980351],[113.9673067,22.3973242],[113.9673172,22.3971513],[113.9673278,22.396978],[113.9673396,22.3968102],[113.9673445,22.3967411]],[[113.9673445,22.3967411],[113.9673742,22.3963205]],[[113.9673742,22.3963205],[113.9673955,22.3960364],[113.9673977,22.3960037],[113.9674234,22.3955459],[113.9674377,22.3954524],[113.9674591,22.3953616],[113.9674791,22.3952828],[113.9674863,22.3952462],[113.9674917,22.3952062],[113.9675028,22.3950662]],[[113.9675028,22.3950662],[113.9675173,22.394833],[113.9675146,22.394785],[113.9675094,22.3947479],[113.9674752,22.3945742],[113.9674734,22.3945404],[113.9674801,22.3943558],[113.9674911,22.3940961],[113.9674912,22.393379],[113.9675137,22.392492],[113.9674934,22.3915309],[113.9674845,22.3914361],[113.9674725,22.3913611],[113.9674534,22.391286],[113.967429,22.3912168],[113.9673995,22.391145],[113.9672929,22.3909179],[113.9671516,22.3906158],[113.9661735,22.3885266],[113.9660679,22.3882902],[113.9659884,22.3880929],[113.9659385,22.3879513],[113.9658824,22.387761],[113.965864,22.3876927],[113.9658365,22.3875693],[113.9658135,22.3874577],[113.965647,22.3865952],[113.9656245,22.3864935],[113.9655905,22.3863641],[113.9655539,22.3862567],[113.9655288,22.3861946],[113.9654933,22.3861161],[113.9651628,22.3854554],[113.9650567,22.3852573],[113.9649214,22.3849881],[113.964798,22.3847419],[113.964515,22.3842506],[113.964375,22.3840187],[113.9640264,22.3833323],[113.963962,22.3831954],[113.9638927,22.3830528],[113.9638323,22.3829287],[113.9635567,22.382304],[113.9634591,22.3820935],[113.9634352,22.3819961],[113.9633926,22.3818228],[113.9633268,22.3815549],[113.9632822,22.3813735],[113.9632615,22.3812894],[113.9632268,22.3811482],[113.9631602,22.3808886],[113.9630202,22.3802974],[113.9629325,22.3799302],[113.9627892,22.3795854],[113.9625583,22.3791951],[113.9618629,22.3782752],[113.9617525,22.3781351],[113.9615671,22.377904],[113.9604786,22.3765756],[113.9604308,22.3765161],[113.9603966,22.3764622],[113.960365,22.3763941],[113.9603514,22.3763334],[113.960346,22.376261],[113.9603454,22.3762048],[113.9603497,22.3761453],[113.9603698,22.3760677],[113.9603935,22.3760081],[113.960423,22.3759578],[113.960449,22.3759211],[113.9604959,22.3758727],[113.9605352,22.3758334],[113.9609968,22.3753928],[113.9610453,22.3753267],[113.961216,22.3750842],[113.9613926,22.3748676],[113.9614622,22.3747834],[113.9615235,22.3747046],[113.9616433,22.3745508],[113.9618003,22.3743754],[113.9620985,22.3740234],[113.9621505,22.3739696],[113.9622071,22.37392],[113.9622678,22.3738747],[113.962337,22.3738315],[113.96241,22.3737939],[113.9624664,22.3737645],[113.9625249,22.373739],[113.9625752,22.3737217],[113.9626459,22.3737006],[113.9627076,22.3736878],[113.9649391,22.3733021],[113.9651811,22.37324],[113.9656019,22.3731243],[113.9656571,22.3731074]],[[113.9656571,22.3731074],[113.9666044,22.3728361],[113.9666774,22.3728176],[113.9667269,22.3728017],[113.9667779,22.3727798],[113.9668208,22.372752],[113.9668751,22.3727279],[113.9670515,22.3726799],[113.9672795,22.3726149],[113.9673536,22.3725927],[113.9674134,22.3725544],[113.9674585,22.3725035],[113.9674847,22.3724494],[113.9674959,22.372386],[113.9674896,22.3723269],[113.9674651,22.3722665],[113.9674284,22.3722187],[113.9673874,22.3721852],[113.9673574,22.3721683],[113.9673353,22.3721589],[113.9673159,22.3721524],[113.9672724,22.3721434],[113.9672121,22.3721426],[113.9671295,22.3721569]],[[113.9671295,22.3721569],[113.9670403,22.3721796]],[[113.9670403,22.3721796],[113.9669055,22.3722155]],[[113.9669055,22.3722155],[113.9667754,22.37225]],[[113.9667754,22.37225],[113.9667237,22.372275],[113.9666829,22.3723059],[113.9666619,22.3723324],[113.966538,22.3725607]]]},"properties":{"key":"relation:6481420@detail:455_89","osmType":"relation","osmId":6481420,"sourceRegion":"shenzhen","featureType":"service","railClass":"light_rail","mode":"light_rail","name":"輕鐵610綫（元朗 → 屯門碼頭）","nameEn":"Light Rail 610 (Yuen Long → Tuen Mun Ferry Pier)","ref":"610","operator":"香港鐵路有限公司 MTR Corporation Limited","network":"輕鐵 Light Rail","status":"operational","color":"#8D3219","sourceKey":"relation:6481420"}},{"type":"Feature","geometry":{"type":"MultiLineString","coordinates":[[[113.9662616,22.3727277],[113.9662811,22.3727373],[113.9662985,22.3727459],[113.9664693,22.372448],[113.9664507,22.3724389],[113.9664323,22.3724299],[113.9662616,22.3727277]],[[113.9610125,22.3751926],[113.9610305,22.3752044],[113.9610466,22.375215],[113.9612576,22.3749401],[113.9612405,22.3749288],[113.9612235,22.3749177],[113.9610125,22.3751926]],[[113.9618253,22.3783016],[113.9616033,22.3780202],[113.9615899,22.3780288],[113.9615779,22.3780366],[113.9617999,22.3783179],[113.9618253,22.3783016]],[[113.9633831,22.382007],[113.9632979,22.3816604],[113.9632884,22.3816624],[113.963279,22.3816644],[113.9632695,22.3816664],[113.9633546,22.382013],[113.9633831,22.382007]],[[113.9650532,22.3854438],[113.965069,22.3854369],[113.9650837,22.3854304],[113.964929,22.3851284],[113.9649103,22.3851366],[113.9648985,22.3851418],[113.9650532,22.3854438]],[[113.9670432,22.3905438],[113.9670596,22.3905372],[113.9669052,22.3902071],[113.9668889,22.3902145],[113.9668788,22.3902191],[113.9670334,22.3905478],[113.9670432,22.3905438]],[[113.9673838,22.3944911],[113.9674029,22.3944915],[113.9674256,22.3944921],[113.9674329,22.3942172],[113.9674086,22.3942166],[113.9673911,22.3942163],[113.9673838,22.3944911]],[[113.9672721,22.3969732],[113.9672527,22.3969722],[113.967243,22.3969717],[113.9672218,22.3973198],[113.9672315,22.3973203],[113.9672509,22.3973213],[113.9672721,22.3969732]],[[113.9676544,22.4012545],[113.9676735,22.4012512],[113.9676926,22.4012479],[113.9677125,22.4013417],[113.9677267,22.4014234],[113.967738,22.4015056],[113.9677473,22.4015988],[113.9677279,22.4015999],[113.9677085,22.4016011],[113.9676993,22.4015095],[113.9676882,22.4014286],[113.9676742,22.401348],[113.9676544,22.4012545]],[[113.9642812,22.4052429],[113.9646644,22.4051901],[113.9646588,22.4051557],[113.9642756,22.4052085],[113.9642788,22.4052283],[113.9642812,22.4052429]],[[113.9634185,22.4065713],[113.9636466,22.4068324],[113.9636658,22.4068181],[113.9634377,22.406557],[113.9634279,22.4065643],[113.9634185,22.4065713]],[[113.9662676,22.4077663],[113.9666456,22.4076843],[113.9666429,22.4076737],[113.9666392,22.4076591],[113.9662611,22.4077406],[113.966265,22.4077558],[113.9662676,22.4077663]],[[113.9690322,22.406855],[113.9693843,22.4067288],[113.9693948,22.406754],[113.9692793,22.4067954],[113.9692188,22.406817],[113.9691583,22.4068387],[113.9690428,22.4068801],[113.9690322,22.406855]],[[113.972349,22.4073468],[113.9727226,22.4074449],[113.9727254,22.4074359],[113.9727291,22.4074237],[113.9723556,22.4073256],[113.972349,22.4073468]],[[113.9782981,22.4117252],[113.9782828,22.4117294],[113.9782685,22.4117336],[113.9782878,22.4117921],[113.9782711,22.4120102],[113.9784053,22.4121748],[113.9784263,22.4121691],[113.9784415,22.4121648],[113.9782981,22.4117252]],[[113.9815701,22.4183746],[113.9816717,22.418547],[113.9817329,22.4186508],[113.9817488,22.4186778],[113.9817694,22.4186675],[113.9815907,22.4183643],[113.981579,22.4183701],[113.9815701,22.4183746]],[[113.9864721,22.4237612],[113.9862126,22.4234929],[113.9862048,22.4234994],[113.9861955,22.4235071],[113.9864549,22.4237754],[113.9864642,22.4237677],[113.9864721,22.4237612]],[[113.9923172,22.4298461],[113.9923248,22.4298385],[113.9923394,22.429824],[113.9920562,22.4295886],[113.9920459,22.4295989],[113.992034,22.4296108],[113.9923172,22.4298461]],[[113.9975666,22.4338037],[113.9975774,22.4337903],[113.9975902,22.4337744],[113.9972979,22.4335726],[113.9972861,22.4335873],[113.9972742,22.4336019],[113.9975666,22.4338037]],[[113.9664154,22.3725946],[113.9663037,22.3727867],[113.9662612,22.3728401],[113.9662303,22.3728692],[113.9661925,22.3728936],[113.9661379,22.3729184]],[[113.9661379,22.3729184],[113.966015,22.372956]],[[113.966015,22.372956],[113.9658756,22.3729959]],[[113.9658756,22.3729959],[113.9658381,22.3730067]],[[113.9658381,22.3730067],[113.9656427,22.3730627]],[[113.9656427,22.3730627],[113.9655893,22.3730791],[113.96517,22.3731966],[113.9649235,22.3732574],[113.9626643,22.3736545],[113.9625623,22.3736816],[113.9624782,22.3737122],[113.9623914,22.3737537],[113.9623134,22.3737953],[113.9622395,22.3738428],[113.9621787,22.373889],[113.9621217,22.3739393],[113.962069,22.3739934],[113.9617659,22.3743483],[113.9616072,22.3745302],[113.9614815,22.37469],[113.9614271,22.3747608],[113.9613632,22.3748446],[113.9611818,22.3750618],[113.9610196,22.375309],[113.9609698,22.3753707],[113.9605085,22.3758092],[113.9604628,22.3758511],[113.9604161,22.375896],[113.9603856,22.3759347],[113.9603523,22.3759898],[113.960328,22.3760529],[113.9603119,22.3761134],[113.9603061,22.3761641],[113.9603027,22.3762252],[113.9603027,22.376261],[113.9603088,22.3763343],[113.9603246,22.3764018],[113.9603577,22.3764751],[113.9603904,22.3765327],[113.9604442,22.3765993],[113.9615406,22.3779217],[113.9617261,22.378153],[113.9618369,22.3782934],[113.9625305,22.3792234],[113.9627531,22.3796047],[113.9628875,22.3799413],[113.9629822,22.3803086],[113.9630901,22.3808185],[113.9631866,22.3811567],[113.963221,22.3812966],[113.9632865,22.3815634],[113.9633523,22.3818312],[113.9633949,22.3820045],[113.9634135,22.3820803],[113.9634696,22.3823086],[113.9635386,22.3824649],[113.9637561,22.3829581],[113.9639513,22.3833641],[113.9641791,22.3838126],[113.9642971,22.3839977],[113.9644765,22.3842642],[113.9647607,22.3847685],[113.9648798,22.3850055],[113.9650155,22.3852754],[113.9651206,22.3854739],[113.9652145,22.3856484],[113.9654596,22.3861361],[113.9655141,22.3862623],[113.9655528,22.3863681],[113.9655853,22.3864842],[113.9655999,22.3865456],[113.9657709,22.3874318],[113.9658141,22.3876421],[113.9658303,22.3877101],[113.9658593,22.3878167],[113.9658901,22.3879238],[113.9659273,22.3880331],[113.9659932,22.3882077],[113.9661225,22.3884976],[113.9669957,22.3903668],[113.9671183,22.390629],[113.9673345,22.3910914],[113.9673634,22.3911576],[113.9673922,22.3912328],[113.9674194,22.3913165],[113.9674325,22.3913651],[113.9674434,22.3914218],[113.9674561,22.3915355],[113.9674614,22.3924921],[113.9674357,22.3933753],[113.9674488,22.3940957],[113.9674427,22.394355],[113.9674341,22.3945717]],[[113.9674341,22.3945717],[113.967432,22.3947795],[113.9674301,22.3948289],[113.9673841,22.3955203]],[[113.9673841,22.3955203],[113.9673617,22.3958623]],[[113.9673617,22.3958623],[113.9673508,22.3960169],[113.9673376,22.3962074],[113.9673431,22.396278],[113.9673202,22.3966145],[113.967301,22.3968061],[113.9672842,22.3969743],[113.9672736,22.397149],[113.967263,22.3973219],[113.9672108,22.3980341],[113.9672007,22.3982157],[113.9671993,22.3983805],[113.9672054,22.3985453],[113.9672189,22.3987096],[113.9672399,22.3988733],[113.9672683,22.399036],[113.9673038,22.3991975],[113.9673387,22.3993713],[113.9674323,22.3997854]],[[113.9674323,22.3997854],[113.9676204,22.4007755],[113.9676425,22.4008875],[113.9676584,22.4009657],[113.967676,22.4010559],[113.9677244,22.4013397],[113.9677387,22.4014218],[113.9677501,22.4015044],[113.9677594,22.4015981],[113.9677686,22.4017626],[113.9677675,22.4018965],[113.9677576,22.4020402],[113.9677469,22.4021258],[113.96771,22.4023204],[113.9676818,22.4024246],[113.9676495,22.4025224],[113.9676011,22.4026484],[113.9674809,22.4029003],[113.9672326,22.4033557]],[[113.9672326,22.4033557],[113.9671135,22.4035119],[113.967031,22.4036108],[113.9669347,22.403714],[113.9663025,22.4043375],[113.9661864,22.4044473],[113.9661008,22.4045201],[113.9660073,22.4045957],[113.9659538,22.4046359],[113.9658097,22.4047367],[113.9656985,22.4048119],[113.9656347,22.4048509]],[[113.9656347,22.4048509],[113.9650159,22.4051295],[113.9649769,22.405144],[113.9649256,22.4051607],[113.9648802,22.4051724],[113.9648371,22.4051803],[113.9644748,22.4052311],[113.9641646,22.4052737],[113.9637986,22.4053234],[113.9637596,22.4053307],[113.9636935,22.4053474],[113.9636319,22.4053682],[113.9635897,22.4053861],[113.9635457,22.4054082],[113.9635087,22.4054297],[113.9634755,22.4054512],[113.9634442,22.4054749],[113.9634096,22.4055047],[113.9633872,22.4055271],[113.9633608,22.4055561],[113.9633392,22.4055828],[113.963319,22.4056112],[113.9633138,22.4056194],[113.963304,22.4056348],[113.9632975,22.405645],[113.9632722,22.4056897],[113.9632504,22.4057358],[113.9632375,22.4057688],[113.9632244,22.4058092],[113.9632119,22.4058615],[113.9632039,22.4059132],[113.9631988,22.4059758],[113.9631996,22.4060324],[113.9632052,22.4060944],[113.9632137,22.4061454],[113.9632261,22.406194],[113.963246,22.4062508],[113.9632737,22.4063095],[113.9633055,22.4063654],[113.963337,22.4064134],[113.9633737,22.4064623],[113.9634761,22.4065821]],[[113.9634761,22.4065821],[113.9635618,22.40668],[113.9637013,22.4068417]],[[113.9637013,22.4068417],[113.9638471,22.4070096],[113.9638743,22.4070395],[113.963927,22.4070947],[113.9639864,22.4071516],[113.9640594,22.4072167],[113.9643129,22.4074369],[113.9643788,22.407492],[113.9644306,22.4075325],[113.9644796,22.4075666],[113.9645289,22.4075963],[113.9645823,22.407624],[113.9646336,22.407647],[113.9646883,22.4076668],[113.964754,22.4076871],[113.9648196,22.4077037],[113.9650318,22.4077454],[113.9652492,22.4077881],[113.9654249,22.4078216],[113.9654998,22.4078315],[113.9655729,22.4078381],[113.9656353,22.4078397],[113.9656899,22.4078381],[113.965749,22.4078335],[113.9658148,22.4078243],[113.9658674,22.4078142],[113.9659796,22.4077886]],[[113.9659796,22.4077886],[113.9662203,22.4077351],[113.9664466,22.4076858],[113.9668341,22.4076025],[113.9669257,22.4075812],[113.9669967,22.4075611],[113.9671,22.4075288],[113.9672203,22.4074863],[113.9673034,22.4074567],[113.9689034,22.4068891],[113.9689543,22.4068709],[113.9690049,22.4068527],[113.9692039,22.4067815],[113.9694318,22.4066996],[113.9694901,22.4066778],[113.9695498,22.4066597],[113.9696108,22.4066455],[113.9696727,22.4066352],[113.9697352,22.4066288],[113.9697981,22.4066265],[113.9698609,22.4066282],[113.9699235,22.4066339],[113.9699855,22.4066436],[113.9700466,22.4066572],[113.9701066,22.4066747],[113.9705394,22.4068111],[113.9708173,22.4068987],[113.9712054,22.4070125],[113.9712872,22.4070338],[113.9713986,22.4070631],[113.9725555,22.4073625],[113.9728479,22.4074378],[113.9733211,22.4075596],[113.9735206,22.4076188],[113.9737493,22.4076957],[113.9739464,22.4077704],[113.9740404,22.407809],[113.9741858,22.4078731],[113.9743164,22.4079344],[113.974398,22.4079772],[113.97461,22.4080939],[113.974751,22.4081802],[113.974908,22.4082853],[113.9750688,22.4084027],[113.9751961,22.4085039],[113.975321,22.4086114],[113.9754163,22.4086985],[113.9755127,22.4087922],[113.9756041,22.4088882],[113.9756954,22.4089919],[113.9757696,22.409085],[113.9758352,22.4091783],[113.9758753,22.4092414],[113.9759158,22.4093114],[113.9759947,22.4094537]],[[113.9759947,22.4094537],[113.9760124,22.4094746],[113.976028,22.4094898],[113.976049,22.4095049],[113.9760699,22.409517],[113.9760911,22.409527],[113.9761165,22.4095361],[113.9761459,22.4095426],[113.9761737,22.4095456],[113.9762002,22.4095454],[113.9762456,22.4095414],[113.9762863,22.4095334],[113.976296,22.4095312],[113.9764498,22.4094968]],[[113.9764498,22.4094968],[113.9772001,22.4093254]],[[113.9772001,22.4093254],[113.9772812,22.4093092],[113.9773302,22.4093051],[113.97738,22.4093064],[113.9774321,22.4093172],[113.9774801,22.4093365],[113.9775235,22.4093679],[113.9775616,22.4094092],[113.9775842,22.4094401],[113.9776039,22.409476]],[[113.9776039,22.409476],[113.9780457,22.4109846],[113.9780622,22.4110335],[113.9780859,22.4110857],[113.9781206,22.4111488],[113.9781521,22.4112],[113.9781738,22.411241],[113.978197,22.4113008]],[[113.978197,22.4113008],[113.9782145,22.4113541]],[[113.9782145,22.4113541],[113.9782745,22.4115854],[113.9782975,22.4116635],[113.9783156,22.4117167]],[[113.9783156,22.4117167],[113.9784003,22.4119738],[113.9784924,22.4122527]],[[113.9784924,22.4122527],[113.978513,22.4123221],[113.9785331,22.4123771],[113.9785422,22.4124034],[113.978562,22.4124681],[113.9785775,22.4125229],[113.9785863,22.4125585]],[[113.9785863,22.4125585],[113.9786905,22.4130601],[113.9787352,22.4132491],[113.9787617,22.4133526],[113.9787992,22.4134569],[113.9788331,22.4135419],[113.9788784,22.4136296],[113.9789325,22.4137195],[113.9789892,22.4137945],[113.9790393,22.41386],[113.9791021,22.4139323],[113.979158,22.4139959],[113.9794093,22.4143086]],[[113.9794093,22.4143086],[113.9795228,22.414444],[113.9796423,22.4145987],[113.979709,22.4146868],[113.9797728,22.4147891],[113.9804144,22.4160169]],[[113.9804144,22.4160169],[113.9810735,22.4173095]],[[113.9810735,22.4173095],[113.9812262,22.4176039]],[[113.9812262,22.4176039],[113.9817121,22.4184953],[113.9818293,22.4186953],[113.9819656,22.4188987],[113.9822295,22.4192777],[113.982596,22.4197296],[113.9831606,22.4203205],[113.9839927,22.4211621],[113.9840268,22.4211966],[113.9840667,22.4212402],[113.9841099,22.4212837],[113.9847399,22.4219126]],[[113.9847399,22.4219126],[113.9849224,22.4221007],[113.9849373,22.4221158]],[[113.9849373,22.4221158],[113.9849475,22.422127],[113.9849843,22.4221673],[113.9850175,22.4222014],[113.985042,22.4222273],[113.9863554,22.4236166],[113.9865729,22.4238468],[113.9867828,22.4240675],[113.9871897,22.4244956],[113.9872171,22.4245244],[113.9872667,22.4245786],[113.9881352,22.4255277],[113.9890071,22.4264542],[113.9890498,22.4264995],[113.9891023,22.4265545],[113.9900727,22.4275894],[113.9901199,22.4276397],[113.9902553,22.4277835],[113.9903292,22.4278604],[113.991343,22.4289159],[113.9913938,22.4289688],[113.9914544,22.4290276],[113.9917282,22.4292932],[113.9922035,22.4296983],[113.9924352,22.4298877],[113.9930255,22.4303941],[113.9931347,22.4304827],[113.9932168,22.430552],[113.9939613,22.4311541],[113.9942795,22.4314091],[113.9944142,22.4315154],[113.9945535,22.4316217],[113.9946958,22.4317257],[113.9948214,22.431817],[113.9949498,22.4319031],[113.9951308,22.4320265],[113.995438,22.4322448],[113.9961724,22.4327613],[113.9962113,22.4327884],[113.9974391,22.4336572],[113.9976374,22.4337979],[113.9983669,22.4343098],[113.9984436,22.4343631],[113.9988653,22.434662],[113.9989107,22.4346946],[113.9992029,22.4349088],[113.9996437,22.4352325],[113.99985,22.4353863],[113.9999974,22.4354858],[114.0,22.43548758891032]]]},"properties":{"key":"relation:6481434@detail:455_89","osmType":"relation","osmId":6481434,"sourceRegion":"shenzhen","featureType":"service","railClass":"light_rail","mode":"light_rail","name":"輕鐵615綫（屯門碼頭 → 元朗）","nameEn":"Light Rail 615 (Tuen Mun Ferry Pier → Yuen Long)","ref":"615","operator":"香港鐵路有限公司 MTR Corporation Limited","network":"輕鐵 Light Rail","status":"operational","color":"#F4E619","sourceKey":"relation:6481434"}},{"type":"Feature","geometry":{"type":"MultiLineString","coordinates":[[[113.9664976,22.3726764],[113.9665171,22.372686],[113.9665345,22.3726945],[113.9667052,22.3723967],[113.9666867,22.3723876],[113.9666683,22.3723786],[113.9664976,22.3726764]],[[113.9669348,22.3750676],[113.9669062,22.3750536],[113.9668919,22.3750466],[113.9667145,22.3753619],[113.9667288,22.3753688],[113.9667576,22.3753826],[113.9669348,22.3750676]],[[113.9703578,22.3814301],[113.970338,22.3810588],[113.9703238,22.3810595],[113.9703122,22.38106],[113.970332,22.3814312],[113.9703451,22.3814306],[113.9703578,22.3814301]],[[113.9728209,22.3833535],[113.9728215,22.3833634],[113.9728223,22.3833794],[113.9731781,22.3833626],[113.9731774,22.383349],[113.9731767,22.3833361],[113.9728209,22.3833535]],[[113.9749887,22.3844047],[113.9749765,22.3844054],[113.9749644,22.384406],[113.9749864,22.3847653],[113.9749985,22.3847647],[113.9750106,22.3847641],[113.9749887,22.3844047]],[[113.9750141,22.3877998],[113.9750374,22.3877997],[113.9750615,22.3877996],[113.9750595,22.3873539],[113.9750379,22.3873539],[113.975012,22.387354],[113.9750141,22.3877998]],[[113.974805,22.3914577],[113.9748179,22.3914573],[113.9748525,22.3914563],[113.9748417,22.3911437],[113.9748262,22.3911443],[113.9747942,22.3911451],[113.974805,22.3914577]],[[113.9769489,22.3948256],[113.976956,22.3948035],[113.9769637,22.3947824],[113.9765951,22.3946745],[113.9765888,22.3946926],[113.9765812,22.3947137],[113.9769489,22.3948256]],[[113.9773823,22.3975731],[113.9773987,22.3975757],[113.9774115,22.3975776],[113.9774714,22.3972427],[113.9774586,22.3972407],[113.9774422,22.3972382],[113.9773823,22.3975731]],[[113.9778959,22.4000901],[113.9780355,22.4004011],[113.9780491,22.4003952],[113.9780624,22.4003908],[113.9779227,22.4000798],[113.9779095,22.4000849],[113.9778959,22.4000901]],[[113.9795032,22.4033338],[113.9793568,22.4029998],[113.9793397,22.4030062],[113.9793278,22.4030107],[113.9794754,22.4033443],[113.9794844,22.4033409],[113.9795032,22.4033338]],[[113.978763,22.4069369],[113.9787725,22.4069352],[113.9787896,22.4069323],[113.9787203,22.4065825],[113.9787012,22.4065857],[113.9786914,22.4065874],[113.978763,22.4069369]],[[113.9782981,22.4117252],[113.9782828,22.4117294],[113.9782685,22.4117336],[113.9782878,22.4117921],[113.9782711,22.4120102],[113.9784053,22.4121748],[113.9784263,22.4121691],[113.9784415,22.4121648],[113.9782981,22.4117252]],[[113.9815701,22.4183746],[113.9816717,22.418547],[113.9817329,22.4186508],[113.9817488,22.4186778],[113.9817694,22.4186675],[113.9815907,22.4183643],[113.981579,22.4183701],[113.9815701,22.4183746]],[[113.9864721,22.4237612],[113.9862126,22.4234929],[113.9862048,22.4234994],[113.9861955,22.4235071],[113.9864549,22.4237754],[113.9864642,22.4237677],[113.9864721,22.4237612]],[[113.9923172,22.4298461],[113.9923248,22.4298385],[113.9923394,22.429824],[113.9920562,22.4295886],[113.9920459,22.4295989],[113.992034,22.4296108],[113.9923172,22.4298461]],[[113.9975666,22.4338037],[113.9975774,22.4337903],[113.9975902,22.4337744],[113.9972979,22.4335726],[113.9972861,22.4335873],[113.9972742,22.4336019],[113.9975666,22.4338037]],[[113.9666595,22.3725334],[113.9665396,22.3727339],[113.9665063,22.3727738],[113.9664758,22.3728014],[113.9664401,22.3728245],[113.9663835,22.3728483]],[[113.9663835,22.3728483],[113.9662548,22.3728841]],[[113.9662548,22.3728841],[113.9661379,22.3729184]],[[113.9661379,22.3729184],[113.966015,22.372956]],[[113.966015,22.372956],[113.9658756,22.3729959]],[[113.9658756,22.3729959],[113.9658381,22.3730067]],[[113.9658381,22.3730067],[113.9657667,22.3730107],[113.9657026,22.373004],[113.9656472,22.3729864],[113.9656172,22.3729714]],[[113.9656172,22.3729714],[113.965558,22.3729262],[113.965511,22.3728621],[113.9654933,22.3728188],[113.9654843,22.3727732],[113.9654903,22.3726896],[113.9655164,22.3726252],[113.9655559,22.3725731],[113.9656191,22.3725247],[113.9657082,22.3724921]],[[113.9657082,22.3724921],[113.9662449,22.372341],[113.9673146,22.3720667],[113.9673721,22.3720583],[113.9674192,22.3720569],[113.9674761,22.3720576],[113.9675343,22.3720496],[113.9676219,22.3720303],[113.9677271,22.3720228],[113.9678269,22.3720395],[113.9679063,22.3720713],[113.967988,22.372126],[113.9680557,22.3722142],[113.9681035,22.3723482],[113.9681157,22.3724507]],[[113.9681157,22.3724507],[113.9681163,22.3724738],[113.9681113,22.3725332],[113.9681012,22.3726192],[113.9680914,22.3727021],[113.9680828,22.3727688],[113.9680664,22.3729074],[113.9680508,22.3729987],[113.9680328,22.3730772],[113.968009,22.3731597],[113.9679847,22.3732342],[113.9679583,22.3733018],[113.9679245,22.3733758],[113.9678888,22.3734474],[113.9678378,22.3735392],[113.9677818,22.3736319],[113.9676057,22.373902],[113.9675398,22.3740091],[113.9674747,22.3741216],[113.9669614,22.3750295],[113.9668501,22.3752272],[113.9666903,22.3755122],[113.9665955,22.3756822],[113.9665728,22.3757297],[113.9665501,22.3757834],[113.9665328,22.3758343],[113.9665181,22.3758876],[113.9665077,22.3759388],[113.9664998,22.375996],[113.9664962,22.3760626],[113.9664984,22.3761302],[113.966506,22.3761962],[113.9665184,22.3762658],[113.9665367,22.3763426],[113.9666235,22.3766723],[113.966645,22.3767442],[113.9666723,22.3768268],[113.9669124,22.3774874],[113.966936,22.3775526],[113.96697,22.377646],[113.9669958,22.377717],[113.9670241,22.3777896],[113.9670523,22.3778564],[113.9670813,22.3779186],[113.9671135,22.3779786],[113.9671519,22.3780421],[113.9671874,22.3780926],[113.9672317,22.3781472],[113.9672816,22.3782007],[113.9673305,22.378247],[113.9673837,22.3782929],[113.967448,22.3783431],[113.9675223,22.378395],[113.9676029,22.3784475],[113.9676591,22.3784822],[113.9679194,22.378637]],[[113.9679194,22.378637],[113.9690627,22.379317]],[[113.9690627,22.379317],[113.9696266,22.3796524],[113.9696689,22.3796792],[113.9698262,22.379784],[113.9698979,22.3798366],[113.9699496,22.3798784],[113.9699991,22.3799221],[113.970044,22.3799674],[113.9700896,22.3800201],[113.9701317,22.3800764],[113.9701682,22.3801349],[113.9702013,22.380199],[113.9702279,22.3802619],[113.9702519,22.380332],[113.9702732,22.3804117],[113.9702884,22.380489],[113.9703076,22.3806371],[113.9703171,22.3807577]],[[113.9703171,22.3807577],[113.9703558,22.3812447],[113.9703779,22.3814734],[113.9704964,22.3830392],[113.9705106,22.3831838],[113.9705196,22.3832343],[113.9705304,22.3832765],[113.9705457,22.3833116],[113.9705655,22.383344],[113.9705916,22.3833748],[113.9706254,22.3834015],[113.9706617,22.383422],[113.9707011,22.3834372],[113.9707425,22.3834467],[113.9707849,22.3834502],[113.9727218,22.3833417],[113.9730479,22.3833279],[113.9732515,22.3833162],[113.9740649,22.3832717],[113.9746593,22.3832517]],[[113.9746593,22.3832517],[113.9747026,22.3832509],[113.9747364,22.3832533],[113.974766,22.3832595],[113.9747949,22.3832699],[113.9748243,22.3832846],[113.9748505,22.3833008],[113.9748845,22.3833329]],[[113.9748845,22.3833329],[113.974906,22.3833608],[113.9749225,22.3833942],[113.9749346,22.383429],[113.9749551,22.3835347],[113.9749703,22.3837838],[113.9750012,22.3842903],[113.975019,22.3845834],[113.9750324,22.3848009],[113.9750584,22.385203],[113.9750726,22.385471],[113.9750822,22.3859573]],[[113.9750822,22.3859573],[113.9750881,22.3864821],[113.9750806,22.3866421],[113.9750698,22.3868707]],[[113.9750698,22.3868707],[113.9750802,22.3873256],[113.9750793,22.3873366]],[[113.9750793,22.3873366],[113.9750826,22.3875746],[113.9750798,22.3878343],[113.9750819,22.3879246]],[[113.9750819,22.3879246],[113.9750905,22.3880336],[113.975138,22.3883454],[113.9751479,22.388441],[113.9751539,22.3886081],[113.9751545,22.3886412],[113.9751577,22.3887033],[113.9751484,22.3892107],[113.9751287,22.3896253],[113.9751082,22.3898196],[113.9750206,22.3902006],[113.9749668,22.3903902]],[[113.9749668,22.3903902],[113.9748931,22.3906623],[113.9748595,22.3908034],[113.9748518,22.3908773],[113.9748518,22.3909371],[113.9748535,22.3910041],[113.9748608,22.3913037],[113.9748666,22.391576],[113.9748695,22.3917164],[113.9748753,22.3918095],[113.9748876,22.3919192],[113.9749063,22.3920215],[113.9749358,22.3921383]],[[113.9749358,22.3921383],[113.9749599,22.3922312],[113.9749743,22.3923491],[113.9749815,22.3924639],[113.9749867,22.3925987],[113.9749827,22.3927049],[113.9749679,22.3928247],[113.9749339,22.3929633],[113.9748949,22.3930745]],[[113.9748949,22.3930745],[113.9748471,22.3931833],[113.9747873,22.3932799],[113.9747236,22.3933693],[113.974673,22.3934527],[113.974649,22.3935098],[113.9745955,22.3936561]],[[113.9745955,22.3936561],[113.9745799,22.3937138],[113.974572,22.3937596],[113.9745702,22.3938053],[113.9745769,22.3938501],[113.9745895,22.3938878],[113.9746176,22.3939286],[113.9746758,22.3939787],[113.9747387,22.3940134]],[[113.9747387,22.3940134],[113.9751045,22.3941357],[113.9757984,22.3943736]],[[113.9757984,22.3943736],[113.9759862,22.3944413],[113.9763134,22.3945629],[113.9764188,22.3945973],[113.9767772,22.3947007],[113.9770599,22.3947842],[113.9774214,22.3948923],[113.9774717,22.3949107],[113.9775164,22.3949323],[113.9775615,22.3949579],[113.977608,22.3949875],[113.9776517,22.3950268],[113.9776969,22.3950776],[113.9777348,22.3951305],[113.9777639,22.3951914],[113.9777794,22.3952502],[113.9777864,22.3953134],[113.9777872,22.3953788],[113.9777812,22.3954497],[113.9777702,22.3955133],[113.9775768,22.3966597]],[[113.9775768,22.3966597],[113.9774906,22.3972007],[113.9774588,22.3974043],[113.9774053,22.3977117],[113.977394,22.3977988],[113.9773875,22.397925],[113.9773838,22.3980213],[113.9773798,22.3982401],[113.9773763,22.398354],[113.9773829,22.3984744],[113.9773929,22.3985922],[113.9774239,22.3987898],[113.9774694,22.3990033],[113.9775158,22.3991479],[113.9775797,22.399325],[113.9776102,22.3993969],[113.9776837,22.3995648],[113.9777339,22.399668],[113.9778064,22.3998013],[113.9778673,22.3999253],[113.9779194,22.4000349],[113.9780179,22.4002502],[113.9781754,22.4006042],[113.978222,22.4007154],[113.9782971,22.4009121],[113.9783781,22.4011079],[113.9784052,22.4011656],[113.9784404,22.4012291],[113.9784974,22.4013287],[113.979137,22.4025195],[113.9791973,22.402631],[113.9792692,22.4027719],[113.9793215,22.4028823],[113.9794346,22.4031419],[113.9795621,22.403439],[113.9795823,22.403499],[113.979599,22.4035524],[113.9796145,22.4036109],[113.9796288,22.4036764],[113.9796408,22.4037498],[113.9796472,22.4038112],[113.9796508,22.403873],[113.979652,22.4039428],[113.9796489,22.404017],[113.9796404,22.4040973],[113.9796272,22.4041751],[113.9796091,22.4042505],[113.9795872,22.4043215],[113.9795596,22.4043952],[113.9795314,22.4044608],[113.9794955,22.404533],[113.9794495,22.4046136],[113.9793961,22.4046949],[113.9793424,22.4047708],[113.9790281,22.4051797],[113.9789748,22.4052555],[113.9789184,22.4053426],[113.9788587,22.4054439],[113.9788076,22.4055395],[113.978771,22.4056183],[113.9787362,22.4057056],[113.9787093,22.405788]],[[113.9787093,22.405788],[113.9786871,22.4058927],[113.9786743,22.4059843],[113.9786665,22.4060979],[113.9786696,22.4061933],[113.9786827,22.4063069],[113.9786952,22.4063926],[113.9787252,22.4065422],[113.9787706,22.4067658],[113.9788244,22.4070377],[113.9788834,22.4073163],[113.9788931,22.40738],[113.9788995,22.4074427],[113.9789009,22.4074998],[113.9788967,22.4075562],[113.9788876,22.4076085],[113.9788695,22.4076685],[113.9788461,22.4077206],[113.9788222,22.4077616],[113.9787715,22.4078312],[113.9787245,22.4078807],[113.9786524,22.4079433],[113.9780433,22.4083966],[113.9779771,22.4084531],[113.9779333,22.4084946],[113.9778847,22.4085445],[113.9778292,22.4086059],[113.9777761,22.4086769],[113.9777316,22.4087469],[113.9776936,22.4088172],[113.9776694,22.4088718],[113.9776463,22.4089387],[113.9776287,22.4090026],[113.977617,22.4090637],[113.9776101,22.4091159],[113.9776067,22.4091635],[113.9776066,22.4092165],[113.9776097,22.4092811],[113.9776244,22.4093774],[113.9776412,22.409468],[113.9776604,22.4095479],[113.9781112,22.41101]],[[113.9781112,22.41101],[113.978197,22.4113008]],[[113.978197,22.4113008],[113.9782145,22.4113541]],[[113.9782145,22.4113541],[113.9782745,22.4115854],[113.9782975,22.4116635],[113.9783156,22.4117167]],[[113.9783156,22.4117167],[113.9784003,22.4119738],[113.9784924,22.4122527]],[[113.9784924,22.4122527],[113.978513,22.4123221],[113.9785331,22.4123771],[113.9785422,22.4124034],[113.978562,22.4124681],[113.9785775,22.4125229],[113.9785863,22.4125585]],[[113.9785863,22.4125585],[113.9786905,22.4130601],[113.9787352,22.4132491],[113.9787617,22.4133526],[113.9787992,22.4134569],[113.9788331,22.4135419],[113.9788784,22.4136296],[113.9789325,22.4137195],[113.9789892,22.4137945],[113.9790393,22.41386],[113.9791021,22.4139323],[113.979158,22.4139959],[113.9794093,22.4143086]],[[113.9794093,22.4143086],[113.9795228,22.414444],[113.9796423,22.4145987],[113.979709,22.4146868],[113.9797728,22.4147891],[113.9804144,22.4160169]],[[113.9804144,22.4160169],[113.9810735,22.4173095]],[[113.9810735,22.4173095],[113.9812262,22.4176039]],[[113.9812262,22.4176039],[113.9817121,22.4184953],[113.9818293,22.4186953],[113.9819656,22.4188987],[113.9822295,22.4192777],[113.982596,22.4197296],[113.9831606,22.4203205],[113.9839927,22.4211621],[113.9840268,22.4211966],[113.9840667,22.4212402],[113.9841099,22.4212837],[113.9847399,22.4219126]],[[113.9847399,22.4219126],[113.9849224,22.4221007],[113.9849373,22.4221158]],[[113.9849373,22.4221158],[113.9849475,22.422127],[113.9849843,22.4221673],[113.9850175,22.4222014],[113.985042,22.4222273],[113.9863554,22.4236166],[113.9865729,22.4238468],[113.9867828,22.4240675],[113.9871897,22.4244956],[113.9872171,22.4245244],[113.9872667,22.4245786],[113.9881352,22.4255277],[113.9890071,22.4264542],[113.9890498,22.4264995],[113.9891023,22.4265545],[113.9900727,22.4275894],[113.9901199,22.4276397],[113.9902553,22.4277835],[113.9903292,22.4278604],[113.991343,22.4289159],[113.9913938,22.4289688],[113.9914544,22.4290276],[113.9917282,22.4292932],[113.9922035,22.4296983],[113.9924352,22.4298877],[113.9930255,22.4303941],[113.9931347,22.4304827],[113.9932168,22.430552],[113.9939613,22.4311541],[113.9942795,22.4314091],[113.9944142,22.4315154],[113.9945535,22.4316217],[113.9946958,22.4317257],[113.9948214,22.431817],[113.9949498,22.4319031],[113.9951308,22.4320265],[113.995438,22.4322448],[113.9961724,22.4327613],[113.9962113,22.4327884],[113.9974391,22.4336572],[113.9976374,22.4337979],[113.9983669,22.4343098],[113.9984436,22.4343631],[113.9988653,22.434662],[113.9989107,22.4346946],[113.9992029,22.4349088],[113.9996437,22.4352325],[113.99985,22.4353863],[113.9999974,22.4354858],[114.0,22.43548758891032]]]},"properties":{"key":"relation:6485194@detail:455_89","osmType":"relation","osmId":6485194,"sourceRegion":"shenzhen","featureType":"service","railClass":"light_rail","mode":"light_rail","name":"輕鐵614綫（屯門碼頭 → 元朗）","nameEn":"Light Rail 614 (Tuen Mun Ferry Pier → Yuen Long)","ref":"614","operator":"香港鐵路有限公司 MTR Corporation Limited","network":"輕鐵 Light Rail","status":"operational","color":"#44ADC3","sourceKey":"relation:6485194"}},{"type":"Feature","geometry":{"type":"MultiLineString","coordinates":[[[113.9733994,22.3867514],[113.9737758,22.3867467],[113.9737753,22.3867154],[113.973399,22.3867201],[113.9733994,22.3867514]],[[113.9750141,22.3877998],[113.9750374,22.3877997],[113.9750615,22.3877996],[113.9750595,22.3873539],[113.9750379,22.3873539],[113.975012,22.387354],[113.9750141,22.3877998]],[[113.974805,22.3914577],[113.9748179,22.3914573],[113.9748525,22.3914563],[113.9748417,22.3911437],[113.9748262,22.3911443],[113.9747942,22.3911451],[113.974805,22.3914577]],[[113.9726223,22.3938856],[113.9735098,22.3936953],[113.9734814,22.3935882],[113.9732355,22.39364],[113.9732471,22.3936857],[113.9731262,22.3937116],[113.9731128,22.3936634],[113.9730468,22.3936779],[113.9730563,22.3937185],[113.973,22.3937307],[113.9729901,22.3936908],[113.9728722,22.3937154],[113.9728841,22.3937556],[113.9727923,22.3937747],[113.9727815,22.3937355],[113.9726671,22.393759],[113.9726815,22.3938131],[113.9726078,22.3938303],[113.9726223,22.3938856]],[[113.972933,22.3969727],[113.9728436,22.3966509],[113.9728312,22.3966539],[113.9728177,22.3966571],[113.972907,22.3969788],[113.9729177,22.3969763],[113.972933,22.3969727]],[[113.9741832,22.3999932],[113.9742038,22.3999791],[113.9742195,22.3999684],[113.9739845,22.3996746],[113.9739482,22.3996994],[113.9741832,22.3999932]],[[113.975841,22.4037032],[113.9758702,22.4036958],[113.9757671,22.403345],[113.9757378,22.4033523],[113.975841,22.4037032]],[[113.9771008,22.4080275],[113.9771397,22.4080177],[113.9770354,22.407666],[113.977018,22.4076704],[113.9770077,22.407673],[113.9770376,22.4077739],[113.9770264,22.4077768],[113.9771008,22.4080275]],[[113.9782981,22.4117252],[113.9782828,22.4117294],[113.9782685,22.4117336],[113.9782878,22.4117921],[113.9782711,22.4120102],[113.9784053,22.4121748],[113.9784263,22.4121691],[113.9784415,22.4121648],[113.9782981,22.4117252]],[[113.9815701,22.4183746],[113.9816717,22.418547],[113.9817329,22.4186508],[113.9817488,22.4186778],[113.9817694,22.4186675],[113.9815907,22.4183643],[113.981579,22.4183701],[113.9815701,22.4183746]],[[113.9864721,22.4237612],[113.9862126,22.4234929],[113.9862048,22.4234994],[113.9861955,22.4235071],[113.9864549,22.4237754],[113.9864642,22.4237677],[113.9864721,22.4237612]],[[113.9923172,22.4298461],[113.9923248,22.4298385],[113.9923394,22.429824],[113.9920562,22.4295886],[113.9920459,22.4295989],[113.992034,22.4296108],[113.9923172,22.4298461]],[[113.9975666,22.4338037],[113.9975774,22.4337903],[113.9975902,22.4337744],[113.9972979,22.4335726],[113.9972861,22.4335873],[113.9972742,22.4336019],[113.9975666,22.4338037]],[[113.9993799,22.4595531],[113.9997241,22.4597196],[113.9997369,22.4596969],[113.9997417,22.4596885],[113.9993978,22.4595216],[113.9993927,22.4595305],[113.9993799,22.4595531]],[[113.9968325,22.4618779],[113.9968498,22.4618697],[113.9968671,22.4618615],[113.9970387,22.4621852],[113.9970212,22.4621931],[113.9970038,22.462201],[113.9968325,22.4618779]],[[113.9975308,22.4643947],[113.9975495,22.4643898],[113.9975682,22.4643848],[113.9976835,22.4647584],[113.9976648,22.4647633],[113.9976461,22.4647682],[113.9975308,22.4643947]],[[113.9988431,22.4672265],[113.998861,22.4672169],[113.9988767,22.4672085],[113.9986666,22.4668743],[113.9986487,22.4668839],[113.998633,22.4668924],[113.9988431,22.4672265]],[[113.9735852,22.3867019],[113.9737785,22.3866994],[113.9738029,22.3866988],[113.9740358,22.3866926],[113.9746109,22.3866942],[113.9748772,22.3866917],[113.9749139,22.3866972],[113.9749489,22.3867088],[113.9749811,22.3867258],[113.9750096,22.3867479],[113.9750334,22.3867744],[113.9750517,22.3868043],[113.975064,22.3868367],[113.9750698,22.3868707]],[[113.9750698,22.3868707],[113.9750802,22.3873256],[113.9750793,22.3873366]],[[113.9750793,22.3873366],[113.9750826,22.3875746],[113.9750798,22.3878343],[113.9750819,22.3879246]],[[113.9750819,22.3879246],[113.9750905,22.3880336],[113.975138,22.3883454],[113.9751479,22.388441],[113.9751539,22.3886081],[113.9751545,22.3886412],[113.9751577,22.3887033],[113.9751484,22.3892107],[113.9751287,22.3896253],[113.9751082,22.3898196],[113.9750206,22.3902006],[113.9749668,22.3903902]],[[113.9749668,22.3903902],[113.9748931,22.3906623],[113.9748595,22.3908034],[113.9748518,22.3908773],[113.9748518,22.3909371],[113.9748535,22.3910041],[113.9748608,22.3913037],[113.9748666,22.391576],[113.9748695,22.3917164],[113.9748753,22.3918095],[113.9748876,22.3919192],[113.9749063,22.3920215],[113.9749358,22.3921383]],[[113.9749358,22.3921383],[113.9749599,22.3922312],[113.9749743,22.3923491],[113.9749815,22.3924639],[113.9749867,22.3925987],[113.9749827,22.3927049],[113.9749679,22.3928247],[113.9749339,22.3929633],[113.9748949,22.3930745]],[[113.9748949,22.3930745],[113.9748471,22.3931833],[113.9747873,22.3932799],[113.9747236,22.3933693],[113.974673,22.3934527],[113.974649,22.3935098],[113.9745955,22.3936561]],[[113.9745955,22.3936561],[113.9745635,22.393711],[113.974532,22.3937492],[113.9744787,22.3937986],[113.9744327,22.3938248],[113.9743697,22.3938378],[113.9743016,22.3938387]],[[113.9743016,22.3938387],[113.9738945,22.3937104],[113.973819,22.3936896],[113.9737499,22.3936812],[113.9736821,22.393683],[113.9736248,22.3936903],[113.9730692,22.3938077],[113.9725656,22.3939213],[113.9725118,22.3939404],[113.9724521,22.393974],[113.9723993,22.3940149],[113.9723543,22.3940588],[113.9723169,22.3941017],[113.9722718,22.3941555]],[[113.9722718,22.3941555],[113.9722533,22.3941955],[113.9722354,22.3942523],[113.9722285,22.3942799],[113.9722241,22.3943025],[113.9722224,22.3943239],[113.9722234,22.3943482],[113.9722267,22.3943749],[113.9722307,22.3943971],[113.9722475,22.394461],[113.9722911,22.394608]],[[113.9722911,22.394608],[113.9725109,22.3954036]],[[113.9725109,22.3954036],[113.9728873,22.3967567],[113.9729793,22.3970876],[113.9731818,22.3978168],[113.973218,22.3979688],[113.9732363,22.3980507],[113.9732789,22.3982666],[113.9733039,22.3983885],[113.9733366,22.3985323],[113.9733579,22.3986098],[113.9733835,22.3986959],[113.9734089,22.3987637],[113.9734436,22.3988495],[113.9734766,22.3989217],[113.9735125,22.3989937],[113.9735574,22.3990741],[113.9736027,22.3991496],[113.9736468,22.3992159],[113.9736961,22.3992835],[113.9737897,22.3994067],[113.9741138,22.3998135],[113.9742834,22.4000267],[113.9743433,22.4001001],[113.9747248,22.400579],[113.9748163,22.4006972],[113.9748895,22.4007991],[113.9749592,22.4009052],[113.9750839,22.4011169],[113.9752067,22.401334],[113.9752568,22.4014347],[113.9753001,22.4015343],[113.9753236,22.4016012],[113.9753495,22.4016846],[113.9754163,22.4019556]],[[113.9754163,22.4019556],[113.9754574,22.4021199],[113.9755205,22.4023757],[113.9755627,22.4025488]],[[113.9755627,22.4025488],[113.9756406,22.4028636],[113.9756987,22.4030744],[113.9757375,22.4032046],[113.975831,22.4035202],[113.9765741,22.4060441],[113.9770039,22.4075038],[113.9770954,22.4078144],[113.9774502,22.4089376]],[[113.9774502,22.4089376],[113.9775009,22.4091255],[113.9775427,22.409267],[113.9776039,22.409476]],[[113.9776039,22.409476],[113.9780457,22.4109846],[113.9780622,22.4110335],[113.9780859,22.4110857],[113.9781206,22.4111488],[113.9781521,22.4112],[113.9781738,22.411241],[113.978197,22.4113008]],[[113.978197,22.4113008],[113.9782145,22.4113541]],[[113.9782145,22.4113541],[113.9782745,22.4115854],[113.9782975,22.4116635],[113.9783156,22.4117167]],[[113.9783156,22.4117167],[113.9784003,22.4119738],[113.9784924,22.4122527]],[[113.9784924,22.4122527],[113.978513,22.4123221],[113.9785331,22.4123771],[113.9785422,22.4124034],[113.978562,22.4124681],[113.9785775,22.4125229],[113.9785863,22.4125585]],[[113.9785863,22.4125585],[113.9786905,22.4130601],[113.9787352,22.4132491],[113.9787617,22.4133526],[113.9787992,22.4134569],[113.9788331,22.4135419],[113.9788784,22.4136296],[113.9789325,22.4137195],[113.9789892,22.4137945],[113.9790393,22.41386],[113.9791021,22.4139323],[113.979158,22.4139959],[113.9794093,22.4143086]],[[113.9794093,22.4143086],[113.9795228,22.414444],[113.9796423,22.4145987],[113.979709,22.4146868],[113.9797728,22.4147891],[113.9804144,22.4160169]],[[113.9804144,22.4160169],[113.9810735,22.4173095]],[[113.9810735,22.4173095],[113.9812262,22.4176039]],[[113.9812262,22.4176039],[113.9817121,22.4184953],[113.9818293,22.4186953],[113.9819656,22.4188987],[113.9822295,22.4192777],[113.982596,22.4197296],[113.9831606,22.4203205],[113.9839927,22.4211621],[113.9840268,22.4211966],[113.9840667,22.4212402],[113.9841099,22.4212837],[113.9847399,22.4219126]],[[113.9847399,22.4219126],[113.9849224,22.4221007],[113.9849373,22.4221158]],[[113.9849373,22.4221158],[113.9849475,22.422127],[113.9849843,22.4221673],[113.9850175,22.4222014],[113.985042,22.4222273],[113.9863554,22.4236166],[113.9865729,22.4238468],[113.9867828,22.4240675],[113.9871897,22.4244956],[113.9872171,22.4245244],[113.9872667,22.4245786],[113.9881352,22.4255277],[113.9890071,22.4264542],[113.9890498,22.4264995],[113.9891023,22.4265545],[113.9900727,22.4275894],[113.9901199,22.4276397],[113.9902553,22.4277835],[113.9903292,22.4278604],[113.991343,22.4289159],[113.9913938,22.4289688],[113.9914544,22.4290276],[113.9917282,22.4292932],[113.9922035,22.4296983],[113.9924352,22.4298877],[113.9930255,22.4303941],[113.9931347,22.4304827],[113.9932168,22.430552],[113.9939613,22.4311541],[113.9942795,22.4314091],[113.9944142,22.4315154],[113.9945535,22.4316217],[113.9946958,22.4317257],[113.9948214,22.431817],[113.9949498,22.4319031],[113.9951308,22.4320265],[113.995438,22.4322448],[113.9961724,22.4327613],[113.9962113,22.4327884],[113.9974391,22.4336572],[113.9976374,22.4337979],[113.9983669,22.4343098],[113.9984436,22.4343631],[113.9988653,22.434662],[113.9989107,22.4346946],[113.9992029,22.4349088],[113.9996437,22.4352325],[113.99985,22.4353863],[113.9999974,22.4354858],[114.0,22.43548758891032]],[[114.0,22.459867011159538],[113.9998405,22.45979],[113.9995899,22.4596684],[113.9993367,22.4595451],[113.9983413,22.4590602],[113.9983057,22.4590429],[113.9981802,22.4589823]],[[113.9981802,22.4589823],[113.9980124,22.4588995],[113.997972,22.4588837],[113.9979526,22.4588745],[113.9979303,22.4588669],[113.9979099,22.4588618],[113.9978873,22.4588579],[113.9978561,22.4588564],[113.9978208,22.4588589],[113.9977917,22.4588645],[113.997765,22.4588731],[113.9977422,22.4588831],[113.9977221,22.4588942],[113.9977041,22.4589063],[113.9976881,22.4589197],[113.9976719,22.4589355],[113.9976611,22.4589478],[113.9976516,22.4589608],[113.9976403,22.4589787]],[[113.9976403,22.4589787],[113.9973745,22.4594505],[113.9972664,22.4596435],[113.9971678,22.4598188],[113.9970426,22.4600426],[113.9970101,22.4601026],[113.9970073,22.4601082],[113.9969752,22.4601724],[113.996935,22.460264],[113.9969054,22.4603405],[113.9968753,22.460432],[113.9968516,22.4605197],[113.9968328,22.4606047],[113.9968174,22.4606959],[113.9968094,22.4607573],[113.996804,22.460815],[113.9967997,22.4608937]],[[113.9967997,22.4608937],[113.9967963,22.4610073],[113.9967906,22.4613643],[113.9967902,22.4613822],[113.9967874,22.4615293],[113.9967902,22.461586],[113.9967972,22.4616375],[113.9968118,22.4616961],[113.99683,22.4617483],[113.9968844,22.4618533],[113.9969703,22.4620153],[113.9970562,22.4621773],[113.997145,22.4623449],[113.9971679,22.4623936],[113.9971875,22.4624441],[113.9972034,22.4624957],[113.9972112,22.4625289],[113.9972153,22.4625464],[113.9973612,22.4634669]],[[113.9973612,22.4634669],[113.9974706,22.4639688],[113.9975475,22.4642524],[113.9975869,22.4643799],[113.9976446,22.4645667],[113.9977022,22.4647534],[113.9977105,22.4647803],[113.9978143,22.4650822],[113.9979072,22.465323],[113.9980066,22.4655616],[113.9981126,22.4657978],[113.998169,22.4659163],[113.9982188,22.4660176],[113.9982671,22.4661132],[113.9983438,22.4662624],[113.9984535,22.4664694],[113.9984848,22.4665238]],[[113.9984848,22.4665238],[113.9985684,22.466674],[113.998595,22.4667188],[113.9986835,22.4668653],[113.9987878,22.4670313],[113.9988936,22.4671994],[113.9989058,22.467218],[113.9990967,22.4675087]],[[113.9990967,22.4675087],[113.9991676,22.4675479],[113.9992068,22.46757],[113.9992496,22.4675853],[113.9992948,22.4675931],[113.9993407,22.4675933],[113.9993859,22.4675859],[113.9994289,22.4675711],[113.9994684,22.4675494]],[[113.9994684,22.4675494],[113.9995017,22.4675227],[113.9995296,22.467491],[113.9995511,22.4674554],[113.9995656,22.4674169],[113.9995727,22.4673766],[113.9995722,22.4673358],[113.9995633,22.467296]],[[113.9995633,22.467296],[113.9995507,22.4672144],[113.9995409,22.4671624],[113.999527,22.4671112],[113.9995122,22.4670691],[113.9994946,22.4670279],[113.9994354,22.4669337],[113.9993185,22.4667478]]]},"properties":{"key":"relation:6485218@detail:455_89","osmType":"relation","osmId":6485218,"sourceRegion":"shenzhen","featureType":"service","railClass":"light_rail","mode":"light_rail","name":"輕鐵751綫（友愛 → 天逸）","nameEn":"Light Rail 751 (Yau Oi → Tin Yat)","ref":"751","operator":"香港鐵路有限公司 MTR Corporation Limited","network":"輕鐵 Light Rail","status":"operational","color":"#F58C14","sourceKey":"relation:6485218"}},{"type":"Feature","geometry":{"type":"MultiLineString","coordinates":[[[113.9993799,22.4595531],[113.9997241,22.4597196],[113.9997369,22.4596969],[113.9997417,22.4596885],[113.9993978,22.4595216],[113.9993927,22.4595305],[113.9993799,22.4595531]],[[113.9968325,22.4618779],[113.9968498,22.4618697],[113.9968671,22.4618615],[113.9970387,22.4621852],[113.9970212,22.4621931],[113.9970038,22.462201],[113.9968325,22.4618779]],[[113.9975308,22.4643947],[113.9975495,22.4643898],[113.9975682,22.4643848],[113.9976835,22.4647584],[113.9976648,22.4647633],[113.9976461,22.4647682],[113.9975308,22.4643947]],[[113.9994445,22.4669036],[113.9992344,22.4665694],[113.9992513,22.4665604],[113.9992681,22.4665514],[113.9994782,22.4668855],[113.9994445,22.4669036]],[[114.0,22.459867011159538],[113.9998405,22.45979],[113.9995899,22.4596684],[113.9993367,22.4595451],[113.9983413,22.4590602],[113.9983057,22.4590429],[113.9981802,22.4589823]],[[113.9981802,22.4589823],[113.9980124,22.4588995],[113.997972,22.4588837],[113.9979526,22.4588745],[113.9979303,22.4588669],[113.9979099,22.4588618],[113.9978873,22.4588579],[113.9978561,22.4588564],[113.9978208,22.4588589],[113.9977917,22.4588645],[113.997765,22.4588731],[113.9977422,22.4588831],[113.9977221,22.4588942],[113.9977041,22.4589063],[113.9976881,22.4589197],[113.9976719,22.4589355],[113.9976611,22.4589478],[113.9976516,22.4589608],[113.9976403,22.4589787]],[[113.9976403,22.4589787],[113.9973745,22.4594505],[113.9972664,22.4596435],[113.9971678,22.4598188],[113.9970426,22.4600426],[113.9970101,22.4601026],[113.9970073,22.4601082],[113.9969752,22.4601724],[113.996935,22.460264],[113.9969054,22.4603405],[113.9968753,22.460432],[113.9968516,22.4605197],[113.9968328,22.4606047],[113.9968174,22.4606959],[113.9968094,22.4607573],[113.996804,22.460815],[113.9967997,22.4608937]],[[113.9967997,22.4608937],[113.9967963,22.4610073],[113.9967906,22.4613643],[113.9967902,22.4613822],[113.9967874,22.4615293],[113.9967902,22.461586],[113.9967972,22.4616375],[113.9968118,22.4616961],[113.99683,22.4617483],[113.9968844,22.4618533],[113.9969703,22.4620153],[113.9970562,22.4621773],[113.997145,22.4623449],[113.9971679,22.4623936],[113.9971875,22.4624441],[113.9972034,22.4624957],[113.9972112,22.4625289],[113.9972153,22.4625464],[113.9973612,22.4634669]],[[113.9973612,22.4634669],[113.9974706,22.4639688],[113.9975475,22.4642524],[113.9975869,22.4643799],[113.9976446,22.4645667],[113.9977022,22.4647534],[113.9977105,22.4647803],[113.9978143,22.4650822],[113.9979072,22.465323],[113.9980066,22.4655616],[113.9981126,22.4657978],[113.998169,22.4659163],[113.9982188,22.4660176],[113.9982671,22.4661132],[113.9983438,22.4662624],[113.9984535,22.4664694],[113.9984848,22.4665238]],[[113.9984848,22.4665238],[113.9985684,22.466674],[113.998595,22.4667188],[113.9986835,22.4668653],[113.9987878,22.4670313],[113.9988936,22.4671994],[113.9989058,22.467218],[113.9990967,22.4675087]],[[113.9990967,22.4675087],[113.9991676,22.4675479],[113.9992068,22.46757],[113.9992496,22.4675853],[113.9992948,22.4675931],[113.9993407,22.4675933],[113.9993859,22.4675859],[113.9994289,22.4675711],[113.9994684,22.4675494]],[[113.9994684,22.4675494],[113.9995017,22.4675227],[113.9995296,22.467491],[113.9995511,22.4674554],[113.9995656,22.4674169],[113.9995727,22.4673766],[113.9995722,22.4673358],[113.9995633,22.467296]],[[113.9995633,22.467296],[113.9995507,22.4672144],[113.9995409,22.4671624],[113.999527,22.4671112],[113.9995122,22.4670691],[113.9994946,22.4670279],[113.9994354,22.4669337],[113.9993185,22.4667478]]]},"properties":{"key":"relation:6485219@detail:455_89","osmType":"relation","osmId":6485219,"sourceRegion":"shenzhen","featureType":"service","railClass":"light_rail","mode":"light_rail","name":"輕鐵751P綫（天水圍 → 天逸）","nameEn":"Light Rail 751P (Tin Shui Wai → Tin Yat)","ref":"751P","operator":"香港鐵路有限公司 MTR Corporation Limited","network":"輕鐵 Light Rail","status":"operational","color":"#000000","sourceKey":"relation:6485219"}},{"type":"Feature","geometry":{"type":"MultiLineString","coordinates":[[[113.9991924,22.466592],[113.9991756,22.466601],[113.9991588,22.4666101],[113.9993689,22.4669442],[113.9994025,22.4669261],[113.9991924,22.466592]],[[113.997643,22.4643651],[113.9977583,22.4647387],[113.997777,22.4647337],[113.9977957,22.4647288],[113.9976804,22.4643553],[113.9976617,22.4643602],[113.997643,22.4643651]],[[113.9969363,22.4618287],[113.9969536,22.4618205],[113.9969709,22.4618124],[113.9971435,22.4621378],[113.997126,22.4621457],[113.9971086,22.4621536],[113.9969363,22.4618287]],[[113.9993587,22.4561131],[113.9995401,22.4557972],[113.9995256,22.4557901],[113.9995135,22.4557841],[113.999332,22.4561],[113.9993463,22.4561071],[113.9993587,22.4561131]],[[113.9992407,22.4667895],[113.9991357,22.4666225],[113.9990447,22.4664687],[113.9989704,22.4663546]],[[113.9989704,22.4663546],[113.9989109,22.4662624]],[[113.9989109,22.4662624],[113.9988722,22.4662379],[113.9988314,22.4662174],[113.9987873,22.4662039],[113.9987485,22.466199],[113.9987413,22.4661981],[113.9986949,22.4662],[113.9986496,22.4662095]],[[113.9986496,22.4662095],[113.9986056,22.4662204],[113.9985604,22.4662248],[113.9985149,22.4662225],[113.9984704,22.4662137],[113.998428,22.4661986],[113.9983835,22.4661742],[113.9983444,22.4661428],[113.998312,22.4661126]],[[113.998312,22.4661126],[113.9983057,22.4660999],[113.9982543,22.4660053],[113.9981483,22.4657836],[113.9980427,22.4655483],[113.9979436,22.4653105],[113.9978509,22.4650701],[113.9977479,22.4647704],[113.9977396,22.4647436],[113.9976819,22.4645568],[113.9976243,22.4643701],[113.9975849,22.4642425],[113.9975084,22.4639605],[113.9974015,22.4634612]],[[113.9974015,22.4634612],[113.9972533,22.4625389],[113.9972492,22.4625213],[113.9972412,22.462487],[113.9972245,22.4624331],[113.997204,22.4623804],[113.9971803,22.4623299],[113.9970911,22.4621615],[113.9970051,22.4619992],[113.996919,22.4618369],[113.9968673,22.4617381],[113.9968493,22.4616866],[113.9968366,22.4616351],[113.996829,22.4615828],[113.9968263,22.4615288],[113.9968291,22.4613828],[113.9968294,22.4613649],[113.9968348,22.4610244],[113.9968391,22.4608969]],[[113.9968391,22.4608969],[113.9968432,22.46083],[113.9968495,22.4607657],[113.9968618,22.4606744],[113.9968825,22.4605684],[113.996911,22.4604573],[113.9969406,22.460364],[113.9969716,22.4602826],[113.9970128,22.4601883],[113.9970456,22.4601226],[113.9970534,22.460107],[113.9970796,22.4600579],[113.9972018,22.4598346],[113.9973038,22.4596608],[113.9974867,22.4593314]],[[113.9974867,22.4593314],[113.9975305,22.4592597],[113.9976009,22.4591343],[113.9976238,22.4590936]],[[113.9976238,22.4590936],[113.9977422,22.4588831],[113.9978845,22.4586308],[113.9979839,22.4584538]],[[113.9979839,22.4584538],[113.9980333,22.4583713],[113.9984268,22.4576621],[113.9984779,22.4575696],[113.9985257,22.4574872],[113.9992805,22.4561333],[113.9994144,22.4558962],[113.999551,22.4556611],[113.9996019,22.4555787],[113.9996455,22.4555033],[114.0,22.45487278838364]]]},"properties":{"key":"relation:6485221@detail:455_89","osmType":"relation","osmId":6485221,"sourceRegion":"shenzhen","featureType":"service","railClass":"light_rail","mode":"light_rail","name":"輕鐵761P綫（天逸 → 元朗）","nameEn":"Light Rail 761P (Tin Yat → Yuen Long)","ref":"761P","operator":"香港鐵路有限公司 MTR Corporation Limited","network":"輕鐵 Light Rail","status":"operational","color":"#70147B","sourceKey":"relation:6485221"}},{"type":"Feature","geometry":{"type":"MultiLineString","coordinates":[[[113.9733903,22.3963855],[113.9728599,22.3943288],[113.9729537,22.394308],[113.9734841,22.3963646],[113.9733903,22.3963855]],[[113.9785742,22.4108705],[113.9791412,22.4127945],[113.9792151,22.4127759],[113.9786481,22.4108518],[113.9785742,22.4108705]],[[113.9731045,22.3953319],[113.9733178,22.3961528],[113.973405,22.3964915],[113.9734434,22.3966218],[113.9735131,22.3968304]],[[113.9735131,22.3968304],[113.9737194,22.3975056],[113.9737881,22.397721],[113.9740106,22.3982951],[113.9741913,22.3987784],[113.9744434,22.3993297],[113.9747846,22.4000696],[113.9752584,22.4011468],[113.9754912,22.4016793],[113.9755883,22.4019388],[113.9756815,22.402221],[113.9757358,22.4023954]],[[113.9757358,22.4023954],[113.9757576,22.4024666]],[[113.9757576,22.4024666],[113.9773635,22.4079169],[113.9774994,22.4082672],[113.9776692,22.4086374],[113.9777941,22.408879]],[[113.9777941,22.408879],[113.9780039,22.4092667],[113.978132,22.4095484],[113.9782326,22.4098259],[113.9784592,22.4105517],[113.9785739,22.4109221],[113.978636,22.4111326],[113.9788437,22.4118356],[113.9791166,22.4127629],[113.9791628,22.4129196],[113.9791862,22.4129811],[113.9796554,22.4142808],[113.9797569,22.4145056]],[[113.9797569,22.4145056],[113.9799606,22.4149168],[113.98036,22.4157354],[113.980762,22.416492]],[[113.980762,22.416492],[113.9808447,22.4166541],[113.9813625,22.4176693],[113.9814917,22.4179227]],[[113.9814917,22.4179227],[113.9817546,22.4184207],[113.9836065,22.4217001],[113.9839124,22.4222509],[113.9841728,22.4227443],[113.9843801,22.423151],[113.9846203,22.4236478],[113.9862645,22.4271341],[113.9884929,22.4318474],[113.990861,22.4368561],[113.9910556,22.4372586],[113.9911591,22.4374651],[113.9912549,22.4376492],[113.9914759,22.4380412],[113.9917326,22.4384557],[113.9920487,22.4389205],[113.9923072,22.4392707],[113.9926152,22.4396531],[113.9927789,22.4398445],[113.9929547,22.4400414],[113.993382,22.4404885],[113.9935574,22.440659],[113.9937371,22.4408275],[113.9942923,22.4413079],[113.994898,22.4417712],[113.9955025,22.4421819],[113.9957344,22.4423273],[113.9960997,22.4425397],[113.9964426,22.4427269],[113.996767,22.4428906],[113.9991347,22.4440172],[114.0,22.4444102294827]]]},"properties":{"key":"relation:6582965@detail:455_89","osmType":"relation","osmId":6582965,"sourceRegion":"shenzhen","featureType":"service","railClass":"metro","mode":"subway","name":"港鐵屯馬綫","nameEn":"MTR Tuen Ma Line","ref":"TML","operator":"香港鐵路有限公司 MTR Corporation","network":"港鐵 MTR","status":"operational","color":"#923011","sourceKey":"relation:6582965"}},{"type":"Feature","geometry":{"type":"MultiLineString","coordinates":[[[113.9786481,22.4108518],[113.9792151,22.4127759],[113.9792891,22.4127572],[113.978722,22.4108332],[113.9786481,22.4108518]],[[113.9729537,22.394308],[113.9734841,22.3963646],[113.9735772,22.396344],[113.9730468,22.3942873],[113.9729537,22.394308]],[[114.0,22.44431834780335],[113.9991882,22.4439525],[113.9968082,22.4428131],[113.9964861,22.4426531],[113.9961354,22.4424642],[113.9958485,22.4423033],[113.9955451,22.4421201],[113.9949096,22.4416936],[113.9943403,22.4412634],[113.9937693,22.4407759],[113.9934305,22.4404563],[113.9930004,22.4400119],[113.9926608,22.4396273],[113.9923537,22.4392475],[113.9920942,22.4389015],[113.991759,22.4384093],[113.9915198,22.4380215],[113.9912969,22.4376258],[113.9912136,22.4374689],[113.9911021,22.4372478],[113.9909979,22.4370323],[113.9885371,22.4318251],[113.9863106,22.4271134],[113.9846484,22.4236012],[113.9844073,22.4231046],[113.9842166,22.4227243],[113.9840327,22.4223752],[113.9836266,22.4216452],[113.9826891,22.4199851],[113.9817953,22.4184004],[113.9815345,22.4179042]],[[113.9815345,22.4179042],[113.9814058,22.4176514],[113.980889,22.4166363],[113.9808063,22.4164738]],[[113.9808063,22.4164738],[113.9803978,22.4156774],[113.9800982,22.4150494],[113.979983,22.4147917],[113.9798556,22.4144423]],[[113.9798556,22.4144423],[113.9793413,22.4128747],[113.9792948,22.4127168],[113.9790219,22.4117934],[113.9788143,22.411087],[113.9787524,22.4108771],[113.9784151,22.4097992],[113.9782932,22.4094611],[113.9781577,22.4091708],[113.9780756,22.4090113],[113.9778576,22.408628]],[[113.9778576,22.408628],[113.9777849,22.4085079],[113.9775987,22.408165],[113.9774626,22.4078975],[113.9773521,22.407621],[113.9759775,22.4030238],[113.9758316,22.4025361],[113.9758077,22.402456]],[[113.9758077,22.402456],[113.9757872,22.402385]],[[113.9757872,22.402385],[113.9757434,22.4022338],[113.9756382,22.4019002],[113.9754719,22.4014843],[113.9748936,22.4001645],[113.9744359,22.3991834],[113.9742485,22.3987449],[113.9740806,22.3982196],[113.9740549,22.3981392],[113.974038,22.3980864],[113.9738397,22.3973967],[113.9737563,22.3970669],[113.9736923,22.3967635]],[[113.9736923,22.3967635],[113.9736558,22.3965744],[113.9736229,22.3964376],[113.9735347,22.3961047],[113.9733214,22.3952837]]]},"properties":{"key":"relation:6582966@detail:455_89","osmType":"relation","osmId":6582966,"sourceRegion":"shenzhen","featureType":"service","railClass":"metro","mode":"subway","name":"港鐵屯馬綫","nameEn":"MTR Tuen Ma Line","ref":"TML","operator":"香港鐵路有限公司 MTR Corporation","network":"港鐵 MTR","status":"operational","color":"#923011","sourceKey":"relation:6582966"}},{"type":"Feature","geometry":{"type":"LineString","coordinates":[[113.9394945,22.3170519],[113.9388144,22.3188792],[113.9386162,22.3192023],[113.9351041,22.323789],[113.9347296,22.3242145],[113.9342735,22.3245554],[113.9337939,22.3248563],[113.9333212,22.3250446],[113.9273166,22.326769],[113.9267668,22.326885],[113.926276,22.3269716],[113.9258085,22.3270229],[113.9253388,22.3270613],[113.9247799,22.3270731],[113.9243163,22.3270471],[113.9238367,22.3270006],[113.9234743,22.326941],[113.9230848,22.3268781],[113.9225507,22.3267519],[113.9219721,22.326595],[113.9212759,22.3263881],[113.9207892,22.3262689],[113.9201919,22.3261849],[113.9197987,22.3260948],[113.9142067,22.3243056]]},"properties":{"key":"relation:9736634@detail:455_89","osmType":"relation","osmId":9736634,"sourceRegion":"shenzhen","featureType":"service","railClass":"light_rail","mode":"light_rail","name":"APM T2: to concourse","operator":"香港鐵路有限公司 MTR Corporation Limited","status":"operational","color":"#148e84","sourceKey":"relation:9736634"}},{"type":"Feature","geometry":{"type":"MultiLineString","coordinates":[[[113.9994445,22.4669036],[113.9992344,22.4665694],[113.9992513,22.4665604],[113.9992681,22.4665514],[113.9994782,22.4668855],[113.9994445,22.4669036]],[[113.997643,22.4643651],[113.9977583,22.4647387],[113.997777,22.4647337],[113.9977957,22.4647288],[113.9976804,22.4643553],[113.9976617,22.4643602],[113.997643,22.4643651]],[[113.9969363,22.4618287],[113.9969536,22.4618205],[113.9969709,22.4618124],[113.9971435,22.4621378],[113.997126,22.4621457],[113.9971086,22.4621536],[113.9969363,22.4618287]],[[113.9993297,22.4596379],[113.9996752,22.4598056],[113.9996807,22.4597959],[113.9996934,22.4597732],[113.9993471,22.4596069],[113.9993351,22.4596284],[113.9993297,22.4596379]],[[113.9976296,22.4337257],[113.9976417,22.4337112],[113.9976538,22.4336967],[113.997365,22.4334906],[113.9973518,22.4335064],[113.9973408,22.4335196],[113.9976296,22.4337257]],[[113.9923735,22.4297841],[113.9923853,22.4297725],[113.9923951,22.4297628],[113.9921129,22.4295263],[113.9920914,22.4295476],[113.9923735,22.4297841]],[[113.9869738,22.4241537],[113.9867143,22.4238855],[113.9867064,22.423892],[113.9866972,22.4238996],[113.9869567,22.4241679],[113.9869641,22.4241617],[113.9869738,22.4241537]],[[113.9819082,22.4186793],[113.9821075,22.4189714],[113.9821273,22.4189598],[113.9820601,22.4188612],[113.9819281,22.4186677],[113.9819185,22.4186733],[113.9819082,22.4186793]],[[113.9784141,22.4115812],[113.9783874,22.4116227],[113.9784093,22.4116972],[113.9783951,22.4117007],[113.9783788,22.4117057],[113.9785509,22.4122509],[113.9785667,22.4122458],[113.9785806,22.4122435],[113.9785489,22.4121406],[113.9785808,22.4121317],[113.9785453,22.4120145],[113.9784982,22.4118589],[113.9784141,22.4115812]],[[113.9993185,22.4667478],[113.9992134,22.4665807],[113.9991331,22.466453],[113.9991173,22.4664282],[113.999115,22.4664246],[113.9990936,22.466398],[113.9990694,22.4663737],[113.9990426,22.4663519],[113.9989109,22.4662624]],[[113.9989109,22.4662624],[113.9988722,22.4662379],[113.9988314,22.4662174],[113.9987873,22.4662039],[113.9987485,22.466199],[113.9987413,22.4661981],[113.9986949,22.4662],[113.9986496,22.4662095]],[[113.9986496,22.4662095],[113.9986056,22.4662204],[113.9985604,22.4662248],[113.9985149,22.4662225],[113.9984704,22.4662137],[113.998428,22.4661986],[113.9983835,22.4661742],[113.9983444,22.4661428],[113.998312,22.4661126]],[[113.998312,22.4661126],[113.9983057,22.4660999],[113.9982543,22.4660053],[113.9981483,22.4657836],[113.9980427,22.4655483],[113.9979436,22.4653105],[113.9978509,22.4650701],[113.9977479,22.4647704],[113.9977396,22.4647436],[113.9976819,22.4645568],[113.9976243,22.4643701],[113.9975849,22.4642425],[113.9975084,22.4639605],[113.9974015,22.4634612]],[[113.9974015,22.4634612],[113.9972533,22.4625389],[113.9972492,22.4625213],[113.9972412,22.462487],[113.9972245,22.4624331],[113.997204,22.4623804],[113.9971803,22.4623299],[113.9970911,22.4621615],[113.9970051,22.4619992],[113.996919,22.4618369],[113.9968673,22.4617381],[113.9968493,22.4616866],[113.9968366,22.4616351],[113.996829,22.4615828],[113.9968263,22.4615288],[113.9968291,22.4613828],[113.9968294,22.4613649],[113.9968348,22.4610244],[113.9968391,22.4608969]],[[113.9968391,22.4608969],[113.9968432,22.46083],[113.9968495,22.4607657],[113.9968618,22.4606744],[113.9968825,22.4605684],[113.996911,22.4604573],[113.9969406,22.460364],[113.9969716,22.4602826],[113.9970128,22.4601883],[113.9970456,22.4601226],[113.9970534,22.460107],[113.9970796,22.4600579],[113.9972018,22.4598346],[113.9973038,22.4596608],[113.9974867,22.4593314]],[[113.9974867,22.4593314],[113.9975305,22.4592597],[113.9976009,22.4591343],[113.9976238,22.4590936]],[[113.9976238,22.4590936],[113.9976392,22.4590722],[113.997658,22.4590498],[113.9976761,22.4590318],[113.9976999,22.4590109],[113.9977228,22.4589942],[113.9977485,22.4589791],[113.9977759,22.4589663],[113.9978064,22.4589554],[113.9978378,22.4589474],[113.9978641,22.4589435],[113.9978897,22.4589412],[113.9979121,22.4589412],[113.9979454,22.4589435],[113.9979742,22.4589472],[113.9979859,22.4589473],[113.9980161,22.4589545],[113.99804,22.4589626],[113.9980677,22.4589719],[113.998092,22.4589818],[113.9981199,22.4589947]],[[113.9981199,22.4589947],[113.9982868,22.4590759],[113.9993177,22.4595777],[113.9995715,22.4597012],[113.9998225,22.4598228],[114.0,22.45990880749925]],[[114.0,22.435444953178653],[113.9998084,22.4353115],[113.9995586,22.4351176],[113.9994053,22.4350076],[113.9993193,22.4349458],[113.9990608,22.4347549],[113.9985812,22.4344188],[113.9984659,22.4343376],[113.9976598,22.4337709],[113.9974676,22.4336358],[113.9963135,22.432809],[113.9962358,22.4327574],[113.9954643,22.4322122],[113.9951562,22.431997],[113.9949768,22.4318728],[113.9948469,22.4317846],[113.9947232,22.4316963],[113.9945822,22.4315893],[113.9944456,22.431484],[113.9943112,22.4313766],[113.9939943,22.4311222],[113.9932437,22.4305219],[113.9931585,22.4304499],[113.9930519,22.4303625],[113.9924606,22.4298594],[113.9922253,22.4296735],[113.9917474,22.4292722],[113.9914853,22.4290072],[113.991422,22.4289431],[113.9913731,22.4288921],[113.9903639,22.4278392],[113.9902901,22.4277596],[113.9901476,22.4276166],[113.990099,22.4275647],[113.9891302,22.4265287],[113.9890798,22.4264768],[113.9890353,22.4264284],[113.9873102,22.4245539],[113.9872564,22.4244954],[113.9872292,22.4244676],[113.986814,22.424044],[113.9866045,22.4238234],[113.9863809,22.4235915],[113.9850826,22.4222074],[113.9850621,22.4221855],[113.9850331,22.4221565],[113.9849862,22.4221099],[113.9849704,22.4220943]],[[113.9849704,22.4220943],[113.9849531,22.4220778],[113.9849228,22.4220469],[113.9847707,22.4218922]],[[113.9847707,22.4218922],[113.9841508,22.4212619],[113.9840999,22.4212102],[113.9840607,22.4211693],[113.9840253,22.4211339],[113.9836162,22.4207249],[113.9831888,22.4202938],[113.9826262,22.4197025],[113.9822655,22.4192552],[113.9820934,22.4190296],[113.9819948,22.4188831],[113.9818604,22.4186794],[113.9817461,22.418477],[113.9813143,22.417675],[113.9812229,22.4174969]],[[113.9812229,22.4174969],[113.9810717,22.4172022]],[[113.9810717,22.4172022],[113.9804534,22.4159974]],[[113.9804534,22.4159974],[113.980311,22.4157199],[113.979814,22.4147732],[113.9797492,22.4146634],[113.9796838,22.4145701],[113.9795583,22.4144178],[113.9794518,22.4142879]],[[113.9794518,22.4142879],[113.979194,22.4139845],[113.9791343,22.4139185],[113.979071,22.4138449],[113.9790203,22.4137793],[113.9789689,22.41371],[113.9789159,22.4136202],[113.9788715,22.413535],[113.9788345,22.4134416],[113.978802,22.4133451],[113.9787741,22.4132431],[113.9787301,22.4130553],[113.9786243,22.4125511]],[[113.9786243,22.4125511],[113.9786122,22.4124951],[113.9786008,22.4124512],[113.9785867,22.4124038],[113.9785677,22.4123443],[113.9785561,22.4123097],[113.9785459,22.412281]],[[113.9785459,22.412281],[113.9784408,22.4119631]]]},"properties":{"key":"relation:12619403@detail:455_89","osmType":"relation","osmId":12619403,"sourceRegion":"shenzhen","featureType":"service","railClass":"light_rail","mode":"light_rail","name":"輕鐵751P綫（天逸 → 兆康）","nameEn":"Light Rail 751P (Tin Yat → Siu Hong)","ref":"751P","operator":"香港鐵路有限公司 MTR Corporation Limited","network":"輕鐵 Light Rail","status":"operational","color":"#000000","sourceKey":"relation:12619403"}},{"type":"Feature","geometry":{"type":"LineString","coordinates":[[113.9394945,22.3170519],[113.9388144,22.3188792],[113.9386162,22.3192023],[113.9351041,22.323789],[113.9347296,22.3242145],[113.9342735,22.3245554],[113.9337939,22.3248563],[113.9333212,22.3250446],[113.9273166,22.326769],[113.9267668,22.326885],[113.926276,22.3269716],[113.9258085,22.3270229],[113.9253388,22.3270613],[113.9247799,22.3270731],[113.9243163,22.3270471],[113.9238367,22.3270006],[113.9234743,22.326941],[113.9230848,22.3268781],[113.9225507,22.3267519],[113.9219721,22.326595],[113.9212759,22.3263881],[113.9207892,22.3262689],[113.9201919,22.3261849],[113.9197987,22.3260948],[113.9142067,22.3243056]]},"properties":{"key":"relation:17581553@detail:455_89","osmType":"relation","osmId":17581553,"sourceRegion":"shenzhen","featureType":"service","railClass":"light_rail","mode":"light_rail","name":"APM T2: from concourse","operator":"香港鐵路有限公司 MTR Corporation Limited","status":"operational","color":"#d94c4c","sourceKey":"relation:17581553"}},{"type":"Feature","geometry":{"type":"Point","coordinates":[113.9179579,22.3100016]},"properties":{"key":"node:3961981070","osmType":"node","osmId":3961981070,"sourceRegion":"hongkong","featureType":"station","railClass":"light_rail","mode":"light_rail","name":"T1 中场客运廊","nameEn":"T1 Midfield Concourse","operator":"香港鐵路有限公司 MTR Corporation Limited","status":"operational","color":"#126d75","sourceKey":"node:3961981070","stationGroup":"t1中场客运廊","hasOperationalRail":true,"hasConstructionRail":false}},{"type":"Feature","geometry":{"type":"Point","coordinates":[113.943565,22.3181928]},"properties":{"key":"node:5009068588","osmType":"node","osmId":5009068588,"sourceRegion":"hongkong","featureType":"station","railClass":"light_rail","mode":"light_rail","name":"海天客运码头","nameEn":"SkyPier","operator":"香港鐵路有限公司 MTR Corporation Limited","status":"operational","color":"#126d75","sourceKey":"node:5009068588","stationGroup":"海天客运码头","hasOperationalRail":true,"hasConstructionRail":false}},{"type":"Feature","geometry":{"type":"Point","coordinates":[113.9337052,22.3149993]},"properties":{"key":"node:5009068591","osmType":"node","osmId":5009068591,"sourceRegion":"hongkong","featureType":"station","railClass":"light_rail","mode":"light_rail","name":"T1 东大堂","nameEn":"T1 East Hall","operator":"香港鐵路有限公司 MTR Corporation Limited","status":"operational","color":"#126d75","sourceKey":"node:5009068591","stationGroup":"t1东大堂","hasOperationalRail":true,"hasConstructionRail":false}},{"type":"Feature","geometry":{"type":"Point","coordinates":[113.9379243,22.3163615]},"properties":{"key":"node:5009068597","osmType":"node","osmId":5009068597,"sourceRegion":"hongkong","featureType":"station","railClass":"light_rail","mode":"station","name":"二號客運大樓","nameEn":"Terminal 2","operator":"香港鐵路有限公司 MTR Corporation Limited","status":"operational","color":"#126d75","sourceKey":"node:5009068597","stationGroup":"二號客運大樓","hasOperationalRail":true,"hasConstructionRail":false}},{"type":"Feature","geometry":{"type":"Point","coordinates":[113.9271445,22.312925]},"properties":{"key":"node:5009068598","osmType":"node","osmId":5009068598,"sourceRegion":"hongkong","featureType":"station","railClass":"light_rail","mode":"light_rail","name":"T1 西大堂","nameEn":"T1 West Hall","operator":"香港鐵路有限公司 MTR Corporation Limited","status":"operational","color":"#126d75","sourceKey":"node:5009068598","stationGroup":"t1西大堂","hasOperationalRail":true,"hasConstructionRail":false}},{"type":"Feature","geometry":{"type":"Point","coordinates":[113.9413739,22.2892449]},"properties":{"key":"node:6610342222","osmType":"node","osmId":6610342222,"sourceRegion":"hongkong","featureType":"station","railClass":"metro","mode":"subway","name":"东涌","nameEn":"Tung Chung","ref":"TUC","operator":"香港鐵路有限公司 MTR Corporation Limited","network":"港鐵 MTR","status":"operational","color":"#126d75","sourceKey":"node:6610342222","stationGroup":"东涌","hasOperationalRail":true,"hasConstructionRail":false}},{"type":"Feature","geometry":{"type":"LineString","coordinates":[[113.9621015,22.2977556],[113.9606054,22.2974052],[113.9598661,22.2972078],[113.95929,22.297029],[113.9589063,22.2968932],[113.958356,22.2966778],[113.9577523,22.2964136],[113.9570502,22.2960676],[113.9567732,22.2959244],[113.9564667,22.295752],[113.955967,22.2954479],[113.9555225,22.2951453],[113.9551139,22.2948525],[113.9547237,22.2945616],[113.9543518,22.2942559],[113.9538329,22.2937875],[113.9534013,22.293381],[113.9521216,22.2921244],[113.9517869,22.2918371],[113.9513431,22.2914993],[113.950961,22.2912366],[113.9505793,22.2910064],[113.9501297,22.290758],[113.9498803,22.2906308],[113.9496067,22.2905068],[113.9493593,22.2904096],[113.9490341,22.2902903],[113.9486736,22.2901746],[113.9483587,22.2900828],[113.948036,22.2900043]]},"properties":{"key":"way:4959070@detail:455_89","osmType":"way","osmId":4959070,"sourceRegion":"hongkong","featureType":"infrastructure","railClass":"metro","mode":"subway","name":"港铁机场快线","nameEn":"MTR Airport Express","operator":"香港鐵路有限公司 MTR Corporation Limited","network":"港鐵 MTR","usage":"main","status":"operational","color":"#52636f","sourceKey":"way:4959070"}},{"type":"Feature","geometry":{"type":"LineString","coordinates":[[113.9396344,22.292332],[113.9394507,22.2925066],[113.9392262,22.2927269],[113.9390521,22.292902],[113.9389017,22.2930672],[113.9387585,22.2932289],[113.9385966,22.2934211],[113.9384532,22.2935981],[113.9383234,22.2937659],[113.9381989,22.293934],[113.9380658,22.2941224],[113.9379285,22.2943244],[113.9378402,22.2944624],[113.9377439,22.2946172]]},"properties":{"key":"way:4959071@detail:455_89","osmType":"way","osmId":4959071,"sourceRegion":"hongkong","featureType":"infrastructure","railClass":"metro","mode":"subway","name":"港铁机场快线","nameEn":"MTR Airport Express","operator":"香港鐵路有限公司 MTR Corporation Limited","network":"港鐵 MTR","usage":"main","bridge":"yes","status":"operational","color":"#52636f","sourceKey":"way:4959071"}},{"type":"Feature","geometry":{"type":"LineString","coordinates":[[113.9413221,22.289278],[113.9417914,22.2896088],[113.942013,22.2897617],[113.9422523,22.2899255],[113.9425317,22.2901235],[113.9426785,22.2902346]]},"properties":{"key":"way:26321721@detail:455_89","osmType":"way","osmId":26321721,"sourceRegion":"hongkong","featureType":"infrastructure","railClass":"metro","mode":"subway","name":"港铁东涌线","nameEn":"MTR Tung Chung Line","operator":"香港鐵路有限公司 MTR Corporation Limited","network":"港鐵 MTR","usage":"main","tunnel":"yes","status":"operational","color":"#52636f","sourceKey":"way:26321721"}},{"type":"Feature","geometry":{"type":"LineString","coordinates":[[113.9675961,22.2990472],[113.9672199,22.2989563],[113.9665955,22.2987927],[113.9660725,22.2986551],[113.9653968,22.298474],[113.964756,22.2982855],[113.9643268,22.2981758],[113.9640789,22.29812],[113.963873,22.2980761],[113.9635554,22.2980187],[113.9632054,22.2979725],[113.9629299,22.2979444],[113.9626165,22.2979136],[113.9624585,22.2979032],[113.961586,22.2978143],[113.961116,22.2977503],[113.9607877,22.2976896],[113.9603664,22.2975935],[113.9600435,22.2974966],[113.9597324,22.2973961],[113.9591539,22.2971786],[113.9581918,22.296783],[113.9577271,22.2965822],[113.9573328,22.2963969],[113.9569178,22.2961828],[113.9565268,22.295964],[113.9561478,22.2957337],[113.9556762,22.2954341],[113.9553363,22.2952138],[113.9550823,22.2950407],[113.9544507,22.2946057],[113.9539941,22.2942949],[113.953503,22.2939904]]},"properties":{"key":"way:26321741@detail:455_89","osmType":"way","osmId":26321741,"sourceRegion":"hongkong","featureType":"infrastructure","railClass":"metro","mode":"subway","name":"港铁东涌线","nameEn":"MTR Tung Chung Line","operator":"香港鐵路有限公司 MTR Corporation Limited","network":"港鐵 MTR","usage":"main","status":"operational","color":"#52636f","sourceKey":"way:26321741"}},{"type":"Feature","geometry":{"type":"LineString","coordinates":[[113.9377439,22.2946172],[113.9376531,22.2947685],[113.9375334,22.2949779],[113.9374532,22.295125],[113.9373221,22.295377],[113.9371733,22.2956859],[113.9370158,22.2960459],[113.9368825,22.2963831],[113.9367344,22.2968031],[113.9366133,22.2971957],[113.9365218,22.2975246],[113.9364338,22.2978792],[113.9363636,22.2981913],[113.9363037,22.298506],[113.9362358,22.2989167],[113.9361774,22.2993536],[113.9361385,22.2997617],[113.9361164,22.300088],[113.936108,22.3002922],[113.9361049,22.3005197],[113.9361073,22.3007441],[113.9361179,22.300973],[113.9361328,22.3011967],[113.9361534,22.3014091],[113.9361973,22.3017374],[113.9362364,22.301959],[113.9362576,22.3020671],[113.9363037,22.3022738],[113.9363381,22.3024087],[113.9363878,22.3025959],[113.9364441,22.3027855],[113.9364896,22.302932],[113.9365322,22.3030624],[113.9365866,22.303221],[113.9366496,22.3033959],[113.9367045,22.3035431],[113.93777,22.3063472],[113.9378366,22.3065338],[113.9378939,22.3066989],[113.9379508,22.3068707],[113.938019,22.3070925],[113.9380829,22.307322],[113.9381381,22.3075446],[113.9381828,22.3077451],[113.9382197,22.3079313],[113.9382565,22.3081391],[113.9382855,22.3083358],[113.9383127,22.3085598],[113.9383314,22.3087858],[113.9383455,22.309015],[113.9383546,22.309231],[113.9383586,22.3094483],[113.9383604,22.3096478],[113.9383569,22.3098173],[113.9383511,22.3099657],[113.9383407,22.3101216]]},"properties":{"key":"way:35927225@detail:455_89","osmType":"way","osmId":35927225,"sourceRegion":"hongkong","featureType":"infrastructure","railClass":"metro","mode":"subway","name":"港铁机场快线","nameEn":"MTR Airport Express","operator":"香港鐵路有限公司 MTR Corporation Limited","network":"港鐵 MTR","usage":"main","status":"operational","color":"#52636f","sourceKey":"way:35927225"}},{"type":"Feature","geometry":{"type":"LineString","coordinates":[[113.9383407,22.3101216],[113.9383245,22.3103359],[113.9382866,22.3106606],[113.9382525,22.3108928],[113.9381986,22.3111752],[113.9381497,22.3114017],[113.9380964,22.3116129],[113.9380299,22.3118373],[113.9379566,22.3120735],[113.9378952,22.3122637],[113.9378472,22.3123984],[113.937725,22.3127351]]},"properties":{"key":"way:87201322@detail:455_89","osmType":"way","osmId":87201322,"sourceRegion":"hongkong","featureType":"infrastructure","railClass":"metro","mode":"subway","name":"港铁机场快线","nameEn":"MTR Airport Express","operator":"香港鐵路有限公司 MTR Corporation Limited","network":"港鐵 MTR","usage":"main","bridge":"yes","status":"operational","color":"#52636f","sourceKey":"way:87201322"}},{"type":"Feature","geometry":{"type":"LineString","coordinates":[[113.9766153,22.3030806],[113.9771196,22.3033734],[113.977589,22.3036489]]},"properties":{"key":"way:158136751@detail:455_89","osmType":"way","osmId":158136751,"sourceRegion":"hongkong","featureType":"infrastructure","railClass":"metro","mode":"subway","name":"未命名","operator":"香港鐵路有限公司 MTR Corporation","network":"MTR","service":"yard","status":"operational","color":"#52636f","sourceKey":"way:158136751"}},{"type":"Feature","geometry":{"type":"LineString","coordinates":[[113.9799631,22.3057766],[113.9801562,22.3058834],[113.9803494,22.3059801],[113.9806652,22.3061491],[113.9808456,22.3062456],[113.982833,22.3073956]]},"properties":{"key":"way:219993704@detail:455_89","osmType":"way","osmId":219993704,"sourceRegion":"hongkong","featureType":"infrastructure","railClass":"metro","mode":"subway","name":"未命名","operator":"香港鐵路有限公司 MTR Corporation","network":"MTR","service":"yard","status":"operational","color":"#52636f","sourceKey":"way:219993704"}},{"type":"Feature","geometry":{"type":"LineString","coordinates":[[113.9898766,22.3109282],[113.9894448,22.3108289],[113.9889726,22.310757],[113.9887179,22.3107247],[113.9867893,22.3105386]]},"properties":{"key":"way:219993707@detail:455_89","osmType":"way","osmId":219993707,"sourceRegion":"hongkong","featureType":"infrastructure","railClass":"metro","mode":"subway","name":"未命名","operator":"香港鐵路有限公司 MTR Corporation","network":"MTR","service":"yard","status":"operational","color":"#52636f","sourceKey":"way:219993707"}},{"type":"Feature","geometry":{"type":"LineString","coordinates":[[113.9787642,22.3048064],[113.9796091,22.3060298],[113.979762,22.3062308],[113.9799524,22.3063896],[113.9801348,22.3065087],[113.9803517,22.3066366],[113.9804204,22.3066772]]},"properties":{"key":"way:219993711@detail:455_89","osmType":"way","osmId":219993711,"sourceRegion":"hongkong","featureType":"infrastructure","railClass":"metro","mode":"subway","name":"未命名","operator":"香港鐵路有限公司 MTR Corporation","network":"MTR","service":"yard","status":"operational","color":"#52636f","sourceKey":"way:219993711"}},{"type":"Feature","geometry":{"type":"LineString","coordinates":[[113.9845961,22.3093787],[113.9846717,22.3094202],[113.9849628,22.3095783],[113.9851183,22.3096403],[113.9852256,22.3096676],[113.985526,22.3097197],[113.9859069,22.309742],[113.986328,22.3097271],[113.9865901,22.3097309],[113.9868564,22.3097644],[113.9874389,22.309844],[113.9877767,22.3098864],[113.9880352,22.3099348],[113.9882506,22.3099892],[113.9884333,22.3100521],[113.9885619,22.3100982]]},"properties":{"key":"way:219993713@detail:455_89","osmType":"way","osmId":219993713,"sourceRegion":"hongkong","featureType":"infrastructure","railClass":"metro","mode":"subway","name":"未命名","operator":"香港鐵路有限公司 MTR Corporation","network":"MTR","service":"yard","status":"operational","color":"#52636f","sourceKey":"way:219993713"}},{"type":"Feature","geometry":{"type":"LineString","coordinates":[[113.9901743,22.3110249],[113.9900214,22.3110001],[113.9894152,22.3109331],[113.9889512,22.310876],[113.9886669,22.3108388],[113.9879347,22.3107569],[113.9867786,22.3106428]]},"properties":{"key":"way:219993720@detail:455_89","osmType":"way","osmId":219993720,"sourceRegion":"hongkong","featureType":"infrastructure","railClass":"metro","mode":"subway","name":"未命名","operator":"香港鐵路有限公司 MTR Corporation","network":"MTR","service":"yard","status":"operational","color":"#52636f","sourceKey":"way:219993720"}},{"type":"Feature","geometry":{"type":"LineString","coordinates":[[113.9906651,22.3111862],[113.9904586,22.3111515],[113.989544,22.3110597],[113.9889432,22.31101],[113.9886588,22.3109703],[113.9882002,22.3109133],[113.9879803,22.3108959],[113.987527,22.3108511]]},"properties":{"key":"way:219993722@detail:455_89","osmType":"way","osmId":219993722,"sourceRegion":"hongkong","featureType":"infrastructure","railClass":"metro","mode":"subway","name":"未命名","operator":"香港鐵路有限公司 MTR Corporation","network":"MTR","service":"yard","status":"operational","color":"#52636f","sourceKey":"way:219993722"}},{"type":"Feature","geometry":{"type":"LineString","coordinates":[[113.9797727,22.3057345],[113.9799685,22.3059255],[113.9801682,22.3061145],[113.9803762,22.306245],[113.9805423,22.3063402],[113.9827084,22.3075818]]},"properties":{"key":"way:219993727@detail:455_89","osmType":"way","osmId":219993727,"sourceRegion":"hongkong","featureType":"infrastructure","railClass":"metro","mode":"subway","name":"未命名","operator":"香港鐵路有限公司 MTR Corporation","network":"MTR","service":"yard","status":"operational","color":"#52636f","sourceKey":"way:219993727"}},{"type":"Feature","geometry":{"type":"LineString","coordinates":[[113.9845528,22.3094434],[113.9846305,22.3094815],[113.9846512,22.3094894],[113.9849038,22.3095882],[113.9851183,22.3096403]]},"properties":{"key":"way:219993736@detail:455_89","osmType":"way","osmId":219993736,"sourceRegion":"hongkong","featureType":"infrastructure","railClass":"metro","mode":"subway","name":"未命名","operator":"香港鐵路有限公司 MTR Corporation","network":"MTR","service":"yard","status":"operational","color":"#52636f","sourceKey":"way:219993736"}},{"type":"Feature","geometry":{"type":"LineString","coordinates":[[113.9383946,22.3101292],[113.9384059,22.3099495],[113.9384135,22.3097813],[113.9384182,22.3095947],[113.9384176,22.3093762],[113.9384105,22.3091269],[113.9383987,22.3088996],[113.9383793,22.3086592],[113.9383523,22.3084098],[113.9383082,22.3081133],[113.9382613,22.3078561],[113.938213,22.3076255],[113.9381635,22.3074193],[113.9380991,22.3071868],[113.938033,22.30697],[113.937956,22.3067354],[113.9378634,22.3064733],[113.9377508,22.3061709],[113.9368364,22.3037727],[113.9367054,22.3034217],[113.9366318,22.3032188],[113.9365487,22.3029753],[113.9364972,22.3028188],[113.9364205,22.3025591],[113.936357,22.3023065],[113.9363125,22.3021094],[113.9362492,22.3017862],[113.9362041,22.3014569],[113.9361836,22.3012674],[113.9361703,22.3011182],[113.9361508,22.3007789],[113.9361479,22.3006305],[113.9361482,22.3004604],[113.9361527,22.3002736],[113.9361657,22.3000182],[113.9361853,22.2997431],[113.9362123,22.2994617],[113.9362556,22.2990972],[113.9362986,22.2987997],[113.9363598,22.2984447],[113.9364399,22.2980558],[113.9365157,22.297729],[113.9365948,22.2974267],[113.936681,22.2971232],[113.9367827,22.2967995],[113.9369024,22.2964566],[113.9370026,22.2961952],[113.9371052,22.2959484],[113.9371969,22.2957398],[113.937276,22.2955708],[113.9374002,22.2953196],[113.9374934,22.2951428],[113.9375622,22.2950169],[113.9376776,22.294814],[113.9377835,22.2946384]]},"properties":{"key":"way:219993738@detail:455_89","osmType":"way","osmId":219993738,"sourceRegion":"hongkong","featureType":"infrastructure","railClass":"metro","mode":"subway","name":"港铁机场快线","nameEn":"MTR Airport Express","operator":"香港鐵路有限公司 MTR Corporation Limited","network":"港鐵 MTR","usage":"main","status":"operational","color":"#52636f","sourceKey":"way:219993738"}},{"type":"Feature","geometry":{"type":"LineString","coordinates":[[113.9778925,22.3038857],[113.9780573,22.3040279],[113.9782857,22.3042586],[113.9787311,22.3046862]]},"properties":{"key":"way:219993741@detail:455_89","osmType":"way","osmId":219993741,"sourceRegion":"hongkong","featureType":"infrastructure","railClass":"metro","mode":"subway","name":"未命名","operator":"香港鐵路有限公司 MTR Corporation","network":"MTR","service":"yard","status":"operational","color":"#52636f","sourceKey":"way:219993741"}},{"type":"Feature","geometry":{"type":"LineString","coordinates":[[113.9400216,22.2920458],[113.9401419,22.2919465],[113.9404192,22.2917327],[113.9407938,22.2914641],[113.9412494,22.291164]]},"properties":{"key":"way:219993744@detail:455_89","osmType":"way","osmId":219993744,"sourceRegion":"hongkong","featureType":"infrastructure","railClass":"metro","mode":"subway","name":"港铁机场快线","nameEn":"MTR Airport Express","operator":"香港鐵路有限公司 MTR Corporation Limited","network":"港鐵 MTR","usage":"main","status":"operational","color":"#52636f","sourceKey":"way:219993744"}},{"type":"Feature","geometry":{"type":"LineString","coordinates":[[113.9827831,22.30774],[113.9848877,22.3089529],[113.9849585,22.3089929],[113.9853275,22.3092011],[113.9855609,22.3093301],[113.9856682,22.3093847],[113.9858613,22.3094914],[113.9860868,22.3095596],[113.9864207,22.3096076],[113.9866284,22.3096426],[113.986894,22.3096874],[113.9871461,22.3097693],[113.9874389,22.309844]]},"properties":{"key":"way:219993747@detail:455_89","osmType":"way","osmId":219993747,"sourceRegion":"hongkong","featureType":"infrastructure","railClass":"metro","mode":"subway","name":"未命名","operator":"香港鐵路有限公司 MTR Corporation","network":"MTR","service":"yard","status":"operational","color":"#52636f","sourceKey":"way:219993747"}},{"type":"Feature","geometry":{"type":"LineString","coordinates":[[113.967926,22.2992204],[113.9682331,22.2993003],[113.9688396,22.2994575],[113.9696389,22.2996535],[113.9700251,22.2997478],[113.9707158,22.2999432],[113.971031,22.3000318],[113.9712594,22.3001011]]},"properties":{"key":"way:219993752@detail:455_89","osmType":"way","osmId":219993752,"sourceRegion":"hongkong","featureType":"infrastructure","railClass":"metro","mode":"subway","name":"港铁机场快线","nameEn":"MTR Airport Express","operator":"香港鐵路有限公司 MTR Corporation Limited","network":"港鐵 MTR","usage":"main","status":"operational","color":"#52636f","sourceKey":"way:219993752"}},{"type":"Feature","geometry":{"type":"LineString","coordinates":[[113.968128,22.2993201],[113.9686892,22.299477],[113.9694243,22.2997056],[113.9706494,22.300078],[113.9709148,22.300186],[113.9711566,22.3002987],[113.9718195,22.3006214],[113.9724499,22.3009365],[113.9734101,22.3013882],[113.9741933,22.3017678],[113.9748585,22.3021078],[113.975588,22.3024999],[113.9756451,22.3025325],[113.9756959,22.3025616],[113.9759661,22.3027161],[113.9763605,22.3029416],[113.9766153,22.3030806]]},"properties":{"key":"way:219993756@detail:455_89","osmType":"way","osmId":219993756,"sourceRegion":"hongkong","featureType":"infrastructure","railClass":"metro","mode":"subway","name":"未命名","operator":"香港鐵路有限公司 MTR Corporation","network":"MTR","service":"yard","status":"operational","color":"#52636f","sourceKey":"way:219993756"}},{"type":"Feature","geometry":{"type":"LineString","coordinates":[[113.9829253,22.3075274],[113.9850996,22.3087828],[113.9857137,22.3091374],[113.9859015,22.3092879],[113.9861912,22.3094914],[113.9864058,22.3095832],[113.9866284,22.3096426]]},"properties":{"key":"way:219993760@detail:455_89","osmType":"way","osmId":219993760,"sourceRegion":"hongkong","featureType":"infrastructure","railClass":"metro","mode":"subway","name":"未命名","operator":"香港鐵路有限公司 MTR Corporation","network":"MTR","service":"yard","status":"operational","color":"#52636f","sourceKey":"way:219993760"}},{"type":"Feature","geometry":{"type":"LineString","coordinates":[[113.9720364,22.3003856],[113.9722314,22.3004668],[113.9726959,22.3006766],[113.9730813,22.3008656],[113.973453,22.301073],[113.9742979,22.3015495],[113.9752498,22.3020863],[113.9759623,22.3024887],[113.9766969,22.3029145],[113.9774066,22.3033263],[113.97753,22.3033982]]},"properties":{"key":"way:219993763@detail:455_89","osmType":"way","osmId":219993763,"sourceRegion":"hongkong","featureType":"infrastructure","railClass":"metro","mode":"subway","name":"港铁机场快线","nameEn":"MTR Airport Express","operator":"香港鐵路有限公司 MTR Corporation Limited","network":"港鐵 MTR","usage":"main","status":"operational","color":"#52636f","sourceKey":"way:219993763"}},{"type":"Feature","geometry":{"type":"LineString","coordinates":[[113.9848195,22.3090447],[113.9848948,22.3090879],[113.9854041,22.30938],[113.9855543,22.3094441],[113.9857783,22.3095065],[113.9859042,22.3095333]]},"properties":{"key":"way:219993765@detail:455_89","osmType":"way","osmId":219993765,"sourceRegion":"hongkong","featureType":"infrastructure","railClass":"metro","mode":"subway","name":"未命名","operator":"香港鐵路有限公司 MTR Corporation","network":"MTR","service":"yard","status":"operational","color":"#52636f","sourceKey":"way:219993765"}},{"type":"Feature","geometry":{"type":"LineString","coordinates":[[113.9827641,22.3077684],[113.9848716,22.3089852],[113.9849387,22.3090225],[113.9849789,22.3090447],[113.9851854,22.3091465],[113.9853275,22.3092011]]},"properties":{"key":"way:219993770@detail:455_89","osmType":"way","osmId":219993770,"sourceRegion":"hongkong","featureType":"infrastructure","railClass":"metro","mode":"subway","name":"未命名","operator":"香港鐵路有限公司 MTR Corporation","network":"MTR","service":"yard","status":"operational","color":"#52636f","sourceKey":"way:219993770"}},{"type":"Feature","geometry":{"type":"LineString","coordinates":[[113.9707692,22.2998982],[113.9699193,22.2996772],[113.9683647,22.2992914],[113.9679348,22.2991753]]},"properties":{"key":"way:219993778@detail:455_89","osmType":"way","osmId":219993778,"sourceRegion":"hongkong","featureType":"infrastructure","railClass":"metro","mode":"subway","name":"港铁机场快线","nameEn":"MTR Airport Express","operator":"香港鐵路有限公司 MTR Corporation Limited","network":"港鐵 MTR","usage":"main","status":"operational","color":"#52636f","sourceKey":"way:219993778"}},{"type":"Feature","geometry":{"type":"LineString","coordinates":[[113.977589,22.3036489],[113.9778925,22.3038857]]},"properties":{"key":"way:219993780@detail:455_89","osmType":"way","osmId":219993780,"sourceRegion":"hongkong","featureType":"infrastructure","railClass":"metro","mode":"subway","name":"未命名","operator":"香港鐵路有限公司 MTR Corporation","network":"MTR","service":"yard","status":"operational","color":"#52636f","sourceKey":"way:219993780"}},{"type":"Feature","geometry":{"type":"LineString","coordinates":[[113.9799685,22.3059255],[113.9802018,22.3060943],[113.9804271,22.3062283],[113.9805637,22.3063069],[113.982728,22.3075525]]},"properties":{"key":"way:219993785@detail:455_89","osmType":"way","osmId":219993785,"sourceRegion":"hongkong","featureType":"infrastructure","railClass":"metro","mode":"subway","name":"未命名","operator":"香港鐵路有限公司 MTR Corporation","network":"MTR","service":"yard","status":"operational","color":"#52636f","sourceKey":"way:219993785"}},{"type":"Feature","geometry":{"type":"LineString","coordinates":[[113.9775487,22.3034677],[113.9779779,22.3037059]]},"properties":{"key":"way:219993786@detail:455_89","osmType":"way","osmId":219993786,"sourceRegion":"hongkong","featureType":"infrastructure","railClass":"metro","mode":"subway","name":"港铁东涌线","nameEn":"MTR Tung Chung Line","operator":"香港鐵路有限公司 MTR Corporation Limited","network":"港鐵 MTR","usage":"main","status":"operational","color":"#52636f","sourceKey":"way:219993786"}},{"type":"Feature","geometry":{"type":"LineString","coordinates":[[113.9964583,22.31574],[113.9960296,22.3152135],[113.9957104,22.314809],[113.9954153,22.3145013],[113.9948543,22.3140164],[113.9943903,22.3136392],[113.9937845,22.3131398],[113.9936934,22.3130646],[113.9930626,22.3125499],[113.9924994,22.3121032],[113.9920948,22.3118314],[113.9915633,22.3115399],[113.9913997,22.3114481],[113.9910487,22.3113128],[113.990936,22.311278],[113.9906651,22.3111862],[113.9903916,22.3110969],[113.9901743,22.3110249],[113.9898766,22.3109282],[113.9896806,22.310825],[113.989516,22.3107211],[113.9892964,22.3106296],[113.9890424,22.3105608],[113.9887758,22.3105118],[113.9884073,22.3104758],[113.9875574,22.3103836]]},"properties":{"key":"way:219993787@detail:455_89","osmType":"way","osmId":219993787,"sourceRegion":"hongkong","featureType":"infrastructure","railClass":"metro","mode":"subway","name":"未命名","operator":"香港鐵路有限公司 MTR Corporation","network":"MTR","service":"yard","status":"operational","color":"#52636f","sourceKey":"way:219993787"}},{"type":"Feature","geometry":{"type":"LineString","coordinates":[[113.97753,22.3033982],[113.9780154,22.3036687]]},"properties":{"key":"way:219993789@detail:455_89","osmType":"way","osmId":219993789,"sourceRegion":"hongkong","featureType":"infrastructure","railClass":"metro","mode":"subway","name":"港铁机场快线","nameEn":"MTR Airport Express","operator":"香港鐵路有限公司 MTR Corporation Limited","network":"港鐵 MTR","usage":"main","status":"operational","color":"#52636f","sourceKey":"way:219993789"}},{"type":"Feature","geometry":{"type":"LineString","coordinates":[[113.9620526,22.297791],[113.9631859,22.2980739]]},"properties":{"key":"way:219993797@detail:455_89","osmType":"way","osmId":219993797,"sourceRegion":"hongkong","featureType":"infrastructure","railClass":"metro","mode":"subway","name":"港鐵機場快綫","nameEn":"MTR Airport Express","operator":"香港鐵路有限公司 MTR Corporation Limited","network":"港鐵 MTR","usage":"main","tunnel":"yes","status":"operational","color":"#52636f","sourceKey":"way:219993797"}},{"type":"Feature","geometry":{"type":"LineString","coordinates":[[113.9801682,22.3061145],[113.9803708,22.3062928],[113.9805107,22.3063893],[113.9805291,22.306402],[113.9826732,22.3076344]]},"properties":{"key":"way:219993801@detail:455_89","osmType":"way","osmId":219993801,"sourceRegion":"hongkong","featureType":"infrastructure","railClass":"metro","mode":"subway","name":"未命名","operator":"香港鐵路有限公司 MTR Corporation","network":"MTR","service":"yard","status":"operational","color":"#52636f","sourceKey":"way:219993801"}},{"type":"Feature","geometry":{"type":"LineString","coordinates":[[113.9884872,22.3110597],[113.9883343,22.3110696],[113.9881036,22.3110721],[113.9879695,22.3110597],[113.9875082,22.311015]]},"properties":{"key":"way:219993804@detail:455_89","osmType":"way","osmId":219993804,"sourceRegion":"hongkong","featureType":"infrastructure","railClass":"metro","mode":"subway","name":"未命名","operator":"香港鐵路有限公司 MTR Corporation","network":"MTR","service":"yard","status":"operational","color":"#52636f","sourceKey":"way:219993804"}},{"type":"Feature","geometry":{"type":"LineString","coordinates":[[113.9788531,22.3047121],[113.9789093,22.3047632],[113.9792845,22.3051339],[113.9793772,22.3052243],[113.9795286,22.3053895],[113.9799631,22.3057766],[113.980073,22.305864],[113.9802313,22.3059901],[113.9803545,22.3060799],[113.9806088,22.3062369],[113.9806551,22.3062655],[113.9827754,22.3074816]]},"properties":{"key":"way:219993806@detail:455_89","osmType":"way","osmId":219993806,"sourceRegion":"hongkong","featureType":"infrastructure","railClass":"metro","mode":"subway","name":"未命名","operator":"香港鐵路有限公司 MTR Corporation","network":"MTR","service":"yard","status":"operational","color":"#52636f","sourceKey":"way:219993806"}},{"type":"Feature","geometry":{"type":"LineString","coordinates":[[113.9803573,22.3049147],[113.9796038,22.3044773],[113.9786052,22.3039015],[113.9781092,22.3036225]]},"properties":{"key":"way:219993808@detail:455_89","osmType":"way","osmId":219993808,"sourceRegion":"hongkong","featureType":"infrastructure","railClass":"metro","mode":"subway","name":"港铁东涌线","nameEn":"MTR Tung Chung Line","operator":"香港鐵路有限公司 MTR Corporation Limited","network":"港鐵 MTR","usage":"main","tunnel":"no","status":"operational","color":"#52636f","sourceKey":"way:219993808"}},{"type":"Feature","geometry":{"type":"LineString","coordinates":[[113.9847624,22.3091301],[113.9848379,22.3091726],[113.9848843,22.3091964],[113.9851103,22.3093177],[113.9853195,22.3094194],[113.9854563,22.3094691],[113.985746,22.3095187],[113.9859042,22.3095333],[113.9860868,22.3095596]]},"properties":{"key":"way:219993811@detail:455_89","osmType":"way","osmId":219993811,"sourceRegion":"hongkong","featureType":"infrastructure","railClass":"metro","mode":"subway","name":"未命名","operator":"香港鐵路有限公司 MTR Corporation","network":"MTR","service":"yard","status":"operational","color":"#52636f","sourceKey":"way:219993811"}},{"type":"Feature","geometry":{"type":"LineString","coordinates":[[113.990936,22.311278],[113.9905954,22.3112334],[113.9895279,22.3111068],[113.9889324,22.3110473],[113.9886964,22.311015],[113.9882369,22.3109657],[113.9879796,22.3109358],[113.9875216,22.3108884]]},"properties":{"key":"way:219993815@detail:455_89","osmType":"way","osmId":219993815,"sourceRegion":"hongkong","featureType":"infrastructure","railClass":"metro","mode":"subway","name":"未命名","operator":"香港鐵路有限公司 MTR Corporation","network":"MTR","service":"yard","status":"operational","color":"#52636f","sourceKey":"way:219993815"}},{"type":"Feature","geometry":{"type":"LineString","coordinates":[[113.9805651,22.3050868],[113.9806509,22.3051323],[113.9811483,22.3053959],[113.9817786,22.3057358],[113.9824844,22.3061191],[113.9832726,22.3065398],[113.9839878,22.3069494],[113.9847666,22.3074108],[113.985421,22.3077756],[113.9864617,22.3083588],[113.9873629,22.3088898],[113.9875656,22.3090034],[113.9883209,22.3094269],[113.9891332,22.3098948],[113.9902919,22.3105598],[113.9909625,22.3109518],[113.9915154,22.3112681],[113.9926228,22.3119171],[113.993076,22.3122149],[113.993693,22.3126715],[113.9943392,22.31321],[113.994629,22.3134878]]},"properties":{"key":"way:219993851@detail:455_89","osmType":"way","osmId":219993851,"sourceRegion":"hongkong","featureType":"infrastructure","railClass":"metro","mode":"subway","name":"大屿山及机场铁路","nameEn":"Lantau and Airport Railway","ref":"LAR","operator":"香港鐵路有限公司 MTR Corporation Limited","network":"港鐵 MTR","usage":"main","status":"operational","color":"#52636f","sourceKey":"way:219993851"}},{"type":"Feature","geometry":{"type":"LineString","coordinates":[[113.942715,22.2901998],[113.9425822,22.2900766],[113.9423305,22.2898424],[113.9421007,22.289656],[113.9418886,22.2895023],[113.9414054,22.2891578]]},"properties":{"key":"way:219993865@detail:455_89","osmType":"way","osmId":219993865,"sourceRegion":"hongkong","featureType":"infrastructure","railClass":"metro","mode":"subway","name":"港铁东涌线","nameEn":"MTR Tung Chung Line","operator":"香港鐵路有限公司 MTR Corporation Limited","network":"港鐵 MTR","usage":"main","tunnel":"yes","status":"operational","color":"#52636f","sourceKey":"way:219993865"}},{"type":"Feature","geometry":{"type":"LineString","coordinates":[[113.9762869,22.3028446],[113.9760307,22.3026975],[113.9746736,22.3019167],[113.9740954,22.3015891],[113.9739237,22.3014981],[113.9737166,22.301393],[113.9728862,22.300981],[113.9726549,22.3008657],[113.9724528,22.3007582],[113.9723011,22.3006692],[113.9721523,22.3005776],[113.9718461,22.300381],[113.9715574,22.300195],[113.9712941,22.3000297],[113.971054,22.2998959],[113.970944,22.2998386],[113.9707537,22.29975],[113.9705453,22.2996623],[113.9703844,22.2996029],[113.9702789,22.2995683],[113.9701433,22.2995259],[113.970009,22.2994873],[113.9698546,22.299449],[113.9697359,22.2994235],[113.9696007,22.2993982],[113.9694494,22.2993735],[113.9693018,22.2993518],[113.9689637,22.2993058],[113.9687014,22.2992676],[113.9685559,22.299245],[113.9682852,22.2991977],[113.9680336,22.2991514]]},"properties":{"key":"way:219993872@detail:455_89","osmType":"way","osmId":219993872,"sourceRegion":"hongkong","featureType":"infrastructure","railClass":"metro","mode":"subway","name":"未命名","operator":"香港鐵路有限公司 MTR Corporation","network":"MTR","service":"yard","status":"operational","color":"#52636f","sourceKey":"way:219993872"}},{"type":"Feature","geometry":{"type":"LineString","coordinates":[[113.9781092,22.3036225],[113.9774972,22.3032781]]},"properties":{"key":"way:219993881@detail:455_89","osmType":"way","osmId":219993881,"sourceRegion":"hongkong","featureType":"infrastructure","railClass":"metro","mode":"subway","name":"港铁东涌线","nameEn":"MTR Tung Chung Line","operator":"香港鐵路有限公司 MTR Corporation Limited","network":"港鐵 MTR","usage":"main","status":"operational","color":"#52636f","sourceKey":"way:219993881"}},{"type":"Feature","geometry":{"type":"LineString","coordinates":[[113.9797481,22.3059048],[113.9798183,22.3060521],[113.979939,22.3062432],[113.9800731,22.3063945],[113.9802957,22.3065608]]},"properties":{"key":"way:219993897@detail:455_89","osmType":"way","osmId":219993897,"sourceRegion":"hongkong","featureType":"infrastructure","railClass":"metro","mode":"subway","name":"未命名","operator":"香港鐵路有限公司 MTR Corporation","network":"MTR","service":"yard","status":"operational","color":"#52636f","sourceKey":"way:219993897"}},{"type":"Feature","geometry":{"type":"LineString","coordinates":[[113.9679547,22.2991314],[113.9675961,22.2990472]]},"properties":{"key":"way:219993901@detail:455_89","osmType":"way","osmId":219993901,"sourceRegion":"hongkong","featureType":"infrastructure","railClass":"metro","mode":"subway","name":"港铁东涌线","nameEn":"MTR Tung Chung Line","operator":"香港鐵路有限公司 MTR Corporation Limited","network":"港鐵 MTR","usage":"main","tunnel":"no","bridge":"yes","status":"operational","color":"#52636f","sourceKey":"way:219993901"}},{"type":"Feature","geometry":{"type":"LineString","coordinates":[[113.9773187,22.3034345],[113.9772124,22.3033566],[113.9768526,22.3030706],[113.9767493,22.3030024]]},"properties":{"key":"way:219993904@detail:455_89","osmType":"way","osmId":219993904,"sourceRegion":"hongkong","featureType":"infrastructure","railClass":"metro","mode":"subway","name":"未命名","operator":"香港鐵路有限公司 MTR Corporation","network":"MTR","service":"yard","status":"operational","color":"#52636f","sourceKey":"way:219993904"}},{"type":"Feature","geometry":{"type":"LineString","coordinates":[[113.9803573,22.3049147],[113.9794259,22.3044194],[113.9785758,22.30394],[113.9780528,22.303646]]},"properties":{"key":"way:219993906@detail:455_89","osmType":"way","osmId":219993906,"sourceRegion":"hongkong","featureType":"infrastructure","railClass":"metro","mode":"subway","name":"港铁机场快线","nameEn":"MTR Airport Express","operator":"香港鐵路有限公司 MTR Corporation Limited","network":"港鐵 MTR","usage":"main","status":"operational","color":"#52636f","sourceKey":"way:219993906"}},{"type":"Feature","geometry":{"type":"LineString","coordinates":[[113.9712594,22.3001011],[113.9714961,22.3001732],[113.9717985,22.3002849],[113.9720364,22.3003856]]},"properties":{"key":"way:219993917@detail:455_89","osmType":"way","osmId":219993917,"sourceRegion":"hongkong","featureType":"infrastructure","railClass":"metro","mode":"subway","name":"港铁机场快线","nameEn":"MTR Airport Express","operator":"香港鐵路有限公司 MTR Corporation Limited","network":"港鐵 MTR","usage":"main","tunnel":"yes","status":"operational","color":"#52636f","sourceKey":"way:219993917"}},{"type":"Feature","geometry":{"type":"LineString","coordinates":[[113.9918825,22.3116715],[113.9913514,22.3113836],[113.9906866,22.31102],[113.9895175,22.3103592],[113.9886857,22.309876],[113.9880094,22.3094804],[113.9867572,22.3087643],[113.9863296,22.3085149],[113.9855448,22.3080571],[113.9844049,22.3074119],[113.9827955,22.3064864],[113.9819797,22.3060162],[113.9803999,22.3051303],[113.9795202,22.3046613],[113.9790615,22.3044082],[113.9783936,22.3040484],[113.9782337,22.3039552],[113.9779781,22.3038062],[113.9779296,22.3037779]]},"properties":{"key":"way:219993953@detail:455_89","osmType":"way","osmId":219993953,"sourceRegion":"hongkong","featureType":"infrastructure","railClass":"metro","mode":"subway","name":"未命名","operator":"香港鐵路有限公司 MTR Corporation","network":"MTR","service":"yard","status":"operational","color":"#52636f","sourceKey":"way:219993953"}},{"type":"Feature","geometry":{"type":"LineString","coordinates":[[113.9846817,22.3092508],[113.9847566,22.3092937],[113.9849198,22.3093872],[113.985298,22.3095634],[113.9855582,22.3096378],[113.9857862,22.3096626],[113.9861081,22.3097172],[113.986328,22.3097271]]},"properties":{"key":"way:219993957@detail:455_89","osmType":"way","osmId":219993957,"sourceRegion":"hongkong","featureType":"infrastructure","railClass":"metro","mode":"subway","name":"未命名","operator":"香港鐵路有限公司 MTR Corporation","network":"MTR","service":"yard","status":"operational","color":"#52636f","sourceKey":"way:219993957"}},{"type":"Feature","geometry":{"type":"LineString","coordinates":[[113.9632862,22.2980434],[113.9621015,22.2977556]]},"properties":{"key":"way:219993962@detail:455_89","osmType":"way","osmId":219993962,"sourceRegion":"hongkong","featureType":"infrastructure","railClass":"metro","mode":"subway","name":"港鐵機場快綫","nameEn":"MTR Airport Express","operator":"香港鐵路有限公司 MTR Corporation Limited","network":"港鐵 MTR","usage":"main","tunnel":"yes","status":"operational","color":"#52636f","sourceKey":"way:219993962"}},{"type":"Feature","geometry":{"type":"LineString","coordinates":[[113.9377835,22.2946384],[113.9378759,22.2944885],[113.9379699,22.2943426],[113.9380479,22.2942262],[113.9381669,22.2940532],[113.9383019,22.2938688],[113.9384231,22.2937093],[113.9385625,22.2935319],[113.9387103,22.2933536],[113.9388688,22.2931701],[113.938998,22.2930251],[113.9391633,22.2928518],[113.9393257,22.2926854],[113.9394909,22.2925244],[113.9396666,22.2923586]]},"properties":{"key":"way:219993966@detail:455_89","osmType":"way","osmId":219993966,"sourceRegion":"hongkong","featureType":"infrastructure","railClass":"metro","mode":"subway","name":"港铁机场快线","nameEn":"MTR Airport Express","operator":"香港鐵路有限公司 MTR Corporation Limited","network":"港鐵 MTR","usage":"main","bridge":"yes","status":"operational","color":"#52636f","sourceKey":"way:219993966"}},{"type":"Feature","geometry":{"type":"LineString","coordinates":[[113.9715855,22.3001309],[113.9710406,22.2999729],[113.9707692,22.2998982]]},"properties":{"key":"way:219993972@detail:455_89","osmType":"way","osmId":219993972,"sourceRegion":"hongkong","featureType":"infrastructure","railClass":"metro","mode":"subway","name":"港鐵機場快綫","nameEn":"MTR Airport Express","operator":"香港鐵路有限公司 MTR Corporation Limited","network":"港鐵 MTR","usage":"main","tunnel":"yes","status":"operational","color":"#52636f","sourceKey":"way:219993972"}},{"type":"Feature","geometry":{"type":"LineString","coordinates":[[113.971567,22.3000788],[113.971024,22.2999215],[113.9707332,22.2998393]]},"properties":{"key":"way:219993974@detail:455_89","osmType":"way","osmId":219993974,"sourceRegion":"hongkong","featureType":"infrastructure","railClass":"metro","mode":"subway","name":"港铁东涌线","nameEn":"MTR Tung Chung Line","operator":"香港鐵路有限公司 MTR Corporation Limited","network":"港鐵 MTR","usage":"main","tunnel":"yes","status":"operational","color":"#52636f","sourceKey":"way:219993974"}},{"type":"Feature","geometry":{"type":"LineString","coordinates":[[113.9954686,22.3143346],[113.995063,22.313879],[113.9946811,22.3134815]]},"properties":{"key":"way:219993977@detail:455_89","osmType":"way","osmId":219993977,"sourceRegion":"hongkong","featureType":"infrastructure","railClass":"metro","mode":"subway","name":"大嶼山及機場鐵路","nameEn":"Lantau and Airport Railway","ref":"LAR","operator":"香港鐵路有限公司 MTR Corporation Limited","network":"港鐵 MTR","usage":"main","tunnel":"yes","status":"operational","color":"#52636f","sourceKey":"way:219993977"}},{"type":"Feature","geometry":{"type":"LineString","coordinates":[[113.9675612,22.2991797],[113.9679107,22.2992631]]},"properties":{"key":"way:219993980@detail:455_89","osmType":"way","osmId":219993980,"sourceRegion":"hongkong","featureType":"infrastructure","railClass":"metro","mode":"subway","name":"港铁东涌线","nameEn":"MTR Tung Chung Line","operator":"香港鐵路有限公司 MTR Corporation Limited","network":"港鐵 MTR","usage":"main","tunnel":"no","bridge":"yes","status":"operational","color":"#52636f","sourceKey":"way:219993980"}},{"type":"Feature","geometry":{"type":"LineString","coordinates":[[113.9679107,22.2992631],[113.968128,22.2993201],[113.968853,22.2995019],[113.9695964,22.2996943],[113.9707027,22.299989],[113.971015,22.3000785],[113.9712672,22.3001509]]},"properties":{"key":"way:219993983@detail:455_89","osmType":"way","osmId":219993983,"sourceRegion":"hongkong","featureType":"infrastructure","railClass":"metro","mode":"subway","name":"港铁东涌线","nameEn":"MTR Tung Chung Line","operator":"香港鐵路有限公司 MTR Corporation Limited","network":"港鐵 MTR","usage":"main","tunnel":"no","status":"operational","color":"#52636f","sourceKey":"way:219993983"}},{"type":"Feature","geometry":{"type":"LineString","coordinates":[[113.9803494,22.3059801],[113.9805103,22.3060992],[113.9806459,22.3061791],[113.9807463,22.3062382],[113.9828117,22.3074274]]},"properties":{"key":"way:219993989@detail:455_89","osmType":"way","osmId":219993989,"sourceRegion":"hongkong","featureType":"infrastructure","railClass":"metro","mode":"subway","name":"未命名","operator":"香港鐵路有限公司 MTR Corporation","network":"MTR","service":"yard","status":"operational","color":"#52636f","sourceKey":"way:219993989"}},{"type":"Feature","geometry":{"type":"LineString","coordinates":[[113.9779055,22.3038201],[113.9776507,22.3036297]]},"properties":{"key":"way:219993994@detail:455_89","osmType":"way","osmId":219993994,"sourceRegion":"hongkong","featureType":"infrastructure","railClass":"metro","mode":"subway","name":"未命名","operator":"香港鐵路有限公司 MTR Corporation","network":"MTR","service":"yard","status":"operational","color":"#52636f","sourceKey":"way:219993994"}},{"type":"Feature","geometry":{"type":"LineString","coordinates":[[113.9712672,22.3001509],[113.971511,22.3002265],[113.9717888,22.300328],[113.9720502,22.3004397]]},"properties":{"key":"way:219993997@detail:455_89","osmType":"way","osmId":219993997,"sourceRegion":"hongkong","featureType":"infrastructure","railClass":"metro","mode":"subway","name":"港铁东涌线","nameEn":"MTR Tung Chung Line","operator":"香港鐵路有限公司 MTR Corporation Limited","network":"港鐵 MTR","usage":"main","tunnel":"yes","status":"operational","color":"#52636f","sourceKey":"way:219993997"}},{"type":"Feature","geometry":{"type":"LineString","coordinates":[[113.997269,22.3167818],[113.9967534,22.3159766],[113.9963805,22.3154357],[113.9961395,22.3150621],[113.9958468,22.3146888],[113.9956376,22.3144506],[113.9953215,22.3141316],[113.9949885,22.3138427],[113.9932826,22.3126094],[113.9926362,22.312133],[113.9918825,22.3116715],[113.9915633,22.3115399]]},"properties":{"key":"way:219993999@detail:455_89","osmType":"way","osmId":219993999,"sourceRegion":"hongkong","featureType":"infrastructure","railClass":"metro","mode":"subway","name":"未命名","operator":"香港鐵路有限公司 MTR Corporation","network":"MTR","service":"yard","status":"operational","color":"#52636f","sourceKey":"way:219993999"}},{"type":"Feature","geometry":{"type":"LineString","coordinates":[[113.994629,22.3134878],[113.9950219,22.3138876],[113.995409,22.3143217]]},"properties":{"key":"way:219994004@detail:455_89","osmType":"way","osmId":219994004,"sourceRegion":"hongkong","featureType":"infrastructure","railClass":"metro","mode":"subway","name":"大嶼山及機場鐵路","nameEn":"Lantau and Airport Railway","ref":"LAR","operator":"香港鐵路有限公司 MTR Corporation Limited","network":"港鐵 MTR","usage":"main","tunnel":"yes","status":"operational","color":"#52636f","sourceKey":"way:219994004"}},{"type":"Feature","geometry":{"type":"LineString","coordinates":[[113.9846515,22.3092959],[113.9847263,22.3093414],[113.9849413,22.3094616],[113.9852927,22.3096428],[113.985526,22.3097197]]},"properties":{"key":"way:219994007@detail:455_89","osmType":"way","osmId":219994007,"sourceRegion":"hongkong","featureType":"infrastructure","railClass":"metro","mode":"subway","name":"未命名","operator":"香港鐵路有限公司 MTR Corporation","network":"MTR","service":"yard","status":"operational","color":"#52636f","sourceKey":"way:219994007"}},{"type":"Feature","geometry":{"type":"LineString","coordinates":[[113.9903916,22.3110969],[113.9902521,22.3110696],[113.9895493,22.3110001],[113.9889861,22.310943]]},"properties":{"key":"way:219994009@detail:455_89","osmType":"way","osmId":219994009,"sourceRegion":"hongkong","featureType":"infrastructure","railClass":"metro","mode":"subway","name":"未命名","operator":"香港鐵路有限公司 MTR Corporation","network":"MTR","service":"yard","status":"operational","color":"#52636f","sourceKey":"way:219994009"}},{"type":"Feature","geometry":{"type":"LineString","coordinates":[[113.9707332,22.2998393],[113.9699251,22.2996357],[113.9691528,22.2994415],[113.9688314,22.2993602],[113.9680336,22.2991514],[113.9679547,22.2991314]]},"properties":{"key":"way:219994014@detail:455_89","osmType":"way","osmId":219994014,"sourceRegion":"hongkong","featureType":"infrastructure","railClass":"metro","mode":"subway","name":"港铁东涌线","nameEn":"MTR Tung Chung Line","operator":"香港鐵路有限公司 MTR Corporation Limited","network":"港鐵 MTR","usage":"main","tunnel":"no","status":"operational","color":"#52636f","sourceKey":"way:219994014"}},{"type":"Feature","geometry":{"type":"LineString","coordinates":[[113.9679348,22.2991753],[113.967584,22.2990898]]},"properties":{"key":"way:219994016@detail:455_89","osmType":"way","osmId":219994016,"sourceRegion":"hongkong","featureType":"infrastructure","railClass":"metro","mode":"subway","name":"港铁机场快线","nameEn":"MTR Airport Express","operator":"香港鐵路有限公司 MTR Corporation Limited","network":"港鐵 MTR","usage":"main","bridge":"yes","status":"operational","color":"#52636f","sourceKey":"way:219994016"}},{"type":"Feature","geometry":{"type":"LineString","coordinates":[[113.9775756,22.3035893],[113.9776507,22.3036297],[113.9779296,22.3037779]]},"properties":{"key":"way:219994018@detail:455_89","osmType":"way","osmId":219994018,"sourceRegion":"hongkong","featureType":"infrastructure","railClass":"metro","mode":"subway","name":"未命名","operator":"香港鐵路有限公司 MTR Corporation","network":"MTR","service":"yard","status":"operational","color":"#52636f","sourceKey":"way:219994018"}},{"type":"Feature","geometry":{"type":"LineString","coordinates":[[113.9631859,22.2980739],[113.9642679,22.2983408],[113.9656987,22.2986931],[113.9659894,22.2987621],[113.9664788,22.2988781],[113.9671911,22.2990452],[113.9675705,22.2991334]]},"properties":{"key":"way:219994020@detail:455_89","osmType":"way","osmId":219994020,"sourceRegion":"hongkong","featureType":"infrastructure","railClass":"metro","mode":"subway","name":"港铁机场快线","nameEn":"MTR Airport Express","operator":"香港鐵路有限公司 MTR Corporation Limited","network":"港鐵 MTR","usage":"main","status":"operational","color":"#52636f","sourceKey":"way:219994020"}},{"type":"Feature","geometry":{"type":"LineString","coordinates":[[113.9780528,22.303646],[113.9775913,22.3033898],[113.9775084,22.3033404]]},"properties":{"key":"way:219994022@detail:455_89","osmType":"way","osmId":219994022,"sourceRegion":"hongkong","featureType":"infrastructure","railClass":"metro","mode":"subway","name":"港铁机场快线","nameEn":"MTR Airport Express","operator":"香港鐵路有限公司 MTR Corporation Limited","network":"港鐵 MTR","usage":"main","status":"operational","color":"#52636f","sourceKey":"way:219994022"}},{"type":"Feature","geometry":{"type":"LineString","coordinates":[[113.9882324,22.3100423],[113.9880741,22.3100547],[113.9876798,22.3100795],[113.9873928,22.310077],[113.9870289,22.3100431]]},"properties":{"key":"way:219994025@detail:455_89","osmType":"way","osmId":219994025,"sourceRegion":"hongkong","featureType":"infrastructure","railClass":"metro","mode":"subway","name":"未命名","operator":"香港鐵路有限公司 MTR Corporation","network":"MTR","service":"yard","status":"operational","color":"#52636f","sourceKey":"way:219994025"}},{"type":"Feature","geometry":{"type":"LineString","coordinates":[[113.9720502,22.3004397],[113.9725458,22.300669],[113.9730505,22.3009152],[113.9738339,22.3013435],[113.9741926,22.3015478],[113.9746573,22.3018125],[113.975124,22.3020706],[113.9759365,22.3025295],[113.9764973,22.3028622],[113.9767493,22.3030024],[113.9772912,22.3033213],[113.9773163,22.3033356],[113.9774315,22.303401],[113.9775487,22.3034677]]},"properties":{"key":"way:219994031@detail:455_89","osmType":"way","osmId":219994031,"sourceRegion":"hongkong","featureType":"infrastructure","railClass":"metro","mode":"subway","name":"港铁东涌线","nameEn":"MTR Tung Chung Line","operator":"香港鐵路有限公司 MTR Corporation Limited","network":"港鐵 MTR","usage":"main","tunnel":"no","status":"operational","color":"#52636f","sourceKey":"way:219994031"}},{"type":"Feature","geometry":{"type":"LineString","coordinates":[[113.9905954,22.3112334],[113.9904023,22.3112259],[113.990126,22.3112234],[113.9899249,22.3112135],[113.9884872,22.3110597],[113.9879776,22.31101],[113.9875109,22.3109604]]},"properties":{"key":"way:219994034@detail:455_89","osmType":"way","osmId":219994034,"sourceRegion":"hongkong","featureType":"infrastructure","railClass":"metro","mode":"subway","name":"未命名","operator":"香港鐵路有限公司 MTR Corporation","network":"MTR","service":"yard","status":"operational","color":"#52636f","sourceKey":"way:219994034"}},{"type":"Feature","geometry":{"type":"LineString","coordinates":[[113.967584,22.2990898],[113.9672055,22.2990007],[113.9664933,22.2988345],[113.966005,22.2987158],[113.9657091,22.2986439],[113.9642817,22.2982888],[113.9632862,22.2980434]]},"properties":{"key":"way:219994038@detail:455_89","osmType":"way","osmId":219994038,"sourceRegion":"hongkong","featureType":"infrastructure","railClass":"metro","mode":"subway","name":"港铁机场快线","nameEn":"MTR Airport Express","operator":"香港鐵路有限公司 MTR Corporation Limited","network":"港鐵 MTR","usage":"main","status":"operational","color":"#52636f","sourceKey":"way:219994038"}},{"type":"Feature","geometry":{"type":"LineString","coordinates":[[113.9775084,22.3033404],[113.9767624,22.3028958],[113.9759902,22.3024465],[113.9748605,22.3018013],[113.9736759,22.3011174],[113.9732333,22.3008705],[113.9728141,22.3006427],[113.972423,22.3004569],[113.9721145,22.3003256],[113.9717969,22.3002042],[113.9715855,22.3001309]]},"properties":{"key":"way:219994040@detail:455_89","osmType":"way","osmId":219994040,"sourceRegion":"hongkong","featureType":"infrastructure","railClass":"metro","mode":"subway","name":"港铁机场快线","nameEn":"MTR Airport Express","operator":"香港鐵路有限公司 MTR Corporation Limited","network":"港鐵 MTR","usage":"main","status":"operational","color":"#52636f","sourceKey":"way:219994040"}},{"type":"Feature","geometry":{"type":"LineString","coordinates":[[113.9766153,22.3030806],[113.9762869,22.3028446]]},"properties":{"key":"way:219994052@detail:455_89","osmType":"way","osmId":219994052,"sourceRegion":"hongkong","featureType":"infrastructure","railClass":"metro","mode":"subway","name":"未命名","network":"MTR","service":"yard","status":"operational","color":"#52636f","sourceKey":"way:219994052"}},{"type":"Feature","geometry":{"type":"LineString","coordinates":[[113.9780154,22.3036687],[113.9785551,22.3039701],[113.9794052,22.3044515],[113.9805651,22.3050868]]},"properties":{"key":"way:219994059@detail:455_89","osmType":"way","osmId":219994059,"sourceRegion":"hongkong","featureType":"infrastructure","railClass":"metro","mode":"subway","name":"港铁机场快线","nameEn":"MTR Airport Express","operator":"香港鐵路有限公司 MTR Corporation Limited","network":"港鐵 MTR","usage":"main","status":"operational","color":"#52636f","sourceKey":"way:219994059"}},{"type":"Feature","geometry":{"type":"LineString","coordinates":[[113.9774972,22.3032781],[113.976695,22.3027992],[113.9760249,22.3024071],[113.9751159,22.3018914],[113.9741722,22.3013441],[113.9737048,22.3010693],[113.973073,22.3007127],[113.9726291,22.3004889],[113.9722989,22.3003413],[113.9719284,22.3002002],[113.971567,22.3000788]]},"properties":{"key":"way:219994063@detail:455_89","osmType":"way","osmId":219994063,"sourceRegion":"hongkong","featureType":"infrastructure","railClass":"metro","mode":"subway","name":"港铁东涌线","nameEn":"MTR Tung Chung Line","operator":"香港鐵路有限公司 MTR Corporation Limited","network":"港鐵 MTR","usage":"main","tunnel":"no","status":"operational","color":"#52636f","sourceKey":"way:219994063"}},{"type":"Feature","geometry":{"type":"LineString","coordinates":[[113.9534697,22.2940319],[113.9539585,22.2943342],[113.9544185,22.2946449],[113.9550538,22.2950762],[113.9553093,22.2952503],[113.9555194,22.2953864],[113.9561222,22.2957695],[113.9564975,22.2960002],[113.9568866,22.2962182],[113.9573085,22.2964356],[113.9577018,22.2966183],[113.9581698,22.2968245],[113.95913,22.297219],[113.9597185,22.2974497],[113.9600201,22.2975657],[113.9603383,22.2976641],[113.9606488,22.2977478],[113.9611087,22.2978497],[113.9617814,22.2979678],[113.9623664,22.2980654],[113.9627698,22.2981241],[113.963264,22.2982067],[113.9637732,22.2983018],[113.9645668,22.2984698],[113.9656938,22.2987364],[113.966466,22.2989234],[113.9671791,22.2990918],[113.9675612,22.2991797]]},"properties":{"key":"way:219994073@detail:455_89","osmType":"way","osmId":219994073,"sourceRegion":"hongkong","featureType":"infrastructure","railClass":"metro","mode":"subway","name":"港铁东涌线","nameEn":"MTR Tung Chung Line","operator":"香港鐵路有限公司 MTR Corporation Limited","network":"港鐵 MTR","usage":"main","status":"operational","color":"#52636f","sourceKey":"way:219994073"}},{"type":"Feature","geometry":{"type":"LineString","coordinates":[[113.9946811,22.3134815],[113.994369,22.3131837],[113.9934197,22.3124074],[113.9929086,22.3120368],[113.9908367,22.3108248],[113.9840083,22.3069175],[113.9831417,22.3064308],[113.9822329,22.3059335],[113.9808058,22.3051655],[113.9803573,22.3049147]]},"properties":{"key":"way:219994084@detail:455_89","osmType":"way","osmId":219994084,"sourceRegion":"hongkong","featureType":"infrastructure","railClass":"metro","mode":"subway","name":"大屿山及机场铁路","nameEn":"Lantau and Airport Railway","ref":"LAR","operator":"香港鐵路有限公司 MTR Corporation Limited","network":"港鐵 MTR","usage":"main","status":"operational","color":"#52636f","sourceKey":"way:219994084"}},{"type":"Feature","geometry":{"type":"LineString","coordinates":[[113.9792221,22.3051933],[113.9791308,22.3050719],[113.9790714,22.3049744],[113.9790136,22.3048883],[113.9789093,22.3047632]]},"properties":{"key":"way:219994097@detail:455_89","osmType":"way","osmId":219994097,"sourceRegion":"hongkong","featureType":"infrastructure","railClass":"metro","mode":"subway","name":"未命名","operator":"香港鐵路有限公司 MTR Corporation","network":"MTR","service":"yard","status":"operational","color":"#52636f","sourceKey":"way:219994097"}},{"type":"Feature","geometry":{"type":"LineString","coordinates":[[113.9675705,22.2991334],[113.967926,22.2992204]]},"properties":{"key":"way:219994104@detail:455_89","osmType":"way","osmId":219994104,"sourceRegion":"hongkong","featureType":"infrastructure","railClass":"metro","mode":"subway","name":"港铁机场快线","nameEn":"MTR Airport Express","operator":"香港鐵路有限公司 MTR Corporation Limited","network":"港鐵 MTR","usage":"main","bridge":"yes","status":"operational","color":"#52636f","sourceKey":"way:219994104"}},{"type":"Feature","geometry":{"type":"LineString","coordinates":[[113.9788622,22.3048176],[113.9789895,22.304918],[113.9790714,22.3049744],[113.979129,22.3050123],[113.9792845,22.3051339]]},"properties":{"key":"way:219994106@detail:455_89","osmType":"way","osmId":219994106,"sourceRegion":"hongkong","featureType":"infrastructure","railClass":"metro","mode":"subway","name":"未命名","operator":"香港鐵路有限公司 MTR Corporation","network":"MTR","service":"yard","status":"operational","color":"#52636f","sourceKey":"way:219994106"}},{"type":"Feature","geometry":{"type":"LineString","coordinates":[[113.9857137,22.3091374],[113.9855609,22.309015],[113.9853487,22.3088712],[113.9851281,22.3087403],[113.9851019,22.3087248],[113.9846355,22.3084368]]},"properties":{"key":"way:219994107@detail:455_89","osmType":"way","osmId":219994107,"sourceRegion":"hongkong","featureType":"infrastructure","railClass":"metro","mode":"subway","name":"未命名","operator":"香港鐵路有限公司 MTR Corporation","network":"MTR","service":"yard","status":"operational","color":"#52636f","sourceKey":"way:219994107"}},{"type":"Feature","geometry":{"type":"LineString","coordinates":[[113.986894,22.3096874],[113.9871863,22.3097271],[113.9878165,22.3098208],[113.988067,22.3098703],[113.988292,22.3099297],[113.9884672,22.3099856],[113.9887246,22.3100735],[113.9890882,22.3101956],[113.9892623,22.3102539],[113.9895175,22.3103592]]},"properties":{"key":"way:219994112@detail:455_89","osmType":"way","osmId":219994112,"sourceRegion":"hongkong","featureType":"infrastructure","railClass":"metro","mode":"subway","name":"未命名","operator":"香港鐵路有限公司 MTR Corporation","network":"MTR","service":"yard","status":"operational","color":"#52636f","sourceKey":"way:219994112"}},{"type":"Feature","geometry":{"type":"LineString","coordinates":[[113.9906866,22.31102],[113.9908958,22.3111788]]},"properties":{"key":"way:219994123@detail:455_89","osmType":"way","osmId":219994123,"sourceRegion":"hongkong","featureType":"infrastructure","railClass":"metro","mode":"subway","name":"未命名","service":"yard","status":"operational","color":"#52636f","sourceKey":"way:219994123"}},{"type":"Feature","geometry":{"type":"LineString","coordinates":[[113.9913997,22.3114481],[113.9908958,22.3111788],[113.9898256,22.3105981],[113.989485,22.3104195],[113.9891926,22.3103103],[113.9885619,22.3100982],[113.9882324,22.3100423],[113.9877308,22.3099976],[113.9870066,22.3099306],[113.9862851,22.3098463],[113.9860941,22.3098465],[113.985901,22.3098536],[113.985704,22.3098518],[113.9855033,22.3098359],[113.9852643,22.3097988],[113.9848571,22.3097103],[113.9846143,22.3096131],[113.9845611,22.3095842],[113.9844869,22.3095439]]},"properties":{"key":"way:219994125@detail:455_89","osmType":"way","osmId":219994125,"sourceRegion":"hongkong","featureType":"infrastructure","railClass":"metro","mode":"subway","name":"未命名","operator":"香港鐵路有限公司 MTR Corporation","network":"MTR","service":"yard","status":"operational","color":"#52636f","sourceKey":"way:219994125"}},{"type":"Feature","geometry":{"type":"LineString","coordinates":[[113.9779779,22.3037059],[113.9785292,22.3040141],[113.9788845,22.3042147],[113.9794907,22.3045373],[113.9805651,22.3050868]]},"properties":{"key":"way:219994128@detail:455_89","osmType":"way","osmId":219994128,"sourceRegion":"hongkong","featureType":"infrastructure","railClass":"metro","mode":"subway","name":"港铁东涌线","nameEn":"MTR Tung Chung Line","operator":"香港鐵路有限公司 MTR Corporation Limited","network":"港鐵 MTR","usage":"main","tunnel":"no","status":"operational","color":"#52636f","sourceKey":"way:219994128"}},{"type":"Feature","geometry":{"type":"LineString","coordinates":[[113.9762869,22.3028446],[113.9773187,22.3034345],[113.9775756,22.3035893]]},"properties":{"key":"way:219994132@detail:455_89","osmType":"way","osmId":219994132,"sourceRegion":"hongkong","featureType":"infrastructure","railClass":"metro","mode":"subway","name":"未命名","operator":"香港鐵路有限公司 MTR Corporation","network":"MTR","service":"yard","status":"operational","color":"#52636f","sourceKey":"way:219994132"}},{"type":"Feature","geometry":{"type":"LineString","coordinates":[[113.9431608,22.2905483],[113.943055,22.2904728],[113.9429373,22.2904004],[113.9427922,22.290315],[113.9426785,22.2902346]]},"properties":{"key":"way:219997159@detail:455_89","osmType":"way","osmId":219997159,"sourceRegion":"hongkong","featureType":"infrastructure","railClass":"metro","mode":"subway","name":"港铁东涌线","nameEn":"MTR Tung Chung Line","operator":"香港鐵路有限公司 MTR Corporation Limited","network":"港鐵 MTR","tunnel":"yes","status":"operational","color":"#52636f","sourceKey":"way:219997159"}},{"type":"Feature","geometry":{"type":"LineString","coordinates":[[113.942715,22.2901998],[113.9428181,22.2902887],[113.9429373,22.2904004],[113.9430287,22.2905016],[113.9431251,22.2905858]]},"properties":{"key":"way:219997163@detail:455_89","osmType":"way","osmId":219997163,"sourceRegion":"hongkong","featureType":"infrastructure","railClass":"metro","mode":"subway","name":"港铁东涌线","nameEn":"MTR Tung Chung Line","operator":"香港鐵路有限公司 MTR Corporation Limited","network":"港鐵 MTR","tunnel":"yes","status":"operational","color":"#52636f","sourceKey":"way:219997163"}},{"type":"Feature","geometry":{"type":"LineString","coordinates":[[113.9426785,22.2902346],[113.9431251,22.2905858]]},"properties":{"key":"way:220247462@detail:455_89","osmType":"way","osmId":220247462,"sourceRegion":"hongkong","featureType":"infrastructure","railClass":"metro","mode":"subway","name":"港铁东涌线","nameEn":"MTR Tung Chung Line","operator":"香港鐵路有限公司 MTR Corporation Limited","network":"港鐵 MTR","usage":"main","tunnel":"yes","status":"operational","color":"#52636f","sourceKey":"way:220247462"}},{"type":"Feature","geometry":{"type":"LineString","coordinates":[[113.953503,22.2939904],[113.9531879,22.2938062],[113.9527828,22.2935866],[113.9523209,22.293368],[113.9517239,22.2931053],[113.9512319,22.2929348],[113.9509007,22.2928478],[113.9506198,22.2927819],[113.9501998,22.2927086],[113.9464184,22.2922645],[113.9461433,22.2922216],[113.9458578,22.2921549],[113.9455663,22.2920516],[113.9452643,22.2919231],[113.9449881,22.2917937],[113.9447238,22.2916523],[113.9443758,22.2914304],[113.9438935,22.2910861],[113.9431608,22.2905483]]},"properties":{"key":"way:220247463@detail:455_89","osmType":"way","osmId":220247463,"sourceRegion":"hongkong","featureType":"infrastructure","railClass":"metro","mode":"subway","name":"港铁东涌线","nameEn":"MTR Tung Chung Line","operator":"香港鐵路有限公司 MTR Corporation Limited","network":"港鐵 MTR","usage":"main","tunnel":"yes","status":"operational","color":"#52636f","sourceKey":"way:220247463"}},{"type":"Feature","geometry":{"type":"LineString","coordinates":[[113.9803545,22.3060799],[113.9805153,22.3062172],[113.9805926,22.306262],[113.9807141,22.3063325],[113.9827584,22.3075071]]},"properties":{"key":"way:230563376@detail:455_89","osmType":"way","osmId":230563376,"sourceRegion":"hongkong","featureType":"infrastructure","railClass":"metro","mode":"subway","name":"未命名","operator":"香港鐵路有限公司 MTR Corporation","network":"MTR","service":"yard","status":"operational","color":"#52636f","sourceKey":"way:230563376"}},{"type":"Feature","geometry":{"type":"LineString","coordinates":[[113.9787311,22.3046862],[113.9787626,22.3047181],[113.9788008,22.3047568]]},"properties":{"key":"way:230564291@detail:455_89","osmType":"way","osmId":230564291,"sourceRegion":"hongkong","featureType":"infrastructure","railClass":"metro","mode":"subway","name":"未命名","operator":"香港鐵路有限公司 MTR Corporation","network":"MTR","service":"yard","status":"operational","color":"#52636f","sourceKey":"way:230564291"}},{"type":"Feature","geometry":{"type":"LineString","coordinates":[[113.9788008,22.3047568],[113.9788622,22.3048176],[113.9792221,22.3051933],[113.9792748,22.3052555],[113.9794732,22.3054894],[113.9796027,22.3056564],[113.979674,22.3057707],[113.9797481,22.3059048],[113.9798962,22.3061269],[113.9800775,22.3063063],[113.9802867,22.3064782],[113.9804052,22.3065534],[113.9804532,22.3065839],[113.9804739,22.3065972]]},"properties":{"key":"way:230564294@detail:455_89","osmType":"way","osmId":230564294,"sourceRegion":"hongkong","featureType":"infrastructure","railClass":"metro","mode":"subway","name":"未命名","operator":"香港鐵路有限公司 MTR Corporation","network":"MTR","service":"yard","status":"operational","color":"#52636f","sourceKey":"way:230564294"}},{"type":"Feature","geometry":{"type":"LineString","coordinates":[[113.9787779,22.3046402],[113.978568,22.3044529],[113.9779055,22.3038201]]},"properties":{"key":"way:230564296@detail:455_89","osmType":"way","osmId":230564296,"sourceRegion":"hongkong","featureType":"infrastructure","railClass":"metro","mode":"subway","name":"未命名","operator":"香港鐵路有限公司 MTR Corporation","network":"MTR","service":"yard","status":"operational","color":"#52636f","sourceKey":"way:230564296"}},{"type":"Feature","geometry":{"type":"LineString","coordinates":[[113.9788531,22.3047121],[113.9788105,22.3046713],[113.9787779,22.3046402]]},"properties":{"key":"way:230564298@detail:455_89","osmType":"way","osmId":230564298,"sourceRegion":"hongkong","featureType":"infrastructure","railClass":"metro","mode":"subway","name":"未命名","operator":"香港鐵路有限公司 MTR Corporation","network":"MTR","service":"yard","status":"operational","color":"#52636f","sourceKey":"way:230564298"}},{"type":"Feature","geometry":{"type":"LineString","coordinates":[[113.937725,22.3127351],[113.9375027,22.3133407],[113.9372232,22.3140805],[113.9370982,22.3144196],[113.9370635,22.3145137],[113.9365583,22.3158892],[113.9359908,22.3174217],[113.9359173,22.3176192],[113.9358655,22.317769],[113.9358081,22.3179968],[113.9357818,22.3182282],[113.9357717,22.3184004],[113.9357749,22.3185736],[113.9357826,22.3186948],[113.9357994,22.3188349],[113.9358274,22.3189872]]},"properties":{"key":"way:251613605@detail:455_89","osmType":"way","osmId":251613605,"sourceRegion":"hongkong","featureType":"infrastructure","railClass":"metro","mode":"subway","name":"港铁机场快线","nameEn":"MTR Airport Express","operator":"香港鐵路有限公司 MTR Corporation Limited","network":"港鐵 MTR","usage":"main","bridge":"yes","status":"operational","color":"#52636f","sourceKey":"way:251613605"}},{"type":"Feature","geometry":{"type":"LineString","coordinates":[[113.9431251,22.2905858],[113.9438585,22.2911302],[113.9443388,22.2914758],[113.9446885,22.2917034],[113.9449592,22.2918495],[113.945232,22.2919753],[113.9455429,22.2921036],[113.9458393,22.292199],[113.9461325,22.2922761],[113.9464209,22.2923215],[113.9501874,22.2927721],[113.9506017,22.2928421],[113.9508879,22.2929072],[113.9512171,22.292996],[113.9516931,22.29316],[113.9522924,22.2934157],[113.9527523,22.2936326],[113.9531606,22.2938518],[113.9534697,22.2940319]]},"properties":{"key":"way:264571632@detail:455_89","osmType":"way","osmId":264571632,"sourceRegion":"hongkong","featureType":"infrastructure","railClass":"metro","mode":"subway","name":"港铁东涌线","nameEn":"MTR Tung Chung Line","operator":"香港鐵路有限公司 MTR Corporation Limited","network":"港鐵 MTR","usage":"main","tunnel":"yes","status":"operational","color":"#52636f","sourceKey":"way:264571632"}},{"type":"Feature","geometry":{"type":"LineString","coordinates":[[113.9431608,22.2905483],[113.942715,22.2901998]]},"properties":{"key":"way:264571634@detail:455_89","osmType":"way","osmId":264571634,"sourceRegion":"hongkong","featureType":"infrastructure","railClass":"metro","mode":"subway","name":"港铁东涌线","nameEn":"MTR Tung Chung Line","operator":"香港鐵路有限公司 MTR Corporation Limited","network":"港鐵 MTR","usage":"main","tunnel":"yes","status":"operational","color":"#52636f","sourceKey":"way:264571634"}},{"type":"Feature","geometry":{"type":"LineString","coordinates":[[113.9177325,22.3099785],[113.927137,22.3129689],[113.9298268,22.3138181],[113.9336983,22.3150402]]},"properties":{"key":"way:386733066@detail:455_89","osmType":"way","osmId":386733066,"sourceRegion":"hongkong","featureType":"infrastructure","railClass":"light_rail","mode":"light_rail","name":"香港国际机场旅客捷运系统","nameEn":"Hong Kong International Airport Automated People Mover","usage":"main","tunnel":"yes","status":"operational","color":"#52636f","sourceKey":"way:386733066"}},{"type":"Feature","geometry":{"type":"LineString","coordinates":[[113.986406,22.3099763],[113.9858264,22.3099232]]},"properties":{"key":"way:453753722@detail:455_89","osmType":"way","osmId":453753722,"sourceRegion":"hongkong","featureType":"infrastructure","railClass":"metro","mode":"subway","name":"未命名","operator":"香港鐵路有限公司 MTR Corporation","network":"MTR","service":"yard","status":"operational","color":"#52636f","sourceKey":"way:453753722"}},{"type":"Feature","geometry":{"type":"LineString","coordinates":[[113.9870289,22.3100431],[113.986406,22.3099763]]},"properties":{"key":"way:453753723@detail:455_89","osmType":"way","osmId":453753723,"sourceRegion":"hongkong","featureType":"infrastructure","railClass":"metro","mode":"subway","name":"未命名","operator":"香港鐵路有限公司 MTR Corporation","network":"MTR","service":"yard","status":"operational","color":"#52636f","sourceKey":"way:453753723"}},{"type":"Feature","geometry":{"type":"LineString","coordinates":[[113.9823771,22.3081862],[113.9845528,22.3094434]]},"properties":{"key":"way:453753724@detail:455_89","osmType":"way","osmId":453753724,"sourceRegion":"hongkong","featureType":"infrastructure","railClass":"metro","mode":"subway","name":"未命名","operator":"香港鐵路有限公司 MTR Corporation","network":"MTR","service":"yard","status":"operational","color":"#52636f","sourceKey":"way:453753724"}},{"type":"Feature","geometry":{"type":"LineString","coordinates":[[113.9824168,22.3081267],[113.9845961,22.3093787]]},"properties":{"key":"way:453753725@detail:455_89","osmType":"way","osmId":453753725,"sourceRegion":"hongkong","featureType":"infrastructure","railClass":"metro","mode":"subway","name":"未命名","operator":"香港鐵路有限公司 MTR Corporation","network":"MTR","service":"yard","status":"operational","color":"#52636f","sourceKey":"way:453753725"}},{"type":"Feature","geometry":{"type":"LineString","coordinates":[[113.982476,22.3080355],[113.9846515,22.3092959]]},"properties":{"key":"way:453753726@detail:455_89","osmType":"way","osmId":453753726,"sourceRegion":"hongkong","featureType":"infrastructure","railClass":"metro","mode":"subway","name":"未命名","operator":"香港鐵路有限公司 MTR Corporation","network":"MTR","service":"yard","status":"operational","color":"#52636f","sourceKey":"way:453753726"}},{"type":"Feature","geometry":{"type":"LineString","coordinates":[[113.9825006,22.3079952],[113.9846817,22.3092508]]},"properties":{"key":"way:453753727@detail:455_89","osmType":"way","osmId":453753727,"sourceRegion":"hongkong","featureType":"infrastructure","railClass":"metro","mode":"subway","name":"未命名","operator":"香港鐵路有限公司 MTR Corporation","network":"MTR","service":"yard","status":"operational","color":"#52636f","sourceKey":"way:453753727"}},{"type":"Feature","geometry":{"type":"LineString","coordinates":[[113.9804204,22.3066772],[113.9847137,22.3092029]]},"properties":{"key":"way:453753728@detail:455_89","osmType":"way","osmId":453753728,"sourceRegion":"hongkong","featureType":"infrastructure","railClass":"metro","mode":"subway","name":"未命名","operator":"香港鐵路有限公司 MTR Corporation","network":"MTR","service":"yard","status":"operational","color":"#52636f","sourceKey":"way:453753728"}},{"type":"Feature","geometry":{"type":"LineString","coordinates":[[113.9804423,22.3066444],[113.9847624,22.3091301]]},"properties":{"key":"way:453753729@detail:455_89","osmType":"way","osmId":453753729,"sourceRegion":"hongkong","featureType":"infrastructure","railClass":"metro","mode":"subway","name":"未命名","operator":"香港鐵路有限公司 MTR Corporation","network":"MTR","service":"yard","status":"operational","color":"#52636f","sourceKey":"way:453753729"}},{"type":"Feature","geometry":{"type":"LineString","coordinates":[[113.9804739,22.3065972],[113.9847919,22.309086]]},"properties":{"key":"way:453753730@detail:455_89","osmType":"way","osmId":453753730,"sourceRegion":"hongkong","featureType":"infrastructure","railClass":"metro","mode":"subway","name":"未命名","operator":"香港鐵路有限公司 MTR Corporation","network":"MTR","service":"yard","status":"operational","color":"#52636f","sourceKey":"way:453753730"}},{"type":"Feature","geometry":{"type":"LineString","coordinates":[[113.980497,22.3065627],[113.9848195,22.3090447]]},"properties":{"key":"way:453753731@detail:455_89","osmType":"way","osmId":453753731,"sourceRegion":"hongkong","featureType":"infrastructure","railClass":"metro","mode":"subway","name":"未命名","operator":"香港鐵路有限公司 MTR Corporation","network":"MTR","service":"yard","status":"operational","color":"#52636f","sourceKey":"way:453753731"}},{"type":"Feature","geometry":{"type":"LineString","coordinates":[[113.9847137,22.3092029],[113.9847882,22.3092466],[113.9849091,22.3093177],[113.9851693,22.3094567],[113.9855421,22.3095981],[113.9857862,22.3096626]]},"properties":{"key":"way:453753732@detail:455_89","osmType":"way","osmId":453753732,"sourceRegion":"hongkong","featureType":"infrastructure","railClass":"metro","mode":"subway","name":"未命名","operator":"香港鐵路有限公司 MTR Corporation","network":"MTR","service":"yard","status":"operational","color":"#52636f","sourceKey":"way:453753732"}},{"type":"Feature","geometry":{"type":"LineString","coordinates":[[113.9788929,22.3049205],[113.9796279,22.3059801],[113.9798532,22.3062581],[113.9799926,22.3063772],[113.9800892,22.3064417],[113.9802957,22.3065608],[113.9803723,22.3066045],[113.9804423,22.3066444]]},"properties":{"key":"way:453753733@detail:455_89","osmType":"way","osmId":453753733,"sourceRegion":"hongkong","featureType":"infrastructure","railClass":"metro","mode":"subway","name":"未命名","operator":"香港鐵路有限公司 MTR Corporation","network":"MTR","service":"yard","status":"operational","color":"#52636f","sourceKey":"way:453753733"}},{"type":"Feature","geometry":{"type":"LineString","coordinates":[[113.9847919,22.309086],[113.9848668,22.3091295],[113.9850074,22.3092114],[113.9851422,22.3092773],[113.9854041,22.30938]]},"properties":{"key":"way:453753734@detail:455_89","osmType":"way","osmId":453753734,"sourceRegion":"hongkong","featureType":"infrastructure","railClass":"metro","mode":"subway","name":"未命名","operator":"香港鐵路有限公司 MTR Corporation","network":"MTR","service":"yard","status":"operational","color":"#52636f","sourceKey":"way:453753734"}},{"type":"Feature","geometry":{"type":"LineString","coordinates":[[113.9800775,22.3063063],[113.9804263,22.3065206],[113.9804536,22.3065374],[113.980497,22.3065627]]},"properties":{"key":"way:453753735@detail:455_89","osmType":"way","osmId":453753735,"sourceRegion":"hongkong","featureType":"infrastructure","railClass":"metro","mode":"subway","name":"未命名","operator":"香港鐵路有限公司 MTR Corporation","network":"MTR","service":"yard","status":"operational","color":"#52636f","sourceKey":"way:453753735"}},{"type":"Feature","geometry":{"type":"LineString","coordinates":[[113.9826341,22.3076929],[113.9827641,22.3077684]]},"properties":{"key":"way:453753736@detail:455_89","osmType":"way","osmId":453753736,"sourceRegion":"hongkong","featureType":"infrastructure","railClass":"metro","mode":"subway","name":"未命名","operator":"香港鐵路有限公司 MTR Corporation","network":"MTR","service":"yard","status":"operational","color":"#52636f","sourceKey":"way:453753736"}},{"type":"Feature","geometry":{"type":"LineString","coordinates":[[113.9803335,22.3063399],[113.9804775,22.306441],[113.9805499,22.3064918],[113.9826341,22.3076929]]},"properties":{"key":"way:453753737@detail:455_89","osmType":"way","osmId":453753737,"sourceRegion":"hongkong","featureType":"infrastructure","railClass":"metro","mode":"subway","name":"未命名","operator":"香港鐵路有限公司 MTR Corporation","network":"MTR","service":"yard","status":"operational","color":"#52636f","sourceKey":"way:453753737"}},{"type":"Feature","geometry":{"type":"LineString","coordinates":[[113.9826526,22.3076652],[113.9827831,22.30774]]},"properties":{"key":"way:453753738@detail:455_89","osmType":"way","osmId":453753738,"sourceRegion":"hongkong","featureType":"infrastructure","railClass":"metro","mode":"subway","name":"未命名","operator":"香港鐵路有限公司 MTR Corporation","network":"MTR","service":"yard","status":"operational","color":"#52636f","sourceKey":"way:453753738"}},{"type":"Feature","geometry":{"type":"LineString","coordinates":[[113.9792748,22.3052555],[113.9795581,22.3054987],[113.9797727,22.3057345],[113.9799417,22.3059752],[113.9801831,22.3062208],[113.9803335,22.3063399],[113.9804901,22.3064215],[113.9805478,22.3064516],[113.9826526,22.3076652]]},"properties":{"key":"way:453753739@detail:455_89","osmType":"way","osmId":453753739,"sourceRegion":"hongkong","featureType":"infrastructure","railClass":"metro","mode":"subway","name":"未命名","operator":"香港鐵路有限公司 MTR Corporation","network":"MTR","service":"yard","status":"operational","color":"#52636f","sourceKey":"way:453753739"}},{"type":"Feature","geometry":{"type":"LineString","coordinates":[[113.9828046,22.3077078],[113.9849803,22.3089605],[113.9850405,22.3089951],[113.9853892,22.3091986],[113.9855609,22.3093301]]},"properties":{"key":"way:453753740@detail:455_89","osmType":"way","osmId":453753740,"sourceRegion":"hongkong","featureType":"infrastructure","railClass":"metro","mode":"subway","name":"未命名","operator":"香港鐵路有限公司 MTR Corporation","network":"MTR","service":"yard","status":"operational","color":"#52636f","sourceKey":"way:453753740"}},{"type":"Feature","geometry":{"type":"LineString","coordinates":[[113.9826732,22.3076344],[113.9828046,22.3077078]]},"properties":{"key":"way:453753741@detail:455_89","osmType":"way","osmId":453753741,"sourceRegion":"hongkong","featureType":"infrastructure","railClass":"metro","mode":"subway","name":"未命名","operator":"香港鐵路有限公司 MTR Corporation","network":"MTR","service":"yard","status":"operational","color":"#52636f","sourceKey":"way:453753741"}},{"type":"Feature","geometry":{"type":"LineString","coordinates":[[113.9828389,22.3076565],[113.9848501,22.308804],[113.9849923,22.3088959],[113.9850135,22.308911],[113.9850969,22.3089728],[113.9853892,22.3091986]]},"properties":{"key":"way:453753742@detail:455_89","osmType":"way","osmId":453753742,"sourceRegion":"hongkong","featureType":"infrastructure","railClass":"metro","mode":"subway","name":"未命名","operator":"香港鐵路有限公司 MTR Corporation","network":"MTR","service":"yard","status":"operational","color":"#52636f","sourceKey":"way:453753742"}},{"type":"Feature","geometry":{"type":"LineString","coordinates":[[113.9827084,22.3075818],[113.9828389,22.3076565]]},"properties":{"key":"way:453753743@detail:455_89","osmType":"way","osmId":453753743,"sourceRegion":"hongkong","featureType":"infrastructure","railClass":"metro","mode":"subway","name":"未命名","operator":"香港鐵路有限公司 MTR Corporation","network":"MTR","service":"yard","status":"operational","color":"#52636f","sourceKey":"way:453753743"}},{"type":"Feature","geometry":{"type":"LineString","coordinates":[[113.9828579,22.3076281],[113.9850191,22.3088686],[113.9850363,22.308877],[113.985113,22.3089132],[113.9853463,22.3090102]]},"properties":{"key":"way:453753744@detail:455_89","osmType":"way","osmId":453753744,"sourceRegion":"hongkong","featureType":"infrastructure","railClass":"metro","mode":"subway","name":"未命名","operator":"香港鐵路有限公司 MTR Corporation","network":"MTR","service":"yard","status":"operational","color":"#52636f","sourceKey":"way:453753744"}},{"type":"Feature","geometry":{"type":"LineString","coordinates":[[113.982728,22.3075525],[113.9828579,22.3076281]]},"properties":{"key":"way:453753745@detail:455_89","osmType":"way","osmId":453753745,"sourceRegion":"hongkong","featureType":"infrastructure","railClass":"metro","mode":"subway","name":"未命名","operator":"香港鐵路有限公司 MTR Corporation","network":"MTR","service":"yard","status":"operational","color":"#52636f","sourceKey":"way:453753745"}},{"type":"Feature","geometry":{"type":"LineString","coordinates":[[113.9827584,22.3075071],[113.9828887,22.3075821]]},"properties":{"key":"way:453753746@detail:455_89","osmType":"way","osmId":453753746,"sourceRegion":"hongkong","featureType":"infrastructure","railClass":"metro","mode":"subway","name":"未命名","operator":"香港鐵路有限公司 MTR Corporation","network":"MTR","service":"yard","status":"operational","color":"#52636f","sourceKey":"way:453753746"}},{"type":"Feature","geometry":{"type":"LineString","coordinates":[[113.9828887,22.3075821],[113.9850602,22.3088415],[113.9853463,22.3090102],[113.9861912,22.3094914]]},"properties":{"key":"way:453753747@detail:455_89","osmType":"way","osmId":453753747,"sourceRegion":"hongkong","featureType":"infrastructure","railClass":"metro","mode":"subway","name":"未命名","operator":"香港鐵路有限公司 MTR Corporation","network":"MTR","service":"yard","status":"operational","color":"#52636f","sourceKey":"way:453753747"}},{"type":"Feature","geometry":{"type":"LineString","coordinates":[[113.9829051,22.3075575],[113.9850793,22.3088131],[113.9859015,22.3092879]]},"properties":{"key":"way:453753749@detail:455_89","osmType":"way","osmId":453753749,"sourceRegion":"hongkong","featureType":"infrastructure","railClass":"metro","mode":"subway","name":"未命名","operator":"香港鐵路有限公司 MTR Corporation","network":"MTR","service":"yard","status":"operational","color":"#52636f","sourceKey":"way:453753749"}},{"type":"Feature","geometry":{"type":"LineString","coordinates":[[113.9827946,22.3074529],[113.9829253,22.3075274]]},"properties":{"key":"way:453753750@detail:455_89","osmType":"way","osmId":453753750,"sourceRegion":"hongkong","featureType":"infrastructure","railClass":"metro","mode":"subway","name":"未命名","operator":"香港鐵路有限公司 MTR Corporation","network":"MTR","service":"yard","status":"operational","color":"#52636f","sourceKey":"way:453753750"}},{"type":"Feature","geometry":{"type":"LineString","coordinates":[[113.980073,22.305864],[113.9802367,22.3059628],[113.9804567,22.3061042],[113.9806299,22.3062041],[113.9827946,22.3074529]]},"properties":{"key":"way:453753751@detail:455_89","osmType":"way","osmId":453753751,"sourceRegion":"hongkong","featureType":"infrastructure","railClass":"metro","mode":"subway","name":"未命名","operator":"香港鐵路有限公司 MTR Corporation","network":"MTR","service":"yard","status":"operational","color":"#52636f","sourceKey":"way:453753751"}},{"type":"Feature","geometry":{"type":"LineString","coordinates":[[113.9828117,22.3074274],[113.9829416,22.307503]]},"properties":{"key":"way:453753752@detail:455_89","osmType":"way","osmId":453753752,"sourceRegion":"hongkong","featureType":"infrastructure","railClass":"metro","mode":"subway","name":"未命名","operator":"香港鐵路有限公司 MTR Corporation","network":"MTR","service":"yard","status":"operational","color":"#52636f","sourceKey":"way:453753752"}},{"type":"Feature","geometry":{"type":"LineString","coordinates":[[113.9829416,22.307503],[113.9851157,22.3087589],[113.9852068,22.3088115],[113.9855609,22.309015]]},"properties":{"key":"way:453753753@detail:455_89","osmType":"way","osmId":453753753,"sourceRegion":"hongkong","featureType":"infrastructure","railClass":"metro","mode":"subway","name":"未命名","operator":"香港鐵路有限公司 MTR Corporation","network":"MTR","service":"yard","status":"operational","color":"#52636f","sourceKey":"way:453753753"}},{"type":"Feature","geometry":{"type":"LineString","coordinates":[[113.982833,22.3073956],[113.9829635,22.3074702]]},"properties":{"key":"way:453753754@detail:455_89","osmType":"way","osmId":453753754,"sourceRegion":"hongkong","featureType":"infrastructure","railClass":"metro","mode":"subway","name":"未命名","operator":"香港鐵路有限公司 MTR Corporation","network":"MTR","service":"yard","status":"operational","color":"#52636f","sourceKey":"way:453753754"}},{"type":"Feature","geometry":{"type":"LineString","coordinates":[[113.9829635,22.3074702],[113.9846355,22.3084368]]},"properties":{"key":"way:453753755@detail:455_89","osmType":"way","osmId":453753755,"sourceRegion":"hongkong","featureType":"infrastructure","railClass":"metro","mode":"subway","name":"未命名","operator":"香港鐵路有限公司 MTR Corporation","network":"MTR","service":"yard","status":"operational","color":"#52636f","sourceKey":"way:453753755"}},{"type":"Feature","geometry":{"type":"LineString","coordinates":[[113.9395975,22.2877588],[113.9414054,22.2891578]]},"properties":{"key":"way:454648305@detail:455_89","osmType":"way","osmId":454648305,"sourceRegion":"hongkong","featureType":"infrastructure","railClass":"construction","mode":"construction","name":"港铁东涌线","nameEn":"MTR Tung Chung Line","operator":"香港鐵路有限公司 MTR Corporation Limited","network":"港鐵 MTR","usage":"main","tunnel":"yes","status":"construction","color":"#52636f","sourceKey":"way:454648305"}},{"type":"Feature","geometry":{"type":"LineString","coordinates":[[113.9394856,22.287882],[113.9407094,22.2888418],[113.9413221,22.289278]]},"properties":{"key":"way:454648308@detail:455_89","osmType":"way","osmId":454648308,"sourceRegion":"hongkong","featureType":"infrastructure","railClass":"construction","mode":"construction","name":"港铁东涌线","nameEn":"MTR Tung Chung Line","operator":"香港鐵路有限公司 MTR Corporation Limited","network":"港鐵 MTR","usage":"main","tunnel":"yes","status":"construction","color":"#52636f","sourceKey":"way:454648308"}},{"type":"Feature","geometry":{"type":"LineString","coordinates":[[113.9337274,22.3149623],[113.9327018,22.314638],[113.9317873,22.3143489],[113.9298556,22.3137401],[113.9271659,22.312891],[113.9177614,22.3099006]]},"properties":{"key":"way:512251214@detail:455_89","osmType":"way","osmId":512251214,"sourceRegion":"hongkong","featureType":"infrastructure","railClass":"light_rail","mode":"light_rail","name":"香港国际机场旅客捷运系统","nameEn":"Hong Kong International Airport Automated People Mover","usage":"main","tunnel":"yes","status":"operational","color":"#52636f","sourceKey":"way:512251214"}},{"type":"Feature","geometry":{"type":"LineString","coordinates":[[113.9480195,22.290067],[113.9483358,22.290143],[113.9486516,22.2902371],[113.9490115,22.2903515],[113.949326,22.2904631],[113.9495758,22.2905618],[113.9498444,22.2906837],[113.9500992,22.2908088],[113.9505495,22.291052],[113.9509401,22.2912856],[113.9513114,22.2915411],[113.9517566,22.2918759],[113.9520892,22.2921539],[113.9524647,22.2925212],[113.9528805,22.2929307],[113.9533863,22.2934172],[113.9538085,22.2938216],[113.9543266,22.2942893],[113.954695,22.2945966],[113.9550772,22.2948869],[113.9554967,22.29518],[113.9559379,22.2954801],[113.9564399,22.2957911],[113.956749,22.2959645],[113.9570241,22.2961085],[113.9577257,22.296457],[113.9583291,22.2967222],[113.9588816,22.2969399],[113.9592695,22.2970776],[113.9598482,22.2972582],[113.9605878,22.2974554],[113.9620526,22.297791]]},"properties":{"key":"way:715059876@detail:455_89","osmType":"way","osmId":715059876,"sourceRegion":"hongkong","featureType":"infrastructure","railClass":"metro","mode":"subway","name":"港铁机场快线","nameEn":"MTR Airport Express","operator":"香港鐵路有限公司 MTR Corporation Limited","network":"港鐵 MTR","usage":"main","status":"operational","color":"#52636f","sourceKey":"way:715059876"}},{"type":"Feature","geometry":{"type":"LineString","coordinates":[[113.9469399,22.2898989],[113.947038,22.2899089],[113.947499,22.2899732],[113.9480195,22.290067]]},"properties":{"key":"way:715059877@detail:455_89","osmType":"way","osmId":715059877,"sourceRegion":"hongkong","featureType":"infrastructure","railClass":"metro","mode":"subway","name":"港鐵機場快綫","nameEn":"MTR Airport Express","operator":"香港鐵路有限公司 MTR Corporation Limited","network":"港鐵 MTR","usage":"main","tunnel":"yes","status":"operational","color":"#52636f","sourceKey":"way:715059877"}},{"type":"Feature","geometry":{"type":"LineString","coordinates":[[113.9462505,22.2897915],[113.9457207,22.2897854],[113.9452026,22.2898121],[113.9446676,22.2898771],[113.9441929,22.2899646],[113.9437601,22.29006]]},"properties":{"key":"way:715059878@detail:455_89","osmType":"way","osmId":715059878,"sourceRegion":"hongkong","featureType":"infrastructure","railClass":"metro","mode":"subway","name":"港铁机场快线","nameEn":"MTR Airport Express","operator":"香港鐵路有限公司 MTR Corporation Limited","network":"港鐵 MTR","usage":"main","status":"operational","color":"#52636f","sourceKey":"way:715059878"}},{"type":"Feature","geometry":{"type":"LineString","coordinates":[[113.948036,22.2900043],[113.9475099,22.2899121],[113.9470447,22.2898532],[113.9469414,22.2898419]]},"properties":{"key":"way:715059879@detail:455_89","osmType":"way","osmId":715059879,"sourceRegion":"hongkong","featureType":"infrastructure","railClass":"metro","mode":"subway","name":"港鐵機場快綫","nameEn":"MTR Airport Express","operator":"香港鐵路有限公司 MTR Corporation Limited","network":"港鐵 MTR","usage":"main","tunnel":"yes","status":"operational","color":"#52636f","sourceKey":"way:715059879"}},{"type":"Feature","geometry":{"type":"LineString","coordinates":[[113.9877222,22.3101891],[113.9885929,22.3102812],[113.9887288,22.3103086],[113.9888594,22.3103489],[113.9889857,22.3104058],[113.9893628,22.3106073]]},"properties":{"key":"way:749846422@detail:455_89","osmType":"way","osmId":749846422,"sourceRegion":"hongkong","featureType":"infrastructure","railClass":"metro","mode":"subway","name":"未命名","operator":"香港鐵路有限公司 MTR Corporation","network":"MTR","service":"yard","status":"operational","color":"#52636f","sourceKey":"way:749846422"}},{"type":"Feature","geometry":{"type":"LineString","coordinates":[[113.989516,22.3107211],[113.9893628,22.3106073],[113.9890002,22.3103694],[113.9888816,22.3103126],[113.9887553,22.3102628],[113.9886211,22.3102281],[113.9882049,22.3101839],[113.9879801,22.3101742],[113.9877222,22.3101891],[113.9872528,22.3101363]]},"properties":{"key":"way:749846423@detail:455_89","osmType":"way","osmId":749846423,"sourceRegion":"hongkong","featureType":"infrastructure","railClass":"metro","mode":"subway","name":"未命名","operator":"香港鐵路有限公司 MTR Corporation","network":"MTR","service":"yard","status":"operational","color":"#52636f","sourceKey":"way:749846423"}},{"type":"Feature","geometry":{"type":"LineString","coordinates":[[113.9426216,22.2904288],[113.9422653,22.2905803]]},"properties":{"key":"way:790974286@detail:455_89","osmType":"way","osmId":790974286,"sourceRegion":"hongkong","featureType":"infrastructure","railClass":"metro","mode":"subway","name":"港铁机场快线","nameEn":"MTR Airport Express","operator":"香港鐵路有限公司 MTR Corporation Limited","network":"港鐵 MTR","usage":"main","status":"operational","color":"#52636f","sourceKey":"way:790974286"}},{"type":"Feature","geometry":{"type":"LineString","coordinates":[[113.9412182,22.2911218],[113.9407646,22.2914263],[113.9403911,22.2916976],[113.9400837,22.2919421],[113.9399966,22.2920142]]},"properties":{"key":"way:790974287@detail:455_89","osmType":"way","osmId":790974287,"sourceRegion":"hongkong","featureType":"infrastructure","railClass":"metro","mode":"subway","name":"港铁机场快线","nameEn":"MTR Airport Express","operator":"香港鐵路有限公司 MTR Corporation Limited","network":"港鐵 MTR","usage":"main","status":"operational","color":"#52636f","sourceKey":"way:790974287"}},{"type":"Feature","geometry":{"type":"LineString","coordinates":[[113.9423078,22.2906186],[113.9426638,22.2904679]]},"properties":{"key":"way:790974288@detail:455_89","osmType":"way","osmId":790974288,"sourceRegion":"hongkong","featureType":"infrastructure","railClass":"metro","mode":"subway","name":"港铁机场快线","nameEn":"MTR Airport Express","operator":"香港鐵路有限公司 MTR Corporation Limited","network":"港鐵 MTR","usage":"main","status":"operational","color":"#52636f","sourceKey":"way:790974288"}},{"type":"Feature","geometry":{"type":"LineString","coordinates":[[113.943767,22.2901203],[113.9442036,22.2900241],[113.9446793,22.2899369],[113.9452102,22.2898743],[113.9457189,22.2898472],[113.9462515,22.2898523]]},"properties":{"key":"way:790974289@detail:455_89","osmType":"way","osmId":790974289,"sourceRegion":"hongkong","featureType":"infrastructure","railClass":"metro","mode":"subway","name":"港铁机场快线","nameEn":"MTR Airport Express","operator":"香港鐵路有限公司 MTR Corporation Limited","network":"港鐵 MTR","usage":"main","status":"operational","color":"#52636f","sourceKey":"way:790974289"}},{"type":"Feature","geometry":{"type":"LineString","coordinates":[[113.9827754,22.3074816],[113.9829051,22.3075575]]},"properties":{"key":"way:916931978@detail:455_89","osmType":"way","osmId":916931978,"sourceRegion":"hongkong","featureType":"infrastructure","railClass":"metro","mode":"subway","name":"未命名","operator":"香港鐵路有限公司 MTR Corporation","network":"MTR","service":"yard","status":"operational","color":"#52636f","sourceKey":"way:916931978"}},{"type":"Feature","geometry":{"type":"LineString","coordinates":[[113.9760307,22.3026975],[113.9756959,22.3025616]]},"properties":{"key":"way:1032890505@detail:455_89","osmType":"way","osmId":1032890505,"sourceRegion":"hongkong","featureType":"infrastructure","railClass":"metro","mode":"subway","name":"未命名","network":"MTR","service":"yard","status":"operational","color":"#52636f","sourceKey":"way:1032890505"}},{"type":"Feature","geometry":{"type":"LineString","coordinates":[[113.9372746,22.3161291],[113.9375769,22.3162104],[113.938966,22.3166609],[113.939139,22.3168036]]},"properties":{"key":"way:1068991107@detail:455_89","osmType":"way","osmId":1068991107,"sourceRegion":"hongkong","featureType":"infrastructure","railClass":"light_rail","mode":"light_rail","name":"香港国际机场旅客捷运系统","nameEn":"Hong Kong International Airport Automated People Mover","usage":"main","tunnel":"yes","status":"operational","color":"#52636f","sourceKey":"way:1068991107"}},{"type":"Feature","geometry":{"type":"LineString","coordinates":[[113.939139,22.3168036],[113.9405485,22.3172597],[113.9437423,22.3182945],[113.9438948,22.3183476]]},"properties":{"key":"way:1068991108@detail:455_89","osmType":"way","osmId":1068991108,"sourceRegion":"hongkong","featureType":"infrastructure","railClass":"light_rail","mode":"light_rail","name":"香港国际机场旅客捷运系统","nameEn":"Hong Kong International Airport Automated People Mover","usage":"main","tunnel":"yes","status":"operational","color":"#52636f","sourceKey":"way:1068991108"}},{"type":"Feature","geometry":{"type":"LineString","coordinates":[[113.9352661,22.3154333],[113.9347889,22.3152966]]},"properties":{"key":"way:1068991109@detail:455_89","osmType":"way","osmId":1068991109,"sourceRegion":"hongkong","featureType":"infrastructure","railClass":"light_rail","mode":"light_rail","name":"香港国际机场旅客捷运系统","nameEn":"Hong Kong International Airport Automated People Mover","usage":"main","tunnel":"yes","status":"operational","color":"#52636f","sourceKey":"way:1068991109"}},{"type":"Feature","geometry":{"type":"LineString","coordinates":[[113.9345123,22.3153039],[113.9357248,22.315664]]},"properties":{"key":"way:1068991110@detail:455_89","osmType":"way","osmId":1068991110,"sourceRegion":"hongkong","featureType":"infrastructure","railClass":"light_rail","mode":"light_rail","name":"香港国际机场旅客捷运系统","nameEn":"Hong Kong International Airport Automated People Mover","usage":"main","tunnel":"yes","status":"operational","color":"#52636f","sourceKey":"way:1068991110"}},{"type":"Feature","geometry":{"type":"LineString","coordinates":[[113.9345123,22.3153039],[113.9347889,22.3152966]]},"properties":{"key":"way:1068991111@detail:455_89","osmType":"way","osmId":1068991111,"sourceRegion":"hongkong","featureType":"infrastructure","railClass":"light_rail","mode":"light_rail","name":"香港国际机场旅客捷运系统","nameEn":"Hong Kong International Airport Automated People Mover","usage":"main","tunnel":"yes","status":"operational","color":"#52636f","sourceKey":"way:1068991111"}},{"type":"Feature","geometry":{"type":"LineString","coordinates":[[113.9384848,22.3166005],[113.9382032,22.3166193],[113.9374521,22.3163985]]},"properties":{"key":"way:1068991113@detail:455_89","osmType":"way","osmId":1068991113,"sourceRegion":"hongkong","featureType":"infrastructure","railClass":"light_rail","mode":"light_rail","name":"香港国际机场旅客捷运系统","nameEn":"Hong Kong International Airport Automated People Mover","usage":"main","tunnel":"yes","status":"operational","color":"#52636f","sourceKey":"way:1068991113"}},{"type":"Feature","geometry":{"type":"LineString","coordinates":[[113.9375298,22.3163039],[113.9371464,22.3162025]]},"properties":{"key":"way:1068991114@detail:455_89","osmType":"way","osmId":1068991114,"sourceRegion":"hongkong","featureType":"infrastructure","railClass":"light_rail","mode":"light_rail","name":"香港国际机场旅客捷运系统","nameEn":"Hong Kong International Airport Automated People Mover","usage":"main","tunnel":"yes","status":"operational","color":"#52636f","sourceKey":"way:1068991114"}},{"type":"Feature","geometry":{"type":"LineString","coordinates":[[113.9372746,22.3161291],[113.9375298,22.3163039],[113.937913,22.3164229],[113.9384848,22.3166005],[113.939139,22.3168036]]},"properties":{"key":"way:1068991115@detail:455_89","osmType":"way","osmId":1068991115,"sourceRegion":"hongkong","featureType":"infrastructure","railClass":"light_rail","mode":"light_rail","name":"香港国际机场旅客捷运系统","nameEn":"Hong Kong International Airport Automated People Mover","usage":"main","tunnel":"yes","status":"operational","color":"#52636f","sourceKey":"way:1068991115"}},{"type":"Feature","geometry":{"type":"LineString","coordinates":[[113.9329863,22.314334],[113.933799,22.314607],[113.934676,22.3149048],[113.935588,22.3155102],[113.9372746,22.3161291]]},"properties":{"key":"way:1068991116@detail:455_89","osmType":"way","osmId":1068991116,"sourceRegion":"hongkong","featureType":"infrastructure","railClass":"light_rail","mode":"light_rail","name":"香港国际机场旅客捷运系统","nameEn":"Hong Kong International Airport Automated People Mover","usage":"main","tunnel":"yes","status":"operational","color":"#52636f","sourceKey":"way:1068991116"}},{"type":"Feature","geometry":{"type":"LineString","coordinates":[[113.9272249,22.312736],[113.9178492,22.3096665]]},"properties":{"key":"way:1068991118@detail:455_89","osmType":"way","osmId":1068991118,"sourceRegion":"hongkong","featureType":"infrastructure","railClass":"light_rail","mode":"light_rail","name":"香港国际机场旅客捷运系统","nameEn":"Hong Kong International Airport Automated People Mover","usage":"main","tunnel":"yes","status":"operational","color":"#52636f","sourceKey":"way:1068991118"}},{"type":"Feature","geometry":{"type":"LineString","coordinates":[[113.9164437,22.3095921],[113.9169529,22.3097448]]},"properties":{"key":"way:1068991119@detail:455_89","osmType":"way","osmId":1068991119,"sourceRegion":"hongkong","featureType":"infrastructure","railClass":"light_rail","mode":"light_rail","name":"香港国际机场旅客捷运系统","nameEn":"Hong Kong International Airport Automated People Mover","usage":"main","tunnel":"yes","status":"operational","color":"#52636f","sourceKey":"way:1068991119"}},{"type":"Feature","geometry":{"type":"LineString","coordinates":[[113.9171521,22.3097169],[113.9164706,22.3095115]]},"properties":{"key":"way:1068991120@detail:455_89","osmType":"way","osmId":1068991120,"sourceRegion":"hongkong","featureType":"infrastructure","railClass":"light_rail","mode":"light_rail","name":"香港国际机场旅客捷运系统","nameEn":"Hong Kong International Airport Automated People Mover","usage":"main","tunnel":"yes","status":"operational","color":"#52636f","sourceKey":"way:1068991120"}},{"type":"Feature","geometry":{"type":"LineString","coordinates":[[113.9171521,22.3097169],[113.9169529,22.3097448]]},"properties":{"key":"way:1068991121@detail:455_89","osmType":"way","osmId":1068991121,"sourceRegion":"hongkong","featureType":"infrastructure","railClass":"light_rail","mode":"light_rail","name":"香港国际机场旅客捷运系统","nameEn":"Hong Kong International Airport Automated People Mover","usage":"main","tunnel":"yes","status":"operational","color":"#52636f","sourceKey":"way:1068991121"}},{"type":"Feature","geometry":{"type":"LineString","coordinates":[[113.9395975,22.2877588],[113.9389602,22.2873134],[113.9386499,22.2871003],[113.938264,22.286809],[113.9378818,22.2865753],[113.9373133,22.2863084],[113.9367154,22.2860751],[113.9363594,22.2859343],[113.9359415,22.285757],[113.9357812,22.2856673],[113.9355884,22.2855425],[113.9353166,22.285335],[113.9351014,22.2851113],[113.9349479,22.2849101],[113.9347939,22.284648],[113.9346756,22.2843821],[113.9345855,22.2841263],[113.9345284,22.2839091],[113.9344662,22.2836308],[113.9344176,22.2833156],[113.934275,22.2811021],[113.9341671,22.2794284]]},"properties":{"key":"way:1176509260@detail:455_89","osmType":"way","osmId":1176509260,"sourceRegion":"hongkong","featureType":"infrastructure","railClass":"construction","mode":"construction","name":"港铁东涌线","nameEn":"MTR Tung Chung Line","operator":"香港鐵路有限公司 MTR Corporation Limited","network":"港鐵 MTR","usage":"main","tunnel":"yes","status":"construction","color":"#52636f","sourceKey":"way:1176509260"}},{"type":"Feature","geometry":{"type":"LineString","coordinates":[[113.9339928,22.2794209],[113.9340912,22.2811279],[113.9342486,22.2838601],[113.9342864,22.2841818],[113.9343346,22.2844203],[113.934398,22.2846419],[113.934545,22.2849737],[113.9347514,22.2852847],[113.9349247,22.285459],[113.9350689,22.2855808],[113.9352668,22.2856927],[113.9361868,22.2860427],[113.9365765,22.2861742],[113.9367233,22.2862238],[113.9373107,22.2864447],[113.9377827,22.2866731],[113.9381207,22.2868716],[113.9383916,22.2870478],[113.9387081,22.2872761],[113.9394856,22.287882]]},"properties":{"key":"way:1176509261@detail:455_89","osmType":"way","osmId":1176509261,"sourceRegion":"hongkong","featureType":"infrastructure","railClass":"construction","mode":"construction","name":"港铁东涌线","nameEn":"MTR Tung Chung Line","operator":"香港鐵路有限公司 MTR Corporation Limited","network":"港鐵 MTR","usage":"main","tunnel":"yes","status":"construction","color":"#52636f","sourceKey":"way:1176509261"}},{"type":"Feature","geometry":{"type":"LineString","coordinates":[[113.9555194,22.2953864],[113.9556944,22.2955279],[113.9558675,22.2956948],[113.9560342,22.2958585],[113.956292,22.2961136],[113.956519,22.2963119],[113.956785,22.2965263],[113.9570072,22.2966655],[113.9572306,22.2967784],[113.9574652,22.2968754],[113.9585923,22.2973062],[113.9597542,22.2977495],[113.9600608,22.2978604],[113.9603197,22.2979293],[113.9605632,22.2979725],[113.9608444,22.2979984],[113.9613206,22.2980174],[113.9618936,22.2980326],[113.962113,22.2980449],[113.9623664,22.2980654]]},"properties":{"key":"way:1176509649@detail:455_89","osmType":"way","osmId":1176509649,"sourceRegion":"hongkong","featureType":"infrastructure","railClass":"construction","mode":"construction","name":"港铁东涌线","nameEn":"MTR Tung Chung Line","operator":"香港鐵路有限公司 MTR Corporation Limited","network":"港鐵 MTR","usage":"main","status":"construction","color":"#52636f","sourceKey":"way:1176509649"}},{"type":"Feature","geometry":{"type":"LineString","coordinates":[[113.9624585,22.2979032],[113.9622429,22.2978965],[113.9620263,22.2978968],[113.9616464,22.2979063],[113.9613519,22.2979022],[113.9610969,22.297889],[113.9608808,22.2978712],[113.9605764,22.2978329],[113.960366,22.2977911],[113.9601287,22.2977231],[113.9598174,22.2976057],[113.9586587,22.2971631],[113.9575228,22.2967349],[113.9573201,22.2966513],[113.9571264,22.2965572],[113.9569116,22.2964357],[113.9567196,22.2963048],[113.9565434,22.2961717],[113.9562952,22.2959592],[113.956091,22.295782],[113.9559779,22.2956794],[113.9558719,22.2955922],[113.9556762,22.2954341]]},"properties":{"key":"way:1176509650@detail:455_89","osmType":"way","osmId":1176509650,"sourceRegion":"hongkong","featureType":"infrastructure","railClass":"construction","mode":"construction","name":"港铁东涌线","nameEn":"MTR Tung Chung Line","operator":"香港鐵路有限公司 MTR Corporation Limited","network":"港鐵 MTR","usage":"main","status":"construction","color":"#52636f","sourceKey":"way:1176509650"}},{"type":"Feature","geometry":{"type":"LineString","coordinates":[[113.9336983,22.3150402],[113.9345123,22.3153039]]},"properties":{"key":"way:1281816681@detail:455_89","osmType":"way","osmId":1281816681,"sourceRegion":"hongkong","featureType":"infrastructure","railClass":"light_rail","mode":"light_rail","name":"香港国际机场旅客捷运系统","nameEn":"Hong Kong International Airport Automated People Mover","usage":"main","tunnel":"yes","status":"operational","color":"#52636f","sourceKey":"way:1281816681"}},{"type":"Feature","geometry":{"type":"LineString","coordinates":[[113.9348189,22.3153052],[113.9347889,22.3152966],[113.934668,22.3152621],[113.9345366,22.3152248],[113.9337274,22.3149623]]},"properties":{"key":"way:1281816682@detail:455_89","osmType":"way","osmId":1281816682,"sourceRegion":"hongkong","featureType":"infrastructure","railClass":"light_rail","mode":"light_rail","name":"香港国际机场旅客捷运系统","nameEn":"Hong Kong International Airport Automated People Mover","usage":"main","tunnel":"yes","status":"operational","color":"#52636f","sourceKey":"way:1281816682"}},{"type":"Feature","geometry":{"type":"LineString","coordinates":[[113.9169529,22.3097448],[113.9177325,22.3099785]]},"properties":{"key":"way:1281816683@detail:455_89","osmType":"way","osmId":1281816683,"sourceRegion":"hongkong","featureType":"infrastructure","railClass":"light_rail","mode":"light_rail","name":"香港国际机场旅客捷运系统","nameEn":"Hong Kong International Airport Automated People Mover","usage":"main","tunnel":"yes","status":"operational","color":"#52636f","sourceKey":"way:1281816683"}},{"type":"Feature","geometry":{"type":"LineString","coordinates":[[113.9177614,22.3099006],[113.9171521,22.3097169]]},"properties":{"key":"way:1281816684@detail:455_89","osmType":"way","osmId":1281816684,"sourceRegion":"hongkong","featureType":"infrastructure","railClass":"light_rail","mode":"light_rail","name":"香港国际机场旅客捷运系统","nameEn":"Hong Kong International Airport Automated People Mover","usage":"main","tunnel":"yes","status":"operational","color":"#52636f","sourceKey":"way:1281816684"}},{"type":"Feature","geometry":{"type":"LineString","coordinates":[[113.9178492,22.3096665],[113.9174697,22.3095512],[113.9170754,22.3095909]]},"properties":{"key":"way:1281816685@detail:455_89","osmType":"way","osmId":1281816685,"sourceRegion":"hongkong","featureType":"infrastructure","railClass":"light_rail","mode":"light_rail","name":"香港国际机场旅客捷运系统","nameEn":"Hong Kong International Airport Automated People Mover","usage":"main","tunnel":"yes","status":"operational","color":"#52636f","sourceKey":"way:1281816685"}},{"type":"Feature","geometry":{"type":"LineString","coordinates":[[113.9276513,22.3128651],[113.9272249,22.312736]]},"properties":{"key":"way:1281816686@detail:455_89","osmType":"way","osmId":1281816686,"sourceRegion":"hongkong","featureType":"infrastructure","railClass":"light_rail","mode":"light_rail","name":"香港國際機場旅客捷運系統","nameEn":"Hong Kong International Airport Automated People Mover","usage":"main","tunnel":"yes","status":"operational","color":"#52636f","sourceKey":"way:1281816686"}},{"type":"Feature","geometry":{"type":"LineString","coordinates":[[113.9399966,22.2920142],[113.9399225,22.2920756],[113.9396344,22.292332]]},"properties":{"key":"way:1345701711@detail:455_89","osmType":"way","osmId":1345701711,"sourceRegion":"hongkong","featureType":"infrastructure","railClass":"metro","mode":"subway","name":"港铁机场快线","nameEn":"MTR Airport Express","operator":"香港鐵路有限公司 MTR Corporation Limited","network":"港鐵 MTR","usage":"main","status":"operational","color":"#52636f","sourceKey":"way:1345701711"}},{"type":"Feature","geometry":{"type":"LineString","coordinates":[[113.9396666,22.2923586],[113.9399433,22.2921104],[113.9400216,22.2920458]]},"properties":{"key":"way:1345701712@detail:455_89","osmType":"way","osmId":1345701712,"sourceRegion":"hongkong","featureType":"infrastructure","railClass":"metro","mode":"subway","name":"港铁机场快线","nameEn":"MTR Airport Express","operator":"香港鐵路有限公司 MTR Corporation Limited","network":"港鐵 MTR","usage":"main","status":"operational","color":"#52636f","sourceKey":"way:1345701712"}},{"type":"Feature","geometry":{"type":"LineString","coordinates":[[113.9462515,22.2898523],[113.9465945,22.2898686],[113.9469399,22.2898989]]},"properties":{"key":"way:1345701713@detail:455_89","osmType":"way","osmId":1345701713,"sourceRegion":"hongkong","featureType":"infrastructure","railClass":"metro","mode":"subway","name":"港鐵機場快綫","nameEn":"MTR Airport Express","operator":"香港鐵路有限公司 MTR Corporation Limited","network":"港鐵 MTR","usage":"main","status":"operational","color":"#52636f","sourceKey":"way:1345701713"}},{"type":"Feature","geometry":{"type":"LineString","coordinates":[[113.9469414,22.2898419],[113.9466002,22.2898105],[113.9462505,22.2897915]]},"properties":{"key":"way:1345701714@detail:455_89","osmType":"way","osmId":1345701714,"sourceRegion":"hongkong","featureType":"infrastructure","railClass":"metro","mode":"subway","name":"港鐵機場快綫","nameEn":"MTR Airport Express","operator":"香港鐵路有限公司 MTR Corporation Limited","network":"港鐵 MTR","usage":"main","status":"operational","color":"#52636f","sourceKey":"way:1345701714"}},{"type":"Feature","geometry":{"type":"LineString","coordinates":[[113.9426638,22.2904679],[113.9427793,22.2904235],[113.9432927,22.2902514],[113.943767,22.2901203]]},"properties":{"key":"way:1345701715@detail:455_89","osmType":"way","osmId":1345701715,"sourceRegion":"hongkong","featureType":"infrastructure","railClass":"metro","mode":"subway","name":"港铁机场快线","nameEn":"MTR Airport Express","operator":"香港鐵路有限公司 MTR Corporation Limited","network":"港鐵 MTR","usage":"main","status":"operational","color":"#52636f","sourceKey":"way:1345701715"}},{"type":"Feature","geometry":{"type":"LineString","coordinates":[[113.9437601,22.29006],[113.9432743,22.2901938],[113.9427599,22.2903746],[113.9426435,22.2904214],[113.9426216,22.2904288]]},"properties":{"key":"way:1345701716@detail:455_89","osmType":"way","osmId":1345701716,"sourceRegion":"hongkong","featureType":"infrastructure","railClass":"metro","mode":"subway","name":"港铁机场快线","nameEn":"MTR Airport Express","operator":"香港鐵路有限公司 MTR Corporation Limited","network":"港鐵 MTR","usage":"main","status":"operational","color":"#52636f","sourceKey":"way:1345701716"}},{"type":"Feature","geometry":{"type":"LineString","coordinates":[[113.9422653,22.2905803],[113.941934,22.2907317],[113.9415357,22.290937],[113.9412182,22.2911218]]},"properties":{"key":"way:1345701717@detail:455_89","osmType":"way","osmId":1345701717,"sourceRegion":"hongkong","featureType":"infrastructure","railClass":"metro","mode":"subway","name":"港铁机场快线","nameEn":"MTR Airport Express","operator":"香港鐵路有限公司 MTR Corporation Limited","network":"港鐵 MTR","usage":"main","status":"operational","color":"#52636f","sourceKey":"way:1345701717"}},{"type":"Feature","geometry":{"type":"LineString","coordinates":[[113.9412494,22.291164],[113.9415629,22.2909795],[113.941958,22.2907767],[113.9423078,22.2906186]]},"properties":{"key":"way:1345701718@detail:455_89","osmType":"way","osmId":1345701718,"sourceRegion":"hongkong","featureType":"infrastructure","railClass":"metro","mode":"subway","name":"港铁机场快线","nameEn":"MTR Airport Express","operator":"香港鐵路有限公司 MTR Corporation Limited","network":"港鐵 MTR","usage":"main","status":"operational","color":"#52636f","sourceKey":"way:1345701718"}},{"type":"Feature","geometry":{"type":"LineString","coordinates":[[113.9672199,22.2989563],[113.9669452,22.2988946],[113.966783,22.2988625],[113.9665197,22.2988219],[113.9663353,22.2987876],[113.966005,22.2987158]]},"properties":{"key":"way:1445438692@detail:455_89","osmType":"way","osmId":1445438692,"sourceRegion":"hongkong","featureType":"infrastructure","railClass":"metro","mode":"subway","name":"未命名","operator":"香港鐵路有限公司 MTR Corporation Limited","network":"港鐵 MTR","service":"crossover","status":"operational","color":"#52636f","sourceKey":"way:1445438692"}},{"type":"Feature","geometry":{"type":"LineString","coordinates":[[113.9659894,22.2987621],[113.9663249,22.2988521],[113.9665024,22.298901],[113.9667513,22.2989781],[113.9669217,22.2990244],[113.9671791,22.2990918]]},"properties":{"key":"way:1445438693@detail:455_89","osmType":"way","osmId":1445438693,"sourceRegion":"hongkong","featureType":"infrastructure","railClass":"metro","mode":"subway","name":"未命名","operator":"香港鐵路有限公司 MTR Corporation Limited","network":"港鐵 MTR","service":"crossover","status":"operational","color":"#52636f","sourceKey":"way:1445438693"}},{"type":"Feature","geometry":{"type":"MultiLineString","coordinates":[[[113.939139,22.3168036],[113.9405485,22.3172597],[113.9437423,22.3182945],[113.9438948,22.3183476]],[[113.9372746,22.3161291],[113.9375769,22.3162104],[113.938966,22.3166609],[113.939139,22.3168036]],[[113.9329863,22.314334],[113.933799,22.314607],[113.934676,22.3149048],[113.935588,22.3155102],[113.9372746,22.3161291]]]},"properties":{"key":"relation:14244774@detail:455_89","osmType":"relation","osmId":14244774,"sourceRegion":"hongkong","featureType":"service","railClass":"light_rail","mode":"light_rail","name":"香港國際機場旅客捷運系統","nameEn":"Hong Kong International Airport Automated People Mover","operator":"香港鐵路有限公司 MTR Corporation Limited","status":"operational","color":"#3387c8","sourceKey":"relation:14244774"}},{"type":"Feature","geometry":{"type":"MultiLineString","coordinates":[[[113.9329863,22.314334],[113.933799,22.314607],[113.934676,22.3149048],[113.935588,22.3155102],[113.9372746,22.3161291]],[[113.9372746,22.3161291],[113.9375298,22.3163039],[113.937913,22.3164229],[113.9384848,22.3166005],[113.939139,22.3168036]],[[113.939139,22.3168036],[113.9405485,22.3172597],[113.9437423,22.3182945],[113.9438948,22.3183476]]]},"properties":{"key":"relation:14244775@detail:455_89","osmType":"relation","osmId":14244775,"sourceRegion":"hongkong","featureType":"service","railClass":"light_rail","mode":"light_rail","name":"香港國際機場旅客捷運系統","nameEn":"Hong Kong International Airport Automated People Mover","operator":"香港鐵路有限公司 MTR Corporation Limited","status":"operational","color":"#5969c9","sourceKey":"relation:14244775"}},{"type":"Feature","geometry":{"type":"LineString","coordinates":[[113.9272249,22.312736],[113.9178492,22.3096665]]},"properties":{"key":"relation:14244776@detail:455_89","osmType":"relation","osmId":14244776,"sourceRegion":"hongkong","featureType":"service","railClass":"light_rail","mode":"light_rail","name":"APM T1: Midfield Concourse => West Hall","nameEn":"APM T1: Midfield Concourse => West Hall","operator":"香港鐵路有限公司 MTR Corporation Limited","status":"operational","color":"#d7a51e","sourceKey":"relation:14244776"}},{"type":"Feature","geometry":{"type":"LineString","coordinates":[[113.9272249,22.312736],[113.9178492,22.3096665]]},"properties":{"key":"relation:14244777@detail:455_89","osmType":"relation","osmId":14244777,"sourceRegion":"hongkong","featureType":"service","railClass":"light_rail","mode":"light_rail","name":"APM T1: West Hall => Midfield Concourse","operator":"香港鐵路有限公司 MTR Corporation Limited","status":"operational","color":"#e7822f","sourceKey":"relation:14244777"}},{"type":"Feature","geometry":{"type":"LineString","coordinates":[[113.9177325,22.3099785],[113.927137,22.3129689],[113.9298268,22.3138181],[113.9336983,22.3150402]]},"properties":{"key":"relation:14244778@detail:455_89","osmType":"relation","osmId":14244778,"sourceRegion":"hongkong","featureType":"service","railClass":"light_rail","mode":"light_rail","name":"APM T1: Midfield Concourse => East Hall","operator":"香港鐵路有限公司 MTR Corporation Limited","status":"operational","color":"#c94f8c","sourceKey":"relation:14244778"}},{"type":"Feature","geometry":{"type":"LineString","coordinates":[[113.9337274,22.3149623],[113.9327018,22.314638],[113.9317873,22.3143489],[113.9298556,22.3137401],[113.9271659,22.312891],[113.9177614,22.3099006]]},"properties":{"key":"relation:14244779@detail:455_89","osmType":"relation","osmId":14244779,"sourceRegion":"hongkong","featureType":"service","railClass":"light_rail","mode":"light_rail","name":"APM T1: East Hall => Midfield Concourse","operator":"香港鐵路有限公司 MTR Corporation Limited","status":"operational","color":"#9a5b3f","sourceKey":"relation:14244779"}},{"type":"Feature","geometry":{"type":"Point","coordinates":[113.9365583,22.3158892]},"properties":{"key":"node:253333824","osmType":"node","osmId":253333824,"sourceRegion":"guangdong","featureType":"station","railClass":"metro","mode":"stop","name":"機場","nameEn":"Airport","ref":"AIR","status":"operational","color":"#8c5abe","dataOrigin":"datum-2026-08-01","sourceKey":"node:253333824","stationGroup":"機場","hasOperationalRail":true,"hasConstructionRail":false}},{"type":"Feature","geometry":{"type":"Point","coordinates":[113.9790219,22.4117934]},"properties":{"key":"node:279248223","osmType":"node","osmId":279248223,"sourceRegion":"guangdong","featureType":"station","railClass":"metro","mode":"stop","name":"兆康","nameEn":"Siu Hong","ref":"SIH","status":"operational","color":"#d7a51e","dataOrigin":"datum-2026-08-01","sourceKey":"node:279248223","stationGroup":"兆康","hasOperationalRail":true,"hasConstructionRail":false}},{"type":"Feature","geometry":{"type":"Point","coordinates":[113.9733214,22.3952837]},"properties":{"key":"node:279248230","osmType":"node","osmId":279248230,"sourceRegion":"guangdong","featureType":"station","railClass":"metro","mode":"stop","name":"屯門","nameEn":"Tuen Mun","ref":"TUM","status":"operational","color":"#d94c4c","dataOrigin":"datum-2026-08-01","sourceKey":"node:279248230","stationGroup":"屯門","hasOperationalRail":true,"hasConstructionRail":false}},{"type":"Feature","geometry":{"type":"Point","coordinates":[113.9993853,22.4558814]},"properties":{"key":"node:279447559","osmType":"node","osmId":279447559,"sourceRegion":"guangdong","featureType":"station","railClass":"light_rail","mode":"stop","name":"天瑞","nameEn":"Tin Shui","ref":"460","operator":"香港鐵路有限公司 MTR Corporation Limited","network":"港鐵 MTR","status":"operational","color":"#3387c8","dataOrigin":"datum-2026-08-01","sourceKey":"node:279447559","stationGroup":"天瑞","hasOperationalRail":true,"hasConstructionRail":false}},{"type":"Feature","geometry":{"type":"Point","coordinates":[113.9995899,22.4596684]},"properties":{"key":"node:279447571","osmType":"node","osmId":279447571,"sourceRegion":"guangdong","featureType":"station","railClass":"light_rail","mode":"stop","name":"翠湖","nameEn":"Chestwood","ref":"490","operator":"香港鐵路有限公司 MTR Corporation Limited","network":"港鐵 MTR","status":"operational","color":"#8c5abe","dataOrigin":"datum-2026-08-01","sourceKey":"node:279447571","stationGroup":"翠湖","hasOperationalRail":true,"hasConstructionRail":false}},{"type":"Feature","geometry":{"type":"Point","coordinates":[113.9414054,22.2891578]},"properties":{"key":"node:288376094","osmType":"node","osmId":288376094,"sourceRegion":"guangdong","featureType":"station","railClass":"metro","mode":"stop","name":"東涌","nameEn":"Tung Chung","ref":"TUC","status":"operational","color":"#e7822f","dataOrigin":"datum-2026-08-01","sourceKey":"node:288376094","stationGroup":"東涌","hasOperationalRail":true,"hasConstructionRail":false}},{"type":"Feature","geometry":{"type":"Point","coordinates":[113.9767772,22.3947007]},"properties":{"key":"node:299402684","osmType":"node","osmId":299402684,"sourceRegion":"guangdong","featureType":"station","railClass":"light_rail","mode":"stop","name":"杯渡","nameEn":"Pui To","ref":"300","operator":"香港鐵路有限公司 MTR Corporation Limited","network":"港鐵 MTR","status":"operational","color":"#e7822f","dataOrigin":"datum-2026-08-01","sourceKey":"node:299402684","stationGroup":"杯渡","hasOperationalRail":true,"hasConstructionRail":false}},{"type":"Feature","geometry":{"type":"Point","coordinates":[113.9730817,22.3938547]},"properties":{"key":"node:299402688","osmType":"node","osmId":299402688,"sourceRegion":"guangdong","featureType":"station","railClass":"light_rail","mode":"stop","name":"屯門","nameEn":"Tuen Mun","ref":"295","operator":"香港鐵路有限公司 MTR Corporation Limited","network":"港鐵 MTR","status":"operational","color":"#d94c4c","dataOrigin":"datum-2026-08-01","sourceKey":"node:299402688","stationGroup":"屯門","hasOperationalRail":true,"hasConstructionRail":false}},{"type":"Feature","geometry":{"type":"Point","coordinates":[113.9787706,22.4067658]},"properties":{"key":"node:489432549","osmType":"node","osmId":489432549,"sourceRegion":"guangdong","featureType":"station","railClass":"light_rail","mode":"stop","name":"鳳地","nameEn":"Fung Tei","ref":"340","operator":"香港鐵路有限公司 MTR Corporation Limited","network":"港鐵 MTR","status":"operational","color":"#e7822f","dataOrigin":"datum-2026-08-01","sourceKey":"node:489432549","stationGroup":"鳳地","hasOperationalRail":true,"hasConstructionRail":false}},{"type":"Feature","geometry":{"type":"Point","coordinates":[113.9794346,22.4031419]},"properties":{"key":"node:489432569","osmType":"node","osmId":489432569,"sourceRegion":"guangdong","featureType":"station","railClass":"light_rail","mode":"stop","name":"景峰","nameEn":"Prime View","ref":"330","operator":"香港鐵路有限公司 MTR Corporation Limited","network":"港鐵 MTR","status":"operational","color":"#3387c8","dataOrigin":"datum-2026-08-01","sourceKey":"node:489432569","stationGroup":"景峰","hasOperationalRail":true,"hasConstructionRail":false}},{"type":"Feature","geometry":{"type":"Point","coordinates":[113.9780179,22.4002502]},"properties":{"key":"node:489432593","osmType":"node","osmId":489432593,"sourceRegion":"guangdong","featureType":"station","railClass":"light_rail","mode":"stop","name":"新墟","nameEn":"San Hui","ref":"320","operator":"香港鐵路有限公司 MTR Corporation Limited","network":"港鐵 MTR","status":"operational","color":"#9a5b3f","dataOrigin":"datum-2026-08-01","sourceKey":"node:489432593","stationGroup":"新墟","hasOperationalRail":true,"hasConstructionRail":false}},{"type":"Feature","geometry":{"type":"Point","coordinates":[113.9728873,22.3967567]},"properties":{"key":"node:696727744","osmType":"node","osmId":696727744,"sourceRegion":"guangdong","featureType":"station","railClass":"light_rail","mode":"stop","name":"河田","nameEn":"Ho Tin","ref":"070","operator":"香港鐵路有限公司 MTR Corporation Limited","network":"港鐵 MTR","status":"operational","color":"#d94c4c","dataOrigin":"datum-2026-08-01","sourceKey":"node:696727744","stationGroup":"河田","hasOperationalRail":true,"hasConstructionRail":false}},{"type":"Feature","geometry":{"type":"Point","coordinates":[113.9668826,22.3752432]},"properties":{"key":"node:770928088","osmType":"node","osmId":770928088,"sourceRegion":"guangdong","featureType":"station","railClass":"light_rail","mode":"stop","name":"兆禧","nameEn":"Siu Hei","ref":"240","operator":"香港鐵路有限公司 MTR Corporation Limited","network":"港鐵 MTR","status":"operational","color":"#d7a51e","dataOrigin":"datum-2026-08-01","sourceKey":"node:770928088","stationGroup":"兆禧","hasOperationalRail":true,"hasConstructionRail":false}},{"type":"Feature","geometry":{"type":"Point","coordinates":[113.9669957,22.3903668]},"properties":{"key":"node:770928241","osmType":"node","osmId":770928241,"sourceRegion":"guangdong","featureType":"station","railClass":"light_rail","mode":"stop","name":"青山村","nameEn":"Tsing Shan Tsuen","ref":"040","operator":"香港鐵路有限公司 MTR Corporation Limited","network":"港鐵 MTR","status":"operational","color":"#3387c8","dataOrigin":"datum-2026-08-01","sourceKey":"node:770928241","stationGroup":"青山村","hasOperationalRail":true,"hasConstructionRail":false}},{"type":"Feature","geometry":{"type":"Point","coordinates":[113.9666595,22.3725334]},"properties":{"key":"node:770928263","osmType":"node","osmId":770928263,"sourceRegion":"guangdong","featureType":"station","railClass":"light_rail","mode":"stop","name":"屯門碼頭","nameEn":"Tuen Mun Ferry Pier","ref":"001","operator":"香港鐵路有限公司 MTR Corporation Limited","network":"港鐵 MTR","status":"operational","color":"#52a458","dataOrigin":"datum-2026-08-01","sourceKey":"node:770928263","stationGroup":"屯門碼頭","hasOperationalRail":true,"hasConstructionRail":false}},{"type":"Feature","geometry":{"type":"Point","coordinates":[113.9674427,22.394355]},"properties":{"key":"node:770928284","osmType":"node","osmId":770928284,"sourceRegion":"guangdong","featureType":"station","railClass":"light_rail","mode":"stop","name":"青雲","nameEn":"Tsing Wun","ref":"050","operator":"香港鐵路有限公司 MTR Corporation Limited","network":"港鐵 MTR","status":"operational","color":"#8c5abe","dataOrigin":"datum-2026-08-01","sourceKey":"node:770928284","stationGroup":"青雲","hasOperationalRail":true,"hasConstructionRail":false}},{"type":"Feature","geometry":{"type":"Point","coordinates":[113.9666623,22.3984819]},"properties":{"key":"node:770928863","osmType":"node","osmId":770928863,"sourceRegion":"guangdong","featureType":"station","railClass":"light_rail","mode":"stop","name":"山景 (北)","nameEn":"Shan King (North)","ref":"180","operator":"香港鐵路有限公司 MTR Corporation Limited","network":"港鐵 MTR","status":"operational","color":"#e7822f","dataOrigin":"datum-2026-08-01","sourceKey":"node:770928863","stationGroup":"山景北","hasOperationalRail":true,"hasConstructionRail":false}},{"type":"Feature","geometry":{"type":"Point","coordinates":[113.9660737,22.3966967]},"properties":{"key":"node:770928867","osmType":"node","osmId":770928867,"sourceRegion":"guangdong","featureType":"station","railClass":"light_rail","mode":"stop","name":"山景 (南)","nameEn":"Shan King (South)","ref":"190","operator":"香港鐵路有限公司 MTR Corporation Limited","network":"港鐵 MTR","status":"operational","color":"#e7822f","dataOrigin":"datum-2026-08-01","sourceKey":"node:770928867","stationGroup":"山景南","hasOperationalRail":true,"hasConstructionRail":false}},{"type":"Feature","geometry":{"type":"Point","coordinates":[113.9633523,22.3818312]},"properties":{"key":"node:770940634","osmType":"node","osmId":770940634,"sourceRegion":"guangdong","featureType":"station","railClass":"light_rail","mode":"stop","name":"輕鐵車廠","nameEn":"Light Rail Depot","ref":"020","operator":"香港鐵路有限公司 MTR Corporation Limited","network":"港鐵 MTR","status":"operational","color":"#3387c8","dataOrigin":"datum-2026-08-01","sourceKey":"node:770940634","stationGroup":"輕鐵車廠","hasOperationalRail":true,"hasConstructionRail":false}},{"type":"Feature","geometry":{"type":"Point","coordinates":[113.9611818,22.3750618]},"properties":{"key":"node:770946515","osmType":"node","osmId":770946515,"sourceRegion":"guangdong","featureType":"station","railClass":"light_rail","mode":"stop","name":"美樂","nameEn":"Melody Garden","ref":"010","operator":"香港鐵路有限公司 MTR Corporation Limited","network":"港鐵 MTR","status":"operational","color":"#e7822f","dataOrigin":"datum-2026-08-01","sourceKey":"node:770946515","stationGroup":"美樂","hasOperationalRail":true,"hasConstructionRail":false}},{"type":"Feature","geometry":{"type":"Point","coordinates":[113.9767297,22.382554]},"properties":{"key":"node:797775539","osmType":"node","osmId":797775539,"sourceRegion":"guangdong","featureType":"station","railClass":"light_rail","mode":"stop","name":"三聖","nameEn":"Sam Shing","ref":"920","operator":"香港鐵路有限公司 MTR Corporation Limited","network":"港鐵 MTR","status":"operational","color":"#8c5abe","dataOrigin":"datum-2026-08-01","sourceKey":"node:797775539","stationGroup":"三聖","hasOperationalRail":true,"hasConstructionRail":false}},{"type":"Feature","geometry":{"type":"Point","coordinates":[113.9750578,22.3845814]},"properties":{"key":"node:797776531","osmType":"node","osmId":797776531,"sourceRegion":"guangdong","featureType":"station","railClass":"light_rail","mode":"stop","name":"兆麟","nameEn":"Siu Lun","ref":"265","operator":"香港鐵路有限公司 MTR Corporation Limited","network":"港鐵 MTR","status":"operational","color":"#3387c8","dataOrigin":"datum-2026-08-01","sourceKey":"node:797776531","stationGroup":"兆麟","hasOperationalRail":true,"hasConstructionRail":false}},{"type":"Feature","geometry":{"type":"Point","coordinates":[113.975831,22.4035202]},"properties":{"key":"node:797780347","osmType":"node","osmId":797780347,"sourceRegion":"guangdong","featureType":"station","railClass":"light_rail","mode":"stop","name":"澤豐","nameEn":"Affluence","ref":"080","operator":"香港鐵路有限公司 MTR Corporation Limited","network":"港鐵 MTR","status":"operational","color":"#d94c4c","dataOrigin":"datum-2026-08-01","sourceKey":"node:797780347","stationGroup":"澤豐","hasOperationalRail":true,"hasConstructionRail":false}},{"type":"Feature","geometry":{"type":"Point","coordinates":[113.9770954,22.4078144]},"properties":{"key":"node:797780349","osmType":"node","osmId":797780349,"sourceRegion":"guangdong","featureType":"station","railClass":"light_rail","mode":"stop","name":"屯門醫院","nameEn":"Tuen Mun Hospital","ref":"090","operator":"香港鐵路有限公司 MTR Corporation Limited","network":"港鐵 MTR","status":"operational","color":"#52a458","dataOrigin":"datum-2026-08-01","sourceKey":"node:797780349","stationGroup":"屯門醫院","hasOperationalRail":true,"hasConstructionRail":false}},{"type":"Feature","geometry":{"type":"Point","coordinates":[113.9692039,22.4067815]},"properties":{"key":"node:1710824646","osmType":"node","osmId":1710824646,"sourceRegion":"guangdong","featureType":"station","railClass":"light_rail","mode":"stop","name":"建生","nameEn":"Kin Sang","ref":"130","operator":"香港鐵路有限公司 MTR Corporation Limited","network":"港鐵 MTR","status":"operational","color":"#8c5abe","dataOrigin":"datum-2026-08-01","sourceKey":"node:1710824646","stationGroup":"建生","hasOperationalRail":true,"hasConstructionRail":false}},{"type":"Feature","geometry":{"type":"Point","coordinates":[113.9635618,22.40668]},"properties":{"key":"node:1710824696","osmType":"node","osmId":1710824696,"sourceRegion":"guangdong","featureType":"station","railClass":"light_rail","mode":"stop","name":"良景","nameEn":"Leung King","ref":"150","operator":"香港鐵路有限公司 MTR Corporation Limited","network":"港鐵 MTR","status":"operational","color":"#52a458","dataOrigin":"datum-2026-08-01","sourceKey":"node:1710824696","stationGroup":"良景","hasOperationalRail":true,"hasConstructionRail":false}},{"type":"Feature","geometry":{"type":"Point","coordinates":[113.9741138,22.3998135]},"properties":{"key":"node:1711045136","osmType":"node","osmId":1711045136,"sourceRegion":"guangdong","featureType":"station","railClass":"light_rail","mode":"stop","name":"蔡意橋","nameEn":"Choy Yee Bridge","ref":"075","operator":"香港鐵路有限公司 MTR Corporation Limited","network":"港鐵 MTR","status":"operational","color":"#d94c4c","dataOrigin":"datum-2026-08-01","sourceKey":"node:1711045136","stationGroup":"蔡意橋","hasOperationalRail":true,"hasConstructionRail":false}},{"type":"Feature","geometry":{"type":"Point","coordinates":[113.9730445,22.3832794]},"properties":{"key":"node:1712155449","osmType":"node","osmId":1712155449,"sourceRegion":"guangdong","featureType":"station","railClass":"light_rail","mode":"stop","name":"豐景園","nameEn":"Goodview Garden","ref":"260","operator":"香港鐵路有限公司 MTR Corporation Limited","network":"港鐵 MTR","status":"operational","color":"#8c5abe","dataOrigin":"datum-2026-08-01","sourceKey":"node:1712155449","stationGroup":"豐景園","hasOperationalRail":true,"hasConstructionRail":false}},{"type":"Feature","geometry":{"type":"Point","coordinates":[113.9650155,22.3852754]},"properties":{"key":"node:1712155450","osmType":"node","osmId":1712155450,"sourceRegion":"guangdong","featureType":"station","railClass":"light_rail","mode":"stop","name":"龍門","nameEn":"Lung Mun","ref":"030","operator":"香港鐵路有限公司 MTR Corporation Limited","network":"港鐵 MTR","status":"operational","color":"#52a458","dataOrigin":"datum-2026-08-01","sourceKey":"node:1712155450","stationGroup":"龍門","hasOperationalRail":true,"hasConstructionRail":false}},{"type":"Feature","geometry":{"type":"Point","coordinates":[113.9751228,22.3875741]},"properties":{"key":"node:1712155451","osmType":"node","osmId":1712155451,"sourceRegion":"guangdong","featureType":"station","railClass":"light_rail","mode":"stop","name":"安定","nameEn":"On Ting","ref":"270","operator":"香港鐵路有限公司 MTR Corporation Limited","network":"港鐵 MTR","status":"operational","color":"#e7822f","dataOrigin":"datum-2026-08-01","sourceKey":"node:1712155451","stationGroup":"安定","hasOperationalRail":true,"hasConstructionRail":false}},{"type":"Feature","geometry":{"type":"Point","coordinates":[113.9749779,22.3913397]},"properties":{"key":"node:1712155452","osmType":"node","osmId":1712155452,"sourceRegion":"guangdong","featureType":"station","railClass":"light_rail","mode":"stop","name":"市中心","nameEn":"Town Centre","ref":"280","operator":"香港鐵路有限公司 MTR Corporation Limited","network":"港鐵 MTR","status":"operational","color":"#52a458","dataOrigin":"datum-2026-08-01","sourceKey":"node:1712155452","stationGroup":"市中心","hasOperationalRail":true,"hasConstructionRail":false}},{"type":"Feature","geometry":{"type":"Point","coordinates":[113.9758686,22.4035116]},"properties":{"key":"node:1716515023","osmType":"node","osmId":1716515023,"sourceRegion":"guangdong","featureType":"station","railClass":"light_rail","mode":"stop","name":"澤豐","nameEn":"Affluence","ref":"080","operator":"香港鐵路有限公司 MTR Corporation Limited","network":"港鐵 MTR","status":"operational","color":"#d94c4c","dataOrigin":"datum-2026-08-01","sourceKey":"node:1716515023","stationGroup":"澤豐","hasOperationalRail":true,"hasConstructionRail":false}},{"type":"Feature","geometry":{"type":"Point","coordinates":[113.9617525,22.3781351]},"properties":{"key":"node:1716515024","osmType":"node","osmId":1716515024,"sourceRegion":"guangdong","featureType":"station","railClass":"light_rail","mode":"stop","name":"蝴蝶","nameEn":"Butterfly","ref":"015","operator":"香港鐵路有限公司 MTR Corporation Limited","network":"港鐵 MTR","status":"operational","color":"#3387c8","dataOrigin":"datum-2026-08-01","sourceKey":"node:1716515024","stationGroup":"蝴蝶","hasOperationalRail":true,"hasConstructionRail":false}},{"type":"Feature","geometry":{"type":"Point","coordinates":[113.9617261,22.378153]},"properties":{"key":"node:1716515025","osmType":"node","osmId":1716515025,"sourceRegion":"guangdong","featureType":"station","railClass":"light_rail","mode":"stop","name":"蝴蝶","nameEn":"Butterfly","ref":"015","operator":"香港鐵路有限公司 MTR Corporation Limited","network":"港鐵 MTR","status":"operational","color":"#3387c8","dataOrigin":"datum-2026-08-01","sourceKey":"node:1716515025","stationGroup":"蝴蝶","hasOperationalRail":true,"hasConstructionRail":false}},{"type":"Feature","geometry":{"type":"Point","coordinates":[113.9725636,22.4073283]},"properties":{"key":"node:1716515027","osmType":"node","osmId":1716515027,"sourceRegion":"guangdong","featureType":"station","railClass":"light_rail","mode":"stop","name":"青松","nameEn":"Ching Chung","ref":"120","operator":"香港鐵路有限公司 MTR Corporation Limited","network":"港鐵 MTR","status":"operational","color":"#e7822f","dataOrigin":"datum-2026-08-01","sourceKey":"node:1716515027","stationGroup":"青松","hasOperationalRail":true,"hasConstructionRail":false}},{"type":"Feature","geometry":{"type":"Point","coordinates":[113.9725555,22.4073625]},"properties":{"key":"node:1716515028","osmType":"node","osmId":1716515028,"sourceRegion":"guangdong","featureType":"station","railClass":"light_rail","mode":"stop","name":"青松","nameEn":"Ching Chung","ref":"120","operator":"香港鐵路有限公司 MTR Corporation Limited","network":"港鐵 MTR","status":"operational","color":"#e7822f","dataOrigin":"datum-2026-08-01","sourceKey":"node:1716515028","stationGroup":"青松","hasOperationalRail":true,"hasConstructionRail":false}},{"type":"Feature","geometry":{"type":"Point","coordinates":[113.9745756,22.4003342]},"properties":{"key":"node:1716515029","osmType":"node","osmId":1716515029,"sourceRegion":"guangdong","featureType":"station","railClass":"light_rail","mode":"stop","name":"蔡意橋","nameEn":"Choy Yee Bridge","ref":"075","operator":"香港鐵路有限公司 MTR Corporation Limited","network":"港鐵 MTR","status":"operational","color":"#d94c4c","dataOrigin":"datum-2026-08-01","sourceKey":"node:1716515029","stationGroup":"蔡意橋","hasOperationalRail":true,"hasConstructionRail":false}},{"type":"Feature","geometry":{"type":"Point","coordinates":[113.978811,22.4067586]},"properties":{"key":"node:1716515030","osmType":"node","osmId":1716515030,"sourceRegion":"guangdong","featureType":"station","railClass":"light_rail","mode":"stop","name":"鳳地","nameEn":"Fung Tei","ref":"340","operator":"香港鐵路有限公司 MTR Corporation Limited","network":"港鐵 MTR","status":"operational","color":"#e7822f","dataOrigin":"datum-2026-08-01","sourceKey":"node:1716515030","stationGroup":"鳳地","hasOperationalRail":true,"hasConstructionRail":false}},{"type":"Feature","geometry":{"type":"Point","coordinates":[113.9731181,22.397448]},"properties":{"key":"node:1716515032","osmType":"node","osmId":1716515032,"sourceRegion":"guangdong","featureType":"station","railClass":"light_rail","mode":"stop","name":"河田","nameEn":"Ho Tin","ref":"070","operator":"香港鐵路有限公司 MTR Corporation Limited","network":"港鐵 MTR","status":"operational","color":"#8c5abe","dataOrigin":"datum-2026-08-01","sourceKey":"node:1716515032","stationGroup":"河田","hasOperationalRail":true,"hasConstructionRail":false}},{"type":"Feature","geometry":{"type":"Point","coordinates":[113.9774588,22.3974043]},"properties":{"key":"node:1716515033","osmType":"node","osmId":1716515033,"sourceRegion":"guangdong","featureType":"station","railClass":"light_rail","mode":"stop","name":"何福堂","nameEn":"Hoh Fuk Tong","ref":"310","operator":"香港鐵路有限公司 MTR Corporation Limited","network":"港鐵 MTR","status":"operational","color":"#e7822f","dataOrigin":"datum-2026-08-01","sourceKey":"node:1716515033","stationGroup":"何福堂","hasOperationalRail":true,"hasConstructionRail":false}},{"type":"Feature","geometry":{"type":"Point","coordinates":[113.9774907,22.3974112]},"properties":{"key":"node:1716515034","osmType":"node","osmId":1716515034,"sourceRegion":"guangdong","featureType":"station","railClass":"light_rail","mode":"stop","name":"何福堂","nameEn":"Hoh Fuk Tong","ref":"310","operator":"香港鐵路有限公司 MTR Corporation Limited","network":"港鐵 MTR","status":"operational","color":"#e7822f","dataOrigin":"datum-2026-08-01","sourceKey":"node:1716515034","stationGroup":"何福堂","hasOperationalRail":true,"hasConstructionRail":false}},{"type":"Feature","geometry":{"type":"Point","coordinates":[113.9763956,22.4103997]},"properties":{"key":"node:1716515035","osmType":"node","osmId":1716515035,"sourceRegion":"guangdong","featureType":"station","railClass":"light_rail","mode":"stop","name":"麒麟","nameEn":"Kei Lun","ref":"110","operator":"香港鐵路有限公司 MTR Corporation Limited","network":"港鐵 MTR","status":"operational","color":"#c94f8c","dataOrigin":"datum-2026-08-01","sourceKey":"node:1716515035","stationGroup":"麒麟","hasOperationalRail":true,"hasConstructionRail":false}},{"type":"Feature","geometry":{"type":"Point","coordinates":[113.9763848,22.4110146]},"properties":{"key":"node:1716515036","osmType":"node","osmId":1716515036,"sourceRegion":"guangdong","featureType":"station","railClass":"light_rail","mode":"stop","name":"麒麟","nameEn":"Kei Lun","ref":"110","operator":"香港鐵路有限公司 MTR Corporation Limited","network":"港鐵 MTR","status":"operational","color":"#c94f8c","dataOrigin":"datum-2026-08-01","sourceKey":"node:1716515036","stationGroup":"麒麟","hasOperationalRail":true,"hasConstructionRail":false}},{"type":"Feature","geometry":{"type":"Point","coordinates":[113.9688962,22.3951593]},"properties":{"key":"node:1716515037","osmType":"node","osmId":1716515037,"sourceRegion":"guangdong","featureType":"station","railClass":"light_rail","mode":"stop","name":"建安","nameEn":"Kin On","ref":"060","operator":"香港鐵路有限公司 MTR Corporation Limited","network":"港鐵 MTR","status":"operational","color":"#3387c8","dataOrigin":"datum-2026-08-01","sourceKey":"node:1716515037","stationGroup":"建安","hasOperationalRail":true,"hasConstructionRail":false}},{"type":"Feature","geometry":{"type":"Point","coordinates":[113.9689046,22.3951896]},"properties":{"key":"node:1716515038","osmType":"node","osmId":1716515038,"sourceRegion":"guangdong","featureType":"station","railClass":"light_rail","mode":"stop","name":"建安","nameEn":"Kin On","ref":"060","operator":"香港鐵路有限公司 MTR Corporation Limited","network":"港鐵 MTR","status":"operational","color":"#3387c8","dataOrigin":"datum-2026-08-01","sourceKey":"node:1716515038","stationGroup":"建安","hasOperationalRail":true,"hasConstructionRail":false}},{"type":"Feature","geometry":{"type":"Point","coordinates":[113.9691898,22.4067479]},"properties":{"key":"node:1716515042","osmType":"node","osmId":1716515042,"sourceRegion":"guangdong","featureType":"station","railClass":"light_rail","mode":"stop","name":"建生","nameEn":"Kin Sang","ref":"130","operator":"香港鐵路有限公司 MTR Corporation Limited","network":"港鐵 MTR","status":"operational","color":"#8c5abe","dataOrigin":"datum-2026-08-01","sourceKey":"node:1716515042","stationGroup":"建生","hasOperationalRail":true,"hasConstructionRail":false}},{"type":"Feature","geometry":{"type":"Point","coordinates":[113.9635936,22.4066563]},"properties":{"key":"node:1716515044","osmType":"node","osmId":1716515044,"sourceRegion":"guangdong","featureType":"station","railClass":"light_rail","mode":"stop","name":"良景","nameEn":"Leung King","ref":"150","operator":"香港鐵路有限公司 MTR Corporation Limited","network":"港鐵 MTR","status":"operational","color":"#52a458","dataOrigin":"datum-2026-08-01","sourceKey":"node:1716515044","stationGroup":"良景","hasOperationalRail":true,"hasConstructionRail":false}},{"type":"Feature","geometry":{"type":"Point","coordinates":[113.9633926,22.3818228]},"properties":{"key":"node:1716515047","osmType":"node","osmId":1716515047,"sourceRegion":"guangdong","featureType":"station","railClass":"light_rail","mode":"stop","name":"輕鐵車廠","nameEn":"Light Rail Depot","ref":"020","operator":"香港鐵路有限公司 MTR Corporation Limited","network":"港鐵 MTR","status":"operational","color":"#3387c8","dataOrigin":"datum-2026-08-01","sourceKey":"node:1716515047","stationGroup":"輕鐵車廠","hasOperationalRail":true,"hasConstructionRail":false}},{"type":"Feature","geometry":{"type":"Point","coordinates":[113.9650567,22.3852573]},"properties":{"key":"node:1716515051","osmType":"node","osmId":1716515051,"sourceRegion":"guangdong","featureType":"station","railClass":"light_rail","mode":"stop","name":"龍門","nameEn":"Lung Mun","ref":"030","operator":"香港鐵路有限公司 MTR Corporation Limited","network":"港鐵 MTR","status":"operational","color":"#52a458","dataOrigin":"datum-2026-08-01","sourceKey":"node:1716515051","stationGroup":"龍門","hasOperationalRail":true,"hasConstructionRail":false}},{"type":"Feature","geometry":{"type":"Point","coordinates":[113.9672736,22.397149]},"properties":{"key":"node:1716515053","osmType":"node","osmId":1716515053,"sourceRegion":"guangdong","featureType":"station","railClass":"light_rail","mode":"stop","name":"鳴琴","nameEn":"Ming Kum","ref":"200","operator":"香港鐵路有限公司 MTR Corporation Limited","network":"港鐵 MTR","status":"operational","color":"#9a5b3f","dataOrigin":"datum-2026-08-01","sourceKey":"node:1716515053","stationGroup":"鳴琴","hasOperationalRail":true,"hasConstructionRail":false}},{"type":"Feature","geometry":{"type":"Point","coordinates":[113.9673172,22.3971513]},"properties":{"key":"node:1716515054","osmType":"node","osmId":1716515054,"sourceRegion":"guangdong","featureType":"station","railClass":"light_rail","mode":"stop","name":"鳴琴","nameEn":"Ming Kum","ref":"200","operator":"香港鐵路有限公司 MTR Corporation Limited","network":"港鐵 MTR","status":"operational","color":"#9a5b3f","dataOrigin":"datum-2026-08-01","sourceKey":"node:1716515054","stationGroup":"鳴琴","hasOperationalRail":true,"hasConstructionRail":false}},{"type":"Feature","geometry":{"type":"Point","coordinates":[113.9748548,22.4024199]},"properties":{"key":"node:1716515057","osmType":"node","osmId":1716515057,"sourceRegion":"guangdong","featureType":"station","railClass":"light_rail","mode":"stop","name":"銀圍","nameEn":"Ngan Wai","ref":"230","operator":"香港鐵路有限公司 MTR Corporation Limited","network":"港鐵 MTR","status":"operational","color":"#52a458","dataOrigin":"datum-2026-08-01","sourceKey":"node:1716515057","stationGroup":"銀圍","hasOperationalRail":true,"hasConstructionRail":false}},{"type":"Feature","geometry":{"type":"Point","coordinates":[113.9743705,22.4026116]},"properties":{"key":"node:1716515058","osmType":"node","osmId":1716515058,"sourceRegion":"guangdong","featureType":"station","railClass":"light_rail","mode":"stop","name":"銀圍","nameEn":"Ngan Wai","ref":"230","operator":"香港鐵路有限公司 MTR Corporation Limited","network":"港鐵 MTR","status":"operational","color":"#9a5b3f","dataOrigin":"datum-2026-08-01","sourceKey":"node:1716515058","stationGroup":"銀圍","hasOperationalRail":true,"hasConstructionRail":false}},{"type":"Feature","geometry":{"type":"Point","coordinates":[113.979469,22.4031278]},"properties":{"key":"node:1716515064","osmType":"node","osmId":1716515064,"sourceRegion":"guangdong","featureType":"station","railClass":"light_rail","mode":"stop","name":"景峰","nameEn":"Prime View","ref":"330","operator":"香港鐵路有限公司 MTR Corporation Limited","network":"港鐵 MTR","status":"operational","color":"#3387c8","dataOrigin":"datum-2026-08-01","sourceKey":"node:1716515064","stationGroup":"景峰","hasOperationalRail":true,"hasConstructionRail":false}},{"type":"Feature","geometry":{"type":"Point","coordinates":[113.9767912,22.3946624]},"properties":{"key":"node:1716515067","osmType":"node","osmId":1716515067,"sourceRegion":"guangdong","featureType":"station","railClass":"light_rail","mode":"stop","name":"杯渡","nameEn":"Pui To","ref":"300","operator":"香港鐵路有限公司 MTR Corporation Limited","network":"港鐵 MTR","status":"operational","color":"#e7822f","dataOrigin":"datum-2026-08-01","sourceKey":"node:1716515067","stationGroup":"杯渡","hasOperationalRail":true,"hasConstructionRail":false}},{"type":"Feature","geometry":{"type":"Point","coordinates":[113.9780452,22.4002411]},"properties":{"key":"node:1716515072","osmType":"node","osmId":1716515072,"sourceRegion":"guangdong","featureType":"station","railClass":"light_rail","mode":"stop","name":"新墟","nameEn":"San Hui","ref":"320","operator":"香港鐵路有限公司 MTR Corporation Limited","network":"港鐵 MTR","status":"operational","color":"#9a5b3f","dataOrigin":"datum-2026-08-01","sourceKey":"node:1716515072","stationGroup":"新墟","hasOperationalRail":true,"hasConstructionRail":false}},{"type":"Feature","geometry":{"type":"Point","coordinates":[113.9644748,22.4052311]},"properties":{"key":"node:1716515076","osmType":"node","osmId":1716515076,"sourceRegion":"guangdong","featureType":"station","railClass":"light_rail","mode":"stop","name":"新圍","nameEn":"San Wai","ref":"160","operator":"香港鐵路有限公司 MTR Corporation Limited","network":"港鐵 MTR","status":"operational","color":"#9a5b3f","dataOrigin":"datum-2026-08-01","sourceKey":"node:1716515076","stationGroup":"新圍","hasOperationalRail":true,"hasConstructionRail":false}},{"type":"Feature","geometry":{"type":"Point","coordinates":[113.9644805,22.4052659]},"properties":{"key":"node:1716515080","osmType":"node","osmId":1716515080,"sourceRegion":"guangdong","featureType":"station","railClass":"light_rail","mode":"stop","name":"新圍","nameEn":"San Wai","ref":"160","operator":"香港鐵路有限公司 MTR Corporation Limited","network":"港鐵 MTR","status":"operational","color":"#9a5b3f","dataOrigin":"datum-2026-08-01","sourceKey":"node:1716515080","stationGroup":"新圍","hasOperationalRail":true,"hasConstructionRail":false}},{"type":"Feature","geometry":{"type":"Point","coordinates":[113.967782,22.4014161]},"properties":{"key":"node:1716515083","osmType":"node","osmId":1716515083,"sourceRegion":"guangdong","featureType":"station","railClass":"light_rail","mode":"stop","name":"石排","nameEn":"Shek Pai","ref":"170","operator":"香港鐵路有限公司 MTR Corporation Limited","network":"港鐵 MTR","status":"operational","color":"#8c5abe","dataOrigin":"datum-2026-08-01","sourceKey":"node:1716515083","stationGroup":"石排","hasOperationalRail":true,"hasConstructionRail":false}},{"type":"Feature","geometry":{"type":"Point","coordinates":[113.9677387,22.4014218]},"properties":{"key":"node:1716515091","osmType":"node","osmId":1716515091,"sourceRegion":"guangdong","featureType":"station","railClass":"light_rail","mode":"stop","name":"石排","nameEn":"Shek Pai","ref":"170","operator":"香港鐵路有限公司 MTR Corporation Limited","network":"港鐵 MTR","status":"operational","color":"#8c5abe","dataOrigin":"datum-2026-08-01","sourceKey":"node:1716515091","stationGroup":"石排","hasOperationalRail":true,"hasConstructionRail":false}},{"type":"Feature","geometry":{"type":"Point","coordinates":[113.9784408,22.4119631]},"properties":{"key":"node:1716515092","osmType":"node","osmId":1716515092,"sourceRegion":"guangdong","featureType":"station","railClass":"light_rail","mode":"stop","name":"兆康","nameEn":"Siu Hong","ref":"100","operator":"香港鐵路有限公司 MTR Corporation Limited","network":"港鐵 MTR","status":"operational","color":"#52a458","dataOrigin":"datum-2026-08-01","sourceKey":"node:1716515092","stationGroup":"兆康","hasOperationalRail":true,"hasConstructionRail":false}},{"type":"Feature","geometry":{"type":"Point","coordinates":[113.9784003,22.4119738]},"properties":{"key":"node:1716515096","osmType":"node","osmId":1716515096,"sourceRegion":"guangdong","featureType":"station","railClass":"light_rail","mode":"stop","name":"兆康","nameEn":"Siu Hong","ref":"100","operator":"香港鐵路有限公司 MTR Corporation Limited","network":"港鐵 MTR","status":"operational","color":"#52a458","dataOrigin":"datum-2026-08-01","sourceKey":"node:1716515096","stationGroup":"兆康","hasOperationalRail":true,"hasConstructionRail":false}},{"type":"Feature","geometry":{"type":"Point","coordinates":[113.9704597,22.4039179]},"properties":{"key":"node:1716515104","osmType":"node","osmId":1716515104,"sourceRegion":"guangdong","featureType":"station","railClass":"light_rail","mode":"stop","name":"大興 (北)","nameEn":"Tai Hing (North)","ref":"212","operator":"香港鐵路有限公司 MTR Corporation Limited","network":"港鐵 MTR","status":"operational","color":"#3387c8","dataOrigin":"datum-2026-08-01","sourceKey":"node:1716515104","stationGroup":"大興北","hasOperationalRail":true,"hasConstructionRail":false}},{"type":"Feature","geometry":{"type":"Point","coordinates":[113.9699703,22.4045658]},"properties":{"key":"node:1716515109","osmType":"node","osmId":1716515109,"sourceRegion":"guangdong","featureType":"station","railClass":"light_rail","mode":"stop","name":"大興 (北)","nameEn":"Tai Hing (North)","ref":"212","operator":"香港鐵路有限公司 MTR Corporation Limited","network":"港鐵 MTR","status":"operational","color":"#3387c8","dataOrigin":"datum-2026-08-01","sourceKey":"node:1716515109","stationGroup":"大興北","hasOperationalRail":true,"hasConstructionRail":false}},{"type":"Feature","geometry":{"type":"Point","coordinates":[113.9719894,22.4027052]},"properties":{"key":"node:1716515118","osmType":"node","osmId":1716515118,"sourceRegion":"guangdong","featureType":"station","railClass":"light_rail","mode":"stop","name":"大興 (南)","nameEn":"Tai Hing (South)","ref":"220","operator":"香港鐵路有限公司 MTR Corporation Limited","network":"港鐵 MTR","status":"operational","color":"#8c5abe","dataOrigin":"datum-2026-08-01","sourceKey":"node:1716515118","stationGroup":"大興南","hasOperationalRail":true,"hasConstructionRail":false}},{"type":"Feature","geometry":{"type":"Point","coordinates":[113.9720476,22.4027927]},"properties":{"key":"node:1716515119","osmType":"node","osmId":1716515119,"sourceRegion":"guangdong","featureType":"station","railClass":"light_rail","mode":"stop","name":"大興 (南)","nameEn":"Tai Hing (South)","ref":"220","operator":"香港鐵路有限公司 MTR Corporation Limited","network":"港鐵 MTR","status":"operational","color":"#8c5abe","dataOrigin":"datum-2026-08-01","sourceKey":"node:1716515119","stationGroup":"大興南","hasOperationalRail":true,"hasConstructionRail":false}},{"type":"Feature","geometry":{"type":"Point","coordinates":[113.9664466,22.4076858]},"properties":{"key":"node:1716515130","osmType":"node","osmId":1716515130,"sourceRegion":"guangdong","featureType":"station","railClass":"light_rail","mode":"stop","name":"田景","nameEn":"Tin King","ref":"140","operator":"香港鐵路有限公司 MTR Corporation Limited","network":"港鐵 MTR","status":"operational","color":"#52a458","dataOrigin":"datum-2026-08-01","sourceKey":"node:1716515130","stationGroup":"田景","hasOperationalRail":true,"hasConstructionRail":false}},{"type":"Feature","geometry":{"type":"Point","coordinates":[113.9672929,22.3909179]},"properties":{"key":"node:1716515131","osmType":"node","osmId":1716515131,"sourceRegion":"guangdong","featureType":"station","railClass":"light_rail","mode":"stop","name":"青山村","nameEn":"Tsing Shan Tsuen","ref":"040","operator":"香港鐵路有限公司 MTR Corporation Limited","network":"港鐵 MTR","status":"operational","color":"#3387c8","dataOrigin":"datum-2026-08-01","sourceKey":"node:1716515131","stationGroup":"青山村","hasOperationalRail":true,"hasConstructionRail":false}},{"type":"Feature","geometry":{"type":"Point","coordinates":[113.9730692,22.3938077]},"properties":{"key":"node:1716515132","osmType":"node","osmId":1716515132,"sourceRegion":"guangdong","featureType":"station","railClass":"light_rail","mode":"stop","name":"屯門","nameEn":"Tuen Mun","ref":"295","operator":"香港鐵路有限公司 MTR Corporation Limited","network":"港鐵 MTR","status":"operational","color":"#d94c4c","dataOrigin":"datum-2026-08-01","sourceKey":"node:1716515132","stationGroup":"屯門","hasOperationalRail":true,"hasConstructionRail":false}},{"type":"Feature","geometry":{"type":"Point","coordinates":[113.9771307,22.4078086]},"properties":{"key":"node:1716515133","osmType":"node","osmId":1716515133,"sourceRegion":"guangdong","featureType":"station","railClass":"light_rail","mode":"stop","name":"屯門醫院","nameEn":"Tuen Mun Hospital","ref":"090","operator":"香港鐵路有限公司 MTR Corporation Limited","network":"港鐵 MTR","status":"operational","color":"#52a458","dataOrigin":"datum-2026-08-01","sourceKey":"node:1716515133","stationGroup":"屯門醫院","hasOperationalRail":true,"hasConstructionRail":false}},{"type":"Feature","geometry":{"type":"Point","coordinates":[113.961216,22.3750842]},"properties":{"key":"node:1716515147","osmType":"node","osmId":1716515147,"sourceRegion":"guangdong","featureType":"station","railClass":"light_rail","mode":"stop","name":"美樂","nameEn":"Melody Garden","ref":"010","operator":"香港鐵路有限公司 MTR Corporation Limited","network":"港鐵 MTR","status":"operational","color":"#e7822f","dataOrigin":"datum-2026-08-01","sourceKey":"node:1716515147","stationGroup":"美樂","hasOperationalRail":true,"hasConstructionRail":false}},{"type":"Feature","geometry":{"type":"Point","coordinates":[113.9674801,22.3943558]},"properties":{"key":"node:1716515606","osmType":"node","osmId":1716515606,"sourceRegion":"guangdong","featureType":"station","railClass":"light_rail","mode":"stop","name":"青雲","nameEn":"Tsing Wun","ref":"050","operator":"香港鐵路有限公司 MTR Corporation Limited","network":"港鐵 MTR","status":"operational","color":"#8c5abe","dataOrigin":"datum-2026-08-01","sourceKey":"node:1716515606","stationGroup":"青雲","hasOperationalRail":true,"hasConstructionRail":false}},{"type":"Feature","geometry":{"type":"Point","coordinates":[113.9664372,22.4076484]},"properties":{"key":"node:1716518234","osmType":"node","osmId":1716518234,"sourceRegion":"guangdong","featureType":"station","railClass":"light_rail","mode":"stop","name":"田景","nameEn":"Tin King","ref":"140","operator":"香港鐵路有限公司 MTR Corporation Limited","network":"港鐵 MTR","status":"operational","color":"#52a458","dataOrigin":"datum-2026-08-01","sourceKey":"node:1716518234","stationGroup":"田景","hasOperationalRail":true,"hasConstructionRail":false}},{"type":"Feature","geometry":{"type":"Point","coordinates":[113.9730479,22.3833279]},"properties":{"key":"node:1719431742","osmType":"node","osmId":1719431742,"sourceRegion":"guangdong","featureType":"station","railClass":"light_rail","mode":"stop","name":"豐景園","nameEn":"Goodview Garden","ref":"260","operator":"香港鐵路有限公司 MTR Corporation Limited","network":"港鐵 MTR","status":"operational","color":"#8c5abe","dataOrigin":"datum-2026-08-01","sourceKey":"node:1719431742","stationGroup":"豐景園","hasOperationalRail":true,"hasConstructionRail":false}},{"type":"Feature","geometry":{"type":"Point","coordinates":[113.9750826,22.3875746]},"properties":{"key":"node:1719431757","osmType":"node","osmId":1719431757,"sourceRegion":"guangdong","featureType":"station","railClass":"light_rail","mode":"stop","name":"安定","nameEn":"On Ting","ref":"270","operator":"香港鐵路有限公司 MTR Corporation Limited","network":"港鐵 MTR","status":"operational","color":"#e7822f","dataOrigin":"datum-2026-08-01","sourceKey":"node:1719431757","stationGroup":"安定","hasOperationalRail":true,"hasConstructionRail":false}},{"type":"Feature","geometry":{"type":"Point","coordinates":[113.9766172,22.3824804]},"properties":{"key":"node:1719431764","osmType":"node","osmId":1719431764,"sourceRegion":"guangdong","featureType":"station","railClass":"light_rail","mode":"stop","name":"三聖","nameEn":"Sam Shing","ref":"920","operator":"香港鐵路有限公司 MTR Corporation Limited","network":"港鐵 MTR","status":"operational","color":"#8c5abe","dataOrigin":"datum-2026-08-01","sourceKey":"node:1719431764","stationGroup":"三聖","hasOperationalRail":true,"hasConstructionRail":false}},{"type":"Feature","geometry":{"type":"Point","coordinates":[113.976693,22.3827864]},"properties":{"key":"node:1719431775","osmType":"node","osmId":1719431775,"sourceRegion":"guangdong","featureType":"station","railClass":"light_rail","mode":"stop","name":"三聖","nameEn":"Sam Shing","ref":"920","operator":"香港鐵路有限公司 MTR Corporation Limited","network":"港鐵 MTR","status":"operational","color":"#8c5abe","dataOrigin":"datum-2026-08-01","sourceKey":"node:1719431775","stationGroup":"三聖","hasOperationalRail":true,"hasConstructionRail":false}},{"type":"Feature","geometry":{"type":"Point","coordinates":[113.9668501,22.3752272]},"properties":{"key":"node:1719431790","osmType":"node","osmId":1719431790,"sourceRegion":"guangdong","featureType":"station","railClass":"light_rail","mode":"stop","name":"兆禧","nameEn":"Siu Hei","ref":"240","operator":"香港鐵路有限公司 MTR Corporation Limited","network":"港鐵 MTR","status":"operational","color":"#d7a51e","dataOrigin":"datum-2026-08-01","sourceKey":"node:1719431790","stationGroup":"兆禧","hasOperationalRail":true,"hasConstructionRail":false}},{"type":"Feature","geometry":{"type":"Point","coordinates":[113.975019,22.3845834]},"properties":{"key":"node:1719431800","osmType":"node","osmId":1719431800,"sourceRegion":"guangdong","featureType":"station","railClass":"light_rail","mode":"stop","name":"兆麟","nameEn":"Siu Lun","ref":"265","operator":"香港鐵路有限公司 MTR Corporation Limited","network":"港鐵 MTR","status":"operational","color":"#3387c8","dataOrigin":"datum-2026-08-01","sourceKey":"node:1719431800","stationGroup":"兆麟","hasOperationalRail":true,"hasConstructionRail":false}},{"type":"Feature","geometry":{"type":"Point","coordinates":[113.9748608,22.3913037]},"properties":{"key":"node:1719431809","osmType":"node","osmId":1719431809,"sourceRegion":"guangdong","featureType":"station","railClass":"light_rail","mode":"stop","name":"市中心","nameEn":"Town Centre","ref":"280","operator":"香港鐵路有限公司 MTR Corporation Limited","network":"港鐵 MTR","status":"operational","color":"#52a458","dataOrigin":"datum-2026-08-01","sourceKey":"node:1719431809","stationGroup":"市中心","hasOperationalRail":true,"hasConstructionRail":false}},{"type":"Feature","geometry":{"type":"Point","coordinates":[113.9749429,22.3913211]},"properties":{"key":"node:1719431814","osmType":"node","osmId":1719431814,"sourceRegion":"guangdong","featureType":"station","railClass":"light_rail","mode":"stop","name":"市中心","nameEn":"Town Centre","ref":"280","operator":"香港鐵路有限公司 MTR Corporation Limited","network":"港鐵 MTR","status":"operational","color":"#52a458","dataOrigin":"datum-2026-08-01","sourceKey":"node:1719431814","stationGroup":"市中心","hasOperationalRail":true,"hasConstructionRail":false}},{"type":"Feature","geometry":{"type":"Point","coordinates":[113.9750666,22.3913686]},"properties":{"key":"node:1719431829","osmType":"node","osmId":1719431829,"sourceRegion":"guangdong","featureType":"station","railClass":"light_rail","mode":"stop","name":"市中心","nameEn":"Town Centre","ref":"280","operator":"香港鐵路有限公司 MTR Corporation Limited","network":"港鐵 MTR","status":"operational","color":"#52a458","dataOrigin":"datum-2026-08-01","sourceKey":"node:1719431829","stationGroup":"市中心","hasOperationalRail":true,"hasConstructionRail":false}},{"type":"Feature","geometry":{"type":"Point","coordinates":[113.9703882,22.3811755]},"properties":{"key":"node:1719431836","osmType":"node","osmId":1719431836,"sourceRegion":"guangdong","featureType":"station","railClass":"light_rail","mode":"stop","name":"海皇路","nameEn":"Hoi Wong Road","ref":"250","operator":"香港鐵路有限公司 MTR Corporation Limited","network":"港鐵 MTR","status":"operational","color":"#9a5b3f","dataOrigin":"datum-2026-08-01","sourceKey":"node:1719431836","stationGroup":"海皇路","hasOperationalRail":true,"hasConstructionRail":false}},{"type":"Feature","geometry":{"type":"Point","coordinates":[113.9703558,22.3812447]},"properties":{"key":"node:1719431841","osmType":"node","osmId":1719431841,"sourceRegion":"guangdong","featureType":"station","railClass":"light_rail","mode":"stop","name":"海皇路","nameEn":"Hoi Wong Road","ref":"250","operator":"香港鐵路有限公司 MTR Corporation Limited","network":"港鐵 MTR","status":"operational","color":"#9a5b3f","dataOrigin":"datum-2026-08-01","sourceKey":"node:1719431841","stationGroup":"海皇路","hasOperationalRail":true,"hasConstructionRail":false}},{"type":"Feature","geometry":{"type":"Point","coordinates":[113.966538,22.3725607]},"properties":{"key":"node:1723162788","osmType":"node","osmId":1723162788,"sourceRegion":"guangdong","featureType":"station","railClass":"light_rail","mode":"stop","name":"屯門碼頭","nameEn":"Tuen Mun Ferry Pier","ref":"001","operator":"香港鐵路有限公司 MTR Corporation Limited","network":"港鐵 MTR","status":"operational","color":"#52a458","dataOrigin":"datum-2026-08-01","sourceKey":"node:1723162788","stationGroup":"屯門碼頭","hasOperationalRail":true,"hasConstructionRail":false}},{"type":"Feature","geometry":{"type":"Point","coordinates":[113.9664154,22.3725946]},"properties":{"key":"node:1723162796","osmType":"node","osmId":1723162796,"sourceRegion":"guangdong","featureType":"station","railClass":"light_rail","mode":"stop","name":"屯門碼頭","nameEn":"Tuen Mun Ferry Pier","ref":"001","operator":"香港鐵路有限公司 MTR Corporation Limited","network":"港鐵 MTR","status":"operational","color":"#52a458","dataOrigin":"datum-2026-08-01","sourceKey":"node:1723162796","stationGroup":"屯門碼頭","hasOperationalRail":true,"hasConstructionRail":false}},{"type":"Feature","geometry":{"type":"Point","coordinates":[113.96629,22.3726294]},"properties":{"key":"node:1723162821","osmType":"node","osmId":1723162821,"sourceRegion":"guangdong","featureType":"station","railClass":"light_rail","mode":"stop","name":"屯門碼頭","nameEn":"Tuen Mun Ferry Pier","ref":"001","operator":"香港鐵路有限公司 MTR Corporation Limited","network":"港鐵 MTR","status":"operational","color":"#52a458","dataOrigin":"datum-2026-08-01","sourceKey":"node:1723162821","stationGroup":"屯門碼頭","hasOperationalRail":true,"hasConstructionRail":false}},{"type":"Feature","geometry":{"type":"Point","coordinates":[113.9670515,22.3726799]},"properties":{"key":"node:1723162826","osmType":"node","osmId":1723162826,"sourceRegion":"guangdong","featureType":"station","railClass":"light_rail","mode":"stop","name":"屯門碼頭","nameEn":"Tuen Mun Ferry Pier","ref":"001","operator":"香港鐵路有限公司 MTR Corporation Limited","network":"港鐵 MTR","status":"operational","color":"#e7822f","dataOrigin":"datum-2026-08-01","sourceKey":"node:1723162826","stationGroup":"屯門碼頭","hasOperationalRail":true,"hasConstructionRail":false}},{"type":"Feature","geometry":{"type":"Point","coordinates":[113.9922253,22.4296735]},"properties":{"key":"node:1735275615","osmType":"node","osmId":1735275615,"sourceRegion":"guangdong","featureType":"station","railClass":"light_rail","mode":"stop","name":"鍾屋村","nameEn":"Chung Uk Tsuen","ref":"370","operator":"香港鐵路有限公司 MTR Corporation Limited","network":"港鐵 MTR","status":"operational","color":"#9a5b3f","dataOrigin":"datum-2026-08-01","sourceKey":"node:1735275615","stationGroup":"鍾屋村","hasOperationalRail":true,"hasConstructionRail":false}},{"type":"Feature","geometry":{"type":"Point","coordinates":[113.9922035,22.4296983]},"properties":{"key":"node:1735275618","osmType":"node","osmId":1735275618,"sourceRegion":"guangdong","featureType":"station","railClass":"light_rail","mode":"stop","name":"鍾屋村","nameEn":"Chung Uk Tsuen","ref":"370","operator":"香港鐵路有限公司 MTR Corporation Limited","network":"港鐵 MTR","status":"operational","color":"#9a5b3f","dataOrigin":"datum-2026-08-01","sourceKey":"node:1735275618","stationGroup":"鍾屋村","hasOperationalRail":true,"hasConstructionRail":false}},{"type":"Feature","geometry":{"type":"Point","coordinates":[113.9974676,22.4336358]},"properties":{"key":"node:1735275623","osmType":"node","osmId":1735275623,"sourceRegion":"guangdong","featureType":"station","railClass":"light_rail","mode":"stop","name":"洪水橋","nameEn":"Hung Shui Kiu","ref":"380","operator":"香港鐵路有限公司 MTR Corporation Limited","network":"港鐵 MTR","status":"operational","color":"#3387c8","dataOrigin":"datum-2026-08-01","sourceKey":"node:1735275623","stationGroup":"洪水橋","hasOperationalRail":true,"hasConstructionRail":false}},{"type":"Feature","geometry":{"type":"Point","coordinates":[113.9974391,22.4336572]},"properties":{"key":"node:1735275631","osmType":"node","osmId":1735275631,"sourceRegion":"guangdong","featureType":"station","railClass":"light_rail","mode":"stop","name":"洪水橋","nameEn":"Hung Shui Kiu","ref":"380","operator":"香港鐵路有限公司 MTR Corporation Limited","network":"港鐵 MTR","status":"operational","color":"#3387c8","dataOrigin":"datum-2026-08-01","sourceKey":"node:1735275631","stationGroup":"洪水橋","hasOperationalRail":true,"hasConstructionRail":false}},{"type":"Feature","geometry":{"type":"Point","coordinates":[113.9817121,22.4184953]},"properties":{"key":"node:1735275632","osmType":"node","osmId":1735275632,"sourceRegion":"guangdong","featureType":"station","railClass":"light_rail","mode":"stop","name":"藍地","nameEn":"Lam Tei","ref":"350","operator":"香港鐵路有限公司 MTR Corporation Limited","network":"港鐵 MTR","status":"operational","color":"#148e84","dataOrigin":"datum-2026-08-01","sourceKey":"node:1735275632","stationGroup":"藍地","hasOperationalRail":true,"hasConstructionRail":false}},{"type":"Feature","geometry":{"type":"Point","coordinates":[113.9819948,22.4188831]},"properties":{"key":"node:1735275633","osmType":"node","osmId":1735275633,"sourceRegion":"guangdong","featureType":"station","railClass":"light_rail","mode":"stop","name":"藍地","nameEn":"Lam Tei","ref":"350","operator":"香港鐵路有限公司 MTR Corporation Limited","network":"港鐵 MTR","status":"operational","color":"#148e84","dataOrigin":"datum-2026-08-01","sourceKey":"node:1735275633","stationGroup":"藍地","hasOperationalRail":true,"hasConstructionRail":false}},{"type":"Feature","geometry":{"type":"Point","coordinates":[113.9863554,22.4236166]},"properties":{"key":"node:1735275648","osmType":"node","osmId":1735275648,"sourceRegion":"guangdong","featureType":"station","railClass":"light_rail","mode":"stop","name":"泥圍","nameEn":"Nai Wai","ref":"360","operator":"香港鐵路有限公司 MTR Corporation Limited","network":"港鐵 MTR","status":"operational","color":"#d7a51e","dataOrigin":"datum-2026-08-01","sourceKey":"node:1735275648","stationGroup":"泥圍","hasOperationalRail":true,"hasConstructionRail":false}},{"type":"Feature","geometry":{"type":"Point","coordinates":[113.986814,22.424044]},"properties":{"key":"node:1735275650","osmType":"node","osmId":1735275650,"sourceRegion":"guangdong","featureType":"station","railClass":"light_rail","mode":"stop","name":"泥圍","nameEn":"Nai Wai","ref":"360","operator":"香港鐵路有限公司 MTR Corporation Limited","network":"港鐵 MTR","status":"operational","color":"#3387c8","dataOrigin":"datum-2026-08-01","sourceKey":"node:1735275650","stationGroup":"泥圍","hasOperationalRail":true,"hasConstructionRail":false}},{"type":"Feature","geometry":{"type":"Point","coordinates":[113.9976819,22.4645568]},"properties":{"key":"node:1777130732","osmType":"node","osmId":1777130732,"sourceRegion":"guangdong","featureType":"station","railClass":"light_rail","mode":"stop","name":"天富","nameEn":"Tin Fu","ref":"480","operator":"香港鐵路有限公司 MTR Corporation Limited","network":"港鐵 MTR","status":"operational","color":"#9a5b3f","dataOrigin":"datum-2026-08-01","sourceKey":"node:1777130732","stationGroup":"天富","hasOperationalRail":true,"hasConstructionRail":false}},{"type":"Feature","geometry":{"type":"Point","coordinates":[113.9976446,22.4645667]},"properties":{"key":"node:1777130737","osmType":"node","osmId":1777130737,"sourceRegion":"guangdong","featureType":"station","railClass":"light_rail","mode":"stop","name":"天富","nameEn":"Tin Fu","ref":"480","operator":"香港鐵路有限公司 MTR Corporation Limited","network":"港鐵 MTR","status":"operational","color":"#9a5b3f","dataOrigin":"datum-2026-08-01","sourceKey":"node:1777130737","stationGroup":"天富","hasOperationalRail":true,"hasConstructionRail":false}},{"type":"Feature","geometry":{"type":"Point","coordinates":[113.9988215,22.4670133]},"properties":{"key":"node:1777130767","osmType":"node","osmId":1777130767,"sourceRegion":"guangdong","featureType":"station","railClass":"light_rail","mode":"stop","name":"天逸","nameEn":"Tin Yat","ref":"550","operator":"香港鐵路有限公司 MTR Corporation Limited","network":"港鐵 MTR","status":"operational","color":"#9a5b3f","dataOrigin":"datum-2026-08-01","sourceKey":"node:1777130767","stationGroup":"天逸","hasOperationalRail":true,"hasConstructionRail":false}},{"type":"Feature","geometry":{"type":"Point","coordinates":[113.9987878,22.4670313]},"properties":{"key":"node:1777130772","osmType":"node","osmId":1777130772,"sourceRegion":"guangdong","featureType":"station","railClass":"light_rail","mode":"stop","name":"天逸","nameEn":"Tin Yat","ref":"550","operator":"香港鐵路有限公司 MTR Corporation Limited","network":"港鐵 MTR","status":"operational","color":"#9a5b3f","dataOrigin":"datum-2026-08-01","sourceKey":"node:1777130772","stationGroup":"天逸","hasOperationalRail":true,"hasConstructionRail":false}},{"type":"Feature","geometry":{"type":"Point","coordinates":[113.9995715,22.4597012]},"properties":{"key":"node:1783169564","osmType":"node","osmId":1783169564,"sourceRegion":"guangdong","featureType":"station","railClass":"light_rail","mode":"stop","name":"翠湖","nameEn":"Chestwood","ref":"490","operator":"香港鐵路有限公司 MTR Corporation Limited","network":"港鐵 MTR","status":"operational","color":"#8c5abe","dataOrigin":"datum-2026-08-01","sourceKey":"node:1783169564","stationGroup":"翠湖","hasOperationalRail":true,"hasConstructionRail":false}},{"type":"Feature","geometry":{"type":"Point","coordinates":[113.9970051,22.4619992]},"properties":{"key":"node:1783169565","osmType":"node","osmId":1783169565,"sourceRegion":"guangdong","featureType":"station","railClass":"light_rail","mode":"stop","name":"頌富","nameEn":"Chung Fu","ref":"468","operator":"香港鐵路有限公司 MTR Corporation Limited","network":"港鐵 MTR","status":"operational","color":"#52a458","dataOrigin":"datum-2026-08-01","sourceKey":"node:1783169565","stationGroup":"頌富","hasOperationalRail":true,"hasConstructionRail":false}},{"type":"Feature","geometry":{"type":"Point","coordinates":[113.9969703,22.4620153]},"properties":{"key":"node:1783169566","osmType":"node","osmId":1783169566,"sourceRegion":"guangdong","featureType":"station","railClass":"light_rail","mode":"stop","name":"頌富","nameEn":"Chung Fu","ref":"468","operator":"香港鐵路有限公司 MTR Corporation Limited","network":"港鐵 MTR","status":"operational","color":"#52a458","dataOrigin":"datum-2026-08-01","sourceKey":"node:1783169566","stationGroup":"頌富","hasOperationalRail":true,"hasConstructionRail":false}},{"type":"Feature","geometry":{"type":"Point","coordinates":[113.9994144,22.4558962]},"properties":{"key":"node:1784785709","osmType":"node","osmId":1784785709,"sourceRegion":"guangdong","featureType":"station","railClass":"light_rail","mode":"stop","name":"天瑞","nameEn":"Tin Shui","ref":"460","operator":"香港鐵路有限公司 MTR Corporation Limited","network":"港鐵 MTR","status":"operational","color":"#3387c8","dataOrigin":"datum-2026-08-01","sourceKey":"node:1784785709","stationGroup":"天瑞","hasOperationalRail":true,"hasConstructionRail":false}},{"type":"Feature","geometry":{"type":"Point","coordinates":[113.9101152,22.48815]},"properties":{"key":"node:1944056736","osmType":"node","osmId":1944056736,"sourceRegion":"guangdong","featureType":"station","railClass":"metro","mode":"stop","name":"海上世界","nameEn":"Sea World","status":"operational","color":"#e7822f","dataOrigin":"datum-2026-08-01","sourceKey":"node:1944056736","stationGroup":"海上世界","hasOperationalRail":true,"hasConstructionRail":false}},{"type":"Feature","geometry":{"type":"Point","coordinates":[113.9336151,22.4964788]},"properties":{"key":"node:1944056742","osmType":"node","osmId":1944056742,"sourceRegion":"guangdong","featureType":"station","railClass":"metro","mode":"stop","name":"湾厦","nameEn":"Wanxia","status":"operational","color":"#DB6D1C","dataOrigin":"datum-2026-08-01","sourceKey":"node:1944056742","stationGroup":"湾厦","hasOperationalRail":true,"hasConstructionRail":false}},{"type":"Feature","geometry":{"type":"Point","coordinates":[113.914811,22.491515]},"properties":{"key":"node:1944056756","osmType":"node","osmId":1944056756,"sourceRegion":"guangdong","featureType":"station","railClass":"metro","mode":"stop","name":"水湾","nameEn":"Shuiwan","operator":"深圳市地铁集团有限公司","network":"深圳市轨道交通","status":"operational","color":"#e7822f","dataOrigin":"datum-2026-08-01","sourceKey":"node:1944056756","stationGroup":"水湾","hasOperationalRail":true,"hasConstructionRail":false}},{"type":"Feature","geometry":{"type":"Point","coordinates":[113.9073605,22.4797551]},"properties":{"key":"node:1947291227","osmType":"node","osmId":1947291227,"sourceRegion":"guangdong","featureType":"station","railClass":"metro","mode":"stop","name":"蛇口港","nameEn":"Shekou Port","status":"operational","color":"#9a5b3f","dataOrigin":"datum-2026-08-01","sourceKey":"node:1947291227","stationGroup":"蛇口港","hasOperationalRail":true,"hasConstructionRail":false}},{"type":"Feature","geometry":{"type":"Point","coordinates":[113.8926904,22.4823959]},"properties":{"key":"node:1947291240","osmType":"node","osmId":1947291240,"sourceRegion":"guangdong","featureType":"station","railClass":"metro","mode":"stop","name":"赤湾","nameEn":"Chiwan","status":"operational","color":"#9950B2","dataOrigin":"datum-2026-08-01","sourceKey":"node:1947291240","stationGroup":"赤湾","hasOperationalRail":true,"hasConstructionRail":false}},{"type":"Feature","geometry":{"type":"Point","coordinates":[113.9264223,22.489214]},"properties":{"key":"node:1947291248","osmType":"node","osmId":1947291248,"sourceRegion":"guangdong","featureType":"station","railClass":"metro","mode":"stop","name":"东角头","nameEn":"Dongjiaotou","status":"operational","color":"#52a458","dataOrigin":"datum-2026-08-01","sourceKey":"node:1947291248","stationGroup":"东角头","hasOperationalRail":true,"hasConstructionRail":false}},{"type":"Feature","geometry":{"type":"Point","coordinates":[113.9788437,22.4118356]},"properties":{"key":"node:2179507660","osmType":"node","osmId":2179507660,"sourceRegion":"guangdong","featureType":"station","railClass":"metro","mode":"stop","name":"兆康","nameEn":"Siu Hong","ref":"SIH","status":"operational","color":"#d7a51e","dataOrigin":"datum-2026-08-01","sourceKey":"node:2179507660","stationGroup":"兆康","hasOperationalRail":true,"hasConstructionRail":false}},{"type":"Feature","geometry":{"type":"Point","coordinates":[113.9731045,22.3953319]},"properties":{"key":"node:2179507747","osmType":"node","osmId":2179507747,"sourceRegion":"guangdong","featureType":"station","railClass":"metro","mode":"stop","name":"屯門","nameEn":"Tuen Mun","ref":"TUM","status":"operational","color":"#d94c4c","dataOrigin":"datum-2026-08-01","sourceKey":"node:2179507747","stationGroup":"屯門","hasOperationalRail":true,"hasConstructionRail":false}},{"type":"Feature","geometry":{"type":"Point","coordinates":[113.9366103,22.3159044]},"properties":{"key":"node:2291194921","osmType":"node","osmId":2291194921,"sourceRegion":"guangdong","featureType":"station","railClass":"metro","mode":"stop","name":"機場","nameEn":"Airport","ref":"AIR","operator":"香港鐵路有限公司 MTR Corporation Limited","network":"MTR","status":"operational","color":"#52a458","dataOrigin":"datum-2026-08-01","sourceKey":"node:2291194921","stationGroup":"機場","hasOperationalRail":true,"hasConstructionRail":false}},{"type":"Feature","geometry":{"type":"Point","coordinates":[113.9413221,22.289278]},"properties":{"key":"node:2291194993","osmType":"node","osmId":2291194993,"sourceRegion":"guangdong","featureType":"station","railClass":"metro","mode":"stop","name":"東涌","nameEn":"Tung Chung","ref":"TUC","status":"operational","color":"#e7822f","dataOrigin":"datum-2026-08-01","sourceKey":"node:2291194993","stationGroup":"東涌","hasOperationalRail":true,"hasConstructionRail":false}},{"type":"Feature","geometry":{"type":"Point","coordinates":[113.9735852,22.3867019]},"properties":{"key":"node:2303992318","osmType":"node","osmId":2303992318,"sourceRegion":"guangdong","featureType":"station","railClass":"light_rail","mode":"stop","name":"友愛","nameEn":"Yau Oi","ref":"275","operator":"香港鐵路有限公司 MTR Corporation Limited","network":"港鐵 MTR","status":"operational","color":"#3387c8","dataOrigin":"datum-2026-08-01","sourceKey":"node:2303992318","stationGroup":"友愛","hasOperationalRail":true,"hasConstructionRail":false}},{"type":"Feature","geometry":{"type":"Point","coordinates":[113.9992407,22.4667895]},"properties":{"key":"node:2304841354","osmType":"node","osmId":2304841354,"sourceRegion":"guangdong","featureType":"station","railClass":"light_rail","mode":"stop","name":"天逸","nameEn":"Tin Yat","ref":"550","operator":"香港鐵路有限公司 MTR Corporation Limited","network":"港鐵 MTR","status":"operational","color":"#9a5b3f","dataOrigin":"datum-2026-08-01","sourceKey":"node:2304841354","stationGroup":"天逸","hasOperationalRail":true,"hasConstructionRail":false}},{"type":"Feature","geometry":{"type":"Point","coordinates":[113.9993185,22.4667478]},"properties":{"key":"node:2304841359","osmType":"node","osmId":2304841359,"sourceRegion":"guangdong","featureType":"station","railClass":"light_rail","mode":"stop","name":"天逸","nameEn":"Tin Yat","ref":"550","operator":"香港鐵路有限公司 MTR Corporation Limited","network":"港鐵 MTR","status":"operational","color":"#9a5b3f","dataOrigin":"datum-2026-08-01","sourceKey":"node:2304841359","stationGroup":"天逸","hasOperationalRail":true,"hasConstructionRail":false}},{"type":"Feature","geometry":{"type":"Point","coordinates":[113.9991569,22.4668216]},"properties":{"key":"node:2304841364","osmType":"node","osmId":2304841364,"sourceRegion":"guangdong","featureType":"station","railClass":"light_rail","mode":"stop","name":"天逸","nameEn":"Tin Yat","ref":"550","operator":"香港鐵路有限公司 MTR Corporation Limited","network":"港鐵 MTR","status":"operational","color":"#9a5b3f","dataOrigin":"datum-2026-08-01","sourceKey":"node:2304841364","stationGroup":"天逸","hasOperationalRail":true,"hasConstructionRail":false}},{"type":"Feature","geometry":{"type":"Point","coordinates":[113.9780884,22.4118129]},"properties":{"key":"node:2812747292","osmType":"node","osmId":2812747292,"sourceRegion":"guangdong","featureType":"station","railClass":"light_rail","mode":"stop","name":"兆康","nameEn":"Siu Hong","ref":"100","operator":"香港鐵路有限公司 MTR Corporation Limited","network":"港鐵 MTR","status":"operational","color":"#5969c9","dataOrigin":"datum-2026-08-01","sourceKey":"node:2812747292","stationGroup":"兆康","hasOperationalRail":true,"hasConstructionRail":false}},{"type":"Feature","geometry":{"type":"Point","coordinates":[113.9781323,22.4118367]},"properties":{"key":"node:2812747293","osmType":"node","osmId":2812747293,"sourceRegion":"guangdong","featureType":"station","railClass":"light_rail","mode":"stop","name":"兆康","nameEn":"Siu Hong","ref":"100","operator":"香港鐵路有限公司 MTR Corporation Limited","network":"港鐵 MTR","status":"operational","color":"#5969c9","dataOrigin":"datum-2026-08-01","sourceKey":"node:2812747293","stationGroup":"兆康","hasOperationalRail":true,"hasConstructionRail":false}},{"type":"Feature","geometry":{"type":"Point","coordinates":[113.9782588,22.4122446]},"properties":{"key":"node:2812747294","osmType":"node","osmId":2812747294,"sourceRegion":"guangdong","featureType":"station","railClass":"light_rail","mode":"stop","name":"兆康","nameEn":"Siu Hong","ref":"100","operator":"香港鐵路有限公司 MTR Corporation Limited","network":"港鐵 MTR","status":"operational","color":"#5969c9","dataOrigin":"datum-2026-08-01","sourceKey":"node:2812747294","stationGroup":"兆康","hasOperationalRail":true,"hasConstructionRail":false}},{"type":"Feature","geometry":{"type":"Point","coordinates":[113.9782362,22.4122803]},"properties":{"key":"node:2812747295","osmType":"node","osmId":2812747295,"sourceRegion":"guangdong","featureType":"station","railClass":"light_rail","mode":"stop","name":"兆康","nameEn":"Siu Hong","ref":"100","operator":"香港鐵路有限公司 MTR Corporation Limited","network":"港鐵 MTR","status":"operational","color":"#5969c9","dataOrigin":"datum-2026-08-01","sourceKey":"node:2812747295","stationGroup":"兆康","hasOperationalRail":true,"hasConstructionRail":false}},{"type":"Feature","geometry":{"type":"Point","coordinates":[113.9663625,22.4079047]},"properties":{"key":"node:2812747296","osmType":"node","osmId":2812747296,"sourceRegion":"guangdong","featureType":"station","railClass":"light_rail","mode":"stop","name":"田景","nameEn":"Tin King","ref":"140","operator":"香港鐵路有限公司 MTR Corporation Limited","network":"港鐵 MTR","status":"operational","color":"#52a458","dataOrigin":"datum-2026-08-01","sourceKey":"node:2812747296","stationGroup":"田景","hasOperationalRail":true,"hasConstructionRail":false}},{"type":"Feature","geometry":{"type":"Point","coordinates":[113.9422192,22.3219972]},"properties":{"key":"node:3304026514","osmType":"node","osmId":3304026514,"sourceRegion":"guangdong","featureType":"station","railClass":"metro","mode":"stop","name":"博覽館","nameEn":"AsiaWorld-Expo","operator":"香港鐵路有限公司 MTR Corporation Limited","network":"MTR","status":"operational","color":"#52a458","dataOrigin":"datum-2026-08-01","sourceKey":"node:3304026514","stationGroup":"博覽館","hasOperationalRail":true,"hasConstructionRail":false}},{"type":"Feature","geometry":{"type":"Point","coordinates":[113.9140668,22.4973038]},"properties":{"key":"node:3825056607","osmType":"node","osmId":3825056607,"sourceRegion":"guangdong","featureType":"station","railClass":"metro","mode":"stop","name":"花果山","nameEn":"Huaguoshan","status":"operational","color":"#3387c8","dataOrigin":"datum-2026-08-01","sourceKey":"node:3825056607","stationGroup":"花果山","hasOperationalRail":true,"hasConstructionRail":false}},{"type":"Feature","geometry":{"type":"Point","coordinates":[113.927137,22.3129689]},"properties":{"key":"node:3900847296","osmType":"node","osmId":3900847296,"sourceRegion":"guangdong","featureType":"station","railClass":"light_rail","mode":"stop","name":"T1 西大堂","nameEn":"T1 West Hall","status":"operational","color":"#d7a51e","dataOrigin":"datum-2026-08-01","sourceKey":"node:3900847296","stationGroup":"t1西大堂","hasOperationalRail":true,"hasConstructionRail":false}},{"type":"Feature","geometry":{"type":"Point","coordinates":[113.9437423,22.3182945]},"properties":{"key":"node:3900847297","osmType":"node","osmId":3900847297,"sourceRegion":"guangdong","featureType":"station","railClass":"light_rail","mode":"stop","name":"海天客運碼頭","nameEn":"SkyPier","status":"operational","color":"#5969c9","dataOrigin":"datum-2026-08-01","sourceKey":"node:3900847297","stationGroup":"海天客運碼頭","hasOperationalRail":true,"hasConstructionRail":false}},{"type":"Feature","geometry":{"type":"Point","coordinates":[113.9336983,22.3150402]},"properties":{"key":"node:3900847298","osmType":"node","osmId":3900847298,"sourceRegion":"guangdong","featureType":"station","railClass":"light_rail","mode":"stop","name":"T1 東大堂","nameEn":"T1 East Hall","status":"operational","color":"#e7822f","dataOrigin":"datum-2026-08-01","sourceKey":"node:3900847298","stationGroup":"t1東大堂","hasOperationalRail":true,"hasConstructionRail":false}},{"type":"Feature","geometry":{"type":"Point","coordinates":[113.9177325,22.3099785]},"properties":{"key":"node:3961981068","osmType":"node","osmId":3961981068,"sourceRegion":"guangdong","featureType":"station","railClass":"light_rail","mode":"stop","name":"T1 中場客運廊","nameEn":"T1 Midfield Concourse","status":"operational","color":"#9a5b3f","dataOrigin":"datum-2026-08-01","sourceKey":"node:3961981068","stationGroup":"t1中場客運廊","hasOperationalRail":true,"hasConstructionRail":false}},{"type":"Feature","geometry":{"type":"Point","coordinates":[113.937913,22.3164229]},"properties":{"key":"node:4100000452","osmType":"node","osmId":4100000452,"sourceRegion":"guangdong","featureType":"station","railClass":"light_rail","mode":"stop","name":"二號客運大樓","nameEn":"Terminal 2","status":"operational","color":"#3387c8","dataOrigin":"datum-2026-08-01","sourceKey":"node:4100000452","stationGroup":"二號客運大樓","hasOperationalRail":true,"hasConstructionRail":false}},{"type":"Feature","geometry":{"type":"Point","coordinates":[113.9992569,22.4355512]},"properties":{"key":"node:4383576294","osmType":"node","osmId":4383576294,"sourceRegion":"guangdong","featureType":"station","railClass":"light_rail","mode":"stop","name":"洪天路緊急月台","nameEn":"Hung Tin Road Emergency Platform","ref":"385","operator":"香港鐵路有限公司 MTR Corporation Limited","network":"港鐵 MTR","status":"operational","color":"#e7822f","dataOrigin":"datum-2026-08-01","sourceKey":"node:4383576294","stationGroup":"洪天路緊急月台","hasOperationalRail":true,"hasConstructionRail":false}},{"type":"Feature","geometry":{"type":"Point","coordinates":[113.9177614,22.3099006]},"properties":{"key":"node:5009068589","osmType":"node","osmId":5009068589,"sourceRegion":"guangdong","featureType":"station","railClass":"light_rail","mode":"stop","name":"T1 中場客運廊","nameEn":"T1 Midfield Concourse","status":"operational","color":"#8c5abe","dataOrigin":"datum-2026-08-01","sourceKey":"node:5009068589","stationGroup":"t1中場客運廊","hasOperationalRail":true,"hasConstructionRail":false}},{"type":"Feature","geometry":{"type":"Point","coordinates":[113.9337274,22.3149623]},"properties":{"key":"node:5009068593","osmType":"node","osmId":5009068593,"sourceRegion":"guangdong","featureType":"station","railClass":"light_rail","mode":"stop","name":"T1 東大堂","nameEn":"T1 East Hall","status":"operational","color":"#e7822f","dataOrigin":"datum-2026-08-01","sourceKey":"node:5009068593","stationGroup":"t1東大堂","hasOperationalRail":true,"hasConstructionRail":false}},{"type":"Feature","geometry":{"type":"Point","coordinates":[113.937948,22.3163298]},"properties":{"key":"node:5009068594","osmType":"node","osmId":5009068594,"sourceRegion":"guangdong","featureType":"station","railClass":"light_rail","mode":"stop","name":"二號客運大樓","nameEn":"Terminal 2","status":"operational","color":"#3387c8","dataOrigin":"datum-2026-08-01","sourceKey":"node:5009068594","stationGroup":"二號客運大樓","hasOperationalRail":true,"hasConstructionRail":false}},{"type":"Feature","geometry":{"type":"Point","coordinates":[113.9271659,22.312891]},"properties":{"key":"node:5009068595","osmType":"node","osmId":5009068595,"sourceRegion":"guangdong","featureType":"station","railClass":"light_rail","mode":"stop","name":"T1 西大堂","nameEn":"T1 West Hall","status":"operational","color":"#d7a51e","dataOrigin":"datum-2026-08-01","sourceKey":"node:5009068595","stationGroup":"t1西大堂","hasOperationalRail":true,"hasConstructionRail":false}},{"type":"Feature","geometry":{"type":"Point","coordinates":[113.9088304,22.4880191]},"properties":{"key":"node:5214783846","osmType":"node","osmId":5214783846,"sourceRegion":"guangdong","featureType":"station","railClass":"metro","mode":"stop","name":"海上世界","nameEn":"Sea World","status":"operational","color":"#e7822f","dataOrigin":"datum-2026-08-01","sourceKey":"node:5214783846","stationGroup":"海上世界","hasOperationalRail":true,"hasConstructionRail":false}},{"type":"Feature","geometry":{"type":"Point","coordinates":[113.9074168,22.4796906]},"properties":{"key":"node:6673765401","osmType":"node","osmId":6673765401,"sourceRegion":"guangdong","featureType":"station","railClass":"metro","mode":"stop","name":"蛇口港","nameEn":"Shekou Port","status":"operational","color":"#9a5b3f","dataOrigin":"datum-2026-08-01","sourceKey":"node:6673765401","stationGroup":"蛇口港","hasOperationalRail":true,"hasConstructionRail":false}},{"type":"Feature","geometry":{"type":"Point","coordinates":[113.9102019,22.4881089]},"properties":{"key":"node:6673765413","osmType":"node","osmId":6673765413,"sourceRegion":"guangdong","featureType":"station","railClass":"metro","mode":"stop","name":"海上世界","nameEn":"Sea World","status":"operational","color":"#e7822f","dataOrigin":"datum-2026-08-01","sourceKey":"node:6673765413","stationGroup":"海上世界","hasOperationalRail":true,"hasConstructionRail":false}},{"type":"Feature","geometry":{"type":"Point","coordinates":[113.9148232,22.4914168]},"properties":{"key":"node:6673765421","osmType":"node","osmId":6673765421,"sourceRegion":"guangdong","featureType":"station","railClass":"metro","mode":"stop","name":"水湾","nameEn":"Shuiwan","status":"operational","color":"#e7822f","dataOrigin":"datum-2026-08-01","sourceKey":"node:6673765421","stationGroup":"水湾","hasOperationalRail":true,"hasConstructionRail":false}},{"type":"Feature","geometry":{"type":"Point","coordinates":[113.9264013,22.4890984]},"properties":{"key":"node:6673765429","osmType":"node","osmId":6673765429,"sourceRegion":"guangdong","featureType":"station","railClass":"metro","mode":"stop","name":"东角头","nameEn":"Dongjiaotou","status":"operational","color":"#52a458","dataOrigin":"datum-2026-08-01","sourceKey":"node:6673765429","stationGroup":"东角头","hasOperationalRail":true,"hasConstructionRail":false}},{"type":"Feature","geometry":{"type":"Point","coordinates":[113.9338189,22.4965077]},"properties":{"key":"node:6673765443","osmType":"node","osmId":6673765443,"sourceRegion":"guangdong","featureType":"station","railClass":"metro","mode":"stop","name":"湾厦","nameEn":"Wanxia","status":"operational","color":"#DB6D1C","dataOrigin":"datum-2026-08-01","sourceKey":"node:6673765443","stationGroup":"湾厦","hasOperationalRail":true,"hasConstructionRail":false}},{"type":"Feature","geometry":{"type":"Point","coordinates":[113.8925946,22.4823109]},"properties":{"key":"node:6673778668","osmType":"node","osmId":6673778668,"sourceRegion":"guangdong","featureType":"station","railClass":"metro","mode":"stop","name":"赤湾","nameEn":"Chiwan","status":"operational","color":"#9950B2","dataOrigin":"datum-2026-08-01","sourceKey":"node:6673778668","stationGroup":"赤湾","hasOperationalRail":true,"hasConstructionRail":false}},{"type":"Feature","geometry":{"type":"Point","coordinates":[113.8962422,22.4734635]},"properties":{"key":"node:8708720958","osmType":"node","osmId":8708720958,"sourceRegion":"guangdong","featureType":"station","railClass":"metro","mode":"stop","name":"左炮台东","nameEn":"Zuopaitai East","status":"operational","color":"#A192B2","dataOrigin":"datum-2026-08-01","sourceKey":"node:8708720958","stationGroup":"左炮台东","hasOperationalRail":true,"hasConstructionRail":false}},{"type":"Feature","geometry":{"type":"Point","coordinates":[113.9068364,22.4761622]},"properties":{"key":"node:9025080576","osmType":"node","osmId":9025080576,"sourceRegion":"guangdong","featureType":"station","railClass":"metro","mode":"stop","name":"太子湾","nameEn":"Taiziwan","status":"operational","color":"#9a5b3f","dataOrigin":"datum-2026-08-01","sourceKey":"node:9025080576","stationGroup":"太子湾","hasOperationalRail":true,"hasConstructionRail":false}},{"type":"Feature","geometry":{"type":"Point","coordinates":[113.8923546,22.4820907]},"properties":{"key":"node:9062180229","osmType":"node","osmId":9062180229,"sourceRegion":"guangdong","featureType":"station","railClass":"metro","mode":"stop","name":"赤湾","nameEn":"Chiwan","status":"operational","color":"#9950B2","dataOrigin":"datum-2026-08-01","sourceKey":"node:9062180229","stationGroup":"赤湾","hasOperationalRail":true,"hasConstructionRail":false}},{"type":"Feature","geometry":{"type":"Point","coordinates":[113.8924527,22.4821777]},"properties":{"key":"node:9062180230","osmType":"node","osmId":9062180230,"sourceRegion":"guangdong","featureType":"station","railClass":"metro","mode":"stop","name":"赤湾","nameEn":"Chiwan","status":"operational","color":"#9950B2","dataOrigin":"datum-2026-08-01","sourceKey":"node:9062180230","stationGroup":"赤湾","hasOperationalRail":true,"hasConstructionRail":false}},{"type":"Feature","geometry":{"type":"Point","coordinates":[113.933799,22.314607]},"properties":{"key":"node:9812489525","osmType":"node","osmId":9812489525,"sourceRegion":"guangdong","featureType":"station","railClass":"light_rail","mode":"stop","name":"T1 東大堂","nameEn":"T1 East Hall","status":"operational","color":"#e7822f","dataOrigin":"datum-2026-08-01","sourceKey":"node:9812489525","stationGroup":"t1東大堂","hasOperationalRail":true,"hasConstructionRail":false}},{"type":"Feature","geometry":{"type":"Point","coordinates":[113.9272249,22.312736]},"properties":{"key":"node:9812489532","osmType":"node","osmId":9812489532,"sourceRegion":"guangdong","featureType":"station","railClass":"light_rail","mode":"stop","name":"T1 西大堂","nameEn":"T1 West Hall","status":"operational","color":"#d7a51e","dataOrigin":"datum-2026-08-01","sourceKey":"node:9812489532","stationGroup":"t1西大堂","hasOperationalRail":true,"hasConstructionRail":false}},{"type":"Feature","geometry":{"type":"Point","coordinates":[113.9178492,22.3096665]},"properties":{"key":"node:9812489535","osmType":"node","osmId":9812489535,"sourceRegion":"guangdong","featureType":"station","railClass":"light_rail","mode":"stop","name":"T1 中場客運廊","nameEn":"T1 Midfield Concourse","status":"operational","color":"#8c5abe","dataOrigin":"datum-2026-08-01","sourceKey":"node:9812489535","stationGroup":"t1中場客運廊","hasOperationalRail":true,"hasConstructionRail":false}},{"type":"Feature","geometry":{"type":"Point","coordinates":[113.9141366,22.4972672]},"properties":{"key":"node:10111219580","osmType":"node","osmId":10111219580,"sourceRegion":"guangdong","featureType":"station","railClass":"metro","mode":"stop","name":"花果山","nameEn":"Huaguoshan","status":"operational","color":"#3387c8","dataOrigin":"datum-2026-08-01","sourceKey":"node:10111219580","stationGroup":"花果山","hasOperationalRail":true,"hasConstructionRail":false}},{"type":"Feature","geometry":{"type":"Point","coordinates":[113.9088925,22.4880033]},"properties":{"key":"node:10111219588","osmType":"node","osmId":10111219588,"sourceRegion":"guangdong","featureType":"station","railClass":"metro","mode":"stop","name":"海上世界","nameEn":"Sea World","status":"operational","color":"#e7822f","dataOrigin":"datum-2026-08-01","sourceKey":"node:10111219588","stationGroup":"海上世界","hasOperationalRail":true,"hasConstructionRail":false}},{"type":"Feature","geometry":{"type":"Point","coordinates":[113.9068898,22.4761094]},"properties":{"key":"node:10111219607","osmType":"node","osmId":10111219607,"sourceRegion":"guangdong","featureType":"station","railClass":"metro","mode":"stop","name":"太子湾","nameEn":"Taiziwan","status":"operational","color":"#9a5b3f","dataOrigin":"datum-2026-08-01","sourceKey":"node:10111219607","stationGroup":"太子湾","hasOperationalRail":true,"hasConstructionRail":false}},{"type":"Feature","geometry":{"type":"Point","coordinates":[113.8962763,22.4733586]},"properties":{"key":"node:10111219620","osmType":"node","osmId":10111219620,"sourceRegion":"guangdong","featureType":"station","railClass":"metro","mode":"stop","name":"左炮台东","nameEn":"Zuopaitai East","status":"operational","color":"#A192B2","dataOrigin":"datum-2026-08-01","sourceKey":"node:10111219620","stationGroup":"左炮台东","hasOperationalRail":true,"hasConstructionRail":false}},{"type":"Feature","geometry":{"type":"Point","coordinates":[113.8763152,22.4725482]},"properties":{"key":"node:11035975005","osmType":"node","osmId":11035975005,"sourceRegion":"guangdong","featureType":"station","railClass":"minor","mode":"station","name":"赤湾","nameEn":"Chiwan","status":"operational","color":"#9950B2","dataOrigin":"datum-2026-08-01","sourceKey":"node:11035975005","stationGroup":"赤湾","hasOperationalRail":true,"hasConstructionRail":false}},{"type":"Feature","geometry":{"type":"Point","coordinates":[113.9468674,22.4949772]},"properties":{"key":"node:11639185850","osmType":"node","osmId":11639185850,"sourceRegion":"guangdong","featureType":"station","railClass":"metro","mode":"stop","name":"潮汐公园","nameEn":"Tide Park","status":"operational","color":"#5969c9","dataOrigin":"datum-2026-08-01","sourceKey":"node:11639185850","stationGroup":"潮汐公园","hasOperationalRail":true,"hasConstructionRail":false}},{"type":"Feature","geometry":{"type":"Point","coordinates":[113.933717,22.4964932]},"properties":{"key":"node:12470861687","osmType":"node","osmId":12470861687,"sourceRegion":"guangdong","featureType":"station","railClass":"metro","mode":"stop","name":"湾厦","nameEn":"Wanxia","status":"operational","color":"#DB6D1C","dataOrigin":"datum-2026-08-01","sourceKey":"node:12470861687","stationGroup":"湾厦","hasOperationalRail":true,"hasConstructionRail":false}},{"type":"Feature","geometry":{"type":"Point","coordinates":[113.946828,22.494974]},"properties":{"key":"node:13298913745","osmType":"node","osmId":13298913745,"sourceRegion":"guangdong","featureType":"station","railClass":"metro","mode":"stop","name":"潮汐公园","nameEn":"Tide Park","status":"operational","color":"#5969c9","dataOrigin":"datum-2026-08-01","sourceKey":"node:13298913745","stationGroup":"潮汐公园","hasOperationalRail":true,"hasConstructionRail":false}},{"type":"Feature","geometry":{"type":"LineString","coordinates":[[113.9853517,22.3087842],[113.9852095,22.3086651],[113.9851896,22.3086487],[113.9850459,22.3085286],[113.9849011,22.3084244],[113.9843646,22.3080993],[113.9810306,22.3061985],[113.9808885,22.3061414],[113.9808466,22.3061278],[113.9807132,22.3060844],[113.9807082,22.3060823],[113.9804862,22.3059901]]},"properties":{"key":"way:219993749@detail:455_89","osmType":"way","osmId":219993749,"sourceRegion":"guangdong","featureType":"infrastructure","railClass":"metro","mode":"rail","name":"未命名","operator":"香港鐵路有限公司 MTR Corporation","network":"MTR","service":"yard","status":"operational","color":"#8c5abe","dataOrigin":"datum-2026-08-01","sourceKey":"way:219993749"}},{"type":"Feature","geometry":{"type":"LineString","coordinates":[[113.9829898,22.307431],[113.9850942,22.3086378],[113.9851686,22.3086801],[113.9853517,22.3087842],[113.9856709,22.3089678],[113.9859015,22.3090745],[113.9864943,22.3094244],[113.9866284,22.3095013],[113.9869261,22.3096577],[113.9871863,22.3097271]]},"properties":{"key":"way:219993822@detail:455_89","osmType":"way","osmId":219993822,"sourceRegion":"guangdong","featureType":"infrastructure","railClass":"metro","mode":"rail","name":"未命名","operator":"香港鐵路有限公司 MTR Corporation","network":"MTR","service":"yard","status":"operational","color":"#8c5abe","dataOrigin":"datum-2026-08-01","sourceKey":"way:219993822"}},{"type":"Feature","geometry":{"type":"LineString","coordinates":[[113.9855337,22.3082445],[113.986733,22.3088983],[113.9874063,22.3093078],[113.9879289,22.3096044],[113.9882132,22.3098327],[113.9884672,22.3099856]]},"properties":{"key":"way:219993884@detail:455_89","osmType":"way","osmId":219993884,"sourceRegion":"guangdong","featureType":"infrastructure","railClass":"metro","mode":"rail","name":"未命名","operator":"香港鐵路有限公司 MTR Corporation","network":"MTR","service":"yard","status":"operational","color":"#8c5abe","dataOrigin":"datum-2026-08-01","sourceKey":"way:219993884"}},{"type":"Feature","geometry":{"type":"LineString","coordinates":[[113.9793772,22.3052243],[113.9795206,22.3053473],[113.9799685,22.3056848],[113.9800946,22.3057791],[113.9804862,22.3059901],[113.9806915,22.3061082],[113.9828599,22.3073554]]},"properties":{"key":"way:453753756@detail:455_89","osmType":"way","osmId":453753756,"sourceRegion":"guangdong","featureType":"infrastructure","railClass":"metro","mode":"rail","name":"未命名","operator":"香港鐵路有限公司 MTR Corporation","network":"MTR","service":"yard","status":"operational","color":"#8c5abe","dataOrigin":"datum-2026-08-01","sourceKey":"way:453753756"}},{"type":"Feature","geometry":{"type":"LineString","coordinates":[[113.9828599,22.3073554],[113.9829898,22.307431]]},"properties":{"key":"way:453753757@detail:455_89","osmType":"way","osmId":453753757,"sourceRegion":"guangdong","featureType":"infrastructure","railClass":"metro","mode":"rail","name":"未命名","operator":"香港鐵路有限公司 MTR Corporation","network":"MTR","service":"yard","status":"operational","color":"#8c5abe","dataOrigin":"datum-2026-08-01","sourceKey":"way:453753757"}},{"type":"Feature","geometry":{"type":"LineString","coordinates":[[113.8878737,22.4951691],[113.8879734,22.4949501],[113.8881102,22.4945619],[113.8882148,22.4941406],[113.8882872,22.4937119],[113.888644,22.4908967],[113.8887244,22.490525],[113.8888693,22.4901161],[113.8891831,22.4896749],[113.8895211,22.4893652],[113.8899188,22.4890054],[113.8923642,22.4868051],[113.8925235,22.486653],[113.8929856,22.4862118]]},"properties":{"key":"way:893915218@detail:455_89","osmType":"way","osmId":893915218,"sourceRegion":"guangdong","featureType":"infrastructure","railClass":"minor","mode":"razed","name":"平南铁路蛇口支线","nameEn":"Pinghu-Nanshan Railway Shekou Branch","usage":"branch","status":"operational","color":"#52636F","dataOrigin":"datum-2026-08-01","sourceKey":"way:893915218"}},{"type":"Feature","geometry":{"type":"LineString","coordinates":[[113.8697468,22.4974115],[113.8780987,22.4998994],[113.87843640601304,22.5]]},"properties":{"key":"way:1188488552@detail:455_89","osmType":"way","osmId":1188488552,"sourceRegion":"guangdong","featureType":"infrastructure","railClass":"minor","mode":"razed","name":"平南铁路","nameEn":"Pinghu–Nanshan Railway","usage":"main","status":"operational","color":"#52636F","dataOrigin":"datum-2026-08-01","sourceKey":"way:1188488552"}},{"type":"Feature","geometry":{"type":"LineString","coordinates":[[113.8777,22.4997275],[113.8773999,22.4995982],[113.8732483,22.4983491],[113.8728023,22.4982714]]},"properties":{"key":"way:1188488554@detail:455_89","osmType":"way","osmId":1188488554,"sourceRegion":"guangdong","featureType":"infrastructure","railClass":"minor","mode":"razed","name":"未命名","service":"yard","status":"operational","color":"#52636F","dataOrigin":"datum-2026-08-01","sourceKey":"way:1188488554"}},{"type":"Feature","geometry":{"type":"LineString","coordinates":[[113.8780987,22.4998994],[113.8777,22.4997275],[113.8728023,22.4982714],[113.8713954,22.4978454],[113.8710732,22.4977246],[113.8704568,22.4974571],[113.8701555,22.4972726],[113.8699092,22.4970644],[113.8697749,22.4968897],[113.869657,22.4966977],[113.8695531,22.4964453],[113.8694877,22.4961486],[113.8694597,22.4957582],[113.8694807,22.4954728],[113.8695376,22.4951893],[113.8702942,22.4930746],[113.8708796,22.4914548],[113.8718886,22.4884131],[113.8725233,22.4865997],[113.8727282,22.4861229],[113.8729593,22.4857742],[113.8733983,22.4852802],[113.873996,22.4845557],[113.8743273,22.4839807],[113.8744813,22.4835878],[113.8745753,22.4831963],[113.8746184,22.4827722],[113.8746324,22.482373],[113.8746177,22.4818172],[113.8745525,22.481348],[113.8744512,22.4808156],[113.8742182,22.4796647],[113.8740881,22.4789714],[113.8740479,22.4785625],[113.8740606,22.4782948],[113.874119,22.4779707],[113.8742343,22.4775897],[113.8744046,22.4769645],[113.8744382,22.4767272],[113.8745012,22.4760859],[113.8745251,22.4759597],[113.8745562,22.4758492],[113.8746362,22.4756254],[113.8747114,22.4754628],[113.8747971,22.4753028],[113.8766618,22.4716752]]},"properties":{"key":"way:1188488555@detail:455_89","osmType":"way","osmId":1188488555,"sourceRegion":"guangdong","featureType":"infrastructure","railClass":"minor","mode":"razed","name":"平南铁路赤湾支线","nameEn":"Pinghu-Nanshan Railway Chiwan Branch","usage":"branch","status":"operational","color":"#52636F","dataOrigin":"datum-2026-08-01","sourceKey":"way:1188488555"}},{"type":"Feature","geometry":{"type":"LineString","coordinates":[[113.8966067,22.4827339],[113.8932918,22.4858447],[113.8932303,22.4859072],[113.8931705,22.4859779],[113.8929856,22.4862118]]},"properties":{"key":"way:1188488556@detail:455_89","osmType":"way","osmId":1188488556,"sourceRegion":"guangdong","featureType":"infrastructure","railClass":"minor","mode":"razed","name":"平南铁路蛇口支线","nameEn":"Pinghu-Nanshan Railway Shekou Branch","usage":"branch","status":"operational","color":"#52636F","dataOrigin":"datum-2026-08-01","sourceKey":"way:1188488556"}},{"type":"Feature","geometry":{"type":"LineString","coordinates":[[113.8964547,22.4828135],[113.8960922,22.4830928],[113.8959426,22.4832245],[113.8934705,22.4855512],[113.8932714,22.4857327],[113.8931113,22.4859093],[113.8927191,22.4864054]]},"properties":{"key":"way:1188488557@detail:455_89","osmType":"way","osmId":1188488557,"sourceRegion":"guangdong","featureType":"infrastructure","railClass":"minor","mode":"razed","name":"未命名","service":"siding","status":"operational","color":"#52636F","dataOrigin":"datum-2026-08-01","sourceKey":"way:1188488557"}},{"type":"Feature","geometry":{"type":"LineString","coordinates":[[113.8927191,22.4864054],[113.8928619,22.4862581],[113.8929325,22.4861823],[113.8930387,22.486067],[113.8931626,22.4859232],[113.893236,22.4858406],[113.8964547,22.4828135]]},"properties":{"key":"way:1188488558@detail:455_89","osmType":"way","osmId":1188488558,"sourceRegion":"guangdong","featureType":"infrastructure","railClass":"minor","mode":"razed","name":"未命名","service":"siding","status":"operational","color":"#52636F","dataOrigin":"datum-2026-08-01","sourceKey":"way:1188488558"}},{"type":"Feature","geometry":{"type":"LineString","coordinates":[[113.8964841,22.4826424],[113.896239,22.4827347],[113.8960373,22.482819],[113.8958869,22.4828966],[113.8957444,22.4829931],[113.8954746,22.4832367],[113.8934386,22.4851604]]},"properties":{"key":"way:1188488559@detail:455_89","osmType":"way","osmId":1188488559,"sourceRegion":"guangdong","featureType":"infrastructure","railClass":"minor","mode":"razed","name":"未命名","service":"yard","status":"operational","color":"#52636F","dataOrigin":"datum-2026-08-01","sourceKey":"way:1188488559"}},{"type":"Feature","geometry":{"type":"LineString","coordinates":[[113.8931237,22.4848064],[113.8944809,22.4835],[113.894665,22.4833356],[113.8948216,22.4832253],[113.8949808,22.4831345],[113.8952693,22.4830004],[113.8955763,22.482904],[113.896155,22.482738],[113.896285,22.4827037],[113.8964841,22.4826424]]},"properties":{"key":"way:1188488560@detail:455_89","osmType":"way","osmId":1188488560,"sourceRegion":"guangdong","featureType":"infrastructure","railClass":"minor","mode":"razed","name":"未命名","service":"yard","status":"operational","color":"#52636F","dataOrigin":"datum-2026-08-01","sourceKey":"way:1188488560"}},{"type":"Feature","geometry":{"type":"LineString","coordinates":[[113.8853590446852,22.5],[113.8858046,22.4991537],[113.8867135,22.4974045],[113.8875839,22.4957364],[113.8878042,22.495335],[113.8878737,22.4951691]]},"properties":{"key":"way:1188488562@detail:455_89","osmType":"way","osmId":1188488562,"sourceRegion":"guangdong","featureType":"infrastructure","railClass":"minor","mode":"razed","name":"平南铁路蛇口支线","nameEn":"Pinghu-Nanshan Railway Shekou Branch","usage":"branch","bridge":"yes","status":"operational","color":"#52636F","dataOrigin":"datum-2026-08-01","sourceKey":"way:1188488562"}},{"type":"Feature","geometry":{"type":"LineString","coordinates":[[113.9779697,22.3832745],[113.9778784,22.383239],[113.9777241,22.383173],[113.977322,22.3830031],[113.9770689,22.3828982],[113.9765076,22.3826532],[113.9763305,22.3825774]]},"properties":{"key":"way:1425635446@detail:455_89","osmType":"way","osmId":1425635446,"sourceRegion":"guangdong","featureType":"infrastructure","railClass":"minor","mode":"rail","name":"未命名","status":"operational","color":"#52636F","dataOrigin":"datum-2026-08-01","sourceKey":"way:1425635446"}},{"type":"Feature","geometry":{"type":"LineString","coordinates":[[113.9771525,22.3829836],[113.9778214,22.3832603],[113.9779535,22.3833122]]},"properties":{"key":"way:1425635447@detail:455_89","osmType":"way","osmId":1425635447,"sourceRegion":"guangdong","featureType":"infrastructure","railClass":"minor","mode":"rail","name":"未命名","status":"operational","color":"#52636F","dataOrigin":"datum-2026-08-01","sourceKey":"way:1425635447"}},{"type":"Feature","geometry":{"type":"LineString","coordinates":[[113.9759156,22.3823368],[113.9759442,22.3823587],[113.9759756,22.3823704],[113.9760101,22.3823738],[113.9760476,22.3823684],[113.9768019,22.38225],[113.9768423,22.382247],[113.9768846,22.3822505],[113.9769222,22.3822626],[113.9770525,22.3823186],[113.9770838,22.3823325],[113.9775183,22.3825241],[113.9775672,22.3825571],[113.9775888,22.3825815],[113.9776073,22.382615],[113.9776215,22.3826534],[113.9776333,22.3827019],[113.9776831,22.3830793],[113.9777008,22.3831341],[113.9777241,22.383173],[113.9777632,22.3832155],[113.9778214,22.3832603]]},"properties":{"key":"way:1425635448@detail:455_89","osmType":"way","osmId":1425635448,"sourceRegion":"guangdong","featureType":"infrastructure","railClass":"minor","mode":"rail","name":"未命名","status":"operational","color":"#52636F","dataOrigin":"datum-2026-08-01","sourceKey":"way:1425635448"}},{"type":"Feature","geometry":{"type":"LineString","coordinates":[[113.9778784,22.383239],[113.9778272,22.3832062],[113.9777871,22.3831721],[113.9777545,22.3831223],[113.977737,22.3830672],[113.9776811,22.3826927],[113.9776702,22.3826396],[113.9776551,22.3825958],[113.9776328,22.3825589],[113.9775984,22.3825243],[113.9775399,22.3824905],[113.977106,22.3822939],[113.9763431,22.3819479],[113.9762979,22.3819344],[113.9762428,22.3819275],[113.9761802,22.3819314],[113.9761075,22.3819459],[113.9760381,22.3819743],[113.9759793,22.3820191],[113.9759391,22.3820703],[113.9759138,22.3821278],[113.9758988,22.3821721],[113.9758916,22.3822192],[113.9758916,22.3822638],[113.9759014,22.3823029],[113.9759156,22.3823368],[113.9759461,22.3823639],[113.9759793,22.3823814],[113.9760753,22.382421],[113.976111,22.3824288],[113.9761469,22.3824292],[113.9761846,22.3824248],[113.9769148,22.3823124],[113.9769609,22.3823077],[113.9770039,22.3823083],[113.9770525,22.3823186]]},"properties":{"key":"way:1425635449@detail:455_89","osmType":"way","osmId":1425635449,"sourceRegion":"guangdong","featureType":"infrastructure","railClass":"minor","mode":"rail","name":"未命名","status":"operational","color":"#52636F","dataOrigin":"datum-2026-08-01","sourceKey":"way:1425635449"}},{"type":"Feature","geometry":{"type":"LineString","coordinates":[[113.897118,22.4822544],[113.8968779,22.4824314],[113.8966991,22.4825459],[113.8964841,22.4826424]]},"properties":{"key":"way:1489308555@detail:455_89","osmType":"way","osmId":1489308555,"sourceRegion":"guangdong","featureType":"infrastructure","railClass":"minor","mode":"razed","name":"未命名","service":"yard","status":"operational","color":"#52636F","dataOrigin":"datum-2026-08-01","sourceKey":"way:1489308555"}},{"type":"Feature","geometry":{"type":"LineString","coordinates":[[113.8929856,22.4862118],[113.8936691,22.4855592],[113.89618,22.4832051],[113.8963418,22.4830328],[113.8966067,22.4827339]]},"properties":{"key":"way:1489308556@detail:455_89","osmType":"way","osmId":1489308556,"sourceRegion":"guangdong","featureType":"infrastructure","railClass":"minor","mode":"razed","name":"未命名","service":"siding","status":"operational","color":"#52636F","dataOrigin":"datum-2026-08-01","sourceKey":"way:1489308556"}},{"type":"Feature","geometry":{"type":"LineString","coordinates":[[113.8968164,22.4825349],[113.8964547,22.4828135]]},"properties":{"key":"way:1489308557@detail:455_89","osmType":"way","osmId":1489308557,"sourceRegion":"guangdong","featureType":"infrastructure","railClass":"minor","mode":"razed","name":"未命名","service":"siding","status":"operational","color":"#52636F","dataOrigin":"datum-2026-08-01","sourceKey":"way:1489308557"}},{"type":"Feature","geometry":{"type":"LineString","coordinates":[[113.8966067,22.4827339],[113.8968164,22.4825349],[113.8968886,22.4824663],[113.897118,22.4822544],[113.8977621,22.4816592],[113.8981057,22.4813219],[113.8985863,22.4808194]]},"properties":{"key":"way:1489308558@detail:455_89","osmType":"way","osmId":1489308558,"sourceRegion":"guangdong","featureType":"infrastructure","railClass":"minor","mode":"razed","name":"平南铁路蛇口支线","nameEn":"Pinghu-Nanshan Railway Shekou Branch","usage":"branch","status":"operational","color":"#52636F","dataOrigin":"datum-2026-08-01","sourceKey":"way:1489308558"}},{"type":"Feature","geometry":{"type":"LineString","coordinates":[[113.8927191,22.4864054],[113.8925235,22.486653]]},"properties":{"key":"way:1489308559@detail:455_89","osmType":"way","osmId":1489308559,"sourceRegion":"guangdong","featureType":"infrastructure","railClass":"minor","mode":"razed","name":"未命名","service":"siding","status":"operational","color":"#52636F","dataOrigin":"datum-2026-08-01","sourceKey":"way:1489308559"}}]}