{"type":"FeatureCollection","features":[{"type":"Feature","geometry":{"type":"Point","coordinates":[115.2325977,24.1147196]},"properties":{"key":"node:1619080438","osmType":"node","osmId":1619080438,"sourceRegion":"guangdong","featureType":"station","railClass":"minor","mode":"station","name":"龙川","nameEn":"Longchuan","status":"operational","color":"#52636F","dataOrigin":"datum-2026-08-01","sourceKey":"node:1619080438","stationGroup":"龙川","hasOperationalRail":true,"hasConstructionRail":false}},{"type":"Feature","geometry":{"type":"Point","coordinates":[115.2385944,24.1590542]},"properties":{"key":"node:8417536131","osmType":"node","osmId":8417536131,"sourceRegion":"guangdong","featureType":"station","railClass":"minor","mode":"station","name":"龙川北","operator":"中国铁路广州局集团有限公司","status":"operational","color":"#52636F","dataOrigin":"datum-2026-08-01","sourceKey":"node:8417536131","stationGroup":"龙川北","hasOperationalRail":true,"hasConstructionRail":false}},{"type":"Feature","geometry":{"type":"Point","coordinates":[115.1760963,24.0700046]},"properties":{"key":"node:8417536169","osmType":"node","osmId":8417536169,"sourceRegion":"guangdong","featureType":"station","railClass":"minor","mode":"station","name":"佗城","status":"operational","color":"#52636F","dataOrigin":"datum-2026-08-01","sourceKey":"node:8417536169","stationGroup":"佗城","hasOperationalRail":true,"hasConstructionRail":false}},{"type":"Feature","geometry":{"type":"Point","coordinates":[115.1752934,24.08043]},"properties":{"key":"node:9053630464","osmType":"node","osmId":9053630464,"sourceRegion":"guangdong","featureType":"station","railClass":"minor","mode":"station","name":"龙川西","status":"operational","color":"#52636F","dataOrigin":"datum-2026-08-01","sourceKey":"node:9053630464","stationGroup":"龙川西","hasOperationalRail":true,"hasConstructionRail":false}},{"type":"Feature","geometry":{"type":"LineString","coordinates":[[115.2384717,24.1204443],[115.2383423,24.1203519],[115.2372898,24.119464],[115.2365403,24.1188374],[115.2364661,24.1187754],[115.235972,24.1183596],[115.2354321,24.1179051],[115.2352499,24.1177517],[115.2276847,24.1113839],[115.2260596,24.1099863],[115.2253953,24.109413]]},"properties":{"key":"way:50250465@detail:460_96","osmType":"way","osmId":50250465,"sourceRegion":"guangdong","featureType":"infrastructure","railClass":"national","mode":"rail","name":"京九线","nameEn":"Jingjiu Line","ref":"0005","usage":"main","status":"operational","color":"#E54848","dataOrigin":"datum-2026-08-01","sourceKey":"way:50250465"}},{"type":"Feature","geometry":{"type":"LineString","coordinates":[[115.2381733,24.1202638],[115.2405874,24.122333],[115.2409051,24.1225906],[115.2412847,24.1228722],[115.2415529,24.1230558],[115.2418332,24.1232327],[115.2422288,24.1234511],[115.2426154,24.1236416],[115.2430603,24.1238159],[115.2434954,24.1239692],[115.2438703,24.1240704],[115.2441895,24.1241261],[115.2445087,24.1241561],[115.2448466,24.124161],[115.2452363,24.1241403],[115.2456996,24.1240998],[115.246423,24.123983],[115.2471493,24.1238759],[115.2489462,24.1235208],[115.2494382,24.1234235]]},"properties":{"key":"way:50250466@detail:460_96","osmType":"way","osmId":50250466,"sourceRegion":"guangdong","featureType":"infrastructure","railClass":"national","mode":"rail","name":"漳龙线","ref":"0067","usage":"main","status":"operational","color":"#E54848","dataOrigin":"datum-2026-08-01","sourceKey":"way:50250466"}},{"type":"Feature","geometry":{"type":"LineString","coordinates":[[115.2494382,24.1234235],[115.25,24.12332560155421]]},"properties":{"key":"way:50250467@detail:460_96","osmType":"way","osmId":50250467,"sourceRegion":"guangdong","featureType":"infrastructure","railClass":"national","mode":"rail","name":"漳龙线","ref":"0067","usage":"main","bridge":"yes","status":"operational","color":"#E54848","dataOrigin":"datum-2026-08-01","sourceKey":"way:50250467"}},{"type":"Feature","geometry":{"type":"LineString","coordinates":[[115.1807742,24.2298908],[115.1810264,24.2294715]]},"properties":{"key":"way:156467204@detail:460_96","osmType":"way","osmId":156467204,"sourceRegion":"guangdong","featureType":"infrastructure","railClass":"national","mode":"rail","name":"京九线","nameEn":"Jingjiu Line","ref":"0005","usage":"main","status":"operational","color":"#E54848","dataOrigin":"datum-2026-08-01","sourceKey":"way:156467204"}},{"type":"Feature","geometry":{"type":"LineString","coordinates":[[115.1738336,24.2389984],[115.1750296,24.2368108],[115.1754834,24.2363378]]},"properties":{"key":"way:156467215@detail:460_96","osmType":"way","osmId":156467215,"sourceRegion":"guangdong","featureType":"infrastructure","railClass":"national","mode":"rail","name":"京九线","nameEn":"Jingjiu Line","ref":"0005","usage":"main","tunnel":"yes","status":"operational","color":"#E54848","dataOrigin":"datum-2026-08-01","sourceKey":"way:156467215"}},{"type":"Feature","geometry":{"type":"LineString","coordinates":[[115.16794664312434,24.25],[115.1681996,24.2495551],[115.1704835,24.245456],[115.1722126,24.2421846],[115.1729114,24.240805],[115.1738336,24.2389984]]},"properties":{"key":"way:156467225@detail:460_96","osmType":"way","osmId":156467225,"sourceRegion":"guangdong","featureType":"infrastructure","railClass":"national","mode":"rail","name":"京九线","nameEn":"Jingjiu Line","ref":"0005","usage":"main","status":"operational","color":"#E54848","dataOrigin":"datum-2026-08-01","sourceKey":"way:156467225"}},{"type":"Feature","geometry":{"type":"LineString","coordinates":[[115.1754834,24.2363378],[115.1760382,24.235891],[115.176384,24.2354772],[115.177677,24.2340552],[115.1791752,24.2324065],[115.1794993,24.2319993],[115.1798306,24.2314541],[115.1807742,24.2298908]]},"properties":{"key":"way:156467236@detail:460_96","osmType":"way","osmId":156467236,"sourceRegion":"guangdong","featureType":"infrastructure","railClass":"national","mode":"rail","name":"京九线","nameEn":"Jingjiu Line","ref":"0005","usage":"main","status":"operational","color":"#E54848","dataOrigin":"datum-2026-08-01","sourceKey":"way:156467236"}},{"type":"Feature","geometry":{"type":"LineString","coordinates":[[115.2432212,24.1380783],[115.2432523,24.138333],[115.2432698,24.1385894],[115.2432676,24.1388549],[115.2432507,24.1393145]]},"properties":{"key":"way:210159016@detail:460_96","osmType":"way","osmId":210159016,"sourceRegion":"guangdong","featureType":"infrastructure","railClass":"minor","mode":"rail","name":"未命名","service":"yard","status":"operational","color":"#52636F","dataOrigin":"datum-2026-08-01","sourceKey":"way:210159016"}},{"type":"Feature","geometry":{"type":"LineString","coordinates":[[115.2436865,24.131096],[115.2435068,24.1289615]]},"properties":{"key":"way:210159017@detail:460_96","osmType":"way","osmId":210159017,"sourceRegion":"guangdong","featureType":"infrastructure","railClass":"national","mode":"rail","name":"未命名","usage":"main","tunnel":"yes","status":"operational","color":"#E54848","dataOrigin":"datum-2026-08-01","sourceKey":"way:210159017"}},{"type":"Feature","geometry":{"type":"LineString","coordinates":[[115.2394959,24.1751877],[115.2392381,24.1745827]]},"properties":{"key":"way:210159018@detail:460_96","osmType":"way","osmId":210159018,"sourceRegion":"guangdong","featureType":"infrastructure","railClass":"minor","mode":"rail","name":"未命名","service":"crossover","status":"operational","color":"#52636F","dataOrigin":"datum-2026-08-01","sourceKey":"way:210159018"}},{"type":"Feature","geometry":{"type":"LineString","coordinates":[[115.2438484,24.1406202],[115.2437729,24.1410186],[115.2437618,24.1410714]]},"properties":{"key":"way:210159019@detail:460_96","osmType":"way","osmId":210159019,"sourceRegion":"guangdong","featureType":"infrastructure","railClass":"minor","mode":"rail","name":"未命名","service":"yard","status":"operational","color":"#52636F","dataOrigin":"datum-2026-08-01","sourceKey":"way:210159019"}},{"type":"Feature","geometry":{"type":"LineString","coordinates":[[115.2429959,24.1445216],[115.243402,24.1437701]]},"properties":{"key":"way:210159020@detail:460_96","osmType":"way","osmId":210159020,"sourceRegion":"guangdong","featureType":"infrastructure","railClass":"national","mode":"rail","name":"未命名","bridge":"yes","status":"operational","color":"#E54848","dataOrigin":"datum-2026-08-01","sourceKey":"way:210159020"}},{"type":"Feature","geometry":{"type":"LineString","coordinates":[[115.2442458,24.1404732],[115.2442229,24.1408236]]},"properties":{"key":"way:210159021@detail:460_96","osmType":"way","osmId":210159021,"sourceRegion":"guangdong","featureType":"infrastructure","railClass":"minor","mode":"rail","name":"未命名","service":"yard","status":"operational","color":"#52636F","dataOrigin":"datum-2026-08-01","sourceKey":"way:210159021"}},{"type":"Feature","geometry":{"type":"LineString","coordinates":[[115.2442852,24.1399868],[115.2442819,24.1401367],[115.2442683,24.1402719],[115.2442458,24.1404732],[115.2441896,24.1406539]]},"properties":{"key":"way:210159022@detail:460_96","osmType":"way","osmId":210159022,"sourceRegion":"guangdong","featureType":"infrastructure","railClass":"minor","mode":"rail","name":"未命名","service":"yard","status":"operational","color":"#52636F","dataOrigin":"datum-2026-08-01","sourceKey":"way:210159022"}},{"type":"Feature","geometry":{"type":"LineString","coordinates":[[115.2433741,24.1331423],[115.2432252,24.1337176],[115.2431478,24.1339706]]},"properties":{"key":"way:210159023@detail:460_96","osmType":"way","osmId":210159023,"sourceRegion":"guangdong","featureType":"infrastructure","railClass":"national","mode":"rail","name":"京九线","nameEn":"Jingjiu Line","ref":"0005","usage":"main","status":"operational","color":"#E54848","dataOrigin":"datum-2026-08-01","sourceKey":"way:210159023"}},{"type":"Feature","geometry":{"type":"LineString","coordinates":[[115.2406002,24.1510967],[115.2407347,24.1503864]]},"properties":{"key":"way:210159025@detail:460_96","osmType":"way","osmId":210159025,"sourceRegion":"guangdong","featureType":"infrastructure","railClass":"minor","mode":"rail","name":"未命名","service":"yard","status":"operational","color":"#52636F","dataOrigin":"datum-2026-08-01","sourceKey":"way:210159025"}},{"type":"Feature","geometry":{"type":"LineString","coordinates":[[115.239245,24.152271],[115.2392476,24.1517974]]},"properties":{"key":"way:210159028@detail:460_96","osmType":"way","osmId":210159028,"sourceRegion":"guangdong","featureType":"infrastructure","railClass":"minor","mode":"rail","name":"未命名","service":"yard","status":"operational","color":"#52636F","dataOrigin":"datum-2026-08-01","sourceKey":"way:210159028"}},{"type":"Feature","geometry":{"type":"LineString","coordinates":[[115.2434997,24.1400141],[115.2435795,24.139665],[115.243653,24.1394697],[115.2439051,24.1383222]]},"properties":{"key":"way:210159029@detail:460_96","osmType":"way","osmId":210159029,"sourceRegion":"guangdong","featureType":"infrastructure","railClass":"minor","mode":"rail","name":"未命名","service":"yard","status":"operational","color":"#52636F","dataOrigin":"datum-2026-08-01","sourceKey":"way:210159029"}},{"type":"Feature","geometry":{"type":"LineString","coordinates":[[115.2390398,24.1655164],[115.2390034,24.1658134],[115.2389458,24.1664008],[115.2389163,24.1667801]]},"properties":{"key":"way:210159030@detail:460_96","osmType":"way","osmId":210159030,"sourceRegion":"guangdong","featureType":"infrastructure","railClass":"national","mode":"rail","name":"京九线","nameEn":"Jingjiu Line","ref":"0005","usage":"main","bridge":"yes","status":"operational","color":"#E54848","dataOrigin":"datum-2026-08-01","sourceKey":"way:210159030"}},{"type":"Feature","geometry":{"type":"LineString","coordinates":[[115.2445261,24.139089],[115.2444886,24.1389202],[115.2444738,24.1387489],[115.2444522,24.138328]]},"properties":{"key":"way:210159031@detail:460_96","osmType":"way","osmId":210159031,"sourceRegion":"guangdong","featureType":"infrastructure","railClass":"minor","mode":"rail","name":"未命名","service":"yard","status":"operational","color":"#52636F","dataOrigin":"datum-2026-08-01","sourceKey":"way:210159031"}},{"type":"Feature","geometry":{"type":"LineString","coordinates":[[115.2378756,24.1656369],[115.2378516,24.1646311],[115.2378514,24.1636037],[115.2378516,24.1632729],[115.237881,24.1629553],[115.2381116,24.1609045],[115.2390612,24.1526002],[115.2391362,24.1517784],[115.2391444,24.1511415],[115.2391442,24.1507162],[115.2391309,24.1498638]]},"properties":{"key":"way:210159032@detail:460_96","osmType":"way","osmId":210159032,"sourceRegion":"guangdong","featureType":"infrastructure","railClass":"national","mode":"rail","name":"京九线","nameEn":"Jingjiu Line","ref":"0005","usage":"main","status":"operational","color":"#E54848","dataOrigin":"datum-2026-08-01","sourceKey":"way:210159032"}},{"type":"Feature","geometry":{"type":"LineString","coordinates":[[115.243615,24.1394241],[115.2436186,24.1392792],[115.2436348,24.1391084],[115.2436992,24.1387271],[115.2437791,24.1383193]]},"properties":{"key":"way:210159033@detail:460_96","osmType":"way","osmId":210159033,"sourceRegion":"guangdong","featureType":"infrastructure","railClass":"minor","mode":"rail","name":"未命名","service":"yard","status":"operational","color":"#52636F","dataOrigin":"datum-2026-08-01","sourceKey":"way:210159033"}},{"type":"Feature","geometry":{"type":"LineString","coordinates":[[115.2405811,24.1512218],[115.2404722,24.1517889]]},"properties":{"key":"way:210159035@detail:460_96","osmType":"way","osmId":210159035,"sourceRegion":"guangdong","featureType":"infrastructure","railClass":"minor","mode":"rail","name":"未命名","service":"yard","status":"operational","color":"#52636F","dataOrigin":"datum-2026-08-01","sourceKey":"way:210159035"}},{"type":"Feature","geometry":{"type":"LineString","coordinates":[[115.2436865,24.131096],[115.2437121,24.1313749],[115.2437094,24.1316247],[115.2436987,24.1318877],[115.2436779,24.1321355],[115.2436316,24.1323945],[115.2435593,24.1327074],[115.2434359,24.1331541]]},"properties":{"key":"way:210159036@detail:460_96","osmType":"way","osmId":210159036,"sourceRegion":"guangdong","featureType":"infrastructure","railClass":"national","mode":"rail","name":"未命名","usage":"main","status":"operational","color":"#E54848","dataOrigin":"datum-2026-08-01","sourceKey":"way:210159036"}},{"type":"Feature","geometry":{"type":"LineString","coordinates":[[115.2437067,24.1434543],[115.2438167,24.1432365],[115.2439642,24.1428889],[115.2441144,24.14249],[115.2442626,24.1419855],[115.2447876,24.1403923],[115.2448638,24.1401011],[115.2449088,24.1398314],[115.2449421,24.1395772],[115.2449666,24.1392943],[115.2449746,24.1390244],[115.2449697,24.1386916],[115.2449727,24.1383559],[115.2448118,24.1367453],[115.2447715,24.1362436],[115.2447259,24.1359328],[115.2446587,24.1356146],[115.2445891,24.1353257],[115.2444979,24.1350271],[115.2443504,24.1345229],[115.2443247,24.1343978]]},"properties":{"key":"way:210159037@detail:460_96","osmType":"way","osmId":210159037,"sourceRegion":"guangdong","featureType":"infrastructure","railClass":"national","mode":"rail","name":"未命名","usage":"main","status":"operational","color":"#E54848","dataOrigin":"datum-2026-08-01","sourceKey":"way:210159037"}},{"type":"Feature","geometry":{"type":"LineString","coordinates":[[115.2437493,24.1434775],[115.2438482,24.1432528],[115.2439922,24.1429246],[115.2441102,24.1426232],[115.2444789,24.1414869],[115.244836,24.1404164],[115.2449271,24.1401182],[115.2451068,24.1394451],[115.2452338,24.138842],[115.2453009,24.1385513],[115.2455319,24.1376303],[115.2456595,24.1371728]]},"properties":{"key":"way:210159038@detail:460_96","osmType":"way","osmId":210159038,"sourceRegion":"guangdong","featureType":"infrastructure","railClass":"national","mode":"rail","name":"京九线","nameEn":"Jingjiu Line","ref":"0005","usage":"main","status":"operational","color":"#E54848","dataOrigin":"datum-2026-08-01","sourceKey":"way:210159038"}},{"type":"Feature","geometry":{"type":"LineString","coordinates":[[115.2440036,24.1401419],[115.2439649,24.1404291],[115.2439125,24.1406374],[115.2438337,24.1410238],[115.2438284,24.1410583],[115.2437016,24.1416641],[115.2436333,24.1420009],[115.243564,24.1422369],[115.2435134,24.1423791],[115.2434388,24.1425892]]},"properties":{"key":"way:210159039@detail:460_96","osmType":"way","osmId":210159039,"sourceRegion":"guangdong","featureType":"infrastructure","railClass":"minor","mode":"rail","name":"未命名","service":"yard","status":"operational","color":"#52636F","dataOrigin":"datum-2026-08-01","sourceKey":"way:210159039"}},{"type":"Feature","geometry":{"type":"LineString","coordinates":[[115.2424932,24.1454792],[115.2427143,24.144978]]},"properties":{"key":"way:210159040@detail:460_96","osmType":"way","osmId":210159040,"sourceRegion":"guangdong","featureType":"infrastructure","railClass":"minor","mode":"rail","name":"未命名","service":"yard","status":"operational","color":"#52636F","dataOrigin":"datum-2026-08-01","sourceKey":"way:210159040"}},{"type":"Feature","geometry":{"type":"LineString","coordinates":[[115.2432105,24.1437273],[115.2433237,24.1431565],[115.2433719,24.1428191],[115.2434271,24.1425016],[115.2434432,24.1422449],[115.2434547,24.1420822]]},"properties":{"key":"way:210159041@detail:460_96","osmType":"way","osmId":210159041,"sourceRegion":"guangdong","featureType":"infrastructure","railClass":"minor","mode":"rail","name":"未命名","service":"yard","status":"operational","color":"#52636F","dataOrigin":"datum-2026-08-01","sourceKey":"way:210159041"}},{"type":"Feature","geometry":{"type":"LineString","coordinates":[[115.239214,24.1510307],[115.2392529,24.1517197]]},"properties":{"key":"way:210159043@detail:460_96","osmType":"way","osmId":210159043,"sourceRegion":"guangdong","featureType":"infrastructure","railClass":"minor","mode":"rail","name":"未命名","service":"yard","status":"operational","color":"#52636F","dataOrigin":"datum-2026-08-01","sourceKey":"way:210159043"}},{"type":"Feature","geometry":{"type":"LineString","coordinates":[[115.2395131,24.1750549],[115.2396593,24.1754867],[115.2398173,24.1760728]]},"properties":{"key":"way:210159044@detail:460_96","osmType":"way","osmId":210159044,"sourceRegion":"guangdong","featureType":"infrastructure","railClass":"minor","mode":"rail","name":"未命名","service":"yard","status":"operational","color":"#52636F","dataOrigin":"datum-2026-08-01","sourceKey":"way:210159044"}},{"type":"Feature","geometry":{"type":"LineString","coordinates":[[115.238396,24.1713264],[115.2383746,24.1710401],[115.2383129,24.1707097],[115.2382457,24.1703187]]},"properties":{"key":"way:210159045@detail:460_96","osmType":"way","osmId":210159045,"sourceRegion":"guangdong","featureType":"infrastructure","railClass":"national","mode":"rail","name":"未命名","status":"operational","color":"#E54848","dataOrigin":"datum-2026-08-01","sourceKey":"way:210159045"}},{"type":"Feature","geometry":{"type":"LineString","coordinates":[[115.2395387,24.175315],[115.2396948,24.1758645]]},"properties":{"key":"way:210159046@detail:460_96","osmType":"way","osmId":210159046,"sourceRegion":"guangdong","featureType":"infrastructure","railClass":"minor","mode":"rail","name":"未命名","service":"crossover","status":"operational","color":"#52636F","dataOrigin":"datum-2026-08-01","sourceKey":"way:210159046"}},{"type":"Feature","geometry":{"type":"LineString","coordinates":[[115.2433848,24.1263679],[115.2432937,24.1265645],[115.2431783,24.1267485],[115.2430309,24.1269452]]},"properties":{"key":"way:210159047@detail:460_96","osmType":"way","osmId":210159047,"sourceRegion":"guangdong","featureType":"infrastructure","railClass":"minor","mode":"rail","name":"未命名","service":"yard","bridge":"yes","status":"operational","color":"#52636F","dataOrigin":"datum-2026-08-01","sourceKey":"way:210159047"}},{"type":"Feature","geometry":{"type":"LineString","coordinates":[[115.2437322,24.1310995],[115.2437509,24.1313909],[115.2437615,24.1316969],[115.2437791,24.131927],[115.2438086,24.1322342],[115.2438261,24.1324459],[115.2438515,24.1326551],[115.2438945,24.132878],[115.2439561,24.133163],[115.2440124,24.1333724],[115.2441252,24.133793],[115.2443247,24.1343978]]},"properties":{"key":"way:210159048@detail:460_96","osmType":"way","osmId":210159048,"sourceRegion":"guangdong","featureType":"infrastructure","railClass":"national","mode":"rail","name":"未命名","usage":"main","status":"operational","color":"#E54848","dataOrigin":"datum-2026-08-01","sourceKey":"way:210159048"}},{"type":"Feature","geometry":{"type":"LineString","coordinates":[[115.2431407,24.1323615],[115.243319,24.132561]]},"properties":{"key":"way:210159050@detail:460_96","osmType":"way","osmId":210159050,"sourceRegion":"guangdong","featureType":"infrastructure","railClass":"minor","mode":"rail","name":"未命名","service":"yard","status":"operational","color":"#52636F","dataOrigin":"datum-2026-08-01","sourceKey":"way:210159050"}},{"type":"Feature","geometry":{"type":"LineString","coordinates":[[115.2436664,24.1331363],[115.2437684,24.1333725],[115.2441975,24.1345376],[115.2442753,24.1347701],[115.2443384,24.1350197],[115.2443826,24.1352584],[115.2444161,24.1355106],[115.2444295,24.1357761],[115.2444577,24.1379399],[115.2444522,24.138328],[115.2443918,24.1389692],[115.2443625,24.1392897],[115.2442998,24.1398127],[115.2442852,24.1399868]]},"properties":{"key":"way:210159051@detail:460_96","osmType":"way","osmId":210159051,"sourceRegion":"guangdong","featureType":"infrastructure","railClass":"minor","mode":"rail","name":"未命名","service":"yard","status":"operational","color":"#52636F","dataOrigin":"datum-2026-08-01","sourceKey":"way:210159051"}},{"type":"Feature","geometry":{"type":"LineString","coordinates":[[115.239214,24.1510307],[115.2392059,24.1505595],[115.2391309,24.1498638]]},"properties":{"key":"way:210159053@detail:460_96","osmType":"way","osmId":210159053,"sourceRegion":"guangdong","featureType":"infrastructure","railClass":"minor","mode":"rail","name":"未命名","service":"yard","status":"operational","color":"#52636F","dataOrigin":"datum-2026-08-01","sourceKey":"way:210159053"}},{"type":"Feature","geometry":{"type":"LineString","coordinates":[[115.2257949,24.2195466],[115.2264628,24.2194757],[115.2267122,24.2194292],[115.2274391,24.2192188],[115.2284798,24.218825],[115.2294105,24.2183358],[115.229778,24.2180936],[115.2304888,24.2175701],[115.2312425,24.2169732],[115.2324602,24.215782],[115.2333319,24.2148573],[115.2337315,24.2144439],[115.234673,24.2136024],[115.2356332,24.2125994],[115.2365371,24.2115671],[115.237087,24.2106718],[115.2374357,24.2097984],[115.2376878,24.209111],[115.2378058,24.2082279],[115.237763,24.2071534],[115.237728,24.2068384],[115.2375485,24.2061431],[115.2371567,24.2051137],[115.2366444,24.2039418],[115.2361509,24.2027626],[115.2359713,24.2020698],[115.2358693,24.2007786],[115.2359043,24.1999609],[115.2360437,24.1988209],[115.2361591,24.1974337],[115.2362984,24.1963308],[115.2363737,24.1954862],[115.2364729,24.1947449],[115.2367383,24.1937129],[115.2369931,24.1930817],[115.237382,24.1924089],[115.2379346,24.1917067],[115.2387365,24.1909727],[115.2399167,24.1899916],[115.2402091,24.1897469],[115.240362,24.1895732],[115.2403861,24.1895316]]},"properties":{"key":"way:210159054@detail:460_96","osmType":"way","osmId":210159054,"sourceRegion":"guangdong","featureType":"infrastructure","railClass":"national","mode":"rail","name":"京九线","nameEn":"Jingjiu Line","ref":"0005","usage":"main","status":"operational","color":"#E54848","dataOrigin":"datum-2026-08-01","sourceKey":"way:210159054"}},{"type":"Feature","geometry":{"type":"LineString","coordinates":[[115.2409843,24.14317],[115.2420624,24.1377465],[115.242119,24.1374768],[115.2425642,24.13592],[115.2427626,24.1352499],[115.2429263,24.1347011],[115.2431478,24.1339706]]},"properties":{"key":"way:210159057@detail:460_96","osmType":"way","osmId":210159057,"sourceRegion":"guangdong","featureType":"infrastructure","railClass":"national","mode":"rail","name":"京九线","nameEn":"Jingjiu Line","ref":"0005","usage":"main","status":"operational","color":"#E54848","dataOrigin":"datum-2026-08-01","sourceKey":"way:210159057"}},{"type":"Feature","geometry":{"type":"LineString","coordinates":[[115.243319,24.132561],[115.2434707,24.1327787],[115.2435806,24.1329672],[115.2436664,24.1331363]]},"properties":{"key":"way:210159059@detail:460_96","osmType":"way","osmId":210159059,"sourceRegion":"guangdong","featureType":"infrastructure","railClass":"minor","mode":"rail","name":"未命名","service":"yard","bridge":"yes","status":"operational","color":"#52636F","dataOrigin":"datum-2026-08-01","sourceKey":"way:210159059"}},{"type":"Feature","geometry":{"type":"LineString","coordinates":[[115.2404463,24.1524985],[115.24059,24.151689]]},"properties":{"key":"way:210159060@detail:460_96","osmType":"way","osmId":210159060,"sourceRegion":"guangdong","featureType":"infrastructure","railClass":"minor","mode":"rail","name":"未命名","service":"crossover","status":"operational","color":"#52636F","dataOrigin":"datum-2026-08-01","sourceKey":"way:210159060"}},{"type":"Feature","geometry":{"type":"LineString","coordinates":[[115.2439148,24.1402348],[115.2437863,24.140676],[115.2437105,24.141009],[115.2437027,24.1410496]]},"properties":{"key":"way:210159061@detail:460_96","osmType":"way","osmId":210159061,"sourceRegion":"guangdong","featureType":"infrastructure","railClass":"minor","mode":"rail","name":"未命名","service":"yard","status":"operational","color":"#52636F","dataOrigin":"datum-2026-08-01","sourceKey":"way:210159061"}},{"type":"Feature","geometry":{"type":"LineString","coordinates":[[115.2429959,24.1445216],[115.2424932,24.1454792],[115.2412739,24.147795],[115.2411304,24.1480704],[115.2410218,24.1483335],[115.2409239,24.1485904],[115.2408381,24.1488682],[115.2407938,24.1490506],[115.2407549,24.1492464],[115.2407268,24.1494581],[115.2404722,24.1517889]]},"properties":{"key":"way:210159062@detail:460_96","osmType":"way","osmId":210159062,"sourceRegion":"guangdong","featureType":"infrastructure","railClass":"minor","mode":"rail","name":"未命名","service":"yard","status":"operational","color":"#52636F","dataOrigin":"datum-2026-08-01","sourceKey":"way:210159062"}},{"type":"Feature","geometry":{"type":"LineString","coordinates":[[115.2253319,24.109473],[115.2256882,24.1097876],[115.2266141,24.1106054],[115.2270985,24.1110638],[115.2273441,24.1113182],[115.2281633,24.1121435],[115.2285549,24.1125131],[115.2289887,24.1128917],[115.2339151,24.117043],[115.2343605,24.1173959],[115.2347964,24.1177154],[115.2352585,24.1180551],[115.2358383,24.1184814],[115.2364004,24.1189027],[115.2369131,24.1193577],[115.2375099,24.119862],[115.241054,24.1228564],[115.2414027,24.1232211],[115.2418694,24.1237523],[115.2422958,24.1243251],[115.2426579,24.124991],[115.2428966,24.1255564],[115.2430764,24.1261097],[115.2431528,24.1263899]]},"properties":{"key":"way:210159063@detail:460_96","osmType":"way","osmId":210159063,"sourceRegion":"guangdong","featureType":"infrastructure","railClass":"national","mode":"rail","name":"京九线","nameEn":"Jingjiu Line","ref":"0005","usage":"main","status":"operational","color":"#E54848","dataOrigin":"datum-2026-08-01","sourceKey":"way:210159063"}},{"type":"Feature","geometry":{"type":"LineString","coordinates":[[115.2471321,24.1344443],[115.2476517,24.1335813]]},"properties":{"key":"way:210159064@detail:460_96","osmType":"way","osmId":210159064,"sourceRegion":"guangdong","featureType":"infrastructure","railClass":"national","mode":"rail","name":"京九线","nameEn":"Jingjiu Line","ref":"0005","usage":"main","tunnel":"yes","status":"operational","color":"#E54848","dataOrigin":"datum-2026-08-01","sourceKey":"way:210159064"}},{"type":"Feature","geometry":{"type":"LineString","coordinates":[[115.244125,24.1381105],[115.2438808,24.1393454],[115.2438241,24.1396592],[115.2438028,24.1399555],[115.2437794,24.1402091],[115.2437526,24.1405359],[115.2437398,24.1406376],[115.2436726,24.1409707]]},"properties":{"key":"way:210159065@detail:460_96","osmType":"way","osmId":210159065,"sourceRegion":"guangdong","featureType":"infrastructure","railClass":"minor","mode":"rail","name":"未命名","service":"yard","status":"operational","color":"#52636F","dataOrigin":"datum-2026-08-01","sourceKey":"way:210159065"}},{"type":"Feature","geometry":{"type":"LineString","coordinates":[[115.2430309,24.1269452],[115.2428066,24.1271966],[115.2418144,24.1282589],[115.2416212,24.1284841],[115.2414014,24.1288778],[115.2413169,24.1291107],[115.2412539,24.1293611],[115.2412243,24.129642],[115.2412365,24.1299156],[115.2412727,24.130169],[115.2413518,24.1304737],[115.2414778,24.1307483],[115.241644,24.1310005],[115.2417998,24.1311946],[115.2419981,24.1313786],[115.2427853,24.1320102],[115.2429825,24.1322024],[115.2431407,24.1323615]]},"properties":{"key":"way:210159066@detail:460_96","osmType":"way","osmId":210159066,"sourceRegion":"guangdong","featureType":"infrastructure","railClass":"minor","mode":"rail","name":"未命名","service":"yard","status":"operational","color":"#52636F","dataOrigin":"datum-2026-08-01","sourceKey":"way:210159066"}},{"type":"Feature","geometry":{"type":"LineString","coordinates":[[115.2476517,24.1335813],[115.2479686,24.1330577],[115.2490943,24.1311921],[115.2492964,24.1308682],[115.2494387,24.130552],[115.2495754,24.1302391],[115.249712,24.1298672],[115.2497927,24.1295444],[115.249856,24.1292481],[115.2499123,24.1289793],[115.25,24.128368081957152]]},"properties":{"key":"way:210159067@detail:460_96","osmType":"way","osmId":210159067,"sourceRegion":"guangdong","featureType":"infrastructure","railClass":"national","mode":"rail","name":"京九线","nameEn":"Jingjiu Line","ref":"0005","usage":"main","status":"operational","color":"#E54848","dataOrigin":"datum-2026-08-01","sourceKey":"way:210159067"}},{"type":"Feature","geometry":{"type":"LineString","coordinates":[[115.2403443,24.1533503],[115.2403271,24.1537363],[115.2403096,24.1541719]]},"properties":{"key":"way:210159068@detail:460_96","osmType":"way","osmId":210159068,"sourceRegion":"guangdong","featureType":"infrastructure","railClass":"minor","mode":"rail","name":"未命名","service":"crossover","status":"operational","color":"#52636F","dataOrigin":"datum-2026-08-01","sourceKey":"way:210159068"}},{"type":"Feature","geometry":{"type":"LineString","coordinates":[[115.2399274,24.1900307],[115.2401662,24.1898276],[115.2403271,24.1896759],[115.2404263,24.1895512]]},"properties":{"key":"way:210159069@detail:460_96","osmType":"way","osmId":210159069,"sourceRegion":"guangdong","featureType":"infrastructure","railClass":"minor","mode":"rail","name":"未命名","service":"yard","status":"operational","color":"#52636F","dataOrigin":"datum-2026-08-01","sourceKey":"way:210159069"}},{"type":"Feature","geometry":{"type":"LineString","coordinates":[[115.243149,24.1446251],[115.2437493,24.1434775]]},"properties":{"key":"way:210159070@detail:460_96","osmType":"way","osmId":210159070,"sourceRegion":"guangdong","featureType":"infrastructure","railClass":"national","mode":"rail","name":"京九线","nameEn":"Jingjiu Line","ref":"0005","usage":"main","bridge":"yes","status":"operational","color":"#E54848","dataOrigin":"datum-2026-08-01","sourceKey":"way:210159070"}},{"type":"Feature","geometry":{"type":"LineString","coordinates":[[115.2403284,24.1786714],[115.2402909,24.1784231],[115.2401809,24.1775837],[115.240138,24.1773036],[115.2400871,24.1770882],[115.2400374,24.1768619],[115.2396948,24.1758645],[115.2392381,24.1745827],[115.2386882,24.1730594],[115.2385756,24.1726824],[115.2384685,24.1722586],[115.2383986,24.17187],[115.2383289,24.1714223],[115.2382913,24.1709207],[115.2382457,24.1703187],[115.2379964,24.1674355]]},"properties":{"key":"way:210159072@detail:460_96","osmType":"way","osmId":210159072,"sourceRegion":"guangdong","featureType":"infrastructure","railClass":"national","mode":"rail","name":"京九线","nameEn":"Jingjiu Line","ref":"0005","usage":"main","status":"operational","color":"#E54848","dataOrigin":"datum-2026-08-01","sourceKey":"way:210159072"}},{"type":"Feature","geometry":{"type":"LineString","coordinates":[[115.2439649,24.1404291],[115.2439468,24.1406839],[115.2438876,24.1410369]]},"properties":{"key":"way:210159073@detail:460_96","osmType":"way","osmId":210159073,"sourceRegion":"guangdong","featureType":"infrastructure","railClass":"minor","mode":"rail","name":"未命名","service":"yard","status":"operational","color":"#52636F","dataOrigin":"datum-2026-08-01","sourceKey":"way:210159073"}},{"type":"Feature","geometry":{"type":"LineString","coordinates":[[115.2391,24.1526434],[115.2391699,24.1520128],[115.239198,24.1517057],[115.239214,24.1510307]]},"properties":{"key":"way:210159076@detail:460_96","osmType":"way","osmId":210159076,"sourceRegion":"guangdong","featureType":"infrastructure","railClass":"minor","mode":"rail","name":"未命名","service":"yard","status":"operational","color":"#52636F","dataOrigin":"datum-2026-08-01","sourceKey":"way:210159076"}},{"type":"Feature","geometry":{"type":"LineString","coordinates":[[115.2408045,24.1440859],[115.2409843,24.14317]]},"properties":{"key":"way:210159078@detail:460_96","osmType":"way","osmId":210159078,"sourceRegion":"guangdong","featureType":"infrastructure","railClass":"national","mode":"rail","name":"京九线","nameEn":"Jingjiu Line","ref":"0005","usage":"main","bridge":"yes","status":"operational","color":"#E54848","dataOrigin":"datum-2026-08-01","sourceKey":"way:210159078"}},{"type":"Feature","geometry":{"type":"LineString","coordinates":[[115.2456595,24.1371728],[115.2457383,24.1369307],[115.2461126,24.1362288],[115.246429,24.1356684]]},"properties":{"key":"way:210159079@detail:460_96","osmType":"way","osmId":210159079,"sourceRegion":"guangdong","featureType":"infrastructure","railClass":"national","mode":"rail","name":"京九线","nameEn":"Jingjiu Line","ref":"0005","usage":"main","tunnel":"yes","status":"operational","color":"#E54848","dataOrigin":"datum-2026-08-01","sourceKey":"way:210159079"}},{"type":"Feature","geometry":{"type":"LineString","coordinates":[[115.2435068,24.1289615],[115.2434534,24.1282474],[115.2434305,24.1277419],[115.243417,24.1274536],[115.2434251,24.1272552],[115.2434599,24.1270424],[115.2435216,24.1267387],[115.2436048,24.1264597],[115.2437149,24.1261851],[115.2438301,24.125948],[115.2440153,24.1256661],[115.2441841,24.1254437],[115.244396,24.1252063],[115.2445891,24.1249959],[115.2448359,24.1247926],[115.2451042,24.1245963],[115.2453884,24.1244352],[115.2456995,24.1242737],[115.2460028,24.1241582],[115.2463111,24.1240779],[115.2471587,24.1239285],[115.2481297,24.1237204],[115.2489462,24.1235208]]},"properties":{"key":"way:210159080@detail:460_96","osmType":"way","osmId":210159080,"sourceRegion":"guangdong","featureType":"infrastructure","railClass":"national","mode":"rail","name":"未命名","usage":"main","status":"operational","color":"#E54848","dataOrigin":"datum-2026-08-01","sourceKey":"way:210159080"}},{"type":"Feature","geometry":{"type":"LineString","coordinates":[[115.246429,24.1356684],[115.2471321,24.1344443]]},"properties":{"key":"way:210159082@detail:460_96","osmType":"way","osmId":210159082,"sourceRegion":"guangdong","featureType":"infrastructure","railClass":"national","mode":"rail","name":"京九线","nameEn":"Jingjiu Line","ref":"0005","usage":"main","status":"operational","color":"#E54848","dataOrigin":"datum-2026-08-01","sourceKey":"way:210159082"}},{"type":"Feature","geometry":{"type":"LineString","coordinates":[[115.2434534,24.1282474],[115.2435417,24.1287961],[115.2435579,24.1289577]]},"properties":{"key":"way:210159083@detail:460_96","osmType":"way","osmId":210159083,"sourceRegion":"guangdong","featureType":"infrastructure","railClass":"national","mode":"rail","name":"未命名","usage":"main","status":"operational","color":"#E54848","dataOrigin":"datum-2026-08-01","sourceKey":"way:210159083"}},{"type":"Feature","geometry":{"type":"LineString","coordinates":[[115.2437014,24.1360277],[115.2434519,24.1356782],[115.2433526,24.1354848],[115.2433204,24.1353967]]},"properties":{"key":"way:210159084@detail:460_96","osmType":"way","osmId":210159084,"sourceRegion":"guangdong","featureType":"infrastructure","railClass":"minor","mode":"rail","name":"未命名","service":"yard","status":"operational","color":"#52636F","dataOrigin":"datum-2026-08-01","sourceKey":"way:210159084"}},{"type":"Feature","geometry":{"type":"LineString","coordinates":[[115.2409411,24.1441397],[115.2411371,24.1431999]]},"properties":{"key":"way:210159085@detail:460_96","osmType":"way","osmId":210159085,"sourceRegion":"guangdong","featureType":"infrastructure","railClass":"minor","mode":"rail","name":"未命名","service":"yard","bridge":"yes","status":"operational","color":"#52636F","dataOrigin":"datum-2026-08-01","sourceKey":"way:210159085"}},{"type":"Feature","geometry":{"type":"LineString","coordinates":[[115.2438408,24.1383198],[115.2436804,24.139108],[115.243615,24.1394241],[115.2435795,24.139665]]},"properties":{"key":"way:210159087@detail:460_96","osmType":"way","osmId":210159087,"sourceRegion":"guangdong","featureType":"infrastructure","railClass":"minor","mode":"rail","name":"未命名","service":"yard","status":"operational","color":"#52636F","dataOrigin":"datum-2026-08-01","sourceKey":"way:210159087"}},{"type":"Feature","geometry":{"type":"LineString","coordinates":[[115.2429462,24.1445129],[115.2430562,24.1442596],[115.2431381,24.1440267],[115.2432105,24.1437273]]},"properties":{"key":"way:210159088@detail:460_96","osmType":"way","osmId":210159088,"sourceRegion":"guangdong","featureType":"infrastructure","railClass":"minor","mode":"rail","name":"未命名","service":"yard","bridge":"yes","status":"operational","color":"#52636F","dataOrigin":"datum-2026-08-01","sourceKey":"way:210159088"}},{"type":"Feature","geometry":{"type":"LineString","coordinates":[[115.2389163,24.1667801],[115.2389069,24.1671044],[115.2389645,24.172959],[115.2389672,24.1732391],[115.2389847,24.1734545],[115.2390128,24.1736661],[115.2390584,24.1738521],[115.2391121,24.1740382],[115.2392301,24.1744028],[115.2393214,24.1747057],[115.2394959,24.1751877]]},"properties":{"key":"way:210159090@detail:460_96","osmType":"way","osmId":210159090,"sourceRegion":"guangdong","featureType":"infrastructure","railClass":"national","mode":"rail","name":"京九线","nameEn":"Jingjiu Line","ref":"0005","usage":"main","status":"operational","color":"#E54848","dataOrigin":"datum-2026-08-01","sourceKey":"way:210159090"}},{"type":"Feature","geometry":{"type":"LineString","coordinates":[[115.243149,24.1446251],[115.2416091,24.1476029],[115.2414213,24.1479469],[115.2412486,24.1482792],[115.2410915,24.1486369],[115.2409869,24.1489479],[115.2409051,24.1492623],[115.2408328,24.1495923],[115.2407996,24.1498414],[115.2407347,24.1503864],[115.24059,24.151689],[115.2403096,24.1541719],[115.2390745,24.1651822],[115.2390398,24.1655164]]},"properties":{"key":"way:210159091@detail:460_96","osmType":"way","osmId":210159091,"sourceRegion":"guangdong","featureType":"infrastructure","railClass":"national","mode":"rail","name":"京九线","nameEn":"Jingjiu Line","ref":"0005","usage":"main","status":"operational","color":"#E54848","dataOrigin":"datum-2026-08-01","sourceKey":"way:210159091"}},{"type":"Feature","geometry":{"type":"LineString","coordinates":[[115.2410004,24.1441588],[115.2409145,24.1448299],[115.2407911,24.1455079],[115.2406463,24.1461834],[115.2405162,24.1466399],[115.2403581,24.1474079],[115.2403476,24.1474642],[115.2403218,24.1476042],[115.2401822,24.1483128],[115.2401286,24.1486603],[115.240083,24.1490238],[115.2400643,24.1491621],[115.2400776,24.1496222],[115.240079,24.1498277],[115.2400844,24.1499916],[115.2401018,24.1501581],[115.2401353,24.1503222],[115.240264,24.1507823],[115.2403124,24.1509951],[115.2403486,24.1512093],[115.240362,24.1513868],[115.240366,24.1515604],[115.2403552,24.1517441],[115.2403365,24.1518908],[115.2402963,24.1520842],[115.2400683,24.1530449],[115.2400216,24.1532911],[115.2399824,24.1536115]]},"properties":{"key":"way:210159093@detail:460_96","osmType":"way","osmId":210159093,"sourceRegion":"guangdong","featureType":"infrastructure","railClass":"minor","mode":"rail","name":"未命名","service":"yard","status":"operational","color":"#52636F","dataOrigin":"datum-2026-08-01","sourceKey":"way:210159093"}},{"type":"Feature","geometry":{"type":"LineString","coordinates":[[115.2442683,24.1402719],[115.2442679,24.1409144],[115.2442596,24.1410567],[115.2442314,24.1412124],[115.2441755,24.1414854],[115.2441532,24.1415863]]},"properties":{"key":"way:210159094@detail:460_96","osmType":"way","osmId":210159094,"sourceRegion":"guangdong","featureType":"infrastructure","railClass":"minor","mode":"rail","name":"未命名","service":"yard","status":"operational","color":"#52636F","dataOrigin":"datum-2026-08-01","sourceKey":"way:210159094"}},{"type":"Feature","geometry":{"type":"LineString","coordinates":[[115.25,24.12470676814554],[115.2498946,24.1243569],[115.2497388,24.1240118],[115.2495566,24.1237375],[115.2494081,24.1235139],[115.2492034,24.1232384],[115.2490309,24.1230276],[115.2487702,24.1227498],[115.2484918,24.1225086],[115.2481617,24.1222727],[115.2478185,24.1220582],[115.2474943,24.1218878],[115.2471413,24.1217543]]},"properties":{"key":"way:210159095@detail:460_96","osmType":"way","osmId":210159095,"sourceRegion":"guangdong","featureType":"infrastructure","railClass":"national","mode":"rail","name":"京九线","nameEn":"Jingjiu Line","ref":"0005","usage":"main","bridge":"viaduct","status":"operational","color":"#E54848","dataOrigin":"datum-2026-08-01","sourceKey":"way:210159095"}},{"type":"Feature","geometry":{"type":"LineString","coordinates":[[115.237012,24.1193691],[115.2379456,24.1201622],[115.2406704,24.1224768],[115.2410111,24.1227522],[115.2412914,24.122975],[115.2415059,24.1231439],[115.2417152,24.1232934],[115.242041,24.1234953],[115.2424474,24.1237254],[115.2426875,24.1238963],[115.2428417,24.1240411],[115.2429758,24.1242087],[115.2431059,24.1243607],[115.2432078,24.1245184],[115.2433097,24.124718],[115.2433902,24.1248991],[115.2434519,24.1250753],[115.2434895,24.1252407],[115.2435149,24.1254193],[115.2435244,24.1256098],[115.2435203,24.1258011],[115.2434948,24.126002],[115.2434479,24.1261855],[115.2433848,24.1263679]]},"properties":{"key":"way:210159097@detail:460_96","osmType":"way","osmId":210159097,"sourceRegion":"guangdong","featureType":"infrastructure","railClass":"minor","mode":"rail","name":"未命名","service":"yard","status":"operational","color":"#52636F","dataOrigin":"datum-2026-08-01","sourceKey":"way:210159097"}},{"type":"Feature","geometry":{"type":"LineString","coordinates":[[115.2403647,24.1786593],[115.2403311,24.1784133],[115.2402198,24.1775788],[115.2401782,24.1772926],[115.2401327,24.1770748],[115.2400817,24.1768594],[115.2398173,24.1760728],[115.2395387,24.175315],[115.2394959,24.1751877]]},"properties":{"key":"way:210159099@detail:460_96","osmType":"way","osmId":210159099,"sourceRegion":"guangdong","featureType":"infrastructure","railClass":"national","mode":"rail","name":"京九线","nameEn":"Jingjiu Line","ref":"0005","usage":"main","status":"operational","color":"#E54848","dataOrigin":"datum-2026-08-01","sourceKey":"way:210159099"}},{"type":"Feature","geometry":{"type":"LineString","coordinates":[[115.2378516,24.1646311],[115.2378796,24.1640565],[115.2378983,24.1637505],[115.2379131,24.1635498],[115.2379613,24.1631489],[115.2381775,24.1613519],[115.2390344,24.1537652],[115.2391463,24.1526437],[115.2392208,24.1520085],[115.2392476,24.1517974],[115.2392529,24.1517197],[115.2393107,24.1511635],[115.239359,24.1507512],[115.239379,24.1505101],[115.2393869,24.1502915],[115.2393387,24.1498056],[115.2393281,24.149618],[115.2393414,24.1494201],[115.2393736,24.1492366],[115.2394287,24.1490245],[115.2395037,24.148807],[115.2396084,24.1486121],[115.2397411,24.148407],[115.2398966,24.1482062],[115.240079,24.1480093]]},"properties":{"key":"way:210159102@detail:460_96","osmType":"way","osmId":210159102,"sourceRegion":"guangdong","featureType":"infrastructure","railClass":"national","mode":"rail","name":"未命名","status":"operational","color":"#E54848","dataOrigin":"datum-2026-08-01","sourceKey":"way:210159102"}},{"type":"Feature","geometry":{"type":"LineString","coordinates":[[115.2432252,24.1337176],[115.2434359,24.1331541]]},"properties":{"key":"way:210159103@detail:460_96","osmType":"way","osmId":210159103,"sourceRegion":"guangdong","featureType":"infrastructure","railClass":"minor","mode":"rail","name":"未命名","service":"crossover","status":"operational","color":"#52636F","dataOrigin":"datum-2026-08-01","sourceKey":"way:210159103"}},{"type":"Feature","geometry":{"type":"LineString","coordinates":[[115.2409411,24.1441397],[115.2407132,24.145525],[115.2404452,24.1466584],[115.2403007,24.1473939],[115.2402854,24.1474708],[115.2402359,24.1476653],[115.2401246,24.1479982],[115.2400923,24.1481304],[115.2399208,24.1490334],[115.2398658,24.1492146],[115.2398136,24.1493537],[115.2396215,24.1498155],[115.2395546,24.1499867],[115.2395064,24.1501507],[115.2394673,24.1503307],[115.2394391,24.150513],[115.239245,24.152271],[115.2392349,24.1523606],[115.2381988,24.1615662],[115.2381708,24.1618147],[115.2381011,24.1624341],[115.2379748,24.1635559],[115.237956,24.1638055]]},"properties":{"key":"way:210159104@detail:460_96","osmType":"way","osmId":210159104,"sourceRegion":"guangdong","featureType":"infrastructure","railClass":"minor","mode":"rail","name":"未命名","service":"yard","status":"operational","color":"#52636F","dataOrigin":"datum-2026-08-01","sourceKey":"way:210159104"}},{"type":"Feature","geometry":{"type":"LineString","coordinates":[[115.2442229,24.1408236],[115.2441991,24.1409763],[115.2439962,24.1420344],[115.2438757,24.1425059],[115.2437389,24.1429245],[115.2434456,24.1436846]]},"properties":{"key":"way:210159105@detail:460_96","osmType":"way","osmId":210159105,"sourceRegion":"guangdong","featureType":"infrastructure","railClass":"minor","mode":"rail","name":"未命名","service":"yard","status":"operational","color":"#52636F","dataOrigin":"datum-2026-08-01","sourceKey":"way:210159105"}},{"type":"Feature","geometry":{"type":"LineString","coordinates":[[115.2441896,24.1406539],[115.2441349,24.1410127]]},"properties":{"key":"way:210159106@detail:460_96","osmType":"way","osmId":210159106,"sourceRegion":"guangdong","featureType":"infrastructure","railClass":"minor","mode":"rail","name":"未命名","service":"yard","status":"operational","color":"#52636F","dataOrigin":"datum-2026-08-01","sourceKey":"way:210159106"}},{"type":"Feature","geometry":{"type":"LineString","coordinates":[[115.2094816,24.2247029],[115.2090631,24.2248888],[115.2085321,24.2251285]]},"properties":{"key":"way:210163801@detail:460_96","osmType":"way","osmId":210163801,"sourceRegion":"guangdong","featureType":"infrastructure","railClass":"national","mode":"rail","name":"京九线","nameEn":"Jingjiu Line","ref":"0005","usage":"main","status":"operational","color":"#E54848","dataOrigin":"datum-2026-08-01","sourceKey":"way:210163801"}},{"type":"Feature","geometry":{"type":"LineString","coordinates":[[115.221793,24.2198328],[115.2211199,24.2199179],[115.220578,24.2199722],[115.2199101,24.220004],[115.2191995,24.2200402],[115.2185665,24.220094],[115.2177429,24.2202144],[115.2167962,24.2204022]]},"properties":{"key":"way:210163802@detail:460_96","osmType":"way","osmId":210163802,"sourceRegion":"guangdong","featureType":"infrastructure","railClass":"national","mode":"rail","name":"京九线","nameEn":"Jingjiu Line","ref":"0005","usage":"main","status":"operational","color":"#E54848","dataOrigin":"datum-2026-08-01","sourceKey":"way:210163802"}},{"type":"Feature","geometry":{"type":"LineString","coordinates":[[115.2387934,24.1623903],[115.2387929,24.1621096],[115.2388009,24.1619408],[115.238821,24.1616949],[115.2389002,24.1610145],[115.2398644,24.1522887],[115.2398886,24.1518468],[115.2398859,24.1516277]]},"properties":{"key":"way:210163804@detail:460_96","osmType":"way","osmId":210163804,"sourceRegion":"guangdong","featureType":"infrastructure","railClass":"minor","mode":"rail","name":"未命名","service":"yard","status":"operational","color":"#52636F","dataOrigin":"datum-2026-08-01","sourceKey":"way:210163804"}},{"type":"Feature","geometry":{"type":"LineString","coordinates":[[115.238821,24.1616949],[115.2388277,24.1612824],[115.2388841,24.160656],[115.2398215,24.1522776],[115.2398269,24.1521527],[115.2398259,24.1518451]]},"properties":{"key":"way:210163805@detail:460_96","osmType":"way","osmId":210163805,"sourceRegion":"guangdong","featureType":"infrastructure","railClass":"minor","mode":"rail","name":"未命名","service":"yard","status":"operational","color":"#52636F","dataOrigin":"datum-2026-08-01","sourceKey":"way:210163805"}},{"type":"Feature","geometry":{"type":"LineString","coordinates":[[115.2391519,24.1626542],[115.2391597,24.1624492],[115.2391523,24.1619334],[115.2391537,24.161663],[115.239163,24.1614574],[115.2399771,24.1542758],[115.2400133,24.1540666],[115.240126,24.1536077],[115.2402292,24.1531649],[115.2402829,24.152931],[115.2403252,24.1526756]]},"properties":{"key":"way:210163806@detail:460_96","osmType":"way","osmId":210163806,"sourceRegion":"guangdong","featureType":"infrastructure","railClass":"minor","mode":"rail","name":"未命名","service":"yard","status":"operational","color":"#52636F","dataOrigin":"datum-2026-08-01","sourceKey":"way:210163806"}},{"type":"Feature","geometry":{"type":"LineString","coordinates":[[115.2436028,24.1381231],[115.243479,24.138746],[115.2434609,24.138901],[115.2434546,24.1390766],[115.2434829,24.139375],[115.2434896,24.1394342],[115.2435158,24.1396657],[115.2435098,24.1398918],[115.2434997,24.1400141],[115.2434802,24.1401083],[115.2434345,24.1403461],[115.2433881,24.1406269],[115.2432998,24.1410638],[115.2431989,24.1415113],[115.2431617,24.1417187],[115.2431521,24.1419657],[115.2431606,24.1420873],[115.2431777,24.1424724]]},"properties":{"key":"way:210163807@detail:460_96","osmType":"way","osmId":210163807,"sourceRegion":"guangdong","featureType":"infrastructure","railClass":"minor","mode":"rail","name":"未命名","service":"yard","status":"operational","color":"#52636F","dataOrigin":"datum-2026-08-01","sourceKey":"way:210163807"}},{"type":"Feature","geometry":{"type":"LineString","coordinates":[[115.2437618,24.1410714],[115.2435305,24.1422041],[115.2434611,24.1424791],[115.2434388,24.1425892],[115.2433719,24.1428191]]},"properties":{"key":"way:210163809@detail:460_96","osmType":"way","osmId":210163809,"sourceRegion":"guangdong","featureType":"infrastructure","railClass":"minor","mode":"rail","name":"未命名","service":"yard","status":"operational","color":"#52636F","dataOrigin":"datum-2026-08-01","sourceKey":"way:210163809"}},{"type":"Feature","geometry":{"type":"LineString","coordinates":[[115.2388182,24.1646291],[115.2388385,24.16435],[115.2388546,24.1642485],[115.2388814,24.1641139],[115.2389136,24.163994],[115.2389954,24.1637309],[115.239045,24.1635229],[115.2390772,24.1633185],[115.2391456,24.1627129],[115.2391519,24.1626542],[115.2392073,24.162139],[115.2401098,24.1540679],[115.2401756,24.1534792],[115.2402292,24.1531649]]},"properties":{"key":"way:210163811@detail:460_96","osmType":"way","osmId":210163811,"sourceRegion":"guangdong","featureType":"infrastructure","railClass":"minor","mode":"rail","name":"未命名","service":"yard","status":"operational","color":"#52636F","dataOrigin":"datum-2026-08-01","sourceKey":"way:210163811"}},{"type":"Feature","geometry":{"type":"LineString","coordinates":[[115.2389806,24.1646914],[115.2390866,24.1636563],[115.2391684,24.16302],[115.2392113,24.1625893],[115.2402253,24.1535167]]},"properties":{"key":"way:210163814@detail:460_96","osmType":"way","osmId":210163814,"sourceRegion":"guangdong","featureType":"infrastructure","railClass":"minor","mode":"rail","name":"未命名","service":"yard","status":"operational","color":"#52636F","dataOrigin":"datum-2026-08-01","sourceKey":"way:210163814"}},{"type":"Feature","geometry":{"type":"LineString","coordinates":[[115.2057855,24.2258134],[115.2053295,24.2258623],[115.2036075,24.225603]]},"properties":{"key":"way:210163815@detail:460_96","osmType":"way","osmId":210163815,"sourceRegion":"guangdong","featureType":"infrastructure","railClass":"national","mode":"rail","name":"京九线","nameEn":"Jingjiu Line","ref":"0005","usage":"main","tunnel":"yes","status":"operational","color":"#E54848","dataOrigin":"datum-2026-08-01","sourceKey":"way:210163815"}},{"type":"Feature","geometry":{"type":"LineString","coordinates":[[115.2387178,24.1613644],[115.2387124,24.1608493],[115.2387165,24.1606866],[115.23967,24.1521663],[115.2396727,24.1520462],[115.239666,24.1516363],[115.2397035,24.1513451],[115.2397411,24.1511113],[115.2398363,24.1506989],[115.2398618,24.1505068],[115.2398765,24.1503012],[115.239898,24.1500026],[115.2399181,24.1498362],[115.2399784,24.1493137],[115.2399932,24.1492292]]},"properties":{"key":"way:210163816@detail:460_96","osmType":"way","osmId":210163816,"sourceRegion":"guangdong","featureType":"infrastructure","railClass":"minor","mode":"rail","name":"未命名","service":"yard","status":"operational","color":"#52636F","dataOrigin":"datum-2026-08-01","sourceKey":"way:210163816"}},{"type":"Feature","geometry":{"type":"LineString","coordinates":[[115.2432751,24.1363576],[115.2431255,24.1370884],[115.2431008,24.1373302],[115.2431021,24.1375634],[115.2431195,24.1376769],[115.2432057,24.1380146],[115.2432212,24.1380783],[115.2433302,24.1383725],[115.2433573,24.1384886],[115.2433769,24.1386183],[115.2433803,24.1386667],[115.2434045,24.1390169],[115.2433926,24.1392036],[115.2433817,24.1393746],[115.243366,24.1394846],[115.2433443,24.1396372],[115.2432018,24.1403202],[115.2429913,24.1413544],[115.2429647,24.1415297],[115.2429546,24.1416398],[115.2429588,24.1417964],[115.2429969,24.1420798]]},"properties":{"key":"way:210163817@detail:460_96","osmType":"way","osmId":210163817,"sourceRegion":"guangdong","featureType":"infrastructure","railClass":"minor","mode":"rail","name":"未命名","service":"yard","status":"operational","color":"#52636F","dataOrigin":"datum-2026-08-01","sourceKey":"way:210163817"}},{"type":"Feature","geometry":{"type":"LineString","coordinates":[[115.2116756,24.22325],[115.2111499,24.2235875],[115.2108506,24.2238306]]},"properties":{"key":"way:210163818@detail:460_96","osmType":"way","osmId":210163818,"sourceRegion":"guangdong","featureType":"infrastructure","railClass":"national","mode":"rail","name":"京九线","nameEn":"Jingjiu Line","ref":"0005","usage":"main","status":"operational","color":"#E54848","dataOrigin":"datum-2026-08-01","sourceKey":"way:210163818"}},{"type":"Feature","geometry":{"type":"LineString","coordinates":[[115.2064346,24.2257058],[115.2061556,24.2257889],[115.2057855,24.2258134]]},"properties":{"key":"way:210163819@detail:460_96","osmType":"way","osmId":210163819,"sourceRegion":"guangdong","featureType":"infrastructure","railClass":"national","mode":"rail","name":"京九线","nameEn":"Jingjiu Line","ref":"0005","usage":"main","status":"operational","color":"#E54848","dataOrigin":"datum-2026-08-01","sourceKey":"way:210163819"}},{"type":"Feature","geometry":{"type":"LineString","coordinates":[[115.2387214,24.1616299],[115.2386655,24.161198],[115.2386548,24.1610475],[115.2386548,24.1609117],[115.2386628,24.1607502],[115.2396096,24.1522287],[115.2396244,24.1520915],[115.2396445,24.1518027]]},"properties":{"key":"way:210163821@detail:460_96","osmType":"way","osmId":210163821,"sourceRegion":"guangdong","featureType":"infrastructure","railClass":"minor","mode":"rail","name":"未命名","service":"yard","status":"operational","color":"#52636F","dataOrigin":"datum-2026-08-01","sourceKey":"way:210163821"}},{"type":"Feature","geometry":{"type":"LineString","coordinates":[[115.2381988,24.1615662],[115.2382484,24.161313],[115.2382793,24.1611819],[115.2384831,24.160317],[115.238518,24.16018],[115.2385394,24.160027],[115.239391,24.1523743],[115.2394165,24.1522286],[115.2394567,24.1520878],[115.2395131,24.1519226],[115.2396378,24.1516302]]},"properties":{"key":"way:210163822@detail:460_96","osmType":"way","osmId":210163822,"sourceRegion":"guangdong","featureType":"infrastructure","railClass":"minor","mode":"rail","name":"未命名","service":"yard","status":"operational","color":"#52636F","dataOrigin":"datum-2026-08-01","sourceKey":"way:210163822"}},{"type":"Feature","geometry":{"type":"LineString","coordinates":[[115.2404722,24.1517889],[115.2404518,24.1519681],[115.2403893,24.1525005],[115.2403232,24.1531129]]},"properties":{"key":"way:210163823@detail:460_96","osmType":"way","osmId":210163823,"sourceRegion":"guangdong","featureType":"infrastructure","railClass":"minor","mode":"rail","name":"未命名","service":"yard","status":"operational","color":"#52636F","dataOrigin":"datum-2026-08-01","sourceKey":"way:210163823"}},{"type":"Feature","geometry":{"type":"LineString","coordinates":[[115.2433926,24.1392036],[115.2434234,24.1394447],[115.2434342,24.139667],[115.2434234,24.1398236],[115.2433998,24.13999],[115.243359,24.140181],[115.2433291,24.1403384],[115.2431305,24.1413803],[115.2431058,24.1415095],[115.2430886,24.1416432],[115.243083,24.1418061],[115.2431048,24.1420812],[115.2431144,24.1421753]]},"properties":{"key":"way:210163824@detail:460_96","osmType":"way","osmId":210163824,"sourceRegion":"guangdong","featureType":"infrastructure","railClass":"minor","mode":"rail","name":"未命名","service":"yard","status":"operational","color":"#52636F","dataOrigin":"datum-2026-08-01","sourceKey":"way:210163824"}},{"type":"Feature","geometry":{"type":"LineString","coordinates":[[115.2400374,24.1498229],[115.2400643,24.1491621]]},"properties":{"key":"way:210163825@detail:460_96","osmType":"way","osmId":210163825,"sourceRegion":"guangdong","featureType":"infrastructure","railClass":"minor","mode":"rail","name":"未命名","service":"yard","status":"operational","color":"#52636F","dataOrigin":"datum-2026-08-01","sourceKey":"way:210163825"}},{"type":"Feature","geometry":{"type":"LineString","coordinates":[[115.2403476,24.1474642],[115.2403204,24.1477081],[115.2402601,24.1483738],[115.2402426,24.1486186],[115.2402346,24.1488095],[115.2402359,24.1489808],[115.2402453,24.1491546],[115.2402641,24.1493333],[115.2404317,24.1510342],[115.2404478,24.1512141],[115.2404505,24.1513463],[115.2404505,24.1514968],[115.2404384,24.1516461],[115.2403982,24.1519226],[115.2403392,24.1524892],[115.2403252,24.1526756],[115.2402253,24.1535167]]},"properties":{"key":"way:210163826@detail:460_96","osmType":"way","osmId":210163826,"sourceRegion":"guangdong","featureType":"infrastructure","railClass":"minor","mode":"rail","name":"未命名","service":"yard","status":"operational","color":"#52636F","dataOrigin":"datum-2026-08-01","sourceKey":"way:210163826"}},{"type":"Feature","geometry":{"type":"LineString","coordinates":[[115.2167962,24.2204022],[115.2154603,24.2209164]]},"properties":{"key":"way:210163828@detail:460_96","osmType":"way","osmId":210163828,"sourceRegion":"guangdong","featureType":"infrastructure","railClass":"national","mode":"rail","name":"京九线","nameEn":"Jingjiu Line","ref":"0005","usage":"main","status":"operational","color":"#E54848","dataOrigin":"datum-2026-08-01","sourceKey":"way:210163828"}},{"type":"Feature","geometry":{"type":"LineString","coordinates":[[115.2036075,24.225603],[115.2033017,24.2255394],[115.2015744,24.224791],[115.2002497,24.2240151],[115.1987366,24.2230983],[115.1975725,24.2224085],[115.1966338,24.2219438],[115.1957486,24.2216992],[115.1944183,24.2215573],[115.1937906,24.2216062],[115.1931523,24.2217089],[115.1915376,24.222071],[115.1889307,24.2226747],[115.1875143,24.2230445],[115.1856314,24.2238566],[115.1838021,24.2250747],[115.1828633,24.2261461],[115.1819728,24.2278533],[115.1812003,24.2291986],[115.1810264,24.2294715]]},"properties":{"key":"way:210163829@detail:460_96","osmType":"way","osmId":210163829,"sourceRegion":"guangdong","featureType":"infrastructure","railClass":"national","mode":"rail","name":"京九线","nameEn":"Jingjiu Line","ref":"0005","usage":"main","status":"operational","color":"#E54848","dataOrigin":"datum-2026-08-01","sourceKey":"way:210163829"}},{"type":"Feature","geometry":{"type":"LineString","coordinates":[[115.2431239,24.1424752],[115.2430538,24.1420799],[115.2430227,24.1418268],[115.2430195,24.1416535],[115.2430356,24.1415238],[115.2432668,24.1403308],[115.2433104,24.1401058],[115.24335,24.1399094],[115.2433656,24.1397453],[115.243366,24.1394846]]},"properties":{"key":"way:210163830@detail:460_96","osmType":"way","osmId":210163830,"sourceRegion":"guangdong","featureType":"infrastructure","railClass":"minor","mode":"rail","name":"未命名","service":"yard","status":"operational","color":"#52636F","dataOrigin":"datum-2026-08-01","sourceKey":"way:210163830"}},{"type":"Feature","geometry":{"type":"LineString","coordinates":[[115.2257949,24.2195466],[115.221793,24.2198328]]},"properties":{"key":"way:210163831@detail:460_96","osmType":"way","osmId":210163831,"sourceRegion":"guangdong","featureType":"infrastructure","railClass":"national","mode":"rail","name":"京九线","nameEn":"Jingjiu Line","ref":"0005","usage":"main","tunnel":"yes","status":"operational","color":"#E54848","dataOrigin":"datum-2026-08-01","sourceKey":"way:210163831"}},{"type":"Feature","geometry":{"type":"LineString","coordinates":[[115.2387996,24.1634653],[115.2388264,24.1620705],[115.2387214,24.1616299],[115.2387178,24.1613644],[115.2387607,24.1608847],[115.2397303,24.1521614],[115.2397545,24.1520413],[115.2398577,24.151629]]},"properties":{"key":"way:210163832@detail:460_96","osmType":"way","osmId":210163832,"sourceRegion":"guangdong","featureType":"infrastructure","railClass":"minor","mode":"rail","name":"未命名","service":"yard","status":"operational","color":"#52636F","dataOrigin":"datum-2026-08-01","sourceKey":"way:210163832"}},{"type":"Feature","geometry":{"type":"LineString","coordinates":[[115.2432963,24.1436779],[115.243421,24.1433594],[115.2435597,24.1430139],[115.2435973,24.1428384],[115.2436305,24.1426629],[115.2436601,24.1424616],[115.2437254,24.1421715],[115.24395,24.1410539]]},"properties":{"key":"way:210163833@detail:460_96","osmType":"way","osmId":210163833,"sourceRegion":"guangdong","featureType":"infrastructure","railClass":"minor","mode":"rail","name":"未命名","service":"yard","status":"operational","color":"#52636F","dataOrigin":"datum-2026-08-01","sourceKey":"way:210163833"}},{"type":"Feature","geometry":{"type":"LineString","coordinates":[[115.2154603,24.2209164],[115.2150312,24.2212124],[115.2147066,24.2214032],[115.214055,24.2217305]]},"properties":{"key":"way:210163834@detail:460_96","osmType":"way","osmId":210163834,"sourceRegion":"guangdong","featureType":"infrastructure","railClass":"national","mode":"rail","name":"京九线","nameEn":"Jingjiu Line","ref":"0005","usage":"main","status":"operational","color":"#E54848","dataOrigin":"datum-2026-08-01","sourceKey":"way:210163834"}},{"type":"Feature","geometry":{"type":"LineString","coordinates":[[115.2434271,24.1425016],[115.2437027,24.1410496]]},"properties":{"key":"way:210163836@detail:460_96","osmType":"way","osmId":210163836,"sourceRegion":"guangdong","featureType":"infrastructure","railClass":"minor","mode":"rail","name":"未命名","service":"yard","status":"operational","color":"#52636F","dataOrigin":"datum-2026-08-01","sourceKey":"way:210163836"}},{"type":"Feature","geometry":{"type":"LineString","coordinates":[[115.2108506,24.2238306],[115.210415,24.2241844],[115.2094816,24.2247029]]},"properties":{"key":"way:210163837@detail:460_96","osmType":"way","osmId":210163837,"sourceRegion":"guangdong","featureType":"infrastructure","railClass":"national","mode":"rail","name":"京九线","nameEn":"Jingjiu Line","ref":"0005","usage":"main","bridge":"viaduct","status":"operational","color":"#E54848","dataOrigin":"datum-2026-08-01","sourceKey":"way:210163837"}},{"type":"Feature","geometry":{"type":"LineString","coordinates":[[115.2388277,24.1612824],[115.2388251,24.1608848],[115.2388372,24.1606364],[115.2397706,24.1522324],[115.2397867,24.1521123],[115.2398259,24.1518451],[115.2398577,24.151629],[115.2398832,24.1513879]]},"properties":{"key":"way:210163840@detail:460_96","osmType":"way","osmId":210163840,"sourceRegion":"guangdong","featureType":"infrastructure","railClass":"minor","mode":"rail","name":"未命名","service":"yard","status":"operational","color":"#52636F","dataOrigin":"datum-2026-08-01","sourceKey":"way:210163840"}},{"type":"Feature","geometry":{"type":"LineString","coordinates":[[115.2387392,24.1634654],[115.238691,24.1629135],[115.2386682,24.1621341],[115.2386588,24.1617792],[115.2385998,24.1610157],[115.2385998,24.1608322],[115.238611,24.1606891],[115.2395412,24.1523902],[115.2395613,24.1522506],[115.2396445,24.1518027],[115.239666,24.1516363]]},"properties":{"key":"way:210163841@detail:460_96","osmType":"way","osmId":210163841,"sourceRegion":"guangdong","featureType":"infrastructure","railClass":"minor","mode":"rail","name":"未命名","service":"yard","status":"operational","color":"#52636F","dataOrigin":"datum-2026-08-01","sourceKey":"way:210163841"}},{"type":"Feature","geometry":{"type":"LineString","coordinates":[[115.2386682,24.1621341],[115.2386149,24.1617406],[115.2385233,24.1612323],[115.2385072,24.1610757],[115.2385046,24.1608738],[115.238518,24.1606792],[115.2394379,24.1523988],[115.2394608,24.1522628],[115.2395037,24.1521099],[115.2395815,24.1518456]]},"properties":{"key":"way:210163842@detail:460_96","osmType":"way","osmId":210163842,"sourceRegion":"guangdong","featureType":"infrastructure","railClass":"minor","mode":"rail","name":"未命名","service":"yard","status":"operational","color":"#52636F","dataOrigin":"datum-2026-08-01","sourceKey":"way:210163842"}},{"type":"Feature","geometry":{"type":"LineString","coordinates":[[115.2429969,24.1420798],[115.2431239,24.1424752],[115.2432132,24.1427433],[115.2431777,24.1424724],[115.2431437,24.1423339],[115.2431144,24.1421753]]},"properties":{"key":"way:210163843@detail:460_96","osmType":"way","osmId":210163843,"sourceRegion":"guangdong","featureType":"infrastructure","railClass":"minor","mode":"rail","name":"未命名","service":"yard","status":"operational","color":"#52636F","dataOrigin":"datum-2026-08-01","sourceKey":"way:210163843"}},{"type":"Feature","geometry":{"type":"LineString","coordinates":[[115.2436726,24.1409707],[115.243638,24.1411333],[115.2434896,24.1418994],[115.2434547,24.1420822]]},"properties":{"key":"way:210163844@detail:460_96","osmType":"way","osmId":210163844,"sourceRegion":"guangdong","featureType":"infrastructure","railClass":"minor","mode":"rail","name":"未命名","service":"yard","status":"operational","color":"#52636F","dataOrigin":"datum-2026-08-01","sourceKey":"way:210163844"}},{"type":"Feature","geometry":{"type":"LineString","coordinates":[[115.2085321,24.2251285],[115.20813,24.225287],[115.2064346,24.2257058]]},"properties":{"key":"way:210163846@detail:460_96","osmType":"way","osmId":210163846,"sourceRegion":"guangdong","featureType":"infrastructure","railClass":"national","mode":"rail","name":"京九线","nameEn":"Jingjiu Line","ref":"0005","usage":"main","tunnel":"yes","status":"operational","color":"#E54848","dataOrigin":"datum-2026-08-01","sourceKey":"way:210163846"}},{"type":"Feature","geometry":{"type":"LineString","coordinates":[[115.214055,24.2217305],[115.213902,24.221797],[115.2116756,24.22325]]},"properties":{"key":"way:210163847@detail:460_96","osmType":"way","osmId":210163847,"sourceRegion":"guangdong","featureType":"infrastructure","railClass":"national","mode":"rail","name":"京九线","nameEn":"Jingjiu Line","ref":"0005","usage":"main","tunnel":"yes","status":"operational","color":"#E54848","dataOrigin":"datum-2026-08-01","sourceKey":"way:210163847"}},{"type":"Feature","geometry":{"type":"LineString","coordinates":[[115.2388372,24.1655442],[115.2388331,24.1647807],[115.2388182,24.1646291],[115.2388117,24.1640662],[115.2387996,24.1634653],[115.2387934,24.1623903],[115.2388264,24.1620705],[115.2388659,24.1617001],[115.2389498,24.1610634],[115.2399059,24.1523646],[115.2399127,24.1522335],[115.2398886,24.1518468]]},"properties":{"key":"way:210163848@detail:460_96","osmType":"way","osmId":210163848,"sourceRegion":"guangdong","featureType":"infrastructure","railClass":"minor","mode":"rail","name":"未命名","service":"yard","status":"operational","color":"#52636F","dataOrigin":"datum-2026-08-01","sourceKey":"way:210163848"}},{"type":"Feature","geometry":{"type":"LineString","coordinates":[[115.2390866,24.1642485],[115.2391013,24.1640184],[115.2391389,24.1636477],[115.2392127,24.1631007],[115.2392717,24.1625195],[115.2393159,24.1620962],[115.2403232,24.1531129]]},"properties":{"key":"way:210163850@detail:460_96","osmType":"way","osmId":210163850,"sourceRegion":"guangdong","featureType":"infrastructure","railClass":"minor","mode":"rail","name":"未命名","service":"yard","status":"operational","color":"#52636F","dataOrigin":"datum-2026-08-01","sourceKey":"way:210163850"}},{"type":"Feature","geometry":{"type":"LineString","coordinates":[[115.2388659,24.1617001],[115.2389941,24.161094],[115.2399543,24.1524452],[115.2399597,24.1522898],[115.2399556,24.1520989],[115.2399141,24.1518174],[115.2398859,24.1516277],[115.2398832,24.1513879],[115.2398953,24.1508054],[115.2398953,24.1507124],[115.2399114,24.150519],[115.2399597,24.1501862],[115.2399999,24.1498546]]},"properties":{"key":"way:210163852@detail:460_96","osmType":"way","osmId":210163852,"sourceRegion":"guangdong","featureType":"infrastructure","railClass":"minor","mode":"rail","name":"未命名","service":"yard","status":"operational","color":"#52636F","dataOrigin":"datum-2026-08-01","sourceKey":"way:210163852"}},{"type":"Feature","geometry":{"type":"LineString","coordinates":[[115.2392127,24.1631007],[115.2392113,24.1625893],[115.2392073,24.162139],[115.2392086,24.1617805],[115.2392167,24.1615651],[115.2400871,24.1538169],[115.240126,24.1536077]]},"properties":{"key":"way:210163853@detail:460_96","osmType":"way","osmId":210163853,"sourceRegion":"guangdong","featureType":"infrastructure","railClass":"minor","mode":"rail","name":"未命名","service":"yard","status":"operational","color":"#52636F","dataOrigin":"datum-2026-08-01","sourceKey":"way:210163853"}},{"type":"Feature","geometry":{"type":"LineString","coordinates":[[115.2386149,24.1617406],[115.2385555,24.1611662],[115.2385488,24.1610157],[115.2385515,24.1608615],[115.2385649,24.1606927],[115.2394875,24.1524171],[115.239505,24.1522665],[115.2395493,24.1520817],[115.2395815,24.1518456],[115.2396378,24.1516302],[115.2397035,24.1513451]]},"properties":{"key":"way:210163855@detail:460_96","osmType":"way","osmId":210163855,"sourceRegion":"guangdong","featureType":"infrastructure","railClass":"minor","mode":"rail","name":"未命名","service":"yard","status":"operational","color":"#52636F","dataOrigin":"datum-2026-08-01","sourceKey":"way:210163855"}},{"type":"Feature","geometry":{"type":"LineString","coordinates":[[115.2398953,24.1508054],[115.2399154,24.1510134],[115.2399757,24.1513756],[115.2401032,24.1520426],[115.2401192,24.15222],[115.2401192,24.1523693],[115.2401085,24.1525235],[115.2400803,24.152794],[115.2400216,24.1532911]]},"properties":{"key":"way:210163856@detail:460_96","osmType":"way","osmId":210163856,"sourceRegion":"guangdong","featureType":"infrastructure","railClass":"minor","mode":"rail","name":"未命名","service":"yard","status":"operational","color":"#52636F","dataOrigin":"datum-2026-08-01","sourceKey":"way:210163856"}},{"type":"Feature","geometry":{"type":"LineString","coordinates":[[115.2409016,24.1214501],[115.24059,24.1213997],[115.2402328,24.1213082],[115.2398935,24.121201],[115.2396002,24.1210925],[115.2393414,24.1209786],[115.2390759,24.1208379],[115.2387755,24.1206616],[115.2384717,24.1204443]]},"properties":{"key":"way:218124188@detail:460_96","osmType":"way","osmId":218124188,"sourceRegion":"guangdong","featureType":"infrastructure","railClass":"national","mode":"rail","name":"京九线","nameEn":"Jingjiu Line","ref":"0005","usage":"main","status":"operational","color":"#E54848","dataOrigin":"datum-2026-08-01","sourceKey":"way:218124188"}},{"type":"Feature","geometry":{"type":"LineString","coordinates":[[115.1689848,24.0530034],[115.168617,24.050081],[115.168399,24.048862],[115.167949,24.047746],[115.167245,24.046724],[115.166364,24.045851],[115.165223,24.045233],[115.161466,24.043795],[115.160235,24.043265],[115.1591,24.042612],[115.158056,24.041841],[115.1575674,24.0414477]]},"properties":{"key":"way:219048834@detail:460_96","osmType":"way","osmId":219048834,"sourceRegion":"guangdong","featureType":"infrastructure","railClass":"national","mode":"rail","name":"京九线","nameEn":"Jingjiu Line","ref":"0005","usage":"main","status":"operational","color":"#E54848","dataOrigin":"datum-2026-08-01","sourceKey":"way:219048834"}},{"type":"Feature","geometry":{"type":"LineString","coordinates":[[115.1575674,24.0414477],[115.156932,24.0409364]]},"properties":{"key":"way:219048835@detail:460_96","osmType":"way","osmId":219048835,"sourceRegion":"guangdong","featureType":"infrastructure","railClass":"national","mode":"rail","name":"京九线","nameEn":"Jingjiu Line","ref":"0005","usage":"main","bridge":"yes","status":"operational","color":"#E54848","dataOrigin":"datum-2026-08-01","sourceKey":"way:219048835"}},{"type":"Feature","geometry":{"type":"LineString","coordinates":[[115.174368,24.0646929],[115.1742474,24.0643076]]},"properties":{"key":"way:219048836@detail:460_96","osmType":"way","osmId":219048836,"sourceRegion":"guangdong","featureType":"infrastructure","railClass":"national","mode":"rail","name":"京九线","nameEn":"Jingjiu Line","ref":"0005","usage":"main","bridge":"yes","status":"operational","color":"#E54848","dataOrigin":"datum-2026-08-01","sourceKey":"way:219048836"}},{"type":"Feature","geometry":{"type":"LineString","coordinates":[[115.1133253,24.0365041],[115.1126595,24.0360362]]},"properties":{"key":"way:219048837@detail:460_96","osmType":"way","osmId":219048837,"sourceRegion":"guangdong","featureType":"infrastructure","railClass":"national","mode":"rail","name":"京九线","nameEn":"Jingjiu Line","ref":"0005","usage":"main","bridge":"yes","status":"operational","color":"#E54848","dataOrigin":"datum-2026-08-01","sourceKey":"way:219048837"}},{"type":"Feature","geometry":{"type":"LineString","coordinates":[[115.1166436,24.0389997],[115.1159088,24.0384728]]},"properties":{"key":"way:219048838@detail:460_96","osmType":"way","osmId":219048838,"sourceRegion":"guangdong","featureType":"infrastructure","railClass":"national","mode":"rail","name":"京九线","nameEn":"Jingjiu Line","ref":"0005","usage":"main","bridge":"yes","status":"operational","color":"#E54848","dataOrigin":"datum-2026-08-01","sourceKey":"way:219048838"}},{"type":"Feature","geometry":{"type":"LineString","coordinates":[[115.1357558,24.0372379],[115.1355602,24.0373065],[115.1329254,24.0383569],[115.1315294,24.0387009],[115.1287304,24.0392609],[115.125068,24.0398974],[115.1241609,24.0399698],[115.1232098,24.039991],[115.1205589,24.0400176],[115.1195528,24.0400025],[115.1188774,24.0399229],[115.1183024,24.0397821],[115.117757,24.0395866],[115.1171178,24.0392854],[115.1166436,24.0389997]]},"properties":{"key":"way:219048839@detail:460_96","osmType":"way","osmId":219048839,"sourceRegion":"guangdong","featureType":"infrastructure","railClass":"national","mode":"rail","name":"京九线","nameEn":"Jingjiu Line","ref":"0005","usage":"main","status":"operational","color":"#E54848","dataOrigin":"datum-2026-08-01","sourceKey":"way:219048839"}},{"type":"Feature","geometry":{"type":"LineString","coordinates":[[115.1159088,24.0384728],[115.1147361,24.0375862],[115.1133253,24.0365041]]},"properties":{"key":"way:219048840@detail:460_96","osmType":"way","osmId":219048840,"sourceRegion":"guangdong","featureType":"infrastructure","railClass":"national","mode":"rail","name":"京九线","nameEn":"Jingjiu Line","ref":"0005","usage":"main","status":"operational","color":"#E54848","dataOrigin":"datum-2026-08-01","sourceKey":"way:219048840"}},{"type":"Feature","geometry":{"type":"LineString","coordinates":[[115.1744347,24.0707185],[115.1743076,24.0710778],[115.1741975,24.0713428],[115.1734468,24.0725522]]},"properties":{"key":"way:219048841@detail:460_96","osmType":"way","osmId":219048841,"sourceRegion":"guangdong","featureType":"infrastructure","railClass":"minor","mode":"rail","name":"未命名","service":"spur","status":"operational","color":"#52636F","dataOrigin":"datum-2026-08-01","sourceKey":"way:219048841"}},{"type":"Feature","geometry":{"type":"LineString","coordinates":[[115.178776,24.0774749],[115.1786236,24.0771544],[115.1784691,24.0767709],[115.1782164,24.0760862]]},"properties":{"key":"way:219048842@detail:460_96","osmType":"way","osmId":219048842,"sourceRegion":"guangdong","featureType":"infrastructure","railClass":"national","mode":"rail","name":"京九线","nameEn":"Jingjiu Line","ref":"0005","usage":"main","bridge":"yes","status":"operational","color":"#E54848","dataOrigin":"datum-2026-08-01","sourceKey":"way:219048842"}},{"type":"Feature","geometry":{"type":"LineString","coordinates":[[115.1782164,24.0760862],[115.17798,24.075537],[115.176727,24.071844],[115.17584,24.069398],[115.1753852,24.0676898],[115.174368,24.0646929]]},"properties":{"key":"way:219048843@detail:460_96","osmType":"way","osmId":219048843,"sourceRegion":"guangdong","featureType":"infrastructure","railClass":"national","mode":"rail","name":"京九线","nameEn":"Jingjiu Line","ref":"0005","usage":"main","status":"operational","color":"#E54848","dataOrigin":"datum-2026-08-01","sourceKey":"way:219048843"}},{"type":"Feature","geometry":{"type":"LineString","coordinates":[[115.1749916,24.0716596],[115.1748548,24.0707945],[115.1748281,24.0705173],[115.1748681,24.0702187],[115.1749415,24.0699506],[115.1751184,24.0695973]]},"properties":{"key":"way:219048844@detail:460_96","osmType":"way","osmId":219048844,"sourceRegion":"guangdong","featureType":"infrastructure","railClass":"minor","mode":"rail","name":"未命名","service":"spur","status":"operational","color":"#52636F","dataOrigin":"datum-2026-08-01","sourceKey":"way:219048844"}},{"type":"Feature","geometry":{"type":"LineString","coordinates":[[115.1733867,24.0725278],[115.1744347,24.0707185],[115.1747647,24.0701487],[115.1751184,24.0695973],[115.1752852,24.0692378],[115.1753819,24.0689362],[115.175422,24.0686498],[115.1754287,24.0682965],[115.1753852,24.0676898]]},"properties":{"key":"way:219048845@detail:460_96","osmType":"way","osmId":219048845,"sourceRegion":"guangdong","featureType":"infrastructure","railClass":"minor","mode":"rail","name":"未命名","service":"spur","status":"operational","color":"#52636F","dataOrigin":"datum-2026-08-01","sourceKey":"way:219048845"}},{"type":"Feature","geometry":{"type":"LineString","coordinates":[[115.2391309,24.1498638],[115.239131,24.1495899],[115.2391416,24.1492525],[115.2391657,24.1489368],[115.2392007,24.1486598],[115.2392596,24.1483836],[115.2393347,24.1480973],[115.2394394,24.1478007],[115.2403835,24.1454535],[115.2405176,24.1450865],[115.2406624,24.1446707],[115.2407295,24.1443845],[115.2408045,24.1440859]]},"properties":{"key":"way:228364816@detail:460_96","osmType":"way","osmId":228364816,"sourceRegion":"guangdong","featureType":"infrastructure","railClass":"national","mode":"rail","name":"京九线","nameEn":"Jingjiu Line","ref":"0005","usage":"main","status":"operational","color":"#E54848","dataOrigin":"datum-2026-08-01","sourceKey":"way:228364816"}},{"type":"Feature","geometry":{"type":"LineString","coordinates":[[115.2431478,24.1339706],[115.2430175,24.1344881],[115.2430093,24.1347432],[115.2430308,24.1350149],[115.2431462,24.1353106],[115.2433634,24.1356807],[115.2437014,24.1360277],[115.2439722,24.1363293],[115.2442049,24.1366432],[115.2443157,24.1369114],[115.2443873,24.1372866],[115.2443897,24.1375046],[115.244399,24.1379004]]},"properties":{"key":"way:228364822@detail:460_96","osmType":"way","osmId":228364822,"sourceRegion":"guangdong","featureType":"infrastructure","railClass":"minor","mode":"rail","name":"未命名","service":"yard","status":"operational","color":"#52636F","dataOrigin":"datum-2026-08-01","sourceKey":"way:228364822"}},{"type":"Feature","geometry":{"type":"LineString","coordinates":[[115.2253319,24.109473],[115.223828,24.1081649]]},"properties":{"key":"way:247298135@detail:460_96","osmType":"way","osmId":247298135,"sourceRegion":"guangdong","featureType":"infrastructure","railClass":"national","mode":"rail","name":"京九线","nameEn":"Jingjiu Line","ref":"0005","usage":"main","bridge":"yes","status":"operational","color":"#E54848","dataOrigin":"datum-2026-08-01","sourceKey":"way:247298135"}},{"type":"Feature","geometry":{"type":"LineString","coordinates":[[115.190123,24.084387],[115.188868,24.084029],[115.187661,24.083519],[115.186519,24.082904],[115.185318,24.082383],[115.1831844,24.0816782],[115.1825991,24.0814522],[115.1819243,24.0810734],[115.1814032,24.0807186],[115.1809577,24.0803324],[115.180419,24.079696],[115.1795486,24.078611],[115.1790077,24.0778505],[115.178776,24.0774749]]},"properties":{"key":"way:247298136@detail:460_96","osmType":"way","osmId":247298136,"sourceRegion":"guangdong","featureType":"infrastructure","railClass":"national","mode":"rail","name":"京九线","nameEn":"Jingjiu Line","ref":"0005","usage":"main","status":"operational","color":"#E54848","dataOrigin":"datum-2026-08-01","sourceKey":"way:247298136"}},{"type":"Feature","geometry":{"type":"LineString","coordinates":[[115.2435579,24.1289577],[115.2437322,24.1310995]]},"properties":{"key":"way:387646222@detail:460_96","osmType":"way","osmId":387646222,"sourceRegion":"guangdong","featureType":"infrastructure","railClass":"national","mode":"rail","name":"未命名","usage":"main","tunnel":"yes","status":"operational","color":"#E54848","dataOrigin":"datum-2026-08-01","sourceKey":"way:387646222"}},{"type":"Feature","geometry":{"type":"LineString","coordinates":[[115.2434519,24.1289652],[115.2436289,24.131107]]},"properties":{"key":"way:652042156@detail:460_96","osmType":"way","osmId":652042156,"sourceRegion":"guangdong","featureType":"infrastructure","railClass":"national","mode":"rail","name":"京九线","nameEn":"Jingjiu Line","ref":"0005","usage":"main","tunnel":"yes","status":"operational","color":"#E54848","dataOrigin":"datum-2026-08-01","sourceKey":"way:652042156"}},{"type":"Feature","geometry":{"type":"LineString","coordinates":[[115.2436289,24.131107],[115.243649,24.1313175],[115.2436437,24.1316221],[115.2436262,24.1318976],[115.2435954,24.1321449],[115.2435578,24.1323932],[115.2435001,24.1326895],[115.2433741,24.1331423]]},"properties":{"key":"way:652042157@detail:460_96","osmType":"way","osmId":652042157,"sourceRegion":"guangdong","featureType":"infrastructure","railClass":"national","mode":"rail","name":"京九线","nameEn":"Jingjiu Line","ref":"0005","usage":"main","status":"operational","color":"#E54848","dataOrigin":"datum-2026-08-01","sourceKey":"way:652042157"}},{"type":"Feature","geometry":{"type":"LineString","coordinates":[[115.2442852,24.1399868],[115.2443848,24.1395662],[115.2444827,24.1393609],[115.2446255,24.1390987]]},"properties":{"key":"way:652042158@detail:460_96","osmType":"way","osmId":652042158,"sourceRegion":"guangdong","featureType":"infrastructure","railClass":"minor","mode":"rail","name":"未命名","service":"yard","status":"operational","color":"#52636F","dataOrigin":"datum-2026-08-01","sourceKey":"way:652042158"}},{"type":"Feature","geometry":{"type":"LineString","coordinates":[[115.2438484,24.1406202],[115.2439148,24.1402348],[115.2440125,24.1399311],[115.2440404,24.1398021],[115.2441619,24.1391914],[115.244399,24.1379004]]},"properties":{"key":"way:721297096@detail:460_96","osmType":"way","osmId":721297096,"sourceRegion":"guangdong","featureType":"infrastructure","railClass":"minor","mode":"rail","name":"未命名","service":"yard","status":"operational","color":"#52636F","dataOrigin":"datum-2026-08-01","sourceKey":"way:721297096"}},{"type":"Feature","geometry":{"type":"LineString","coordinates":[[115.09914562844124,24.25],[115.1027727,24.2474733],[115.1098966,24.2426603],[115.1154681,24.2393661]]},"properties":{"key":"way:819121072@detail:460_96","osmType":"way","osmId":819121072,"sourceRegion":"guangdong","featureType":"infrastructure","railClass":"highspeed","mode":"rail","name":"京港高速线","nameEn":"Jinggang High-Speed Line","ref":"3003","usage":"main","highspeed":"yes","tunnel":"yes","status":"operational","color":"#E54848","dataOrigin":"datum-2026-08-01","sourceKey":"way:819121072"}},{"type":"Feature","geometry":{"type":"LineString","coordinates":[[115.1567066,24.2170857],[115.1605475,24.2149917]]},"properties":{"key":"way:819121075@detail:460_96","osmType":"way","osmId":819121075,"sourceRegion":"guangdong","featureType":"infrastructure","railClass":"highspeed","mode":"rail","name":"京港高速线","nameEn":"Jinggang High-Speed Line","ref":"3003","usage":"main","highspeed":"yes","tunnel":"yes","status":"operational","color":"#E54848","dataOrigin":"datum-2026-08-01","sourceKey":"way:819121075"}},{"type":"Feature","geometry":{"type":"LineString","coordinates":[[115.1605475,24.2149917],[115.1638198,24.2131815],[115.1664269,24.2119193],[115.1670599,24.2115376]]},"properties":{"key":"way:819121076@detail:460_96","osmType":"way","osmId":819121076,"sourceRegion":"guangdong","featureType":"infrastructure","railClass":"highspeed","mode":"rail","name":"京港高速线","nameEn":"Jinggang High-Speed Line","ref":"3003","usage":"main","highspeed":"yes","bridge":"yes","status":"operational","color":"#E54848","dataOrigin":"datum-2026-08-01","sourceKey":"way:819121076"}},{"type":"Feature","geometry":{"type":"LineString","coordinates":[[115.1490741,24.2211788],[115.1494128,24.2209956]]},"properties":{"key":"way:819121077@detail:460_96","osmType":"way","osmId":819121077,"sourceRegion":"guangdong","featureType":"infrastructure","railClass":"highspeed","mode":"rail","name":"京港高速线","nameEn":"Jinggang High-Speed Line","ref":"3003","usage":"main","highspeed":"yes","tunnel":"yes","status":"operational","color":"#E54848","dataOrigin":"datum-2026-08-01","sourceKey":"way:819121077"}},{"type":"Feature","geometry":{"type":"LineString","coordinates":[[115.1368379,24.2278013],[115.1490741,24.2211788]]},"properties":{"key":"way:819121078@detail:460_96","osmType":"way","osmId":819121078,"sourceRegion":"guangdong","featureType":"infrastructure","railClass":"highspeed","mode":"rail","name":"京港高速线","nameEn":"Jinggang High-Speed Line","ref":"3003","usage":"main","highspeed":"yes","bridge":"yes","status":"operational","color":"#E54848","dataOrigin":"datum-2026-08-01","sourceKey":"way:819121078"}},{"type":"Feature","geometry":{"type":"LineString","coordinates":[[115.1353904,24.2285847],[115.1368379,24.2278013]]},"properties":{"key":"way:819121079@detail:460_96","osmType":"way","osmId":819121079,"sourceRegion":"guangdong","featureType":"infrastructure","railClass":"highspeed","mode":"rail","name":"京港高速线","nameEn":"Jinggang High-Speed Line","ref":"3003","usage":"main","highspeed":"yes","tunnel":"yes","status":"operational","color":"#E54848","dataOrigin":"datum-2026-08-01","sourceKey":"way:819121079"}},{"type":"Feature","geometry":{"type":"LineString","coordinates":[[115.1276844,24.2327551],[115.1353904,24.2285847]]},"properties":{"key":"way:819121080@detail:460_96","osmType":"way","osmId":819121080,"sourceRegion":"guangdong","featureType":"infrastructure","railClass":"highspeed","mode":"rail","name":"京港高速线","nameEn":"Jinggang High-Speed Line","ref":"3003","usage":"main","highspeed":"yes","bridge":"yes","status":"operational","color":"#E54848","dataOrigin":"datum-2026-08-01","sourceKey":"way:819121080"}},{"type":"Feature","geometry":{"type":"LineString","coordinates":[[115.1262601,24.2335259],[115.1276844,24.2327551]]},"properties":{"key":"way:819121081@detail:460_96","osmType":"way","osmId":819121081,"sourceRegion":"guangdong","featureType":"infrastructure","railClass":"highspeed","mode":"rail","name":"京港高速线","nameEn":"Jinggang High-Speed Line","ref":"3003","usage":"main","highspeed":"yes","tunnel":"yes","status":"operational","color":"#E54848","dataOrigin":"datum-2026-08-01","sourceKey":"way:819121081"}},{"type":"Feature","geometry":{"type":"LineString","coordinates":[[115.1154681,24.2393661],[115.1262601,24.2335259]]},"properties":{"key":"way:819121082@detail:460_96","osmType":"way","osmId":819121082,"sourceRegion":"guangdong","featureType":"infrastructure","railClass":"highspeed","mode":"rail","name":"京港高速线","nameEn":"Jinggang High-Speed Line","ref":"3003","usage":"main","highspeed":"yes","bridge":"yes","status":"operational","color":"#E54848","dataOrigin":"datum-2026-08-01","sourceKey":"way:819121082"}},{"type":"Feature","geometry":{"type":"LineString","coordinates":[[115.1494128,24.2209956],[115.1502371,24.2205494],[115.1567066,24.2170857]]},"properties":{"key":"way:819121083@detail:460_96","osmType":"way","osmId":819121083,"sourceRegion":"guangdong","featureType":"infrastructure","railClass":"highspeed","mode":"rail","name":"京港高速线","nameEn":"Jinggang High-Speed Line","ref":"3003","usage":"main","highspeed":"yes","bridge":"yes","status":"operational","color":"#E54848","dataOrigin":"datum-2026-08-01","sourceKey":"way:819121083"}},{"type":"Feature","geometry":{"type":"LineString","coordinates":[[115.1057741,24.0315779],[115.105587,24.031487],[115.1042706,24.0308838],[115.1033271,24.0302992],[115.1026917,24.029762],[115.102086,24.0291304],[115.1016982,24.028536],[115.1013075,24.0277229],[115.1007458,24.0261355],[115.100429,24.025294],[115.099988,24.02407],[115.097045,24.015489],[115.096548,24.014259],[115.095925,24.013099],[115.095207,24.012021],[115.09437,24.011019],[115.0932714,24.0102074],[115.0923979,24.009629]]},"properties":{"key":"way:819121128@detail:460_96","osmType":"way","osmId":819121128,"sourceRegion":"guangdong","featureType":"infrastructure","railClass":"national","mode":"rail","name":"京九线","nameEn":"Jingjiu Line","ref":"0005","usage":"main","status":"operational","color":"#E54848","dataOrigin":"datum-2026-08-01","sourceKey":"way:819121128"}},{"type":"Feature","geometry":{"type":"LineString","coordinates":[[115.1212675,24.0028122],[115.120604,24.0007396],[115.12043944505827,24.0]]},"properties":{"key":"way:819121136@detail:460_96","osmType":"way","osmId":819121136,"sourceRegion":"guangdong","featureType":"infrastructure","railClass":"highspeed","mode":"rail","name":"京港高速线","nameEn":"Jinggang High-Speed Line","ref":"3003","usage":"main","highspeed":"yes","bridge":"yes","status":"operational","color":"#E54848","dataOrigin":"datum-2026-08-01","sourceKey":"way:819121136"}},{"type":"Feature","geometry":{"type":"LineString","coordinates":[[115.1287794,24.0204386],[115.1272344,24.017675]]},"properties":{"key":"way:819121141@detail:460_96","osmType":"way","osmId":819121141,"sourceRegion":"guangdong","featureType":"infrastructure","railClass":"highspeed","mode":"rail","name":"京港高速线","nameEn":"Jinggang High-Speed Line","ref":"3003","usage":"main","highspeed":"yes","tunnel":"yes","status":"operational","color":"#E54848","dataOrigin":"datum-2026-08-01","sourceKey":"way:819121141"}},{"type":"Feature","geometry":{"type":"LineString","coordinates":[[115.1272344,24.017675],[115.1250561,24.0130778]]},"properties":{"key":"way:819121142@detail:460_96","osmType":"way","osmId":819121142,"sourceRegion":"guangdong","featureType":"infrastructure","railClass":"highspeed","mode":"rail","name":"京港高速线","nameEn":"Jinggang High-Speed Line","ref":"3003","usage":"main","highspeed":"yes","bridge":"yes","status":"operational","color":"#E54848","dataOrigin":"datum-2026-08-01","sourceKey":"way:819121142"}},{"type":"Feature","geometry":{"type":"LineString","coordinates":[[115.1250561,24.0130778],[115.1237583,24.0101779],[115.1229966,24.0083452],[115.1216059,24.0040035]]},"properties":{"key":"way:819121143@detail:460_96","osmType":"way","osmId":819121143,"sourceRegion":"guangdong","featureType":"infrastructure","railClass":"highspeed","mode":"rail","name":"京港高速线","nameEn":"Jinggang High-Speed Line","ref":"3003","usage":"main","highspeed":"yes","status":"operational","color":"#E54848","dataOrigin":"datum-2026-08-01","sourceKey":"way:819121143"}},{"type":"Feature","geometry":{"type":"LineString","coordinates":[[115.1216059,24.0040035],[115.1212675,24.0028122]]},"properties":{"key":"way:819121144@detail:460_96","osmType":"way","osmId":819121144,"sourceRegion":"guangdong","featureType":"infrastructure","railClass":"highspeed","mode":"rail","name":"京港高速线","nameEn":"Jinggang High-Speed Line","ref":"3003","usage":"main","highspeed":"yes","bridge":"yes","status":"operational","color":"#E54848","dataOrigin":"datum-2026-08-01","sourceKey":"way:819121144"}},{"type":"Feature","geometry":{"type":"LineString","coordinates":[[115.1469755,24.0428437],[115.1452226,24.0408074],[115.1427376,24.0381063],[115.1403022,24.0352913],[115.1372659,24.0318646],[115.1357317,24.0300811],[115.1341495,24.0280365],[115.1325452,24.0259067],[115.1306355,24.0231629],[115.1298569,24.0220991],[115.1287794,24.0204386]]},"properties":{"key":"way:819121145@detail:460_96","osmType":"way","osmId":819121145,"sourceRegion":"guangdong","featureType":"infrastructure","railClass":"highspeed","mode":"rail","name":"京港高速线","nameEn":"Jinggang High-Speed Line","ref":"3003","usage":"main","highspeed":"yes","bridge":"yes","status":"operational","color":"#E54848","dataOrigin":"datum-2026-08-01","sourceKey":"way:819121145"}},{"type":"Feature","geometry":{"type":"LineString","coordinates":[[115.1357558,24.0372379],[115.1367402,24.036852],[115.1369566,24.0367869],[115.1371756,24.0367298],[115.137397,24.0366807],[115.1376203,24.0366398],[115.1378453,24.0366071],[115.1380867,24.0365813],[115.138329,24.0365649],[115.1385719,24.0365581],[115.138815,24.0365607],[115.1390576,24.0365728],[115.1426089,24.0370578]]},"properties":{"key":"way:819121180@detail:460_96","osmType":"way","osmId":819121180,"sourceRegion":"guangdong","featureType":"infrastructure","railClass":"national","mode":"rail","name":"京九线","nameEn":"Jingjiu Line","ref":"0005","usage":"main","status":"operational","color":"#E54848","dataOrigin":"datum-2026-08-01","sourceKey":"way:819121180"}},{"type":"Feature","geometry":{"type":"LineString","coordinates":[[115.1500869,24.0463464],[115.1469755,24.0428437]]},"properties":{"key":"way:819121183@detail:460_96","osmType":"way","osmId":819121183,"sourceRegion":"guangdong","featureType":"infrastructure","railClass":"highspeed","mode":"rail","name":"京港高速线","nameEn":"Jinggang High-Speed Line","ref":"3003","usage":"main","highspeed":"yes","tunnel":"yes","status":"operational","color":"#E54848","dataOrigin":"datum-2026-08-01","sourceKey":"way:819121183"}},{"type":"Feature","geometry":{"type":"LineString","coordinates":[[115.1605152,24.0587008],[115.1547552,24.0517432]]},"properties":{"key":"way:819121184@detail:460_96","osmType":"way","osmId":819121184,"sourceRegion":"guangdong","featureType":"infrastructure","railClass":"highspeed","mode":"rail","name":"京港高速线","nameEn":"Jinggang High-Speed Line","ref":"3003","usage":"main","highspeed":"yes","tunnel":"yes","status":"operational","color":"#E54848","dataOrigin":"datum-2026-08-01","sourceKey":"way:819121184"}},{"type":"Feature","geometry":{"type":"LineString","coordinates":[[115.1547552,24.0517432],[115.1500869,24.0463464]]},"properties":{"key":"way:819121185@detail:460_96","osmType":"way","osmId":819121185,"sourceRegion":"guangdong","featureType":"infrastructure","railClass":"highspeed","mode":"rail","name":"京港高速线","nameEn":"Jinggang High-Speed Line","ref":"3003","usage":"main","highspeed":"yes","bridge":"yes","status":"operational","color":"#E54848","dataOrigin":"datum-2026-08-01","sourceKey":"way:819121185"}},{"type":"Feature","geometry":{"type":"LineString","coordinates":[[115.1765414,24.0822116],[115.1737471,24.0780925]]},"properties":{"key":"way:819121186@detail:460_96","osmType":"way","osmId":819121186,"sourceRegion":"guangdong","featureType":"infrastructure","railClass":"highspeed","mode":"rail","name":"京港高速线","nameEn":"Jinggang High-Speed Line","ref":"3003","usage":"main","highspeed":"yes","bridge":"yes","status":"operational","color":"#E54848","dataOrigin":"datum-2026-08-01","sourceKey":"way:819121186"}},{"type":"Feature","geometry":{"type":"LineString","coordinates":[[115.2049434,24.1436697],[115.2045679,24.1413747]]},"properties":{"key":"way:819121201@detail:460_96","osmType":"way","osmId":819121201,"sourceRegion":"guangdong","featureType":"infrastructure","railClass":"highspeed","mode":"rail","name":"京港高速线","nameEn":"Jinggang High-Speed Line","ref":"3003","usage":"main","highspeed":"yes","tunnel":"yes","status":"operational","color":"#E54848","dataOrigin":"datum-2026-08-01","sourceKey":"way:819121201"}},{"type":"Feature","geometry":{"type":"LineString","coordinates":[[115.2052278,24.1456179],[115.2049434,24.1436697]]},"properties":{"key":"way:819121202@detail:460_96","osmType":"way","osmId":819121202,"sourceRegion":"guangdong","featureType":"infrastructure","railClass":"highspeed","mode":"rail","name":"京港高速线","nameEn":"Jinggang High-Speed Line","ref":"3003","usage":"main","highspeed":"yes","bridge":"yes","status":"operational","color":"#E54848","dataOrigin":"datum-2026-08-01","sourceKey":"way:819121202"}},{"type":"Feature","geometry":{"type":"LineString","coordinates":[[115.2049434,24.1642669],[115.2050296,24.1636118],[115.2051102,24.1629562],[115.2051853,24.1623],[115.2052767,24.1614246],[115.2053583,24.1605484],[115.2054299,24.1596715],[115.2054917,24.1587939],[115.2055435,24.1579158],[115.2055854,24.1570373],[115.2056174,24.1561584],[115.2056395,24.1552792],[115.2056517,24.1543999],[115.2056539,24.1535205],[115.2056462,24.1526411],[115.2056286,24.1517618],[115.2056011,24.1508828],[115.2055636,24.150004],[115.2055163,24.1491256],[115.205459,24.1482477],[115.2053918,24.1473704],[115.2053147,24.1464938],[115.2052278,24.1456179]]},"properties":{"key":"way:819121203@detail:460_96","osmType":"way","osmId":819121203,"sourceRegion":"guangdong","featureType":"infrastructure","railClass":"highspeed","mode":"rail","name":"京港高速线","nameEn":"Jinggang High-Speed Line","ref":"3003","usage":"main","highspeed":"yes","tunnel":"yes","status":"operational","color":"#E54848","dataOrigin":"datum-2026-08-01","sourceKey":"way:819121203"}},{"type":"Feature","geometry":{"type":"LineString","coordinates":[[115.2045143,24.1669783],[115.2049434,24.1642669]]},"properties":{"key":"way:819121204@detail:460_96","osmType":"way","osmId":819121204,"sourceRegion":"guangdong","featureType":"infrastructure","railClass":"highspeed","mode":"rail","name":"京港高速线","nameEn":"Jinggang High-Speed Line","ref":"3003","usage":"main","highspeed":"yes","bridge":"yes","status":"operational","color":"#E54848","dataOrigin":"datum-2026-08-01","sourceKey":"way:819121204"}},{"type":"Feature","geometry":{"type":"LineString","coordinates":[[115.2041173,24.1686619],[115.2045143,24.1669783]]},"properties":{"key":"way:819121205@detail:460_96","osmType":"way","osmId":819121205,"sourceRegion":"guangdong","featureType":"infrastructure","railClass":"highspeed","mode":"rail","name":"京港高速线","nameEn":"Jinggang High-Speed Line","ref":"3003","usage":"main","highspeed":"yes","tunnel":"yes","status":"operational","color":"#E54848","dataOrigin":"datum-2026-08-01","sourceKey":"way:819121205"}},{"type":"Feature","geometry":{"type":"LineString","coordinates":[[115.2035057,24.1707077],[115.2038383,24.1696407],[115.2041173,24.1686619]]},"properties":{"key":"way:819121206@detail:460_96","osmType":"way","osmId":819121206,"sourceRegion":"guangdong","featureType":"infrastructure","railClass":"highspeed","mode":"rail","name":"京港高速线","nameEn":"Jinggang High-Speed Line","ref":"3003","usage":"main","highspeed":"yes","bridge":"yes","status":"operational","color":"#E54848","dataOrigin":"datum-2026-08-01","sourceKey":"way:819121206"}},{"type":"Feature","geometry":{"type":"LineString","coordinates":[[115.2028947,24.1724999],[115.2035057,24.1707077]]},"properties":{"key":"way:819121207@detail:460_96","osmType":"way","osmId":819121207,"sourceRegion":"guangdong","featureType":"infrastructure","railClass":"highspeed","mode":"rail","name":"京港高速线","nameEn":"Jinggang High-Speed Line","ref":"3003","usage":"main","highspeed":"yes","tunnel":"yes","status":"operational","color":"#E54848","dataOrigin":"datum-2026-08-01","sourceKey":"way:819121207"}},{"type":"Feature","geometry":{"type":"LineString","coordinates":[[115.193367,24.1906447],[115.1951852,24.1881658],[115.1977873,24.1840777],[115.1985705,24.1826683],[115.2001047,24.1796244],[115.2009737,24.1776375],[115.2018106,24.175631],[115.2028947,24.1724999]]},"properties":{"key":"way:819121208@detail:460_96","osmType":"way","osmId":819121208,"sourceRegion":"guangdong","featureType":"infrastructure","railClass":"highspeed","mode":"rail","name":"京港高速线","nameEn":"Jinggang High-Speed Line","ref":"3003","usage":"main","highspeed":"yes","bridge":"yes","status":"operational","color":"#E54848","dataOrigin":"datum-2026-08-01","sourceKey":"way:819121208"}},{"type":"Feature","geometry":{"type":"LineString","coordinates":[[115.1919293,24.192377],[115.193367,24.1906447]]},"properties":{"key":"way:819121209@detail:460_96","osmType":"way","osmId":819121209,"sourceRegion":"guangdong","featureType":"infrastructure","railClass":"highspeed","mode":"rail","name":"京港高速线","nameEn":"Jinggang High-Speed Line","ref":"3003","usage":"main","highspeed":"yes","tunnel":"yes","status":"operational","color":"#E54848","dataOrigin":"datum-2026-08-01","sourceKey":"way:819121209"}},{"type":"Feature","geometry":{"type":"LineString","coordinates":[[115.1906204,24.1938939],[115.1919293,24.192377]]},"properties":{"key":"way:819121210@detail:460_96","osmType":"way","osmId":819121210,"sourceRegion":"guangdong","featureType":"infrastructure","railClass":"highspeed","mode":"rail","name":"京港高速线","nameEn":"Jinggang High-Speed Line","ref":"3003","usage":"main","highspeed":"yes","bridge":"yes","status":"operational","color":"#E54848","dataOrigin":"datum-2026-08-01","sourceKey":"way:819121210"}},{"type":"Feature","geometry":{"type":"LineString","coordinates":[[115.1713407,24.2089641],[115.1724346,24.2082143],[115.1735225,24.2074572],[115.1746043,24.2066929],[115.17568,24.2059214],[115.1767495,24.2051428],[115.1778128,24.204357],[115.1788697,24.2035643],[115.1799203,24.2027645],[115.1809644,24.2019577],[115.1819575,24.2011792],[115.1829446,24.2003945],[115.1839257,24.1996034],[115.1849006,24.1988061],[115.1858695,24.1980027],[115.1868322,24.1971931],[115.1877887,24.1963773],[115.1887389,24.1955555],[115.1896828,24.1947277],[115.1906204,24.1938939]]},"properties":{"key":"way:819121211@detail:460_96","osmType":"way","osmId":819121211,"sourceRegion":"guangdong","featureType":"infrastructure","railClass":"highspeed","mode":"rail","name":"京港高速线","nameEn":"Jinggang High-Speed Line","ref":"3003","usage":"main","highspeed":"yes","tunnel":"yes","status":"operational","color":"#E54848","dataOrigin":"datum-2026-08-01","sourceKey":"way:819121211"}},{"type":"Feature","geometry":{"type":"LineString","coordinates":[[115.1682507,24.2108135],[115.1713407,24.2089641]]},"properties":{"key":"way:819121212@detail:460_96","osmType":"way","osmId":819121212,"sourceRegion":"guangdong","featureType":"infrastructure","railClass":"highspeed","mode":"rail","name":"京港高速线","nameEn":"Jinggang High-Speed Line","ref":"3003","usage":"main","highspeed":"yes","bridge":"yes","status":"operational","color":"#E54848","dataOrigin":"datum-2026-08-01","sourceKey":"way:819121212"}},{"type":"Feature","geometry":{"type":"LineString","coordinates":[[115.1955907,24.1111162],[115.1947519,24.1096274],[115.1938146,24.1080191],[115.192803,24.1063235],[115.1914251,24.1041842],[115.1878596,24.0988943]]},"properties":{"key":"way:819121213@detail:460_96","osmType":"way","osmId":819121213,"sourceRegion":"guangdong","featureType":"infrastructure","railClass":"highspeed","mode":"rail","name":"京港高速线","nameEn":"Jinggang High-Speed Line","ref":"3003","usage":"main","highspeed":"yes","bridge":"yes","status":"operational","color":"#E54848","dataOrigin":"datum-2026-08-01","sourceKey":"way:819121213"}},{"type":"Feature","geometry":{"type":"LineString","coordinates":[[115.1670599,24.2115376],[115.1682507,24.2108135]]},"properties":{"key":"way:819121214@detail:460_96","osmType":"way","osmId":819121214,"sourceRegion":"guangdong","featureType":"infrastructure","railClass":"highspeed","mode":"rail","name":"京港高速线","nameEn":"Jinggang High-Speed Line","ref":"3003","usage":"main","highspeed":"yes","tunnel":"yes","status":"operational","color":"#E54848","dataOrigin":"datum-2026-08-01","sourceKey":"way:819121214"}},{"type":"Feature","geometry":{"type":"LineString","coordinates":[[115.1691302,24.0540387],[115.1689848,24.0530034]]},"properties":{"key":"way:893592237@detail:460_96","osmType":"way","osmId":893592237,"sourceRegion":"guangdong","featureType":"infrastructure","railClass":"national","mode":"rail","name":"京九线","nameEn":"Jingjiu Line","ref":"0005","usage":"main","bridge":"yes","status":"operational","color":"#E54848","dataOrigin":"datum-2026-08-01","sourceKey":"way:893592237"}},{"type":"Feature","geometry":{"type":"LineString","coordinates":[[115.1742474,24.0643076],[115.173788,24.06316],[115.173156,24.061995],[115.170854,24.05863],[115.170163,24.05749],[115.169619,24.0564688],[115.1693505,24.0557862],[115.1692174,24.0550018],[115.1691302,24.0540387]]},"properties":{"key":"way:893592238@detail:460_96","osmType":"way","osmId":893592238,"sourceRegion":"guangdong","featureType":"infrastructure","railClass":"national","mode":"rail","name":"京九线","nameEn":"Jingjiu Line","ref":"0005","usage":"main","status":"operational","color":"#E54848","dataOrigin":"datum-2026-08-01","sourceKey":"way:893592238"}},{"type":"Feature","geometry":{"type":"LineString","coordinates":[[115.16800769640882,24.25],[115.1682478,24.2495777],[115.1705321,24.2454779],[115.1722616,24.2422057],[115.1729605,24.2408258],[115.1738824,24.2390198]]},"properties":{"key":"way:906003220@detail:460_96","osmType":"way","osmId":906003220,"sourceRegion":"guangdong","featureType":"infrastructure","railClass":"national","mode":"rail","name":"京九线","nameEn":"Jingjiu Line","ref":"0005","usage":"main","status":"operational","color":"#E54848","dataOrigin":"datum-2026-08-01","sourceKey":"way:906003220"}},{"type":"Feature","geometry":{"type":"LineString","coordinates":[[115.1738824,24.2390198],[115.175075,24.2368385],[115.1755219,24.2363727]]},"properties":{"key":"way:906003221@detail:460_96","osmType":"way","osmId":906003221,"sourceRegion":"guangdong","featureType":"infrastructure","railClass":"national","mode":"rail","name":"京九线","nameEn":"Jingjiu Line","ref":"0005","usage":"main","tunnel":"yes","status":"operational","color":"#E54848","dataOrigin":"datum-2026-08-01","sourceKey":"way:906003221"}},{"type":"Feature","geometry":{"type":"LineString","coordinates":[[115.1755219,24.2363727],[115.1760781,24.2359248],[115.1764264,24.2355079],[115.1777187,24.2340867],[115.179218,24.2324368],[115.1795451,24.2320259],[115.179878,24.231478],[115.1808217,24.2299146]]},"properties":{"key":"way:906003222@detail:460_96","osmType":"way","osmId":906003222,"sourceRegion":"guangdong","featureType":"infrastructure","railClass":"national","mode":"rail","name":"京九线","nameEn":"Jingjiu Line","ref":"0005","usage":"main","status":"operational","color":"#E54848","dataOrigin":"datum-2026-08-01","sourceKey":"way:906003222"}},{"type":"Feature","geometry":{"type":"LineString","coordinates":[[115.1808217,24.2299146],[115.1810736,24.2294958]]},"properties":{"key":"way:906003223@detail:460_96","osmType":"way","osmId":906003223,"sourceRegion":"guangdong","featureType":"infrastructure","railClass":"national","mode":"rail","name":"京九线","nameEn":"Jingjiu Line","ref":"0005","usage":"main","status":"operational","color":"#E54848","dataOrigin":"datum-2026-08-01","sourceKey":"way:906003223"}},{"type":"Feature","geometry":{"type":"LineString","coordinates":[[115.2035971,24.2256515],[115.2032838,24.2255864],[115.201548,24.2248343],[115.2002201,24.2240565],[115.1987068,24.2231396],[115.1975448,24.222451],[115.1966128,24.2219896],[115.1957375,24.2217478],[115.1944175,24.221607],[115.1937976,24.2216552],[115.1931635,24.2217573],[115.1915507,24.2221189],[115.1889448,24.2227224],[115.1875335,24.2230909],[115.1856592,24.2238993],[115.1838399,24.2251107],[115.1829095,24.2261725],[115.1820213,24.2278754],[115.1812477,24.2292225],[115.1810736,24.2294958]]},"properties":{"key":"way:906003224@detail:460_96","osmType":"way","osmId":906003224,"sourceRegion":"guangdong","featureType":"infrastructure","railClass":"national","mode":"rail","name":"京九线","nameEn":"Jingjiu Line","ref":"0005","usage":"main","status":"operational","color":"#E54848","dataOrigin":"datum-2026-08-01","sourceKey":"way:906003224"}},{"type":"Feature","geometry":{"type":"LineString","coordinates":[[115.2057906,24.2258626],[115.2053282,24.2259122],[115.2035971,24.2256515]]},"properties":{"key":"way:906003225@detail:460_96","osmType":"way","osmId":906003225,"sourceRegion":"guangdong","featureType":"infrastructure","railClass":"national","mode":"rail","name":"京九线","nameEn":"Jingjiu Line","ref":"0005","usage":"main","tunnel":"yes","status":"operational","color":"#E54848","dataOrigin":"datum-2026-08-01","sourceKey":"way:906003225"}},{"type":"Feature","geometry":{"type":"LineString","coordinates":[[115.2064501,24.2257532],[115.2061661,24.2258377],[115.2057906,24.2258626]]},"properties":{"key":"way:906003226@detail:460_96","osmType":"way","osmId":906003226,"sourceRegion":"guangdong","featureType":"infrastructure","railClass":"national","mode":"rail","name":"京九线","nameEn":"Jingjiu Line","ref":"0005","usage":"main","status":"operational","color":"#E54848","dataOrigin":"datum-2026-08-01","sourceKey":"way:906003226"}},{"type":"Feature","geometry":{"type":"LineString","coordinates":[[115.2085549,24.2251733],[115.2081479,24.2253338],[115.2064501,24.2257532]]},"properties":{"key":"way:906003227@detail:460_96","osmType":"way","osmId":906003227,"sourceRegion":"guangdong","featureType":"infrastructure","railClass":"national","mode":"rail","name":"京九线","nameEn":"Jingjiu Line","ref":"0005","usage":"main","tunnel":"yes","status":"operational","color":"#E54848","dataOrigin":"datum-2026-08-01","sourceKey":"way:906003227"}},{"type":"Feature","geometry":{"type":"LineString","coordinates":[[115.2095076,24.2247463],[115.209087,24.2249331],[115.2085549,24.2251733]]},"properties":{"key":"way:906003228@detail:460_96","osmType":"way","osmId":906003228,"sourceRegion":"guangdong","featureType":"infrastructure","railClass":"national","mode":"rail","name":"京九线","nameEn":"Jingjiu Line","ref":"0005","usage":"main","status":"operational","color":"#E54848","dataOrigin":"datum-2026-08-01","sourceKey":"way:906003228"}},{"type":"Feature","geometry":{"type":"LineString","coordinates":[[115.2108866,24.2238675],[115.2104474,24.2242243],[115.2095076,24.2247463]]},"properties":{"key":"way:906003229@detail:460_96","osmType":"way","osmId":906003229,"sourceRegion":"guangdong","featureType":"infrastructure","railClass":"national","mode":"rail","name":"京九线","nameEn":"Jingjiu Line","ref":"0005","usage":"main","bridge":"viaduct","status":"operational","color":"#E54848","dataOrigin":"datum-2026-08-01","sourceKey":"way:906003229"}},{"type":"Feature","geometry":{"type":"LineString","coordinates":[[115.211707,24.2232903],[115.2111836,24.2236263],[115.2108866,24.2238675]]},"properties":{"key":"way:906003230@detail:460_96","osmType":"way","osmId":906003230,"sourceRegion":"guangdong","featureType":"infrastructure","railClass":"national","mode":"rail","name":"京九线","nameEn":"Jingjiu Line","ref":"0005","usage":"main","status":"operational","color":"#E54848","dataOrigin":"datum-2026-08-01","sourceKey":"way:906003230"}},{"type":"Feature","geometry":{"type":"LineString","coordinates":[[115.2140797,24.2217745],[115.2139296,24.2218397],[115.211707,24.2232903]]},"properties":{"key":"way:906003231@detail:460_96","osmType":"way","osmId":906003231,"sourceRegion":"guangdong","featureType":"infrastructure","railClass":"national","mode":"rail","name":"京九线","nameEn":"Jingjiu Line","ref":"0005","usage":"main","tunnel":"yes","status":"operational","color":"#E54848","dataOrigin":"datum-2026-08-01","sourceKey":"way:906003231"}},{"type":"Feature","geometry":{"type":"LineString","coordinates":[[115.2154876,24.2209595],[115.2150623,24.2212529],[115.2147344,24.2214457],[115.2140797,24.2217745]]},"properties":{"key":"way:906003232@detail:460_96","osmType":"way","osmId":906003232,"sourceRegion":"guangdong","featureType":"infrastructure","railClass":"national","mode":"rail","name":"京九线","nameEn":"Jingjiu Line","ref":"0005","usage":"main","status":"operational","color":"#E54848","dataOrigin":"datum-2026-08-01","sourceKey":"way:906003232"}},{"type":"Feature","geometry":{"type":"LineString","coordinates":[[115.2168126,24.2204495],[115.2154876,24.2209595]]},"properties":{"key":"way:906003233@detail:460_96","osmType":"way","osmId":906003233,"sourceRegion":"guangdong","featureType":"infrastructure","railClass":"national","mode":"rail","name":"京九线","nameEn":"Jingjiu Line","ref":"0005","usage":"main","status":"operational","color":"#E54848","dataOrigin":"datum-2026-08-01","sourceKey":"way:906003233"}},{"type":"Feature","geometry":{"type":"LineString","coordinates":[[115.2217988,24.2198819],[115.2211266,24.2199669],[115.2205824,24.2200215],[115.219913,24.2200533],[115.2192035,24.2200895],[115.2185733,24.220143],[115.217753,24.220263],[115.2168126,24.2204495]]},"properties":{"key":"way:906003234@detail:460_96","osmType":"way","osmId":906003234,"sourceRegion":"guangdong","featureType":"infrastructure","railClass":"national","mode":"rail","name":"京九线","nameEn":"Jingjiu Line","ref":"0005","usage":"main","status":"operational","color":"#E54848","dataOrigin":"datum-2026-08-01","sourceKey":"way:906003234"}},{"type":"Feature","geometry":{"type":"LineString","coordinates":[[115.2258012,24.2195957],[115.2217988,24.2198819]]},"properties":{"key":"way:906003235@detail:460_96","osmType":"way","osmId":906003235,"sourceRegion":"guangdong","featureType":"infrastructure","railClass":"national","mode":"rail","name":"京九线","nameEn":"Jingjiu Line","ref":"0005","usage":"main","tunnel":"yes","status":"operational","color":"#E54848","dataOrigin":"datum-2026-08-01","sourceKey":"way:906003235"}},{"type":"Feature","geometry":{"type":"LineString","coordinates":[[115.2258012,24.2195957],[115.2264714,24.2195245],[115.2267259,24.2194771],[115.2274577,24.2192652],[115.2285038,24.2188694],[115.22944,24.2183773],[115.2298109,24.2181329],[115.2305236,24.217608],[115.2312802,24.2170088],[115.2325006,24.215815],[115.2333728,24.2148897],[115.2337708,24.2144779],[115.2347124,24.2136363],[115.2356748,24.2126311],[115.2365822,24.2115948],[115.2371364,24.2106925],[115.2374869,24.2098147],[115.2377409,24.2091219],[115.2378601,24.20823],[115.2378171,24.20715],[115.2377815,24.2068302],[115.2376006,24.2061293],[115.2372075,24.2050964],[115.2366949,24.2039238],[115.2362028,24.202748],[115.236025,24.2020623],[115.2359236,24.2007778],[115.2359584,24.1999646],[115.2360976,24.1988255],[115.236213,24.1974384],[115.2363523,24.1963356],[115.2364276,24.1954912],[115.2365263,24.1947536],[115.2367903,24.1937271],[115.2370427,24.1931019],[115.2374282,24.192435],[115.2379761,24.1917388],[115.238774,24.1910084],[115.2399533,24.1900281],[115.2402488,24.1897808],[115.2404075,24.1896005],[115.2404344,24.189554]]},"properties":{"key":"way:906003236@detail:460_96","osmType":"way","osmId":906003236,"sourceRegion":"guangdong","featureType":"infrastructure","railClass":"national","mode":"rail","name":"京九线","nameEn":"Jingjiu Line","ref":"0005","usage":"main","status":"operational","color":"#E54848","dataOrigin":"datum-2026-08-01","sourceKey":"way:906003236"}},{"type":"Feature","geometry":{"type":"LineString","coordinates":[[115.1019064,24.0278004],[115.1016964,24.0275332],[115.1012278,24.0268278],[115.1008285,24.0260964],[115.1005117,24.025255],[115.1000706,24.0240306],[115.0971278,24.0154501],[115.0966317,24.0142224],[115.0960101,24.0130651],[115.0952939,24.0119897],[115.0944595,24.0109909],[115.0934603,24.0101034],[115.0925052,24.0094379]]},"properties":{"key":"way:906447975@detail:460_96","osmType":"way","osmId":906447975,"sourceRegion":"guangdong","featureType":"infrastructure","railClass":"national","mode":"rail","name":"京九线","nameEn":"Jingjiu Line","ref":"0005","usage":"main","status":"operational","color":"#E54848","dataOrigin":"datum-2026-08-01","sourceKey":"way:906447975"}},{"type":"Feature","geometry":{"type":"LineString","coordinates":[[115.1134191,24.0364796],[115.1127534,24.0360118]]},"properties":{"key":"way:906447976@detail:460_96","osmType":"way","osmId":906447976,"sourceRegion":"guangdong","featureType":"infrastructure","railClass":"national","mode":"rail","name":"京九线","nameEn":"Jingjiu Line","ref":"0005","usage":"main","bridge":"yes","status":"operational","color":"#E54848","dataOrigin":"datum-2026-08-01","sourceKey":"way:906447976"}},{"type":"Feature","geometry":{"type":"LineString","coordinates":[[115.1160025,24.0384483],[115.1148294,24.0375613],[115.1134191,24.0364796]]},"properties":{"key":"way:906447977@detail:460_96","osmType":"way","osmId":906447977,"sourceRegion":"guangdong","featureType":"infrastructure","railClass":"national","mode":"rail","name":"京九线","nameEn":"Jingjiu Line","ref":"0005","usage":"main","status":"operational","color":"#E54848","dataOrigin":"datum-2026-08-01","sourceKey":"way:906447977"}},{"type":"Feature","geometry":{"type":"LineString","coordinates":[[115.1166047,24.0388733],[115.1160025,24.0384483]]},"properties":{"key":"way:906447978@detail:460_96","osmType":"way","osmId":906447978,"sourceRegion":"guangdong","featureType":"infrastructure","railClass":"national","mode":"rail","name":"京九线","nameEn":"Jingjiu Line","ref":"0005","usage":"main","bridge":"yes","status":"operational","color":"#E54848","dataOrigin":"datum-2026-08-01","sourceKey":"way:906447978"}},{"type":"Feature","geometry":{"type":"LineString","coordinates":[[115.1374108,24.0366218],[115.1357875,24.0371237],[115.1355545,24.0371837],[115.132918,24.0382348],[115.1315188,24.0385796],[115.1287185,24.0391398],[115.1250539,24.0397767],[115.124144,24.0398493],[115.1231916,24.0398705],[115.12054,24.0398972],[115.1195315,24.039882],[115.1188519,24.0398019],[115.1182728,24.0396601],[115.117724,24.0394634],[115.1170816,24.0391607],[115.1166047,24.0388733]]},"properties":{"key":"way:906447979@detail:460_96","osmType":"way","osmId":906447979,"sourceRegion":"guangdong","featureType":"infrastructure","railClass":"national","mode":"rail","name":"京九线","nameEn":"Jingjiu Line","ref":"0005","usage":"main","status":"operational","color":"#E54848","dataOrigin":"datum-2026-08-01","sourceKey":"way:906447979"}},{"type":"Feature","geometry":{"type":"LineString","coordinates":[[115.1569739,24.0408923],[115.1560581,24.0401767],[115.1549218,24.0394567],[115.1536687,24.038876],[115.1523464,24.0384745],[115.1509023,24.0382091]]},"properties":{"key":"way:906447980@detail:460_96","osmType":"way","osmId":906447980,"sourceRegion":"guangdong","featureType":"infrastructure","railClass":"national","mode":"rail","name":"京九线","nameEn":"Jingjiu Line","ref":"0005","usage":"main","status":"operational","color":"#E54848","dataOrigin":"datum-2026-08-01","sourceKey":"way:906447980"}},{"type":"Feature","geometry":{"type":"LineString","coordinates":[[115.1576097,24.0414039],[115.1569739,24.0408923]]},"properties":{"key":"way:906447981@detail:460_96","osmType":"way","osmId":906447981,"sourceRegion":"guangdong","featureType":"infrastructure","railClass":"national","mode":"rail","name":"京九线","nameEn":"Jingjiu Line","ref":"0005","usage":"main","bridge":"yes","status":"operational","color":"#E54848","dataOrigin":"datum-2026-08-01","sourceKey":"way:906447981"}},{"type":"Feature","geometry":{"type":"LineString","coordinates":[[115.1690483,24.0529964],[115.1686803,24.050073],[115.1684611,24.0488471],[115.1680067,24.0477201],[115.167296,24.0466884],[115.1664047,24.0458051],[115.1652518,24.0451807],[115.161492,24.0437416],[115.1602658,24.0432137],[115.1591373,24.0425644],[115.1580973,24.0417964],[115.1576097,24.0414039]]},"properties":{"key":"way:906447982@detail:460_96","osmType":"way","osmId":906447982,"sourceRegion":"guangdong","featureType":"infrastructure","railClass":"national","mode":"rail","name":"京九线","nameEn":"Jingjiu Line","ref":"0005","usage":"main","status":"operational","color":"#E54848","dataOrigin":"datum-2026-08-01","sourceKey":"way:906447982"}},{"type":"Feature","geometry":{"type":"LineString","coordinates":[[115.1691938,24.0540326],[115.1690483,24.0529964]]},"properties":{"key":"way:906447983@detail:460_96","osmType":"way","osmId":906447983,"sourceRegion":"guangdong","featureType":"infrastructure","railClass":"national","mode":"rail","name":"京九线","nameEn":"Jingjiu Line","ref":"0005","usage":"main","bridge":"yes","status":"operational","color":"#E54848","dataOrigin":"datum-2026-08-01","sourceKey":"way:906447983"}},{"type":"Feature","geometry":{"type":"LineString","coordinates":[[115.1743082,24.0642895],[115.1738468,24.063137],[115.1732119,24.0619665],[115.1709091,24.0586004],[115.1702198,24.0574631],[115.169678,24.0564461],[115.1694127,24.0557717],[115.1692809,24.0549949],[115.1691938,24.0540326]]},"properties":{"key":"way:906447984@detail:460_96","osmType":"way","osmId":906447984,"sourceRegion":"guangdong","featureType":"infrastructure","railClass":"national","mode":"rail","name":"京九线","nameEn":"Jingjiu Line","ref":"0005","usage":"main","status":"operational","color":"#E54848","dataOrigin":"datum-2026-08-01","sourceKey":"way:906447984"}},{"type":"Feature","geometry":{"type":"LineString","coordinates":[[115.1744293,24.0646762],[115.1743082,24.0642895]]},"properties":{"key":"way:906447985@detail:460_96","osmType":"way","osmId":906447985,"sourceRegion":"guangdong","featureType":"infrastructure","railClass":"national","mode":"rail","name":"京九线","nameEn":"Jingjiu Line","ref":"0005","usage":"main","bridge":"yes","status":"operational","color":"#E54848","dataOrigin":"datum-2026-08-01","sourceKey":"way:906447985"}},{"type":"Feature","geometry":{"type":"LineString","coordinates":[[115.1782765,24.0760662],[115.1780404,24.0755177],[115.1767879,24.0718262],[115.1759015,24.0693819],[115.1754469,24.0676742],[115.1744293,24.0646762]]},"properties":{"key":"way:906447986@detail:460_96","osmType":"way","osmId":906447986,"sourceRegion":"guangdong","featureType":"infrastructure","railClass":"national","mode":"rail","name":"京九线","nameEn":"Jingjiu Line","ref":"0005","usage":"main","status":"operational","color":"#E54848","dataOrigin":"datum-2026-08-01","sourceKey":"way:906447986"}},{"type":"Feature","geometry":{"type":"LineString","coordinates":[[115.1788333,24.0774489],[115.178683,24.0771327],[115.1785294,24.0767515],[115.1782765,24.0760662]]},"properties":{"key":"way:906447987@detail:460_96","osmType":"way","osmId":906447987,"sourceRegion":"guangdong","featureType":"infrastructure","railClass":"national","mode":"rail","name":"京九线","nameEn":"Jingjiu Line","ref":"0005","usage":"main","bridge":"yes","status":"operational","color":"#E54848","dataOrigin":"datum-2026-08-01","sourceKey":"way:906447987"}},{"type":"Feature","geometry":{"type":"LineString","coordinates":[[115.1901355,24.0843294],[115.1888911,24.0839744],[115.1876907,24.0834672],[115.186549,24.0828524],[115.1853427,24.0823291],[115.1832077,24.0816238],[115.1826285,24.0814002],[115.1819602,24.081025],[115.1814445,24.0806739],[115.1810053,24.0802932],[115.1804701,24.0796609],[115.1796012,24.0785778],[115.1790624,24.0778203],[115.1788333,24.0774489]]},"properties":{"key":"way:906447988@detail:460_96","osmType":"way","osmId":906447988,"sourceRegion":"guangdong","featureType":"infrastructure","railClass":"national","mode":"rail","name":"京九线","nameEn":"Jingjiu Line","ref":"0005","usage":"main","status":"operational","color":"#E54848","dataOrigin":"datum-2026-08-01","sourceKey":"way:906447988"}},{"type":"Feature","geometry":{"type":"LineString","coordinates":[[115.2253953,24.109413],[115.2239119,24.1081036]]},"properties":{"key":"way:906447989@detail:460_96","osmType":"way","osmId":906447989,"sourceRegion":"guangdong","featureType":"infrastructure","railClass":"national","mode":"rail","name":"京九线","nameEn":"Jingjiu Line","ref":"0005","usage":"main","bridge":"yes","status":"operational","color":"#E54848","dataOrigin":"datum-2026-08-01","sourceKey":"way:906447989"}},{"type":"Feature","geometry":{"type":"LineString","coordinates":[[115.2381733,24.1202638],[115.2373914,24.1196059],[115.2371125,24.119374],[115.2361538,24.118577],[115.2359367,24.1183942],[115.2354663,24.1179983],[115.2269044,24.1107742],[115.2267739,24.1106623],[115.2260596,24.1099863]]},"properties":{"key":"way:906447990@detail:460_96","osmType":"way","osmId":906447990,"sourceRegion":"guangdong","featureType":"infrastructure","railClass":"national","mode":"rail","name":"漳龙线","ref":"0067","usage":"main","status":"operational","color":"#E54848","dataOrigin":"datum-2026-08-01","sourceKey":"way:906447990"}},{"type":"Feature","geometry":{"type":"LineString","coordinates":[[115.156932,24.0409364],[115.156019,24.040223],[115.154889,24.039507],[115.153644,24.03893],[115.15233,24.038531],[115.150944,24.038277],[115.143863,24.037285],[115.1426089,24.0370578]]},"properties":{"key":"way:906447991@detail:460_96","osmType":"way","osmId":906447991,"sourceRegion":"guangdong","featureType":"infrastructure","railClass":"national","mode":"rail","name":"京九线","nameEn":"Jingjiu Line","ref":"0005","usage":"main","status":"operational","color":"#E54848","dataOrigin":"datum-2026-08-01","sourceKey":"way:906447991"}},{"type":"Feature","geometry":{"type":"LineString","coordinates":[[115.1374108,24.0366218],[115.1388431,24.0364454],[115.1407796,24.036514],[115.1426411,24.0369794],[115.1438481,24.0372293],[115.1509023,24.0382091]]},"properties":{"key":"way:906447992@detail:460_96","osmType":"way","osmId":906447992,"sourceRegion":"guangdong","featureType":"infrastructure","railClass":"national","mode":"rail","name":"京九线","nameEn":"Jingjiu Line","ref":"0005","usage":"main","status":"operational","color":"#E54848","dataOrigin":"datum-2026-08-01","sourceKey":"way:906447992"}},{"type":"Feature","geometry":{"type":"LineString","coordinates":[[115.2388264,24.1620705],[115.2387392,24.1634654],[115.2387567,24.1640001],[115.238758,24.1651625],[115.2387617,24.1655418]]},"properties":{"key":"way:906475464@detail:460_96","osmType":"way","osmId":906475464,"sourceRegion":"guangdong","featureType":"infrastructure","railClass":"national","mode":"rail","name":"未命名","status":"operational","color":"#E54848","dataOrigin":"datum-2026-08-01","sourceKey":"way:906475464"}},{"type":"Feature","geometry":{"type":"LineString","coordinates":[[115.2388264,24.1620705],[115.2388854,24.1617475],[115.2390504,24.1611442],[115.2400227,24.1523609],[115.2400334,24.1522017],[115.2400334,24.152034],[115.2399985,24.1515421],[115.2399757,24.1513756]]},"properties":{"key":"way:1187915312@detail:460_96","osmType":"way","osmId":1187915312,"sourceRegion":"guangdong","featureType":"infrastructure","railClass":"minor","mode":"rail","name":"未命名","service":"yard","status":"operational","color":"#52636F","dataOrigin":"datum-2026-08-01","sourceKey":"way:1187915312"}},{"type":"Feature","geometry":{"type":"LineString","coordinates":[[115.2390745,24.1651822],[115.239096,24.1647453],[115.2390866,24.1643207],[115.2390866,24.1642485],[115.2390866,24.1636563]]},"properties":{"key":"way:1187915313@detail:460_96","osmType":"way","osmId":1187915313,"sourceRegion":"guangdong","featureType":"infrastructure","railClass":"minor","mode":"rail","name":"未命名","service":"yard","status":"operational","color":"#52636F","dataOrigin":"datum-2026-08-01","sourceKey":"way:1187915313"}},{"type":"Feature","geometry":{"type":"LineString","coordinates":[[115.2431094,24.1445959],[115.2437067,24.1434543]]},"properties":{"key":"way:1187915314@detail:460_96","osmType":"way","osmId":1187915314,"sourceRegion":"guangdong","featureType":"infrastructure","railClass":"national","mode":"rail","name":"未命名","usage":"main","bridge":"yes","status":"operational","color":"#E54848","dataOrigin":"datum-2026-08-01","sourceKey":"way:1187915314"}},{"type":"Feature","geometry":{"type":"LineString","coordinates":[[115.2403443,24.1533503],[115.240432,24.1526264],[115.2404463,24.1524985],[115.2405811,24.1512218],[115.2406002,24.1510967],[115.2407429,24.1498301],[115.2407804,24.1495878],[115.2408394,24.1492549],[115.2409252,24.1489343],[115.2410379,24.1486137],[115.2412015,24.1482588],[115.2413732,24.1479137],[115.2415529,24.1475711],[115.2431094,24.1445959]]},"properties":{"key":"way:1187915315@detail:460_96","osmType":"way","osmId":1187915315,"sourceRegion":"guangdong","featureType":"infrastructure","railClass":"national","mode":"rail","name":"未命名","usage":"main","status":"operational","color":"#E54848","dataOrigin":"datum-2026-08-01","sourceKey":"way:1187915315"}},{"type":"Feature","geometry":{"type":"LineString","coordinates":[[115.2404424,24.179693],[115.2403284,24.1786714]]},"properties":{"key":"way:1187915321@detail:460_96","osmType":"way","osmId":1187915321,"sourceRegion":"guangdong","featureType":"infrastructure","railClass":"national","mode":"rail","name":"京九线","nameEn":"Jingjiu Line","ref":"0005","usage":"main","bridge":"yes","status":"operational","color":"#E54848","dataOrigin":"datum-2026-08-01","sourceKey":"way:1187915321"}},{"type":"Feature","geometry":{"type":"LineString","coordinates":[[115.2410474,24.1816048],[115.2409333,24.1813495],[115.2407953,24.1810065],[115.2406691,24.1806191],[115.2405914,24.1803533],[115.2405162,24.1800612],[115.2404424,24.179693]]},"properties":{"key":"way:1187915322@detail:460_96","osmType":"way","osmId":1187915322,"sourceRegion":"guangdong","featureType":"infrastructure","railClass":"national","mode":"rail","name":"京九线","nameEn":"Jingjiu Line","ref":"0005","usage":"main","status":"operational","color":"#E54848","dataOrigin":"datum-2026-08-01","sourceKey":"way:1187915322"}},{"type":"Feature","geometry":{"type":"LineString","coordinates":[[115.2404826,24.1796857],[115.2403647,24.1786593]]},"properties":{"key":"way:1187915323@detail:460_96","osmType":"way","osmId":1187915323,"sourceRegion":"guangdong","featureType":"infrastructure","railClass":"national","mode":"rail","name":"京九线","nameEn":"Jingjiu Line","ref":"0005","usage":"main","bridge":"yes","status":"operational","color":"#E54848","dataOrigin":"datum-2026-08-01","sourceKey":"way:1187915323"}},{"type":"Feature","geometry":{"type":"LineString","coordinates":[[115.2410848,24.1815979],[115.2409708,24.1813398],[115.2408287,24.1809971],[115.2407053,24.1806106],[115.2406302,24.180339],[115.2405578,24.18006],[115.2404826,24.1796857]]},"properties":{"key":"way:1187915324@detail:460_96","osmType":"way","osmId":1187915324,"sourceRegion":"guangdong","featureType":"infrastructure","railClass":"national","mode":"rail","name":"京九线","nameEn":"Jingjiu Line","ref":"0005","usage":"main","status":"operational","color":"#E54848","dataOrigin":"datum-2026-08-01","sourceKey":"way:1187915324"}},{"type":"Feature","geometry":{"type":"LineString","coordinates":[[115.2403893,24.1525005],[115.2403982,24.1519226]]},"properties":{"key":"way:1187915325@detail:460_96","osmType":"way","osmId":1187915325,"sourceRegion":"guangdong","featureType":"infrastructure","railClass":"minor","mode":"rail","name":"未命名","service":"yard","status":"operational","color":"#52636F","dataOrigin":"datum-2026-08-01","sourceKey":"way:1187915325"}},{"type":"Feature","geometry":{"type":"LineString","coordinates":[[115.2404518,24.1519681],[115.2403392,24.1524892]]},"properties":{"key":"way:1187915326@detail:460_96","osmType":"way","osmId":1187915326,"sourceRegion":"guangdong","featureType":"infrastructure","railClass":"minor","mode":"rail","name":"未命名","service":"yard","status":"operational","color":"#52636F","dataOrigin":"datum-2026-08-01","sourceKey":"way:1187915326"}},{"type":"Feature","geometry":{"type":"LineString","coordinates":[[115.2392717,24.1625195],[115.2391684,24.16302],[115.239045,24.1635229]]},"properties":{"key":"way:1187915327@detail:460_96","osmType":"way","osmId":1187915327,"sourceRegion":"guangdong","featureType":"infrastructure","railClass":"minor","mode":"rail","name":"未命名","service":"yard","status":"operational","color":"#52636F","dataOrigin":"datum-2026-08-01","sourceKey":"way:1187915327"}},{"type":"Feature","geometry":{"type":"LineString","coordinates":[[115.2434359,24.1331541],[115.243165,24.1340549]]},"properties":{"key":"way:1187915328@detail:460_96","osmType":"way","osmId":1187915328,"sourceRegion":"guangdong","featureType":"infrastructure","railClass":"minor","mode":"rail","name":"未命名","service":"yard","status":"operational","color":"#52636F","dataOrigin":"datum-2026-08-01","sourceKey":"way:1187915328"}},{"type":"Feature","geometry":{"type":"LineString","coordinates":[[115.2364902,24.1190582],[115.2367008,24.1192234],[115.2404653,24.122467]]},"properties":{"key":"way:1187915331@detail:460_96","osmType":"way","osmId":1187915331,"sourceRegion":"guangdong","featureType":"infrastructure","railClass":"minor","mode":"rail","name":"未命名","service":"yard","status":"operational","color":"#52636F","dataOrigin":"datum-2026-08-01","sourceKey":"way:1187915331"}},{"type":"Feature","geometry":{"type":"LineString","coordinates":[[115.2343485,24.1175293],[115.2364902,24.1190582],[115.2367504,24.1192356],[115.2369131,24.1193577]]},"properties":{"key":"way:1187915332@detail:460_96","osmType":"way","osmId":1187915332,"sourceRegion":"guangdong","featureType":"infrastructure","railClass":"minor","mode":"rail","name":"未命名","service":"yard","status":"operational","color":"#52636F","dataOrigin":"datum-2026-08-01","sourceKey":"way:1187915332"}},{"type":"Feature","geometry":{"type":"LineString","coordinates":[[115.2361538,24.118577],[115.2367654,24.1191596]]},"properties":{"key":"way:1187915333@detail:460_96","osmType":"way","osmId":1187915333,"sourceRegion":"guangdong","featureType":"infrastructure","railClass":"minor","mode":"rail","name":"未命名","service":"siding","status":"operational","color":"#52636F","dataOrigin":"datum-2026-08-01","sourceKey":"way:1187915333"}},{"type":"Feature","geometry":{"type":"LineString","coordinates":[[115.2352585,24.1180551],[115.2355742,24.1182674],[115.2359605,24.1184988],[115.2362367,24.1187105]]},"properties":{"key":"way:1187915334@detail:460_96","osmType":"way","osmId":1187915334,"sourceRegion":"guangdong","featureType":"infrastructure","railClass":"minor","mode":"rail","name":"未命名","service":"siding","status":"operational","color":"#52636F","dataOrigin":"datum-2026-08-01","sourceKey":"way:1187915334"}},{"type":"Feature","geometry":{"type":"LineString","coordinates":[[115.234389,24.1172142],[115.2350029,24.1176716],[115.2354663,24.1179983],[115.235972,24.1183596]]},"properties":{"key":"way:1187915335@detail:460_96","osmType":"way","osmId":1187915335,"sourceRegion":"guangdong","featureType":"infrastructure","railClass":"minor","mode":"rail","name":"未命名","service":"siding","status":"operational","color":"#52636F","dataOrigin":"datum-2026-08-01","sourceKey":"way:1187915335"}},{"type":"Feature","geometry":{"type":"LineString","coordinates":[[115.2276845,24.111551],[115.2283792,24.1122377]]},"properties":{"key":"way:1187915337@detail:460_96","osmType":"way","osmId":1187915337,"sourceRegion":"guangdong","featureType":"infrastructure","railClass":"minor","mode":"rail","name":"未命名","service":"siding","status":"operational","color":"#52636F","dataOrigin":"datum-2026-08-01","sourceKey":"way:1187915337"}},{"type":"Feature","geometry":{"type":"LineString","coordinates":[[115.2283712,24.1121386],[115.2276939,24.111633],[115.2273441,24.1113182]]},"properties":{"key":"way:1187915338@detail:460_96","osmType":"way","osmId":1187915338,"sourceRegion":"guangdong","featureType":"infrastructure","railClass":"minor","mode":"rail","name":"未命名","service":"siding","status":"operational","color":"#52636F","dataOrigin":"datum-2026-08-01","sourceKey":"way:1187915338"}},{"type":"Feature","geometry":{"type":"LineString","coordinates":[[115.2355233,24.1181144],[115.2352349,24.1178904],[115.2350324,24.117746],[115.2340347,24.1170446],[115.2338241,24.1168904],[115.2335908,24.1167105],[115.2290364,24.1128449],[115.228799,24.112638],[115.2283792,24.1122377],[115.2276939,24.111633]]},"properties":{"key":"way:1187915339@detail:460_96","osmType":"way","osmId":1187915339,"sourceRegion":"guangdong","featureType":"infrastructure","railClass":"minor","mode":"rail","name":"未命名","service":"siding","status":"operational","color":"#52636F","dataOrigin":"datum-2026-08-01","sourceKey":"way:1187915339"}},{"type":"Feature","geometry":{"type":"LineString","coordinates":[[115.2269044,24.1107742],[115.2273104,24.1111679],[115.2276845,24.111551],[115.2283712,24.1121386],[115.234389,24.1172142],[115.2348541,24.1176065],[115.2350324,24.117746]]},"properties":{"key":"way:1187915340@detail:460_96","osmType":"way","osmId":1187915340,"sourceRegion":"guangdong","featureType":"infrastructure","railClass":"minor","mode":"rail","name":"未命名","service":"siding","status":"operational","color":"#52636F","dataOrigin":"datum-2026-08-01","sourceKey":"way:1187915340"}},{"type":"Feature","geometry":{"type":"LineString","coordinates":[[115.2432386,24.1267853],[115.2432789,24.1270411],[115.2433245,24.1274131],[115.2433607,24.127762],[115.2434519,24.1289652]]},"properties":{"key":"way:1187915341@detail:460_96","osmType":"way","osmId":1187915341,"sourceRegion":"guangdong","featureType":"infrastructure","railClass":"national","mode":"rail","name":"京九线","nameEn":"Jingjiu Line","ref":"0005","usage":"main","status":"operational","color":"#E54848","dataOrigin":"datum-2026-08-01","sourceKey":"way:1187915341"}},{"type":"Feature","geometry":{"type":"LineString","coordinates":[[115.2431528,24.1263899],[115.2432386,24.1267853]]},"properties":{"key":"way:1187915342@detail:460_96","osmType":"way","osmId":1187915342,"sourceRegion":"guangdong","featureType":"infrastructure","railClass":"national","mode":"rail","name":"京九线","nameEn":"Jingjiu Line","ref":"0005","usage":"main","bridge":"yes","status":"operational","color":"#E54848","dataOrigin":"datum-2026-08-01","sourceKey":"way:1187915342"}},{"type":"Feature","geometry":{"type":"LineString","coordinates":[[115.2481297,24.1237204],[115.249216,24.1235172]]},"properties":{"key":"way:1187915343@detail:460_96","osmType":"way","osmId":1187915343,"sourceRegion":"guangdong","featureType":"infrastructure","railClass":"minor","mode":"rail","name":"未命名","service":"yard","status":"operational","color":"#52636F","dataOrigin":"datum-2026-08-01","sourceKey":"way:1187915343"}},{"type":"Feature","geometry":{"type":"LineString","coordinates":[[115.2222663,24.1044812],[115.2221557,24.103351]]},"properties":{"key":"way:1187915344@detail:460_96","osmType":"way","osmId":1187915344,"sourceRegion":"guangdong","featureType":"infrastructure","railClass":"national","mode":"rail","name":"京九线","nameEn":"Jingjiu Line","ref":"0005","usage":"main","bridge":"yes","status":"operational","color":"#E54848","dataOrigin":"datum-2026-08-01","sourceKey":"way:1187915344"}},{"type":"Feature","geometry":{"type":"LineString","coordinates":[[115.2239119,24.1081036],[115.2237189,24.1079325],[115.2235338,24.1077391],[115.2233501,24.1075237],[115.2231808,24.1072798],[115.2230309,24.1070597],[115.2228954,24.1068222],[115.2227707,24.1065774],[115.2226547,24.1063348],[115.2225642,24.1060828],[115.2224852,24.1058166],[115.2224207,24.1056054],[115.222367,24.105341],[115.2223201,24.1050105],[115.2222663,24.1044812]]},"properties":{"key":"way:1187915345@detail:460_96","osmType":"way","osmId":1187915345,"sourceRegion":"guangdong","featureType":"infrastructure","railClass":"national","mode":"rail","name":"京九线","nameEn":"Jingjiu Line","ref":"0005","usage":"main","status":"operational","color":"#E54848","dataOrigin":"datum-2026-08-01","sourceKey":"way:1187915345"}},{"type":"Feature","geometry":{"type":"LineString","coordinates":[[115.2221868,24.1044868],[115.2220687,24.1033595]]},"properties":{"key":"way:1187915346@detail:460_96","osmType":"way","osmId":1187915346,"sourceRegion":"guangdong","featureType":"infrastructure","railClass":"national","mode":"rail","name":"京九线","nameEn":"Jingjiu Line","ref":"0005","usage":"main","bridge":"yes","status":"operational","color":"#E54848","dataOrigin":"datum-2026-08-01","sourceKey":"way:1187915346"}},{"type":"Feature","geometry":{"type":"LineString","coordinates":[[115.223828,24.1081649],[115.2236465,24.1079803],[115.2234721,24.1077966],[115.2232817,24.1075665],[115.2231083,24.1073197],[115.2229585,24.1070928],[115.2228203,24.1068553],[115.2226983,24.1066043],[115.2225895,24.1063533],[115.2224985,24.1060975],[115.2224162,24.1058351],[115.222355,24.1056189],[115.2222933,24.105352],[115.2222437,24.1050203],[115.2221868,24.1044868]]},"properties":{"key":"way:1187915347@detail:460_96","osmType":"way","osmId":1187915347,"sourceRegion":"guangdong","featureType":"infrastructure","railClass":"national","mode":"rail","name":"京九线","nameEn":"Jingjiu Line","ref":"0005","usage":"main","status":"operational","color":"#E54848","dataOrigin":"datum-2026-08-01","sourceKey":"way:1187915347"}},{"type":"Feature","geometry":{"type":"LineString","coordinates":[[115.2262804,24.1102583],[115.2259344,24.1099327]]},"properties":{"key":"way:1187933871@detail:460_96","osmType":"way","osmId":1187933871,"sourceRegion":"guangdong","featureType":"infrastructure","railClass":"minor","mode":"rail","name":"未命名","service":"yard","status":"operational","color":"#52636F","dataOrigin":"datum-2026-08-01","sourceKey":"way:1187933871"}},{"type":"Feature","geometry":{"type":"LineString","coordinates":[[115.2273104,24.1111679],[115.2275692,24.1113955],[115.2350029,24.1176716],[115.2355233,24.1181144],[115.2362367,24.1187105],[115.2367654,24.1191596],[115.237012,24.1193691]]},"properties":{"key":"way:1187933873@detail:460_96","osmType":"way","osmId":1187933873,"sourceRegion":"guangdong","featureType":"infrastructure","railClass":"minor","mode":"rail","name":"未命名","service":"siding","status":"operational","color":"#52636F","dataOrigin":"datum-2026-08-01","sourceKey":"way:1187933873"}},{"type":"Feature","geometry":{"type":"LineString","coordinates":[[115.2375099,24.119862],[115.237012,24.1193691]]},"properties":{"key":"way:1187933874@detail:460_96","osmType":"way","osmId":1187933874,"sourceRegion":"guangdong","featureType":"infrastructure","railClass":"minor","mode":"rail","name":"未命名","service":"siding","status":"operational","color":"#52636F","dataOrigin":"datum-2026-08-01","sourceKey":"way:1187933874"}},{"type":"Feature","geometry":{"type":"LineString","coordinates":[[115.2371125,24.119374],[115.2365403,24.1188374]]},"properties":{"key":"way:1187933875@detail:460_96","osmType":"way","osmId":1187933875,"sourceRegion":"guangdong","featureType":"infrastructure","railClass":"minor","mode":"rail","name":"未命名","service":"crossover","status":"operational","color":"#52636F","dataOrigin":"datum-2026-08-01","sourceKey":"way:1187933875"}},{"type":"Feature","geometry":{"type":"LineString","coordinates":[[115.2416288,24.1214862],[115.2412659,24.1214805],[115.2409016,24.1214501]]},"properties":{"key":"way:1187933876@detail:460_96","osmType":"way","osmId":1187933876,"sourceRegion":"guangdong","featureType":"infrastructure","railClass":"national","mode":"rail","name":"京九线","nameEn":"Jingjiu Line","ref":"0005","usage":"main","tunnel":"yes","status":"operational","color":"#E54848","dataOrigin":"datum-2026-08-01","sourceKey":"way:1187933876"}},{"type":"Feature","geometry":{"type":"LineString","coordinates":[[115.2471413,24.1217543],[115.2467644,24.1216518],[115.2463284,24.1215444],[115.2459276,24.1214854],[115.2455395,24.1214577],[115.2450445,24.1214465],[115.2416288,24.1214862]]},"properties":{"key":"way:1187933877@detail:460_96","osmType":"way","osmId":1187933877,"sourceRegion":"guangdong","featureType":"infrastructure","railClass":"national","mode":"rail","name":"京九线","nameEn":"Jingjiu Line","ref":"0005","usage":"main","status":"operational","color":"#E54848","dataOrigin":"datum-2026-08-01","sourceKey":"way:1187933877"}},{"type":"Feature","geometry":{"type":"LineString","coordinates":[[115.2359367,24.1183942],[115.2354321,24.1179051]]},"properties":{"key":"way:1187933878@detail:460_96","osmType":"way","osmId":1187933878,"sourceRegion":"guangdong","featureType":"infrastructure","railClass":"minor","mode":"rail","name":"未命名","service":"crossover","status":"operational","color":"#52636F","dataOrigin":"datum-2026-08-01","sourceKey":"way:1187933878"}},{"type":"Feature","geometry":{"type":"LineString","coordinates":[[115.2372898,24.119464],[115.2377723,24.1198415],[115.2381223,24.1200851],[115.2384442,24.1203042],[115.2387245,24.1204719],[115.2390021,24.1206016],[115.2392516,24.1206971],[115.2396619,24.1208048],[115.2399154,24.120855]]},"properties":{"key":"way:1187933879@detail:460_96","osmType":"way","osmId":1187933879,"sourceRegion":"guangdong","featureType":"infrastructure","railClass":"minor","mode":"rail","name":"未命名","service":"yard","status":"operational","color":"#52636F","dataOrigin":"datum-2026-08-01","sourceKey":"way:1187933879"}},{"type":"Feature","geometry":{"type":"LineString","coordinates":[[115.2357312,24.1180875],[115.2378581,24.1198807],[115.2381223,24.1200851]]},"properties":{"key":"way:1187933880@detail:460_96","osmType":"way","osmId":1187933880,"sourceRegion":"guangdong","featureType":"infrastructure","railClass":"minor","mode":"rail","name":"未命名","service":"yard","status":"operational","color":"#52636F","dataOrigin":"datum-2026-08-01","sourceKey":"way:1187933880"}},{"type":"Feature","geometry":{"type":"LineString","coordinates":[[115.2346489,24.117178],[115.2357312,24.1180875],[115.2364661,24.1187754]]},"properties":{"key":"way:1187933881@detail:460_96","osmType":"way","osmId":1187933881,"sourceRegion":"guangdong","featureType":"infrastructure","railClass":"minor","mode":"rail","name":"未命名","service":"siding","status":"operational","color":"#52636F","dataOrigin":"datum-2026-08-01","sourceKey":"way:1187933881"}},{"type":"Feature","geometry":{"type":"LineString","coordinates":[[115.2276847,24.1113839],[115.2284731,24.1119733],[115.2287386,24.1121973],[115.2346489,24.117178],[115.2352499,24.1177517]]},"properties":{"key":"way:1187933882@detail:460_96","osmType":"way","osmId":1187933882,"sourceRegion":"guangdong","featureType":"infrastructure","railClass":"minor","mode":"rail","name":"未命名","service":"siding","status":"operational","color":"#52636F","dataOrigin":"datum-2026-08-01","sourceKey":"way:1187933882"}},{"type":"Feature","geometry":{"type":"LineString","coordinates":[[115.2267739,24.1106623],[115.2262804,24.1102583],[115.2256882,24.1097876]]},"properties":{"key":"way:1187933883@detail:460_96","osmType":"way","osmId":1187933883,"sourceRegion":"guangdong","featureType":"infrastructure","railClass":"minor","mode":"rail","name":"未命名","service":"crossover","status":"operational","color":"#52636F","dataOrigin":"datum-2026-08-01","sourceKey":"way:1187933883"}},{"type":"Feature","geometry":{"type":"LineString","coordinates":[[115.2379456,24.1201622],[115.2373914,24.1196059]]},"properties":{"key":"way:1187933884@detail:460_96","osmType":"way","osmId":1187933884,"sourceRegion":"guangdong","featureType":"infrastructure","railClass":"minor","mode":"rail","name":"未命名","service":"yard","status":"operational","color":"#52636F","dataOrigin":"datum-2026-08-01","sourceKey":"way:1187933884"}},{"type":"Feature","geometry":{"type":"LineString","coordinates":[[115.2387617,24.1655418],[115.2387736,24.1666479]]},"properties":{"key":"way:1187939430@detail:460_96","osmType":"way","osmId":1187939430,"sourceRegion":"guangdong","featureType":"infrastructure","railClass":"national","mode":"rail","name":"未命名","bridge":"yes","status":"operational","color":"#E54848","dataOrigin":"datum-2026-08-01","sourceKey":"way:1187939430"}},{"type":"Feature","geometry":{"type":"LineString","coordinates":[[115.2388431,24.1666503],[115.2388372,24.1655442]]},"properties":{"key":"way:1187939431@detail:460_96","osmType":"way","osmId":1187939431,"sourceRegion":"guangdong","featureType":"infrastructure","railClass":"minor","mode":"rail","name":"未命名","service":"yard","bridge":"yes","status":"operational","color":"#52636F","dataOrigin":"datum-2026-08-01","sourceKey":"way:1187939431"}},{"type":"Feature","geometry":{"type":"LineString","coordinates":[[115.2388774,24.1730409],[115.2388431,24.1666503]]},"properties":{"key":"way:1187939432@detail:460_96","osmType":"way","osmId":1187939432,"sourceRegion":"guangdong","featureType":"infrastructure","railClass":"minor","mode":"rail","name":"未命名","service":"yard","status":"operational","color":"#52636F","dataOrigin":"datum-2026-08-01","sourceKey":"way:1187939432"}},{"type":"Feature","geometry":{"type":"LineString","coordinates":[[115.2387736,24.1666479],[115.2387781,24.1670713],[115.2387902,24.1700237],[115.2388278,24.1730727]]},"properties":{"key":"way:1187939433@detail:460_96","osmType":"way","osmId":1187939433,"sourceRegion":"guangdong","featureType":"infrastructure","railClass":"national","mode":"rail","name":"未命名","status":"operational","color":"#E54848","dataOrigin":"datum-2026-08-01","sourceKey":"way:1187939433"}},{"type":"Feature","geometry":{"type":"LineString","coordinates":[[115.2382793,24.1611819],[115.2383356,24.1608493],[115.2392006,24.1531647],[115.2392167,24.1529665],[115.2392349,24.1523606]]},"properties":{"key":"way:1187939434@detail:460_96","osmType":"way","osmId":1187939434,"sourceRegion":"guangdong","featureType":"infrastructure","railClass":"minor","mode":"rail","name":"未命名","service":"yard","status":"operational","color":"#52636F","dataOrigin":"datum-2026-08-01","sourceKey":"way:1187939434"}},{"type":"Feature","geometry":{"type":"LineString","coordinates":[[115.238758,24.1651625],[115.2387377,24.1648452],[115.2386481,24.1643207],[115.2386078,24.164142],[115.2385408,24.1639536],[115.2383691,24.1635669],[115.2382886,24.1633491],[115.238235,24.1631423],[115.2382082,24.1629796],[115.2381934,24.1628377],[115.2381827,24.1626566],[115.238176,24.1624596],[115.2381639,24.162024],[115.2381708,24.1618147]]},"properties":{"key":"way:1187939435@detail:460_96","osmType":"way","osmId":1187939435,"sourceRegion":"guangdong","featureType":"infrastructure","railClass":"minor","mode":"rail","name":"未命名","service":"yard","status":"operational","color":"#52636F","dataOrigin":"datum-2026-08-01","sourceKey":"way:1187939435"}},{"type":"Feature","geometry":{"type":"LineString","coordinates":[[115.2379613,24.1631489],[115.2381011,24.1624341]]},"properties":{"key":"way:1187939436@detail:460_96","osmType":"way","osmId":1187939436,"sourceRegion":"guangdong","featureType":"infrastructure","railClass":"minor","mode":"rail","name":"未命名","service":"yard","status":"operational","color":"#52636F","dataOrigin":"datum-2026-08-01","sourceKey":"way:1187939436"}},{"type":"Feature","geometry":{"type":"LineString","coordinates":[[115.2404223,24.1476911],[115.2417837,24.1463396],[115.2419391,24.1461723],[115.2420934,24.1459741],[115.2422167,24.1457955],[115.2424152,24.1454882],[115.2425307,24.1453128],[115.2427143,24.144978],[115.2429462,24.1445129]]},"properties":{"key":"way:1187939437@detail:460_96","osmType":"way","osmId":1187939437,"sourceRegion":"guangdong","featureType":"infrastructure","railClass":"national","mode":"rail","name":"未命名","status":"operational","color":"#E54848","dataOrigin":"datum-2026-08-01","sourceKey":"way:1187939437"}},{"type":"Feature","geometry":{"type":"LineString","coordinates":[[115.240079,24.1480093],[115.2404223,24.1476911]]},"properties":{"key":"way:1187939438@detail:460_96","osmType":"way","osmId":1187939438,"sourceRegion":"guangdong","featureType":"infrastructure","railClass":"national","mode":"rail","name":"未命名","tunnel":"yes","status":"operational","color":"#E54848","dataOrigin":"datum-2026-08-01","sourceKey":"way:1187939438"}},{"type":"Feature","geometry":{"type":"LineString","coordinates":[[115.2396405,24.1503636],[115.239729,24.1501629],[115.2398121,24.1499549],[115.2398577,24.1498154],[115.2399248,24.1495756],[115.2399784,24.1493137]]},"properties":{"key":"way:1187939439@detail:460_96","osmType":"way","osmId":1187939439,"sourceRegion":"guangdong","featureType":"infrastructure","railClass":"minor","mode":"rail","name":"未命名","service":"yard","status":"operational","color":"#52636F","dataOrigin":"datum-2026-08-01","sourceKey":"way:1187939439"}},{"type":"Feature","geometry":{"type":"LineString","coordinates":[[115.2399932,24.1492292],[115.2400924,24.1484399],[115.2401394,24.1481829],[115.2402854,24.1474708]]},"properties":{"key":"way:1187939440@detail:460_96","osmType":"way","osmId":1187939440,"sourceRegion":"guangdong","featureType":"infrastructure","railClass":"minor","mode":"rail","name":"未命名","service":"yard","status":"operational","color":"#52636F","dataOrigin":"datum-2026-08-01","sourceKey":"way:1187939440"}},{"type":"Feature","geometry":{"type":"LineString","coordinates":[[115.2403581,24.1474079],[115.2404002,24.1470459],[115.2404452,24.1466584]]},"properties":{"key":"way:1187939441@detail:460_96","osmType":"way","osmId":1187939441,"sourceRegion":"guangdong","featureType":"infrastructure","railClass":"minor","mode":"rail","name":"未命名","service":"crossover","status":"operational","color":"#52636F","dataOrigin":"datum-2026-08-01","sourceKey":"way:1187939441"}},{"type":"Feature","geometry":{"type":"LineString","coordinates":[[115.2405162,24.1466399],[115.2404002,24.1470459],[115.2403007,24.1473939]]},"properties":{"key":"way:1187939442@detail:460_96","osmType":"way","osmId":1187939442,"sourceRegion":"guangdong","featureType":"infrastructure","railClass":"minor","mode":"rail","name":"未命名","service":"crossover","status":"operational","color":"#52636F","dataOrigin":"datum-2026-08-01","sourceKey":"way:1187939442"}},{"type":"Feature","geometry":{"type":"LineString","coordinates":[[115.2391463,24.1526437],[115.2391699,24.1520128]]},"properties":{"key":"way:1187939443@detail:460_96","osmType":"way","osmId":1187939443,"sourceRegion":"guangdong","featureType":"infrastructure","railClass":"minor","mode":"rail","name":"未命名","service":"yard","status":"operational","color":"#52636F","dataOrigin":"datum-2026-08-01","sourceKey":"way:1187939443"}},{"type":"Feature","geometry":{"type":"LineString","coordinates":[[115.2392208,24.1520085],[115.2391335,24.1524329],[115.2391,24.1526434],[115.2382081,24.1606132],[115.2381947,24.1608678],[115.2381775,24.1613519]]},"properties":{"key":"way:1187939444@detail:460_96","osmType":"way","osmId":1187939444,"sourceRegion":"guangdong","featureType":"infrastructure","railClass":"national","mode":"rail","name":"未命名","status":"operational","color":"#E54848","dataOrigin":"datum-2026-08-01","sourceKey":"way:1187939444"}},{"type":"Feature","geometry":{"type":"LineString","coordinates":[[115.2379964,24.1674355],[115.237948,24.166785],[115.2379051,24.166227],[115.2378756,24.1656369]]},"properties":{"key":"way:1187939445@detail:460_96","osmType":"way","osmId":1187939445,"sourceRegion":"guangdong","featureType":"infrastructure","railClass":"national","mode":"rail","name":"京九线","nameEn":"Jingjiu Line","ref":"0005","usage":"main","bridge":"yes","status":"operational","color":"#E54848","dataOrigin":"datum-2026-08-01","sourceKey":"way:1187939445"}},{"type":"Feature","geometry":{"type":"LineString","coordinates":[[115.2411371,24.1431999],[115.2419526,24.1390805]]},"properties":{"key":"way:1187939451@detail:460_96","osmType":"way","osmId":1187939451,"sourceRegion":"guangdong","featureType":"infrastructure","railClass":"minor","mode":"rail","name":"未命名","service":"yard","status":"operational","color":"#52636F","dataOrigin":"datum-2026-08-01","sourceKey":"way:1187939451"}},{"type":"Feature","geometry":{"type":"LineString","coordinates":[[115.2411962,24.1431999],[115.2410004,24.1441588]]},"properties":{"key":"way:1187939452@detail:460_96","osmType":"way","osmId":1187939452,"sourceRegion":"guangdong","featureType":"infrastructure","railClass":"minor","mode":"rail","name":"未命名","service":"yard","bridge":"yes","status":"operational","color":"#52636F","dataOrigin":"datum-2026-08-01","sourceKey":"way:1187939452"}},{"type":"Feature","geometry":{"type":"LineString","coordinates":[[115.2420142,24.1390952],[115.2411962,24.1431999]]},"properties":{"key":"way:1187939453@detail:460_96","osmType":"way","osmId":1187939453,"sourceRegion":"guangdong","featureType":"infrastructure","railClass":"minor","mode":"rail","name":"未命名","service":"yard","status":"operational","color":"#52636F","dataOrigin":"datum-2026-08-01","sourceKey":"way:1187939453"}},{"type":"Feature","geometry":{"type":"LineString","coordinates":[[115.2398953,24.1507124],[115.2398765,24.1503012]]},"properties":{"key":"way:1187939454@detail:460_96","osmType":"way","osmId":1187939454,"sourceRegion":"guangdong","featureType":"infrastructure","railClass":"minor","mode":"rail","name":"未命名","service":"yard","status":"operational","color":"#52636F","dataOrigin":"datum-2026-08-01","sourceKey":"way:1187939454"}},{"type":"Feature","geometry":{"type":"LineString","coordinates":[[115.2399597,24.1501862],[115.2398363,24.1506989]]},"properties":{"key":"way:1187939455@detail:460_96","osmType":"way","osmId":1187939455,"sourceRegion":"guangdong","featureType":"infrastructure","railClass":"minor","mode":"rail","name":"未命名","service":"yard","status":"operational","color":"#52636F","dataOrigin":"datum-2026-08-01","sourceKey":"way:1187939455"}},{"type":"Feature","geometry":{"type":"LineString","coordinates":[[115.2401098,24.1540679],[115.2401501,24.1538347],[115.2402253,24.1535167],[115.2403232,24.1531129],[115.2404109,24.1527364],[115.240432,24.1526264]]},"properties":{"key":"way:1187939456@detail:460_96","osmType":"way","osmId":1187939456,"sourceRegion":"guangdong","featureType":"infrastructure","railClass":"minor","mode":"rail","name":"未命名","service":"yard","status":"operational","color":"#52636F","dataOrigin":"datum-2026-08-01","sourceKey":"way:1187939456"}},{"type":"Feature","geometry":{"type":"LineString","coordinates":[[115.2393159,24.1620962],[115.2393521,24.1618918],[115.2394152,24.1616287],[115.2394393,24.1614623],[115.2403443,24.1533503]]},"properties":{"key":"way:1187939457@detail:460_96","osmType":"way","osmId":1187939457,"sourceRegion":"guangdong","featureType":"infrastructure","railClass":"minor","mode":"rail","name":"未命名","service":"yard","status":"operational","color":"#52636F","dataOrigin":"datum-2026-08-01","sourceKey":"way:1187939457"}},{"type":"Feature","geometry":{"type":"LineString","coordinates":[[115.1647866,24.0648831],[115.1631573,24.0624159],[115.1605152,24.0587008]]},"properties":{"key":"way:1265108134@detail:460_96","osmType":"way","osmId":1265108134,"sourceRegion":"guangdong","featureType":"infrastructure","railClass":"highspeed","mode":"rail","name":"京港高速线","nameEn":"Jinggang High-Speed Line","ref":"3003","usage":"main","highspeed":"yes","bridge":"yes","status":"operational","color":"#E54848","dataOrigin":"datum-2026-08-01","sourceKey":"way:1265108134"}},{"type":"Feature","geometry":{"type":"LineString","coordinates":[[115.1736719,24.078124],[115.1764695,24.0822466]]},"properties":{"key":"way:1265108135@detail:460_96","osmType":"way","osmId":1265108135,"sourceRegion":"guangdong","featureType":"infrastructure","railClass":"highspeed","mode":"rail","name":"京港高速线","nameEn":"Jinggang High-Speed Line","ref":"3003","usage":"main","highspeed":"yes","bridge":"yes","status":"operational","color":"#E54848","dataOrigin":"datum-2026-08-01","sourceKey":"way:1265108135"}},{"type":"Feature","geometry":{"type":"LineString","coordinates":[[115.1713894,24.0747603],[115.1707796,24.0737181]]},"properties":{"key":"way:1265108136@detail:460_96","osmType":"way","osmId":1265108136,"sourceRegion":"guangdong","featureType":"infrastructure","railClass":"minor","mode":"rail","name":"未命名","service":"crossover","status":"operational","color":"#52636F","dataOrigin":"datum-2026-08-01","sourceKey":"way:1265108136"}},{"type":"Feature","geometry":{"type":"LineString","coordinates":[[115.1705325,24.0733538],[115.1697018,24.0722732]]},"properties":{"key":"way:1265108137@detail:460_96","osmType":"way","osmId":1265108137,"sourceRegion":"guangdong","featureType":"infrastructure","railClass":"minor","mode":"rail","name":"未命名","service":"crossover","status":"operational","color":"#52636F","dataOrigin":"datum-2026-08-01","sourceKey":"way:1265108137"}},{"type":"Feature","geometry":{"type":"LineString","coordinates":[[115.1674313,24.068782],[115.1655296,24.0659784],[115.1647866,24.0648831]]},"properties":{"key":"way:1265108138@detail:460_96","osmType":"way","osmId":1265108138,"sourceRegion":"guangdong","featureType":"infrastructure","railClass":"highspeed","mode":"rail","name":"京港高速线","nameEn":"Jinggang High-Speed Line","ref":"3003","usage":"main","highspeed":"yes","status":"operational","color":"#E54848","dataOrigin":"datum-2026-08-01","sourceKey":"way:1265108138"}},{"type":"Feature","geometry":{"type":"LineString","coordinates":[[115.1647147,24.0649235],[115.1654591,24.0660206],[115.1673583,24.0688196]]},"properties":{"key":"way:1265108139@detail:460_96","osmType":"way","osmId":1265108139,"sourceRegion":"guangdong","featureType":"infrastructure","railClass":"highspeed","mode":"rail","name":"京港高速线","nameEn":"Jinggang High-Speed Line","ref":"3003","usage":"main","highspeed":"yes","status":"operational","color":"#E54848","dataOrigin":"datum-2026-08-01","sourceKey":"way:1265108139"}},{"type":"Feature","geometry":{"type":"LineString","coordinates":[[115.1696308,24.0720244],[115.1683097,24.0700769],[115.1674313,24.068782]]},"properties":{"key":"way:1265108140@detail:460_96","osmType":"way","osmId":1265108140,"sourceRegion":"guangdong","featureType":"infrastructure","railClass":"highspeed","mode":"rail","name":"京港高速线","nameEn":"Jinggang High-Speed Line","ref":"3003","usage":"main","highspeed":"yes","bridge":"yes","status":"operational","color":"#E54848","dataOrigin":"datum-2026-08-01","sourceKey":"way:1265108140"}},{"type":"Feature","geometry":{"type":"LineString","coordinates":[[115.1673583,24.0688196],[115.1682381,24.0701162],[115.1695597,24.0720639]]},"properties":{"key":"way:1265108141@detail:460_96","osmType":"way","osmId":1265108141,"sourceRegion":"guangdong","featureType":"infrastructure","railClass":"highspeed","mode":"rail","name":"京港高速线","nameEn":"Jinggang High-Speed Line","ref":"3003","usage":"main","highspeed":"yes","bridge":"yes","status":"operational","color":"#E54848","dataOrigin":"datum-2026-08-01","sourceKey":"way:1265108141"}},{"type":"Feature","geometry":{"type":"LineString","coordinates":[[115.1646532,24.0649555],[115.1671534,24.0686464],[115.1672945,24.0688547]]},"properties":{"key":"way:1265108142@detail:460_96","osmType":"way","osmId":1265108142,"sourceRegion":"guangdong","featureType":"infrastructure","railClass":"highspeed","mode":"rail","name":"龙龙高速线","usage":"main","highspeed":"yes","status":"operational","color":"#E54848","dataOrigin":"datum-2026-08-01","sourceKey":"way:1265108142"}},{"type":"Feature","geometry":{"type":"LineString","coordinates":[[115.1672945,24.0688547],[115.1674422,24.0690728],[115.1694921,24.0720988]]},"properties":{"key":"way:1265108143@detail:460_96","osmType":"way","osmId":1265108143,"sourceRegion":"guangdong","featureType":"infrastructure","railClass":"highspeed","mode":"rail","name":"龙龙高速线","usage":"main","highspeed":"yes","bridge":"yes","status":"operational","color":"#E54848","dataOrigin":"datum-2026-08-01","sourceKey":"way:1265108143"}},{"type":"Feature","geometry":{"type":"LineString","coordinates":[[115.1654591,24.0660206],[115.1671534,24.0686464]]},"properties":{"key":"way:1265108144@detail:460_96","osmType":"way","osmId":1265108144,"sourceRegion":"guangdong","featureType":"infrastructure","railClass":"minor","mode":"rail","name":"未命名","service":"crossover","status":"operational","color":"#52636F","dataOrigin":"datum-2026-08-01","sourceKey":"way:1265108144"}},{"type":"Feature","geometry":{"type":"LineString","coordinates":[[115.1674942,24.0687454],[115.1673516,24.0685347],[115.1648527,24.0648427]]},"properties":{"key":"way:1265108145@detail:460_96","osmType":"way","osmId":1265108145,"sourceRegion":"guangdong","featureType":"infrastructure","railClass":"highspeed","mode":"rail","name":"龙龙高速线","usage":"main","highspeed":"yes","status":"operational","color":"#E54848","dataOrigin":"datum-2026-08-01","sourceKey":"way:1265108145"}},{"type":"Feature","geometry":{"type":"LineString","coordinates":[[115.1673516,24.0685347],[115.1655296,24.0659784]]},"properties":{"key":"way:1265108148@detail:460_96","osmType":"way","osmId":1265108148,"sourceRegion":"guangdong","featureType":"infrastructure","railClass":"minor","mode":"rail","name":"未命名","service":"crossover","status":"operational","color":"#52636F","dataOrigin":"datum-2026-08-01","sourceKey":"way:1265108148"}},{"type":"Feature","geometry":{"type":"LineString","coordinates":[[115.1696928,24.0719936],[115.167641,24.0689622],[115.1674942,24.0687454]]},"properties":{"key":"way:1265108149@detail:460_96","osmType":"way","osmId":1265108149,"sourceRegion":"guangdong","featureType":"infrastructure","railClass":"highspeed","mode":"rail","name":"龙龙高速线","usage":"main","highspeed":"yes","bridge":"yes","status":"operational","color":"#E54848","dataOrigin":"datum-2026-08-01","sourceKey":"way:1265108149"}},{"type":"Feature","geometry":{"type":"LineString","coordinates":[[115.1674422,24.0690728],[115.1682381,24.0701162]]},"properties":{"key":"way:1265108150@detail:460_96","osmType":"way","osmId":1265108150,"sourceRegion":"guangdong","featureType":"infrastructure","railClass":"minor","mode":"rail","name":"未命名","service":"crossover","bridge":"yes","status":"operational","color":"#52636F","dataOrigin":"datum-2026-08-01","sourceKey":"way:1265108150"}},{"type":"Feature","geometry":{"type":"LineString","coordinates":[[115.1683097,24.0700769],[115.167641,24.0689622]]},"properties":{"key":"way:1265108151@detail:460_96","osmType":"way","osmId":1265108151,"sourceRegion":"guangdong","featureType":"infrastructure","railClass":"minor","mode":"rail","name":"未命名","service":"crossover","bridge":"yes","status":"operational","color":"#52636F","dataOrigin":"datum-2026-08-01","sourceKey":"way:1265108151"}},{"type":"Feature","geometry":{"type":"LineString","coordinates":[[115.1734999,24.0782332],[115.1735869,24.0783857],[115.1739226,24.0789101],[115.1759095,24.081841],[115.1762665,24.0823099],[115.1763066,24.0823601]]},"properties":{"key":"way:1265108152@detail:460_96","osmType":"way","osmId":1265108152,"sourceRegion":"guangdong","featureType":"infrastructure","railClass":"minor","mode":"rail","name":"未命名","service":"yard","bridge":"yes","status":"operational","color":"#52636F","dataOrigin":"datum-2026-08-01","sourceKey":"way:1265108152"}},{"type":"Feature","geometry":{"type":"LineString","coordinates":[[115.1735918,24.0781727],[115.1763836,24.0822945]]},"properties":{"key":"way:1265108153@detail:460_96","osmType":"way","osmId":1265108153,"sourceRegion":"guangdong","featureType":"infrastructure","railClass":"minor","mode":"rail","name":"未命名","service":"yard","bridge":"yes","status":"operational","color":"#52636F","dataOrigin":"datum-2026-08-01","sourceKey":"way:1265108153"}},{"type":"Feature","geometry":{"type":"LineString","coordinates":[[115.1766924,24.0821019],[115.1763858,24.0816061],[115.1744048,24.0786416],[115.1740229,24.07812],[115.1739162,24.0779844]]},"properties":{"key":"way:1265108155@detail:460_96","osmType":"way","osmId":1265108155,"sourceRegion":"guangdong","featureType":"infrastructure","railClass":"minor","mode":"rail","name":"未命名","service":"yard","bridge":"yes","status":"operational","color":"#52636F","dataOrigin":"datum-2026-08-01","sourceKey":"way:1265108155"}},{"type":"Feature","geometry":{"type":"LineString","coordinates":[[115.176619,24.0821624],[115.1738315,24.0780331]]},"properties":{"key":"way:1265108156@detail:460_96","osmType":"way","osmId":1265108156,"sourceRegion":"guangdong","featureType":"infrastructure","railClass":"minor","mode":"rail","name":"未命名","service":"yard","bridge":"yes","status":"operational","color":"#52636F","dataOrigin":"datum-2026-08-01","sourceKey":"way:1265108156"}},{"type":"Feature","geometry":{"type":"LineString","coordinates":[[115.1878596,24.0988943],[115.1875405,24.098424]]},"properties":{"key":"way:1265108158@detail:460_96","osmType":"way","osmId":1265108158,"sourceRegion":"guangdong","featureType":"infrastructure","railClass":"highspeed","mode":"rail","name":"京港高速线","nameEn":"Jinggang High-Speed Line","ref":"3003","usage":"main","highspeed":"yes","status":"operational","color":"#E54848","dataOrigin":"datum-2026-08-01","sourceKey":"way:1265108158"}},{"type":"Feature","geometry":{"type":"LineString","coordinates":[[115.1874731,24.0984605],[115.1877924,24.098931]]},"properties":{"key":"way:1265108159@detail:460_96","osmType":"way","osmId":1265108159,"sourceRegion":"guangdong","featureType":"infrastructure","railClass":"highspeed","mode":"rail","name":"京港高速线","nameEn":"Jinggang High-Speed Line","ref":"3003","usage":"main","highspeed":"yes","status":"operational","color":"#E54848","dataOrigin":"datum-2026-08-01","sourceKey":"way:1265108159"}},{"type":"Feature","geometry":{"type":"LineString","coordinates":[[115.1875405,24.098424],[115.1864317,24.0967897]]},"properties":{"key":"way:1265108160@detail:460_96","osmType":"way","osmId":1265108160,"sourceRegion":"guangdong","featureType":"infrastructure","railClass":"highspeed","mode":"rail","name":"京港高速线","nameEn":"Jinggang High-Speed Line","ref":"3003","usage":"main","highspeed":"yes","bridge":"yes","status":"operational","color":"#E54848","dataOrigin":"datum-2026-08-01","sourceKey":"way:1265108160"}},{"type":"Feature","geometry":{"type":"LineString","coordinates":[[115.1863641,24.0968265],[115.1874731,24.0984605]]},"properties":{"key":"way:1265108161@detail:460_96","osmType":"way","osmId":1265108161,"sourceRegion":"guangdong","featureType":"infrastructure","railClass":"highspeed","mode":"rail","name":"京港高速线","nameEn":"Jinggang High-Speed Line","ref":"3003","usage":"main","highspeed":"yes","bridge":"yes","status":"operational","color":"#E54848","dataOrigin":"datum-2026-08-01","sourceKey":"way:1265108161"}},{"type":"Feature","geometry":{"type":"LineString","coordinates":[[115.1864317,24.0967897],[115.1858992,24.0960049]]},"properties":{"key":"way:1265108162@detail:460_96","osmType":"way","osmId":1265108162,"sourceRegion":"guangdong","featureType":"infrastructure","railClass":"highspeed","mode":"rail","name":"京港高速线","nameEn":"Jinggang High-Speed Line","ref":"3003","usage":"main","highspeed":"yes","status":"operational","color":"#E54848","dataOrigin":"datum-2026-08-01","sourceKey":"way:1265108162"}},{"type":"Feature","geometry":{"type":"LineString","coordinates":[[115.1858301,24.0960397],[115.1863641,24.0968265]]},"properties":{"key":"way:1265108163@detail:460_96","osmType":"way","osmId":1265108163,"sourceRegion":"guangdong","featureType":"infrastructure","railClass":"highspeed","mode":"rail","name":"京港高速线","nameEn":"Jinggang High-Speed Line","ref":"3003","usage":"main","highspeed":"yes","status":"operational","color":"#E54848","dataOrigin":"datum-2026-08-01","sourceKey":"way:1265108163"}},{"type":"Feature","geometry":{"type":"LineString","coordinates":[[115.1817528,24.0900318],[115.1826604,24.0913692],[115.1829927,24.0918589],[115.1841603,24.0935793],[115.1858301,24.0960397]]},"properties":{"key":"way:1265108164@detail:460_96","osmType":"way","osmId":1265108164,"sourceRegion":"guangdong","featureType":"infrastructure","railClass":"highspeed","mode":"rail","name":"京港高速线","nameEn":"Jinggang High-Speed Line","ref":"3003","usage":"main","highspeed":"yes","bridge":"yes","status":"operational","color":"#E54848","dataOrigin":"datum-2026-08-01","sourceKey":"way:1265108164"}},{"type":"Feature","geometry":{"type":"LineString","coordinates":[[115.1858992,24.0960049],[115.1850009,24.0946809],[115.1830602,24.0918204],[115.1827284,24.0913313],[115.1818216,24.0899947]]},"properties":{"key":"way:1265108165@detail:460_96","osmType":"way","osmId":1265108165,"sourceRegion":"guangdong","featureType":"infrastructure","railClass":"highspeed","mode":"rail","name":"京港高速线","nameEn":"Jinggang High-Speed Line","ref":"3003","usage":"main","highspeed":"yes","bridge":"yes","status":"operational","color":"#E54848","dataOrigin":"datum-2026-08-01","sourceKey":"way:1265108165"}},{"type":"Feature","geometry":{"type":"LineString","coordinates":[[115.1818216,24.0899947],[115.179979,24.0872788],[115.1797239,24.0869027]]},"properties":{"key":"way:1265108166@detail:460_96","osmType":"way","osmId":1265108166,"sourceRegion":"guangdong","featureType":"infrastructure","railClass":"highspeed","mode":"rail","name":"京港高速线","nameEn":"Jinggang High-Speed Line","ref":"3003","usage":"main","highspeed":"yes","status":"operational","color":"#E54848","dataOrigin":"datum-2026-08-01","sourceKey":"way:1265108166"}},{"type":"Feature","geometry":{"type":"LineString","coordinates":[[115.1796532,24.086938],[115.1807202,24.0885102],[115.1817528,24.0900318]]},"properties":{"key":"way:1265108167@detail:460_96","osmType":"way","osmId":1265108167,"sourceRegion":"guangdong","featureType":"infrastructure","railClass":"highspeed","mode":"rail","name":"京港高速线","nameEn":"Jinggang High-Speed Line","ref":"3003","usage":"main","highspeed":"yes","status":"operational","color":"#E54848","dataOrigin":"datum-2026-08-01","sourceKey":"way:1265108167"}},{"type":"Feature","geometry":{"type":"LineString","coordinates":[[115.1797239,24.0869027],[115.1789241,24.0857238]]},"properties":{"key":"way:1265108168@detail:460_96","osmType":"way","osmId":1265108168,"sourceRegion":"guangdong","featureType":"infrastructure","railClass":"highspeed","mode":"rail","name":"京港高速线","nameEn":"Jinggang High-Speed Line","ref":"3003","usage":"main","highspeed":"yes","bridge":"yes","status":"operational","color":"#E54848","dataOrigin":"datum-2026-08-01","sourceKey":"way:1265108168"}},{"type":"Feature","geometry":{"type":"LineString","coordinates":[[115.1788563,24.0857637],[115.1796532,24.086938]]},"properties":{"key":"way:1265108169@detail:460_96","osmType":"way","osmId":1265108169,"sourceRegion":"guangdong","featureType":"infrastructure","railClass":"highspeed","mode":"rail","name":"京港高速线","nameEn":"Jinggang High-Speed Line","ref":"3003","usage":"main","highspeed":"yes","bridge":"yes","status":"operational","color":"#E54848","dataOrigin":"datum-2026-08-01","sourceKey":"way:1265108169"}},{"type":"Feature","geometry":{"type":"LineString","coordinates":[[115.1807202,24.0885102],[115.179979,24.0872788]]},"properties":{"key":"way:1265108170@detail:460_96","osmType":"way","osmId":1265108170,"sourceRegion":"guangdong","featureType":"infrastructure","railClass":"minor","mode":"rail","name":"未命名","service":"crossover","status":"operational","color":"#52636F","dataOrigin":"datum-2026-08-01","sourceKey":"way:1265108170"}},{"type":"Feature","geometry":{"type":"LineString","coordinates":[[115.1816836,24.0900711],[115.1817753,24.0902062],[115.183746,24.0931069],[115.1857583,24.0960687]]},"properties":{"key":"way:1265108171@detail:460_96","osmType":"way","osmId":1265108171,"sourceRegion":"guangdong","featureType":"infrastructure","railClass":"highspeed","mode":"rail","name":"龙龙高速线","usage":"main","highspeed":"yes","bridge":"yes","status":"operational","color":"#E54848","dataOrigin":"datum-2026-08-01","sourceKey":"way:1265108171"}},{"type":"Feature","geometry":{"type":"LineString","coordinates":[[115.1859666,24.0959647],[115.183952,24.0929935],[115.1819812,24.0900868],[115.1818914,24.0899544]]},"properties":{"key":"way:1265108172@detail:460_96","osmType":"way","osmId":1265108172,"sourceRegion":"guangdong","featureType":"infrastructure","railClass":"highspeed","mode":"rail","name":"龙龙高速线","usage":"main","highspeed":"yes","bridge":"yes","status":"operational","color":"#E54848","dataOrigin":"datum-2026-08-01","sourceKey":"way:1265108172"}},{"type":"Feature","geometry":{"type":"LineString","coordinates":[[115.1818914,24.0899544],[115.1804724,24.0878616],[115.180157,24.0873674],[115.1798298,24.0868341]]},"properties":{"key":"way:1265108173@detail:460_96","osmType":"way","osmId":1265108173,"sourceRegion":"guangdong","featureType":"infrastructure","railClass":"highspeed","mode":"rail","name":"龙龙高速线","usage":"main","highspeed":"yes","status":"operational","color":"#E54848","dataOrigin":"datum-2026-08-01","sourceKey":"way:1265108173"}},{"type":"Feature","geometry":{"type":"LineString","coordinates":[[115.1795486,24.0869951],[115.1799142,24.0874852],[115.1802558,24.0879695],[115.1816836,24.0900711]]},"properties":{"key":"way:1265108174@detail:460_96","osmType":"way","osmId":1265108174,"sourceRegion":"guangdong","featureType":"infrastructure","railClass":"highspeed","mode":"rail","name":"龙龙高速线","usage":"main","highspeed":"yes","status":"operational","color":"#E54848","dataOrigin":"datum-2026-08-01","sourceKey":"way:1265108174"}},{"type":"Feature","geometry":{"type":"LineString","coordinates":[[115.1817753,24.0902062],[115.1826604,24.0913692]]},"properties":{"key":"way:1265108175@detail:460_96","osmType":"way","osmId":1265108175,"sourceRegion":"guangdong","featureType":"infrastructure","railClass":"minor","mode":"rail","name":"未命名","service":"crossover","bridge":"yes","status":"operational","color":"#52636F","dataOrigin":"datum-2026-08-01","sourceKey":"way:1265108175"}},{"type":"Feature","geometry":{"type":"LineString","coordinates":[[115.1827284,24.0913313],[115.1819812,24.0900868]]},"properties":{"key":"way:1265108176@detail:460_96","osmType":"way","osmId":1265108176,"sourceRegion":"guangdong","featureType":"infrastructure","railClass":"minor","mode":"rail","name":"未命名","service":"crossover","bridge":"yes","status":"operational","color":"#52636F","dataOrigin":"datum-2026-08-01","sourceKey":"way:1265108176"}},{"type":"Feature","geometry":{"type":"LineString","coordinates":[[115.1829927,24.0918589],[115.183746,24.0931069]]},"properties":{"key":"way:1265108177@detail:460_96","osmType":"way","osmId":1265108177,"sourceRegion":"guangdong","featureType":"infrastructure","railClass":"minor","mode":"rail","name":"未命名","service":"crossover","bridge":"yes","status":"operational","color":"#52636F","dataOrigin":"datum-2026-08-01","sourceKey":"way:1265108177"}},{"type":"Feature","geometry":{"type":"LineString","coordinates":[[115.183952,24.0929935],[115.1830602,24.0918204]]},"properties":{"key":"way:1265108178@detail:460_96","osmType":"way","osmId":1265108178,"sourceRegion":"guangdong","featureType":"infrastructure","railClass":"minor","mode":"rail","name":"未命名","service":"crossover","bridge":"yes","status":"operational","color":"#52636F","dataOrigin":"datum-2026-08-01","sourceKey":"way:1265108178"}},{"type":"Feature","geometry":{"type":"LineString","coordinates":[[115.1786752,24.0858892],[115.1795486,24.0869951]]},"properties":{"key":"way:1265108179@detail:460_96","osmType":"way","osmId":1265108179,"sourceRegion":"guangdong","featureType":"infrastructure","railClass":"highspeed","mode":"rail","name":"龙龙高速线","usage":"main","highspeed":"yes","bridge":"yes","status":"operational","color":"#E54848","dataOrigin":"datum-2026-08-01","sourceKey":"way:1265108179"}},{"type":"Feature","geometry":{"type":"LineString","coordinates":[[115.1798298,24.0868341],[115.1791323,24.0856423]]},"properties":{"key":"way:1265108180@detail:460_96","osmType":"way","osmId":1265108180,"sourceRegion":"guangdong","featureType":"infrastructure","railClass":"highspeed","mode":"rail","name":"龙龙高速线","usage":"main","highspeed":"yes","bridge":"yes","status":"operational","color":"#E54848","dataOrigin":"datum-2026-08-01","sourceKey":"way:1265108180"}},{"type":"Feature","geometry":{"type":"LineString","coordinates":[[115.1732096,24.0784039],[115.1760119,24.082539]]},"properties":{"key":"way:1265108181@detail:460_96","osmType":"way","osmId":1265108181,"sourceRegion":"guangdong","featureType":"infrastructure","railClass":"highspeed","mode":"rail","name":"龙龙高速线","usage":"main","highspeed":"yes","bridge":"yes","status":"operational","color":"#E54848","dataOrigin":"datum-2026-08-01","sourceKey":"way:1265108181"}},{"type":"Feature","geometry":{"type":"LineString","coordinates":[[115.1733908,24.0783068],[115.1734541,24.0783932],[115.1738586,24.0789618],[115.1758353,24.0818757],[115.1761871,24.0824207]]},"properties":{"key":"way:1265108182@detail:460_96","osmType":"way","osmId":1265108182,"sourceRegion":"guangdong","featureType":"infrastructure","railClass":"minor","mode":"rail","name":"未命名","service":"yard","bridge":"yes","status":"operational","color":"#52636F","dataOrigin":"datum-2026-08-01","sourceKey":"way:1265108182"}},{"type":"Feature","geometry":{"type":"LineString","coordinates":[[115.1732809,24.078374],[115.1733305,24.0784537],[115.1737128,24.0790388],[115.1757005,24.0819453],[115.1760851,24.0824872]]},"properties":{"key":"way:1265108183@detail:460_96","osmType":"way","osmId":1265108183,"sourceRegion":"guangdong","featureType":"infrastructure","railClass":"minor","mode":"rail","name":"未命名","service":"yard","bridge":"yes","status":"operational","color":"#52636F","dataOrigin":"datum-2026-08-01","sourceKey":"way:1265108183"}},{"type":"Feature","geometry":{"type":"LineString","coordinates":[[115.1767774,24.0820336],[115.1764595,24.081573],[115.1744804,24.0786037],[115.1741196,24.0780604],[115.1740267,24.0779166]]},"properties":{"key":"way:1265108187@detail:460_96","osmType":"way","osmId":1265108187,"sourceRegion":"guangdong","featureType":"infrastructure","railClass":"minor","mode":"rail","name":"未命名","service":"yard","bridge":"yes","status":"operational","color":"#52636F","dataOrigin":"datum-2026-08-01","sourceKey":"way:1265108187"}},{"type":"Feature","geometry":{"type":"LineString","coordinates":[[115.1768639,24.0819756],[115.1765612,24.0815018],[115.1745891,24.0785401],[115.1742199,24.0780088],[115.1741154,24.0778667]]},"properties":{"key":"way:1265108189@detail:460_96","osmType":"way","osmId":1265108189,"sourceRegion":"guangdong","featureType":"infrastructure","railClass":"minor","mode":"rail","name":"未命名","service":"yard","bridge":"yes","status":"operational","color":"#52636F","dataOrigin":"datum-2026-08-01","sourceKey":"way:1265108189"}},{"type":"Feature","geometry":{"type":"LineString","coordinates":[[115.1769322,24.081929],[115.1741981,24.0778054]]},"properties":{"key":"way:1265108190@detail:460_96","osmType":"way","osmId":1265108190,"sourceRegion":"guangdong","featureType":"infrastructure","railClass":"highspeed","mode":"rail","name":"龙龙高速线","usage":"main","highspeed":"yes","bridge":"yes","status":"operational","color":"#E54848","dataOrigin":"datum-2026-08-01","sourceKey":"way:1265108190"}},{"type":"Feature","geometry":{"type":"LineString","coordinates":[[115.1841603,24.0935793],[115.1850009,24.0946809]]},"properties":{"key":"way:1265108191@detail:460_96","osmType":"way","osmId":1265108191,"sourceRegion":"guangdong","featureType":"infrastructure","railClass":"minor","mode":"rail","name":"未命名","service":"crossover","bridge":"yes","status":"operational","color":"#52636F","dataOrigin":"datum-2026-08-01","sourceKey":"way:1265108191"}},{"type":"Feature","geometry":{"type":"LineString","coordinates":[[115.1857583,24.0960687],[115.1862221,24.0968111]]},"properties":{"key":"way:1265108193@detail:460_96","osmType":"way","osmId":1265108193,"sourceRegion":"guangdong","featureType":"infrastructure","railClass":"highspeed","mode":"rail","name":"龙龙高速线","usage":"main","highspeed":"yes","status":"operational","color":"#E54848","dataOrigin":"datum-2026-08-01","sourceKey":"way:1265108193"}},{"type":"Feature","geometry":{"type":"LineString","coordinates":[[115.1864849,24.0966787],[115.1859666,24.0959647]]},"properties":{"key":"way:1265108194@detail:460_96","osmType":"way","osmId":1265108194,"sourceRegion":"guangdong","featureType":"infrastructure","railClass":"highspeed","mode":"rail","name":"龙龙高速线","usage":"main","highspeed":"yes","status":"operational","color":"#E54848","dataOrigin":"datum-2026-08-01","sourceKey":"way:1265108194"}},{"type":"Feature","geometry":{"type":"LineString","coordinates":[[115.1876299,24.0998822],[115.1882905,24.1016832],[115.1886231,24.1024519],[115.188983,24.1031606],[115.1893825,24.1038921],[115.1897774,24.1044928],[115.1902301,24.1051057],[115.190726,24.1057077],[115.1913594,24.1063614],[115.1919687,24.1069445],[115.1926083,24.1074828],[115.1933118,24.1079714],[115.1939736,24.108384],[115.1946542,24.1087654],[115.1954952,24.1091676],[115.1962854,24.109498],[115.197142,24.1097926],[115.1980895,24.1100428],[115.1990666,24.1102474],[115.1999743,24.1103634],[115.2008826,24.1104165],[115.2017586,24.1104359],[115.2027815,24.1104126],[115.206394,24.1102293]]},"properties":{"key":"way:1265119439@detail:460_96","osmType":"way","osmId":1265119439,"sourceRegion":"guangdong","featureType":"infrastructure","railClass":"highspeed","mode":"rail","name":"龙龙高速线","usage":"main","highspeed":"yes","bridge":"yes","status":"operational","color":"#E54848","dataOrigin":"datum-2026-08-01","sourceKey":"way:1265119439"}},{"type":"Feature","geometry":{"type":"LineString","coordinates":[[115.2063644,24.1098952],[115.2029055,24.1096941],[115.2020416,24.1096057],[115.2012988,24.1094779],[115.2005,24.1092919],[115.1995931,24.10903],[115.198854,24.1087603],[115.1981313,24.1084468],[115.1973716,24.1080797],[115.196584,24.1076563],[115.195813,24.1071571],[115.1951529,24.1066711],[115.1945275,24.1061224],[115.1939818,24.105594],[115.1934838,24.1050723],[115.1929013,24.1043959],[115.192377,24.103765],[115.1901671,24.1009705]]},"properties":{"key":"way:1265119440@detail:460_96","osmType":"way","osmId":1265119440,"sourceRegion":"guangdong","featureType":"infrastructure","railClass":"highspeed","mode":"rail","name":"龙龙高速线","usage":"main","highspeed":"yes","bridge":"yes","status":"operational","color":"#E54848","dataOrigin":"datum-2026-08-01","sourceKey":"way:1265119440"}},{"type":"Feature","geometry":{"type":"LineString","coordinates":[[115.2186644,24.1120374],[115.2214933,24.112621],[115.2226138,24.1128905],[115.2236949,24.1131742],[115.2247721,24.1135199],[115.22575,24.1138884],[115.2268619,24.1143631],[115.2281083,24.1149901]]},"properties":{"key":"way:1265119441@detail:460_96","osmType":"way","osmId":1265119441,"sourceRegion":"guangdong","featureType":"infrastructure","railClass":"highspeed","mode":"rail","name":"龙龙高速线","usage":"main","highspeed":"yes","bridge":"yes","status":"operational","color":"#E54848","dataOrigin":"datum-2026-08-01","sourceKey":"way:1265119441"}},{"type":"Feature","geometry":{"type":"LineString","coordinates":[[115.2163995,24.1115141],[115.2128564,24.1107776]]},"properties":{"key":"way:1265119442@detail:460_96","osmType":"way","osmId":1265119442,"sourceRegion":"guangdong","featureType":"infrastructure","railClass":"highspeed","mode":"rail","name":"龙龙高速线","usage":"main","highspeed":"yes","bridge":"yes","status":"operational","color":"#E54848","dataOrigin":"datum-2026-08-01","sourceKey":"way:1265119442"}},{"type":"Feature","geometry":{"type":"LineString","coordinates":[[115.2045679,24.1413747],[115.2045043,24.1409719],[115.2040859,24.1383219]]},"properties":{"key":"way:1265119443@detail:460_96","osmType":"way","osmId":1265119443,"sourceRegion":"guangdong","featureType":"infrastructure","railClass":"highspeed","mode":"rail","name":"京港高速线","nameEn":"Jinggang High-Speed Line","ref":"3003","usage":"main","highspeed":"yes","status":"operational","color":"#E54848","dataOrigin":"datum-2026-08-01","sourceKey":"way:1265119443"}},{"type":"Feature","geometry":{"type":"LineString","coordinates":[[115.2040859,24.1383219],[115.2035821,24.1352094],[115.2031345,24.1327617],[115.2026535,24.1304244],[115.2022239,24.1285473],[115.2017798,24.126766]]},"properties":{"key":"way:1265119444@detail:460_96","osmType":"way","osmId":1265119444,"sourceRegion":"guangdong","featureType":"infrastructure","railClass":"highspeed","mode":"rail","name":"京港高速线","nameEn":"Jinggang High-Speed Line","ref":"3003","usage":"main","highspeed":"yes","bridge":"yes","status":"operational","color":"#E54848","dataOrigin":"datum-2026-08-01","sourceKey":"way:1265119444"}},{"type":"Feature","geometry":{"type":"LineString","coordinates":[[115.2017798,24.126766],[115.2012954,24.1249719]]},"properties":{"key":"way:1265119445@detail:460_96","osmType":"way","osmId":1265119445,"sourceRegion":"guangdong","featureType":"infrastructure","railClass":"highspeed","mode":"rail","name":"京港高速线","nameEn":"Jinggang High-Speed Line","ref":"3003","usage":"main","highspeed":"yes","status":"operational","color":"#E54848","dataOrigin":"datum-2026-08-01","sourceKey":"way:1265119445"}},{"type":"Feature","geometry":{"type":"LineString","coordinates":[[115.2012954,24.1249719],[115.2007547,24.1231429],[115.200097,24.1211946],[115.1994319,24.119401]]},"properties":{"key":"way:1265119446@detail:460_96","osmType":"way","osmId":1265119446,"sourceRegion":"guangdong","featureType":"infrastructure","railClass":"highspeed","mode":"rail","name":"京港高速线","nameEn":"Jinggang High-Speed Line","ref":"3003","usage":"main","highspeed":"yes","bridge":"yes","status":"operational","color":"#E54848","dataOrigin":"datum-2026-08-01","sourceKey":"way:1265119446"}},{"type":"Feature","geometry":{"type":"LineString","coordinates":[[115.1994319,24.119401],[115.1992467,24.1189234]]},"properties":{"key":"way:1265119447@detail:460_96","osmType":"way","osmId":1265119447,"sourceRegion":"guangdong","featureType":"infrastructure","railClass":"highspeed","mode":"rail","name":"京港高速线","nameEn":"Jinggang High-Speed Line","ref":"3003","usage":"main","highspeed":"yes","status":"operational","color":"#E54848","dataOrigin":"datum-2026-08-01","sourceKey":"way:1265119447"}},{"type":"Feature","geometry":{"type":"LineString","coordinates":[[115.1992467,24.1189234],[115.1985783,24.1172578],[115.1977751,24.1154151],[115.1968736,24.1135209],[115.1961137,24.1120838]]},"properties":{"key":"way:1265119448@detail:460_96","osmType":"way","osmId":1265119448,"sourceRegion":"guangdong","featureType":"infrastructure","railClass":"highspeed","mode":"rail","name":"京港高速线","nameEn":"Jinggang High-Speed Line","ref":"3003","usage":"main","highspeed":"yes","bridge":"yes","status":"operational","color":"#E54848","dataOrigin":"datum-2026-08-01","sourceKey":"way:1265119448"}},{"type":"Feature","geometry":{"type":"LineString","coordinates":[[115.1961137,24.1120838],[115.1955907,24.1111162]]},"properties":{"key":"way:1265119449@detail:460_96","osmType":"way","osmId":1265119449,"sourceRegion":"guangdong","featureType":"infrastructure","railClass":"highspeed","mode":"rail","name":"京港高速线","nameEn":"Jinggang High-Speed Line","ref":"3003","usage":"main","highspeed":"yes","status":"operational","color":"#E54848","dataOrigin":"datum-2026-08-01","sourceKey":"way:1265119449"}},{"type":"Feature","geometry":{"type":"LineString","coordinates":[[115.1877924,24.098931],[115.1913552,24.104226],[115.1927327,24.1063478],[115.193746,24.1080525],[115.1946665,24.1096605],[115.1955076,24.1111476]]},"properties":{"key":"way:1265119450@detail:460_96","osmType":"way","osmId":1265119450,"sourceRegion":"guangdong","featureType":"infrastructure","railClass":"highspeed","mode":"rail","name":"京港高速线","nameEn":"Jinggang High-Speed Line","ref":"3003","usage":"main","highspeed":"yes","bridge":"yes","status":"operational","color":"#E54848","dataOrigin":"datum-2026-08-01","sourceKey":"way:1265119450"}},{"type":"Feature","geometry":{"type":"LineString","coordinates":[[115.2040093,24.138325],[115.2044235,24.1409819],[115.2044857,24.1413811]]},"properties":{"key":"way:1265119451@detail:460_96","osmType":"way","osmId":1265119451,"sourceRegion":"guangdong","featureType":"infrastructure","railClass":"highspeed","mode":"rail","name":"京港高速线","nameEn":"Jinggang High-Speed Line","ref":"3003","usage":"main","highspeed":"yes","status":"operational","color":"#E54848","dataOrigin":"datum-2026-08-01","sourceKey":"way:1265119451"}},{"type":"Feature","geometry":{"type":"LineString","coordinates":[[115.2016958,24.1267784],[115.2021453,24.1285506],[115.2025709,24.1304323],[115.2030563,24.1327734],[115.2034999,24.1352129],[115.2040093,24.138325]]},"properties":{"key":"way:1265119452@detail:460_96","osmType":"way","osmId":1265119452,"sourceRegion":"guangdong","featureType":"infrastructure","railClass":"highspeed","mode":"rail","name":"京港高速线","nameEn":"Jinggang High-Speed Line","ref":"3003","usage":"main","highspeed":"yes","bridge":"yes","status":"operational","color":"#E54848","dataOrigin":"datum-2026-08-01","sourceKey":"way:1265119452"}},{"type":"Feature","geometry":{"type":"LineString","coordinates":[[115.2012103,24.1249897],[115.2016958,24.1267784]]},"properties":{"key":"way:1265119453@detail:460_96","osmType":"way","osmId":1265119453,"sourceRegion":"guangdong","featureType":"infrastructure","railClass":"highspeed","mode":"rail","name":"京港高速线","nameEn":"Jinggang High-Speed Line","ref":"3003","usage":"main","highspeed":"yes","status":"operational","color":"#E54848","dataOrigin":"datum-2026-08-01","sourceKey":"way:1265119453"}},{"type":"Feature","geometry":{"type":"LineString","coordinates":[[115.1993531,24.1194288],[115.2000116,24.1212258],[115.2006581,24.1231531],[115.2012103,24.1249897]]},"properties":{"key":"way:1265119454@detail:460_96","osmType":"way","osmId":1265119454,"sourceRegion":"guangdong","featureType":"infrastructure","railClass":"highspeed","mode":"rail","name":"京港高速线","nameEn":"Jinggang High-Speed Line","ref":"3003","usage":"main","highspeed":"yes","bridge":"yes","status":"operational","color":"#E54848","dataOrigin":"datum-2026-08-01","sourceKey":"way:1265119454"}},{"type":"Feature","geometry":{"type":"LineString","coordinates":[[115.1991634,24.1189392],[115.1993531,24.1194288]]},"properties":{"key":"way:1265119455@detail:460_96","osmType":"way","osmId":1265119455,"sourceRegion":"guangdong","featureType":"infrastructure","railClass":"highspeed","mode":"rail","name":"京港高速线","nameEn":"Jinggang High-Speed Line","ref":"3003","usage":"main","highspeed":"yes","status":"operational","color":"#E54848","dataOrigin":"datum-2026-08-01","sourceKey":"way:1265119455"}},{"type":"Feature","geometry":{"type":"LineString","coordinates":[[115.1960441,24.1121147],[115.1968057,24.1135716],[115.1976997,24.1154454],[115.1985077,24.117283],[115.1991634,24.1189392]]},"properties":{"key":"way:1265119456@detail:460_96","osmType":"way","osmId":1265119456,"sourceRegion":"guangdong","featureType":"infrastructure","railClass":"highspeed","mode":"rail","name":"京港高速线","nameEn":"Jinggang High-Speed Line","ref":"3003","usage":"main","highspeed":"yes","bridge":"yes","status":"operational","color":"#E54848","dataOrigin":"datum-2026-08-01","sourceKey":"way:1265119456"}},{"type":"Feature","geometry":{"type":"LineString","coordinates":[[115.1955076,24.1111476],[115.1960441,24.1121147]]},"properties":{"key":"way:1265119457@detail:460_96","osmType":"way","osmId":1265119457,"sourceRegion":"guangdong","featureType":"infrastructure","railClass":"highspeed","mode":"rail","name":"京港高速线","nameEn":"Jinggang High-Speed Line","ref":"3003","usage":"main","highspeed":"yes","status":"operational","color":"#E54848","dataOrigin":"datum-2026-08-01","sourceKey":"way:1265119457"}},{"type":"Feature","geometry":{"type":"LineString","coordinates":[[115.2041803,24.1383095],[115.2037604,24.1352776],[115.2035902,24.1341146],[115.2033644,24.1328062],[115.2031332,24.1315634],[115.20285,24.130152],[115.2021301,24.1268989]]},"properties":{"key":"way:1265119458@detail:460_96","osmType":"way","osmId":1265119458,"sourceRegion":"guangdong","featureType":"infrastructure","railClass":"national","mode":"rail","name":"老幸联络线","usage":"branch","bridge":"yes","status":"operational","color":"#E54848","dataOrigin":"datum-2026-08-01","sourceKey":"way:1265119458"}},{"type":"Feature","geometry":{"type":"LineString","coordinates":[[115.1997126,24.1171438],[115.1998159,24.116361],[115.1999744,24.1156917],[115.2001964,24.115101],[115.2004649,24.1145515],[115.2008338,24.1139371],[115.2011977,24.1134256],[115.2015897,24.112979],[115.2020258,24.1125547],[115.2025186,24.1121557],[115.203091,24.1117568],[115.2037024,24.1113995],[115.2043377,24.1110781],[115.2048985,24.1108498],[115.205663,24.1106263],[115.2064288,24.1104851]]},"properties":{"key":"way:1265119459@detail:460_96","osmType":"way","osmId":1265119459,"sourceRegion":"guangdong","featureType":"infrastructure","railClass":"national","mode":"rail","name":"老幸联络线","usage":"branch","bridge":"yes","status":"operational","color":"#E54848","dataOrigin":"datum-2026-08-01","sourceKey":"way:1265119459"}},{"type":"Feature","geometry":{"type":"LineString","coordinates":[[115.2045043,24.1409719],[115.2041803,24.1383095]]},"properties":{"key":"way:1265119460@detail:460_96","osmType":"way","osmId":1265119460,"sourceRegion":"guangdong","featureType":"infrastructure","railClass":"national","mode":"rail","name":"老幸联络线","usage":"branch","status":"operational","color":"#E54848","dataOrigin":"datum-2026-08-01","sourceKey":"way:1265119460"}},{"type":"Feature","geometry":{"type":"LineString","coordinates":[[115.2039256,24.1383371],[115.2037879,24.1377281],[115.2036092,24.1370118],[115.2033296,24.1360158],[115.1999041,24.1251068]]},"properties":{"key":"way:1265119461@detail:460_96","osmType":"way","osmId":1265119461,"sourceRegion":"guangdong","featureType":"infrastructure","railClass":"national","mode":"rail","name":"老幸联络线","usage":"branch","bridge":"yes","status":"operational","color":"#E54848","dataOrigin":"datum-2026-08-01","sourceKey":"way:1265119461"}},{"type":"Feature","geometry":{"type":"LineString","coordinates":[[115.1982584,24.1203988],[115.1979065,24.1194217]]},"properties":{"key":"way:1265119462@detail:460_96","osmType":"way","osmId":1265119462,"sourceRegion":"guangdong","featureType":"infrastructure","railClass":"national","mode":"rail","name":"老幸联络线","usage":"branch","status":"operational","color":"#E54848","dataOrigin":"datum-2026-08-01","sourceKey":"way:1265119462"}},{"type":"Feature","geometry":{"type":"LineString","coordinates":[[115.1995111,24.12395],[115.1982584,24.1203988]]},"properties":{"key":"way:1265119463@detail:460_96","osmType":"way","osmId":1265119463,"sourceRegion":"guangdong","featureType":"infrastructure","railClass":"national","mode":"rail","name":"老幸联络线","usage":"branch","bridge":"yes","status":"operational","color":"#E54848","dataOrigin":"datum-2026-08-01","sourceKey":"way:1265119463"}},{"type":"Feature","geometry":{"type":"LineString","coordinates":[[115.1999041,24.1251068],[115.1995111,24.12395]]},"properties":{"key":"way:1265119464@detail:460_96","osmType":"way","osmId":1265119464,"sourceRegion":"guangdong","featureType":"infrastructure","railClass":"national","mode":"rail","name":"老幸联络线","usage":"branch","status":"operational","color":"#E54848","dataOrigin":"datum-2026-08-01","sourceKey":"way:1265119464"}},{"type":"Feature","geometry":{"type":"LineString","coordinates":[[115.2044235,24.1409819],[115.2039256,24.1383371]]},"properties":{"key":"way:1265119465@detail:460_96","osmType":"way","osmId":1265119465,"sourceRegion":"guangdong","featureType":"infrastructure","railClass":"national","mode":"rail","name":"老幸联络线","usage":"branch","status":"operational","color":"#E54848","dataOrigin":"datum-2026-08-01","sourceKey":"way:1265119465"}},{"type":"Feature","geometry":{"type":"LineString","coordinates":[[115.2021301,24.1268989],[115.20134,24.124226]]},"properties":{"key":"way:1265119466@detail:460_96","osmType":"way","osmId":1265119466,"sourceRegion":"guangdong","featureType":"infrastructure","railClass":"national","mode":"rail","name":"老幸联络线","usage":"branch","status":"operational","color":"#E54848","dataOrigin":"datum-2026-08-01","sourceKey":"way:1265119466"}},{"type":"Feature","geometry":{"type":"LineString","coordinates":[[115.2064288,24.1104851],[115.2070856,24.1104129],[115.2077719,24.1103819],[115.2084947,24.1104093],[115.2092985,24.1104781],[115.2101623,24.1105783],[115.2109584,24.1106808],[115.2119099,24.1108111],[115.2128144,24.1109574]]},"properties":{"key":"way:1265119467@detail:460_96","osmType":"way","osmId":1265119467,"sourceRegion":"guangdong","featureType":"infrastructure","railClass":"national","mode":"rail","name":"老幸联络线","usage":"branch","status":"operational","color":"#E54848","dataOrigin":"datum-2026-08-01","sourceKey":"way:1265119467"}},{"type":"Feature","geometry":{"type":"LineString","coordinates":[[115.2128144,24.1109574],[115.2163767,24.1116003]]},"properties":{"key":"way:1265119468@detail:460_96","osmType":"way","osmId":1265119468,"sourceRegion":"guangdong","featureType":"infrastructure","railClass":"national","mode":"rail","name":"老幸联络线","usage":"branch","bridge":"yes","status":"operational","color":"#E54848","dataOrigin":"datum-2026-08-01","sourceKey":"way:1265119468"}},{"type":"Feature","geometry":{"type":"LineString","coordinates":[[115.20134,24.124226],[115.2004382,24.1214241],[115.2001695,24.120548],[115.1999937,24.1198345],[115.1998572,24.1191251]]},"properties":{"key":"way:1265119469@detail:460_96","osmType":"way","osmId":1265119469,"sourceRegion":"guangdong","featureType":"infrastructure","railClass":"national","mode":"rail","name":"老幸联络线","usage":"branch","bridge":"yes","status":"operational","color":"#E54848","dataOrigin":"datum-2026-08-01","sourceKey":"way:1265119469"}},{"type":"Feature","geometry":{"type":"LineString","coordinates":[[115.1998572,24.1191251],[115.1997541,24.1183864],[115.1997084,24.1177813],[115.1997126,24.1171438]]},"properties":{"key":"way:1265119470@detail:460_96","osmType":"way","osmId":1265119470,"sourceRegion":"guangdong","featureType":"infrastructure","railClass":"national","mode":"rail","name":"老幸联络线","usage":"branch","status":"operational","color":"#E54848","dataOrigin":"datum-2026-08-01","sourceKey":"way:1265119470"}},{"type":"Feature","geometry":{"type":"LineString","coordinates":[[115.1862221,24.0968111],[115.1865361,24.0973855]]},"properties":{"key":"way:1265119471@detail:460_96","osmType":"way","osmId":1265119471,"sourceRegion":"guangdong","featureType":"infrastructure","railClass":"highspeed","mode":"rail","name":"龙龙高速线","usage":"main","highspeed":"yes","bridge":"yes","status":"operational","color":"#E54848","dataOrigin":"datum-2026-08-01","sourceKey":"way:1265119471"}},{"type":"Feature","geometry":{"type":"LineString","coordinates":[[115.1865361,24.0973855],[115.1868617,24.0980147],[115.187134,24.0985903],[115.1873766,24.099176],[115.1876299,24.0998822]]},"properties":{"key":"way:1265119472@detail:460_96","osmType":"way","osmId":1265119472,"sourceRegion":"guangdong","featureType":"infrastructure","railClass":"highspeed","mode":"rail","name":"龙龙高速线","usage":"main","highspeed":"yes","status":"operational","color":"#E54848","dataOrigin":"datum-2026-08-01","sourceKey":"way:1265119472"}},{"type":"Feature","geometry":{"type":"LineString","coordinates":[[115.206394,24.1102293],[115.207638,24.1102077],[115.2086089,24.1102312],[115.2095461,24.1103007],[115.2104357,24.1104175],[115.2113657,24.1105724],[115.2128437,24.110838]]},"properties":{"key":"way:1265119473@detail:460_96","osmType":"way","osmId":1265119473,"sourceRegion":"guangdong","featureType":"infrastructure","railClass":"highspeed","mode":"rail","name":"龙龙高速线","usage":"main","highspeed":"yes","status":"operational","color":"#E54848","dataOrigin":"datum-2026-08-01","sourceKey":"way:1265119473"}},{"type":"Feature","geometry":{"type":"LineString","coordinates":[[115.2128564,24.1107776],[115.2104619,24.1103263],[115.2095582,24.1101729],[115.2087242,24.1100647],[115.2063644,24.1098952]]},"properties":{"key":"way:1265119474@detail:460_96","osmType":"way","osmId":1265119474,"sourceRegion":"guangdong","featureType":"infrastructure","railClass":"highspeed","mode":"rail","name":"龙龙高速线","usage":"main","highspeed":"yes","status":"operational","color":"#E54848","dataOrigin":"datum-2026-08-01","sourceKey":"way:1265119474"}},{"type":"Feature","geometry":{"type":"LineString","coordinates":[[115.1899002,24.1006475],[115.1879924,24.0984216]]},"properties":{"key":"way:1265119475@detail:460_96","osmType":"way","osmId":1265119475,"sourceRegion":"guangdong","featureType":"infrastructure","railClass":"highspeed","mode":"rail","name":"龙龙高速线","usage":"main","highspeed":"yes","bridge":"yes","status":"operational","color":"#E54848","dataOrigin":"datum-2026-08-01","sourceKey":"way:1265119475"}},{"type":"Feature","geometry":{"type":"LineString","coordinates":[[115.1901671,24.1009705],[115.1899002,24.1006475]]},"properties":{"key":"way:1265119476@detail:460_96","osmType":"way","osmId":1265119476,"sourceRegion":"guangdong","featureType":"infrastructure","railClass":"highspeed","mode":"rail","name":"龙龙高速线","usage":"main","highspeed":"yes","status":"operational","color":"#E54848","dataOrigin":"datum-2026-08-01","sourceKey":"way:1265119476"}},{"type":"Feature","geometry":{"type":"LineString","coordinates":[[115.1875019,24.0978691],[115.1870004,24.0973093],[115.1867671,24.097037],[115.1864849,24.0966787]]},"properties":{"key":"way:1265119477@detail:460_96","osmType":"way","osmId":1265119477,"sourceRegion":"guangdong","featureType":"infrastructure","railClass":"highspeed","mode":"rail","name":"龙龙高速线","usage":"main","highspeed":"yes","bridge":"yes","status":"operational","color":"#E54848","dataOrigin":"datum-2026-08-01","sourceKey":"way:1265119477"}},{"type":"Feature","geometry":{"type":"LineString","coordinates":[[115.1879924,24.0984216],[115.1875019,24.0978691]]},"properties":{"key":"way:1265119478@detail:460_96","osmType":"way","osmId":1265119478,"sourceRegion":"guangdong","featureType":"infrastructure","railClass":"highspeed","mode":"rail","name":"龙龙高速线","usage":"main","highspeed":"yes","status":"operational","color":"#E54848","dataOrigin":"datum-2026-08-01","sourceKey":"way:1265119478"}},{"type":"Feature","geometry":{"type":"LineString","coordinates":[[115.2075976,24.1092242],[115.2069017,24.1090662],[115.2061132,24.1089384],[115.2052906,24.1088878],[115.2045055,24.1088986],[115.2036253,24.1090008],[115.2027765,24.1091919],[115.2018702,24.1094777],[115.2010064,24.1098495],[115.2002885,24.1102656],[115.1995983,24.1108278],[115.1989912,24.1114143],[115.1984301,24.1121142],[115.1980289,24.1127819],[115.1977053,24.1134968],[115.1974344,24.1143042],[115.1972599,24.1150934],[115.1971677,24.115886],[115.1971966,24.1167593],[115.1973408,24.1175428],[115.1976155,24.1185615],[115.1979065,24.1194217]]},"properties":{"key":"way:1265119479@detail:460_96","osmType":"way","osmId":1265119479,"sourceRegion":"guangdong","featureType":"infrastructure","railClass":"national","mode":"rail","name":"老幸联络线","usage":"branch","bridge":"yes","status":"operational","color":"#E54848","dataOrigin":"datum-2026-08-01","sourceKey":"way:1265119479"}},{"type":"Feature","geometry":{"type":"LineString","coordinates":[[115.2164114,24.1114728],[115.2129433,24.1106376]]},"properties":{"key":"way:1265119480@detail:460_96","osmType":"way","osmId":1265119480,"sourceRegion":"guangdong","featureType":"infrastructure","railClass":"national","mode":"rail","name":"老幸联络线","usage":"branch","bridge":"yes","status":"operational","color":"#E54848","dataOrigin":"datum-2026-08-01","sourceKey":"way:1265119480"}},{"type":"Feature","geometry":{"type":"LineString","coordinates":[[115.2129433,24.1106376],[115.2075976,24.1092242]]},"properties":{"key":"way:1265119481@detail:460_96","osmType":"way","osmId":1265119481,"sourceRegion":"guangdong","featureType":"infrastructure","railClass":"national","mode":"rail","name":"老幸联络线","usage":"branch","status":"operational","color":"#E54848","dataOrigin":"datum-2026-08-01","sourceKey":"way:1265119481"}},{"type":"Feature","geometry":{"type":"LineString","coordinates":[[115.2281083,24.1149901],[115.2289002,24.1154497],[115.2298254,24.1160724],[115.2306797,24.1166949],[115.2337202,24.1190161]]},"properties":{"key":"way:1265138314@detail:460_96","osmType":"way","osmId":1265138314,"sourceRegion":"guangdong","featureType":"infrastructure","railClass":"highspeed","mode":"rail","name":"龙龙高速线","usage":"main","highspeed":"yes","status":"operational","color":"#E54848","dataOrigin":"datum-2026-08-01","sourceKey":"way:1265138314"}},{"type":"Feature","geometry":{"type":"LineString","coordinates":[[115.239761,24.12293],[115.2408272,24.1234029],[115.2417695,24.1237408],[115.2426964,24.1240182],[115.243864,24.1242811],[115.2449492,24.1244787],[115.24605,24.124635]]},"properties":{"key":"way:1265138315@detail:460_96","osmType":"way","osmId":1265138315,"sourceRegion":"guangdong","featureType":"infrastructure","railClass":"highspeed","mode":"rail","name":"龙龙高速线","usage":"main","highspeed":"yes","bridge":"yes","status":"operational","color":"#E54848","dataOrigin":"datum-2026-08-01","sourceKey":"way:1265138315"}},{"type":"Feature","geometry":{"type":"LineString","coordinates":[[115.24605,24.124635],[115.2472008,24.1247251]]},"properties":{"key":"way:1265138316@detail:460_96","osmType":"way","osmId":1265138316,"sourceRegion":"guangdong","featureType":"infrastructure","railClass":"highspeed","mode":"rail","name":"龙龙高速线","usage":"main","highspeed":"yes","status":"operational","color":"#E54848","dataOrigin":"datum-2026-08-01","sourceKey":"way:1265138316"}},{"type":"Feature","geometry":{"type":"LineString","coordinates":[[115.2472008,24.1247251],[115.2485411,24.1247703],[115.2496116,24.1247552],[115.25,24.124733986596304]]},"properties":{"key":"way:1265138317@detail:460_96","osmType":"way","osmId":1265138317,"sourceRegion":"guangdong","featureType":"infrastructure","railClass":"highspeed","mode":"rail","name":"龙龙高速线","usage":"main","highspeed":"yes","bridge":"yes","status":"operational","color":"#E54848","dataOrigin":"datum-2026-08-01","sourceKey":"way:1265138317"}},{"type":"Feature","geometry":{"type":"LineString","coordinates":[[115.2128437,24.110838],[115.2163866,24.1115681]]},"properties":{"key":"way:1302043909@detail:460_96","osmType":"way","osmId":1302043909,"sourceRegion":"guangdong","featureType":"infrastructure","railClass":"highspeed","mode":"rail","name":"龙龙高速线","usage":"main","highspeed":"yes","bridge":"yes","status":"operational","color":"#E54848","dataOrigin":"datum-2026-08-01","sourceKey":"way:1302043909"}},{"type":"Feature","geometry":{"type":"LineString","coordinates":[[115.2163866,24.1115681],[115.2177176,24.1118423],[115.2186644,24.1120374]]},"properties":{"key":"way:1302043910@detail:460_96","osmType":"way","osmId":1302043910,"sourceRegion":"guangdong","featureType":"infrastructure","railClass":"highspeed","mode":"rail","name":"龙龙高速线","usage":"main","highspeed":"yes","status":"operational","color":"#E54848","dataOrigin":"datum-2026-08-01","sourceKey":"way:1302043910"}},{"type":"Feature","geometry":{"type":"LineString","coordinates":[[115.2186763,24.1119892],[115.2177353,24.1117917],[115.2163995,24.1115141]]},"properties":{"key":"way:1302043911@detail:460_96","osmType":"way","osmId":1302043911,"sourceRegion":"guangdong","featureType":"infrastructure","railClass":"highspeed","mode":"rail","name":"龙龙高速线","usage":"main","highspeed":"yes","status":"operational","color":"#E54848","dataOrigin":"datum-2026-08-01","sourceKey":"way:1302043911"}},{"type":"Feature","geometry":{"type":"LineString","coordinates":[[115.2177353,24.1117917],[115.2164114,24.1114728]]},"properties":{"key":"way:1302043912@detail:460_96","osmType":"way","osmId":1302043912,"sourceRegion":"guangdong","featureType":"infrastructure","railClass":"national","mode":"rail","name":"老幸联络线","usage":"branch","status":"operational","color":"#E54848","dataOrigin":"datum-2026-08-01","sourceKey":"way:1302043912"}},{"type":"Feature","geometry":{"type":"LineString","coordinates":[[115.2163767,24.1116003],[115.2177176,24.1118423]]},"properties":{"key":"way:1302043913@detail:460_96","osmType":"way","osmId":1302043913,"sourceRegion":"guangdong","featureType":"infrastructure","railClass":"national","mode":"rail","name":"老幸联络线","usage":"branch","status":"operational","color":"#E54848","dataOrigin":"datum-2026-08-01","sourceKey":"way:1302043913"}},{"type":"Feature","geometry":{"type":"LineString","coordinates":[[115.2337202,24.1190161],[115.2363535,24.1209385],[115.2374356,24.1216653],[115.2384008,24.1222333],[115.2394984,24.1228013]]},"properties":{"key":"way:1302519199@detail:460_96","osmType":"way","osmId":1302519199,"sourceRegion":"guangdong","featureType":"infrastructure","railClass":"highspeed","mode":"rail","name":"龙龙高速线","usage":"main","highspeed":"yes","bridge":"yes","status":"operational","color":"#E54848","dataOrigin":"datum-2026-08-01","sourceKey":"way:1302519199"}},{"type":"Feature","geometry":{"type":"LineString","coordinates":[[115.2394984,24.1228013],[115.239761,24.12293]]},"properties":{"key":"way:1302519200@detail:460_96","osmType":"way","osmId":1302519200,"sourceRegion":"guangdong","featureType":"infrastructure","railClass":"highspeed","mode":"rail","name":"龙龙高速线","usage":"main","highspeed":"yes","status":"operational","color":"#E54848","dataOrigin":"datum-2026-08-01","sourceKey":"way:1302519200"}},{"type":"Feature","geometry":{"type":"LineString","coordinates":[[115.2281359,24.1149476],[115.2289308,24.1154089],[115.2298584,24.1160332],[115.230714,24.1166566],[115.2337545,24.1189779]]},"properties":{"key":"way:1311729215@detail:460_96","osmType":"way","osmId":1311729215,"sourceRegion":"guangdong","featureType":"infrastructure","railClass":"highspeed","mode":"rail","name":"龙龙高速线","usage":"main","highspeed":"yes","status":"operational","color":"#E54848","dataOrigin":"datum-2026-08-01","sourceKey":"way:1311729215"}},{"type":"Feature","geometry":{"type":"LineString","coordinates":[[115.2472041,24.1246758],[115.2485417,24.1247209],[115.2496096,24.1247058],[115.25,24.124684480612785]]},"properties":{"key":"way:1311729374@detail:460_96","osmType":"way","osmId":1311729374,"sourceRegion":"guangdong","featureType":"infrastructure","railClass":"highspeed","mode":"rail","name":"龙龙高速线","usage":"main","highspeed":"yes","bridge":"yes","status":"operational","color":"#E54848","dataOrigin":"datum-2026-08-01","sourceKey":"way:1311729374"}},{"type":"Feature","geometry":{"type":"LineString","coordinates":[[115.2397856,24.122886],[115.240849,24.1233576],[115.2417878,24.1236943],[115.2427113,24.1239707],[115.2438758,24.1242329],[115.2449587,24.12443],[115.2460565,24.1245859]]},"properties":{"key":"way:1311729387@detail:460_96","osmType":"way","osmId":1311729387,"sourceRegion":"guangdong","featureType":"infrastructure","railClass":"highspeed","mode":"rail","name":"龙龙高速线","usage":"main","highspeed":"yes","bridge":"yes","status":"operational","color":"#E54848","dataOrigin":"datum-2026-08-01","sourceKey":"way:1311729387"}},{"type":"Feature","geometry":{"type":"LineString","coordinates":[[115.2337545,24.1189779],[115.2363865,24.1208993],[115.2374663,24.1216246],[115.2384288,24.122191],[115.2395246,24.122758]]},"properties":{"key":"way:1311729391@detail:460_96","osmType":"way","osmId":1311729391,"sourceRegion":"guangdong","featureType":"infrastructure","railClass":"highspeed","mode":"rail","name":"龙龙高速线","usage":"main","highspeed":"yes","bridge":"yes","status":"operational","color":"#E54848","dataOrigin":"datum-2026-08-01","sourceKey":"way:1311729391"}},{"type":"Feature","geometry":{"type":"LineString","coordinates":[[115.2460565,24.1245859],[115.2472041,24.1246758]]},"properties":{"key":"way:1311729397@detail:460_96","osmType":"way","osmId":1311729397,"sourceRegion":"guangdong","featureType":"infrastructure","railClass":"highspeed","mode":"rail","name":"龙龙高速线","usage":"main","highspeed":"yes","status":"operational","color":"#E54848","dataOrigin":"datum-2026-08-01","sourceKey":"way:1311729397"}},{"type":"Feature","geometry":{"type":"LineString","coordinates":[[115.2395246,24.122758],[115.2397856,24.122886]]},"properties":{"key":"way:1311729401@detail:460_96","osmType":"way","osmId":1311729401,"sourceRegion":"guangdong","featureType":"infrastructure","railClass":"highspeed","mode":"rail","name":"龙龙高速线","usage":"main","highspeed":"yes","status":"operational","color":"#E54848","dataOrigin":"datum-2026-08-01","sourceKey":"way:1311729401"}},{"type":"Feature","geometry":{"type":"LineString","coordinates":[[115.2186763,24.1119892],[115.2215062,24.112573],[115.2226282,24.1128429],[115.2237114,24.1131271],[115.2247914,24.1134737],[115.2257718,24.1138432],[115.2268865,24.114319],[115.2281359,24.1149476]]},"properties":{"key":"way:1311729402@detail:460_96","osmType":"way","osmId":1311729402,"sourceRegion":"guangdong","featureType":"infrastructure","railClass":"highspeed","mode":"rail","name":"龙龙高速线","usage":"main","highspeed":"yes","bridge":"yes","status":"operational","color":"#E54848","dataOrigin":"datum-2026-08-01","sourceKey":"way:1311729402"}},{"type":"Feature","geometry":{"type":"LineString","coordinates":[[115.2079922,24.0916445],[115.2070571,24.091307]]},"properties":{"key":"way:1336848610@detail:460_96","osmType":"way","osmId":1336848610,"sourceRegion":"guangdong","featureType":"infrastructure","railClass":"national","mode":"rail","name":"京九线","nameEn":"Jingjiu Line","ref":"0005","usage":"main","bridge":"yes","status":"operational","color":"#E54848","dataOrigin":"datum-2026-08-01","sourceKey":"way:1336848610"}},{"type":"Feature","geometry":{"type":"LineString","coordinates":[[115.2221557,24.103351],[115.2218272,24.1004877],[115.2213805,24.0986448],[115.2211312,24.0980107],[115.220524,24.0968305],[115.2201083,24.0962473],[115.2191931,24.0951553],[115.218664,24.0946799],[115.2173655,24.093772],[115.2166817,24.0933803],[115.2159179,24.09302],[115.2151436,24.092728],[115.2143314,24.0925],[115.2125999,24.0922531],[115.2098862,24.0920201],[115.2089326,24.0918769],[115.2079922,24.0916445]]},"properties":{"key":"way:1336848611@detail:460_96","osmType":"way","osmId":1336848611,"sourceRegion":"guangdong","featureType":"infrastructure","railClass":"national","mode":"rail","name":"京九线","nameEn":"Jingjiu Line","ref":"0005","usage":"main","status":"operational","color":"#E54848","dataOrigin":"datum-2026-08-01","sourceKey":"way:1336848611"}},{"type":"Feature","geometry":{"type":"LineString","coordinates":[[115.207972,24.0917],[115.20703,24.09136]]},"properties":{"key":"way:1336848612@detail:460_96","osmType":"way","osmId":1336848612,"sourceRegion":"guangdong","featureType":"infrastructure","railClass":"national","mode":"rail","name":"京九线","nameEn":"Jingjiu Line","ref":"0005","usage":"main","bridge":"yes","status":"operational","color":"#E54848","dataOrigin":"datum-2026-08-01","sourceKey":"way:1336848612"}},{"type":"Feature","geometry":{"type":"LineString","coordinates":[[115.2220687,24.1033595],[115.221764,24.100497],[115.221319,24.098661],[115.221072,24.098033],[115.220468,24.096859],[115.220056,24.096281],[115.219145,24.095194],[115.218622,24.094724],[115.217329,24.09382],[115.21665,24.093431],[115.215891,24.093073],[115.215122,24.092783],[115.214317,24.092557],[115.212592,24.092311],[115.209878,24.092078],[115.208919,24.091934],[115.207972,24.0917]]},"properties":{"key":"way:1336848613@detail:460_96","osmType":"way","osmId":1336848613,"sourceRegion":"guangdong","featureType":"infrastructure","railClass":"national","mode":"rail","name":"京九线","nameEn":"Jingjiu Line","ref":"0005","usage":"main","status":"operational","color":"#E54848","dataOrigin":"datum-2026-08-01","sourceKey":"way:1336848613"}},{"type":"Feature","geometry":{"type":"LineString","coordinates":[[115.1924752,24.0845209],[115.1901355,24.0843294]]},"properties":{"key":"way:1336848987@detail:460_96","osmType":"way","osmId":1336848987,"sourceRegion":"guangdong","featureType":"infrastructure","railClass":"national","mode":"rail","name":"京九线","nameEn":"Jingjiu Line","ref":"0005","usage":"main","bridge":"yes","status":"operational","color":"#E54848","dataOrigin":"datum-2026-08-01","sourceKey":"way:1336848987"}},{"type":"Feature","geometry":{"type":"LineString","coordinates":[[115.1924679,24.0845789],[115.190123,24.084387]]},"properties":{"key":"way:1336848988@detail:460_96","osmType":"way","osmId":1336848988,"sourceRegion":"guangdong","featureType":"infrastructure","railClass":"national","mode":"rail","name":"京九线","nameEn":"Jingjiu Line","ref":"0005","usage":"main","bridge":"yes","status":"operational","color":"#E54848","dataOrigin":"datum-2026-08-01","sourceKey":"way:1336848988"}},{"type":"Feature","geometry":{"type":"LineString","coordinates":[[115.20703,24.09136],[115.206135,24.090918],[115.20532,24.090391],[115.20226,24.087792],[115.201427,24.087153],[115.200496,24.086597],[115.199465,24.086165],[115.198363,24.085825],[115.195002,24.084917],[115.193826,24.08469],[115.1924679,24.0845789]]},"properties":{"key":"way:1336848989@detail:460_96","osmType":"way","osmId":1336848989,"sourceRegion":"guangdong","featureType":"infrastructure","railClass":"national","mode":"rail","name":"京九线","nameEn":"Jingjiu Line","ref":"0005","usage":"main","status":"operational","color":"#E54848","dataOrigin":"datum-2026-08-01","sourceKey":"way:1336848989"}},{"type":"Feature","geometry":{"type":"LineString","coordinates":[[115.2070571,24.091307],[115.2061688,24.0908683],[115.2053604,24.0903456],[115.2023024,24.0877483],[115.2014652,24.0871061],[115.200527,24.0865458],[115.1994886,24.0861107],[115.1983823,24.0857693],[115.1950177,24.0848604],[115.1938355,24.0846322],[115.1924752,24.0845209]]},"properties":{"key":"way:1336848990@detail:460_96","osmType":"way","osmId":1336848990,"sourceRegion":"guangdong","featureType":"infrastructure","railClass":"national","mode":"rail","name":"京九线","nameEn":"Jingjiu Line","ref":"0005","usage":"main","status":"operational","color":"#E54848","dataOrigin":"datum-2026-08-01","sourceKey":"way:1336848990"}},{"type":"Feature","geometry":{"type":"LineString","coordinates":[[115.1063293,24.0317886],[115.1058117,24.031524]]},"properties":{"key":"way:1341985580@detail:460_96","osmType":"way","osmId":1341985580,"sourceRegion":"guangdong","featureType":"infrastructure","railClass":"national","mode":"rail","name":"京九线","nameEn":"Jingjiu Line","ref":"0005","usage":"main","bridge":"yes","status":"operational","color":"#E54848","dataOrigin":"datum-2026-08-01","sourceKey":"way:1341985580"}},{"type":"Feature","geometry":{"type":"LineString","coordinates":[[115.1127534,24.0360118],[115.1094291,24.0335255],[115.1082454,24.0328328],[115.1063293,24.0317886]]},"properties":{"key":"way:1341985581@detail:460_96","osmType":"way","osmId":1341985581,"sourceRegion":"guangdong","featureType":"infrastructure","railClass":"national","mode":"rail","name":"京九线","nameEn":"Jingjiu Line","ref":"0005","usage":"main","status":"operational","color":"#E54848","dataOrigin":"datum-2026-08-01","sourceKey":"way:1341985581"}},{"type":"Feature","geometry":{"type":"LineString","coordinates":[[115.1063025,24.0318523],[115.1057741,24.0315779]]},"properties":{"key":"way:1341985582@detail:460_96","osmType":"way","osmId":1341985582,"sourceRegion":"guangdong","featureType":"infrastructure","railClass":"national","mode":"rail","name":"京九线","nameEn":"Jingjiu Line","ref":"0005","usage":"main","bridge":"yes","status":"operational","color":"#E54848","dataOrigin":"datum-2026-08-01","sourceKey":"way:1341985582"}},{"type":"Feature","geometry":{"type":"LineString","coordinates":[[115.1126595,24.0360362],[115.109334,24.033549],[115.108148,24.032855],[115.1063025,24.0318523]]},"properties":{"key":"way:1341985583@detail:460_96","osmType":"way","osmId":1341985583,"sourceRegion":"guangdong","featureType":"infrastructure","railClass":"national","mode":"rail","name":"京九线","nameEn":"Jingjiu Line","ref":"0005","usage":"main","status":"operational","color":"#E54848","dataOrigin":"datum-2026-08-01","sourceKey":"way:1341985583"}},{"type":"Feature","geometry":{"type":"LineString","coordinates":[[115.1034958,24.0295438],[115.102734,24.0287864],[115.1022067,24.0281878],[115.1019064,24.0278004]]},"properties":{"key":"way:1341985584@detail:460_96","osmType":"way","osmId":1341985584,"sourceRegion":"guangdong","featureType":"infrastructure","railClass":"national","mode":"rail","name":"京九线","nameEn":"Jingjiu Line","ref":"0005","usage":"main","tunnel":"yes","status":"operational","color":"#E54848","dataOrigin":"datum-2026-08-01","sourceKey":"way:1341985584"}},{"type":"Feature","geometry":{"type":"LineString","coordinates":[[115.1058117,24.031524],[115.1056859,24.0314656],[115.1045965,24.0306513],[115.1038502,24.0299221],[115.1034958,24.0295438]]},"properties":{"key":"way:1341985585@detail:460_96","osmType":"way","osmId":1341985585,"sourceRegion":"guangdong","featureType":"infrastructure","railClass":"national","mode":"rail","name":"京九线","nameEn":"Jingjiu Line","ref":"0005","usage":"main","status":"operational","color":"#E54848","dataOrigin":"datum-2026-08-01","sourceKey":"way:1341985585"}},{"type":"Feature","geometry":{"type":"LineString","coordinates":[[115.0925052,24.0094379],[115.0908798,24.0081638]]},"properties":{"key":"way:1341985586@detail:460_96","osmType":"way","osmId":1341985586,"sourceRegion":"guangdong","featureType":"infrastructure","railClass":"national","mode":"rail","name":"京九线","nameEn":"Jingjiu Line","ref":"0005","usage":"main","bridge":"yes","status":"operational","color":"#E54848","dataOrigin":"datum-2026-08-01","sourceKey":"way:1341985586"}},{"type":"Feature","geometry":{"type":"LineString","coordinates":[[115.0923979,24.009629],[115.0907242,24.0085314]]},"properties":{"key":"way:1341985587@detail:460_96","osmType":"way","osmId":1341985587,"sourceRegion":"guangdong","featureType":"infrastructure","railClass":"national","mode":"rail","name":"京九线","nameEn":"Jingjiu Line","ref":"0005","usage":"main","bridge":"yes","status":"operational","color":"#E54848","dataOrigin":"datum-2026-08-01","sourceKey":"way:1341985587"}},{"type":"Feature","geometry":{"type":"LineString","coordinates":[[115.0908798,24.0081638],[115.0905847,24.0079237]]},"properties":{"key":"way:1341985588@detail:460_96","osmType":"way","osmId":1341985588,"sourceRegion":"guangdong","featureType":"infrastructure","railClass":"national","mode":"rail","name":"京九线","nameEn":"Jingjiu Line","ref":"0005","usage":"main","status":"operational","color":"#E54848","dataOrigin":"datum-2026-08-01","sourceKey":"way:1341985588"}},{"type":"Feature","geometry":{"type":"LineString","coordinates":[[115.0907242,24.0085314],[115.0900109,24.0079943],[115.0891793,24.0073357]]},"properties":{"key":"way:1341985589@detail:460_96","osmType":"way","osmId":1341985589,"sourceRegion":"guangdong","featureType":"infrastructure","railClass":"national","mode":"rail","name":"京九线","nameEn":"Jingjiu Line","ref":"0005","usage":"main","status":"operational","color":"#E54848","dataOrigin":"datum-2026-08-01","sourceKey":"way:1341985589"}},{"type":"Feature","geometry":{"type":"LineString","coordinates":[[115.0905847,24.0079237],[115.090355,24.0077382],[115.088262,24.0058901]]},"properties":{"key":"way:1341985590@detail:460_96","osmType":"way","osmId":1341985590,"sourceRegion":"guangdong","featureType":"infrastructure","railClass":"national","mode":"rail","name":"京九线","nameEn":"Jingjiu Line","ref":"0005","usage":"main","tunnel":"yes","status":"operational","color":"#E54848","dataOrigin":"datum-2026-08-01","sourceKey":"way:1341985590"}},{"type":"Feature","geometry":{"type":"LineString","coordinates":[[115.0891793,24.0073357],[115.0881439,24.0061645]]},"properties":{"key":"way:1341985591@detail:460_96","osmType":"way","osmId":1341985591,"sourceRegion":"guangdong","featureType":"infrastructure","railClass":"national","mode":"rail","name":"京九线","nameEn":"Jingjiu Line","ref":"0005","usage":"main","tunnel":"yes","status":"operational","color":"#E54848","dataOrigin":"datum-2026-08-01","sourceKey":"way:1341985591"}},{"type":"Feature","geometry":{"type":"LineString","coordinates":[[115.0881439,24.0061645],[115.087442,24.005154],[115.0866902,24.0037682]]},"properties":{"key":"way:1341985592@detail:460_96","osmType":"way","osmId":1341985592,"sourceRegion":"guangdong","featureType":"infrastructure","railClass":"national","mode":"rail","name":"京九线","nameEn":"Jingjiu Line","ref":"0005","usage":"main","status":"operational","color":"#E54848","dataOrigin":"datum-2026-08-01","sourceKey":"way:1341985592"}},{"type":"Feature","geometry":{"type":"LineString","coordinates":[[115.088262,24.0058901],[115.0875289,24.0051234],[115.0868672,24.0038515]]},"properties":{"key":"way:1341985593@detail:460_96","osmType":"way","osmId":1341985593,"sourceRegion":"guangdong","featureType":"infrastructure","railClass":"national","mode":"rail","name":"京九线","nameEn":"Jingjiu Line","ref":"0005","usage":"main","status":"operational","color":"#E54848","dataOrigin":"datum-2026-08-01","sourceKey":"way:1341985593"}},{"type":"Feature","geometry":{"type":"LineString","coordinates":[[115.0866902,24.0037682],[115.086307,24.003014],[115.0839945948856,24.0]]},"properties":{"key":"way:1341985594@detail:460_96","osmType":"way","osmId":1341985594,"sourceRegion":"guangdong","featureType":"infrastructure","railClass":"national","mode":"rail","name":"京九线","nameEn":"Jingjiu Line","ref":"0005","usage":"main","tunnel":"yes","status":"operational","color":"#E54848","dataOrigin":"datum-2026-08-01","sourceKey":"way:1341985594"}},{"type":"Feature","geometry":{"type":"LineString","coordinates":[[115.0868672,24.0038515],[115.086392,24.00298],[115.08462480967594,24.0]]},"properties":{"key":"way:1341985597@detail:460_96","osmType":"way","osmId":1341985597,"sourceRegion":"guangdong","featureType":"infrastructure","railClass":"national","mode":"rail","name":"京九线","nameEn":"Jingjiu Line","ref":"0005","usage":"main","tunnel":"yes","status":"operational","color":"#E54848","dataOrigin":"datum-2026-08-01","sourceKey":"way:1341985597"}},{"type":"Feature","geometry":{"type":"LineString","coordinates":[[115.2403861,24.1895316],[115.2407027,24.188938],[115.2412424,24.1825666],[115.2410474,24.1816048]]},"properties":{"key":"way:1465586022@detail:460_96","osmType":"way","osmId":1465586022,"sourceRegion":"guangdong","featureType":"infrastructure","railClass":"national","mode":"rail","name":"京九线","nameEn":"Jingjiu Line","ref":"0005","usage":"main","tunnel":"yes","status":"operational","color":"#E54848","dataOrigin":"datum-2026-08-01","sourceKey":"way:1465586022"}},{"type":"Feature","geometry":{"type":"LineString","coordinates":[[115.2404344,24.189554],[115.2407559,24.1889512],[115.2412971,24.1825627],[115.2410848,24.1815979]]},"properties":{"key":"way:1465586023@detail:460_96","osmType":"way","osmId":1465586023,"sourceRegion":"guangdong","featureType":"infrastructure","railClass":"national","mode":"rail","name":"京九线","nameEn":"Jingjiu Line","ref":"0005","usage":"main","tunnel":"yes","status":"operational","color":"#E54848","dataOrigin":"datum-2026-08-01","sourceKey":"way:1465586023"}},{"type":"Feature","geometry":{"type":"LineString","coordinates":[[115.2432105,24.1437273],[115.2432579,24.1433524],[115.2432733,24.143149],[115.243272,24.143114],[115.2432676,24.142999],[115.2432383,24.1428412],[115.2432132,24.1427433]]},"properties":{"key":"way:1467798303@detail:460_96","osmType":"way","osmId":1467798303,"sourceRegion":"guangdong","featureType":"infrastructure","railClass":"minor","mode":"rail","name":"未命名","service":"yard","status":"operational","color":"#52636F","dataOrigin":"datum-2026-08-01","sourceKey":"way:1467798303"}},{"type":"Feature","geometry":{"type":"LineString","coordinates":[[115.243272,24.143114],[115.2433352,24.1422892]]},"properties":{"key":"way:1467798304@detail:460_96","osmType":"way","osmId":1467798304,"sourceRegion":"guangdong","featureType":"infrastructure","railClass":"minor","mode":"rail","name":"未命名","service":"yard","status":"operational","color":"#52636F","dataOrigin":"datum-2026-08-01","sourceKey":"way:1467798304"}},{"type":"Feature","geometry":{"type":"LineString","coordinates":[[115.2431255,24.1370884],[115.2429186,24.1380476],[115.2429013,24.1381277],[115.2428763,24.1383386],[115.2428575,24.1384972],[115.2428322,24.138742],[115.24282,24.1389677],[115.2427669,24.1393304]]},"properties":{"key":"way:1467798306@detail:460_96","osmType":"way","osmId":1467798306,"sourceRegion":"guangdong","featureType":"infrastructure","railClass":"minor","mode":"rail","name":"未命名","service":"yard","status":"operational","color":"#52636F","dataOrigin":"datum-2026-08-01","sourceKey":"way:1467798306"}},{"type":"Feature","geometry":{"type":"LineString","coordinates":[[115.2428763,24.1383386],[115.2428293,24.1385187],[115.2427781,24.1387792],[115.2427073,24.1391561],[115.24262,24.1396644],[115.2424928,24.1403922]]},"properties":{"key":"way:1467798307@detail:460_96","osmType":"way","osmId":1467798307,"sourceRegion":"guangdong","featureType":"infrastructure","railClass":"minor","mode":"rail","name":"未命名","service":"yard","status":"operational","color":"#52636F","dataOrigin":"datum-2026-08-01","sourceKey":"way:1467798307"}},{"type":"Feature","geometry":{"type":"LineString","coordinates":[[115.2429013,24.1381277],[115.2427223,24.1386628],[115.2427162,24.1386811],[115.2426387,24.1389045],[115.2425556,24.1391627],[115.2425247,24.1393102],[115.2424687,24.1396298],[115.2423341,24.1403676]]},"properties":{"key":"way:1467798308@detail:460_96","osmType":"way","osmId":1467798308,"sourceRegion":"guangdong","featureType":"infrastructure","railClass":"minor","mode":"rail","name":"未命名","service":"yard","status":"operational","color":"#52636F","dataOrigin":"datum-2026-08-01","sourceKey":"way:1467798308"}},{"type":"Feature","geometry":{"type":"LineString","coordinates":[[115.2427223,24.1386628],[115.2426798,24.1389005],[115.242635,24.1391647],[115.2425407,24.1396531],[115.2424108,24.1403772]]},"properties":{"key":"way:1467798309@detail:460_96","osmType":"way","osmId":1467798309,"sourceRegion":"guangdong","featureType":"infrastructure","railClass":"minor","mode":"rail","name":"未命名","service":"yard","status":"operational","color":"#52636F","dataOrigin":"datum-2026-08-01","sourceKey":"way:1467798309"}},{"type":"Feature","geometry":{"type":"LineString","coordinates":[[115.2434045,24.1390169],[115.2434896,24.1394342]]},"properties":{"key":"way:1467798310@detail:460_96","osmType":"way","osmId":1467798310,"sourceRegion":"guangdong","featureType":"infrastructure","railClass":"minor","mode":"rail","name":"未命名","service":"crossover","status":"operational","color":"#52636F","dataOrigin":"datum-2026-08-01","sourceKey":"way:1467798310"}},{"type":"Feature","geometry":{"type":"LineString","coordinates":[[115.2433803,24.1386667],[115.243388,24.1384062]]},"properties":{"key":"way:1467798311@detail:460_96","osmType":"way","osmId":1467798311,"sourceRegion":"guangdong","featureType":"infrastructure","railClass":"minor","mode":"rail","name":"未命名","service":"yard","status":"operational","color":"#52636F","dataOrigin":"datum-2026-08-01","sourceKey":"way:1467798311"}},{"type":"Feature","geometry":{"type":"LineString","coordinates":[[115.2433237,24.1431565],[115.2434179,24.1428688],[115.2434828,24.1426763],[115.2436017,24.1423443],[115.2436528,24.1421768],[115.2436967,24.1419917],[115.2438876,24.1410369]]},"properties":{"key":"way:1467798312@detail:460_96","osmType":"way","osmId":1467798312,"sourceRegion":"guangdong","featureType":"infrastructure","railClass":"minor","mode":"rail","name":"未命名","service":"yard","status":"operational","color":"#52636F","dataOrigin":"datum-2026-08-01","sourceKey":"way:1467798312"}},{"type":"Feature","geometry":{"type":"LineString","coordinates":[[115.2437794,24.1402091],[115.2438344,24.1399009],[115.2439085,24.1395064],[115.2441859,24.1381245]]},"properties":{"key":"way:1467798313@detail:460_96","osmType":"way","osmId":1467798313,"sourceRegion":"guangdong","featureType":"infrastructure","railClass":"minor","mode":"rail","name":"未命名","service":"yard","status":"operational","color":"#52636F","dataOrigin":"datum-2026-08-01","sourceKey":"way:1467798313"}},{"type":"Feature","geometry":{"type":"LineString","coordinates":[[115.2437398,24.1406376],[115.2438019,24.1404718],[115.2439148,24.1402348]]},"properties":{"key":"way:1467798314@detail:460_96","osmType":"way","osmId":1467798314,"sourceRegion":"guangdong","featureType":"infrastructure","railClass":"minor","mode":"rail","name":"未命名","service":"yard","status":"operational","color":"#52636F","dataOrigin":"datum-2026-08-01","sourceKey":"way:1467798314"}},{"type":"Feature","geometry":{"type":"LineString","coordinates":[[115.2440125,24.1399311],[115.2440036,24.1401419],[115.2440074,24.1406406],[115.2439948,24.1408013],[115.24395,24.1410539]]},"properties":{"key":"way:1467798315@detail:460_96","osmType":"way","osmId":1467798315,"sourceRegion":"guangdong","featureType":"infrastructure","railClass":"minor","mode":"rail","name":"未命名","service":"yard","status":"operational","color":"#52636F","dataOrigin":"datum-2026-08-01","sourceKey":"way:1467798315"}},{"type":"Feature","geometry":{"type":"LineString","coordinates":[[115.243402,24.1437701],[115.2434456,24.1436846],[115.2437004,24.1431604],[115.2438686,24.1427932],[115.2439707,24.1424936]]},"properties":{"key":"way:1467798316@detail:460_96","osmType":"way","osmId":1467798316,"sourceRegion":"guangdong","featureType":"infrastructure","railClass":"minor","mode":"rail","name":"未命名","service":"yard","status":"operational","color":"#52636F","dataOrigin":"datum-2026-08-01","sourceKey":"way:1467798316"}},{"type":"Feature","geometry":{"type":"LineString","coordinates":[[115.2435597,24.1430139],[115.2436604,24.1427646],[115.2437232,24.1426459],[115.2438402,24.1423895],[115.2439079,24.1421295],[115.2441349,24.1410127]]},"properties":{"key":"way:1467798317@detail:460_96","osmType":"way","osmId":1467798317,"sourceRegion":"guangdong","featureType":"infrastructure","railClass":"minor","mode":"rail","name":"未命名","service":"yard","status":"operational","color":"#52636F","dataOrigin":"datum-2026-08-01","sourceKey":"way:1467798317"}},{"type":"Feature","geometry":{"type":"LineString","coordinates":[[115.2436604,24.1427646],[115.2436886,24.1426313],[115.2437221,24.1424814],[115.2437945,24.1421569],[115.2438664,24.1417976],[115.2439758,24.1412219],[115.2440595,24.140845],[115.2441118,24.1407],[115.2441822,24.1405269],[115.2442349,24.1403623],[115.2442683,24.1402719]]},"properties":{"key":"way:1467798318@detail:460_96","osmType":"way","osmId":1467798318,"sourceRegion":"guangdong","featureType":"infrastructure","railClass":"minor","mode":"rail","name":"未命名","service":"yard","status":"operational","color":"#52636F","dataOrigin":"datum-2026-08-01","sourceKey":"way:1467798318"}},{"type":"Feature","geometry":{"type":"LineString","coordinates":[[115.2437221,24.1424814],[115.2437943,24.1423233],[115.2438417,24.1421718],[115.2439672,24.1416106],[115.2441024,24.1409076],[115.2441652,24.1406628],[115.2441822,24.1405269]]},"properties":{"key":"way:1467798319@detail:460_96","osmType":"way","osmId":1467798319,"sourceRegion":"guangdong","featureType":"infrastructure","railClass":"minor","mode":"rail","name":"未命名","service":"yard","status":"operational","color":"#52636F","dataOrigin":"datum-2026-08-01","sourceKey":"way:1467798319"}},{"type":"Feature","geometry":{"type":"LineString","coordinates":[[115.1741981,24.0778054],[115.1737796,24.0772274],[115.1733574,24.076683],[115.1720883,24.0750823],[115.1704697,24.0730408],[115.1700668,24.0725132],[115.1696928,24.0719936]]},"properties":{"key":"way:1544958761@detail:460_96","osmType":"way","osmId":1544958761,"sourceRegion":"guangdong","featureType":"infrastructure","railClass":"highspeed","mode":"rail","name":"龙龙高速线","usage":"main","highspeed":"yes","status":"operational","color":"#E54848","dataOrigin":"datum-2026-08-01","sourceKey":"way:1544958761"}},{"type":"Feature","geometry":{"type":"LineString","coordinates":[[115.1741154,24.0778667],[115.173121,24.0765151],[115.1720883,24.0750823]]},"properties":{"key":"way:1544958762@detail:460_96","osmType":"way","osmId":1544958762,"sourceRegion":"guangdong","featureType":"infrastructure","railClass":"minor","mode":"rail","name":"未命名","service":"yard","status":"operational","color":"#52636F","dataOrigin":"datum-2026-08-01","sourceKey":"way:1544958762"}},{"type":"Feature","geometry":{"type":"LineString","coordinates":[[115.1740267,24.0779166],[115.173121,24.0765151]]},"properties":{"key":"way:1544958763@detail:460_96","osmType":"way","osmId":1544958763,"sourceRegion":"guangdong","featureType":"infrastructure","railClass":"minor","mode":"rail","name":"未命名","service":"yard","status":"operational","color":"#52636F","dataOrigin":"datum-2026-08-01","sourceKey":"way:1544958763"}},{"type":"Feature","geometry":{"type":"LineString","coordinates":[[115.1739162,24.0779844],[115.1728832,24.0766723],[115.1719788,24.0754859]]},"properties":{"key":"way:1544958764@detail:460_96","osmType":"way","osmId":1544958764,"sourceRegion":"guangdong","featureType":"infrastructure","railClass":"minor","mode":"rail","name":"未命名","service":"yard","status":"operational","color":"#52636F","dataOrigin":"datum-2026-08-01","sourceKey":"way:1544958764"}},{"type":"Feature","geometry":{"type":"LineString","coordinates":[[115.1738315,24.0780331],[115.1736678,24.0777906],[115.1728832,24.0766723]]},"properties":{"key":"way:1544958765@detail:460_96","osmType":"way","osmId":1544958765,"sourceRegion":"guangdong","featureType":"infrastructure","railClass":"minor","mode":"rail","name":"未命名","service":"yard","status":"operational","color":"#52636F","dataOrigin":"datum-2026-08-01","sourceKey":"way:1544958765"}},{"type":"Feature","geometry":{"type":"LineString","coordinates":[[115.1737471,24.0780925],[115.1719788,24.0754859],[115.1707796,24.0737181],[115.1705325,24.0733538],[115.1696308,24.0720244]]},"properties":{"key":"way:1544958766@detail:460_96","osmType":"way","osmId":1544958766,"sourceRegion":"guangdong","featureType":"infrastructure","railClass":"highspeed","mode":"rail","name":"京港高速线","nameEn":"Jinggang High-Speed Line","ref":"3003","usage":"main","highspeed":"yes","status":"operational","color":"#E54848","dataOrigin":"datum-2026-08-01","sourceKey":"way:1544958766"}},{"type":"Feature","geometry":{"type":"LineString","coordinates":[[115.1695597,24.0720639],[115.1697018,24.0722732],[115.1713894,24.0747603],[115.1719119,24.0755303],[115.1736719,24.078124]]},"properties":{"key":"way:1544958767@detail:460_96","osmType":"way","osmId":1544958767,"sourceRegion":"guangdong","featureType":"infrastructure","railClass":"highspeed","mode":"rail","name":"京港高速线","nameEn":"Jinggang High-Speed Line","ref":"3003","usage":"main","highspeed":"yes","status":"operational","color":"#E54848","dataOrigin":"datum-2026-08-01","sourceKey":"way:1544958767"}},{"type":"Feature","geometry":{"type":"LineString","coordinates":[[115.172676,24.0767894],[115.1734178,24.0779157],[115.1735918,24.0781727]]},"properties":{"key":"way:1544958768@detail:460_96","osmType":"way","osmId":1544958768,"sourceRegion":"guangdong","featureType":"infrastructure","railClass":"minor","mode":"rail","name":"未命名","service":"yard","status":"operational","color":"#52636F","dataOrigin":"datum-2026-08-01","sourceKey":"way:1544958768"}},{"type":"Feature","geometry":{"type":"LineString","coordinates":[[115.1719119,24.0755303],[115.172676,24.0767894],[115.1734999,24.0782332]]},"properties":{"key":"way:1544958769@detail:460_96","osmType":"way","osmId":1544958769,"sourceRegion":"guangdong","featureType":"infrastructure","railClass":"minor","mode":"rail","name":"未命名","service":"yard","status":"operational","color":"#52636F","dataOrigin":"datum-2026-08-01","sourceKey":"way:1544958769"}},{"type":"Feature","geometry":{"type":"LineString","coordinates":[[115.1723786,24.0769239],[115.1733908,24.0783068]]},"properties":{"key":"way:1544958770@detail:460_96","osmType":"way","osmId":1544958770,"sourceRegion":"guangdong","featureType":"infrastructure","railClass":"minor","mode":"rail","name":"未命名","service":"yard","status":"operational","color":"#52636F","dataOrigin":"datum-2026-08-01","sourceKey":"way:1544958770"}},{"type":"Feature","geometry":{"type":"LineString","coordinates":[[115.1714569,24.0754478],[115.1723786,24.0769239],[115.1732809,24.078374]]},"properties":{"key":"way:1544958771@detail:460_96","osmType":"way","osmId":1544958771,"sourceRegion":"guangdong","featureType":"infrastructure","railClass":"minor","mode":"rail","name":"未命名","service":"yard","status":"operational","color":"#52636F","dataOrigin":"datum-2026-08-01","sourceKey":"way:1544958771"}},{"type":"Feature","geometry":{"type":"LineString","coordinates":[[115.1694921,24.0720988],[115.1698436,24.0726465],[115.1701824,24.0731983],[115.1714569,24.0754478],[115.1724465,24.0771945],[115.1728035,24.0777836],[115.1731794,24.0783594],[115.1732096,24.0784039]]},"properties":{"key":"way:1544958772@detail:460_96","osmType":"way","osmId":1544958772,"sourceRegion":"guangdong","featureType":"infrastructure","railClass":"highspeed","mode":"rail","name":"龙龙高速线","usage":"main","highspeed":"yes","status":"operational","color":"#E54848","dataOrigin":"datum-2026-08-01","sourceKey":"way:1544958772"}},{"type":"Feature","geometry":{"type":"LineString","coordinates":[[115.1791323,24.0856423],[115.1787044,24.0848991],[115.1778326,24.0833848],[115.1775283,24.0828741],[115.1772138,24.0823537],[115.1769322,24.081929]]},"properties":{"key":"way:1544958773@detail:460_96","osmType":"way","osmId":1544958773,"sourceRegion":"guangdong","featureType":"infrastructure","railClass":"highspeed","mode":"rail","name":"龙龙高速线","usage":"main","highspeed":"yes","status":"operational","color":"#E54848","dataOrigin":"datum-2026-08-01","sourceKey":"way:1544958773"}},{"type":"Feature","geometry":{"type":"LineString","coordinates":[[115.1787044,24.0848991],[115.1777607,24.083433],[115.1769651,24.082134],[115.1768639,24.0819756]]},"properties":{"key":"way:1544958774@detail:460_96","osmType":"way","osmId":1544958774,"sourceRegion":"guangdong","featureType":"infrastructure","railClass":"minor","mode":"rail","name":"未命名","service":"yard","status":"operational","color":"#52636F","dataOrigin":"datum-2026-08-01","sourceKey":"way:1544958774"}},{"type":"Feature","geometry":{"type":"LineString","coordinates":[[115.1777607,24.083433],[115.1768723,24.0821712],[115.1767774,24.0820336]]},"properties":{"key":"way:1544958775@detail:460_96","osmType":"way","osmId":1544958775,"sourceRegion":"guangdong","featureType":"infrastructure","railClass":"minor","mode":"rail","name":"未命名","service":"yard","status":"operational","color":"#52636F","dataOrigin":"datum-2026-08-01","sourceKey":"way:1544958775"}},{"type":"Feature","geometry":{"type":"LineString","coordinates":[[115.1780603,24.0844505],[115.1775217,24.0835449],[115.1766924,24.0821019]]},"properties":{"key":"way:1544958776@detail:460_96","osmType":"way","osmId":1544958776,"sourceRegion":"guangdong","featureType":"infrastructure","railClass":"minor","mode":"rail","name":"未命名","service":"yard","status":"operational","color":"#52636F","dataOrigin":"datum-2026-08-01","sourceKey":"way:1544958776"}},{"type":"Feature","geometry":{"type":"LineString","coordinates":[[115.1775217,24.0835449],[115.1768127,24.0824493],[115.176619,24.0821624]]},"properties":{"key":"way:1544958777@detail:460_96","osmType":"way","osmId":1544958777,"sourceRegion":"guangdong","featureType":"infrastructure","railClass":"minor","mode":"rail","name":"未命名","service":"yard","status":"operational","color":"#52636F","dataOrigin":"datum-2026-08-01","sourceKey":"way:1544958777"}},{"type":"Feature","geometry":{"type":"LineString","coordinates":[[115.1789241,24.0857238],[115.1780603,24.0844505],[115.1765414,24.0822116]]},"properties":{"key":"way:1544958778@detail:460_96","osmType":"way","osmId":1544958778,"sourceRegion":"guangdong","featureType":"infrastructure","railClass":"highspeed","mode":"rail","name":"京港高速线","nameEn":"Jinggang High-Speed Line","ref":"3003","usage":"main","highspeed":"yes","status":"operational","color":"#E54848","dataOrigin":"datum-2026-08-01","sourceKey":"way:1544958778"}},{"type":"Feature","geometry":{"type":"LineString","coordinates":[[115.1764695,24.0822466],[115.1779938,24.0844928],[115.1788563,24.0857637]]},"properties":{"key":"way:1544958779@detail:460_96","osmType":"way","osmId":1544958779,"sourceRegion":"guangdong","featureType":"infrastructure","railClass":"highspeed","mode":"rail","name":"京港高速线","nameEn":"Jinggang High-Speed Line","ref":"3003","usage":"main","highspeed":"yes","status":"operational","color":"#E54848","dataOrigin":"datum-2026-08-01","sourceKey":"way:1544958779"}},{"type":"Feature","geometry":{"type":"LineString","coordinates":[[115.1763836,24.0822945],[115.1765748,24.0825768],[115.177335,24.083646]]},"properties":{"key":"way:1544958780@detail:460_96","osmType":"way","osmId":1544958780,"sourceRegion":"guangdong","featureType":"infrastructure","railClass":"minor","mode":"rail","name":"未命名","service":"yard","status":"operational","color":"#52636F","dataOrigin":"datum-2026-08-01","sourceKey":"way:1544958780"}},{"type":"Feature","geometry":{"type":"LineString","coordinates":[[115.1763066,24.0823601],[115.177335,24.083646],[115.1779938,24.0844928]]},"properties":{"key":"way:1544958781@detail:460_96","osmType":"way","osmId":1544958781,"sourceRegion":"guangdong","featureType":"infrastructure","railClass":"minor","mode":"rail","name":"未命名","service":"yard","status":"operational","color":"#52636F","dataOrigin":"datum-2026-08-01","sourceKey":"way:1544958781"}},{"type":"Feature","geometry":{"type":"LineString","coordinates":[[115.1761871,24.0824207],[115.1762376,24.0824989],[115.1770581,24.0838131]]},"properties":{"key":"way:1544958782@detail:460_96","osmType":"way","osmId":1544958782,"sourceRegion":"guangdong","featureType":"infrastructure","railClass":"minor","mode":"rail","name":"未命名","service":"yard","status":"operational","color":"#52636F","dataOrigin":"datum-2026-08-01","sourceKey":"way:1544958782"}},{"type":"Feature","geometry":{"type":"LineString","coordinates":[[115.1760851,24.0824872],[115.1761381,24.0825619],[115.1770581,24.0838131],[115.1782072,24.0853241]]},"properties":{"key":"way:1544958783@detail:460_96","osmType":"way","osmId":1544958783,"sourceRegion":"guangdong","featureType":"infrastructure","railClass":"minor","mode":"rail","name":"未命名","service":"yard","status":"operational","color":"#52636F","dataOrigin":"datum-2026-08-01","sourceKey":"way:1544958783"}},{"type":"Feature","geometry":{"type":"LineString","coordinates":[[115.1760119,24.082539],[115.1762152,24.082839],[115.1765957,24.083357],[115.1769662,24.0838254],[115.1782072,24.0853241],[115.1786752,24.0858892]]},"properties":{"key":"way:1544958784@detail:460_96","osmType":"way","osmId":1544958784,"sourceRegion":"guangdong","featureType":"infrastructure","railClass":"highspeed","mode":"rail","name":"龙龙高速线","usage":"main","highspeed":"yes","status":"operational","color":"#E54848","dataOrigin":"datum-2026-08-01","sourceKey":"way:1544958784"}}]}