{"type":"FeatureCollection","features":[{"type":"Feature","geometry":{"type":"Point","coordinates":[116.3652224,23.5730747]},"properties":{"key":"node:1619326154","osmType":"node","osmId":1619326154,"sourceRegion":"guangdong","featureType":"station","railClass":"minor","mode":"station","name":"揭阳南","nameEn":"Jieyang South","operator":"中国铁路广州局集团有限公司","status":"operational","color":"#52636F","dataOrigin":"datum-2026-08-01","sourceKey":"node:1619326154","stationGroup":"揭阳南","hasOperationalRail":true,"hasConstructionRail":false}},{"type":"Feature","geometry":{"type":"Point","coordinates":[116.4202496,23.5922328]},"properties":{"key":"node:9202090137","osmType":"node","osmId":9202090137,"sourceRegion":"guangdong","featureType":"station","railClass":"minor","mode":"station","name":"揭东","status":"operational","color":"#52636F","dataOrigin":"datum-2026-08-01","sourceKey":"node:9202090137","stationGroup":"揭东","hasOperationalRail":true,"hasConstructionRail":false}},{"type":"Feature","geometry":{"type":"Point","coordinates":[116.2933314,23.6296735]},"properties":{"key":"node:9202090138","osmType":"node","osmId":9202090138,"sourceRegion":"guangdong","featureType":"station","railClass":"minor","mode":"station","name":"新亨","status":"operational","color":"#52636F","dataOrigin":"datum-2026-08-01","sourceKey":"node:9202090138","stationGroup":"新亨","hasOperationalRail":true,"hasConstructionRail":false}},{"type":"Feature","geometry":{"type":"Point","coordinates":[116.3296741,23.6116842]},"properties":{"key":"node:9202090144","osmType":"node","osmId":9202090144,"sourceRegion":"guangdong","featureType":"station","railClass":"minor","mode":"station","name":"揭阳","status":"operational","color":"#52636F","dataOrigin":"datum-2026-08-01","sourceKey":"node:9202090144","stationGroup":"揭阳","hasOperationalRail":true,"hasConstructionRail":false}},{"type":"Feature","geometry":{"type":"LineString","coordinates":[[116.3737419,23.5748014],[116.3750326,23.5728495],[116.3753266,23.5725209],[116.3756851,23.5722712],[116.3760149,23.5721266],[116.3763161,23.5720477],[116.3766101,23.5720412],[116.3769614,23.5720609],[116.3795714,23.5724355],[116.3804663,23.5724738]]},"properties":{"key":"way:148874582@detail:465_94","osmType":"way","osmId":148874582,"sourceRegion":"guangdong","featureType":"infrastructure","railClass":"minor","mode":"rail","name":"未命名","service":"spur","status":"operational","color":"#52636F","dataOrigin":"datum-2026-08-01","sourceKey":"way:148874582"}},{"type":"Feature","geometry":{"type":"LineString","coordinates":[[116.3671436,23.5772056],[116.3677331,23.5757609],[116.3679195,23.575452],[116.3682422,23.5750577],[116.3684604,23.5747613],[116.3685558,23.5745884],[116.3686624,23.5743952],[116.368899,23.5739767],[116.3690551,23.573712],[116.3693321,23.5733227],[116.3695902,23.5730401],[116.3698484,23.5728561],[116.3701639,23.5727246],[116.3706686,23.5725249]]},"properties":{"key":"way:148874584@detail:465_94","osmType":"way","osmId":148874584,"sourceRegion":"guangdong","featureType":"infrastructure","railClass":"minor","mode":"rail","name":"未命名","service":"spur","status":"operational","color":"#52636F","dataOrigin":"datum-2026-08-01","sourceKey":"way:148874584"}},{"type":"Feature","geometry":{"type":"LineString","coordinates":[[116.4142044,23.5896532],[116.4138889,23.5895152]]},"properties":{"key":"way:148874590@detail:465_94","osmType":"way","osmId":148874590,"sourceRegion":"guangdong","featureType":"infrastructure","railClass":"national","mode":"rail","name":"畲龙线","ref":"0716","usage":"main","bridge":"yes","status":"operational","color":"#E54848","dataOrigin":"datum-2026-08-01","sourceKey":"way:148874590"}},{"type":"Feature","geometry":{"type":"LineString","coordinates":[[116.3807111,23.5725124],[116.3804663,23.5724738]]},"properties":{"key":"way:148874591@detail:465_94","osmType":"way","osmId":148874591,"sourceRegion":"guangdong","featureType":"infrastructure","railClass":"national","mode":"rail","name":"畲龙线","ref":"0716","usage":"main","bridge":"yes","status":"operational","color":"#E54848","dataOrigin":"datum-2026-08-01","sourceKey":"way:148874591"}},{"type":"Feature","geometry":{"type":"LineString","coordinates":[[116.2899063,23.6327315],[116.2901009,23.6325635]]},"properties":{"key":"way:148874592@detail:465_94","osmType":"way","osmId":148874592,"sourceRegion":"guangdong","featureType":"infrastructure","railClass":"national","mode":"rail","name":"畲龙线","ref":"0716","usage":"main","bridge":"yes","status":"operational","color":"#E54848","dataOrigin":"datum-2026-08-01","sourceKey":"way:148874592"}},{"type":"Feature","geometry":{"type":"LineString","coordinates":[[116.3828039,23.5728006],[116.3826031,23.5727743]]},"properties":{"key":"way:148874594@detail:465_94","osmType":"way","osmId":148874594,"sourceRegion":"guangdong","featureType":"infrastructure","railClass":"national","mode":"rail","name":"畲龙线","ref":"0716","usage":"main","bridge":"yes","status":"operational","color":"#E54848","dataOrigin":"datum-2026-08-01","sourceKey":"way:148874594"}},{"type":"Feature","geometry":{"type":"LineString","coordinates":[[116.3826031,23.5727743],[116.3807111,23.5725124]]},"properties":{"key":"way:148874604@detail:465_94","osmType":"way","osmId":148874604,"sourceRegion":"guangdong","featureType":"infrastructure","railClass":"national","mode":"rail","name":"畲龙线","ref":"0716","usage":"main","status":"operational","color":"#E54848","dataOrigin":"datum-2026-08-01","sourceKey":"way:148874604"}},{"type":"Feature","geometry":{"type":"LineString","coordinates":[[116.4138889,23.5895152],[116.408633,23.5871692],[116.4077869,23.5867158],[116.4069839,23.5862689],[116.4047539,23.5846984]]},"properties":{"key":"way:148874608@detail:465_94","osmType":"way","osmId":148874608,"sourceRegion":"guangdong","featureType":"infrastructure","railClass":"national","mode":"rail","name":"畲龙线","ref":"0716","usage":"main","status":"operational","color":"#E54848","dataOrigin":"datum-2026-08-01","sourceKey":"way:148874608"}},{"type":"Feature","geometry":{"type":"LineString","coordinates":[[116.3702795,23.5725912],[116.3689897,23.5729131],[116.3686553,23.5729909],[116.3684608,23.5730362],[116.362447,23.5741656],[116.3614611,23.574276],[116.3611673,23.5742858]]},"properties":{"key":"way:148874617@detail:465_94","osmType":"way","osmId":148874617,"sourceRegion":"guangdong","featureType":"infrastructure","railClass":"minor","mode":"rail","name":"未命名","service":"siding","status":"operational","color":"#52636F","dataOrigin":"datum-2026-08-01","sourceKey":"way:148874617"}},{"type":"Feature","geometry":{"type":"LineString","coordinates":[[116.2548764,23.6842954],[116.2652371,23.6712047],[116.2659259,23.6702452],[116.2664928,23.6693054],[116.2671171,23.6681159],[116.2697505,23.6630028],[116.2703246,23.6618986],[116.2707336,23.6613071],[116.2711139,23.6608142],[116.2717812,23.6602227],[116.2725203,23.6597297],[116.2733455,23.6593683],[116.274063,23.6591382],[116.2748093,23.6589673],[116.2762731,23.658665],[116.2770337,23.658435],[116.2777871,23.6580998],[116.2783397,23.657712],[116.2789783,23.6571862],[116.2794303,23.656713],[116.2798752,23.6561346],[116.2801622,23.6556153],[116.2803703,23.6550632],[116.2805354,23.6544323],[116.2806789,23.653637],[116.2808726,23.6525327],[116.2810448,23.6518689],[116.2812816,23.6511985],[116.2815471,23.6506069],[116.2820813,23.6496118],[116.2823968,23.6488959],[116.2825761,23.6483704],[116.2827051,23.6478581],[116.2827697,23.6473064],[116.282784,23.6467218],[116.2827338,23.6449155],[116.2827553,23.6443637],[116.2828342,23.643766],[116.2829346,23.643234],[116.2831425,23.6425968],[116.283329,23.6421239],[116.2835728,23.641605],[116.2839528,23.6409809],[116.2843041,23.6404423],[116.286233,23.6376835],[116.289137,23.6334991],[116.2894883,23.6331115],[116.2899063,23.6327315]]},"properties":{"key":"way:148874620@detail:465_94","osmType":"way","osmId":148874620,"sourceRegion":"guangdong","featureType":"infrastructure","railClass":"national","mode":"rail","name":"畲龙线","ref":"0716","usage":"main","status":"operational","color":"#E54848","dataOrigin":"datum-2026-08-01","sourceKey":"way:148874620"}},{"type":"Feature","geometry":{"type":"LineString","coordinates":[[116.5,23.613925581454673],[116.4993816,23.6138395],[116.4984173,23.613665],[116.4984104,23.6136515],[116.4946057,23.6127452],[116.4944587,23.6127101],[116.4840441,23.6102194],[116.4837931,23.6101537],[116.4791682,23.6090565],[116.4732598,23.6076504],[116.4665687,23.6060364],[116.4631209,23.6052063],[116.457994,23.6039973],[116.4524083,23.6026503],[116.4521573,23.6025978],[116.4454745,23.600988],[116.4451191,23.6008983],[116.4449798,23.6008434],[116.4440476,23.6006595],[116.4433951,23.600528],[116.4425705,23.6004163],[116.4417459,23.6003966],[116.4410529,23.6004116],[116.4405341,23.6004229],[116.4397382,23.6004361],[116.4389351,23.6003769],[116.4382038,23.6002324],[116.4373792,23.5999958],[116.4365904,23.5997067],[116.4316859,23.5974924]]},"properties":{"key":"way:148874621@detail:465_94","osmType":"way","osmId":148874621,"sourceRegion":"guangdong","featureType":"infrastructure","railClass":"national","mode":"rail","name":"畲龙线","ref":"0716","usage":"main","status":"operational","color":"#E54848","dataOrigin":"datum-2026-08-01","sourceKey":"way:148874621"}},{"type":"Feature","geometry":{"type":"LineString","coordinates":[[116.3733475,23.5743874],[116.374545,23.5726786],[116.3748031,23.5724026],[116.3751025,23.5722215],[116.3751616,23.5721857],[116.3755202,23.5720609],[116.3758357,23.5719951],[116.3763187,23.5719408]]},"properties":{"key":"way:148874625@detail:465_94","osmType":"way","osmId":148874625,"sourceRegion":"guangdong","featureType":"infrastructure","railClass":"minor","mode":"rail","name":"未命名","service":"spur","status":"operational","color":"#52636F","dataOrigin":"datum-2026-08-01","sourceKey":"way:148874625"}},{"type":"Feature","geometry":{"type":"LineString","coordinates":[[116.3661987,23.5743742],[116.3668798,23.5742362],[116.3670734,23.574163],[116.3673213,23.5740201],[116.3675498,23.5738708],[116.3675819,23.5738513],[116.3683931,23.5732983],[116.3686344,23.5731275],[116.3689919,23.5729761],[116.3704923,23.5725574]]},"properties":{"key":"way:148874626@detail:465_94","osmType":"way","osmId":148874626,"sourceRegion":"guangdong","featureType":"infrastructure","railClass":"minor","mode":"rail","name":"未命名","service":"spur","status":"operational","color":"#52636F","dataOrigin":"datum-2026-08-01","sourceKey":"way:148874626"}},{"type":"Feature","geometry":{"type":"LineString","coordinates":[[116.3804663,23.5724738],[116.3791398,23.5722945],[116.3769241,23.5719791],[116.3763187,23.5719408],[116.3760924,23.5719265],[116.3751459,23.571887],[116.3742926,23.5719068],[116.3735684,23.5719791],[116.3709389,23.5724708]]},"properties":{"key":"way:148874628@detail:465_94","osmType":"way","osmId":148874628,"sourceRegion":"guangdong","featureType":"infrastructure","railClass":"national","mode":"rail","name":"畲龙线","ref":"0716","usage":"main","status":"operational","color":"#E54848","dataOrigin":"datum-2026-08-01","sourceKey":"way:148874628"}},{"type":"Feature","geometry":{"type":"LineString","coordinates":[[116.4047539,23.5846984],[116.4044527,23.5844815]]},"properties":{"key":"way:583630968@detail:465_94","osmType":"way","osmId":583630968,"sourceRegion":"guangdong","featureType":"infrastructure","railClass":"national","mode":"rail","name":"畲龙线","ref":"0716","usage":"main","bridge":"yes","status":"operational","color":"#E54848","dataOrigin":"datum-2026-08-01","sourceKey":"way:583630968"}},{"type":"Feature","geometry":{"type":"LineString","coordinates":[[116.4044527,23.5844815],[116.4024154,23.5830285],[116.4009894,23.5820172],[116.4008982,23.581916],[116.3983364,23.5801049],[116.3982145,23.580026],[116.3950452,23.5777587],[116.3948372,23.5776142],[116.3916464,23.5753074],[116.3909293,23.5747883],[116.3903772,23.5744334],[116.3897319,23.5741048],[116.3890005,23.5738222],[116.388348,23.5736316],[116.3876955,23.573487],[116.3863122,23.5732928]]},"properties":{"key":"way:583630969@detail:465_94","osmType":"way","osmId":583630969,"sourceRegion":"guangdong","featureType":"infrastructure","railClass":"national","mode":"rail","name":"畲龙线","ref":"0716","usage":"main","status":"operational","color":"#E54848","dataOrigin":"datum-2026-08-01","sourceKey":"way:583630969"}},{"type":"Feature","geometry":{"type":"LineString","coordinates":[[116.3695147,23.5727235],[116.3688566,23.5728057],[116.3633284,23.5738526],[116.362013,23.5740929],[116.3615808,23.5742134]]},"properties":{"key":"way:587359903@detail:465_94","osmType":"way","osmId":587359903,"sourceRegion":"guangdong","featureType":"infrastructure","railClass":"minor","mode":"rail","name":"未命名","service":"siding","status":"operational","color":"#52636F","dataOrigin":"datum-2026-08-01","sourceKey":"way:587359903"}},{"type":"Feature","geometry":{"type":"LineString","coordinates":[[116.3686553,23.5729909],[116.3684153,23.5730799],[116.3624608,23.5742107],[116.3621336,23.574255],[116.3618434,23.5742785],[116.3614611,23.574276]]},"properties":{"key":"way:587359904@detail:465_94","osmType":"way","osmId":587359904,"sourceRegion":"guangdong","featureType":"infrastructure","railClass":"minor","mode":"rail","name":"未命名","service":"siding","status":"operational","color":"#52636F","dataOrigin":"datum-2026-08-01","sourceKey":"way:587359904"}},{"type":"Feature","geometry":{"type":"LineString","coordinates":[[116.3639637,23.573993],[116.3679168,23.5732281],[116.3684112,23.5731296],[116.3689897,23.5729131]]},"properties":{"key":"way:587359905@detail:465_94","osmType":"way","osmId":587359905,"sourceRegion":"guangdong","featureType":"infrastructure","railClass":"minor","mode":"rail","name":"未命名","service":"yard","status":"operational","color":"#52636F","dataOrigin":"datum-2026-08-01","sourceKey":"way:587359905"}},{"type":"Feature","geometry":{"type":"LineString","coordinates":[[116.3683931,23.5732983],[116.3681006,23.5734294],[116.3679544,23.5735415],[116.3677159,23.5736524],[116.3675107,23.573735],[116.3672371,23.5737765],[116.3657081,23.5740782]]},"properties":{"key":"way:587359907@detail:465_94","osmType":"way","osmId":587359907,"sourceRegion":"guangdong","featureType":"infrastructure","railClass":"minor","mode":"rail","name":"未命名","service":"spur","status":"operational","color":"#52636F","dataOrigin":"datum-2026-08-01","sourceKey":"way:587359907"}},{"type":"Feature","geometry":{"type":"LineString","coordinates":[[116.3685558,23.5745884],[116.3674683,23.5772555]]},"properties":{"key":"way:587359908@detail:465_94","osmType":"way","osmId":587359908,"sourceRegion":"guangdong","featureType":"infrastructure","railClass":"minor","mode":"rail","name":"未命名","service":"spur","status":"operational","color":"#52636F","dataOrigin":"datum-2026-08-01","sourceKey":"way:587359908"}},{"type":"Feature","geometry":{"type":"LineString","coordinates":[[116.3706686,23.5725249],[116.3704923,23.5725574],[116.3702795,23.5725912],[116.3695147,23.5727235],[116.3682088,23.5729742],[116.3624434,23.574061],[116.3615808,23.5742134],[116.3611673,23.5742858],[116.3581449,23.5748773],[116.3573203,23.5750548],[116.3566463,23.5752848],[116.3558934,23.5756265],[116.3552265,23.57608],[116.3547103,23.57654],[116.3534267,23.5779924],[116.352681,23.5787744],[116.3518134,23.5795696],[116.3511322,23.5801742],[116.3506303,23.5807656],[116.3502646,23.5813308],[116.3499778,23.5819157],[116.3494902,23.5831708],[116.3492177,23.5838543],[116.3488592,23.5845049],[116.3482712,23.5852606],[116.347547,23.58599],[116.3461405,23.5873428],[116.3400468,23.5931986],[116.3393298,23.5939411],[116.3387991,23.5946048],[116.3383259,23.5952882],[116.3373364,23.596806],[116.3371284,23.5971346],[116.3364688,23.5981662],[116.3359955,23.5989218],[116.3356011,23.5995263],[116.335049,23.6002491],[116.3344897,23.6009522],[116.3343132,23.601123],[116.3338516,23.6015698],[116.3336867,23.6017209],[116.3316216,23.6037315],[116.331532,23.6038137]]},"properties":{"key":"way:587359915@detail:465_94","osmType":"way","osmId":587359915,"sourceRegion":"guangdong","featureType":"infrastructure","railClass":"national","mode":"rail","name":"畲龙线","ref":"0716","usage":"main","status":"operational","color":"#E54848","dataOrigin":"datum-2026-08-01","sourceKey":"way:587359915"}},{"type":"Feature","geometry":{"type":"LineString","coordinates":[[116.3709389,23.5724708],[116.3706686,23.5725249]]},"properties":{"key":"way:587359916@detail:465_94","osmType":"way","osmId":587359916,"sourceRegion":"guangdong","featureType":"infrastructure","railClass":"national","mode":"rail","name":"畲龙线","ref":"0716","usage":"main","bridge":"yes","status":"operational","color":"#E54848","dataOrigin":"datum-2026-08-01","sourceKey":"way:587359916"}},{"type":"Feature","geometry":{"type":"LineString","coordinates":[[116.4618507,23.5623768],[116.4630496,23.5608205],[116.4647922,23.5588142]]},"properties":{"key":"way:840029038@detail:465_94","osmType":"way","osmId":840029038,"sourceRegion":"guangdong","featureType":"infrastructure","railClass":"highspeed","mode":"rail","name":"梅汕线","nameEn":"Meizhou-Shantou High-Speed Railway","ref":"3080","usage":"main","highspeed":"yes","bridge":"yes","status":"operational","color":"#E54848","dataOrigin":"datum-2026-08-01","sourceKey":"way:840029038"}},{"type":"Feature","geometry":{"type":"LineString","coordinates":[[116.4777554,23.5434972],[116.4783335,23.5426485],[116.4790199,23.5417404],[116.4795726,23.5411397],[116.4803053,23.5402951],[116.4806881,23.5399397],[116.4811362,23.5395672],[116.4817528,23.5390916],[116.4824441,23.5385989],[116.4843544,23.5374444],[116.4859664,23.5366649],[116.4874163,23.5361846],[116.4884984,23.5358583],[116.4899321,23.535591],[116.4913845,23.5353665],[116.4928892,23.535337],[116.4939562,23.535351],[116.4949894,23.535396],[116.4969206,23.5356714],[116.4977184,23.5358358],[116.4984655,23.5360157],[116.499989,23.5366649],[116.5,23.536670222006475]]},"properties":{"key":"way:840029039@detail:465_94","osmType":"way","osmId":840029039,"sourceRegion":"guangdong","featureType":"infrastructure","railClass":"highspeed","mode":"rail","name":"梅汕线","nameEn":"Meizhou-Shantou High-Speed Railway","ref":"3080","usage":"main","highspeed":"yes","tunnel":"yes","status":"operational","color":"#E54848","dataOrigin":"datum-2026-08-01","sourceKey":"way:840029039"}},{"type":"Feature","geometry":{"type":"LineString","coordinates":[[116.4647922,23.5588142],[116.4658624,23.5577029],[116.4669979,23.5565916],[116.4707527,23.55271],[116.4718258,23.5515069],[116.4727341,23.5504396],[116.4736518,23.5492695]]},"properties":{"key":"way:907009310@detail:465_94","osmType":"way","osmId":907009310,"sourceRegion":"guangdong","featureType":"infrastructure","railClass":"highspeed","mode":"rail","name":"梅汕线","nameEn":"Meizhou-Shantou High-Speed Railway","ref":"3080","usage":"main","highspeed":"yes","bridge":"yes","status":"operational","color":"#E54848","dataOrigin":"datum-2026-08-01","sourceKey":"way:907009310"}},{"type":"Feature","geometry":{"type":"LineString","coordinates":[[116.4741929,23.5485645],[116.4777554,23.5434972]]},"properties":{"key":"way:907009317@detail:465_94","osmType":"way","osmId":907009317,"sourceRegion":"guangdong","featureType":"infrastructure","railClass":"highspeed","mode":"rail","name":"梅汕线","nameEn":"Meizhou-Shantou High-Speed Railway","ref":"3080","usage":"main","highspeed":"yes","bridge":"yes","status":"operational","color":"#E54848","dataOrigin":"datum-2026-08-01","sourceKey":"way:907009317"}},{"type":"Feature","geometry":{"type":"LineString","coordinates":[[116.4736518,23.5492695],[116.4739931,23.5488514],[116.4741929,23.5485645]]},"properties":{"key":"way:907009318@detail:465_94","osmType":"way","osmId":907009318,"sourceRegion":"guangdong","featureType":"infrastructure","railClass":"highspeed","mode":"rail","name":"梅汕线","nameEn":"Meizhou-Shantou High-Speed Railway","ref":"3080","usage":"main","highspeed":"yes","status":"operational","color":"#E54848","dataOrigin":"datum-2026-08-01","sourceKey":"way:907009318"}},{"type":"Feature","geometry":{"type":"LineString","coordinates":[[116.4606433,23.5641209],[116.4607215,23.5640068],[116.4618158,23.5624333],[116.4618507,23.5623768]]},"properties":{"key":"way:907012107@detail:465_94","osmType":"way","osmId":907012107,"sourceRegion":"guangdong","featureType":"infrastructure","railClass":"highspeed","mode":"rail","name":"梅汕线","nameEn":"Meizhou-Shantou High-Speed Railway","ref":"3080","usage":"main","highspeed":"yes","tunnel":"yes","status":"operational","color":"#E54848","dataOrigin":"datum-2026-08-01","sourceKey":"way:907012107"}},{"type":"Feature","geometry":{"type":"LineString","coordinates":[[116.4428831,23.5838097],[116.4461517,23.5807927],[116.4503521,23.5768201],[116.4525568,23.5747453],[116.4549279,23.5720804],[116.4567304,23.5698285],[116.4606433,23.5641209]]},"properties":{"key":"way:907012108@detail:465_94","osmType":"way","osmId":907012108,"sourceRegion":"guangdong","featureType":"infrastructure","railClass":"highspeed","mode":"rail","name":"梅汕线","nameEn":"Meizhou-Shantou High-Speed Railway","ref":"3080","usage":"main","highspeed":"yes","bridge":"yes","status":"operational","color":"#E54848","dataOrigin":"datum-2026-08-01","sourceKey":"way:907012108"}},{"type":"Feature","geometry":{"type":"LineString","coordinates":[[116.4414418,23.585134],[116.4419287,23.5846916],[116.4428831,23.5838097]]},"properties":{"key":"way:907012109@detail:465_94","osmType":"way","osmId":907012109,"sourceRegion":"guangdong","featureType":"infrastructure","railClass":"highspeed","mode":"rail","name":"梅汕线","nameEn":"Meizhou-Shantou High-Speed Railway","ref":"3080","usage":"main","highspeed":"yes","status":"operational","color":"#E54848","dataOrigin":"datum-2026-08-01","sourceKey":"way:907012109"}},{"type":"Feature","geometry":{"type":"LineString","coordinates":[[116.4255689,23.5979949],[116.4263038,23.5975816],[116.4281487,23.596495],[116.4290883,23.5958792],[116.4306293,23.5948017],[116.431638,23.5940545],[116.4329179,23.5930153],[116.4380067,23.5883468],[116.4414418,23.585134]]},"properties":{"key":"way:907012110@detail:465_94","osmType":"way","osmId":907012110,"sourceRegion":"guangdong","featureType":"infrastructure","railClass":"highspeed","mode":"rail","name":"梅汕线","nameEn":"Meizhou-Shantou High-Speed Railway","ref":"3080","usage":"main","highspeed":"yes","bridge":"yes","status":"operational","color":"#E54848","dataOrigin":"datum-2026-08-01","sourceKey":"way:907012110"}},{"type":"Feature","geometry":{"type":"LineString","coordinates":[[116.4232226,23.5991433],[116.4243692,23.598605],[116.4255689,23.5979949]]},"properties":{"key":"way:907012111@detail:465_94","osmType":"way","osmId":907012111,"sourceRegion":"guangdong","featureType":"infrastructure","railClass":"highspeed","mode":"rail","name":"梅汕线","nameEn":"Meizhou-Shantou High-Speed Railway","ref":"3080","usage":"main","highspeed":"yes","status":"operational","color":"#E54848","dataOrigin":"datum-2026-08-01","sourceKey":"way:907012111"}},{"type":"Feature","geometry":{"type":"LineString","coordinates":[[116.4196905,23.6005134],[116.420251,23.6003392],[116.4212859,23.5999517],[116.4230096,23.599238],[116.4232226,23.5991433]]},"properties":{"key":"way:907012112@detail:465_94","osmType":"way","osmId":907012112,"sourceRegion":"guangdong","featureType":"infrastructure","railClass":"highspeed","mode":"rail","name":"梅汕线","nameEn":"Meizhou-Shantou High-Speed Railway","ref":"3080","usage":"main","highspeed":"yes","tunnel":"yes","status":"operational","color":"#E54848","dataOrigin":"datum-2026-08-01","sourceKey":"way:907012112"}},{"type":"Feature","geometry":{"type":"LineString","coordinates":[[116.4168835,23.6013445],[116.4196905,23.6005134]]},"properties":{"key":"way:907012113@detail:465_94","osmType":"way","osmId":907012113,"sourceRegion":"guangdong","featureType":"infrastructure","railClass":"highspeed","mode":"rail","name":"梅汕线","nameEn":"Meizhou-Shantou High-Speed Railway","ref":"3080","usage":"main","highspeed":"yes","status":"operational","color":"#E54848","dataOrigin":"datum-2026-08-01","sourceKey":"way:907012113"}},{"type":"Feature","geometry":{"type":"LineString","coordinates":[[116.3995866,23.6021257],[116.4004133,23.6022238],[116.4026477,23.6024571],[116.4041013,23.6025631],[116.4061261,23.6026221],[116.4072956,23.6026181],[116.4085541,23.6025595],[116.410094,23.6024377],[116.4108544,23.602355],[116.4137936,23.6019501],[116.4168835,23.6013445]]},"properties":{"key":"way:907012114@detail:465_94","osmType":"way","osmId":907012114,"sourceRegion":"guangdong","featureType":"infrastructure","railClass":"highspeed","mode":"rail","name":"梅汕线","nameEn":"Meizhou-Shantou High-Speed Railway","ref":"3080","usage":"main","highspeed":"yes","bridge":"yes","status":"operational","color":"#E54848","dataOrigin":"datum-2026-08-01","sourceKey":"way:907012114"}},{"type":"Feature","geometry":{"type":"LineString","coordinates":[[116.3975872,23.6018067],[116.3989371,23.6020432],[116.3995866,23.6021257]]},"properties":{"key":"way:907012115@detail:465_94","osmType":"way","osmId":907012115,"sourceRegion":"guangdong","featureType":"infrastructure","railClass":"highspeed","mode":"rail","name":"梅汕线","nameEn":"Meizhou-Shantou High-Speed Railway","ref":"3080","usage":"main","highspeed":"yes","status":"operational","color":"#E54848","dataOrigin":"datum-2026-08-01","sourceKey":"way:907012115"}},{"type":"Feature","geometry":{"type":"LineString","coordinates":[[116.3916064,23.6005063],[116.3927972,23.6008011],[116.3938412,23.60103],[116.3949096,23.6012515],[116.3965304,23.6016179],[116.3975872,23.6018067]]},"properties":{"key":"way:907012116@detail:465_94","osmType":"way","osmId":907012116,"sourceRegion":"guangdong","featureType":"infrastructure","railClass":"highspeed","mode":"rail","name":"梅汕线","nameEn":"Meizhou-Shantou High-Speed Railway","ref":"3080","usage":"main","highspeed":"yes","tunnel":"yes","status":"operational","color":"#E54848","dataOrigin":"datum-2026-08-01","sourceKey":"way:907012116"}},{"type":"Feature","geometry":{"type":"LineString","coordinates":[[116.3897282,23.6000433],[116.3916064,23.6005063]]},"properties":{"key":"way:907012117@detail:465_94","osmType":"way","osmId":907012117,"sourceRegion":"guangdong","featureType":"infrastructure","railClass":"highspeed","mode":"rail","name":"梅汕线","nameEn":"Meizhou-Shantou High-Speed Railway","ref":"3080","usage":"main","highspeed":"yes","status":"operational","color":"#E54848","dataOrigin":"datum-2026-08-01","sourceKey":"way:907012117"}},{"type":"Feature","geometry":{"type":"LineString","coordinates":[[116.3892246,23.5999288],[116.3895541,23.6000037],[116.3897282,23.6000433]]},"properties":{"key":"way:907012118@detail:465_94","osmType":"way","osmId":907012118,"sourceRegion":"guangdong","featureType":"infrastructure","railClass":"highspeed","mode":"rail","name":"梅汕线","nameEn":"Meizhou-Shantou High-Speed Railway","ref":"3080","usage":"main","highspeed":"yes","bridge":"yes","status":"operational","color":"#E54848","dataOrigin":"datum-2026-08-01","sourceKey":"way:907012118"}},{"type":"Feature","geometry":{"type":"LineString","coordinates":[[116.3856375,23.5993698],[116.3861689,23.5994228],[116.3892246,23.5999288]]},"properties":{"key":"way:907012119@detail:465_94","osmType":"way","osmId":907012119,"sourceRegion":"guangdong","featureType":"infrastructure","railClass":"highspeed","mode":"rail","name":"梅汕线","nameEn":"Meizhou-Shantou High-Speed Railway","ref":"3080","usage":"main","highspeed":"yes","status":"operational","color":"#E54848","dataOrigin":"datum-2026-08-01","sourceKey":"way:907012119"}},{"type":"Feature","geometry":{"type":"LineString","coordinates":[[116.3783172,23.5987088],[116.3788705,23.5987065],[116.379393,23.5987324],[116.3811442,23.5989352],[116.3836984,23.5992401],[116.3844614,23.5993111],[116.3850494,23.5993404],[116.3856375,23.5993698]]},"properties":{"key":"way:907012120@detail:465_94","osmType":"way","osmId":907012120,"sourceRegion":"guangdong","featureType":"infrastructure","railClass":"highspeed","mode":"rail","name":"梅汕线","nameEn":"Meizhou-Shantou High-Speed Railway","ref":"3080","usage":"main","highspeed":"yes","tunnel":"yes","status":"operational","color":"#E54848","dataOrigin":"datum-2026-08-01","sourceKey":"way:907012120"}},{"type":"Feature","geometry":{"type":"LineString","coordinates":[[116.3757095,23.5987441],[116.3783172,23.5987088]]},"properties":{"key":"way:907012121@detail:465_94","osmType":"way","osmId":907012121,"sourceRegion":"guangdong","featureType":"infrastructure","railClass":"highspeed","mode":"rail","name":"梅汕线","nameEn":"Meizhou-Shantou High-Speed Railway","ref":"3080","usage":"main","highspeed":"yes","status":"operational","color":"#E54848","dataOrigin":"datum-2026-08-01","sourceKey":"way:907012121"}},{"type":"Feature","geometry":{"type":"LineString","coordinates":[[116.3676813,23.5993389],[116.368488,23.5992213],[116.368946,23.59917],[116.3696804,23.5990876],[116.3733458,23.598776],[116.3757095,23.5987441]]},"properties":{"key":"way:907012122@detail:465_94","osmType":"way","osmId":907012122,"sourceRegion":"guangdong","featureType":"infrastructure","railClass":"highspeed","mode":"rail","name":"梅汕线","nameEn":"Meizhou-Shantou High-Speed Railway","ref":"3080","usage":"main","highspeed":"yes","bridge":"yes","status":"operational","color":"#E54848","dataOrigin":"datum-2026-08-01","sourceKey":"way:907012122"}},{"type":"Feature","geometry":{"type":"LineString","coordinates":[[116.3658625,23.5996327],[116.3676813,23.5993389]]},"properties":{"key":"way:907012123@detail:465_94","osmType":"way","osmId":907012123,"sourceRegion":"guangdong","featureType":"infrastructure","railClass":"highspeed","mode":"rail","name":"梅汕线","nameEn":"Meizhou-Shantou High-Speed Railway","ref":"3080","usage":"main","highspeed":"yes","status":"operational","color":"#E54848","dataOrigin":"datum-2026-08-01","sourceKey":"way:907012123"}},{"type":"Feature","geometry":{"type":"LineString","coordinates":[[116.3657201,23.5996607],[116.3658625,23.5996327]]},"properties":{"key":"way:907012124@detail:465_94","osmType":"way","osmId":907012124,"sourceRegion":"guangdong","featureType":"infrastructure","railClass":"highspeed","mode":"rail","name":"梅汕线","nameEn":"Meizhou-Shantou High-Speed Railway","ref":"3080","usage":"main","highspeed":"yes","bridge":"yes","status":"operational","color":"#E54848","dataOrigin":"datum-2026-08-01","sourceKey":"way:907012124"}},{"type":"Feature","geometry":{"type":"LineString","coordinates":[[116.359208,23.6010074],[116.361122,23.6005658],[116.3657201,23.5996607]]},"properties":{"key":"way:907012125@detail:465_94","osmType":"way","osmId":907012125,"sourceRegion":"guangdong","featureType":"infrastructure","railClass":"highspeed","mode":"rail","name":"梅汕线","nameEn":"Meizhou-Shantou High-Speed Railway","ref":"3080","usage":"main","highspeed":"yes","status":"operational","color":"#E54848","dataOrigin":"datum-2026-08-01","sourceKey":"way:907012125"}},{"type":"Feature","geometry":{"type":"LineString","coordinates":[[116.3357127,23.6089956],[116.3371721,23.6081802],[116.3395243,23.6068659],[116.3408085,23.6061762],[116.3422374,23.605495],[116.3444882,23.6045464],[116.3462211,23.6039421],[116.348163,23.6033649],[116.3510882,23.6026949],[116.359208,23.6010074]]},"properties":{"key":"way:907012126@detail:465_94","osmType":"way","osmId":907012126,"sourceRegion":"guangdong","featureType":"infrastructure","railClass":"highspeed","mode":"rail","name":"梅汕线","nameEn":"Meizhou-Shantou High-Speed Railway","ref":"3080","usage":"main","highspeed":"yes","bridge":"yes","status":"operational","color":"#E54848","dataOrigin":"datum-2026-08-01","sourceKey":"way:907012126"}},{"type":"Feature","geometry":{"type":"LineString","coordinates":[[116.320884,23.6173665],[116.3230909,23.6161207],[116.325334,23.6148544],[116.3355758,23.6090729],[116.3357127,23.6089956]]},"properties":{"key":"way:907012129@detail:465_94","osmType":"way","osmId":907012129,"sourceRegion":"guangdong","featureType":"infrastructure","railClass":"highspeed","mode":"rail","name":"梅汕线","nameEn":"Meizhou-Shantou High-Speed Railway","ref":"3080","usage":"main","highspeed":"yes","status":"operational","color":"#E54848","dataOrigin":"datum-2026-08-01","sourceKey":"way:907012129"}},{"type":"Feature","geometry":{"type":"LineString","coordinates":[[116.3149375,23.6208734],[116.3166413,23.61984],[116.320884,23.6173665]]},"properties":{"key":"way:907012130@detail:465_94","osmType":"way","osmId":907012130,"sourceRegion":"guangdong","featureType":"infrastructure","railClass":"highspeed","mode":"rail","name":"梅汕线","nameEn":"Meizhou-Shantou High-Speed Railway","ref":"3080","usage":"main","highspeed":"yes","bridge":"yes","status":"operational","color":"#E54848","dataOrigin":"datum-2026-08-01","sourceKey":"way:907012130"}},{"type":"Feature","geometry":{"type":"LineString","coordinates":[[116.3120684,23.6228386],[116.3135862,23.6217406],[116.3149375,23.6208734]]},"properties":{"key":"way:907012131@detail:465_94","osmType":"way","osmId":907012131,"sourceRegion":"guangdong","featureType":"infrastructure","railClass":"highspeed","mode":"rail","name":"梅汕线","nameEn":"Meizhou-Shantou High-Speed Railway","ref":"3080","usage":"main","highspeed":"yes","status":"operational","color":"#E54848","dataOrigin":"datum-2026-08-01","sourceKey":"way:907012131"}},{"type":"Feature","geometry":{"type":"LineString","coordinates":[[116.2931642,23.6513022],[116.2938559,23.650588],[116.2955725,23.6480623],[116.2968171,23.6457822],[116.2984841,23.6423087],[116.3016343,23.6355606],[116.303823,23.631629],[116.3057971,23.6289751],[116.3077926,23.6266947],[116.309618,23.6249937],[116.3100812,23.6245388],[116.3115003,23.6233075],[116.3120684,23.6228386]]},"properties":{"key":"way:907012132@detail:465_94","osmType":"way","osmId":907012132,"sourceRegion":"guangdong","featureType":"infrastructure","railClass":"highspeed","mode":"rail","name":"梅汕线","nameEn":"Meizhou-Shantou High-Speed Railway","ref":"3080","usage":"main","highspeed":"yes","bridge":"yes","status":"operational","color":"#E54848","dataOrigin":"datum-2026-08-01","sourceKey":"way:907012132"}},{"type":"Feature","geometry":{"type":"LineString","coordinates":[[116.2901953,23.6545105],[116.2931642,23.6513022]]},"properties":{"key":"way:907012133@detail:465_94","osmType":"way","osmId":907012133,"sourceRegion":"guangdong","featureType":"infrastructure","railClass":"highspeed","mode":"rail","name":"梅汕线","nameEn":"Meizhou-Shantou High-Speed Railway","ref":"3080","usage":"main","highspeed":"yes","status":"operational","color":"#E54848","dataOrigin":"datum-2026-08-01","sourceKey":"way:907012133"}},{"type":"Feature","geometry":{"type":"LineString","coordinates":[[116.284104,23.6592145],[116.2844789,23.6589512],[116.2865709,23.6575724],[116.2876258,23.6568015],[116.2884208,23.6561433]]},"properties":{"key":"way:907012134@detail:465_94","osmType":"way","osmId":907012134,"sourceRegion":"guangdong","featureType":"infrastructure","railClass":"highspeed","mode":"rail","name":"梅汕线","nameEn":"Meizhou-Shantou High-Speed Railway","ref":"3080","usage":"main","highspeed":"yes","bridge":"yes","status":"operational","color":"#E54848","dataOrigin":"datum-2026-08-01","sourceKey":"way:907012134"}},{"type":"Feature","geometry":{"type":"LineString","coordinates":[[116.2787857,23.6629415],[116.280756,23.6615651],[116.284104,23.6592145]]},"properties":{"key":"way:907012135@detail:465_94","osmType":"way","osmId":907012135,"sourceRegion":"guangdong","featureType":"infrastructure","railClass":"highspeed","mode":"rail","name":"梅汕线","nameEn":"Meizhou-Shantou High-Speed Railway","ref":"3080","usage":"main","highspeed":"yes","status":"operational","color":"#E54848","dataOrigin":"datum-2026-08-01","sourceKey":"way:907012135"}},{"type":"Feature","geometry":{"type":"LineString","coordinates":[[116.2771107,23.6640624],[116.2772785,23.6639442],[116.2778827,23.6635433],[116.2787857,23.6629415]]},"properties":{"key":"way:907012136@detail:465_94","osmType":"way","osmId":907012136,"sourceRegion":"guangdong","featureType":"infrastructure","railClass":"highspeed","mode":"rail","name":"梅汕线","nameEn":"Meizhou-Shantou High-Speed Railway","ref":"3080","usage":"main","highspeed":"yes","tunnel":"yes","status":"operational","color":"#E54848","dataOrigin":"datum-2026-08-01","sourceKey":"way:907012136"}},{"type":"Feature","geometry":{"type":"LineString","coordinates":[[116.2768614,23.6642626],[116.2771107,23.6640624]]},"properties":{"key":"way:907012137@detail:465_94","osmType":"way","osmId":907012137,"sourceRegion":"guangdong","featureType":"infrastructure","railClass":"highspeed","mode":"rail","name":"梅汕线","nameEn":"Meizhou-Shantou High-Speed Railway","ref":"3080","usage":"main","highspeed":"yes","tunnel":"yes","status":"operational","color":"#E54848","dataOrigin":"datum-2026-08-01","sourceKey":"way:907012137"}},{"type":"Feature","geometry":{"type":"LineString","coordinates":[[116.2706416,23.6704046],[116.2712048,23.6697039],[116.2716775,23.669219],[116.2763313,23.6646975],[116.2768614,23.6642626]]},"properties":{"key":"way:907012138@detail:465_94","osmType":"way","osmId":907012138,"sourceRegion":"guangdong","featureType":"infrastructure","railClass":"highspeed","mode":"rail","name":"梅汕线","nameEn":"Meizhou-Shantou High-Speed Railway","ref":"3080","usage":"main","highspeed":"yes","tunnel":"yes","status":"operational","color":"#E54848","dataOrigin":"datum-2026-08-01","sourceKey":"way:907012138"}},{"type":"Feature","geometry":{"type":"LineString","coordinates":[[116.2702239,23.6709489],[116.2706416,23.6704046]]},"properties":{"key":"way:907012139@detail:465_94","osmType":"way","osmId":907012139,"sourceRegion":"guangdong","featureType":"infrastructure","railClass":"highspeed","mode":"rail","name":"梅汕线","nameEn":"Meizhou-Shantou High-Speed Railway","ref":"3080","usage":"main","highspeed":"yes","status":"operational","color":"#E54848","dataOrigin":"datum-2026-08-01","sourceKey":"way:907012139"}},{"type":"Feature","geometry":{"type":"LineString","coordinates":[[116.2665242,23.6773511],[116.2668016,23.6767406],[116.2670811,23.6762334],[116.2701023,23.6711165],[116.2702239,23.6709489]]},"properties":{"key":"way:907012140@detail:465_94","osmType":"way","osmId":907012140,"sourceRegion":"guangdong","featureType":"infrastructure","railClass":"highspeed","mode":"rail","name":"梅汕线","nameEn":"Meizhou-Shantou High-Speed Railway","ref":"3080","usage":"main","highspeed":"yes","tunnel":"yes","status":"operational","color":"#E54848","dataOrigin":"datum-2026-08-01","sourceKey":"way:907012140"}},{"type":"Feature","geometry":{"type":"LineString","coordinates":[[116.2658751,23.6790509],[116.2665242,23.6773511]]},"properties":{"key":"way:907012141@detail:465_94","osmType":"way","osmId":907012141,"sourceRegion":"guangdong","featureType":"infrastructure","railClass":"highspeed","mode":"rail","name":"梅汕线","nameEn":"Meizhou-Shantou High-Speed Railway","ref":"3080","usage":"main","highspeed":"yes","status":"operational","color":"#E54848","dataOrigin":"datum-2026-08-01","sourceKey":"way:907012141"}},{"type":"Feature","geometry":{"type":"LineString","coordinates":[[116.265049,23.6817382],[116.2655527,23.6799852],[116.2658751,23.6790509]]},"properties":{"key":"way:907012142@detail:465_94","osmType":"way","osmId":907012142,"sourceRegion":"guangdong","featureType":"infrastructure","railClass":"highspeed","mode":"rail","name":"梅汕线","nameEn":"Meizhou-Shantou High-Speed Railway","ref":"3080","usage":"main","highspeed":"yes","tunnel":"yes","status":"operational","color":"#E54848","dataOrigin":"datum-2026-08-01","sourceKey":"way:907012142"}},{"type":"Feature","geometry":{"type":"LineString","coordinates":[[116.2648825,23.6824199],[116.265049,23.6817382]]},"properties":{"key":"way:907012143@detail:465_94","osmType":"way","osmId":907012143,"sourceRegion":"guangdong","featureType":"infrastructure","railClass":"highspeed","mode":"rail","name":"梅汕线","nameEn":"Meizhou-Shantou High-Speed Railway","ref":"3080","usage":"main","highspeed":"yes","status":"operational","color":"#E54848","dataOrigin":"datum-2026-08-01","sourceKey":"way:907012143"}},{"type":"Feature","geometry":{"type":"LineString","coordinates":[[116.263034,23.6913005],[116.2634825,23.6894902],[116.2648825,23.6824199]]},"properties":{"key":"way:907012144@detail:465_94","osmType":"way","osmId":907012144,"sourceRegion":"guangdong","featureType":"infrastructure","railClass":"highspeed","mode":"rail","name":"梅汕线","nameEn":"Meizhou-Shantou High-Speed Railway","ref":"3080","usage":"main","highspeed":"yes","bridge":"yes","status":"operational","color":"#E54848","dataOrigin":"datum-2026-08-01","sourceKey":"way:907012144"}},{"type":"Feature","geometry":{"type":"LineString","coordinates":[[116.2624129,23.6932048],[116.2629568,23.6916123],[116.263034,23.6913005]]},"properties":{"key":"way:907012145@detail:465_94","osmType":"way","osmId":907012145,"sourceRegion":"guangdong","featureType":"infrastructure","railClass":"highspeed","mode":"rail","name":"梅汕线","nameEn":"Meizhou-Shantou High-Speed Railway","ref":"3080","usage":"main","highspeed":"yes","status":"operational","color":"#E54848","dataOrigin":"datum-2026-08-01","sourceKey":"way:907012145"}},{"type":"Feature","geometry":{"type":"LineString","coordinates":[[116.2609505,23.6967799],[116.2610312,23.6966101],[116.2621017,23.6940515],[116.2622734,23.6936281],[116.2624129,23.6932048]]},"properties":{"key":"way:907012146@detail:465_94","osmType":"way","osmId":907012146,"sourceRegion":"guangdong","featureType":"infrastructure","railClass":"highspeed","mode":"rail","name":"梅汕线","nameEn":"Meizhou-Shantou High-Speed Railway","ref":"3080","usage":"main","highspeed":"yes","tunnel":"yes","status":"operational","color":"#E54848","dataOrigin":"datum-2026-08-01","sourceKey":"way:907012146"}},{"type":"Feature","geometry":{"type":"LineString","coordinates":[[116.2594951,23.6993315],[116.2596631,23.6990788],[116.2609505,23.6967799]]},"properties":{"key":"way:907012147@detail:465_94","osmType":"way","osmId":907012147,"sourceRegion":"guangdong","featureType":"infrastructure","railClass":"highspeed","mode":"rail","name":"梅汕线","nameEn":"Meizhou-Shantou High-Speed Railway","ref":"3080","usage":"main","highspeed":"yes","status":"operational","color":"#E54848","dataOrigin":"datum-2026-08-01","sourceKey":"way:907012147"}},{"type":"Feature","geometry":{"type":"LineString","coordinates":[[116.2548208,23.7052099],[116.2556112,23.7043621],[116.2564015,23.7035143],[116.257147,23.7026423],[116.2581611,23.7013383],[116.2594951,23.6993315]]},"properties":{"key":"way:907012148@detail:465_94","osmType":"way","osmId":907012148,"sourceRegion":"guangdong","featureType":"infrastructure","railClass":"highspeed","mode":"rail","name":"梅汕线","nameEn":"Meizhou-Shantou High-Speed Railway","ref":"3080","usage":"main","highspeed":"yes","bridge":"yes","status":"operational","color":"#E54848","dataOrigin":"datum-2026-08-01","sourceKey":"way:907012148"}},{"type":"Feature","geometry":{"type":"LineString","coordinates":[[116.2525103,23.707291],[116.253566,23.7063539],[116.2548208,23.7052099]]},"properties":{"key":"way:907012151@detail:465_94","osmType":"way","osmId":907012151,"sourceRegion":"guangdong","featureType":"infrastructure","railClass":"highspeed","mode":"rail","name":"梅汕线","nameEn":"Meizhou-Shantou High-Speed Railway","ref":"3080","usage":"main","highspeed":"yes","status":"operational","color":"#E54848","dataOrigin":"datum-2026-08-01","sourceKey":"way:907012151"}},{"type":"Feature","geometry":{"type":"LineString","coordinates":[[116.2510049,23.7086274],[116.2525103,23.707291]]},"properties":{"key":"way:907012152@detail:465_94","osmType":"way","osmId":907012152,"sourceRegion":"guangdong","featureType":"infrastructure","railClass":"highspeed","mode":"rail","name":"梅汕线","nameEn":"Meizhou-Shantou High-Speed Railway","ref":"3080","usage":"main","highspeed":"yes","bridge":"yes","status":"operational","color":"#E54848","dataOrigin":"datum-2026-08-01","sourceKey":"way:907012152"}},{"type":"Feature","geometry":{"type":"LineString","coordinates":[[116.25,23.70946212803303],[116.2510049,23.7086274]]},"properties":{"key":"way:907012153@detail:465_94","osmType":"way","osmId":907012153,"sourceRegion":"guangdong","featureType":"infrastructure","railClass":"highspeed","mode":"rail","name":"梅汕线","nameEn":"Meizhou-Shantou High-Speed Railway","ref":"3080","usage":"main","highspeed":"yes","tunnel":"yes","status":"operational","color":"#E54848","dataOrigin":"datum-2026-08-01","sourceKey":"way:907012153"}},{"type":"Feature","geometry":{"type":"LineString","coordinates":[[116.3264977,23.6087012],[116.3212747,23.6137249],[116.3210237,23.6140008],[116.320658,23.614395],[116.3198836,23.6153805],[116.3196398,23.6156893],[116.3182058,23.6176668],[116.3177325,23.6182712],[116.3172521,23.6187377],[116.3167789,23.6191187],[116.3161264,23.6195261],[116.3154882,23.6198742],[116.3148285,23.6201567],[116.3141115,23.6203735],[116.3133442,23.6205049],[116.3054141,23.621396],[116.304766,23.6214989],[116.3042595,23.6216181],[116.3037196,23.6217963],[116.3032158,23.6220175],[116.3028252,23.622229],[116.3024872,23.6224464],[116.3020528,23.622766],[116.2901009,23.6325635]]},"properties":{"key":"way:907012174@detail:465_94","osmType":"way","osmId":907012174,"sourceRegion":"guangdong","featureType":"infrastructure","railClass":"national","mode":"rail","name":"畲龙线","ref":"0716","usage":"main","status":"operational","color":"#E54848","dataOrigin":"datum-2026-08-01","sourceKey":"way:907012174"}},{"type":"Feature","geometry":{"type":"LineString","coordinates":[[116.331532,23.6038137],[116.3314871,23.6038547]]},"properties":{"key":"way:907012175@detail:465_94","osmType":"way","osmId":907012175,"sourceRegion":"guangdong","featureType":"infrastructure","railClass":"national","mode":"rail","name":"畲龙线","ref":"0716","usage":"main","bridge":"yes","status":"operational","color":"#E54848","dataOrigin":"datum-2026-08-01","sourceKey":"way:907012175"}},{"type":"Feature","geometry":{"type":"LineString","coordinates":[[116.5,23.50837580232241],[116.4990594,23.5110462],[116.4988995,23.5115003]]},"properties":{"key":"way:1023108979@detail:465_94","osmType":"way","osmId":1023108979,"sourceRegion":"guangdong","featureType":"infrastructure","railClass":"construction","mode":"construction","name":"粤东城际线","usage":"main","bridge":"yes","status":"construction","color":"#147D92","dataOrigin":"datum-2026-08-01","sourceKey":"way:1023108979"}},{"type":"Feature","geometry":{"type":"LineString","coordinates":[[116.2629956,23.6912925],[116.2634439,23.689483],[116.2648439,23.6824127]]},"properties":{"key":"way:1090905178@detail:465_94","osmType":"way","osmId":1090905178,"sourceRegion":"guangdong","featureType":"infrastructure","railClass":"highspeed","mode":"rail","name":"梅汕线","nameEn":"Meizhou-Shantou High-Speed Railway","ref":"3080","usage":"main","highspeed":"yes","bridge":"yes","status":"operational","color":"#E54848","dataOrigin":"datum-2026-08-01","sourceKey":"way:1090905178"}},{"type":"Feature","geometry":{"type":"LineString","coordinates":[[116.2623752,23.6931942],[116.2629187,23.6916029],[116.2629956,23.6912925]]},"properties":{"key":"way:1090905179@detail:465_94","osmType":"way","osmId":1090905179,"sourceRegion":"guangdong","featureType":"infrastructure","railClass":"highspeed","mode":"rail","name":"梅汕线","nameEn":"Meizhou-Shantou High-Speed Railway","ref":"3080","usage":"main","highspeed":"yes","status":"operational","color":"#E54848","dataOrigin":"datum-2026-08-01","sourceKey":"way:1090905179"}},{"type":"Feature","geometry":{"type":"LineString","coordinates":[[116.2609149,23.6967645],[116.2609947,23.6965964],[116.2620648,23.6940388],[116.262236,23.6936166],[116.2623752,23.6931942]]},"properties":{"key":"way:1090905180@detail:465_94","osmType":"way","osmId":1090905180,"sourceRegion":"guangdong","featureType":"infrastructure","railClass":"highspeed","mode":"rail","name":"梅汕线","nameEn":"Meizhou-Shantou High-Speed Railway","ref":"3080","usage":"main","highspeed":"yes","tunnel":"yes","status":"operational","color":"#E54848","dataOrigin":"datum-2026-08-01","sourceKey":"way:1090905180"}},{"type":"Feature","geometry":{"type":"LineString","coordinates":[[116.2594614,23.6993127],[116.2596287,23.6990612],[116.2609149,23.6967645]]},"properties":{"key":"way:1090905181@detail:465_94","osmType":"way","osmId":1090905181,"sourceRegion":"guangdong","featureType":"infrastructure","railClass":"highspeed","mode":"rail","name":"梅汕线","nameEn":"Meizhou-Shantou High-Speed Railway","ref":"3080","usage":"main","highspeed":"yes","status":"operational","color":"#E54848","dataOrigin":"datum-2026-08-01","sourceKey":"way:1090905181"}},{"type":"Feature","geometry":{"type":"LineString","coordinates":[[116.2547919,23.7051854],[116.2555812,23.7043387],[116.256371,23.7034915],[116.2571154,23.7026207],[116.2581282,23.7013184],[116.2594614,23.6993127]]},"properties":{"key":"way:1090905182@detail:465_94","osmType":"way","osmId":1090905182,"sourceRegion":"guangdong","featureType":"infrastructure","railClass":"highspeed","mode":"rail","name":"梅汕线","nameEn":"Meizhou-Shantou High-Speed Railway","ref":"3080","usage":"main","highspeed":"yes","bridge":"yes","status":"operational","color":"#E54848","dataOrigin":"datum-2026-08-01","sourceKey":"way:1090905182"}},{"type":"Feature","geometry":{"type":"LineString","coordinates":[[116.2524829,23.7072651],[116.2535384,23.7063282],[116.2547919,23.7051854]]},"properties":{"key":"way:1090905183@detail:465_94","osmType":"way","osmId":1090905183,"sourceRegion":"guangdong","featureType":"infrastructure","railClass":"highspeed","mode":"rail","name":"梅汕线","nameEn":"Meizhou-Shantou High-Speed Railway","ref":"3080","usage":"main","highspeed":"yes","status":"operational","color":"#E54848","dataOrigin":"datum-2026-08-01","sourceKey":"way:1090905183"}},{"type":"Feature","geometry":{"type":"LineString","coordinates":[[116.2509779,23.7086011],[116.2524829,23.7072651]]},"properties":{"key":"way:1090905184@detail:465_94","osmType":"way","osmId":1090905184,"sourceRegion":"guangdong","featureType":"infrastructure","railClass":"highspeed","mode":"rail","name":"梅汕线","nameEn":"Meizhou-Shantou High-Speed Railway","ref":"3080","usage":"main","highspeed":"yes","bridge":"yes","status":"operational","color":"#E54848","dataOrigin":"datum-2026-08-01","sourceKey":"way:1090905184"}},{"type":"Feature","geometry":{"type":"LineString","coordinates":[[116.25,23.709413407188663],[116.2509779,23.7086011]]},"properties":{"key":"way:1090905185@detail:465_94","osmType":"way","osmId":1090905185,"sourceRegion":"guangdong","featureType":"infrastructure","railClass":"highspeed","mode":"rail","name":"梅汕线","nameEn":"Meizhou-Shantou High-Speed Railway","ref":"3080","usage":"main","highspeed":"yes","tunnel":"yes","status":"operational","color":"#E54848","dataOrigin":"datum-2026-08-01","sourceKey":"way:1090905185"}},{"type":"Feature","geometry":{"type":"LineString","coordinates":[[116.3208539,23.6173217],[116.3242275,23.6154199],[116.3245505,23.6152378],[116.334679,23.6095277],[116.3356851,23.6089605]]},"properties":{"key":"way:1090905192@detail:465_94","osmType":"way","osmId":1090905192,"sourceRegion":"guangdong","featureType":"infrastructure","railClass":"highspeed","mode":"rail","name":"梅汕线","nameEn":"Meizhou-Shantou High-Speed Railway","ref":"3080","usage":"main","highspeed":"yes","status":"operational","color":"#E54848","dataOrigin":"datum-2026-08-01","sourceKey":"way:1090905192"}},{"type":"Feature","geometry":{"type":"LineString","coordinates":[[116.3149153,23.6208436],[116.3166201,23.6198096],[116.3208539,23.6173217]]},"properties":{"key":"way:1090905193@detail:465_94","osmType":"way","osmId":1090905193,"sourceRegion":"guangdong","featureType":"infrastructure","railClass":"highspeed","mode":"rail","name":"梅汕线","nameEn":"Meizhou-Shantou High-Speed Railway","ref":"3080","usage":"main","highspeed":"yes","bridge":"yes","status":"operational","color":"#E54848","dataOrigin":"datum-2026-08-01","sourceKey":"way:1090905193"}},{"type":"Feature","geometry":{"type":"LineString","coordinates":[[116.312043,23.622811],[116.3135627,23.6217116],[116.3149153,23.6208436]]},"properties":{"key":"way:1090905194@detail:465_94","osmType":"way","osmId":1090905194,"sourceRegion":"guangdong","featureType":"infrastructure","railClass":"highspeed","mode":"rail","name":"梅汕线","nameEn":"Meizhou-Shantou High-Speed Railway","ref":"3080","usage":"main","highspeed":"yes","status":"operational","color":"#E54848","dataOrigin":"datum-2026-08-01","sourceKey":"way:1090905194"}},{"type":"Feature","geometry":{"type":"LineString","coordinates":[[116.2931344,23.6512785],[116.2938242,23.6505663],[116.2955381,23.6480446],[116.2967814,23.6457669],[116.2984479,23.6422943],[116.3015986,23.6355453],[116.303789,23.6316106],[116.3057654,23.6289536],[116.3077631,23.6266707],[116.3095895,23.6249687],[116.3100532,23.6245134],[116.3114736,23.623281],[116.312043,23.622811]]},"properties":{"key":"way:1090905195@detail:465_94","osmType":"way","osmId":1090905195,"sourceRegion":"guangdong","featureType":"infrastructure","railClass":"highspeed","mode":"rail","name":"梅汕线","nameEn":"Meizhou-Shantou High-Speed Railway","ref":"3080","usage":"main","highspeed":"yes","bridge":"yes","status":"operational","color":"#E54848","dataOrigin":"datum-2026-08-01","sourceKey":"way:1090905195"}},{"type":"Feature","geometry":{"type":"LineString","coordinates":[[116.290166,23.6544863],[116.2931344,23.6512785]]},"properties":{"key":"way:1090905196@detail:465_94","osmType":"way","osmId":1090905196,"sourceRegion":"guangdong","featureType":"infrastructure","railClass":"highspeed","mode":"rail","name":"梅汕线","nameEn":"Meizhou-Shantou High-Speed Railway","ref":"3080","usage":"main","highspeed":"yes","status":"operational","color":"#E54848","dataOrigin":"datum-2026-08-01","sourceKey":"way:1090905196"}},{"type":"Feature","geometry":{"type":"LineString","coordinates":[[116.28408,23.6591859],[116.2844554,23.6589222],[116.2865471,23.6575436],[116.2876003,23.656774],[116.2883907,23.6561196]]},"properties":{"key":"way:1090905197@detail:465_94","osmType":"way","osmId":1090905197,"sourceRegion":"guangdong","featureType":"infrastructure","railClass":"highspeed","mode":"rail","name":"梅汕线","nameEn":"Meizhou-Shantou High-Speed Railway","ref":"3080","usage":"main","highspeed":"yes","bridge":"yes","status":"operational","color":"#E54848","dataOrigin":"datum-2026-08-01","sourceKey":"way:1090905197"}},{"type":"Feature","geometry":{"type":"LineString","coordinates":[[116.2787515,23.6628959],[116.2807321,23.6615364],[116.28408,23.6591859]]},"properties":{"key":"way:1090905198@detail:465_94","osmType":"way","osmId":1090905198,"sourceRegion":"guangdong","featureType":"infrastructure","railClass":"highspeed","mode":"rail","name":"梅汕线","nameEn":"Meizhou-Shantou High-Speed Railway","ref":"3080","usage":"main","highspeed":"yes","status":"operational","color":"#E54848","dataOrigin":"datum-2026-08-01","sourceKey":"way:1090905198"}},{"type":"Feature","geometry":{"type":"LineString","coordinates":[[116.2770857,23.6640345],[116.2772549,23.6639153],[116.2778596,23.663514],[116.2787515,23.6628959]]},"properties":{"key":"way:1090905199@detail:465_94","osmType":"way","osmId":1090905199,"sourceRegion":"guangdong","featureType":"infrastructure","railClass":"highspeed","mode":"rail","name":"梅汕线","nameEn":"Meizhou-Shantou High-Speed Railway","ref":"3080","usage":"main","highspeed":"yes","tunnel":"yes","status":"operational","color":"#E54848","dataOrigin":"datum-2026-08-01","sourceKey":"way:1090905199"}},{"type":"Feature","geometry":{"type":"LineString","coordinates":[[116.2768353,23.6642356],[116.2770857,23.6640345]]},"properties":{"key":"way:1090905200@detail:465_94","osmType":"way","osmId":1090905200,"sourceRegion":"guangdong","featureType":"infrastructure","railClass":"highspeed","mode":"rail","name":"梅汕线","nameEn":"Meizhou-Shantou High-Speed Railway","ref":"3080","usage":"main","highspeed":"yes","tunnel":"yes","status":"operational","color":"#E54848","dataOrigin":"datum-2026-08-01","sourceKey":"way:1090905200"}},{"type":"Feature","geometry":{"type":"LineString","coordinates":[[116.2706099,23.670363],[116.2711745,23.6696808],[116.2716485,23.6691946],[116.2763038,23.6646716],[116.2768353,23.6642356]]},"properties":{"key":"way:1090905201@detail:465_94","osmType":"way","osmId":1090905201,"sourceRegion":"guangdong","featureType":"infrastructure","railClass":"highspeed","mode":"rail","name":"梅汕线","nameEn":"Meizhou-Shantou High-Speed Railway","ref":"3080","usage":"main","highspeed":"yes","tunnel":"yes","status":"operational","color":"#E54848","dataOrigin":"datum-2026-08-01","sourceKey":"way:1090905201"}},{"type":"Feature","geometry":{"type":"LineString","coordinates":[[116.2701806,23.6709282],[116.2706099,23.670363]]},"properties":{"key":"way:1090905202@detail:465_94","osmType":"way","osmId":1090905202,"sourceRegion":"guangdong","featureType":"infrastructure","railClass":"highspeed","mode":"rail","name":"梅汕线","nameEn":"Meizhou-Shantou High-Speed Railway","ref":"3080","usage":"main","highspeed":"yes","status":"operational","color":"#E54848","dataOrigin":"datum-2026-08-01","sourceKey":"way:1090905202"}},{"type":"Feature","geometry":{"type":"LineString","coordinates":[[116.2664874,23.6773382],[116.2667658,23.6767255],[116.2670462,23.6762167],[116.2700687,23.6710975],[116.2701806,23.6709282]]},"properties":{"key":"way:1090905203@detail:465_94","osmType":"way","osmId":1090905203,"sourceRegion":"guangdong","featureType":"infrastructure","railClass":"highspeed","mode":"rail","name":"梅汕线","nameEn":"Meizhou-Shantou High-Speed Railway","ref":"3080","usage":"main","highspeed":"yes","tunnel":"yes","status":"operational","color":"#E54848","dataOrigin":"datum-2026-08-01","sourceKey":"way:1090905203"}},{"type":"Feature","geometry":{"type":"LineString","coordinates":[[116.2658377,23.6790395],[116.2664874,23.6773382]]},"properties":{"key":"way:1090905204@detail:465_94","osmType":"way","osmId":1090905204,"sourceRegion":"guangdong","featureType":"infrastructure","railClass":"highspeed","mode":"rail","name":"梅汕线","nameEn":"Meizhou-Shantou High-Speed Railway","ref":"3080","usage":"main","highspeed":"yes","status":"operational","color":"#E54848","dataOrigin":"datum-2026-08-01","sourceKey":"way:1090905204"}},{"type":"Feature","geometry":{"type":"LineString","coordinates":[[116.2650107,23.6817297],[116.2655148,23.6799752],[116.2658377,23.6790395]]},"properties":{"key":"way:1090905205@detail:465_94","osmType":"way","osmId":1090905205,"sourceRegion":"guangdong","featureType":"infrastructure","railClass":"highspeed","mode":"rail","name":"梅汕线","nameEn":"Meizhou-Shantou High-Speed Railway","ref":"3080","usage":"main","highspeed":"yes","tunnel":"yes","status":"operational","color":"#E54848","dataOrigin":"datum-2026-08-01","sourceKey":"way:1090905205"}},{"type":"Feature","geometry":{"type":"LineString","coordinates":[[116.2648439,23.6824127],[116.2650107,23.6817297]]},"properties":{"key":"way:1090905206@detail:465_94","osmType":"way","osmId":1090905206,"sourceRegion":"guangdong","featureType":"infrastructure","railClass":"highspeed","mode":"rail","name":"梅汕线","nameEn":"Meizhou-Shantou High-Speed Railway","ref":"3080","usage":"main","highspeed":"yes","status":"operational","color":"#E54848","dataOrigin":"datum-2026-08-01","sourceKey":"way:1090905206"}},{"type":"Feature","geometry":{"type":"LineString","coordinates":[[116.4196781,23.6004791],[116.4202372,23.6003054],[116.4212703,23.5999185],[116.4229929,23.5992053],[116.423205,23.599111]]},"properties":{"key":"way:1090905207@detail:465_94","osmType":"way","osmId":1090905207,"sourceRegion":"guangdong","featureType":"infrastructure","railClass":"highspeed","mode":"rail","name":"梅汕线","nameEn":"Meizhou-Shantou High-Speed Railway","ref":"3080","usage":"main","highspeed":"yes","tunnel":"yes","status":"operational","color":"#E54848","dataOrigin":"datum-2026-08-01","sourceKey":"way:1090905207"}},{"type":"Feature","geometry":{"type":"LineString","coordinates":[[116.4168733,23.6013096],[116.4196781,23.6004791]]},"properties":{"key":"way:1090905208@detail:465_94","osmType":"way","osmId":1090905208,"sourceRegion":"guangdong","featureType":"infrastructure","railClass":"highspeed","mode":"rail","name":"梅汕线","nameEn":"Meizhou-Shantou High-Speed Railway","ref":"3080","usage":"main","highspeed":"yes","status":"operational","color":"#E54848","dataOrigin":"datum-2026-08-01","sourceKey":"way:1090905208"}},{"type":"Feature","geometry":{"type":"LineString","coordinates":[[116.3995918,23.6020899],[116.4004181,23.6021879],[116.4026515,23.6024211],[116.4041035,23.602527],[116.4061267,23.602586],[116.4072945,23.602582],[116.4085514,23.6025235],[116.41009,23.6024018],[116.4108491,23.6023192],[116.4137865,23.6019146],[116.4168733,23.6013096]]},"properties":{"key":"way:1090905209@detail:465_94","osmType":"way","osmId":1090905209,"sourceRegion":"guangdong","featureType":"infrastructure","railClass":"highspeed","mode":"rail","name":"梅汕线","nameEn":"Meizhou-Shantou High-Speed Railway","ref":"3080","usage":"main","highspeed":"yes","bridge":"yes","status":"operational","color":"#E54848","dataOrigin":"datum-2026-08-01","sourceKey":"way:1090905209"}},{"type":"Feature","geometry":{"type":"LineString","coordinates":[[116.3975947,23.6017712],[116.3989435,23.6020076],[116.3995918,23.6020899]]},"properties":{"key":"way:1090905210@detail:465_94","osmType":"way","osmId":1090905210,"sourceRegion":"guangdong","featureType":"infrastructure","railClass":"highspeed","mode":"rail","name":"梅汕线","nameEn":"Meizhou-Shantou High-Speed Railway","ref":"3080","usage":"main","highspeed":"yes","status":"operational","color":"#E54848","dataOrigin":"datum-2026-08-01","sourceKey":"way:1090905210"}},{"type":"Feature","geometry":{"type":"LineString","coordinates":[[116.3916167,23.6004714],[116.3928069,23.6007661],[116.3938501,23.6009948],[116.3949187,23.6012164],[116.3965389,23.6015826],[116.3975947,23.6017712]]},"properties":{"key":"way:1090905211@detail:465_94","osmType":"way","osmId":1090905211,"sourceRegion":"guangdong","featureType":"infrastructure","railClass":"highspeed","mode":"rail","name":"梅汕线","nameEn":"Meizhou-Shantou High-Speed Railway","ref":"3080","usage":"main","highspeed":"yes","tunnel":"yes","status":"operational","color":"#E54848","dataOrigin":"datum-2026-08-01","sourceKey":"way:1090905211"}},{"type":"Feature","geometry":{"type":"LineString","coordinates":[[116.3897381,23.6000083],[116.3916167,23.6004714]]},"properties":{"key":"way:1090905212@detail:465_94","osmType":"way","osmId":1090905212,"sourceRegion":"guangdong","featureType":"infrastructure","railClass":"highspeed","mode":"rail","name":"梅汕线","nameEn":"Meizhou-Shantou High-Speed Railway","ref":"3080","usage":"main","highspeed":"yes","status":"operational","color":"#E54848","dataOrigin":"datum-2026-08-01","sourceKey":"way:1090905212"}},{"type":"Feature","geometry":{"type":"LineString","coordinates":[[116.3892329,23.5998935],[116.3895636,23.5999686],[116.3897381,23.6000083]]},"properties":{"key":"way:1090905213@detail:465_94","osmType":"way","osmId":1090905213,"sourceRegion":"guangdong","featureType":"infrastructure","railClass":"highspeed","mode":"rail","name":"梅汕线","nameEn":"Meizhou-Shantou High-Speed Railway","ref":"3080","usage":"main","highspeed":"yes","bridge":"yes","status":"operational","color":"#E54848","dataOrigin":"datum-2026-08-01","sourceKey":"way:1090905213"}},{"type":"Feature","geometry":{"type":"LineString","coordinates":[[116.3856407,23.5993338],[116.3861745,23.599387],[116.3892329,23.5998935]]},"properties":{"key":"way:1090905214@detail:465_94","osmType":"way","osmId":1090905214,"sourceRegion":"guangdong","featureType":"infrastructure","railClass":"highspeed","mode":"rail","name":"梅汕线","nameEn":"Meizhou-Shantou High-Speed Railway","ref":"3080","usage":"main","highspeed":"yes","status":"operational","color":"#E54848","dataOrigin":"datum-2026-08-01","sourceKey":"way:1090905214"}},{"type":"Feature","geometry":{"type":"LineString","coordinates":[[116.3783168,23.5986727],[116.3788715,23.5986704],[116.3793965,23.5986964],[116.3811492,23.5988994],[116.3837029,23.5992042],[116.3844645,23.5992751],[116.3850515,23.5993043],[116.3856407,23.5993338]]},"properties":{"key":"way:1090905215@detail:465_94","osmType":"way","osmId":1090905215,"sourceRegion":"guangdong","featureType":"infrastructure","railClass":"highspeed","mode":"rail","name":"梅汕线","nameEn":"Meizhou-Shantou High-Speed Railway","ref":"3080","usage":"main","highspeed":"yes","tunnel":"yes","status":"operational","color":"#E54848","dataOrigin":"datum-2026-08-01","sourceKey":"way:1090905215"}},{"type":"Feature","geometry":{"type":"LineString","coordinates":[[116.3757089,23.598708],[116.3783168,23.5986727]]},"properties":{"key":"way:1090905216@detail:465_94","osmType":"way","osmId":1090905216,"sourceRegion":"guangdong","featureType":"infrastructure","railClass":"highspeed","mode":"rail","name":"梅汕线","nameEn":"Meizhou-Shantou High-Speed Railway","ref":"3080","usage":"main","highspeed":"yes","status":"operational","color":"#E54848","dataOrigin":"datum-2026-08-01","sourceKey":"way:1090905216"}},{"type":"Feature","geometry":{"type":"LineString","coordinates":[[116.3676748,23.5993033],[116.3684825,23.5991855],[116.3689412,23.5991342],[116.3696762,23.5990517],[116.3733437,23.5987399],[116.3757089,23.598708]]},"properties":{"key":"way:1090905217@detail:465_94","osmType":"way","osmId":1090905217,"sourceRegion":"guangdong","featureType":"infrastructure","railClass":"highspeed","mode":"rail","name":"梅汕线","nameEn":"Meizhou-Shantou High-Speed Railway","ref":"3080","usage":"main","highspeed":"yes","bridge":"yes","status":"operational","color":"#E54848","dataOrigin":"datum-2026-08-01","sourceKey":"way:1090905217"}},{"type":"Feature","geometry":{"type":"LineString","coordinates":[[116.365855,23.5995972],[116.3676748,23.5993033]]},"properties":{"key":"way:1090905218@detail:465_94","osmType":"way","osmId":1090905218,"sourceRegion":"guangdong","featureType":"infrastructure","railClass":"highspeed","mode":"rail","name":"梅汕线","nameEn":"Meizhou-Shantou High-Speed Railway","ref":"3080","usage":"main","highspeed":"yes","status":"operational","color":"#E54848","dataOrigin":"datum-2026-08-01","sourceKey":"way:1090905218"}},{"type":"Feature","geometry":{"type":"LineString","coordinates":[[116.3657118,23.5996254],[116.365855,23.5995972]]},"properties":{"key":"way:1090905219@detail:465_94","osmType":"way","osmId":1090905219,"sourceRegion":"guangdong","featureType":"infrastructure","railClass":"highspeed","mode":"rail","name":"梅汕线","nameEn":"Meizhou-Shantou High-Speed Railway","ref":"3080","usage":"main","highspeed":"yes","bridge":"yes","status":"operational","color":"#E54848","dataOrigin":"datum-2026-08-01","sourceKey":"way:1090905219"}},{"type":"Feature","geometry":{"type":"LineString","coordinates":[[116.3591988,23.6009723],[116.361113,23.6005306],[116.3657118,23.5996254]]},"properties":{"key":"way:1090905220@detail:465_94","osmType":"way","osmId":1090905220,"sourceRegion":"guangdong","featureType":"infrastructure","railClass":"highspeed","mode":"rail","name":"梅汕线","nameEn":"Meizhou-Shantou High-Speed Railway","ref":"3080","usage":"main","highspeed":"yes","status":"operational","color":"#E54848","dataOrigin":"datum-2026-08-01","sourceKey":"way:1090905220"}},{"type":"Feature","geometry":{"type":"LineString","coordinates":[[116.3356851,23.6089605],[116.3359534,23.608809],[116.3394925,23.6068115],[116.3407812,23.6061243],[116.3422147,23.6054414],[116.3444728,23.6045131],[116.346208,23.603908],[116.3481521,23.6033302],[116.3510791,23.6026598],[116.3591988,23.6009723]]},"properties":{"key":"way:1090905221@detail:465_94","osmType":"way","osmId":1090905221,"sourceRegion":"guangdong","featureType":"infrastructure","railClass":"highspeed","mode":"rail","name":"梅汕线","nameEn":"Meizhou-Shantou High-Speed Railway","ref":"3080","usage":"main","highspeed":"yes","bridge":"yes","status":"operational","color":"#E54848","dataOrigin":"datum-2026-08-01","sourceKey":"way:1090905221"}},{"type":"Feature","geometry":{"type":"LineString","coordinates":[[116.4606099,23.5641017],[116.4606882,23.5639875],[116.461782,23.5624147],[116.4618174,23.5623574]]},"properties":{"key":"way:1090905222@detail:465_94","osmType":"way","osmId":1090905222,"sourceRegion":"guangdong","featureType":"infrastructure","railClass":"highspeed","mode":"rail","name":"梅汕线","nameEn":"Meizhou-Shantou High-Speed Railway","ref":"3080","usage":"main","highspeed":"yes","tunnel":"yes","status":"operational","color":"#E54848","dataOrigin":"datum-2026-08-01","sourceKey":"way:1090905222"}},{"type":"Feature","geometry":{"type":"LineString","coordinates":[[116.4428551,23.5837843],[116.4461236,23.5807674],[116.4503238,23.5767949],[116.4525274,23.5747212],[116.4548967,23.5720583],[116.4566978,23.5698082],[116.4606099,23.5641017]]},"properties":{"key":"way:1090905223@detail:465_94","osmType":"way","osmId":1090905223,"sourceRegion":"guangdong","featureType":"infrastructure","railClass":"highspeed","mode":"rail","name":"梅汕线","nameEn":"Meizhou-Shantou High-Speed Railway","ref":"3080","usage":"main","highspeed":"yes","bridge":"yes","status":"operational","color":"#E54848","dataOrigin":"datum-2026-08-01","sourceKey":"way:1090905223"}},{"type":"Feature","geometry":{"type":"LineString","coordinates":[[116.4414138,23.5851085],[116.4419008,23.5846661],[116.4428551,23.5837843]]},"properties":{"key":"way:1090905224@detail:465_94","osmType":"way","osmId":1090905224,"sourceRegion":"guangdong","featureType":"infrastructure","railClass":"highspeed","mode":"rail","name":"梅汕线","nameEn":"Meizhou-Shantou High-Speed Railway","ref":"3080","usage":"main","highspeed":"yes","status":"operational","color":"#E54848","dataOrigin":"datum-2026-08-01","sourceKey":"way:1090905224"}},{"type":"Feature","geometry":{"type":"LineString","coordinates":[[116.425549,23.5979637],[116.4262828,23.597551],[116.4281266,23.5964651],[116.4290649,23.5958501],[116.430605,23.5947733],[116.4316125,23.5940269],[116.4328909,23.592989],[116.4379787,23.5883214],[116.4414138,23.5851085]]},"properties":{"key":"way:1090905225@detail:465_94","osmType":"way","osmId":1090905225,"sourceRegion":"guangdong","featureType":"infrastructure","railClass":"highspeed","mode":"rail","name":"梅汕线","nameEn":"Meizhou-Shantou High-Speed Railway","ref":"3080","usage":"main","highspeed":"yes","bridge":"yes","status":"operational","color":"#E54848","dataOrigin":"datum-2026-08-01","sourceKey":"way:1090905225"}},{"type":"Feature","geometry":{"type":"LineString","coordinates":[[116.423205,23.599111],[116.4243506,23.5985731],[116.425549,23.5979637]]},"properties":{"key":"way:1090905226@detail:465_94","osmType":"way","osmId":1090905226,"sourceRegion":"guangdong","featureType":"infrastructure","railClass":"highspeed","mode":"rail","name":"梅汕线","nameEn":"Meizhou-Shantou High-Speed Railway","ref":"3080","usage":"main","highspeed":"yes","status":"operational","color":"#E54848","dataOrigin":"datum-2026-08-01","sourceKey":"way:1090905226"}},{"type":"Feature","geometry":{"type":"LineString","coordinates":[[116.4741597,23.5485451],[116.4777223,23.5434775]]},"properties":{"key":"way:1090905229@detail:465_94","osmType":"way","osmId":1090905229,"sourceRegion":"guangdong","featureType":"infrastructure","railClass":"highspeed","mode":"rail","name":"梅汕线","nameEn":"Meizhou-Shantou High-Speed Railway","ref":"3080","usage":"main","highspeed":"yes","bridge":"yes","status":"operational","color":"#E54848","dataOrigin":"datum-2026-08-01","sourceKey":"way:1090905229"}},{"type":"Feature","geometry":{"type":"LineString","coordinates":[[116.47362,23.5492481],[116.4739607,23.5488308],[116.4741597,23.5485451]]},"properties":{"key":"way:1090905230@detail:465_94","osmType":"way","osmId":1090905230,"sourceRegion":"guangdong","featureType":"infrastructure","railClass":"highspeed","mode":"rail","name":"梅汕线","nameEn":"Meizhou-Shantou High-Speed Railway","ref":"3080","usage":"main","highspeed":"yes","status":"operational","color":"#E54848","dataOrigin":"datum-2026-08-01","sourceKey":"way:1090905230"}},{"type":"Feature","geometry":{"type":"LineString","coordinates":[[116.464762,23.558791],[116.4658332,23.5576786],[116.4669688,23.5565673],[116.4707227,23.5526866],[116.471795,23.5514844],[116.4727026,23.5504179],[116.47362,23.5492481]]},"properties":{"key":"way:1090905231@detail:465_94","osmType":"way","osmId":1090905231,"sourceRegion":"guangdong","featureType":"infrastructure","railClass":"highspeed","mode":"rail","name":"梅汕线","nameEn":"Meizhou-Shantou High-Speed Railway","ref":"3080","usage":"main","highspeed":"yes","bridge":"yes","status":"operational","color":"#E54848","dataOrigin":"datum-2026-08-01","sourceKey":"way:1090905231"}},{"type":"Feature","geometry":{"type":"LineString","coordinates":[[116.4618174,23.5623574],[116.4630181,23.5607988],[116.464762,23.558791]]},"properties":{"key":"way:1090905269@detail:465_94","osmType":"way","osmId":1090905269,"sourceRegion":"guangdong","featureType":"infrastructure","railClass":"highspeed","mode":"rail","name":"梅汕线","nameEn":"Meizhou-Shantou High-Speed Railway","ref":"3080","usage":"main","highspeed":"yes","bridge":"yes","status":"operational","color":"#E54848","dataOrigin":"datum-2026-08-01","sourceKey":"way:1090905269"}},{"type":"Feature","geometry":{"type":"LineString","coordinates":[[116.4777223,23.5434775],[116.4783009,23.5426282],[116.4789884,23.5417187],[116.4800558,23.5405174],[116.480276,23.5402709],[116.4806608,23.5399136],[116.4811103,23.53954],[116.481728,23.5390635],[116.4824211,23.5385695],[116.4843343,23.5374133],[116.4859504,23.5366318],[116.4874034,23.5361504],[116.4884883,23.5358233],[116.4899249,23.5355555],[116.4913808,23.5353304],[116.4928891,23.5353009],[116.4939574,23.5353149],[116.4949934,23.53536],[116.496928,23.5356359],[116.4977277,23.5358007],[116.4984789,23.5359816],[116.5,23.536629730394083]]},"properties":{"key":"way:1090905270@detail:465_94","osmType":"way","osmId":1090905270,"sourceRegion":"guangdong","featureType":"infrastructure","railClass":"highspeed","mode":"rail","name":"梅汕线","nameEn":"Meizhou-Shantou High-Speed Railway","ref":"3080","usage":"main","highspeed":"yes","tunnel":"yes","status":"operational","color":"#E54848","dataOrigin":"datum-2026-08-01","sourceKey":"way:1090905270"}},{"type":"Feature","geometry":{"type":"LineString","coordinates":[[116.4151105,23.5901263],[116.4157543,23.5904237],[116.4161646,23.5906155],[116.4163978,23.5907543],[116.416582,23.5909232],[116.4168463,23.591184],[116.4172162,23.5914299],[116.4175293,23.5915752],[116.4192977,23.5923762]]},"properties":{"key":"way:1091234672@detail:465_94","osmType":"way","osmId":1091234672,"sourceRegion":"guangdong","featureType":"infrastructure","railClass":"minor","mode":"rail","name":"未命名","operator":"揭东货场","usage":"industrial","service":"yard","status":"operational","color":"#52636F","dataOrigin":"datum-2026-08-01","sourceKey":"way:1091234672"}},{"type":"Feature","geometry":{"type":"LineString","coordinates":[[116.4277044,23.5957256],[116.426093,23.5950151],[116.4252439,23.5946306],[116.4248832,23.5944672],[116.4241145,23.5941325],[116.4228315,23.5935468],[116.4221941,23.593268],[116.420456,23.5924892],[116.4192023,23.5919124],[116.4182983,23.5915003],[116.4178471,23.5913052],[116.4175834,23.5911859],[116.4173916,23.5910992],[116.4161362,23.590537],[116.4155672,23.5902823],[116.4153804,23.5901986],[116.4142044,23.5896532]]},"properties":{"key":"way:1091234674@detail:465_94","osmType":"way","osmId":1091234674,"sourceRegion":"guangdong","featureType":"infrastructure","railClass":"national","mode":"rail","name":"畲龙线","ref":"0716","usage":"main","status":"operational","color":"#E54848","dataOrigin":"datum-2026-08-01","sourceKey":"way:1091234674"}},{"type":"Feature","geometry":{"type":"LineString","coordinates":[[116.4278115,23.5957728],[116.4277044,23.5957256]]},"properties":{"key":"way:1091234675@detail:465_94","osmType":"way","osmId":1091234675,"sourceRegion":"guangdong","featureType":"infrastructure","railClass":"national","mode":"rail","name":"畲龙线","ref":"0716","usage":"main","bridge":"yes","status":"operational","color":"#E54848","dataOrigin":"datum-2026-08-01","sourceKey":"way:1091234675"}},{"type":"Feature","geometry":{"type":"LineString","coordinates":[[116.4302661,23.596855],[116.4278115,23.5957728]]},"properties":{"key":"way:1091234676@detail:465_94","osmType":"way","osmId":1091234676,"sourceRegion":"guangdong","featureType":"infrastructure","railClass":"national","mode":"rail","name":"畲龙线","ref":"0716","usage":"main","status":"operational","color":"#E54848","dataOrigin":"datum-2026-08-01","sourceKey":"way:1091234676"}},{"type":"Feature","geometry":{"type":"LineString","coordinates":[[116.4316859,23.5974924],[116.4302661,23.596855]]},"properties":{"key":"way:1091234677@detail:465_94","osmType":"way","osmId":1091234677,"sourceRegion":"guangdong","featureType":"infrastructure","railClass":"national","mode":"rail","name":"畲龙线","ref":"0716","usage":"main","bridge":"yes","status":"operational","color":"#E54848","dataOrigin":"datum-2026-08-01","sourceKey":"way:1091234677"}},{"type":"Feature","geometry":{"type":"LineString","coordinates":[[116.4248832,23.5944672],[116.4243135,23.5941643],[116.4192156,23.5918861],[116.4184474,23.5915301],[116.4183116,23.5914679],[116.4178471,23.5913052]]},"properties":{"key":"way:1092269482@detail:465_94","osmType":"way","osmId":1092269482,"sourceRegion":"guangdong","featureType":"infrastructure","railClass":"minor","mode":"rail","name":"未命名","service":"siding","status":"operational","color":"#52636F","dataOrigin":"datum-2026-08-01","sourceKey":"way:1092269482"}},{"type":"Feature","geometry":{"type":"LineString","coordinates":[[116.4175834,23.5911859],[116.4178839,23.5913566],[116.4182651,23.5915462],[116.4191825,23.5919509],[116.4204323,23.5925239],[116.4221638,23.5933053],[116.4227869,23.5935824],[116.4240908,23.5941708],[116.4246176,23.594402],[116.4252439,23.5946306]]},"properties":{"key":"way:1092269483@detail:465_94","osmType":"way","osmId":1092269483,"sourceRegion":"guangdong","featureType":"infrastructure","railClass":"minor","mode":"rail","name":"未命名","service":"siding","status":"operational","color":"#52636F","dataOrigin":"datum-2026-08-01","sourceKey":"way:1092269483"}},{"type":"Feature","geometry":{"type":"LineString","coordinates":[[116.4161646,23.5906155],[116.4155672,23.5902823]]},"properties":{"key":"way:1092269484@detail:465_94","osmType":"way","osmId":1092269484,"sourceRegion":"guangdong","featureType":"infrastructure","railClass":"minor","mode":"rail","name":"未命名","service":"siding","status":"operational","color":"#52636F","dataOrigin":"datum-2026-08-01","sourceKey":"way:1092269484"}},{"type":"Feature","geometry":{"type":"LineString","coordinates":[[116.3269355,23.608271],[116.3264977,23.6087012]]},"properties":{"key":"way:1092271595@detail:465_94","osmType":"way","osmId":1092271595,"sourceRegion":"guangdong","featureType":"infrastructure","railClass":"national","mode":"rail","name":"畲龙线","ref":"0716","usage":"main","bridge":"yes","status":"operational","color":"#E54848","dataOrigin":"datum-2026-08-01","sourceKey":"way:1092271595"}},{"type":"Feature","geometry":{"type":"LineString","coordinates":[[116.3314871,23.6038547],[116.3314423,23.6038958],[116.3269355,23.608271]]},"properties":{"key":"way:1092271596@detail:465_94","osmType":"way","osmId":1092271596,"sourceRegion":"guangdong","featureType":"infrastructure","railClass":"national","mode":"rail","name":"畲龙线","ref":"0716","usage":"main","status":"operational","color":"#E54848","dataOrigin":"datum-2026-08-01","sourceKey":"way:1092271596"}},{"type":"Feature","geometry":{"type":"LineString","coordinates":[[116.3862052,23.5732778],[116.3846323,23.5730569],[116.3828039,23.5728006]]},"properties":{"key":"way:1101279529@detail:465_94","osmType":"way","osmId":1101279529,"sourceRegion":"guangdong","featureType":"infrastructure","railClass":"national","mode":"rail","name":"畲龙线","ref":"0716","usage":"main","status":"operational","color":"#E54848","dataOrigin":"datum-2026-08-01","sourceKey":"way:1101279529"}},{"type":"Feature","geometry":{"type":"LineString","coordinates":[[116.3863122,23.5732928],[116.3862052,23.5732778]]},"properties":{"key":"way:1101279530@detail:465_94","osmType":"way","osmId":1101279530,"sourceRegion":"guangdong","featureType":"infrastructure","railClass":"national","mode":"rail","name":"畲龙线","ref":"0716","usage":"main","bridge":"yes","status":"operational","color":"#E54848","dataOrigin":"datum-2026-08-01","sourceKey":"way:1101279530"}},{"type":"Feature","geometry":{"type":"LineString","coordinates":[[116.4847078,23.5326835],[116.4921981,23.5252465],[116.4928222,23.5245748],[116.4933777,23.5239067],[116.4938885,23.5232604],[116.4943691,23.5225952],[116.4947987,23.5219546],[116.4952133,23.5212714],[116.4955634,23.5206128],[116.4959577,23.5197978],[116.4963174,23.5189847],[116.4966052,23.5182096],[116.4989611,23.511513]]},"properties":{"key":"way:1372652690@detail:465_94","osmType":"way","osmId":1372652690,"sourceRegion":"guangdong","featureType":"infrastructure","railClass":"construction","mode":"construction","name":"粤东城际线","usage":"main","bridge":"yes","status":"construction","color":"#147D92","dataOrigin":"datum-2026-08-01","sourceKey":"way:1372652690"}},{"type":"Feature","geometry":{"type":"LineString","coordinates":[[116.3606424,23.5683359],[116.3509104,23.5680561],[116.3502473,23.5680689],[116.3496589,23.5681417],[116.3491218,23.568253],[116.3486455,23.5684157],[116.3482532,23.5685997],[116.3479029,23.5688544],[116.3475667,23.5691604],[116.3472632,23.5695072],[116.3468911,23.5699898],[116.346471,23.570588],[116.341492,23.5783531],[116.3411591,23.5788874],[116.3400037,23.5807529],[116.3397225,23.5812555],[116.3394594,23.5817612],[116.3392617,23.5822126],[116.3390803,23.582705],[116.3389199,23.5832038],[116.3387898,23.5837108],[116.3386801,23.5842104],[116.3385895,23.5847388],[116.3385268,23.5852714],[116.3384922,23.5858282],[116.3384821,23.5863588],[116.3384998,23.5868874],[116.3385419,23.5873899],[116.3385991,23.5878899],[116.3386845,23.5884016],[116.3387901,23.5889134],[116.3389365,23.5894399],[116.3391183,23.5899825],[116.3393333,23.590525],[116.3395565,23.5910265],[116.3398423,23.5915965],[116.3411244,23.5938994]]},"properties":{"key":"way:1372652692@detail:465_94","osmType":"way","osmId":1372652692,"sourceRegion":"guangdong","featureType":"infrastructure","railClass":"construction","mode":"construction","name":"粤东城际线","usage":"main","bridge":"yes","status":"construction","color":"#147D92","dataOrigin":"datum-2026-08-01","sourceKey":"way:1372652692"}},{"type":"Feature","geometry":{"type":"LineString","coordinates":[[116.3425135,23.5966932],[116.3439594,23.6003195],[116.3441548,23.6008883],[116.3442908,23.6014753],[116.344356,23.60206],[116.3443503,23.6025223],[116.3442892,23.6030823],[116.3441785,23.6035969],[116.3440065,23.6041043],[116.3437599,23.6046411],[116.3434482,23.6051568],[116.3430474,23.6056679],[116.3426775,23.6060347],[116.342178,23.6064457],[116.3417379,23.6067342],[116.3411456,23.6070339],[116.3404939,23.6073005],[116.3387151,23.6079282],[116.3382406,23.6081294],[116.3376971,23.6083951]]},"properties":{"key":"way:1427045698@detail:465_94","osmType":"way","osmId":1427045698,"sourceRegion":"guangdong","featureType":"infrastructure","railClass":"construction","mode":"construction","name":"粤东城际线","usage":"main","bridge":"yes","status":"construction","color":"#147D92","dataOrigin":"datum-2026-08-01","sourceKey":"way:1427045698"}},{"type":"Feature","geometry":{"type":"LineString","coordinates":[[116.478503,23.5369519],[116.4863962,23.5352788],[116.4874124,23.5350996],[116.4883874,23.5349592],[116.4893341,23.5348707],[116.4902955,23.5348324],[116.4910456,23.5348304],[116.4917964,23.5348673],[116.4926163,23.5349452],[116.4934187,23.535056],[116.4940927,23.5351696],[116.4947666,23.5353131],[116.4955449,23.5354995],[116.4963165,23.5357032],[116.4969579,23.5359217],[116.4976651,23.5361969],[116.4983556,23.5365123],[116.4989572,23.5368164],[116.4994883,23.5371262],[116.5,23.537455502485162]]},"properties":{"key":"way:1458109176@detail:465_94","osmType":"way","osmId":1458109176,"sourceRegion":"guangdong","featureType":"infrastructure","railClass":"construction","mode":"construction","name":"粤东城际线","usage":"main","tunnel":"yes","status":"construction","color":"#147D92","dataOrigin":"datum-2026-08-01","sourceKey":"way:1458109176"}},{"type":"Feature","geometry":{"type":"LineString","coordinates":[[116.4650346,23.5377085],[116.4695187,23.5375846],[116.4747773,23.5374393],[116.4755244,23.5373907],[116.4762673,23.5372993],[116.4769111,23.5371755],[116.4775322,23.5370273],[116.478312,23.5367934]]},"properties":{"key":"way:1458296289@detail:465_94","osmType":"way","osmId":1458296289,"sourceRegion":"guangdong","featureType":"infrastructure","railClass":"construction","mode":"construction","name":"粤东城际线","usage":"main","bridge":"yes","status":"construction","color":"#147D92","dataOrigin":"datum-2026-08-01","sourceKey":"way:1458296289"}},{"type":"Feature","geometry":{"type":"LineString","coordinates":[[116.478312,23.5367934],[116.478991,23.5365499],[116.4796543,23.5362859],[116.4803243,23.5359814],[116.481028,23.5356037],[116.4816828,23.535202],[116.4823703,23.5347188],[116.4830785,23.5341603],[116.4839009,23.5334454],[116.4847078,23.5326835]]},"properties":{"key":"way:1458296290@detail:465_94","osmType":"way","osmId":1458296290,"sourceRegion":"guangdong","featureType":"infrastructure","railClass":"construction","mode":"construction","name":"粤东城际线","usage":"main","status":"construction","color":"#147D92","dataOrigin":"datum-2026-08-01","sourceKey":"way:1458296290"}},{"type":"Feature","geometry":{"type":"LineString","coordinates":[[116.4782833,23.5367409],[116.4775198,23.5369637],[116.4768975,23.5371113],[116.4762591,23.5372342],[116.4755266,23.5373258],[116.4747653,23.5373771],[116.4695151,23.5375261],[116.4650239,23.5376535],[116.4644325,23.5376387],[116.4639001,23.5376088],[116.4633443,23.5375574],[116.4627839,23.5374675],[116.4622535,23.5373439],[116.4616978,23.5371954],[116.4610793,23.5370093],[116.4510565,23.5334338],[116.4502733,23.5331387],[116.4495384,23.5328141],[116.4487713,23.5324256],[116.4481329,23.5320419],[116.4475106,23.5316288],[116.447001,23.5312353],[116.4420176,23.5271161],[116.4413041,23.5265701],[116.4407462,23.5261816],[116.4401561,23.5258274],[116.4395875,23.5255274],[116.4389373,23.5252243],[116.4383123,23.5249785],[116.4376866,23.5247654],[116.4370437,23.5245782],[116.4364062,23.5244204],[116.4357526,23.5242972],[116.4297154,23.5233721],[116.4208768,23.5218241],[116.4197886,23.521633],[116.4146309,23.5206217],[116.4139531,23.5205256],[116.4133245,23.5204748],[116.4126652,23.5204804],[116.4120367,23.5205426],[116.4113157,23.5206556],[116.4096514,23.5210412],[116.4090629,23.5211397],[116.4084792,23.5212039],[116.4078674,23.5212168],[116.407293,23.5211825],[116.4067373,23.521114],[116.4050654,23.5208185],[116.4044957,23.5207415],[116.4039446,23.5207072],[116.4033936,23.5207029],[116.3948822,23.5207721],[116.3941696,23.5208155],[116.3935163,23.5209353],[116.3929539,23.5211072],[116.3923801,23.5213468],[116.3918461,23.5216281],[116.3912497,23.521977],[116.386684,23.5247828]]},"properties":{"key":"way:1458296291@detail:465_94","osmType":"way","osmId":1458296291,"sourceRegion":"guangdong","featureType":"infrastructure","railClass":"construction","mode":"construction","name":"粤东城际线","usage":"main","bridge":"yes","status":"construction","color":"#147D92","dataOrigin":"datum-2026-08-01","sourceKey":"way:1458296291"}},{"type":"Feature","geometry":{"type":"LineString","coordinates":[[116.4846631,23.5326393],[116.4838655,23.5333914],[116.4830467,23.5341078],[116.4823275,23.5346687],[116.481641,23.5351482],[116.4809966,23.535555],[116.4803007,23.5359274],[116.4796469,23.5362271],[116.4789698,23.5364926],[116.4782833,23.5367409]]},"properties":{"key":"way:1458296292@detail:465_94","osmType":"way","osmId":1458296292,"sourceRegion":"guangdong","featureType":"infrastructure","railClass":"construction","mode":"construction","name":"粤东城际线","usage":"main","status":"construction","color":"#147D92","dataOrigin":"datum-2026-08-01","sourceKey":"way:1458296292"}},{"type":"Feature","geometry":{"type":"LineString","coordinates":[[116.5,23.53717019747594],[116.49965,23.5369325],[116.4991277,23.5366203],[116.4985074,23.5362949],[116.4978377,23.535989],[116.4970497,23.5356819],[116.49644,23.5354751],[116.4956353,23.5352394],[116.49493,23.5350548],[116.4941771,23.5348924],[116.4935067,23.5347723],[116.4926674,23.534649],[116.4918321,23.534574],[116.4910699,23.5345349],[116.4902781,23.5345153],[116.4893156,23.5345554],[116.488405,23.5346448],[116.4873642,23.5347939],[116.48638,23.5349719],[116.4782991,23.5367093]]},"properties":{"key":"way:1458296293@detail:465_94","osmType":"way","osmId":1458296293,"sourceRegion":"guangdong","featureType":"infrastructure","railClass":"construction","mode":"construction","name":"粤东城际线","usage":"main","tunnel":"yes","status":"construction","color":"#147D92","dataOrigin":"datum-2026-08-01","sourceKey":"way:1458296293"}},{"type":"Feature","geometry":{"type":"LineString","coordinates":[[116.4695187,23.5375846],[116.4741188,23.537535],[116.4747913,23.5375222],[116.4755338,23.5374665],[116.4762857,23.5373852],[116.4769348,23.5372781],[116.4776213,23.5371454],[116.478503,23.5369519]]},"properties":{"key":"way:1458296294@detail:465_94","osmType":"way","osmId":1458296294,"sourceRegion":"guangdong","featureType":"infrastructure","railClass":"construction","mode":"construction","name":"粤东城际线","usage":"main","bridge":"yes","status":"construction","color":"#147D92","dataOrigin":"datum-2026-08-01","sourceKey":"way:1458296294"}},{"type":"Feature","geometry":{"type":"LineString","coordinates":[[116.4782991,23.5367093],[116.4768554,23.5370113],[116.4762334,23.5371231],[116.4755138,23.5372125],[116.4747617,23.5372796],[116.4741153,23.5373244],[116.4727962,23.5373822],[116.4695151,23.5375261]]},"properties":{"key":"way:1458296295@detail:465_94","osmType":"way","osmId":1458296295,"sourceRegion":"guangdong","featureType":"infrastructure","railClass":"construction","mode":"construction","name":"粤东城际线","usage":"main","bridge":"yes","status":"construction","color":"#147D92","dataOrigin":"datum-2026-08-01","sourceKey":"way:1458296295"}},{"type":"Feature","geometry":{"type":"LineString","coordinates":[[116.5,23.50797028081225],[116.4999422,23.5081083],[116.4995776,23.5091566],[116.4994633,23.5095418],[116.4992852,23.5102211],[116.4990594,23.5110462]]},"properties":{"key":"way:1458296296@detail:465_94","osmType":"way","osmId":1458296296,"sourceRegion":"guangdong","featureType":"infrastructure","railClass":"construction","mode":"construction","name":"未命名","service":"siding","bridge":"yes","status":"construction","color":"#8A9298","dataOrigin":"datum-2026-08-01","sourceKey":"way:1458296296"}},{"type":"Feature","geometry":{"type":"LineString","coordinates":[[116.4991189,23.5110643],[116.4994619,23.5102709],[116.4997546,23.5096207],[116.499928,23.509215],[116.5,23.509012273972598]]},"properties":{"key":"way:1458296297@detail:465_94","osmType":"way","osmId":1458296297,"sourceRegion":"guangdong","featureType":"infrastructure","railClass":"construction","mode":"construction","name":"未命名","service":"siding","bridge":"yes","status":"construction","color":"#8A9298","dataOrigin":"datum-2026-08-01","sourceKey":"way:1458296297"}},{"type":"Feature","geometry":{"type":"LineString","coordinates":[[116.4988995,23.5115003],[116.4979063,23.5141309],[116.4976308,23.5148963],[116.4974357,23.5153958],[116.4972243,23.5158879],[116.4968594,23.5166915],[116.4966287,23.5172252],[116.4964274,23.5178252],[116.4962485,23.5184769],[116.4960919,23.5191934],[116.4959694,23.5199523],[116.4959056,23.5206741],[116.4958771,23.5213775],[116.4958832,23.522049],[116.4959247,23.522715],[116.4959909,23.5233821],[116.4961051,23.5240855],[116.4962486,23.5247374],[116.4964284,23.5253996],[116.4966445,23.5260595],[116.4969072,23.5267565],[116.4971998,23.5274731],[116.498712,23.5308714]]},"properties":{"key":"way:1458296298@detail:465_94","osmType":"way","osmId":1458296298,"sourceRegion":"guangdong","featureType":"infrastructure","railClass":"construction","mode":"construction","name":"粤东城际线","usage":"main","bridge":"yes","status":"construction","color":"#147D92","dataOrigin":"datum-2026-08-01","sourceKey":"way:1458296298"}},{"type":"Feature","geometry":{"type":"LineString","coordinates":[[116.4988995,23.5115003],[116.4965368,23.5182077],[116.4962584,23.5189586],[116.4959011,23.5197756],[116.4955108,23.5205845],[116.4951531,23.521248],[116.4947424,23.5219264],[116.4943278,23.5225527],[116.493844,23.5232237],[116.4933317,23.5238723],[116.4927626,23.5245507],[116.4921609,23.525203],[116.4846631,23.5326393]]},"properties":{"key":"way:1458296299@detail:465_94","osmType":"way","osmId":1458296299,"sourceRegion":"guangdong","featureType":"infrastructure","railClass":"construction","mode":"construction","name":"粤东城际线","usage":"main","bridge":"yes","status":"construction","color":"#147D92","dataOrigin":"datum-2026-08-01","sourceKey":"way:1458296299"}},{"type":"Feature","geometry":{"type":"LineString","coordinates":[[116.4989611,23.511513],[116.4991189,23.5110643],[116.5,23.508559748181604]]},"properties":{"key":"way:1458296300@detail:465_94","osmType":"way","osmId":1458296300,"sourceRegion":"guangdong","featureType":"infrastructure","railClass":"construction","mode":"construction","name":"粤东城际线","usage":"main","bridge":"yes","status":"construction","color":"#147D92","dataOrigin":"datum-2026-08-01","sourceKey":"way:1458296300"}},{"type":"Feature","geometry":{"type":"LineString","coordinates":[[116.4987762,23.5308507],[116.4972638,23.5274404],[116.4969778,23.526717],[116.4967298,23.5260222],[116.4965255,23.5253593],[116.4963618,23.5246964],[116.4962388,23.5240494],[116.4961348,23.5233548],[116.4960795,23.522705],[116.4960645,23.5220544],[116.4960811,23.5214067],[116.4961425,23.5207442],[116.4962405,23.5200527],[116.4963925,23.5193138],[116.4965607,23.5186531],[116.4967579,23.517993],[116.4980858,23.5141968],[116.4989611,23.511513]]},"properties":{"key":"way:1458296301@detail:465_94","osmType":"way","osmId":1458296301,"sourceRegion":"guangdong","featureType":"infrastructure","railClass":"construction","mode":"construction","name":"粤东城际线","usage":"main","bridge":"yes","status":"construction","color":"#147D92","dataOrigin":"datum-2026-08-01","sourceKey":"way:1458296301"}},{"type":"Feature","geometry":{"type":"LineString","coordinates":[[116.4980858,23.5141968],[116.4991698,23.5110784],[116.4994619,23.5102709]]},"properties":{"key":"way:1458296302@detail:465_94","osmType":"way","osmId":1458296302,"sourceRegion":"guangdong","featureType":"infrastructure","railClass":"construction","mode":"construction","name":"未命名","service":"siding","bridge":"yes","status":"construction","color":"#8A9298","dataOrigin":"datum-2026-08-01","sourceKey":"way:1458296302"}},{"type":"Feature","geometry":{"type":"LineString","coordinates":[[116.4992852,23.5102211],[116.4990137,23.5110263],[116.4979063,23.5141309]]},"properties":{"key":"way:1458296303@detail:465_94","osmType":"way","osmId":1458296303,"sourceRegion":"guangdong","featureType":"infrastructure","railClass":"construction","mode":"construction","name":"未命名","service":"siding","bridge":"yes","status":"construction","color":"#8A9298","dataOrigin":"datum-2026-08-01","sourceKey":"way:1458296303"}},{"type":"Feature","geometry":{"type":"LineString","coordinates":[[116.498712,23.5308714],[116.5,23.533687235028736]]},"properties":{"key":"way:1458296304@detail:465_94","osmType":"way","osmId":1458296304,"sourceRegion":"guangdong","featureType":"infrastructure","railClass":"construction","mode":"construction","name":"粤东城际线","usage":"main","tunnel":"yes","status":"construction","color":"#147D92","dataOrigin":"datum-2026-08-01","sourceKey":"way:1458296304"}},{"type":"Feature","geometry":{"type":"LineString","coordinates":[[116.5,23.53351848504043],[116.4987762,23.5308507]]},"properties":{"key":"way:1458296306@detail:465_94","osmType":"way","osmId":1458296306,"sourceRegion":"guangdong","featureType":"infrastructure","railClass":"construction","mode":"construction","name":"粤东城际线","usage":"main","tunnel":"yes","status":"construction","color":"#147D92","dataOrigin":"datum-2026-08-01","sourceKey":"way:1458296306"}},{"type":"Feature","geometry":{"type":"LineString","coordinates":[[116.4727962,23.5373822],[116.4720398,23.5373656]]},"properties":{"key":"way:1458296307@detail:465_94","osmType":"way","osmId":1458296307,"sourceRegion":"guangdong","featureType":"infrastructure","railClass":"construction","mode":"construction","name":"未命名","service":"yard","bridge":"yes","status":"construction","color":"#8A9298","dataOrigin":"datum-2026-08-01","sourceKey":"way:1458296307"}},{"type":"Feature","geometry":{"type":"LineString","coordinates":[[116.386684,23.5247828],[116.3847027,23.5259877],[116.3841232,23.5263692],[116.3835888,23.5267512],[116.3830793,23.5271522],[116.3826063,23.5275831],[116.3821597,23.5280235],[116.3817169,23.5285097],[116.3813137,23.5289946],[116.3809294,23.5295207],[116.3805843,23.5300558],[116.3802352,23.5306432],[116.3799507,23.5311734],[116.3796459,23.5317782],[116.3793484,23.5324136],[116.3791285,23.5329454],[116.378925,23.5334984],[116.3787338,23.5341184],[116.3785733,23.5347459],[116.3784599,23.5353422],[116.3783729,23.5359498],[116.3783038,23.5366173],[116.3782826,23.5372659],[116.3784152,23.5612896],[116.3783991,23.5618179],[116.3783551,23.5623558],[116.3782486,23.5629849],[116.3780991,23.5635895],[116.3779156,23.564157],[116.3776966,23.5646837],[116.3774238,23.5652202],[116.3771466,23.5656908],[116.3768096,23.5661533],[116.3763975,23.5666256],[116.3759726,23.5670159],[116.3755231,23.5673319],[116.375095,23.5675791],[116.3746372,23.5678157],[116.3741731,23.5680204],[116.3736377,23.568218],[116.3731103,23.5683773],[116.3725992,23.5684918],[116.3719662,23.5685845],[116.3714174,23.5686255],[116.3707887,23.5686514],[116.3701924,23.5686475],[116.3606424,23.5683359]]},"properties":{"key":"way:1458310316@detail:465_94","osmType":"way","osmId":1458310316,"sourceRegion":"guangdong","featureType":"infrastructure","railClass":"construction","mode":"construction","name":"粤东城际线","usage":"main","tunnel":"yes","status":"construction","color":"#147D92","dataOrigin":"datum-2026-08-01","sourceKey":"way:1458310316"}},{"type":"Feature","geometry":{"type":"LineString","coordinates":[[116.3411244,23.5938994],[116.3416087,23.5947838],[116.3420262,23.5956163],[116.3425135,23.5966932]]},"properties":{"key":"way:1458310317@detail:465_94","osmType":"way","osmId":1458310317,"sourceRegion":"guangdong","featureType":"infrastructure","railClass":"construction","mode":"construction","name":"粤东城际线","usage":"main","status":"construction","color":"#147D92","dataOrigin":"datum-2026-08-01","sourceKey":"way:1458310317"}},{"type":"Feature","geometry":{"type":"LineString","coordinates":[[116.3359534,23.608809],[116.3371721,23.6081802]]},"properties":{"key":"way:1458315822@detail:465_94","osmType":"way","osmId":1458315822,"sourceRegion":"guangdong","featureType":"infrastructure","railClass":"construction","mode":"construction","name":"未命名","service":"crossover","bridge":"yes","status":"construction","color":"#8A9298","dataOrigin":"datum-2026-08-01","sourceKey":"way:1458315822"}},{"type":"Feature","geometry":{"type":"LineString","coordinates":[[116.334679,23.6095277],[116.333668,23.6100476],[116.3329179,23.6104201],[116.3326828,23.6105369],[116.3319694,23.6108589],[116.33161,23.6110433],[116.3285122,23.6127929],[116.3282174,23.6129766],[116.3272021,23.6136319],[116.3262733,23.6141946]]},"properties":{"key":"way:1458315823@detail:465_94","osmType":"way","osmId":1458315823,"sourceRegion":"guangdong","featureType":"infrastructure","railClass":"minor","mode":"rail","name":"未命名","service":"siding","status":"operational","color":"#52636F","dataOrigin":"datum-2026-08-01","sourceKey":"way:1458315823"}},{"type":"Feature","geometry":{"type":"LineString","coordinates":[[116.333668,23.6100476],[116.3328535,23.6104932],[116.3262733,23.6141946],[116.3260196,23.6143373],[116.3245505,23.6152378]]},"properties":{"key":"way:1458315824@detail:465_94","osmType":"way","osmId":1458315824,"sourceRegion":"guangdong","featureType":"infrastructure","railClass":"minor","mode":"rail","name":"未命名","service":"siding","status":"operational","color":"#52636F","dataOrigin":"datum-2026-08-01","sourceKey":"way:1458315824"}},{"type":"Feature","geometry":{"type":"LineString","coordinates":[[116.3260196,23.6143373],[116.3246022,23.6151375]]},"properties":{"key":"way:1458315825@detail:465_94","osmType":"way","osmId":1458315825,"sourceRegion":"guangdong","featureType":"infrastructure","railClass":"minor","mode":"rail","name":"未命名","service":"yard","status":"operational","color":"#52636F","dataOrigin":"datum-2026-08-01","sourceKey":"way:1458315825"}},{"type":"Feature","geometry":{"type":"LineString","coordinates":[[116.3230909,23.6161207],[116.3242275,23.6154199]]},"properties":{"key":"way:1458315826@detail:465_94","osmType":"way","osmId":1458315826,"sourceRegion":"guangdong","featureType":"infrastructure","railClass":"minor","mode":"rail","name":"未命名","service":"crossover","status":"operational","color":"#52636F","dataOrigin":"datum-2026-08-01","sourceKey":"way:1458315826"}},{"type":"Feature","geometry":{"type":"LineString","coordinates":[[116.325334,23.6148544],[116.3263585,23.6143243],[116.3282522,23.6134165],[116.3285608,23.6132613],[116.3318642,23.6113886],[116.3323591,23.6110822],[116.3331122,23.6105693],[116.3337444,23.6101682]]},"properties":{"key":"way:1458315827@detail:465_94","osmType":"way","osmId":1458315827,"sourceRegion":"guangdong","featureType":"infrastructure","railClass":"minor","mode":"rail","name":"未命名","service":"siding","status":"operational","color":"#52636F","dataOrigin":"datum-2026-08-01","sourceKey":"way:1458315827"}},{"type":"Feature","geometry":{"type":"LineString","coordinates":[[116.3263585,23.6143243],[116.3272995,23.613819],[116.3337444,23.6101682],[116.3341373,23.6099456],[116.3355758,23.6090729]]},"properties":{"key":"way:1458315828@detail:465_94","osmType":"way","osmId":1458315828,"sourceRegion":"guangdong","featureType":"infrastructure","railClass":"minor","mode":"rail","name":"未命名","service":"siding","status":"operational","color":"#52636F","dataOrigin":"datum-2026-08-01","sourceKey":"way:1458315828"}},{"type":"Feature","geometry":{"type":"LineString","coordinates":[[116.3341373,23.6099456],[116.3355217,23.6091685]]},"properties":{"key":"way:1458315829@detail:465_94","osmType":"way","osmId":1458315829,"sourceRegion":"guangdong","featureType":"infrastructure","railClass":"minor","mode":"rail","name":"未命名","service":"yard","status":"operational","color":"#52636F","dataOrigin":"datum-2026-08-01","sourceKey":"way:1458315829"}},{"type":"Feature","geometry":{"type":"LineString","coordinates":[[116.3376971,23.6083951],[116.3224665,23.6169881]]},"properties":{"key":"way:1458315830@detail:465_94","osmType":"way","osmId":1458315830,"sourceRegion":"guangdong","featureType":"infrastructure","railClass":"construction","mode":"construction","name":"粤东城际线","usage":"main","status":"construction","color":"#147D92","dataOrigin":"datum-2026-08-01","sourceKey":"way:1458315830"}},{"type":"Feature","geometry":{"type":"LineString","coordinates":[[116.3224665,23.6169881],[116.3218823,23.6173796],[116.3213807,23.6177362],[116.3208931,23.6181236],[116.3204213,23.6185264],[116.3199756,23.6189343],[116.3191286,23.6197448],[116.3187024,23.6201472],[116.3182721,23.6205142],[116.3178742,23.6208216],[116.3174001,23.6211116],[116.31693,23.6213197],[116.3163878,23.6214944],[116.3158496,23.6216057],[116.3152649,23.6217054],[116.3147519,23.6217507],[116.3141983,23.6217329],[116.3135348,23.6216683],[116.3098804,23.621112],[116.3092685,23.6210188],[116.3084868,23.6208794],[116.3077996,23.6206919],[116.3072059,23.6204933],[116.3066082,23.6202464],[116.3060463,23.6199442],[116.3053233,23.6194805],[116.3047633,23.6190324],[116.304155,23.6184762],[116.3009248,23.6155321],[116.2992425,23.6139989],[116.2987244,23.6134891],[116.2982529,23.6129963]]},"properties":{"key":"way:1458519983@detail:465_94","osmType":"way","osmId":1458519983,"sourceRegion":"guangdong","featureType":"infrastructure","railClass":"construction","mode":"construction","name":"揭惠铁路","usage":"main","bridge":"yes","status":"construction","color":"#E54848","dataOrigin":"datum-2026-08-01","sourceKey":"way:1458519983"}},{"type":"Feature","geometry":{"type":"LineString","coordinates":[[116.3221274,23.6163193],[116.3212289,23.6167216],[116.3207736,23.6169526],[116.3203142,23.6172133],[116.3198319,23.617501],[116.3150809,23.6204786],[116.3146469,23.6207445],[116.3142445,23.6209494],[116.3138379,23.6211207],[116.3134273,23.6212474],[116.3129882,23.6213256],[116.312537,23.6213591],[116.3121792,23.6213517],[116.3116791,23.6213144],[116.3112987,23.6212716],[116.3098804,23.621112]]},"properties":{"key":"way:1458519984@detail:465_94","osmType":"way","osmId":1458519984,"sourceRegion":"guangdong","featureType":"infrastructure","railClass":"construction","mode":"construction","name":"揭阳联络线","usage":"branch","bridge":"yes","status":"construction","color":"#E54848","dataOrigin":"datum-2026-08-01","sourceKey":"way:1458519984"}},{"type":"Feature","geometry":{"type":"LineString","coordinates":[[116.3246022,23.6151375],[116.3241683,23.6153657],[116.3238471,23.6155222],[116.3221274,23.6163193]]},"properties":{"key":"way:1458519985@detail:465_94","osmType":"way","osmId":1458519985,"sourceRegion":"guangdong","featureType":"infrastructure","railClass":"construction","mode":"construction","name":"揭阳联络线","usage":"branch","status":"construction","color":"#E54848","dataOrigin":"datum-2026-08-01","sourceKey":"way:1458519985"}},{"type":"Feature","geometry":{"type":"LineString","coordinates":[[116.3112987,23.6212716],[116.3101883,23.6210668]]},"properties":{"key":"way:1458519986@detail:465_94","osmType":"way","osmId":1458519986,"sourceRegion":"guangdong","featureType":"infrastructure","railClass":"construction","mode":"construction","name":"未命名","service":"yard","bridge":"yes","status":"construction","color":"#8A9298","dataOrigin":"datum-2026-08-01","sourceKey":"way:1458519986"}},{"type":"Feature","geometry":{"type":"LineString","coordinates":[[116.3024677,23.6171692],[116.3026832,23.6175045],[116.3028499,23.6178323],[116.3030084,23.6182085],[116.3031507,23.6186443],[116.303228,23.6190578],[116.3032727,23.6194191],[116.3032767,23.6198102],[116.3032361,23.6202199],[116.3031467,23.6206632],[116.3030369,23.6210506],[116.3029027,23.6214082],[116.3027116,23.6217806],[116.3024921,23.6220935],[116.3022197,23.6224288],[116.3019148,23.6227603],[116.3015814,23.6230732],[116.2964701,23.627279]]},"properties":{"key":"way:1458519987@detail:465_94","osmType":"way","osmId":1458519987,"sourceRegion":"guangdong","featureType":"infrastructure","railClass":"construction","mode":"construction","name":"新亨联络线","usage":"branch","status":"construction","color":"#E54848","dataOrigin":"datum-2026-08-01","sourceKey":"way:1458519987"}},{"type":"Feature","geometry":{"type":"LineString","coordinates":[[116.3009248,23.6155321],[116.3018317,23.6164566],[116.3021608,23.6168034],[116.3024677,23.6171692]]},"properties":{"key":"way:1458519988@detail:465_94","osmType":"way","osmId":1458519988,"sourceRegion":"guangdong","featureType":"infrastructure","railClass":"construction","mode":"construction","name":"新亨联络线","usage":"branch","bridge":"yes","status":"construction","color":"#E54848","dataOrigin":"datum-2026-08-01","sourceKey":"way:1458519988"}},{"type":"Feature","geometry":{"type":"LineString","coordinates":[[116.3018317,23.6164566],[116.3010904,23.6158013]]},"properties":{"key":"way:1458519989@detail:465_94","osmType":"way","osmId":1458519989,"sourceRegion":"guangdong","featureType":"infrastructure","railClass":"construction","mode":"construction","name":"未命名","service":"yard","bridge":"yes","status":"construction","color":"#8A9298","dataOrigin":"datum-2026-08-01","sourceKey":"way:1458519989"}},{"type":"Feature","geometry":{"type":"LineString","coordinates":[[116.2982529,23.6129963],[116.2931734,23.6074408]]},"properties":{"key":"way:1458519990@detail:465_94","osmType":"way","osmId":1458519990,"sourceRegion":"guangdong","featureType":"infrastructure","railClass":"construction","mode":"construction","name":"揭惠铁路","usage":"main","status":"construction","color":"#E54848","dataOrigin":"datum-2026-08-01","sourceKey":"way:1458519990"}},{"type":"Feature","geometry":{"type":"LineString","coordinates":[[116.2931734,23.6074408],[116.2927203,23.6069334],[116.2923003,23.6064238],[116.2919124,23.6059142]]},"properties":{"key":"way:1458519991@detail:465_94","osmType":"way","osmId":1458519991,"sourceRegion":"guangdong","featureType":"infrastructure","railClass":"construction","mode":"construction","name":"揭惠铁路","usage":"main","bridge":"yes","status":"construction","color":"#E54848","dataOrigin":"datum-2026-08-01","sourceKey":"way:1458519991"}},{"type":"Feature","geometry":{"type":"LineString","coordinates":[[116.2919124,23.6059142],[116.291461,23.605277],[116.2910767,23.6046908],[116.2906913,23.6040416],[116.2903412,23.603396],[116.2900024,23.6027055],[116.2896719,23.6019629],[116.2862807,23.5940378],[116.2858981,23.5932165],[116.2855049,23.5924328],[116.2851056,23.5916774],[116.2847542,23.591065],[116.2843577,23.5904178],[116.2839172,23.5897411],[116.2834653,23.5890778],[116.2829919,23.588435],[116.2825219,23.587825],[116.2821137,23.5873167],[116.2815986,23.5867143]]},"properties":{"key":"way:1458519992@detail:465_94","osmType":"way","osmId":1458519992,"sourceRegion":"guangdong","featureType":"infrastructure","railClass":"construction","mode":"construction","name":"揭惠铁路","usage":"main","status":"construction","color":"#E54848","dataOrigin":"datum-2026-08-01","sourceKey":"way:1458519992"}},{"type":"Feature","geometry":{"type":"LineString","coordinates":[[116.2815986,23.5867143],[116.2810317,23.5860733],[116.2804014,23.5854104],[116.2798427,23.5848631],[116.2792163,23.5842705],[116.2785793,23.5836975],[116.2778983,23.583148],[116.2772296,23.582621],[116.2765042,23.5820817],[116.2757726,23.5815693],[116.2750225,23.5810681],[116.274214,23.5805654],[116.2733954,23.5801014],[116.2725926,23.579671],[116.2716537,23.5792114],[116.2619752,23.574797],[116.2611342,23.5744503],[116.2602025,23.5740892],[116.2592658,23.5737766]]},"properties":{"key":"way:1458519993@detail:465_94","osmType":"way","osmId":1458519993,"sourceRegion":"guangdong","featureType":"infrastructure","railClass":"construction","mode":"construction","name":"揭惠铁路","usage":"main","bridge":"yes","status":"construction","color":"#E54848","dataOrigin":"datum-2026-08-01","sourceKey":"way:1458519993"}},{"type":"Feature","geometry":{"type":"LineString","coordinates":[[116.2592658,23.5737766],[116.2583412,23.57347],[116.257308,23.5731786],[116.2561844,23.5729242],[116.2551387,23.5727412],[116.2540944,23.5725905],[116.2531413,23.5724881],[116.25,23.572176463854543]]},"properties":{"key":"way:1458519994@detail:465_94","osmType":"way","osmId":1458519994,"sourceRegion":"guangdong","featureType":"infrastructure","railClass":"construction","mode":"construction","name":"揭惠铁路","usage":"main","status":"construction","color":"#E54848","dataOrigin":"datum-2026-08-01","sourceKey":"way:1458519994"}},{"type":"Feature","geometry":{"type":"LineString","coordinates":[[116.2893242,23.6553436],[116.289353,23.6553161],[116.2901953,23.6545105]]},"properties":{"key":"way:1496057937@detail:465_94","osmType":"way","osmId":1496057937,"sourceRegion":"guangdong","featureType":"infrastructure","railClass":"highspeed","mode":"rail","name":"梅汕线","nameEn":"Meizhou-Shantou High-Speed Railway","ref":"3080","usage":"main","highspeed":"yes","bridge":"yes","status":"operational","color":"#E54848","dataOrigin":"datum-2026-08-01","sourceKey":"way:1496057937"}},{"type":"Feature","geometry":{"type":"LineString","coordinates":[[116.2883907,23.6561196],[116.2884937,23.6560343],[116.2892962,23.6553182]]},"properties":{"key":"way:1496057938@detail:465_94","osmType":"way","osmId":1496057938,"sourceRegion":"guangdong","featureType":"infrastructure","railClass":"highspeed","mode":"rail","name":"梅汕线","nameEn":"Meizhou-Shantou High-Speed Railway","ref":"3080","usage":"main","highspeed":"yes","status":"operational","color":"#E54848","dataOrigin":"datum-2026-08-01","sourceKey":"way:1496057938"}},{"type":"Feature","geometry":{"type":"LineString","coordinates":[[116.2892962,23.6553182],[116.290166,23.6544863]]},"properties":{"key":"way:1496057939@detail:465_94","osmType":"way","osmId":1496057939,"sourceRegion":"guangdong","featureType":"infrastructure","railClass":"highspeed","mode":"rail","name":"梅汕线","nameEn":"Meizhou-Shantou High-Speed Railway","ref":"3080","usage":"main","highspeed":"yes","bridge":"yes","status":"operational","color":"#E54848","dataOrigin":"datum-2026-08-01","sourceKey":"way:1496057939"}},{"type":"Feature","geometry":{"type":"LineString","coordinates":[[116.2884208,23.6561433],[116.2885207,23.6560606],[116.2893242,23.6553436]]},"properties":{"key":"way:1496057940@detail:465_94","osmType":"way","osmId":1496057940,"sourceRegion":"guangdong","featureType":"infrastructure","railClass":"highspeed","mode":"rail","name":"梅汕线","nameEn":"Meizhou-Shantou High-Speed Railway","ref":"3080","usage":"main","highspeed":"yes","status":"operational","color":"#E54848","dataOrigin":"datum-2026-08-01","sourceKey":"way:1496057940"}},{"type":"Feature","geometry":{"type":"LineString","coordinates":[[116.25,23.690373520165142],[116.2510653,23.6890197],[116.2512878,23.6887503],[116.2542709,23.6850632]]},"properties":{"key":"way:1496057941@detail:465_94","osmType":"way","osmId":1496057941,"sourceRegion":"guangdong","featureType":"infrastructure","railClass":"national","mode":"rail","name":"畲龙线","ref":"0716","usage":"main","status":"operational","color":"#E54848","dataOrigin":"datum-2026-08-01","sourceKey":"way:1496057941"}},{"type":"Feature","geometry":{"type":"LineString","coordinates":[[116.2542709,23.6850632],[116.2548764,23.6842954]]},"properties":{"key":"way:1496057942@detail:465_94","osmType":"way","osmId":1496057942,"sourceRegion":"guangdong","featureType":"infrastructure","railClass":"national","mode":"rail","name":"畲龙线","ref":"0716","usage":"main","bridge":"yes","status":"operational","color":"#E54848","dataOrigin":"datum-2026-08-01","sourceKey":"way:1496057942"}}]}