{
  "createdAt": 1782564761.8013992,
  "finishedAt": 1782564834.177705,
  "heads": {
    "0": 364,
    "1": 5151,
    "10": 4761,
    "11": 72891,
    "12": 11590,
    "13": 74385,
    "14": 20598,
    "15": 68994,
    "16": 28292,
    "17": 65324,
    "18": 35548,
    "19": 60863,
    "2": 408,
    "20": 43520,
    "21": 44712,
    "22": 36390,
    "23": 28681,
    "24": 25587,
    "25": 18344,
    "26": 15622,
    "27": 10498,
    "28": 8708,
    "29": 5585,
    "3": 5371,
    "30": 5366,
    "31": 3287,
    "32": 2687,
    "33": 1614,
    "34": 1147,
    "35": 721,
    "36": 532,
    "37": 312,
    "38": 260,
    "39": 223,
    "4": 760,
    "40": 210,
    "41": 134,
    "42": 63,
    "43": 36,
    "44": 24,
    "45": 14,
    "46": 4,
    "47": 2,
    "5": 9923,
    "51": 10,
    "52": 16,
    "59": 2,
    "6": 447,
    "61": 2,
    "69": 2,
    "7": 24535,
    "70": 10,
    "71": 8,
    "72": 6,
    "73": 8,
    "74": 4,
    "75": 2,
    "8": 1376,
    "9": 53341
  },
  "initNext": 6375600,
  "lastTxn": 129,
  "processed": 799275,
  "rawCount": 6375600,
  "signature": "KNvKPP",
  "sizes": {
    "0": 364,
    "1": 5151,
    "10": 4761,
    "11": 72891,
    "12": 11590,
    "13": 74385,
    "14": 20598,
    "15": 68994,
    "16": 28292,
    "17": 65324,
    "18": 35548,
    "19": 60863,
    "2": 408,
    "20": 43520,
    "21": 44712,
    "22": 36390,
    "23": 28681,
    "24": 25587,
    "25": 18344,
    "26": 15622,
    "27": 10498,
    "28": 8708,
    "29": 5585,
    "3": 5371,
    "30": 5366,
    "31": 3287,
    "32": 2687,
    "33": 1614,
    "34": 1147,
    "35": 721,
    "36": 532,
    "37": 312,
    "38": 260,
    "39": 223,
    "4": 760,
    "40": 210,
    "41": 134,
    "42": 63,
    "43": 36,
    "44": 24,
    "45": 14,
    "46": 4,
    "47": 2,
    "5": 9923,
    "51": 10,
    "52": 16,
    "59": 2,
    "6": 447,
    "61": 2,
    "69": 2,
    "7": 24535,
    "70": 10,
    "71": 8,
    "72": 6,
    "73": 8,
    "74": 4,
    "75": 2,
    "8": 1376,
    "9": 53341
  },
  "stage": "done"
}