{
  "createdAt": 1782551193.6482038,
  "finishedAt": 1782551244.626884,
  "heads": {
    "0": 1520,
    "1": 6996,
    "2": 1248,
    "3": 9864,
    "4": 824,
    "5": 3872,
    "6": 312,
    "7": 2040,
    "8": 360,
    "9": 1544
  },
  "initNext": 6375600,
  "lastTxn": 74,
  "processed": 28580,
  "rawCount": 6375600,
  "signature": "KNNvKN",
  "sizes": {
    "0": 1520,
    "1": 6996,
    "2": 1248,
    "3": 9864,
    "4": 824,
    "5": 3872,
    "6": 312,
    "7": 2040,
    "8": 360,
    "9": 1544
  },
  "stage": "done"
}