{
  "createdAt": 1782553382.9864612,
  "finishedAt": 1782553664.1201193,
  "heads": {
    "0": 73576,
    "1": 183632,
    "10": 355584,
    "11": 219600,
    "12": 373316,
    "13": 135024,
    "14": 297880,
    "15": 63540,
    "16": 113256,
    "17": 40784,
    "18": 34880,
    "19": 43092,
    "2": 55904,
    "20": 31864,
    "21": 35844,
    "22": 30304,
    "23": 19544,
    "24": 32628,
    "25": 11904,
    "26": 31936,
    "27": 5376,
    "28": 21104,
    "29": 3844,
    "3": 230084,
    "30": 9484,
    "31": 2196,
    "32": 2520,
    "33": 2424,
    "34": 448,
    "35": 3224,
    "36": 32,
    "37": 3568,
    "38": 32,
    "39": 2676,
    "4": 57816,
    "41": 5760,
    "43": 1080,
    "5": 401044,
    "6": 122432,
    "7": 534396,
    "8": 267428,
    "9": 390072
  },
  "initNext": 12751200,
  "lastTxn": 240,
  "processed": 4251132,
  "rawCount": 12751200,
  "signature": "KQNvKR",
  "sizes": {
    "0": 73576,
    "1": 183632,
    "10": 355584,
    "11": 219600,
    "12": 373316,
    "13": 135024,
    "14": 297880,
    "15": 63540,
    "16": 113256,
    "17": 40784,
    "18": 34880,
    "19": 43092,
    "2": 55904,
    "20": 31864,
    "21": 35844,
    "22": 30304,
    "23": 19544,
    "24": 32628,
    "25": 11904,
    "26": 31936,
    "27": 5376,
    "28": 21104,
    "29": 3844,
    "3": 230084,
    "30": 9484,
    "31": 2196,
    "32": 2520,
    "33": 2424,
    "34": 448,
    "35": 3224,
    "36": 32,
    "37": 3568,
    "38": 32,
    "39": 2676,
    "4": 57816,
    "41": 5760,
    "43": 1080,
    "5": 401044,
    "6": 122432,
    "7": 534396,
    "8": 267428,
    "9": 390072
  },
  "stage": "done"
}