{
  "createdAt": 1782553752.2893586,
  "finishedAt": 1782553861.0126433,
  "heads": {
    "0": 311556,
    "1": 145020,
    "10": 348500,
    "11": 10068,
    "12": 175968,
    "13": 688,
    "14": 73544,
    "15": 32,
    "16": 43312,
    "17": 24,
    "18": 30696,
    "19": 16,
    "2": 185932,
    "20": 17164,
    "22": 7296,
    "24": 720,
    "26": 40,
    "3": 231188,
    "4": 353464,
    "5": 128588,
    "6": 303208,
    "7": 28900,
    "8": 189064,
    "9": 37644
  },
  "initNext": 6375600,
  "lastTxn": 131,
  "processed": 2622632,
  "rawCount": 6375600,
  "signature": "KQQvKN",
  "sizes": {
    "0": 311556,
    "1": 145020,
    "10": 348500,
    "11": 10068,
    "12": 175968,
    "13": 688,
    "14": 73544,
    "15": 32,
    "16": 43312,
    "17": 24,
    "18": 30696,
    "19": 16,
    "2": 185932,
    "20": 17164,
    "22": 7296,
    "24": 720,
    "26": 40,
    "3": 231188,
    "4": 353464,
    "5": 128588,
    "6": 303208,
    "7": 28900,
    "8": 189064,
    "9": 37644
  },
  "stage": "done"
}