{
  "createdAt": 1782565331.9414446,
  "finishedAt": 1782565398.927281,
  "heads": {
    "0": 318,
    "1": 8583,
    "10": 16194,
    "11": 76798,
    "12": 31687,
    "13": 78183,
    "14": 38588,
    "15": 68758,
    "16": 33701,
    "17": 55582,
    "18": 33588,
    "19": 38755,
    "2": 2508,
    "20": 26289,
    "21": 23115,
    "22": 16773,
    "23": 13225,
    "24": 11071,
    "25": 7912,
    "26": 6986,
    "27": 5199,
    "28": 5057,
    "29": 3921,
    "3": 7355,
    "30": 3788,
    "31": 2714,
    "32": 3142,
    "33": 1789,
    "34": 2054,
    "35": 1374,
    "36": 1622,
    "37": 878,
    "38": 1084,
    "39": 586,
    "4": 1606,
    "40": 696,
    "41": 346,
    "42": 368,
    "43": 184,
    "44": 206,
    "45": 98,
    "46": 106,
    "47": 60,
    "48": 58,
    "49": 30,
    "5": 11632,
    "50": 38,
    "51": 38,
    "52": 32,
    "53": 26,
    "54": 18,
    "55": 18,
    "56": 20,
    "57": 12,
    "58": 16,
    "59": 12,
    "6": 2236,
    "60": 40,
    "61": 18,
    "62": 24,
    "63": 22,
    "64": 6,
    "65": 6,
    "66": 8,
    "67": 2,
    "68": 2,
    "7": 24172,
    "8": 5969,
    "9": 50793
  },
  "initNext": 6375600,
  "lastTxn": 138,
  "processed": 728095,
  "rawCount": 6375600,
  "signature": "KPPvKP",
  "sizes": {
    "0": 318,
    "1": 8583,
    "10": 16194,
    "11": 76798,
    "12": 31687,
    "13": 78183,
    "14": 38588,
    "15": 68758,
    "16": 33701,
    "17": 55582,
    "18": 33588,
    "19": 38755,
    "2": 2508,
    "20": 26289,
    "21": 23115,
    "22": 16773,
    "23": 13225,
    "24": 11071,
    "25": 7912,
    "26": 6986,
    "27": 5199,
    "28": 5057,
    "29": 3921,
    "3": 7355,
    "30": 3788,
    "31": 2714,
    "32": 3142,
    "33": 1789,
    "34": 2054,
    "35": 1374,
    "36": 1622,
    "37": 878,
    "38": 1084,
    "39": 586,
    "4": 1606,
    "40": 696,
    "41": 346,
    "42": 368,
    "43": 184,
    "44": 206,
    "45": 98,
    "46": 106,
    "47": 60,
    "48": 58,
    "49": 30,
    "5": 11632,
    "50": 38,
    "51": 38,
    "52": 32,
    "53": 26,
    "54": 18,
    "55": 18,
    "56": 20,
    "57": 12,
    "58": 16,
    "59": 12,
    "6": 2236,
    "60": 40,
    "61": 18,
    "62": 24,
    "63": 22,
    "64": 6,
    "65": 6,
    "66": 8,
    "67": 2,
    "68": 2,
    "7": 24172,
    "8": 5969,
    "9": 50793
  },
  "stage": "done"
}