{
  "createdAt": 1782562135.4008768,
  "finishedAt": 1782562320.9547708,
  "heads": {
    "0": 229274,
    "1": 158686,
    "10": 249813,
    "11": 26136,
    "12": 179412,
    "13": 27288,
    "14": 151188,
    "15": 25210,
    "16": 155126,
    "17": 11480,
    "18": 107854,
    "19": 4594,
    "2": 176924,
    "20": 60897,
    "21": 1936,
    "22": 22524,
    "23": 2198,
    "24": 7354,
    "25": 3012,
    "26": 3304,
    "27": 4156,
    "28": 1088,
    "29": 2766,
    "3": 300949,
    "30": 306,
    "31": 2002,
    "32": 62,
    "33": 1100,
    "34": 18,
    "35": 418,
    "36": 6,
    "37": 156,
    "4": 345953,
    "44": 4,
    "5": 325553,
    "6": 539677,
    "7": 104826,
    "8": 333780,
    "9": 44098
  },
  "initNext": 12751200,
  "lastTxn": 229,
  "processed": 3611128,
  "rawCount": 12751200,
  "signature": "KQRvKP",
  "sizes": {
    "0": 229274,
    "1": 158686,
    "10": 249813,
    "11": 26136,
    "12": 179412,
    "13": 27288,
    "14": 151188,
    "15": 25210,
    "16": 155126,
    "17": 11480,
    "18": 107854,
    "19": 4594,
    "2": 176924,
    "20": 60897,
    "21": 1936,
    "22": 22524,
    "23": 2198,
    "24": 7354,
    "25": 3012,
    "26": 3304,
    "27": 4156,
    "28": 1088,
    "29": 2766,
    "3": 300949,
    "30": 306,
    "31": 2002,
    "32": 62,
    "33": 1100,
    "34": 18,
    "35": 418,
    "36": 6,
    "37": 156,
    "4": 345953,
    "44": 4,
    "5": 325553,
    "6": 539677,
    "7": 104826,
    "8": 333780,
    "9": 44098
  },
  "stage": "done"
}