{
  "createdAt": 1782561370.035771,
  "finishedAt": 1782561546.8652396,
  "heads": {
    "0": 37970,
    "1": 78990,
    "10": 298235,
    "11": 188624,
    "12": 374432,
    "13": 121306,
    "14": 361630,
    "15": 68031,
    "16": 264030,
    "17": 26869,
    "18": 128217,
    "19": 7460,
    "2": 24642,
    "20": 45584,
    "21": 2546,
    "22": 13554,
    "23": 1394,
    "24": 4966,
    "25": 726,
    "26": 2930,
    "27": 150,
    "28": 312,
    "29": 8,
    "3": 101227,
    "30": 6,
    "4": 33988,
    "5": 211096,
    "6": 85693,
    "7": 313609,
    "8": 185555,
    "9": 298270
  },
  "initNext": 12751200,
  "lastTxn": 213,
  "processed": 3282050,
  "rawCount": 12751200,
  "signature": "KQPvKB",
  "sizes": {
    "0": 37970,
    "1": 78990,
    "10": 298235,
    "11": 188624,
    "12": 374432,
    "13": 121306,
    "14": 361630,
    "15": 68031,
    "16": 264030,
    "17": 26869,
    "18": 128217,
    "19": 7460,
    "2": 24642,
    "20": 45584,
    "21": 2546,
    "22": 13554,
    "23": 1394,
    "24": 4966,
    "25": 726,
    "26": 2930,
    "27": 150,
    "28": 312,
    "29": 8,
    "3": 101227,
    "30": 6,
    "4": 33988,
    "5": 211096,
    "6": 85693,
    "7": 313609,
    "8": 185555,
    "9": 298270
  },
  "stage": "done"
}