{
  "createdAt": 1782565259.135229,
  "finishedAt": 1782565331.9013255,
  "heads": {
    "0": 4666,
    "1": 11511,
    "10": 2624,
    "11": 70166,
    "12": 4533,
    "13": 81148,
    "14": 8639,
    "15": 87842,
    "16": 15123,
    "17": 90023,
    "18": 23163,
    "19": 91766,
    "2": 592,
    "20": 31447,
    "21": 79600,
    "22": 35313,
    "23": 57516,
    "24": 31318,
    "25": 37267,
    "26": 23494,
    "27": 25210,
    "28": 18058,
    "29": 17256,
    "3": 7444,
    "30": 13619,
    "31": 11404,
    "32": 8830,
    "33": 6585,
    "34": 5300,
    "35": 3999,
    "36": 2979,
    "37": 2296,
    "38": 1518,
    "39": 1238,
    "4": 602,
    "40": 814,
    "41": 786,
    "42": 380,
    "43": 399,
    "44": 120,
    "45": 112,
    "46": 22,
    "47": 28,
    "48": 12,
    "49": 22,
    "5": 12125,
    "50": 4,
    "51": 2,
    "52": 2,
    "6": 824,
    "7": 29550,
    "8": 1656,
    "9": 53159
  },
  "initNext": 6375600,
  "lastTxn": 125,
  "processed": 1014106,
  "rawCount": 6375600,
  "signature": "KRvKPP",
  "sizes": {
    "0": 4666,
    "1": 11511,
    "10": 2624,
    "11": 70166,
    "12": 4533,
    "13": 81148,
    "14": 8639,
    "15": 87842,
    "16": 15123,
    "17": 90023,
    "18": 23163,
    "19": 91766,
    "2": 592,
    "20": 31447,
    "21": 79600,
    "22": 35313,
    "23": 57516,
    "24": 31318,
    "25": 37267,
    "26": 23494,
    "27": 25210,
    "28": 18058,
    "29": 17256,
    "3": 7444,
    "30": 13619,
    "31": 11404,
    "32": 8830,
    "33": 6585,
    "34": 5300,
    "35": 3999,
    "36": 2979,
    "37": 2296,
    "38": 1518,
    "39": 1238,
    "4": 602,
    "40": 814,
    "41": 786,
    "42": 380,
    "43": 399,
    "44": 120,
    "45": 112,
    "46": 22,
    "47": 28,
    "48": 12,
    "49": 22,
    "5": 12125,
    "50": 4,
    "51": 2,
    "52": 2,
    "6": 824,
    "7": 29550,
    "8": 1656,
    "9": 53159
  },
  "stage": "done"
}