{
  "createdAt": 1782563516.7669787,
  "finishedAt": 1782563707.0018756,
  "heads": {
    "0": 10700,
    "1": 31978,
    "10": 76156,
    "11": 252375,
    "12": 129866,
    "13": 257057,
    "14": 180725,
    "15": 221552,
    "16": 203805,
    "17": 174956,
    "18": 223618,
    "19": 130199,
    "2": 4534,
    "20": 209368,
    "21": 90940,
    "22": 172262,
    "23": 57512,
    "24": 120401,
    "25": 34371,
    "26": 72372,
    "27": 18852,
    "28": 39802,
    "29": 10308,
    "3": 40886,
    "30": 23427,
    "31": 6811,
    "32": 16485,
    "33": 4537,
    "34": 11507,
    "35": 3010,
    "36": 9223,
    "37": 2428,
    "38": 7066,
    "39": 1820,
    "4": 5670,
    "40": 6612,
    "41": 1688,
    "42": 5044,
    "43": 1268,
    "44": 3274,
    "45": 652,
    "46": 1604,
    "47": 422,
    "48": 828,
    "49": 236,
    "5": 105990,
    "50": 532,
    "51": 108,
    "52": 136,
    "53": 28,
    "54": 44,
    "55": 8,
    "56": 12,
    "6": 15494,
    "7": 177480,
    "8": 42053,
    "9": 224915
  },
  "initNext": 12751200,
  "lastTxn": 239,
  "processed": 3445007,
  "rawCount": 12751200,
  "signature": "KRPvKN",
  "sizes": {
    "0": 10700,
    "1": 31978,
    "10": 76156,
    "11": 252375,
    "12": 129866,
    "13": 257057,
    "14": 180725,
    "15": 221552,
    "16": 203805,
    "17": 174956,
    "18": 223618,
    "19": 130199,
    "2": 4534,
    "20": 209368,
    "21": 90940,
    "22": 172262,
    "23": 57512,
    "24": 120401,
    "25": 34371,
    "26": 72372,
    "27": 18852,
    "28": 39802,
    "29": 10308,
    "3": 40886,
    "30": 23427,
    "31": 6811,
    "32": 16485,
    "33": 4537,
    "34": 11507,
    "35": 3010,
    "36": 9223,
    "37": 2428,
    "38": 7066,
    "39": 1820,
    "4": 5670,
    "40": 6612,
    "41": 1688,
    "42": 5044,
    "43": 1268,
    "44": 3274,
    "45": 652,
    "46": 1604,
    "47": 422,
    "48": 828,
    "49": 236,
    "5": 105990,
    "50": 532,
    "51": 108,
    "52": 136,
    "53": 28,
    "54": 44,
    "55": 8,
    "56": 12,
    "6": 15494,
    "7": 177480,
    "8": 42053,
    "9": 224915
  },
  "stage": "done"
}