{
  "createdAt": 1782563299.1745408,
  "finishedAt": 1782563516.7256994,
  "heads": {
    "0": 10410,
    "1": 33174,
    "10": 73251,
    "11": 254639,
    "12": 123338,
    "13": 255595,
    "14": 174630,
    "15": 220202,
    "16": 214908,
    "17": 176671,
    "18": 217321,
    "19": 126918,
    "2": 4330,
    "20": 190893,
    "21": 89988,
    "22": 148888,
    "23": 61920,
    "24": 112684,
    "25": 40720,
    "26": 85269,
    "27": 25438,
    "28": 58282,
    "29": 15716,
    "3": 41736,
    "30": 39441,
    "31": 9511,
    "32": 27560,
    "33": 6922,
    "34": 24692,
    "35": 6622,
    "36": 29204,
    "37": 6426,
    "38": 36286,
    "39": 7886,
    "4": 5400,
    "40": 42278,
    "41": 6509,
    "42": 41668,
    "43": 5582,
    "44": 33946,
    "45": 3858,
    "46": 24368,
    "47": 2444,
    "48": 18303,
    "49": 1806,
    "5": 100654,
    "50": 13284,
    "51": 1210,
    "52": 13234,
    "53": 1056,
    "54": 10846,
    "55": 1014,
    "56": 9106,
    "57": 826,
    "58": 6258,
    "59": 362,
    "6": 13102,
    "60": 2306,
    "61": 116,
    "62": 588,
    "63": 2,
    "64": 12,
    "7": 171082,
    "8": 37567,
    "9": 225135
  },
  "initNext": 12751200,
  "lastTxn": 246,
  "processed": 3745393,
  "rawCount": 12751200,
  "signature": "KRPvKB",
  "sizes": {
    "0": 10410,
    "1": 33174,
    "10": 73251,
    "11": 254639,
    "12": 123338,
    "13": 255595,
    "14": 174630,
    "15": 220202,
    "16": 214908,
    "17": 176671,
    "18": 217321,
    "19": 126918,
    "2": 4330,
    "20": 190893,
    "21": 89988,
    "22": 148888,
    "23": 61920,
    "24": 112684,
    "25": 40720,
    "26": 85269,
    "27": 25438,
    "28": 58282,
    "29": 15716,
    "3": 41736,
    "30": 39441,
    "31": 9511,
    "32": 27560,
    "33": 6922,
    "34": 24692,
    "35": 6622,
    "36": 29204,
    "37": 6426,
    "38": 36286,
    "39": 7886,
    "4": 5400,
    "40": 42278,
    "41": 6509,
    "42": 41668,
    "43": 5582,
    "44": 33946,
    "45": 3858,
    "46": 24368,
    "47": 2444,
    "48": 18303,
    "49": 1806,
    "5": 100654,
    "50": 13284,
    "51": 1210,
    "52": 13234,
    "53": 1056,
    "54": 10846,
    "55": 1014,
    "56": 9106,
    "57": 826,
    "58": 6258,
    "59": 362,
    "6": 13102,
    "60": 2306,
    "61": 116,
    "62": 588,
    "63": 2,
    "64": 12,
    "7": 171082,
    "8": 37567,
    "9": 225135
  },
  "stage": "done"
}