{
  "createdAt": 1782560999.3772347,
  "finishedAt": 1782561178.465394,
  "heads": {
    "0": 104498,
    "1": 160242,
    "10": 436705,
    "11": 20772,
    "12": 98355,
    "13": 15300,
    "14": 16404,
    "15": 21558,
    "16": 5598,
    "17": 17938,
    "18": 2660,
    "19": 7442,
    "2": 114882,
    "20": 1346,
    "21": 2628,
    "22": 940,
    "23": 154,
    "24": 556,
    "25": 22,
    "26": 512,
    "27": 2,
    "28": 484,
    "29": 14,
    "3": 230205,
    "30": 406,
    "31": 26,
    "32": 400,
    "33": 8,
    "34": 360,
    "35": 12,
    "36": 272,
    "38": 352,
    "4": 191430,
    "40": 272,
    "42": 208,
    "43": 2,
    "44": 132,
    "46": 48,
    "48": 32,
    "5": 350333,
    "50": 14,
    "52": 6,
    "6": 402377,
    "7": 352495,
    "8": 646447,
    "9": 139687
  },
  "initNext": 12751200,
  "lastTxn": 233,
  "processed": 3344536,
  "rawCount": 12751200,
  "signature": "KQBvKP",
  "sizes": {
    "0": 104498,
    "1": 160242,
    "10": 436705,
    "11": 20772,
    "12": 98355,
    "13": 15300,
    "14": 16404,
    "15": 21558,
    "16": 5598,
    "17": 17938,
    "18": 2660,
    "19": 7442,
    "2": 114882,
    "20": 1346,
    "21": 2628,
    "22": 940,
    "23": 154,
    "24": 556,
    "25": 22,
    "26": 512,
    "27": 2,
    "28": 484,
    "29": 14,
    "3": 230205,
    "30": 406,
    "31": 26,
    "32": 400,
    "33": 8,
    "34": 360,
    "35": 12,
    "36": 272,
    "38": 352,
    "4": 191430,
    "40": 272,
    "42": 208,
    "43": 2,
    "44": 132,
    "46": 48,
    "48": 32,
    "5": 350333,
    "50": 14,
    "52": 6,
    "6": 402377,
    "7": 352495,
    "8": 646447,
    "9": 139687
  },
  "stage": "done"
}