{
  "createdAt": 1782562066.9738176,
  "finishedAt": 1782562135.369688,
  "heads": {
    "0": 245066,
    "1": 103272,
    "10": 206711,
    "11": 6998,
    "12": 90512,
    "13": 234,
    "14": 15752,
    "15": 10,
    "16": 4188,
    "17": 8,
    "18": 1274,
    "19": 8,
    "2": 174187,
    "20": 192,
    "21": 8,
    "22": 32,
    "23": 2,
    "24": 22,
    "26": 4,
    "3": 159067,
    "4": 301979,
    "5": 58309,
    "6": 173507,
    "7": 13658,
    "8": 111446,
    "9": 24304
  },
  "initNext": 6375600,
  "lastTxn": 119,
  "processed": 1690750,
  "rawCount": 6375600,
  "signature": "KQQvKP",
  "sizes": {
    "0": 245066,
    "1": 103272,
    "10": 206711,
    "11": 6998,
    "12": 90512,
    "13": 234,
    "14": 15752,
    "15": 10,
    "16": 4188,
    "17": 8,
    "18": 1274,
    "19": 8,
    "2": 174187,
    "20": 192,
    "21": 8,
    "22": 32,
    "23": 2,
    "24": 22,
    "26": 4,
    "3": 159067,
    "4": 301979,
    "5": 58309,
    "6": 173507,
    "7": 13658,
    "8": 111446,
    "9": 24304
  },
  "stage": "done"
}