{
  "createdAt": 1782558099.0166087,
  "finishedAt": 1782558322.350248,
  "heads": {
    "0": 27024,
    "1": 47936,
    "10": 185280,
    "11": 512720,
    "12": 298704,
    "13": 384840,
    "14": 343352,
    "15": 288096,
    "16": 352684,
    "17": 207980,
    "18": 339500,
    "19": 146980,
    "2": 9904,
    "20": 312024,
    "21": 92256,
    "22": 231744,
    "23": 48436,
    "24": 140840,
    "25": 20620,
    "26": 62592,
    "27": 6528,
    "28": 20020,
    "29": 1668,
    "3": 62904,
    "30": 6416,
    "31": 536,
    "32": 2784,
    "33": 320,
    "34": 2080,
    "35": 72,
    "36": 2904,
    "37": 320,
    "38": 2392,
    "39": 192,
    "4": 11676,
    "40": 3392,
    "41": 288,
    "42": 3096,
    "43": 104,
    "44": 592,
    "45": 24,
    "46": 32,
    "5": 141552,
    "6": 31940,
    "7": 277560,
    "8": 84304,
    "9": 459812
  },
  "initNext": 12751200,
  "lastTxn": 262,
  "processed": 5177020,
  "rawCount": 12751200,
  "signature": "KRBvKN",
  "sizes": {
    "0": 27024,
    "1": 47936,
    "10": 185280,
    "11": 512720,
    "12": 298704,
    "13": 384840,
    "14": 343352,
    "15": 288096,
    "16": 352684,
    "17": 207980,
    "18": 339500,
    "19": 146980,
    "2": 9904,
    "20": 312024,
    "21": 92256,
    "22": 231744,
    "23": 48436,
    "24": 140840,
    "25": 20620,
    "26": 62592,
    "27": 6528,
    "28": 20020,
    "29": 1668,
    "3": 62904,
    "30": 6416,
    "31": 536,
    "32": 2784,
    "33": 320,
    "34": 2080,
    "35": 72,
    "36": 2904,
    "37": 320,
    "38": 2392,
    "39": 192,
    "4": 11676,
    "40": 3392,
    "41": 288,
    "42": 3096,
    "43": 104,
    "44": 592,
    "45": 24,
    "46": 32,
    "5": 141552,
    "6": 31940,
    "7": 277560,
    "8": 84304,
    "9": 459812
  },
  "stage": "done"
}