{
  "createdAt": 1782556733.3724508,
  "finishedAt": 1782557443.8932905,
  "heads": {
    "0": 27700,
    "1": 76776,
    "10": 17432,
    "11": 581216,
    "12": 34752,
    "13": 465040,
    "14": 38848,
    "15": 255048,
    "16": 26232,
    "17": 173404,
    "18": 20724,
    "19": 133184,
    "2": 9456,
    "20": 19784,
    "21": 113508,
    "22": 22672,
    "23": 92392,
    "24": 23008,
    "25": 81184,
    "26": 26024,
    "27": 89560,
    "28": 32996,
    "29": 70408,
    "3": 72408,
    "30": 32060,
    "31": 45572,
    "32": 26528,
    "33": 24360,
    "34": 14988,
    "35": 10456,
    "36": 6216,
    "37": 3912,
    "38": 2448,
    "39": 1552,
    "4": 4064,
    "40": 872,
    "41": 488,
    "42": 488,
    "43": 208,
    "44": 128,
    "45": 48,
    "46": 8,
    "5": 141120,
    "6": 4800,
    "7": 218076,
    "8": 6832,
    "9": 417708
  },
  "initNext": 12751200,
  "lastTxn": 227,
  "processed": 3466688,
  "rawCount": 12751200,
  "signature": "KQvKRN",
  "sizes": {
    "0": 27700,
    "1": 76776,
    "10": 17432,
    "11": 581216,
    "12": 34752,
    "13": 465040,
    "14": 38848,
    "15": 255048,
    "16": 26232,
    "17": 173404,
    "18": 20724,
    "19": 133184,
    "2": 9456,
    "20": 19784,
    "21": 113508,
    "22": 22672,
    "23": 92392,
    "24": 23008,
    "25": 81184,
    "26": 26024,
    "27": 89560,
    "28": 32996,
    "29": 70408,
    "3": 72408,
    "30": 32060,
    "31": 45572,
    "32": 26528,
    "33": 24360,
    "34": 14988,
    "35": 10456,
    "36": 6216,
    "37": 3912,
    "38": 2448,
    "39": 1552,
    "4": 4064,
    "40": 872,
    "41": 488,
    "42": 488,
    "43": 208,
    "44": 128,
    "45": 48,
    "46": 8,
    "5": 141120,
    "6": 4800,
    "7": 218076,
    "8": 6832,
    "9": 417708
  },
  "stage": "done"
}