{
  "createdAt": 1782554130.7348459,
  "finishedAt": 1782554604.0006118,
  "heads": {
    "0": 261124,
    "1": 216220,
    "10": 507580,
    "11": 58920,
    "12": 389232,
    "13": 40600,
    "14": 293044,
    "15": 30280,
    "16": 250084,
    "17": 12464,
    "18": 142736,
    "19": 4220,
    "2": 164772,
    "20": 83692,
    "21": 556,
    "22": 48128,
    "23": 64,
    "24": 44440,
    "25": 80,
    "26": 39720,
    "27": 40,
    "28": 30504,
    "29": 12,
    "3": 383940,
    "30": 22176,
    "31": 48,
    "32": 17664,
    "33": 8,
    "34": 17776,
    "35": 8,
    "36": 24344,
    "37": 24,
    "38": 38132,
    "4": 258928,
    "40": 41640,
    "41": 16,
    "42": 45560,
    "43": 64,
    "44": 33040,
    "46": 22824,
    "47": 24,
    "48": 18096,
    "49": 16,
    "5": 522028,
    "50": 12196,
    "51": 8,
    "52": 14408,
    "54": 11232,
    "56": 9252,
    "58": 6208,
    "59": 8,
    "6": 526352,
    "60": 2104,
    "62": 392,
    "7": 260284,
    "8": 546068,
    "9": 122876
  },
  "initNext": 12751200,
  "lastTxn": 277,
  "processed": 5576256,
  "rawCount": 12751200,
  "signature": "KQRvKB",
  "sizes": {
    "0": 261124,
    "1": 216220,
    "10": 507580,
    "11": 58920,
    "12": 389232,
    "13": 40600,
    "14": 293044,
    "15": 30280,
    "16": 250084,
    "17": 12464,
    "18": 142736,
    "19": 4220,
    "2": 164772,
    "20": 83692,
    "21": 556,
    "22": 48128,
    "23": 64,
    "24": 44440,
    "25": 80,
    "26": 39720,
    "27": 40,
    "28": 30504,
    "29": 12,
    "3": 383940,
    "30": 22176,
    "31": 48,
    "32": 17664,
    "33": 8,
    "34": 17776,
    "35": 8,
    "36": 24344,
    "37": 24,
    "38": 38132,
    "4": 258928,
    "40": 41640,
    "41": 16,
    "42": 45560,
    "43": 64,
    "44": 33040,
    "46": 22824,
    "47": 24,
    "48": 18096,
    "49": 16,
    "5": 522028,
    "50": 12196,
    "51": 8,
    "52": 14408,
    "54": 11232,
    "56": 9252,
    "58": 6208,
    "59": 8,
    "6": 526352,
    "60": 2104,
    "62": 392,
    "7": 260284,
    "8": 546068,
    "9": 122876
  },
  "stage": "done"
}