{
  "createdAt": 1782562889.5258842,
  "finishedAt": 1782563089.9341304,
  "heads": {
    "0": 28412,
    "1": 49810,
    "10": 277855,
    "11": 387680,
    "12": 392649,
    "13": 252425,
    "14": 362249,
    "15": 134715,
    "16": 236972,
    "17": 61329,
    "18": 122120,
    "19": 24048,
    "2": 20732,
    "20": 59371,
    "21": 10450,
    "22": 22258,
    "23": 5666,
    "24": 7648,
    "25": 5666,
    "26": 3154,
    "27": 7244,
    "28": 938,
    "29": 7086,
    "3": 89177,
    "30": 168,
    "31": 6384,
    "32": 26,
    "33": 4912,
    "34": 18,
    "35": 2716,
    "36": 6,
    "37": 1482,
    "39": 614,
    "4": 36650,
    "40": 4,
    "41": 358,
    "43": 172,
    "45": 204,
    "47": 66,
    "49": 28,
    "5": 141883,
    "51": 22,
    "53": 4,
    "6": 68386,
    "7": 238838,
    "8": 142844,
    "9": 373222
  },
  "initNext": 12751200,
  "lastTxn": 233,
  "processed": 3588661,
  "rawCount": 12751200,
  "signature": "KRBvKP",
  "sizes": {
    "0": 28412,
    "1": 49810,
    "10": 277855,
    "11": 387680,
    "12": 392649,
    "13": 252425,
    "14": 362249,
    "15": 134715,
    "16": 236972,
    "17": 61329,
    "18": 122120,
    "19": 24048,
    "2": 20732,
    "20": 59371,
    "21": 10450,
    "22": 22258,
    "23": 5666,
    "24": 7648,
    "25": 5666,
    "26": 3154,
    "27": 7244,
    "28": 938,
    "29": 7086,
    "3": 89177,
    "30": 168,
    "31": 6384,
    "32": 26,
    "33": 4912,
    "34": 18,
    "35": 2716,
    "36": 6,
    "37": 1482,
    "39": 614,
    "4": 36650,
    "40": 4,
    "41": 358,
    "43": 172,
    "45": 204,
    "47": 66,
    "49": 28,
    "5": 141883,
    "51": 22,
    "53": 4,
    "6": 68386,
    "7": 238838,
    "8": 142844,
    "9": 373222
  },
  "stage": "done"
}