{
  "createdAt": 1782559719.3962176,
  "finishedAt": 1782559908.0668411,
  "heads": {
    "0": 8536,
    "1": 23704,
    "10": 600,
    "11": 38096,
    "12": 1328,
    "13": 71448,
    "14": 2200,
    "15": 112584,
    "16": 5568,
    "17": 166876,
    "18": 10136,
    "19": 210172,
    "2": 3176,
    "20": 15772,
    "21": 179796,
    "22": 14548,
    "23": 101432,
    "24": 8392,
    "25": 70592,
    "26": 4600,
    "27": 42656,
    "28": 1928,
    "29": 33724,
    "3": 6472,
    "30": 2400,
    "31": 26816,
    "32": 2008,
    "33": 25216,
    "34": 2272,
    "35": 28848,
    "36": 2360,
    "37": 45272,
    "38": 3904,
    "39": 58700,
    "4": 288,
    "40": 5732,
    "41": 76156,
    "42": 7248,
    "43": 73784,
    "44": 7392,
    "45": 58496,
    "46": 7136,
    "47": 46312,
    "48": 7128,
    "49": 35448,
    "5": 3488,
    "50": 5232,
    "51": 26744,
    "52": 4312,
    "53": 26120,
    "54": 4504,
    "55": 23672,
    "56": 4512,
    "57": 19752,
    "58": 3432,
    "59": 14104,
    "6": 208,
    "60": 2776,
    "61": 7408,
    "62": 1112,
    "63": 2312,
    "64": 352,
    "65": 400,
    "66": 24,
    "67": 48,
    "7": 15272,
    "8": 264,
    "9": 29464
  },
  "initNext": 12751200,
  "lastTxn": 216,
  "processed": 1852764,
  "rawCount": 12751200,
  "signature": "KRvKBN",
  "sizes": {
    "0": 8536,
    "1": 23704,
    "10": 600,
    "11": 38096,
    "12": 1328,
    "13": 71448,
    "14": 2200,
    "15": 112584,
    "16": 5568,
    "17": 166876,
    "18": 10136,
    "19": 210172,
    "2": 3176,
    "20": 15772,
    "21": 179796,
    "22": 14548,
    "23": 101432,
    "24": 8392,
    "25": 70592,
    "26": 4600,
    "27": 42656,
    "28": 1928,
    "29": 33724,
    "3": 6472,
    "30": 2400,
    "31": 26816,
    "32": 2008,
    "33": 25216,
    "34": 2272,
    "35": 28848,
    "36": 2360,
    "37": 45272,
    "38": 3904,
    "39": 58700,
    "4": 288,
    "40": 5732,
    "41": 76156,
    "42": 7248,
    "43": 73784,
    "44": 7392,
    "45": 58496,
    "46": 7136,
    "47": 46312,
    "48": 7128,
    "49": 35448,
    "5": 3488,
    "50": 5232,
    "51": 26744,
    "52": 4312,
    "53": 26120,
    "54": 4504,
    "55": 23672,
    "56": 4512,
    "57": 19752,
    "58": 3432,
    "59": 14104,
    "6": 208,
    "60": 2776,
    "61": 7408,
    "62": 1112,
    "63": 2312,
    "64": 352,
    "65": 400,
    "66": 24,
    "67": 48,
    "7": 15272,
    "8": 264,
    "9": 29464
  },
  "stage": "done"
}