{
  "createdAt": 1782559519.9700196,
  "finishedAt": 1782559620.4189513,
  "heads": {
    "0": 47096,
    "1": 53784,
    "10": 61976,
    "11": 70880,
    "12": 90172,
    "13": 94516,
    "14": 126252,
    "15": 99608,
    "16": 161316,
    "17": 76568,
    "18": 162732,
    "19": 48584,
    "2": 17152,
    "20": 132356,
    "21": 24292,
    "22": 75824,
    "23": 10420,
    "24": 31416,
    "25": 2784,
    "26": 7012,
    "27": 600,
    "28": 1244,
    "29": 128,
    "3": 115480,
    "30": 240,
    "31": 40,
    "32": 80,
    "33": 8,
    "4": 16856,
    "5": 196220,
    "6": 45144,
    "7": 215724,
    "8": 66980,
    "9": 116488
  },
  "initNext": 6375600,
  "lastTxn": 128,
  "processed": 2169972,
  "rawCount": 6375600,
  "signature": "KRRvKR",
  "sizes": {
    "0": 47096,
    "1": 53784,
    "10": 61976,
    "11": 70880,
    "12": 90172,
    "13": 94516,
    "14": 126252,
    "15": 99608,
    "16": 161316,
    "17": 76568,
    "18": 162732,
    "19": 48584,
    "2": 17152,
    "20": 132356,
    "21": 24292,
    "22": 75824,
    "23": 10420,
    "24": 31416,
    "25": 2784,
    "26": 7012,
    "27": 600,
    "28": 1244,
    "29": 128,
    "3": 115480,
    "30": 240,
    "31": 40,
    "32": 80,
    "33": 8,
    "4": 16856,
    "5": 196220,
    "6": 45144,
    "7": 215724,
    "8": 66980,
    "9": 116488
  },
  "stage": "done"
}