{
  "createdAt": 1782560600.1187959,
  "finishedAt": 1782560759.4920156,
  "heads": {
    "0": 1174,
    "1": 10892,
    "10": 30782,
    "11": 239067,
    "12": 67065,
    "13": 237446,
    "14": 83916,
    "15": 192164,
    "16": 67759,
    "17": 136138,
    "18": 45616,
    "19": 95749,
    "2": 957,
    "20": 34205,
    "21": 62369,
    "22": 21900,
    "23": 38436,
    "24": 15015,
    "25": 23042,
    "26": 9542,
    "27": 13560,
    "28": 6906,
    "29": 9286,
    "3": 14254,
    "30": 5370,
    "31": 6534,
    "32": 4078,
    "33": 4378,
    "34": 2848,
    "35": 2680,
    "36": 2212,
    "37": 2142,
    "38": 1988,
    "39": 1826,
    "4": 1812,
    "40": 1568,
    "41": 1241,
    "42": 946,
    "43": 734,
    "44": 460,
    "45": 382,
    "46": 313,
    "47": 467,
    "48": 198,
    "49": 236,
    "5": 31302,
    "50": 140,
    "51": 152,
    "52": 72,
    "53": 94,
    "54": 94,
    "55": 104,
    "56": 64,
    "57": 34,
    "58": 14,
    "59": 6,
    "6": 2104,
    "7": 69344,
    "8": 8004,
    "9": 162004
  },
  "initNext": 12751200,
  "lastTxn": 210,
  "processed": 1773185,
  "rawCount": 12751200,
  "signature": "KBvKNP",
  "sizes": {
    "0": 1174,
    "1": 10892,
    "10": 30782,
    "11": 239067,
    "12": 67065,
    "13": 237446,
    "14": 83916,
    "15": 192164,
    "16": 67759,
    "17": 136138,
    "18": 45616,
    "19": 95749,
    "2": 957,
    "20": 34205,
    "21": 62369,
    "22": 21900,
    "23": 38436,
    "24": 15015,
    "25": 23042,
    "26": 9542,
    "27": 13560,
    "28": 6906,
    "29": 9286,
    "3": 14254,
    "30": 5370,
    "31": 6534,
    "32": 4078,
    "33": 4378,
    "34": 2848,
    "35": 2680,
    "36": 2212,
    "37": 2142,
    "38": 1988,
    "39": 1826,
    "4": 1812,
    "40": 1568,
    "41": 1241,
    "42": 946,
    "43": 734,
    "44": 460,
    "45": 382,
    "46": 313,
    "47": 467,
    "48": 198,
    "49": 236,
    "5": 31302,
    "50": 140,
    "51": 152,
    "52": 72,
    "53": 94,
    "54": 94,
    "55": 104,
    "56": 64,
    "57": 34,
    "58": 14,
    "59": 6,
    "6": 2104,
    "7": 69344,
    "8": 8004,
    "9": 162004
  },
  "stage": "done"
}