{
  "createdAt": 1782553930.8551195,
  "finishedAt": 1782554130.6993883,
  "heads": {
    "0": 245092,
    "1": 131864,
    "10": 300192,
    "11": 17336,
    "12": 151108,
    "13": 3368,
    "14": 49624,
    "15": 1108,
    "16": 27800,
    "17": 376,
    "18": 24768,
    "19": 176,
    "2": 155412,
    "20": 36744,
    "21": 72,
    "22": 35292,
    "23": 72,
    "24": 38124,
    "25": 160,
    "26": 39464,
    "27": 72,
    "28": 24836,
    "29": 16,
    "3": 230200,
    "30": 12420,
    "32": 3240,
    "33": 8,
    "34": 556,
    "36": 40,
    "4": 205336,
    "5": 118732,
    "6": 160680,
    "7": 33456,
    "8": 160644,
    "9": 45692
  },
  "initNext": 6375600,
  "lastTxn": 133,
  "processed": 2254080,
  "rawCount": 6375600,
  "signature": "KQQvKR",
  "sizes": {
    "0": 245092,
    "1": 131864,
    "10": 300192,
    "11": 17336,
    "12": 151108,
    "13": 3368,
    "14": 49624,
    "15": 1108,
    "16": 27800,
    "17": 376,
    "18": 24768,
    "19": 176,
    "2": 155412,
    "20": 36744,
    "21": 72,
    "22": 35292,
    "23": 72,
    "24": 38124,
    "25": 160,
    "26": 39464,
    "27": 72,
    "28": 24836,
    "29": 16,
    "3": 230200,
    "30": 12420,
    "32": 3240,
    "33": 8,
    "34": 556,
    "36": 40,
    "4": 205336,
    "5": 118732,
    "6": 160680,
    "7": 33456,
    "8": 160644,
    "9": 45692
  },
  "stage": "done"
}