{
  "createdAt": 1782551009.6663105,
  "finishedAt": 1782551139.7726336,
  "heads": {
    "0": 2968,
    "1": 8852,
    "10": 1008,
    "11": 31632,
    "12": 2848,
    "13": 50728,
    "14": 3776,
    "15": 78360,
    "16": 9540,
    "17": 118436,
    "18": 18344,
    "19": 151648,
    "2": 2500,
    "20": 27420,
    "21": 125600,
    "22": 29084,
    "23": 58204,
    "24": 16644,
    "25": 26688,
    "26": 8832,
    "27": 13328,
    "28": 4264,
    "29": 6756,
    "3": 10536,
    "30": 2972,
    "31": 4968,
    "32": 2184,
    "33": 4056,
    "34": 2340,
    "35": 5496,
    "36": 2496,
    "37": 5080,
    "38": 2128,
    "39": 3288,
    "4": 1064,
    "40": 1480,
    "41": 3508,
    "42": 1648,
    "43": 3908,
    "44": 1464,
    "45": 3048,
    "46": 1384,
    "47": 2640,
    "48": 880,
    "49": 1536,
    "5": 4752,
    "50": 456,
    "51": 896,
    "52": 208,
    "53": 336,
    "54": 208,
    "55": 376,
    "56": 152,
    "57": 280,
    "58": 112,
    "59": 136,
    "6": 296,
    "60": 56,
    "61": 48,
    "62": 32,
    "63": 72,
    "7": 9032,
    "8": 280,
    "9": 22888
  },
  "initNext": 12751200,
  "lastTxn": 202,
  "processed": 906180,
  "rawCount": 12751200,
  "signature": "KBNvKN",
  "sizes": {
    "0": 2968,
    "1": 8852,
    "10": 1008,
    "11": 31632,
    "12": 2848,
    "13": 50728,
    "14": 3776,
    "15": 78360,
    "16": 9540,
    "17": 118436,
    "18": 18344,
    "19": 151648,
    "2": 2500,
    "20": 27420,
    "21": 125600,
    "22": 29084,
    "23": 58204,
    "24": 16644,
    "25": 26688,
    "26": 8832,
    "27": 13328,
    "28": 4264,
    "29": 6756,
    "3": 10536,
    "30": 2972,
    "31": 4968,
    "32": 2184,
    "33": 4056,
    "34": 2340,
    "35": 5496,
    "36": 2496,
    "37": 5080,
    "38": 2128,
    "39": 3288,
    "4": 1064,
    "40": 1480,
    "41": 3508,
    "42": 1648,
    "43": 3908,
    "44": 1464,
    "45": 3048,
    "46": 1384,
    "47": 2640,
    "48": 880,
    "49": 1536,
    "5": 4752,
    "50": 456,
    "51": 896,
    "52": 208,
    "53": 336,
    "54": 208,
    "55": 376,
    "56": 152,
    "57": 280,
    "58": 112,
    "59": 136,
    "6": 296,
    "60": 56,
    "61": 48,
    "62": 32,
    "63": 72,
    "7": 9032,
    "8": 280,
    "9": 22888
  },
  "stage": "done"
}