{
  "createdAt": 1782559908.1114013,
  "finishedAt": 1782559981.691764,
  "heads": {
    "0": 4384,
    "1": 14648,
    "10": 68,
    "11": 4628,
    "12": 104,
    "13": 14448,
    "14": 272,
    "15": 23952,
    "16": 800,
    "17": 29968,
    "18": 824,
    "19": 36576,
    "2": 1264,
    "20": 1024,
    "21": 30704,
    "22": 1460,
    "23": 16956,
    "24": 964,
    "25": 9896,
    "26": 724,
    "27": 4524,
    "28": 344,
    "29": 3452,
    "3": 2736,
    "30": 84,
    "31": 1988,
    "32": 152,
    "33": 2152,
    "34": 216,
    "35": 3004,
    "36": 152,
    "37": 3396,
    "38": 136,
    "39": 2832,
    "4": 104,
    "40": 320,
    "41": 5560,
    "42": 208,
    "43": 1168,
    "44": 56,
    "45": 48,
    "5": 520,
    "7": 3152,
    "8": 64,
    "9": 3848
  },
  "initNext": 6375600,
  "lastTxn": 109,
  "processed": 233880,
  "rawCount": 6375600,
  "signature": "KRvKNN",
  "sizes": {
    "0": 4384,
    "1": 14648,
    "10": 68,
    "11": 4628,
    "12": 104,
    "13": 14448,
    "14": 272,
    "15": 23952,
    "16": 800,
    "17": 29968,
    "18": 824,
    "19": 36576,
    "2": 1264,
    "20": 1024,
    "21": 30704,
    "22": 1460,
    "23": 16956,
    "24": 964,
    "25": 9896,
    "26": 724,
    "27": 4524,
    "28": 344,
    "29": 3452,
    "3": 2736,
    "30": 84,
    "31": 1988,
    "32": 152,
    "33": 2152,
    "34": 216,
    "35": 3004,
    "36": 152,
    "37": 3396,
    "38": 136,
    "39": 2832,
    "4": 104,
    "40": 320,
    "41": 5560,
    "42": 208,
    "43": 1168,
    "44": 56,
    "45": 48,
    "5": 520,
    "7": 3152,
    "8": 64,
    "9": 3848
  },
  "stage": "done"
}