{
  "createdAt": 1782555590.8899777,
  "finishedAt": 1782555861.3571742,
  "heads": {
    "0": 12728,
    "1": 32888,
    "10": 12728,
    "11": 187704,
    "12": 28264,
    "13": 268880,
    "14": 54924,
    "15": 279580,
    "16": 91468,
    "17": 190220,
    "18": 91180,
    "19": 117604,
    "2": 6712,
    "20": 89024,
    "21": 66312,
    "22": 76956,
    "23": 40556,
    "24": 73208,
    "25": 31440,
    "26": 61536,
    "27": 20676,
    "28": 41336,
    "29": 12184,
    "3": 18260,
    "30": 25060,
    "31": 7488,
    "32": 14260,
    "33": 5424,
    "34": 10752,
    "35": 4528,
    "36": 9912,
    "37": 3936,
    "38": 8400,
    "39": 2240,
    "4": 3136,
    "40": 4088,
    "41": 952,
    "42": 2464,
    "43": 576,
    "44": 1176,
    "45": 328,
    "46": 688,
    "47": 144,
    "48": 368,
    "49": 88,
    "5": 18884,
    "50": 272,
    "51": 32,
    "52": 112,
    "53": 40,
    "54": 32,
    "55": 32,
    "56": 32,
    "57": 24,
    "58": 32,
    "6": 2196,
    "7": 37580,
    "8": 3752,
    "9": 91648
  },
  "initNext": 6375600,
  "lastTxn": 150,
  "processed": 2167044,
  "rawCount": 6375600,
  "signature": "KQvKBB",
  "sizes": {
    "0": 12728,
    "1": 32888,
    "10": 12728,
    "11": 187704,
    "12": 28264,
    "13": 268880,
    "14": 54924,
    "15": 279580,
    "16": 91468,
    "17": 190220,
    "18": 91180,
    "19": 117604,
    "2": 6712,
    "20": 89024,
    "21": 66312,
    "22": 76956,
    "23": 40556,
    "24": 73208,
    "25": 31440,
    "26": 61536,
    "27": 20676,
    "28": 41336,
    "29": 12184,
    "3": 18260,
    "30": 25060,
    "31": 7488,
    "32": 14260,
    "33": 5424,
    "34": 10752,
    "35": 4528,
    "36": 9912,
    "37": 3936,
    "38": 8400,
    "39": 2240,
    "4": 3136,
    "40": 4088,
    "41": 952,
    "42": 2464,
    "43": 576,
    "44": 1176,
    "45": 328,
    "46": 688,
    "47": 144,
    "48": 368,
    "49": 88,
    "5": 18884,
    "50": 272,
    "51": 32,
    "52": 112,
    "53": 40,
    "54": 32,
    "55": 32,
    "56": 32,
    "57": 24,
    "58": 32,
    "6": 2196,
    "7": 37580,
    "8": 3752,
    "9": 91648
  },
  "stage": "done"
}