{
  "createdAt": 1782553664.158386,
  "finishedAt": 1782553752.2080433,
  "heads": {
    "0": 310424,
    "1": 145920,
    "10": 352336,
    "11": 9444,
    "12": 197808,
    "13": 368,
    "14": 95928,
    "15": 48,
    "16": 29828,
    "17": 48,
    "18": 7472,
    "19": 8,
    "2": 191880,
    "20": 780,
    "3": 234644,
    "4": 305824,
    "5": 124420,
    "6": 269316,
    "7": 29832,
    "8": 205112,
    "9": 37500
  },
  "initNext": 6375600,
  "lastTxn": 128,
  "processed": 2548940,
  "rawCount": 6375600,
  "signature": "KQQvKB",
  "sizes": {
    "0": 310424,
    "1": 145920,
    "10": 352336,
    "11": 9444,
    "12": 197808,
    "13": 368,
    "14": 95928,
    "15": 48,
    "16": 29828,
    "17": 48,
    "18": 7472,
    "19": 8,
    "2": 191880,
    "20": 780,
    "3": 234644,
    "4": 305824,
    "5": 124420,
    "6": 269316,
    "7": 29832,
    "8": 205112,
    "9": 37500
  },
  "stage": "done"
}