{
  "createdAt": 1782560759.5328712,
  "finishedAt": 1782560842.3676965,
  "heads": {
    "0": 1282,
    "1": 6692,
    "10": 2365,
    "11": 16416,
    "12": 2674,
    "13": 21650,
    "14": 2871,
    "15": 23400,
    "16": 3824,
    "17": 26625,
    "18": 4999,
    "19": 33304,
    "2": 1530,
    "20": 6871,
    "21": 38852,
    "22": 8776,
    "23": 40241,
    "24": 9721,
    "25": 33478,
    "26": 10516,
    "27": 29557,
    "28": 10167,
    "29": 25871,
    "3": 11390,
    "30": 10409,
    "31": 25297,
    "32": 9947,
    "33": 23647,
    "34": 9821,
    "35": 22010,
    "36": 8868,
    "37": 19939,
    "38": 8303,
    "39": 17282,
    "4": 2162,
    "40": 6905,
    "41": 13922,
    "42": 5917,
    "43": 11534,
    "44": 4995,
    "45": 10127,
    "46": 4287,
    "47": 8541,
    "48": 3939,
    "49": 8180,
    "5": 9898,
    "50": 3515,
    "51": 6890,
    "52": 3648,
    "53": 7088,
    "54": 3468,
    "55": 5771,
    "56": 3095,
    "57": 5100,
    "58": 2496,
    "59": 4824,
    "6": 1870,
    "60": 2626,
    "61": 4816,
    "62": 2156,
    "63": 4310,
    "64": 2350,
    "65": 4140,
    "66": 1956,
    "67": 3197,
    "68": 1707,
    "69": 2831,
    "7": 9424,
    "70": 1098,
    "71": 1625,
    "72": 823,
    "73": 1138,
    "74": 610,
    "75": 700,
    "76": 348,
    "77": 372,
    "78": 250,
    "79": 178,
    "8": 2372,
    "80": 108,
    "81": 70,
    "82": 58,
    "83": 34,
    "84": 20,
    "85": 20,
    "86": 6,
    "87": 8,
    "9": 12686
  },
  "initNext": 6375600,
  "lastTxn": 152,
  "processed": 728804,
  "rawCount": 6375600,
  "signature": "KNNvKP",
  "sizes": {
    "0": 1282,
    "1": 6692,
    "10": 2365,
    "11": 16416,
    "12": 2674,
    "13": 21650,
    "14": 2871,
    "15": 23400,
    "16": 3824,
    "17": 26625,
    "18": 4999,
    "19": 33304,
    "2": 1530,
    "20": 6871,
    "21": 38852,
    "22": 8776,
    "23": 40241,
    "24": 9721,
    "25": 33478,
    "26": 10516,
    "27": 29557,
    "28": 10167,
    "29": 25871,
    "3": 11390,
    "30": 10409,
    "31": 25297,
    "32": 9947,
    "33": 23647,
    "34": 9821,
    "35": 22010,
    "36": 8868,
    "37": 19939,
    "38": 8303,
    "39": 17282,
    "4": 2162,
    "40": 6905,
    "41": 13922,
    "42": 5917,
    "43": 11534,
    "44": 4995,
    "45": 10127,
    "46": 4287,
    "47": 8541,
    "48": 3939,
    "49": 8180,
    "5": 9898,
    "50": 3515,
    "51": 6890,
    "52": 3648,
    "53": 7088,
    "54": 3468,
    "55": 5771,
    "56": 3095,
    "57": 5100,
    "58": 2496,
    "59": 4824,
    "6": 1870,
    "60": 2626,
    "61": 4816,
    "62": 2156,
    "63": 4310,
    "64": 2350,
    "65": 4140,
    "66": 1956,
    "67": 3197,
    "68": 1707,
    "69": 2831,
    "7": 9424,
    "70": 1098,
    "71": 1625,
    "72": 823,
    "73": 1138,
    "74": 610,
    "75": 700,
    "76": 348,
    "77": 372,
    "78": 250,
    "79": 178,
    "8": 2372,
    "80": 108,
    "81": 70,
    "82": 58,
    "83": 34,
    "84": 20,
    "85": 20,
    "86": 6,
    "87": 8,
    "9": 12686
  },
  "stage": "done"
}