{
  "createdAt": 1782559269.087148,
  "finishedAt": 1782559404.1967194,
  "heads": {
    "0": 52824,
    "1": 51028,
    "10": 159808,
    "11": 100976,
    "12": 197084,
    "13": 108272,
    "14": 248300,
    "15": 79352,
    "16": 265644,
    "17": 37544,
    "18": 166760,
    "19": 12380,
    "2": 16600,
    "20": 92240,
    "21": 2440,
    "22": 45656,
    "23": 868,
    "24": 40812,
    "25": 400,
    "26": 35016,
    "27": 364,
    "28": 26892,
    "29": 160,
    "3": 112108,
    "30": 18452,
    "31": 176,
    "32": 15464,
    "33": 120,
    "34": 16936,
    "35": 248,
    "36": 23060,
    "37": 580,
    "38": 36904,
    "39": 520,
    "4": 28576,
    "40": 38184,
    "41": 376,
    "42": 41692,
    "43": 444,
    "44": 31048,
    "45": 248,
    "46": 21952,
    "47": 136,
    "48": 17476,
    "49": 144,
    "5": 210996,
    "50": 12044,
    "51": 60,
    "52": 13880,
    "53": 80,
    "54": 11096,
    "55": 96,
    "56": 9204,
    "57": 96,
    "58": 6168,
    "59": 8,
    "6": 99724,
    "60": 2068,
    "62": 392,
    "7": 249336,
    "8": 165300,
    "9": 153848
  },
  "initNext": 6375600,
  "lastTxn": 169,
  "processed": 3080660,
  "rawCount": 6375600,
  "signature": "KRRvKB",
  "sizes": {
    "0": 52824,
    "1": 51028,
    "10": 159808,
    "11": 100976,
    "12": 197084,
    "13": 108272,
    "14": 248300,
    "15": 79352,
    "16": 265644,
    "17": 37544,
    "18": 166760,
    "19": 12380,
    "2": 16600,
    "20": 92240,
    "21": 2440,
    "22": 45656,
    "23": 868,
    "24": 40812,
    "25": 400,
    "26": 35016,
    "27": 364,
    "28": 26892,
    "29": 160,
    "3": 112108,
    "30": 18452,
    "31": 176,
    "32": 15464,
    "33": 120,
    "34": 16936,
    "35": 248,
    "36": 23060,
    "37": 580,
    "38": 36904,
    "39": 520,
    "4": 28576,
    "40": 38184,
    "41": 376,
    "42": 41692,
    "43": 444,
    "44": 31048,
    "45": 248,
    "46": 21952,
    "47": 136,
    "48": 17476,
    "49": 144,
    "5": 210996,
    "50": 12044,
    "51": 60,
    "52": 13880,
    "53": 80,
    "54": 11096,
    "55": 96,
    "56": 9204,
    "57": 96,
    "58": 6168,
    "59": 8,
    "6": 99724,
    "60": 2068,
    "62": 392,
    "7": 249336,
    "8": 165300,
    "9": 153848
  },
  "stage": "done"
}