{
  "createdAt": 1782558818.2684484,
  "finishedAt": 1782559034.1365194,
  "heads": {
    "0": 25896,
    "1": 52100,
    "10": 135220,
    "11": 508600,
    "12": 251364,
    "13": 435216,
    "14": 318944,
    "15": 318088,
    "16": 327092,
    "17": 232624,
    "18": 322992,
    "19": 169016,
    "2": 9436,
    "20": 302416,
    "21": 113676,
    "22": 251592,
    "23": 71460,
    "24": 186188,
    "25": 39864,
    "26": 111304,
    "27": 17340,
    "28": 52108,
    "29": 6624,
    "3": 67184,
    "30": 22200,
    "31": 2168,
    "32": 7880,
    "33": 912,
    "34": 3696,
    "35": 352,
    "36": 3632,
    "37": 472,
    "38": 3112,
    "39": 424,
    "4": 10096,
    "40": 3648,
    "41": 256,
    "42": 2872,
    "43": 96,
    "44": 552,
    "45": 40,
    "46": 80,
    "5": 140484,
    "6": 29212,
    "7": 220320,
    "8": 60120,
    "9": 396044
  },
  "initNext": 12751200,
  "lastTxn": 267,
  "processed": 5235012,
  "rawCount": 12751200,
  "signature": "KRNvKN",
  "sizes": {
    "0": 25896,
    "1": 52100,
    "10": 135220,
    "11": 508600,
    "12": 251364,
    "13": 435216,
    "14": 318944,
    "15": 318088,
    "16": 327092,
    "17": 232624,
    "18": 322992,
    "19": 169016,
    "2": 9436,
    "20": 302416,
    "21": 113676,
    "22": 251592,
    "23": 71460,
    "24": 186188,
    "25": 39864,
    "26": 111304,
    "27": 17340,
    "28": 52108,
    "29": 6624,
    "3": 67184,
    "30": 22200,
    "31": 2168,
    "32": 7880,
    "33": 912,
    "34": 3696,
    "35": 352,
    "36": 3632,
    "37": 472,
    "38": 3112,
    "39": 424,
    "4": 10096,
    "40": 3648,
    "41": 256,
    "42": 2872,
    "43": 96,
    "44": 552,
    "45": 40,
    "46": 80,
    "5": 140484,
    "6": 29212,
    "7": 220320,
    "8": 60120,
    "9": 396044
  },
  "stage": "done"
}