{
  "createdAt": 1782561178.5161085,
  "finishedAt": 1782561369.9932752,
  "heads": {
    "0": 80518,
    "1": 147714,
    "10": 478191,
    "11": 22952,
    "12": 107157,
    "13": 10736,
    "14": 18916,
    "15": 10098,
    "16": 6416,
    "17": 10958,
    "18": 3196,
    "19": 13808,
    "2": 91884,
    "20": 1750,
    "21": 14082,
    "22": 1448,
    "23": 10052,
    "24": 1566,
    "25": 4428,
    "26": 1454,
    "27": 1206,
    "28": 1122,
    "29": 308,
    "3": 240598,
    "30": 978,
    "31": 70,
    "32": 946,
    "33": 4,
    "34": 824,
    "35": 6,
    "36": 712,
    "38": 692,
    "39": 2,
    "4": 181064,
    "40": 510,
    "42": 332,
    "44": 376,
    "45": 14,
    "46": 324,
    "48": 394,
    "49": 4,
    "5": 369875,
    "50": 376,
    "51": 8,
    "52": 402,
    "53": 8,
    "54": 288,
    "55": 2,
    "56": 180,
    "57": 6,
    "58": 178,
    "6": 372132,
    "60": 136,
    "61": 4,
    "62": 120,
    "63": 2,
    "64": 170,
    "66": 172,
    "68": 132,
    "7": 387339,
    "70": 80,
    "72": 60,
    "74": 50,
    "76": 44,
    "78": 14,
    "8": 653762,
    "80": 4,
    "9": 168520
  },
  "initNext": 12751200,
  "lastTxn": 255,
  "processed": 3421874,
  "rawCount": 12751200,
  "signature": "KQNvKP",
  "sizes": {
    "0": 80518,
    "1": 147714,
    "10": 478191,
    "11": 22952,
    "12": 107157,
    "13": 10736,
    "14": 18916,
    "15": 10098,
    "16": 6416,
    "17": 10958,
    "18": 3196,
    "19": 13808,
    "2": 91884,
    "20": 1750,
    "21": 14082,
    "22": 1448,
    "23": 10052,
    "24": 1566,
    "25": 4428,
    "26": 1454,
    "27": 1206,
    "28": 1122,
    "29": 308,
    "3": 240598,
    "30": 978,
    "31": 70,
    "32": 946,
    "33": 4,
    "34": 824,
    "35": 6,
    "36": 712,
    "38": 692,
    "39": 2,
    "4": 181064,
    "40": 510,
    "42": 332,
    "44": 376,
    "45": 14,
    "46": 324,
    "48": 394,
    "49": 4,
    "5": 369875,
    "50": 376,
    "51": 8,
    "52": 402,
    "53": 8,
    "54": 288,
    "55": 2,
    "56": 180,
    "57": 6,
    "58": 178,
    "6": 372132,
    "60": 136,
    "61": 4,
    "62": 120,
    "63": 2,
    "64": 170,
    "66": 172,
    "68": 132,
    "7": 387339,
    "70": 80,
    "72": 60,
    "74": 50,
    "76": 44,
    "78": 14,
    "8": 653762,
    "80": 4,
    "9": 168520
  },
  "stage": "done"
}