{
  "createdAt": 1782561734.154437,
  "finishedAt": 1782561880.8703334,
  "heads": {
    "0": 24278,
    "1": 80414,
    "10": 20784,
    "11": 294156,
    "12": 26640,
    "13": 197526,
    "14": 31720,
    "15": 89629,
    "16": 32520,
    "17": 57512,
    "18": 31918,
    "19": 39144,
    "2": 12472,
    "20": 30356,
    "21": 30464,
    "22": 26976,
    "23": 24576,
    "24": 23586,
    "25": 19931,
    "26": 20491,
    "27": 15012,
    "28": 16775,
    "29": 10735,
    "3": 103591,
    "30": 12664,
    "31": 7490,
    "32": 9004,
    "33": 5532,
    "34": 6800,
    "35": 4608,
    "36": 5330,
    "37": 3316,
    "38": 3732,
    "39": 2220,
    "4": 7902,
    "40": 2288,
    "41": 1482,
    "42": 1574,
    "43": 922,
    "44": 1126,
    "45": 740,
    "46": 848,
    "47": 504,
    "48": 474,
    "49": 284,
    "5": 202648,
    "50": 326,
    "51": 212,
    "52": 202,
    "53": 112,
    "54": 110,
    "55": 50,
    "56": 62,
    "57": 60,
    "58": 78,
    "59": 38,
    "6": 7598,
    "60": 54,
    "61": 40,
    "62": 76,
    "63": 18,
    "64": 58,
    "65": 16,
    "66": 18,
    "67": 12,
    "68": 18,
    "69": 10,
    "7": 304440,
    "70": 12,
    "71": 8,
    "8": 11754,
    "9": 329670
  },
  "initNext": 12751200,
  "lastTxn": 229,
  "processed": 2197746,
  "rawCount": 12751200,
  "signature": "KQPvKQ",
  "sizes": {
    "0": 24278,
    "1": 80414,
    "10": 20784,
    "11": 294156,
    "12": 26640,
    "13": 197526,
    "14": 31720,
    "15": 89629,
    "16": 32520,
    "17": 57512,
    "18": 31918,
    "19": 39144,
    "2": 12472,
    "20": 30356,
    "21": 30464,
    "22": 26976,
    "23": 24576,
    "24": 23586,
    "25": 19931,
    "26": 20491,
    "27": 15012,
    "28": 16775,
    "29": 10735,
    "3": 103591,
    "30": 12664,
    "31": 7490,
    "32": 9004,
    "33": 5532,
    "34": 6800,
    "35": 4608,
    "36": 5330,
    "37": 3316,
    "38": 3732,
    "39": 2220,
    "4": 7902,
    "40": 2288,
    "41": 1482,
    "42": 1574,
    "43": 922,
    "44": 1126,
    "45": 740,
    "46": 848,
    "47": 504,
    "48": 474,
    "49": 284,
    "5": 202648,
    "50": 326,
    "51": 212,
    "52": 202,
    "53": 112,
    "54": 110,
    "55": 50,
    "56": 62,
    "57": 60,
    "58": 78,
    "59": 38,
    "6": 7598,
    "60": 54,
    "61": 40,
    "62": 76,
    "63": 18,
    "64": 58,
    "65": 16,
    "66": 18,
    "67": 12,
    "68": 18,
    "69": 10,
    "7": 304440,
    "70": 12,
    "71": 8,
    "8": 11754,
    "9": 329670
  },
  "stage": "done"
}