{
  "createdAt": 1782561880.9213965,
  "finishedAt": 1782562066.9249527,
  "heads": {
    "0": 32542,
    "1": 79762,
    "10": 114296,
    "11": 171903,
    "12": 156826,
    "13": 148520,
    "14": 174331,
    "15": 155205,
    "16": 168691,
    "17": 150951,
    "18": 153706,
    "19": 122700,
    "2": 19008,
    "20": 125494,
    "21": 82114,
    "22": 82734,
    "23": 41843,
    "24": 59138,
    "25": 17832,
    "26": 51312,
    "27": 8146,
    "28": 42490,
    "29": 2766,
    "3": 97141,
    "30": 25264,
    "31": 922,
    "32": 13666,
    "33": 96,
    "34": 4510,
    "35": 36,
    "36": 1316,
    "37": 4,
    "38": 172,
    "4": 16172,
    "5": 192977,
    "6": 32650,
    "7": 287920,
    "8": 69214,
    "9": 269595
  },
  "initNext": 12751200,
  "lastTxn": 216,
  "processed": 3173965,
  "rawCount": 12751200,
  "signature": "KQPvKR",
  "sizes": {
    "0": 32542,
    "1": 79762,
    "10": 114296,
    "11": 171903,
    "12": 156826,
    "13": 148520,
    "14": 174331,
    "15": 155205,
    "16": 168691,
    "17": 150951,
    "18": 153706,
    "19": 122700,
    "2": 19008,
    "20": 125494,
    "21": 82114,
    "22": 82734,
    "23": 41843,
    "24": 59138,
    "25": 17832,
    "26": 51312,
    "27": 8146,
    "28": 42490,
    "29": 2766,
    "3": 97141,
    "30": 25264,
    "31": 922,
    "32": 13666,
    "33": 96,
    "34": 4510,
    "35": 36,
    "36": 1316,
    "37": 4,
    "38": 172,
    "4": 16172,
    "5": 192977,
    "6": 32650,
    "7": 287920,
    "8": 69214,
    "9": 269595
  },
  "stage": "done"
}