{
  "createdAt": 1782561546.9066122,
  "finishedAt": 1782561734.1167312,
  "heads": {
    "0": 35054,
    "1": 70548,
    "10": 311578,
    "11": 189226,
    "12": 348286,
    "13": 108640,
    "14": 294949,
    "15": 70669,
    "16": 245512,
    "17": 39219,
    "18": 175417,
    "19": 13974,
    "2": 20325,
    "20": 96562,
    "21": 4584,
    "22": 49090,
    "23": 2040,
    "24": 26492,
    "25": 978,
    "26": 10954,
    "27": 288,
    "28": 2606,
    "29": 26,
    "3": 95761,
    "30": 496,
    "31": 12,
    "32": 148,
    "4": 33920,
    "5": 213854,
    "6": 94704,
    "7": 305393,
    "8": 202387,
    "9": 296794
  },
  "initNext": 12751200,
  "lastTxn": 214,
  "processed": 3360486,
  "rawCount": 12751200,
  "signature": "KQPvKN",
  "sizes": {
    "0": 35054,
    "1": 70548,
    "10": 311578,
    "11": 189226,
    "12": 348286,
    "13": 108640,
    "14": 294949,
    "15": 70669,
    "16": 245512,
    "17": 39219,
    "18": 175417,
    "19": 13974,
    "2": 20325,
    "20": 96562,
    "21": 4584,
    "22": 49090,
    "23": 2040,
    "24": 26492,
    "25": 978,
    "26": 10954,
    "27": 288,
    "28": 2606,
    "29": 26,
    "3": 95761,
    "30": 496,
    "31": 12,
    "32": 148,
    "4": 33920,
    "5": 213854,
    "6": 94704,
    "7": 305393,
    "8": 202387,
    "9": 296794
  },
  "stage": "done"
}