{
  "createdAt": 1782552933.3200848,
  "finishedAt": 1782553185.4460475,
  "heads": {
    "0": 88892,
    "1": 166304,
    "10": 832968,
    "11": 173428,
    "12": 549332,
    "13": 27176,
    "14": 154180,
    "15": 2848,
    "16": 45544,
    "17": 424,
    "18": 26584,
    "19": 144,
    "2": 56516,
    "20": 14308,
    "21": 48,
    "22": 5952,
    "23": 32,
    "24": 560,
    "26": 32,
    "3": 228768,
    "4": 103476,
    "5": 442380,
    "6": 275316,
    "7": 614424,
    "8": 651460,
    "9": 461144
  },
  "initNext": 12751200,
  "lastTxn": 244,
  "processed": 4922240,
  "rawCount": 12751200,
  "signature": "KQNvKN",
  "sizes": {
    "0": 88892,
    "1": 166304,
    "10": 832968,
    "11": 173428,
    "12": 549332,
    "13": 27176,
    "14": 154180,
    "15": 2848,
    "16": 45544,
    "17": 424,
    "18": 26584,
    "19": 144,
    "2": 56516,
    "20": 14308,
    "21": 48,
    "22": 5952,
    "23": 32,
    "24": 560,
    "26": 32,
    "3": 228768,
    "4": 103476,
    "5": 442380,
    "6": 275316,
    "7": 614424,
    "8": 651460,
    "9": 461144
  },
  "stage": "done"
}