{
  "createdAt": 1782557768.03778,
  "finishedAt": 1782558098.978406,
  "heads": {
    "0": 29144,
    "1": 54504,
    "10": 155696,
    "11": 491208,
    "12": 257600,
    "13": 362608,
    "14": 303252,
    "15": 281452,
    "16": 333292,
    "17": 219556,
    "18": 333328,
    "19": 165128,
    "2": 13152,
    "20": 309036,
    "21": 111964,
    "22": 258736,
    "23": 62780,
    "24": 171648,
    "25": 30180,
    "26": 99848,
    "27": 11832,
    "28": 49336,
    "29": 2812,
    "3": 67656,
    "30": 20096,
    "31": 1208,
    "32": 15152,
    "33": 1112,
    "34": 16192,
    "35": 1152,
    "36": 21632,
    "37": 1016,
    "38": 32556,
    "39": 2464,
    "4": 10648,
    "40": 35912,
    "41": 2208,
    "42": 37040,
    "43": 1616,
    "44": 26872,
    "45": 1328,
    "46": 19720,
    "47": 736,
    "48": 14392,
    "49": 576,
    "5": 132976,
    "50": 10236,
    "51": 384,
    "52": 10752,
    "53": 376,
    "54": 8672,
    "55": 280,
    "56": 7084,
    "57": 288,
    "58": 5064,
    "59": 112,
    "6": 28944,
    "60": 1624,
    "61": 48,
    "62": 416,
    "7": 266996,
    "8": 72240,
    "9": 448792
  },
  "initNext": 12751200,
  "lastTxn": 281,
  "processed": 5434660,
  "rawCount": 12751200,
  "signature": "KRBvKB",
  "sizes": {
    "0": 29144,
    "1": 54504,
    "10": 155696,
    "11": 491208,
    "12": 257600,
    "13": 362608,
    "14": 303252,
    "15": 281452,
    "16": 333292,
    "17": 219556,
    "18": 333328,
    "19": 165128,
    "2": 13152,
    "20": 309036,
    "21": 111964,
    "22": 258736,
    "23": 62780,
    "24": 171648,
    "25": 30180,
    "26": 99848,
    "27": 11832,
    "28": 49336,
    "29": 2812,
    "3": 67656,
    "30": 20096,
    "31": 1208,
    "32": 15152,
    "33": 1112,
    "34": 16192,
    "35": 1152,
    "36": 21632,
    "37": 1016,
    "38": 32556,
    "39": 2464,
    "4": 10648,
    "40": 35912,
    "41": 2208,
    "42": 37040,
    "43": 1616,
    "44": 26872,
    "45": 1328,
    "46": 19720,
    "47": 736,
    "48": 14392,
    "49": 576,
    "5": 132976,
    "50": 10236,
    "51": 384,
    "52": 10752,
    "53": 376,
    "54": 8672,
    "55": 280,
    "56": 7084,
    "57": 288,
    "58": 5064,
    "59": 112,
    "6": 28944,
    "60": 1624,
    "61": 48,
    "62": 416,
    "7": 266996,
    "8": 72240,
    "9": 448792
  },
  "stage": "done"
}