{
  "createdAt": 1782559404.2343283,
  "finishedAt": 1782559519.932664,
  "heads": {
    "0": 56876,
    "1": 48368,
    "10": 185848,
    "11": 97236,
    "12": 195720,
    "13": 94860,
    "14": 239972,
    "15": 71228,
    "16": 256044,
    "17": 35248,
    "18": 179888,
    "19": 12032,
    "2": 18648,
    "20": 88220,
    "21": 2216,
    "22": 30188,
    "23": 496,
    "24": 12804,
    "25": 264,
    "26": 5048,
    "27": 80,
    "28": 2208,
    "29": 56,
    "3": 112976,
    "30": 2112,
    "31": 72,
    "32": 1824,
    "33": 56,
    "34": 1976,
    "35": 48,
    "36": 3260,
    "37": 48,
    "38": 2624,
    "39": 88,
    "4": 35468,
    "40": 3496,
    "41": 24,
    "42": 3788,
    "43": 88,
    "44": 608,
    "5": 217312,
    "6": 123376,
    "7": 266060,
    "8": 199724,
    "9": 158500
  },
  "initNext": 6375600,
  "lastTxn": 151,
  "processed": 2767076,
  "rawCount": 6375600,
  "signature": "KRRvKN",
  "sizes": {
    "0": 56876,
    "1": 48368,
    "10": 185848,
    "11": 97236,
    "12": 195720,
    "13": 94860,
    "14": 239972,
    "15": 71228,
    "16": 256044,
    "17": 35248,
    "18": 179888,
    "19": 12032,
    "2": 18648,
    "20": 88220,
    "21": 2216,
    "22": 30188,
    "23": 496,
    "24": 12804,
    "25": 264,
    "26": 5048,
    "27": 80,
    "28": 2208,
    "29": 56,
    "3": 112976,
    "30": 2112,
    "31": 72,
    "32": 1824,
    "33": 56,
    "34": 1976,
    "35": 48,
    "36": 3260,
    "37": 48,
    "38": 2624,
    "39": 88,
    "4": 35468,
    "40": 3496,
    "41": 24,
    "42": 3788,
    "43": 88,
    "44": 608,
    "5": 217312,
    "6": 123376,
    "7": 266060,
    "8": 199724,
    "9": 158500
  },
  "stage": "done"
}