{
  "createdAt": 1782560842.4101288,
  "finishedAt": 1782560999.3335817,
  "heads": {
    "0": 906,
    "1": 10693,
    "10": 24166,
    "11": 218325,
    "12": 53809,
    "13": 232520,
    "14": 82068,
    "15": 187608,
    "16": 69612,
    "17": 130666,
    "18": 48720,
    "19": 94178,
    "2": 925,
    "20": 46404,
    "21": 67808,
    "22": 38300,
    "23": 47950,
    "24": 30172,
    "25": 34324,
    "26": 22156,
    "27": 24094,
    "28": 15828,
    "29": 17241,
    "3": 12382,
    "30": 13374,
    "31": 14939,
    "32": 12177,
    "33": 12918,
    "34": 9884,
    "35": 9960,
    "36": 7702,
    "37": 8258,
    "38": 6278,
    "39": 6090,
    "4": 1418,
    "40": 3918,
    "41": 3646,
    "42": 2230,
    "43": 2492,
    "44": 1750,
    "45": 1722,
    "46": 962,
    "47": 1152,
    "48": 870,
    "49": 1090,
    "5": 29938,
    "50": 656,
    "51": 836,
    "52": 506,
    "53": 642,
    "54": 444,
    "55": 544,
    "56": 352,
    "57": 406,
    "58": 278,
    "59": 488,
    "6": 1542,
    "60": 346,
    "61": 470,
    "62": 248,
    "63": 368,
    "64": 188,
    "65": 274,
    "66": 158,
    "67": 194,
    "68": 106,
    "69": 148,
    "7": 68718,
    "70": 78,
    "71": 94,
    "72": 74,
    "73": 146,
    "74": 66,
    "75": 82,
    "76": 70,
    "77": 68,
    "78": 58,
    "79": 136,
    "8": 7072,
    "80": 66,
    "81": 58,
    "82": 20,
    "83": 20,
    "84": 4,
    "85": 10,
    "86": 6,
    "87": 20,
    "88": 6,
    "89": 18,
    "9": 156942,
    "90": 4,
    "91": 8
  },
  "initNext": 12751200,
  "lastTxn": 242,
  "processed": 1906661,
  "rawCount": 12751200,
  "signature": "KNPvKN",
  "sizes": {
    "0": 906,
    "1": 10693,
    "10": 24166,
    "11": 218325,
    "12": 53809,
    "13": 232520,
    "14": 82068,
    "15": 187608,
    "16": 69612,
    "17": 130666,
    "18": 48720,
    "19": 94178,
    "2": 925,
    "20": 46404,
    "21": 67808,
    "22": 38300,
    "23": 47950,
    "24": 30172,
    "25": 34324,
    "26": 22156,
    "27": 24094,
    "28": 15828,
    "29": 17241,
    "3": 12382,
    "30": 13374,
    "31": 14939,
    "32": 12177,
    "33": 12918,
    "34": 9884,
    "35": 9960,
    "36": 7702,
    "37": 8258,
    "38": 6278,
    "39": 6090,
    "4": 1418,
    "40": 3918,
    "41": 3646,
    "42": 2230,
    "43": 2492,
    "44": 1750,
    "45": 1722,
    "46": 962,
    "47": 1152,
    "48": 870,
    "49": 1090,
    "5": 29938,
    "50": 656,
    "51": 836,
    "52": 506,
    "53": 642,
    "54": 444,
    "55": 544,
    "56": 352,
    "57": 406,
    "58": 278,
    "59": 488,
    "6": 1542,
    "60": 346,
    "61": 470,
    "62": 248,
    "63": 368,
    "64": 188,
    "65": 274,
    "66": 158,
    "67": 194,
    "68": 106,
    "69": 148,
    "7": 68718,
    "70": 78,
    "71": 94,
    "72": 74,
    "73": 146,
    "74": 66,
    "75": 82,
    "76": 70,
    "77": 68,
    "78": 58,
    "79": 136,
    "8": 7072,
    "80": 66,
    "81": 58,
    "82": 20,
    "83": 20,
    "84": 4,
    "85": 10,
    "86": 6,
    "87": 20,
    "88": 6,
    "89": 18,
    "9": 156942,
    "90": 4,
    "91": 8
  },
  "stage": "done"
}