{
  "createdAt": 1782556188.1037588,
  "finishedAt": 1782556733.2396913,
  "heads": {
    "0": 31080,
    "1": 82704,
    "10": 20724,
    "11": 558784,
    "12": 38848,
    "13": 448024,
    "14": 45916,
    "15": 310992,
    "16": 45288,
    "17": 137120,
    "18": 28672,
    "19": 72348,
    "2": 12936,
    "20": 17988,
    "21": 58164,
    "22": 14472,
    "23": 60224,
    "24": 16808,
    "25": 71320,
    "26": 21760,
    "27": 82936,
    "28": 31368,
    "29": 67592,
    "3": 82496,
    "30": 29584,
    "31": 43680,
    "32": 24824,
    "33": 22840,
    "34": 14288,
    "35": 10600,
    "36": 6832,
    "37": 4072,
    "38": 2832,
    "39": 2592,
    "4": 5184,
    "40": 1776,
    "41": 1256,
    "42": 864,
    "43": 1480,
    "44": 984,
    "45": 1208,
    "46": 536,
    "47": 520,
    "48": 216,
    "49": 184,
    "5": 140088,
    "50": 112,
    "51": 40,
    "52": 24,
    "53": 16,
    "6": 5064,
    "7": 269640,
    "8": 10872,
    "9": 471728
  },
  "initNext": 12751200,
  "lastTxn": 233,
  "processed": 3432500,
  "rawCount": 12751200,
  "signature": "KQvKRB",
  "sizes": {
    "0": 31080,
    "1": 82704,
    "10": 20724,
    "11": 558784,
    "12": 38848,
    "13": 448024,
    "14": 45916,
    "15": 310992,
    "16": 45288,
    "17": 137120,
    "18": 28672,
    "19": 72348,
    "2": 12936,
    "20": 17988,
    "21": 58164,
    "22": 14472,
    "23": 60224,
    "24": 16808,
    "25": 71320,
    "26": 21760,
    "27": 82936,
    "28": 31368,
    "29": 67592,
    "3": 82496,
    "30": 29584,
    "31": 43680,
    "32": 24824,
    "33": 22840,
    "34": 14288,
    "35": 10600,
    "36": 6832,
    "37": 4072,
    "38": 2832,
    "39": 2592,
    "4": 5184,
    "40": 1776,
    "41": 1256,
    "42": 864,
    "43": 1480,
    "44": 984,
    "45": 1208,
    "46": 536,
    "47": 520,
    "48": 216,
    "49": 184,
    "5": 140088,
    "50": 112,
    "51": 40,
    "52": 24,
    "53": 16,
    "6": 5064,
    "7": 269640,
    "8": 10872,
    "9": 471728
  },
  "stage": "done"
}