{
  "createdAt": 1782560294.1705973,
  "finishedAt": 1782560442.7775161,
  "heads": {
    "0": 3550,
    "1": 15171,
    "10": 32075,
    "11": 232427,
    "12": 65813,
    "13": 229255,
    "14": 80650,
    "15": 173516,
    "16": 65941,
    "17": 117247,
    "18": 44776,
    "19": 69362,
    "2": 2060,
    "20": 30910,
    "21": 35381,
    "22": 17868,
    "23": 19278,
    "24": 11674,
    "25": 12194,
    "26": 10320,
    "27": 10192,
    "28": 8538,
    "29": 8070,
    "3": 15016,
    "30": 7004,
    "31": 6427,
    "32": 5756,
    "33": 5342,
    "34": 4570,
    "35": 3992,
    "36": 3796,
    "37": 3620,
    "38": 3232,
    "39": 3102,
    "4": 2242,
    "40": 2570,
    "41": 2594,
    "42": 2054,
    "43": 1952,
    "44": 1184,
    "45": 1332,
    "46": 908,
    "47": 1308,
    "48": 1114,
    "49": 1272,
    "5": 33760,
    "50": 1114,
    "51": 1014,
    "52": 710,
    "53": 540,
    "54": 292,
    "55": 350,
    "56": 196,
    "57": 84,
    "58": 4,
    "6": 3134,
    "7": 73260,
    "8": 9226,
    "9": 169922
  },
  "initNext": 12751200,
  "lastTxn": 208,
  "processed": 1670261,
  "rawCount": 12751200,
  "signature": "KBPvKB",
  "sizes": {
    "0": 3550,
    "1": 15171,
    "10": 32075,
    "11": 232427,
    "12": 65813,
    "13": 229255,
    "14": 80650,
    "15": 173516,
    "16": 65941,
    "17": 117247,
    "18": 44776,
    "19": 69362,
    "2": 2060,
    "20": 30910,
    "21": 35381,
    "22": 17868,
    "23": 19278,
    "24": 11674,
    "25": 12194,
    "26": 10320,
    "27": 10192,
    "28": 8538,
    "29": 8070,
    "3": 15016,
    "30": 7004,
    "31": 6427,
    "32": 5756,
    "33": 5342,
    "34": 4570,
    "35": 3992,
    "36": 3796,
    "37": 3620,
    "38": 3232,
    "39": 3102,
    "4": 2242,
    "40": 2570,
    "41": 2594,
    "42": 2054,
    "43": 1952,
    "44": 1184,
    "45": 1332,
    "46": 908,
    "47": 1308,
    "48": 1114,
    "49": 1272,
    "5": 33760,
    "50": 1114,
    "51": 1014,
    "52": 710,
    "53": 540,
    "54": 292,
    "55": 350,
    "56": 196,
    "57": 84,
    "58": 4,
    "6": 3134,
    "7": 73260,
    "8": 9226,
    "9": 169922
  },
  "stage": "done"
}