{
  "createdAt": 1782559034.18214,
  "finishedAt": 1782559269.0322268,
  "heads": {
    "0": 24696,
    "1": 73884,
    "10": 40048,
    "11": 421304,
    "12": 65200,
    "13": 305996,
    "14": 63924,
    "15": 168492,
    "16": 49344,
    "17": 119568,
    "18": 43920,
    "19": 112580,
    "2": 10824,
    "20": 41556,
    "21": 98428,
    "22": 40564,
    "23": 80408,
    "24": 43112,
    "25": 76488,
    "26": 49064,
    "27": 73520,
    "28": 52180,
    "29": 70180,
    "3": 71808,
    "30": 55096,
    "31": 69004,
    "32": 59088,
    "33": 66612,
    "34": 63256,
    "35": 63700,
    "36": 63492,
    "37": 54880,
    "38": 61812,
    "39": 46460,
    "4": 5256,
    "40": 55936,
    "41": 42680,
    "42": 50768,
    "43": 35536,
    "44": 50908,
    "45": 30328,
    "46": 45984,
    "47": 26024,
    "48": 37856,
    "49": 19748,
    "5": 127220,
    "50": 31908,
    "51": 15420,
    "52": 23440,
    "53": 11044,
    "54": 17128,
    "55": 8752,
    "56": 14040,
    "57": 6312,
    "58": 10700,
    "59": 4880,
    "6": 9000,
    "60": 8808,
    "61": 3568,
    "62": 5312,
    "63": 2264,
    "64": 3952,
    "65": 1792,
    "66": 3296,
    "67": 1408,
    "68": 2704,
    "69": 1252,
    "7": 188512,
    "70": 2280,
    "71": 1216,
    "72": 1760,
    "73": 628,
    "74": 1096,
    "75": 408,
    "76": 1000,
    "77": 480,
    "78": 1280,
    "79": 544,
    "8": 15816,
    "80": 1080,
    "81": 368,
    "82": 632,
    "83": 304,
    "84": 760,
    "85": 368,
    "86": 832,
    "87": 408,
    "88": 792,
    "89": 256,
    "9": 344628,
    "90": 320,
    "91": 72,
    "92": 72
  },
  "initNext": 12751200,
  "lastTxn": 275,
  "processed": 4081624,
  "rawCount": 12751200,
  "signature": "KRNvKR",
  "sizes": {
    "0": 24696,
    "1": 73884,
    "10": 40048,
    "11": 421304,
    "12": 65200,
    "13": 305996,
    "14": 63924,
    "15": 168492,
    "16": 49344,
    "17": 119568,
    "18": 43920,
    "19": 112580,
    "2": 10824,
    "20": 41556,
    "21": 98428,
    "22": 40564,
    "23": 80408,
    "24": 43112,
    "25": 76488,
    "26": 49064,
    "27": 73520,
    "28": 52180,
    "29": 70180,
    "3": 71808,
    "30": 55096,
    "31": 69004,
    "32": 59088,
    "33": 66612,
    "34": 63256,
    "35": 63700,
    "36": 63492,
    "37": 54880,
    "38": 61812,
    "39": 46460,
    "4": 5256,
    "40": 55936,
    "41": 42680,
    "42": 50768,
    "43": 35536,
    "44": 50908,
    "45": 30328,
    "46": 45984,
    "47": 26024,
    "48": 37856,
    "49": 19748,
    "5": 127220,
    "50": 31908,
    "51": 15420,
    "52": 23440,
    "53": 11044,
    "54": 17128,
    "55": 8752,
    "56": 14040,
    "57": 6312,
    "58": 10700,
    "59": 4880,
    "6": 9000,
    "60": 8808,
    "61": 3568,
    "62": 5312,
    "63": 2264,
    "64": 3952,
    "65": 1792,
    "66": 3296,
    "67": 1408,
    "68": 2704,
    "69": 1252,
    "7": 188512,
    "70": 2280,
    "71": 1216,
    "72": 1760,
    "73": 628,
    "74": 1096,
    "75": 408,
    "76": 1000,
    "77": 480,
    "78": 1280,
    "79": 544,
    "8": 15816,
    "80": 1080,
    "81": 368,
    "82": 632,
    "83": 304,
    "84": 760,
    "85": 368,
    "86": 832,
    "87": 408,
    "88": 792,
    "89": 256,
    "9": 344628,
    "90": 320,
    "91": 72,
    "92": 72
  },
  "stage": "done"
}