{
  "createdAt": 1782555173.1889715,
  "finishedAt": 1782555590.8272996,
  "heads": {
    "0": 220468,
    "1": 202240,
    "10": 330324,
    "11": 74464,
    "12": 291744,
    "13": 59148,
    "14": 249716,
    "15": 42928,
    "16": 226584,
    "17": 20208,
    "18": 137432,
    "19": 8684,
    "2": 152224,
    "20": 85116,
    "21": 2360,
    "22": 38640,
    "23": 560,
    "24": 34540,
    "25": 568,
    "26": 35168,
    "27": 400,
    "28": 22416,
    "29": 208,
    "3": 384360,
    "30": 10852,
    "31": 64,
    "32": 2896,
    "33": 16,
    "34": 504,
    "36": 40,
    "4": 188280,
    "5": 508536,
    "6": 326096,
    "7": 237528,
    "8": 314208,
    "9": 117920
  },
  "initNext": 12751200,
  "lastTxn": 237,
  "processed": 4327440,
  "rawCount": 12751200,
  "signature": "KQRvKR",
  "sizes": {
    "0": 220468,
    "1": 202240,
    "10": 330324,
    "11": 74464,
    "12": 291744,
    "13": 59148,
    "14": 249716,
    "15": 42928,
    "16": 226584,
    "17": 20208,
    "18": 137432,
    "19": 8684,
    "2": 152224,
    "20": 85116,
    "21": 2360,
    "22": 38640,
    "23": 560,
    "24": 34540,
    "25": 568,
    "26": 35168,
    "27": 400,
    "28": 22416,
    "29": 208,
    "3": 384360,
    "30": 10852,
    "31": 64,
    "32": 2896,
    "33": 16,
    "34": 504,
    "36": 40,
    "4": 188280,
    "5": 508536,
    "6": 326096,
    "7": 237528,
    "8": 314208,
    "9": 117920
  },
  "stage": "done"
}