{
  "createdAt": 1782563089.972179,
  "finishedAt": 1782563299.130353,
  "heads": {
    "0": 26302,
    "1": 48644,
    "10": 220264,
    "11": 398172,
    "12": 370500,
    "13": 307871,
    "14": 397758,
    "15": 161472,
    "16": 278646,
    "17": 71018,
    "18": 149313,
    "19": 38280,
    "2": 14882,
    "20": 73323,
    "21": 26342,
    "22": 28828,
    "23": 18730,
    "24": 11284,
    "25": 11908,
    "26": 4882,
    "27": 9956,
    "28": 1972,
    "29": 8572,
    "3": 85152,
    "30": 678,
    "31": 7106,
    "32": 232,
    "33": 5500,
    "34": 84,
    "35": 2966,
    "36": 26,
    "37": 1430,
    "38": 12,
    "39": 452,
    "4": 32132,
    "41": 172,
    "43": 96,
    "45": 24,
    "47": 2,
    "5": 140098,
    "6": 64050,
    "7": 205928,
    "8": 110120,
    "9": 329857
  },
  "initNext": 12751200,
  "lastTxn": 231,
  "processed": 3665036,
  "rawCount": 12751200,
  "signature": "KRNvKP",
  "sizes": {
    "0": 26302,
    "1": 48644,
    "10": 220264,
    "11": 398172,
    "12": 370500,
    "13": 307871,
    "14": 397758,
    "15": 161472,
    "16": 278646,
    "17": 71018,
    "18": 149313,
    "19": 38280,
    "2": 14882,
    "20": 73323,
    "21": 26342,
    "22": 28828,
    "23": 18730,
    "24": 11284,
    "25": 11908,
    "26": 4882,
    "27": 9956,
    "28": 1972,
    "29": 8572,
    "3": 85152,
    "30": 678,
    "31": 7106,
    "32": 232,
    "33": 5500,
    "34": 84,
    "35": 2966,
    "36": 26,
    "37": 1430,
    "38": 12,
    "39": 452,
    "4": 32132,
    "41": 172,
    "43": 96,
    "45": 24,
    "47": 2,
    "5": 140098,
    "6": 64050,
    "7": 205928,
    "8": 110120,
    "9": 329857
  },
  "stage": "done"
}