{
  "createdAt": 1782554899.2140827,
  "finishedAt": 1782555173.1462924,
  "heads": {
    "0": 124288,
    "1": 175508,
    "10": 146700,
    "11": 119152,
    "12": 137868,
    "13": 121652,
    "14": 145540,
    "15": 99248,
    "16": 165064,
    "17": 75048,
    "18": 127112,
    "19": 65068,
    "2": 73848,
    "20": 81028,
    "21": 63476,
    "22": 32112,
    "23": 62264,
    "24": 15352,
    "25": 70176,
    "26": 7104,
    "27": 78912,
    "28": 3488,
    "29": 51136,
    "3": 360564,
    "30": 1584,
    "31": 25536,
    "32": 560,
    "33": 6016,
    "34": 192,
    "35": 1152,
    "36": 16,
    "37": 8,
    "4": 69896,
    "5": 476664,
    "6": 115668,
    "7": 211140,
    "8": 122796,
    "9": 117024
  },
  "initNext": 12751200,
  "lastTxn": 223,
  "processed": 3549960,
  "rawCount": 12751200,
  "signature": "KQRvKQ",
  "sizes": {
    "0": 124288,
    "1": 175508,
    "10": 146700,
    "11": 119152,
    "12": 137868,
    "13": 121652,
    "14": 145540,
    "15": 99248,
    "16": 165064,
    "17": 75048,
    "18": 127112,
    "19": 65068,
    "2": 73848,
    "20": 81028,
    "21": 63476,
    "22": 32112,
    "23": 62264,
    "24": 15352,
    "25": 70176,
    "26": 7104,
    "27": 78912,
    "28": 3488,
    "29": 51136,
    "3": 360564,
    "30": 1584,
    "31": 25536,
    "32": 560,
    "33": 6016,
    "34": 192,
    "35": 1152,
    "36": 16,
    "37": 8,
    "4": 69896,
    "5": 476664,
    "6": 115668,
    "7": 211140,
    "8": 122796,
    "9": 117024
  },
  "stage": "done"
}