{
  "createdAt": 1782551975.9439135,
  "finishedAt": 1782552442.7128072,
  "heads": {
    "0": 90568,
    "1": 189212,
    "10": 367428,
    "11": 185540,
    "12": 362508,
    "13": 114616,
    "14": 283488,
    "15": 47920,
    "16": 100784,
    "17": 31804,
    "18": 29192,
    "19": 37280,
    "2": 72052,
    "20": 34672,
    "21": 41760,
    "22": 30648,
    "23": 49508,
    "24": 33220,
    "25": 51504,
    "26": 31688,
    "27": 36448,
    "28": 20768,
    "29": 31096,
    "3": 230744,
    "30": 10404,
    "31": 22832,
    "32": 2624,
    "33": 21288,
    "34": 536,
    "35": 25272,
    "36": 72,
    "37": 43080,
    "39": 54520,
    "4": 70708,
    "41": 67972,
    "43": 67272,
    "44": 32,
    "45": 51544,
    "47": 39632,
    "49": 28456,
    "5": 396472,
    "51": 22152,
    "53": 22432,
    "55": 20064,
    "57": 15368,
    "59": 10960,
    "6": 140520,
    "61": 4152,
    "63": 696,
    "7": 501352,
    "8": 284484,
    "9": 327900
  },
  "initNext": 12751200,
  "lastTxn": 251,
  "processed": 4757244,
  "rawCount": 12751200,
  "signature": "KQBvKR",
  "sizes": {
    "0": 90568,
    "1": 189212,
    "10": 367428,
    "11": 185540,
    "12": 362508,
    "13": 114616,
    "14": 283488,
    "15": 47920,
    "16": 100784,
    "17": 31804,
    "18": 29192,
    "19": 37280,
    "2": 72052,
    "20": 34672,
    "21": 41760,
    "22": 30648,
    "23": 49508,
    "24": 33220,
    "25": 51504,
    "26": 31688,
    "27": 36448,
    "28": 20768,
    "29": 31096,
    "3": 230744,
    "30": 10404,
    "31": 22832,
    "32": 2624,
    "33": 21288,
    "34": 536,
    "35": 25272,
    "36": 72,
    "37": 43080,
    "39": 54520,
    "4": 70708,
    "41": 67972,
    "43": 67272,
    "44": 32,
    "45": 51544,
    "47": 39632,
    "49": 28456,
    "5": 396472,
    "51": 22152,
    "53": 22432,
    "55": 20064,
    "57": 15368,
    "59": 10960,
    "6": 140520,
    "61": 4152,
    "63": 696,
    "7": 501352,
    "8": 284484,
    "9": 327900
  },
  "stage": "done"
}